"wildtype","site","mutation","name","scaledscore"
"E",216,"A","E216A",-0.0274052164520198
"E",216,"C","E216C",0.808344946217246
"E",216,"D","E216D",0.171313141132219
"E",216,"F","E216F",1.28378795819471
"E",216,"G","E216G",0.0464035555844695
"E",216,"H","E216H",-1.80910777318023
"E",216,"I","E216I",1.39634208939736
"E",216,"K","E216K",0.120383618304302
"E",216,"L","E216L",-0.0657967673836154
"E",216,"M","E216M",1.07328203997671
"E",216,"N","E216N",0.165146460292292
"E",216,"P","E216P",0.360100198156442
"E",216,"Q","E216Q",0.203264003526748
"E",216,"R","E216R",1.03317127062271
"E",216,"S","E216S",1.11050680823944
"E",216,"T","E216T",1.75918194125408
"E",216,"V","E216V",-0.70028250523347
"E",216,"W","E216W",0.481698937433501
"E",216,"Y","E216Y",-0.216885264553992
"P",217,"A","P217A",-0.188273385404281
"P",217,"C","P217C",-0.121608220871457
"P",217,"D","P217D",0.910422891043543
"P",217,"E","P217E",0.183165133294289
"P",217,"F","P217F",-0.0989065156100786
"P",217,"G","P217G",0.661408055930339
"P",217,"H","P217H",-0.682911837477554
"P",217,"I","P217I",-0.0683137678330317
"P",217,"K","P217K",-1.3044636581286
"P",217,"L","P217L",0.70014166512907
"P",217,"M","P217M",0.40174826977331
"P",217,"N","P217N",-0.296453073143084
"P",217,"Q","P217Q",1.17787375019666
"P",217,"R","P217R",-0.552721637923481
"P",217,"S","P217S",-0.00889576274580029
"P",217,"T","P217T",-0.184842778349421
"P",217,"V","P217V",0.0591733005920797
"P",217,"W","P217W",-0.471470330876346
"P",217,"Y","P217Y",1.10470728641781
"K",218,"A","K218A",-0.695346381981694
"K",218,"C","K218C",0.339205791297357
"K",218,"D","K218D",-0.354072193477632
"K",218,"E","K218E",0.0963674915423242
"K",218,"F","K218F",0.56153452322412
"K",218,"G","K218G",0.226858793118053
"K",218,"H","K218H",2.23923501245199
"K",218,"I","K218I",0.225643816805491
"K",218,"L","K218L",-0.155563557314666
"K",218,"M","K218M",0.38759955739002
"K",218,"N","K218N",-0.238026405581638
"K",218,"P","K218P",-0.568680825452706
"K",218,"Q","K218Q",0.437295577212298
"K",218,"R","K218R",0.584739588543307
"K",218,"S","K218S",1.45076045192219
"K",218,"T","K218T",-0.49601382811541
"K",218,"V","K218V",0.10648758179289
"K",218,"W","K218W",-0.780406178823979
"K",218,"Y","K218Y",-0.60866346304669
"S",219,"A","S219A",0.0937487582459977
"S",219,"C","S219C",0.99529593079102
"S",219,"D","S219D",0.345568518568337
"S",219,"E","S219E",0.406606592772457
"S",219,"F","S219F",-0.156507961984393
"S",219,"G","S219G",0.0931080845555363
"S",219,"H","S219H",-0.786946870290219
"S",219,"I","S219I",0.858204915667696
"S",219,"K","S219K",0.998965425195034
"S",219,"L","S219L",-0.185277850724886
"S",219,"M","S219M",0.0825417250320703
"S",219,"N","S219N",0.0864637833618757
"S",219,"P","S219P",0.278152449980312
"S",219,"Q","S219Q",0.980686764853736
"S",219,"R","S219R",-0.149781897629429
"S",219,"T","S219T",0.298994422394569
"S",219,"V","S219V",-0.516737168662551
"S",219,"W","S219W",0.421435544910272
"S",219,"Y","S219Y",-0.988661584335824
"C",220,"A","C220A",0.915335435330529
"C",220,"D","C220D",0.0555588522350138
"C",220,"E","C220E",0.0420814700671881
"C",220,"F","C220F",-1.06099710405709
"C",220,"G","C220G",-0.200830682836224
"C",220,"H","C220H",0.341196201416915
"C",220,"I","C220I",-0.514717295785855
"C",220,"K","C220K",-0.284803993280316
"C",220,"L","C220L",0.773376061431837
"C",220,"M","C220M",1.15936467740732
"C",220,"N","C220N",0.487722525862432
"C",220,"P","C220P",0.297498014935223
"C",220,"Q","C220Q",0.0122099093067029
"C",220,"R","C220R",-0.134249813492841
"C",220,"S","C220S",0.642544439571153
"C",220,"T","C220T",-1.02935397264716
"C",220,"V","C220V",-0.0786769004924772
"C",220,"W","C220W",0.155818027558396
"C",220,"Y","C220Y",0.680914856135299
"D",221,"A","D221A",-0.0555017580588002
"D",221,"C","D221C",0.0720899259489446
"D",221,"E","D221E",1.42874647290166
"D",221,"F","D221F",0.303959036033427
"D",221,"G","D221G",-0.130515577784713
"D",221,"H","D221H",0.426836304227828
"D",221,"I","D221I",-0.311721944581631
"D",221,"K","D221K",-0.233029023199172
"D",221,"L","D221L",0.331887641536894
"D",221,"M","D221M",0.476849689947936
"D",221,"N","D221N",-1.11118251445829
"D",221,"P","D221P",2.9020218593894
"D",221,"Q","D221Q",1.85809756254521
"D",221,"R","D221R",0.457481666588358
"D",221,"S","D221S",0.542824010861965
"D",221,"T","D221T",-0.838234927325764
"D",221,"V","D221V",-0.641331938615715
"D",221,"W","D221W",-0.0125166988290022
"D",221,"Y","D221Y",0.552950339824898
"K",222,"A","K222A",-0.385169354442699
"K",222,"C","K222C",-0.243994105766103
"K",222,"D","K222D",0.557256765508984
"K",222,"E","K222E",0.298738429923754
"K",222,"F","K222F",-0.0464299721062329
"K",222,"G","K222G",0.412345153909974
"K",222,"H","K222H",0.556489396484577
"K",222,"I","K222I",-0.560380799823497
"K",222,"L","K222L",0.290065484146646
"K",222,"M","K222M",-0.448523577221416
"K",222,"N","K222N",-0.0494446921119605
"K",222,"P","K222P",0.12072872199116
"K",222,"Q","K222Q",1.46638343868746
"K",222,"R","K222R",0.539692829514859
"K",222,"S","K222S",-0.579059561991166
"K",222,"T","K222T",0.305210392387392
"K",222,"V","K222V",-4.14619021004506
"K",222,"W","K222W",-0.0744443218912137
"K",222,"Y","K222Y",0.148416253712088
"T",223,"A","T223A",-0.0904649624861074
"T",223,"C","T223C",-1.00225685673273
"T",223,"D","T223D",1.10397624927034
"T",223,"E","T223E",0.221604243650799
"T",223,"F","T223F",0.465682080696437
"T",223,"G","T223G",-0.119102841089587
"T",223,"H","T223H",0.185016430328148
"T",223,"I","T223I",-0.20226346385056
"T",223,"K","T223K",0.158330510175198
"T",223,"L","T223L",0.0707400300786173
"T",223,"M","T223M",0.567579138657719
"T",223,"N","T223N",0.0869681750936585
"T",223,"P","T223P",-0.0280906247687024
"T",223,"Q","T223Q",0.932317120012392
"T",223,"R","T223R",-0.533765882827524
"T",223,"S","T223S",1.17478887192519
"T",223,"V","T223V",0.63097666975078
"T",223,"W","T223W",-0.831528835705183
"T",223,"Y","T223Y",-0.0719285050493641
"H",224,"A","H224A",1.05423542551276
"H",224,"C","H224C",0.566420328699951
"H",224,"D","H224D",0.190077326378661
"H",224,"E","H224E",1.40400261872953
"H",224,"F","H224F",0.331781385130886
"H",224,"G","H224G",-0.157155090039641
"H",224,"I","H224I",0.229329310652579
"H",224,"K","H224K",0.627297212964829
"H",224,"L","H224L",0.0922155997914154
"H",224,"M","H224M",0.508287963460019
"H",224,"N","H224N",0.377180040350597
"H",224,"P","H224P",0.976182429891031
"H",224,"Q","H224Q",0.563504479823991
"H",224,"R","H224R",-0.524726661559413
"H",224,"S","H224S",0.331416289615018
"H",224,"T","H224T",0.639812458197058
"H",224,"V","H224V",0.830057452761626
"H",224,"W","H224W",0.460826410824163
"H",224,"Y","H224Y",0.532957821887293
"T",225,"A","T225A",-0.525447000250729
"T",225,"C","T225C",0.7519133716269
"T",225,"D","T225D",-0.0703404549815788
"T",225,"E","T225E",2.01407706960369
"T",225,"F","T225F",0.882834317433824
"T",225,"G","T225G",-0.184439523895509
"T",225,"H","T225H",-0.321444587166604
"T",225,"I","T225I",0.0251097876711231
"T",225,"K","T225K",0.552869044951076
"T",225,"L","T225L",0.80201018063519
"T",225,"M","T225M",1.7550620226133
"T",225,"N","T225N",1.07177618974825
"T",225,"P","T225P",-0.751484510918176
"T",225,"Q","T225Q",-0.375481898678028
"T",225,"S","T225S",-0.022950934982409
"T",225,"V","T225V",-1.48290184607456
"T",225,"W","T225W",0.302278131415963
"T",225,"Y","T225Y",0.629068377819273
"C",226,"A","C226A",0.0500159500387259
"C",226,"D","C226D",-0.466962173310551
"C",226,"E","C226E",-0.279303275192729
"C",226,"F","C226F",-0.301960909260126
"C",226,"G","C226G",-0.705965784614597
"C",226,"H","C226H",-0.278920589317492
"C",226,"I","C226I",3.876466264112
"C",226,"K","C226K",-0.295061666962314
"C",226,"L","C226L",-0.487103783407609
"C",226,"M","C226M",0.519636371582425
"C",226,"N","C226N",-0.321695206986769
"C",226,"P","C226P",0.0795102116788458
"C",226,"Q","C226Q",1.7817589469344
"C",226,"R","C226R",0.578489933548354
"C",226,"S","C226S",0.649830060417681
"C",226,"T","C226T",0.0274678185262297
"C",226,"V","C226V",1.44449692329591
"C",226,"W","C226W",0.352508183111983
"C",226,"Y","C226Y",-2.27279157069803
"P",227,"A","P227A",-0.202880397362734
"P",227,"C","P227C",-0.373689182500875
"P",227,"D","P227D",-0.0519545888700963
"P",227,"E","P227E",0.939801705536154
"P",227,"F","P227F",-0.102921881897305
"P",227,"G","P227G",-0.997557156741687
"P",227,"H","P227H",0.465478957094565
"P",227,"I","P227I",0.993416876247513
"P",227,"K","P227K",0.380167906387341
"P",227,"L","P227L",0.0997355976644593
"P",227,"M","P227M",-0.462373166987743
"P",227,"N","P227N",-0.0332986107098955
"P",227,"Q","P227Q",0.130851971581563
"P",227,"R","P227R",-0.0415892411018139
"P",227,"S","P227S",0.0934908834709202
"P",227,"T","P227T",2.34962130041325
"P",227,"V","P227V",-0.274001570676374
"P",227,"W","P227W",-0.322611126871066
"P",227,"Y","P227Y",0.053646210595811
"P",228,"A","P228A",1.83374501375126
"P",228,"C","P228C",0.0649695522810843
"P",228,"D","P228D",1.58737289263842
"P",228,"E","P228E",-0.18939649414693
"P",228,"F","P228F",-0.544845510378334
"P",228,"G","P228G",0.104612441230294
"P",228,"H","P228H",0.0750231472813821
"P",228,"I","P228I",0.545178406184139
"P",228,"K","P228K",-0.588140837461098
"P",228,"L","P228L",-0.4142015342703
"P",228,"M","P228M",-1.50319903066241
"P",228,"N","P228N",-0.366330537804241
"P",228,"Q","P228Q",-0.162740222332813
"P",228,"R","P228R",0.410579527831064
"P",228,"S","P228S",-0.0315864645901704
"P",228,"T","P228T",-1.80680776334965
"P",228,"V","P228V",-0.838211214997797
"P",228,"W","P228W",-0.499562360535468
"P",228,"Y","P228Y",-0.0652357119958045
"C",229,"A","C229A",-0.135961885700152
"C",229,"D","C229D",-0.558280448528433
"C",229,"E","C229E",-0.62668620021773
"C",229,"F","C229F",-0.0575019539762059
"C",229,"G","C229G",-0.440795636372025
"C",229,"H","C229H",-0.434078658577335
"C",229,"I","C229I",-0.280472253166914
"C",229,"K","C229K",-1.09115246844036
"C",229,"L","C229L",-0.345636215128789
"C",229,"M","C229M",0.163211108156498
"C",229,"N","C229N",-3.28906170722221
"C",229,"P","C229P",0.0370043184472132
"C",229,"Q","C229Q",-0.280442775219038
"C",229,"R","C229R",-0.424022188156495
"C",229,"S","C229S",-1.08487533092193
"C",229,"T","C229T",-1.86759963865673
"C",229,"V","C229V",0.123955484389476
"C",229,"W","C229W",-0.910054410522643
"C",229,"Y","C229Y",-0.229730481408672
"P",230,"A","P230A",-0.494743573576421
"P",230,"C","P230C",-0.448449277613078
"P",230,"D","P230D",-0.558770703672641
"P",230,"E","P230E",-0.458514449365678
"P",230,"F","P230F",-0.314661571833788
"P",230,"G","P230G",0.0204408421355378
"P",230,"H","P230H",-0.126029408021212
"P",230,"I","P230I",-0.346913923728899
"P",230,"K","P230K",1.15684322002442
"P",230,"L","P230L",0.554514246182735
"P",230,"M","P230M",-0.801055587200803
"P",230,"N","P230N",-0.360503784091113
"P",230,"Q","P230Q",0.147905676441879
"P",230,"R","P230R",0.905529834722783
"P",230,"S","P230S",0.477018403373116
"P",230,"T","P230T",1.31947145186973
"P",230,"V","P230V",-0.241206789413641
"P",230,"W","P230W",1.08101084940571
"P",230,"Y","P230Y",-0.441248635452666
"A",231,"C","A231C",0.122909692920546
"A",231,"D","A231D",-1.54596841549247
"A",231,"E","A231E",-1.83889904463008
"A",231,"F","A231F",1.16350363868235
"A",231,"G","A231G",0.463007316870567
"A",231,"H","A231H",0.472303959479125
"A",231,"I","A231I",-1.43240179850219
"A",231,"K","A231K",0.0789837314934289
"A",231,"L","A231L",0.771718846199097
"A",231,"M","A231M",0.423020605828593
"A",231,"N","A231N",-0.197560631644599
"A",231,"P","A231P",0.211442193906441
"A",231,"Q","A231Q",1.38892388546222
"A",231,"R","A231R",-0.583391657547352
"A",231,"S","A231S",0.335904699765811
"A",231,"T","A231T",0.133192018683826
"A",231,"V","A231V",1.28514497930982
"A",231,"W","A231W",0.894040526323964
"A",231,"Y","A231Y",4.25699487010207
"P",232,"A","P232A",0.677214198519851
"P",232,"C","P232C",-1.03601829768425
"P",232,"D","P232D",-1.69436022332855
"P",232,"E","P232E",0.126922245484968
"P",232,"F","P232F",-0.0696114434332496
"P",232,"G","P232G",0.178351236176803
"P",232,"H","P232H",-0.125312059257243
"P",232,"I","P232I",-1.47885390516527
"P",232,"K","P232K",-2.03239202302579
"P",232,"L","P232L",-0.882133821324575
"P",232,"M","P232M",-0.240503281065967
"P",232,"N","P232N",-2.63166954322545
"P",232,"Q","P232Q",-0.236757886628026
"P",232,"R","P232R",-1.98862144514684
"P",232,"S","P232S",-0.0366543015200023
"P",232,"T","P232T",-0.561411030113251
"P",232,"V","P232V",0.239636091058681
"P",232,"W","P232W",-1.6842409559624
"P",232,"Y","P232Y",-1.07667228154234
"E",233,"A","E233A",-1.93930902677722
"E",233,"C","E233C",-0.158035595310268
"E",233,"D","E233D",-0.26055261378619
"E",233,"F","E233F",-0.755813510185504
"E",233,"G","E233G",-1.63922382047745
"E",233,"H","E233H",-0.774346079968029
"E",233,"I","E233I",0.305811699756197
"E",233,"K","E233K",-2.02079530946355
"E",233,"L","E233L",-0.194682167117962
"E",233,"M","E233M",-1.62619363567386
"E",233,"N","E233N",-2.07399986248768
"E",233,"P","E233P",-0.506111685045352
"E",233,"Q","E233Q",-2.58632359250529
"E",233,"R","E233R",-1.26904582548352
"E",233,"S","E233S",0.62671294561091
"E",233,"T","E233T",-0.678884541724493
"E",233,"V","E233V",-0.922214703889626
"E",233,"W","E233W",2.61176945132673
"E",233,"Y","E233Y",0.276317921934896
"L",234,"A","L234A",2.53488533961905
"L",234,"C","L234C",-0.420885051710199
"L",234,"D","L234D",3.50341122539014
"L",234,"E","L234E",0.274289101058338
"L",234,"F","L234F",2.01516032393935
"L",234,"G","L234G",-1.53992335057712
"L",234,"H","L234H",-0.777302676894645
"L",234,"I","L234I",0.977123257570564
"L",234,"K","L234K",-2.50518059950492
"L",234,"M","L234M",-0.591240608316519
"L",234,"N","L234N",3.6527867124868
"L",234,"P","L234P",1.41328510113968
"L",234,"Q","L234Q",1.91397003208422
"L",234,"R","L234R",-0.947015068746724
"L",234,"S","L234S",0.570301467227679
"L",234,"T","L234T",0.0918438355886834
"L",234,"W","L234W",3.91128475860521
"L",234,"Y","L234Y",1.21248677435591
"L",235,"A","L235A",2.75082132203338
"L",235,"C","L235C",-1.1226500228933
"L",235,"D","L235D",0.914296075523447
"L",235,"E","L235E",2.23114490251435
"L",235,"F","L235F",1.34241832117901
"L",235,"G","L235G",-1.75616584344362
"L",235,"H","L235H",2.87136083556285
"L",235,"I","L235I",0.893406706452265
"L",235,"K","L235K",-0.238035794438527
"L",235,"M","L235M",0.103849114979038
"L",235,"N","L235N",3.02183667377261
"L",235,"P","L235P",1.14934618460241
"L",235,"Q","L235Q",2.70564427955348
"L",235,"R","L235R",-0.665921407286194
"L",235,"S","L235S",1.00847710222205
"L",235,"T","L235T",3.66409485553171
"L",235,"V","L235V",3.8614298596373
"L",235,"W","L235W",1.25385822242905
"L",235,"Y","L235Y",0.876546658367408
"G",236,"A","G236A",-2.70123201135465
"G",236,"C","G236C",-0.566070471279605
"G",236,"D","G236D",3.01117671689014
"G",236,"E","G236E",-2.44937959974786
"G",236,"F","G236F",-0.531617616733042
"G",236,"H","G236H",0.547465126745429
"G",236,"I","G236I",-1.58216137668618
"G",236,"K","G236K",1.41925794422106
"G",236,"L","G236L",-0.742802996889216
"G",236,"M","G236M",1.60177710088272
"G",236,"N","G236N",-0.66868959988328
"G",236,"P","G236P",-1.3288642298428
"G",236,"Q","G236Q",-1.36469782195525
"G",236,"R","G236R",0.817592530013222
"G",236,"S","G236S",-1.28962083023643
"G",236,"T","G236T",-1.26075082996901
"G",236,"V","G236V",0.255016029381296
"G",236,"W","G236W",0.370115668875023
"G",236,"Y","G236Y",0.540029650028439
"G",237,"A","G237A",0.698487916572063
"G",237,"C","G237C",-0.558256922523682
"G",237,"D","G237D",0.815927899819731
"G",237,"E","G237E",1.18040223247674
"G",237,"F","G237F",-1.54800780919975
"G",237,"H","G237H",-1.54054697546375
"G",237,"I","G237I",-1.13339704909873
"G",237,"K","G237K",-0.653973869307383
"G",237,"L","G237L",0.150554382593981
"G",237,"M","G237M",-0.220343229347224
"G",237,"N","G237N",-0.535767760641705
"G",237,"P","G237P",-0.707228167880194
"G",237,"Q","G237Q",-0.277449906595212
"G",237,"R","G237R",-2.10796375704692
"G",237,"S","G237S",-0.169153563734994
"G",237,"T","G237T",-1.12444614080998
"G",237,"V","G237V",-2.38983000315005
"G",237,"W","G237W",1.87208792220072
"G",237,"Y","G237Y",0.526889897400499
"P",238,"A","P238A",-0.0540106395387062
"P",238,"C","P238C",0.271487440969259
"P",238,"D","P238D",9.80374486039639
"P",238,"E","P238E",0.448435305084607
"P",238,"F","P238F",-0.223364865864728
"P",238,"G","P238G",1.72058400521347
"P",238,"H","P238H",-0.434355406733341
"P",238,"I","P238I",-0.676069852732786
"P",238,"K","P238K",0.934472445114594
"P",238,"L","P238L",-0.51688166602352
"P",238,"M","P238M",-0.571299759450244
"P",238,"N","P238N",-5.53988023539937
"P",238,"Q","P238Q",-1.53520395209274
"P",238,"R","P238R",-0.773081640118621
"P",238,"S","P238S",-0.699177255639117
"P",238,"T","P238T",-1.87896385091619
"P",238,"V","P238V",1.41111363915015
"P",238,"W","P238W",-1.42518764039344
"P",238,"Y","P238Y",-1.00803364872487
"S",239,"A","S239A",0.331596485089929
"S",239,"C","S239C",0.28829876628768
"S",239,"D","S239D",-0.434117769207981
"S",239,"E","S239E",0.288270013269453
"S",239,"F","S239F",-0.974186112914578
"S",239,"G","S239G",-0.592444330454554
"S",239,"H","S239H",-0.565388014573685
"S",239,"I","S239I",0.225845505510711
"S",239,"K","S239K",1.22538551797265
"S",239,"L","S239L",0.160914707864573
"S",239,"M","S239M",-0.357291152335148
"S",239,"N","S239N",1.41063677727071
"S",239,"P","S239P",1.36844158365115
"S",239,"Q","S239Q",-0.24943707662445
"S",239,"R","S239R",-1.03490448457327
"S",239,"T","S239T",-0.127316733160563
"S",239,"V","S239V",1.74379648133298
"S",239,"W","S239W",-1.32623517303546
"S",239,"Y","S239Y",-0.714152092488082
"V",240,"A","V240A",-0.135062062520026
"V",240,"C","V240C",-0.369797471538183
"V",240,"D","V240D",0.147829613024709
"V",240,"E","V240E",-0.354416331035767
"V",240,"F","V240F",2.57106052973979
"V",240,"G","V240G",-0.297138448067757
"V",240,"H","V240H",-1.0937087562039
"V",240,"I","V240I",2.34534880647566
"V",240,"K","V240K",0.920534577845053
"V",240,"L","V240L",0.348275666798216
"V",240,"M","V240M",0.758449840895515
"V",240,"N","V240N",-0.736919496632485
"V",240,"P","V240P",-0.826495966501999
"V",240,"Q","V240Q",-0.319127733236904
"V",240,"R","V240R",0.0395696286536641
"V",240,"S","V240S",0.446886391310408
"V",240,"T","V240T",0.176196959830343
"V",240,"W","V240W",0.260835387591651
"V",240,"Y","V240Y",-0.404667166881249
"F",241,"A","F241A",-2.03912013637998
"F",241,"C","F241C",-1.79219585782716
"F",241,"D","F241D",-1.78459041930173
"F",241,"E","F241E",-0.762308390604041
"F",241,"G","F241G",-1.54280488412422
"F",241,"H","F241H",-0.428627241628278
"F",241,"I","F241I",-0.173376599442462
"F",241,"K","F241K",-3.37612919675997
"F",241,"L","F241L",0.166209724233379
"F",241,"M","F241M",-0.119302436263098
"F",241,"N","F241N",0.24166048969262
"F",241,"P","F241P",0.655062488820081
"F",241,"Q","F241Q",-0.486438601953517
"F",241,"R","F241R",-0.585048702235168
"F",241,"S","F241S",-1.00655185651966
"F",241,"T","F241T",-1.50721021053797
"F",241,"V","F241V",-1.98555047335629
"F",241,"W","F241W",0.262626504611794
"F",241,"Y","F241Y",-0.660913824077868
"L",242,"F","L242F",1.3058469181121
"F",243,"A","F243A",0.632121568210033
"F",243,"C","F243C",-2.01457143606957
"F",243,"D","F243D",0.0645857694711835
"F",243,"E","F243E",-0.809975466423483
"F",243,"H","F243H",-0.584289415828886
"F",243,"I","F243I",-1.10604032846572
"F",243,"K","F243K",-2.30578914911074
"F",243,"L","F243L",0.207946870659714
"F",243,"M","F243M",0.340591116115641
"F",243,"N","F243N",-0.580551406475054
"F",243,"P","F243P",0.766850860814963
"F",243,"Q","F243Q",-0.987334549028588
"F",243,"R","F243R",-2.58799443817278
"F",243,"S","F243S",-0.323143473882808
"F",243,"T","F243T",-0.160098950581275
"F",243,"V","F243V",0.599760430538962
"F",243,"W","F243W",1.12762083694455
"F",243,"Y","F243Y",-0.369265437697761
"P",244,"A","P244A",0.506705398952074
"P",244,"C","P244C",-0.445787752077623
"P",244,"D","P244D",0.549769311522455
"P",244,"E","P244E",0.121355514848752
"P",244,"F","P244F",0.328193171240282
"P",244,"G","P244G",0.774578448410421
"P",244,"H","P244H",0.282166397368022
"P",244,"I","P244I",0.522057521173796
"P",244,"K","P244K",0.560967889181507
"P",244,"L","P244L",-0.303643632761705
"P",244,"M","P244M",-0.093495735068078
"P",244,"N","P244N",-0.301293210209879
"P",244,"Q","P244Q",0.469753195503166
"P",244,"R","P244R",-0.540068627372956
"P",244,"S","P244S",-0.201282550454148
"P",244,"T","P244T",0.569654134339721
"P",244,"V","P244V",-0.822382970823005
"P",244,"W","P244W",0.379495157072767
"P",244,"Y","P244Y",0.498361927698851
"P",245,"A","P245A",0.263112239912338
"P",245,"C","P245C",-0.225057428533327
"P",245,"D","P245D",-0.103953156365898
"P",245,"E","P245E",-1.85252583252006
"P",245,"F","P245F",1.80606341071455
"P",245,"G","P245G",0.500382650730933
"P",245,"H","P245H",-0.362422969379583
"P",245,"I","P245I",0.770140064516338
"P",245,"K","P245K",1.34837930587648
"P",245,"L","P245L",0.790915236973269
"P",245,"M","P245M",4.46944131769898
"P",245,"N","P245N",-0.920142845179694
"P",245,"Q","P245Q",1.20274518484027
"P",245,"R","P245R",-0.87804387552614
"P",245,"S","P245S",2.66675411317476
"P",245,"T","P245T",0.636292734319459
"P",245,"V","P245V",0.290145386748206
"P",245,"W","P245W",0.343851987351502
"P",245,"Y","P245Y",0.487808822614781
"K",246,"A","K246A",1.39073331619299
"K",246,"C","K246C",0.231478302005152
"K",246,"D","K246D",0.645689406035165
"K",246,"E","K246E",1.49094489261379
"K",246,"F","K246F",0.803701729640832
"K",246,"G","K246G",-0.0286160177173887
"K",246,"H","K246H",-0.413351862730572
"K",246,"I","K246I",-0.297502862060468
"K",246,"L","K246L",-0.57253843149575
"K",246,"M","K246M",0.553685562507511
"K",246,"N","K246N",1.24262080625263
"K",246,"P","K246P",-0.403133884527698
"K",246,"Q","K246Q",-0.0125971026313639
"K",246,"R","K246R",0.389911539802577
"K",246,"S","K246S",0.0520803190076975
"K",246,"T","K246T",1.28629365253525
"K",246,"V","K246V",0.540880038039471
"K",246,"W","K246W",0.53818213133095
"K",246,"Y","K246Y",0.61704723110992
"P",247,"A","P247A",1.02604856042141
"P",247,"C","P247C",-1.18906701629698
"P",247,"D","P247D",0.458182764583255
"P",247,"E","P247E",-0.0855979337209332
"P",247,"F","P247F",-0.175151833072805
"P",247,"G","P247G",-0.145327099374186
"P",247,"H","P247H",-0.13563963176406
"P",247,"I","P247I",2.11989653038445
"P",247,"K","P247K",-0.187254769982054
"P",247,"L","P247L",0.173645197756555
"P",247,"M","P247M",-1.97858066285021
"P",247,"N","P247N",0.142248707428286
"P",247,"Q","P247Q",-1.10654635203117
"P",247,"R","P247R",0.38428257151923
"P",247,"S","P247S",0.324678929467218
"P",247,"T","P247T",-2.26580030188706
"P",247,"V","P247V",-1.72660054539071
"P",247,"W","P247W",-0.924103439364815
"P",247,"Y","P247Y",-0.666149196899434
"K",248,"A","K248A",1.50274904317104
"K",248,"C","K248C",-0.954991821994218
"K",248,"D","K248D",0.386417067908942
"K",248,"E","K248E",-0.463701670832338
"K",248,"F","K248F",-0.0413958629983116
"K",248,"G","K248G",-0.734106404654397
"K",248,"H","K248H",1.93810613034123
"K",248,"I","K248I",0.261556662642486
"K",248,"L","K248L",-0.373317376548753
"K",248,"M","K248M",1.12544194808333
"K",248,"N","K248N",0.637587469040895
"K",248,"P","K248P",0.149315355507206
"K",248,"Q","K248Q",1.00736692938159
"K",248,"R","K248R",0.0797449863314109
"K",248,"S","K248S",0.405872171913561
"K",248,"T","K248T",-1.94670053376432
"K",248,"V","K248V",0.798790932147185
"K",248,"W","K248W",0.341263564961543
"K",248,"Y","K248Y",-0.377720577896156
"D",249,"A","D249A",1.24576062789392
"D",249,"C","D249C",0.990300687719615
"D",249,"E","D249E",-0.726431462394186
"D",249,"F","D249F",0.226728581767958
"D",249,"G","D249G",-0.256254645596397
"D",249,"H","D249H",-0.231417344559029
"D",249,"I","D249I",-0.302204871337022
"D",249,"K","D249K",-0.597532044139292
"D",249,"L","D249L",-0.0834091913769978
"D",249,"M","D249M",-2.22294559361592
"D",249,"N","D249N",-0.190580871725519
"D",249,"P","D249P",0.0601819906529033
"D",249,"Q","D249Q",-0.122928298018538
"D",249,"R","D249R",-0.233979748261076
"D",249,"S","D249S",-1.03907354767043
"D",249,"T","D249T",0.0242981492731879
"D",249,"V","D249V",-0.380609024522871
"D",249,"W","D249W",0.0543431342839146
"D",249,"Y","D249Y",-0.622736187529425
"T",250,"A","T250A",0.725593292213741
"T",250,"C","T250C",0.645332207557243
"T",250,"D","T250D",-0.0407782089490858
"T",250,"E","T250E",0.0310351247413769
"T",250,"F","T250F",0.357156556116823
"T",250,"G","T250G",0.808085793355455
"T",250,"H","T250H",-0.166744620756089
"T",250,"I","T250I",-0.155307532588961
"T",250,"K","T250K",-0.167411634046895
"T",250,"L","T250L",0.992933213604402
"T",250,"M","T250M",-0.840307165270193
"T",250,"N","T250N",-0.398103144205953
"T",250,"P","T250P",-1.03380340319235
"T",250,"Q","T250Q",0.692527791119642
"T",250,"R","T250R",0.10906053740579
"T",250,"S","T250S",1.52610782329285
"T",250,"V","T250V",-0.413797312409213
"T",250,"W","T250W",0.856532156253058
"T",250,"Y","T250Y",-0.185866202867872
"L",251,"A","L251A",-1.05317711718711
"L",251,"C","L251C",-0.357077820737325
"L",251,"D","L251D",1.0956012156342
"L",251,"E","L251E",-1.26695724027692
"L",251,"F","L251F",0.232284667943913
"L",251,"G","L251G",-1.43592955838481
"L",251,"H","L251H",-0.0884275576232065
"L",251,"I","L251I",0.297237262963988
"L",251,"K","L251K",-1.54256134981018
"L",251,"M","L251M",0.412287861045904
"L",251,"N","L251N",0.477418325668869
"L",251,"P","L251P",-0.633105149587816
"L",251,"Q","L251Q",-0.798048971051266
"L",251,"R","L251R",-4.08252329213337
"L",251,"S","L251S",1.27168650762373
"L",251,"T","L251T",-0.512475106792036
"L",251,"V","L251V",-0.0842878734324331
"L",251,"W","L251W",0.732219994625284
"L",251,"Y","L251Y",0.701202696430819
"M",252,"A","M252A",1.83898919883451
"M",252,"C","M252C",0.112832658110436
"M",252,"D","M252D",-0.320413752944502
"M",252,"E","M252E",-0.988764940415068
"M",252,"F","M252F",0.0276402373670564
"M",252,"G","M252G",0.288189539436968
"M",252,"H","M252H",0.535129138787629
"M",252,"I","M252I",-0.944539910571632
"M",252,"K","M252K",0.243038126011192
"M",252,"L","M252L",0.31132114246569
"M",252,"N","M252N",-0.0397688721122077
"M",252,"P","M252P",-0.652513440983294
"M",252,"Q","M252Q",0.0252390349897774
"M",252,"R","M252R",-0.469885780361086
"M",252,"S","M252S",0.635347253405737
"M",252,"T","M252T",-0.742197796097694
"M",252,"V","M252V",-0.775160458987966
"M",252,"W","M252W",-1.20148351029231
"M",252,"Y","M252Y",-0.347701325987001
"I",253,"A","I253A",-0.330934491087334
"I",253,"C","I253C",-0.70980961610724
"I",253,"D","I253D",0.236022303093274
"I",253,"E","I253E",1.10295296166202
"I",253,"F","I253F",-1.09662450182741
"I",253,"G","I253G",-0.308889396525321
"I",253,"H","I253H",-0.65410593762766
"I",253,"K","I253K",0.488239731332437
"I",253,"L","I253L",0.406041230645379
"I",253,"M","I253M",-0.32630603729941
"I",253,"N","I253N",-0.6964356906509
"I",253,"P","I253P",1.96658631342164
"I",253,"Q","I253Q",0.0840492761952503
"I",253,"R","I253R",-0.109618434266691
"I",253,"S","I253S",-0.532495463641855
"I",253,"T","I253T",0.476556125841311
"I",253,"V","I253V",-0.298493405749647
"I",253,"W","I253W",-0.256139914210805
"I",253,"Y","I253Y",-0.158238243716386
"S",254,"A","S254A",0.0367201098510571
"S",254,"C","S254C",1.16705589486824
"S",254,"D","S254D",-0.0568511061624036
"S",254,"E","S254E",2.00420186408377
"S",254,"F","S254F",0.664646613529126
"S",254,"G","S254G",-0.905715383720302
"S",254,"H","S254H",0.18260107843414
"S",254,"I","S254I",-0.331534278968084
"S",254,"K","S254K",0.605705775860877
"S",254,"L","S254L",0.254061147710191
"S",254,"M","S254M",-0.849617786988817
"S",254,"N","S254N",-0.141523023103525
"S",254,"P","S254P",-0.119858736759216
"S",254,"Q","S254Q",-0.289305039476923
"S",254,"R","S254R",-0.53800673864212
"S",254,"T","S254T",-0.049809291979596
"S",254,"V","S254V",2.06555489332554
"S",254,"W","S254W",-0.957293593231895
"S",254,"Y","S254Y",-0.40065037440897
"R",255,"A","R255A",-0.0703054959659871
"R",255,"C","R255C",0.2086997461131
"R",255,"D","R255D",-0.0989439674754771
"R",255,"E","R255E",0.596069075880055
"R",255,"F","R255F",-0.567447950220744
"R",255,"G","R255G",2.55592493428382
"R",255,"H","R255H",0.510241102613146
"R",255,"I","R255I",1.19186289403531
"R",255,"K","R255K",-0.657767404780352
"R",255,"L","R255L",0.435639597513144
"R",255,"M","R255M",0.563085526049733
"R",255,"N","R255N",0.752873693296643
"R",255,"P","R255P",0.245194360926118
"R",255,"Q","R255Q",0.722635999516066
"R",255,"S","R255S",0.609510648583714
"R",255,"T","R255T",0.00646475873485625
"R",255,"V","R255V",0.156247532612574
"R",255,"W","R255W",-0.18276693722074
"R",255,"Y","R255Y",0.25591038757185
"T",256,"A","T256A",-0.327402716397664
"T",256,"C","T256C",0.73265104230703
"T",256,"D","T256D",-0.0327873430272787
"T",256,"E","T256E",-0.479953673994919
"T",256,"F","T256F",0.997240952003356
"T",256,"G","T256G",-1.63379931637422
"T",256,"H","T256H",0.539982308236205
"T",256,"I","T256I",0.35731629637654
"T",256,"K","T256K",0.661174759653935
"T",256,"L","T256L",0.0428515115555908
"T",256,"M","T256M",1.38425924512861
"T",256,"N","T256N",0.273130551178765
"T",256,"P","T256P",0.331013083150848
"T",256,"Q","T256Q",2.54139108906151
"T",256,"R","T256R",2.65660383817758
"T",256,"S","T256S",0.312280489203551
"T",256,"V","T256V",1.75235079088429
"T",256,"W","T256W",0.571937562787278
"T",256,"Y","T256Y",-0.506896877275198
"P",257,"A","P257A",0.114491754855166
"P",257,"C","P257C",-0.0476012981423976
"P",257,"D","P257D",-3.01353283818099
"P",257,"E","P257E",-1.55046844532351
"P",257,"F","P257F",-2.68414935060059
"P",257,"G","P257G",-0.542070468005942
"P",257,"H","P257H",-0.432624725508949
"P",257,"I","P257I",0.0141139476198073
"P",257,"K","P257K",0.846567461929464
"P",257,"L","P257L",0.465506565173615
"P",257,"M","P257M",-0.585434466673181
"P",257,"N","P257N",0.136628638381698
"P",257,"Q","P257Q",0.193811552207583
"P",257,"R","P257R",-0.673688866282661
"P",257,"S","P257S",-0.573566543574393
"P",257,"T","P257T",-1.00556236569831
"P",257,"V","P257V",-1.58960215472613
"P",257,"W","P257W",-0.144007056072997
"P",257,"Y","P257Y",-1.05313927537223
"E",258,"A","E258A",-2.21079887121121
"E",258,"C","E258C",0.396973973643612
"E",258,"D","E258D",1.55016830372564
"E",258,"F","E258F",0.132596615986365
"E",258,"G","E258G",0.154410454106317
"E",258,"H","E258H",-0.342725954179301
"E",258,"I","E258I",-1.34918146202968
"E",258,"K","E258K",2.55230675900965
"E",258,"L","E258L",0.237215589370411
"E",258,"M","E258M",0.519318051752001
"E",258,"N","E258N",0.138414229465333
"E",258,"P","E258P",-0.977473704928746
"E",258,"Q","E258Q",-0.210314281647531
"E",258,"R","E258R",0.326275289569489
"E",258,"S","E258S",1.79769343005028
"E",258,"T","E258T",0.0545773736977323
"E",258,"V","E258V",-0.437583192190502
"E",258,"W","E258W",-0.197894988746527
"E",258,"Y","E258Y",-0.850958931390453
"V",259,"A","V259A",0.796298128817516
"V",259,"C","V259C",-0.118142548110681
"V",259,"D","V259D",-1.32923068213101
"V",259,"E","V259E",-0.634909301611114
"V",259,"F","V259F",-0.0806723064266446
"V",259,"G","V259G",0.60148888332893
"V",259,"H","V259H",0.686871228650161
"V",259,"I","V259I",-0.138472672790957
"V",259,"K","V259K",0.140551038886496
"V",259,"L","V259L",-0.470350166321583
"V",259,"M","V259M",-0.0183235914519906
"V",259,"N","V259N",1.01915917751817
"V",259,"P","V259P",-0.714502879534294
"V",259,"Q","V259Q",-0.396920510167809
"V",259,"R","V259R",2.90813678409442
"V",259,"S","V259S",0.707299090458142
"V",259,"T","V259T",0.731323830970237
"V",259,"W","V259W",2.36142075372229
"V",259,"Y","V259Y",-0.461288170996595
"T",260,"A","T260A",0.480564059906002
"T",260,"C","T260C",-0.869575465770048
"T",260,"D","T260D",-0.248415146888527
"T",260,"E","T260E",0.0527176050925919
"T",260,"F","T260F",0.085203849518324
"T",260,"G","T260G",0.227050810526305
"T",260,"H","T260H",-0.491864109675312
"T",260,"I","T260I",0.72267504268439
"T",260,"K","T260K",0.686617838795973
"T",260,"L","T260L",-0.454676476929903
"T",260,"M","T260M",-0.622716422455118
"T",260,"N","T260N",-0.238964761788511
"T",260,"P","T260P",-0.874514921444931
"T",260,"Q","T260Q",0.245345778177178
"T",260,"R","T260R",1.99249777146837
"T",260,"S","T260S",-0.252940936853823
"T",260,"V","T260V",-0.294092039849675
"T",260,"W","T260W",1.45672208745222
"T",260,"Y","T260Y",0.740226986541922
"C",261,"A","C261A",1.23375332433356
"C",261,"D","C261D",-0.230160265668871
"C",261,"E","C261E",4.13930576111896
"C",261,"F","C261F",0.549257107380669
"C",261,"G","C261G",-0.525272885656947
"C",261,"H","C261H",0.556180543408799
"C",261,"I","C261I",0.461314528920579
"C",261,"K","C261K",-0.0409360469320636
"C",261,"L","C261L",2.4611245740916
"C",261,"M","C261M",0.889708033195452
"C",261,"N","C261N",0.971603744371319
"C",261,"P","C261P",1.49298476895898
"C",261,"Q","C261Q",1.01506897615286
"C",261,"R","C261R",-0.779704257123851
"C",261,"S","C261S",0.490366726815834
"C",261,"T","C261T",-0.893220612748607
"C",261,"V","C261V",0.698940657727037
"C",261,"W","C261W",1.14075736703637
"C",261,"Y","C261Y",0.537207678429642
"V",262,"A","V262A",0.654848370230982
"V",262,"C","V262C",-0.0901855104739664
"V",262,"D","V262D",-0.559904940638899
"V",262,"E","V262E",-3.56896252879964
"V",262,"F","V262F",-0.0892713160032966
"V",262,"G","V262G",-0.589607928509782
"V",262,"H","V262H",-0.599095295090436
"V",262,"I","V262I",-0.327915999450986
"V",262,"K","V262K",-0.525135062219904
"V",262,"L","V262L",-0.505316004365839
"V",262,"M","V262M",-0.953371400160514
"V",262,"N","V262N",-0.337999906936085
"V",262,"P","V262P",-0.434369424798315
"V",262,"Q","V262Q",0.680057775031007
"V",262,"R","V262R",-1.90365139025737
"V",262,"S","V262S",0.139157893474676
"V",262,"T","V262T",1.14626950047768
"V",262,"W","V262W",-0.0612449363295731
"V",262,"Y","V262Y",-0.919308352313059
"V",263,"A","V263A",-0.58645750303443
"V",263,"C","V263C",0.357426700870304
"V",263,"D","V263D",2.74727217976476
"V",263,"E","V263E",-0.242727168990005
"V",263,"F","V263F",1.06466217451965
"V",263,"G","V263G",0.324248950045011
"V",263,"H","V263H",-1.59594264307534
"V",263,"I","V263I",-1.03875472038259
"V",263,"K","V263K",1.07378843645348
"V",263,"L","V263L",0.907016938526705
"V",263,"M","V263M",0.0246618271178883
"V",263,"N","V263N",1.40817099946987
"V",263,"P","V263P",1.68933154261797
"V",263,"Q","V263Q",-0.218469089495124
"V",263,"R","V263R",-0.0565316738079223
"V",263,"S","V263S",-0.453258948604886
"V",263,"T","V263T",-0.41736450115451
"V",263,"W","V263W",-0.848656390907687
"V",263,"Y","V263Y",-0.145011897273049
"V",264,"A","V264A",0.124806413121494
"V",264,"C","V264C",-0.641847834485858
"V",264,"D","V264D",-1.41140877112058
"V",264,"E","V264E",-1.03207931149185
"V",264,"F","V264F",-0.264170323689557
"V",264,"G","V264G",-1.04040538595297
"V",264,"H","V264H",-0.965833864104157
"V",264,"I","V264I",0.530121260826615
"V",264,"K","V264K",-1.31850473748254
"V",264,"L","V264L",0.808162900836826
"V",264,"M","V264M",1.8516156622569
"V",264,"N","V264N",-0.68849363530666
"V",264,"P","V264P",-1.20668671982133
"V",264,"Q","V264Q",-0.78803726243368
"V",264,"R","V264R",-1.31845919455399
"V",264,"S","V264S",0.0526505594312253
"V",264,"T","V264T",0.685376710678113
"V",264,"W","V264W",0.848783394776582
"V",264,"Y","V264Y",-0.0984382901964264
"D",265,"A","D265A",2.69961084546406
"D",265,"C","D265C",-2.44295451827745
"D",265,"E","D265E",-4.56366859952035
"D",265,"F","D265F",-2.20065417066458
"D",265,"G","D265G",0.111294921982054
"D",265,"H","D265H",-0.330442479562203
"D",265,"I","D265I",-1.98138873146254
"D",265,"K","D265K",-0.854043501311112
"D",265,"L","D265L",1.50261728952954
"D",265,"M","D265M",2.21365062837452
"D",265,"N","D265N",-1.65632142599782
"D",265,"P","D265P",1.54586382034667
"D",265,"Q","D265Q",0.157994066819338
"D",265,"R","D265R",1.58063374585848
"D",265,"S","D265S",-0.638247019330022
"D",265,"T","D265T",0.795211683121616
"D",265,"V","D265V",-1.05691540722403
"D",265,"W","D265W",-0.749406772015468
"D",265,"Y","D265Y",-0.137811187740579
"V",266,"A","V266A",-0.141087941410029
"V",266,"C","V266C",-1.56234936346625
"V",266,"D","V266D",-2.51416788457171
"V",266,"E","V266E",-0.977538759492562
"V",266,"F","V266F",-0.647116097488209
"V",266,"G","V266G",-0.662799974297239
"V",266,"H","V266H",-0.770126683335155
"V",266,"I","V266I",-2.10484933745524
"V",266,"K","V266K",-0.966648277953153
"V",266,"L","V266L",-0.666957161123132
"V",266,"M","V266M",-1.35949590744473
"V",266,"N","V266N",-0.552548045285199
"V",266,"P","V266P",-2.4171461718435
"V",266,"Q","V266Q",-1.6874413392756
"V",266,"R","V266R",-0.592309960221509
"V",266,"S","V266S",-0.862196529836535
"V",266,"T","V266T",-0.773081640118621
"V",266,"W","V266W",-2.33966995399224
"V",266,"Y","V266Y",0.0258455701220758
"S",267,"A","S267A",-1.98636337384735
"S",267,"C","S267C",1.76274012499282
"S",267,"D","S267D",-1.67103451616614
"S",267,"E","S267E",-3.04274328291366
"S",267,"F","S267F",0.380230070659366
"S",267,"G","S267G",-0.937332595131299
"S",267,"H","S267H",0.858615902535175
"S",267,"I","S267I",1.18201433449925
"S",267,"K","S267K",0.235916806480827
"S",267,"L","S267L",3.28957246213695
"S",267,"M","S267M",2.53447291066893
"S",267,"N","S267N",-2.85408647293566
"S",267,"P","S267P",1.27764109290702
"S",267,"Q","S267Q",3.81906010886473
"S",267,"R","S267R",0.00677274533451332
"S",267,"T","S267T",0.915474490344905
"S",267,"V","S267V",0.441347750036569
"S",267,"W","S267W",3.7212917767188
"S",267,"Y","S267Y",-0.660506809845039
"H",268,"A","H268A",-0.802675501873492
"H",268,"C","H268C",-0.327553670028985
"H",268,"D","H268D",-1.17605827965381
"H",268,"E","H268E",-2.00540096208978
"H",268,"F","H268F",0.338741338749051
"H",268,"G","H268G",2.00737543926443
"H",268,"I","H268I",0.65699912115255
"H",268,"K","H268K",-1.78062227585174
"H",268,"L","H268L",-0.691438914575018
"H",268,"M","H268M",-1.39289632687582
"H",268,"N","H268N",-0.369773312893119
"H",268,"P","H268P",1.03941422594263
"H",268,"Q","H268Q",-1.08939431830214
"H",268,"R","H268R",-0.0457096952247296
"H",268,"S","H268S",1.44606842883541
"H",268,"T","H268T",-0.5465009582319
"H",268,"V","H268V",0.525261413224014
"H",268,"W","H268W",-0.575730500798525
"H",268,"Y","H268Y",0.234953386558167
"E",269,"A","E269A",-3.22448242204655
"E",269,"C","E269C",-0.646797333677548
"E",269,"D","E269D",-0.0369681499796485
"E",269,"F","E269F",-0.752864390618067
"E",269,"G","E269G",-0.493291558474843
"E",269,"H","E269H",-0.721563115896288
"E",269,"I","E269I",0.12314853408993
"E",269,"K","E269K",-0.636818134389313
"E",269,"L","E269L",-0.655587744607053
"E",269,"M","E269M",-2.67805291588098
"E",269,"N","E269N",-1.76684566922118
"E",269,"P","E269P",0.936938071702354
"E",269,"Q","E269Q",-1.15912845925642
"E",269,"R","E269R",-0.766505815059364
"E",269,"S","E269S",-1.27942517102334
"E",269,"T","E269T",-2.26836337957419
"E",269,"V","E269V",-1.63123512317625
"E",269,"W","E269W",-0.149476442882892
"E",269,"Y","E269Y",-2.11934806123271
"D",270,"A","D270A",-1.97042208336748
"D",270,"C","D270C",-4.85646501735722
"D",270,"E","D270E",-0.693192530814727
"D",270,"F","D270F",-0.657802260107153
"D",270,"G","D270G",-1.45124640798317
"D",270,"H","D270H",-1.25338547530635
"D",270,"I","D270I",-0.956224290921632
"D",270,"K","D270K",0.86842694169326
"D",270,"L","D270L",-3.66397788848538
"D",270,"M","D270M",-1.53662825089635
"D",270,"N","D270N",-1.38781098478602
"D",270,"P","D270P",-0.204593597176656
"D",270,"Q","D270Q",-1.83615956411306
"D",270,"R","D270R",2.12529810050095
"D",270,"S","D270S",-2.08033774433364
"D",270,"T","D270T",-0.895281514901568
"D",270,"V","D270V",0.381744173061083
"D",270,"W","D270W",0.256377757913548
"D",270,"Y","D270Y",-0.982216022127587
"P",271,"A","P271A",0.905341716727768
"P",271,"C","P271C",0.041294008011729
"P",271,"D","P271D",-0.370116594769418
"P",271,"E","P271E",0.727460835536168
"P",271,"F","P271F",-0.840999674221181
"P",271,"G","P271G",-1.88340187580314
"P",271,"H","P271H",1.31351377741347
"P",271,"I","P271I",-0.79789460439076
"P",271,"K","P271K",-0.218922765979699
"P",271,"L","P271L",1.26669560640754
"P",271,"M","P271M",0.550323887480457
"P",271,"N","P271N",0.574629717025238
"P",271,"Q","P271Q",0.761753159704495
"P",271,"R","P271R",-0.590321249695533
"P",271,"S","P271S",1.39981305074591
"P",271,"T","P271T",-0.475356926091906
"P",271,"V","P271V",0.321314490226827
"P",271,"W","P271W",-0.731950815482978
"P",271,"Y","P271Y",0.616324276867918
"E",272,"A","E272A",0.193870184927873
"E",272,"C","E272C",0.301964102021527
"E",272,"D","E272D",-0.288264721712643
"E",272,"F","E272F",0.0226876796092583
"E",272,"G","E272G",0.381441463691221
"E",272,"I","E272I",0.309294907006656
"E",272,"K","E272K",-0.231308259104151
"E",272,"L","E272L",-0.429316083341914
"E",272,"M","E272M",0.654479862162088
"E",272,"N","E272N",-1.00826384027125
"E",272,"P","E272P",-0.269502656562563
"E",272,"Q","E272Q",-0.307158865984169
"E",272,"R","E272R",-0.908297689945055
"E",272,"S","E272S",0.596757980867113
"E",272,"T","E272T",-0.133901213896652
"E",272,"V","E272V",-0.567832620187769
"E",272,"W","E272W",-0.188834158907368
"E",272,"Y","E272Y",-0.40727508171818
"V",273,"A","V273A",0.903467630057125
"V",273,"C","V273C",-1.10533761721598
"V",273,"D","V273D",0.799095322563106
"V",273,"E","V273E",-1.45246514502646
"V",273,"F","V273F",-1.65422714357507
"V",273,"G","V273G",-1.35558874773149
"V",273,"H","V273H",1.03074178941734
"V",273,"I","V273I",-0.691069151691404
"V",273,"K","V273K",1.60103698879631
"V",273,"L","V273L",0.0596816435964854
"V",273,"M","V273M",-1.16971884841099
"V",273,"N","V273N",-1.99978942668824
"V",273,"P","V273P",1.13677477078091
"V",273,"Q","V273Q",0.346340732631443
"V",273,"R","V273R",1.02208237948274
"V",273,"S","V273S",-3.17280992544262
"V",273,"T","V273T",-0.238479871858804
"V",273,"W","V273W",1.07662178923069
"V",273,"Y","V273Y",-2.8558755448289
"K",274,"A","K274A",0.769998608315582
"K",274,"C","K274C",-0.00499717227274046
"K",274,"D","K274D",-0.336747319462435
"K",274,"E","K274E",1.38176679816845
"K",274,"F","K274F",0.725674590192561
"K",274,"G","K274G",-1.04249554573436
"K",274,"H","K274H",-0.702416529718461
"K",274,"I","K274I",0.157384405261972
"K",274,"L","K274L",0.477287529461491
"K",274,"M","K274M",-0.626579978156095
"K",274,"N","K274N",-0.421823778343951
"K",274,"P","K274P",0.867592730597626
"K",274,"Q","K274Q",0.275167789440678
"K",274,"R","K274R",0.477109318280968
"K",274,"S","K274S",1.06828337623758
"K",274,"T","K274T",-0.285792223658167
"K",274,"V","K274V",-0.444152977511282
"K",274,"W","K274W",-0.310097631953831
"K",274,"Y","K274Y",-0.445286439253997
"F",275,"A","F275A",0.524888767042144
"F",275,"C","F275C",-1.19590529545081
"F",275,"D","F275D",0.678527725727529
"F",275,"E","F275E",1.27383458810464
"F",275,"G","F275G",-1.44489801354714
"F",275,"H","F275H",-1.41769017046871
"F",275,"I","F275I",0.978293084931044
"F",275,"K","F275K",-0.202439604993349
"F",275,"L","F275L",-1.30936017614786
"F",275,"M","F275M",0.894654151970275
"F",275,"N","F275N",-0.0195229859821601
"F",275,"P","F275P",1.62367415002449
"F",275,"Q","F275Q",0.669504547206138
"F",275,"R","F275R",-0.30058135924796
"F",275,"S","F275S",1.33552222806988
"F",275,"T","F275T",0.527853717032612
"F",275,"V","F275V",0.716524324320738
"F",275,"W","F275W",0.640588309855385
"F",275,"Y","F275Y",0.929597237558789
"N",276,"A","N276A",-0.282222183818035
"N",276,"C","N276C",-0.981670885959178
"N",276,"D","N276D",1.28835605709872
"N",276,"E","N276E",1.14537027340748
"N",276,"F","N276F",-0.505121845858464
"N",276,"G","N276G",-0.643732695586133
"N",276,"H","N276H",0.347988276476824
"N",276,"I","N276I",-0.762083001504149
"N",276,"K","N276K",0.0897764879114084
"N",276,"L","N276L",-0.451189940381326
"N",276,"M","N276M",0.889472393468691
"N",276,"P","N276P",-0.84755700264332
"N",276,"Q","N276Q",0.842002645794081
"N",276,"R","N276R",-1.08885309449203
"N",276,"S","N276S",0.29516733512117
"N",276,"T","N276T",1.13370538442504
"N",276,"V","N276V",-0.5932203853464
"N",276,"W","N276W",0.0422490551285122
"N",276,"Y","N276Y",0.119427787564602
"W",277,"A","W277A",0.595719857662686
"W",277,"C","W277C",0.871996072376832
"W",277,"D","W277D",1.08981733130119
"W",277,"E","W277E",0.0967700759403297
"W",277,"F","W277F",0.656317077571933
"W",277,"G","W277G",-0.0359175662055613
"W",277,"H","W277H",0.727761322140886
"W",277,"I","W277I",-0.616786156630305
"W",277,"K","W277K",0.737230685262265
"W",277,"L","W277L",0.111366789067326
"W",277,"M","W277M",0.01480353135795
"W",277,"N","W277N",0.722535389867237
"W",277,"P","W277P",0.155465753792925
"W",277,"Q","W277Q",0.832860768648138
"W",277,"R","W277R",0.352475773240227
"W",277,"S","W277S",0.776625801713152
"W",277,"T","W277T",-1.18162288185664
"W",277,"V","W277V",-0.266768808926238
"W",277,"Y","W277Y",-0.435489637934835
"Y",278,"A","Y278A",0.249248591141401
"Y",278,"C","Y278C",0.00110645141196215
"Y",278,"D","Y278D",0.0185927391510023
"Y",278,"E","Y278E",0.294578414115008
"Y",278,"F","Y278F",0.316420844089009
"Y",278,"G","Y278G",-0.792459716232333
"Y",278,"H","Y278H",-0.430604950177683
"Y",278,"I","Y278I",1.46957745988392
"Y",278,"K","Y278K",-0.262804207328191
"Y",278,"L","Y278L",0.343640422346288
"Y",278,"M","Y278M",0.298073187421304
"Y",278,"N","Y278N",0.615107119585775
"Y",278,"P","Y278P",0.32915927923223
"Y",278,"Q","Y278Q",1.06703939715446
"Y",278,"R","Y278R",-0.26633216779514
"Y",278,"S","Y278S",0.341548867710917
"Y",278,"T","Y278T",0.423360899225524
"Y",278,"V","Y278V",1.19501301388792
"Y",278,"W","Y278W",-0.437534089620207
"V",279,"A","V279A",0.0159864811413253
"V",279,"C","V279C",-0.0531012286324895
"V",279,"D","V279D",-0.33188274582529
"V",279,"E","V279E",-0.112242042294394
"V",279,"F","V279F",0.186600174842649
"V",279,"G","V279G",-0.0385647796616782
"V",279,"H","V279H",1.78723624432721
"V",279,"I","V279I",1.64144061033232
"V",279,"K","V279K",-0.827661412367131
"V",279,"L","V279L",-1.10627028910884
"V",279,"M","V279M",0.505090310747959
"V",279,"N","V279N",0.796207325332803
"V",279,"P","V279P",0.113881877223545
"V",279,"Q","V279Q",0.291942590660705
"V",279,"R","V279R",0.330030044966989
"V",279,"S","V279S",0.0454138137751528
"V",279,"T","V279T",-0.408055283717769
"V",279,"W","V279W",1.29618263246287
"V",279,"Y","V279Y",-0.572337199124476
"D",280,"A","D280A",0.0386201919888431
"D",280,"C","D280C",0.405399336333283
"D",280,"E","D280E",1.83623911463269
"D",280,"F","D280F",0.498873803315685
"D",280,"G","D280G",0.0422493363443516
"D",280,"H","D280H",-0.714576291136875
"D",280,"I","D280I",1.20312351864941
"D",280,"K","D280K",1.43039827703437
"D",280,"L","D280L",0.645498066700967
"D",280,"M","D280M",0.854444620365392
"D",280,"N","D280N",-1.22543743892375
"D",280,"P","D280P",1.86005332305025
"D",280,"Q","D280Q",-0.156472389854474
"D",280,"R","D280R",-0.507016505662426
"D",280,"S","D280S",1.03196627329824
"D",280,"T","D280T",0.943627582624783
"D",280,"V","D280V",1.25630577016663
"D",280,"W","D280W",-0.369852548017275
"D",280,"Y","D280Y",-0.577351642525067
"G",281,"A","G281A",-0.410111982321318
"G",281,"C","G281C",-1.17245526122899
"G",281,"D","G281D",0.639286145325071
"G",281,"E","G281E",0.219796662870057
"G",281,"F","G281F",-0.318108791091504
"G",281,"H","G281H",1.06439137195591
"G",281,"I","G281I",0.709554582468291
"G",281,"K","G281K",0.941966504963765
"G",281,"L","G281L",0.338452498909646
"G",281,"M","G281M",-0.095925458762213
"G",281,"N","G281N",-0.111703727032951
"G",281,"P","G281P",1.6040939816249
"G",281,"Q","G281Q",-0.50672524860717
"G",281,"R","G281R",0.878948547249462
"G",281,"S","G281S",0.115618728892559
"G",281,"T","G281T",1.16181246652115
"G",281,"V","G281V",-1.0465517576908
"G",281,"W","G281W",1.05309405007517
"G",281,"Y","G281Y",0.251359917988741
"V",282,"A","V282A",0.58792800687726
"V",282,"C","V282C",0.897454680836377
"V",282,"D","V282D",0.715699167527258
"V",282,"E","V282E",0.289020087153174
"V",282,"F","V282F",0.43648758670207
"V",282,"G","V282G",0.555434031200431
"V",282,"H","V282H",1.19879824968188
"V",282,"I","V282I",0.644689461718252
"V",282,"K","V282K",0.561881631180923
"V",282,"L","V282L",-0.712922617355386
"V",282,"M","V282M",-0.316581768357325
"V",282,"N","V282N",0.244787039066077
"V",282,"P","V282P",-0.402669455046008
"V",282,"Q","V282Q",-0.533663652051991
"V",282,"R","V282R",-1.18019261896471
"V",282,"S","V282S",-0.0599321136870534
"V",282,"T","V282T",0.419078729818787
"V",282,"W","V282W",0.0860356656008725
"V",282,"Y","V282Y",-0.393226587244421
"E",283,"A","E283A",0.968741599703507
"E",283,"C","E283C",0.0699177995778132
"E",283,"D","E283D",0.506014442155955
"E",283,"F","E283F",0.918163458473162
"E",283,"G","E283G",1.10757969972183
"E",283,"H","E283H",0.373769250744914
"E",283,"I","E283I",-0.979239294143111
"E",283,"K","E283K",0.134910463293999
"E",283,"L","E283L",0.491433175301548
"E",283,"M","E283M",-0.307085310168039
"E",283,"N","E283N",-0.152134231644988
"E",283,"P","E283P",-1.08719901547051
"E",283,"Q","E283Q",0.301157602103828
"E",283,"R","E283R",0.364587784655371
"E",283,"S","E283S",1.32382095301468
"E",283,"T","E283T",-0.953105685608199
"E",283,"V","E283V",-1.09493847093673
"E",283,"W","E283W",0.940209640844773
"E",283,"Y","E283Y",1.20940393431556
"V",284,"A","V284A",-0.347702840239868
"V",284,"C","V284C",1.44448111928304
"V",284,"D","V284D",-0.075899121532592
"V",284,"E","V284E",0.0482410369679077
"V",284,"F","V284F",1.29900624591619
"V",284,"G","V284G",0.545867212570316
"V",284,"H","V284H",0.0600792858699102
"V",284,"I","V284I",0.368325060609203
"V",284,"K","V284K",-0.462385526773139
"V",284,"L","V284L",0.361872335489329
"V",284,"M","V284M",-0.605309740101293
"V",284,"N","V284N",0.451727726559744
"V",284,"P","V284P",0.0466622487834842
"V",284,"Q","V284Q",0.610272707753538
"V",284,"R","V284R",0.638566800403347
"V",284,"S","V284S",1.11880963699913
"V",284,"T","V284T",0.295245471055531
"V",284,"W","V284W",0.894958597708082
"V",284,"Y","V284Y",0.199892279108143
"H",285,"A","H285A",-0.428930477338038
"H",285,"C","H285C",0.30899479250303
"H",285,"D","H285D",-0.498573246021339
"H",285,"E","H285E",0.204361983282228
"H",285,"F","H285F",-0.984155771539671
"H",285,"G","H285G",-1.32623647344319
"H",285,"I","H285I",0.250217365564595
"H",285,"K","H285K",-0.710327494939226
"H",285,"L","H285L",3.24548853241876
"H",285,"M","H285M",0.0222642036690316
"H",285,"N","H285N",0.717138368184219
"H",285,"P","H285P",1.48925630728924
"H",285,"Q","H285Q",0.256463583828812
"H",285,"R","H285R",-0.373251328029349
"H",285,"S","H285S",0.992599275203449
"H",285,"T","H285T",0.536684373411981
"H",285,"V","H285V",-0.127537997549773
"H",285,"W","H285W",2.15950294998829
"H",285,"Y","H285Y",-1.34678852833753
"N",286,"A","N286A",-0.0199825818546156
"N",286,"C","N286C",0.255819842878566
"N",286,"D","N286D",-0.735494640020034
"N",286,"E","N286E",0.0508119558111809
"N",286,"F","N286F",0.673048611904916
"N",286,"G","N286G",-0.225735384774382
"N",286,"H","N286H",1.15976592966226
"N",286,"I","N286I",0.440495998443046
"N",286,"K","N286K",0.498928443115438
"N",286,"L","N286L",0.106773348562289
"N",286,"M","N286M",-0.759934790099312
"N",286,"P","N286P",1.03619124353463
"N",286,"Q","N286Q",0.231327493221766
"N",286,"R","N286R",0.340254521076579
"N",286,"S","N286S",-1.30819377713963
"N",286,"T","N286T",-0.741274851572305
"N",286,"V","N286V",0.141397842375351
"N",286,"W","N286W",-0.191362753796921
"N",286,"Y","N286Y",0.221465042557689
"A",287,"C","A287C",-0.518385382933197
"A",287,"D","A287D",3.14316994340571
"A",287,"E","A287E",1.37668394798434
"A",287,"F","A287F",-0.239087293018543
"A",287,"G","A287G",-0.370606440944332
"A",287,"H","A287H",-0.376537942997262
"A",287,"I","A287I",-1.20565911153469
"A",287,"K","A287K",0.317007174352881
"A",287,"L","A287L",-0.0421746185029201
"A",287,"M","A287M",-0.725847085989595
"A",287,"N","A287N",0.145227130429463
"A",287,"P","A287P",-0.553959872315993
"A",287,"Q","A287Q",-0.246178725503465
"A",287,"R","A287R",-0.522368665645684
"A",287,"S","A287S",-0.359926458743852
"A",287,"T","A287T",0.589108655132
"A",287,"V","A287V",-1.02807061384419
"A",287,"W","A287W",-0.476192300400949
"A",287,"Y","A287Y",0.268635487309971
"K",288,"A","K288A",0.452107183133194
"K",288,"C","K288C",-0.582795092814431
"K",288,"D","K288D",-0.277903418274186
"K",288,"E","K288E",0.22108443141027
"K",288,"F","K288F",-0.343900031906501
"K",288,"G","K288G",0.430295730983223
"K",288,"H","K288H",0.104046212558181
"K",288,"I","K288I",0.255245118365018
"K",288,"L","K288L",-0.111122740659099
"K",288,"M","K288M",0.315455653498964
"K",288,"N","K288N",2.07899449886083
"K",288,"P","K288P",0.764101099312255
"K",288,"Q","K288Q",0.679952755615936
"K",288,"R","K288R",-0.156957526332273
"K",288,"S","K288S",0.667991381414431
"K",288,"T","K288T",-0.649119796140222
"K",288,"V","K288V",-0.21990537277521
"K",288,"W","K288W",-0.179746022079372
"K",288,"Y","K288Y",-0.467963799384202
"T",289,"A","T289A",-0.0105992958601217
"T",289,"C","T289C",-1.23336440461785
"T",289,"D","T289D",-0.436452844551226
"T",289,"E","T289E",-1.27454376800392
"T",289,"F","T289F",1.19698203237948
"T",289,"G","T289G",1.29080780925599
"T",289,"H","T289H",0.246853423715786
"T",289,"I","T289I",0.119591419255752
"T",289,"K","T289K",-0.510416255980265
"T",289,"L","T289L",-0.0131495447325113
"T",289,"M","T289M",-0.2773691729202
"T",289,"N","T289N",0.282575258966944
"T",289,"P","T289P",-0.810291230230281
"T",289,"Q","T289Q",-0.453349013811368
"T",289,"R","T289R",-0.510795425630302
"T",289,"S","T289S",-0.692581218754471
"T",289,"V","T289V",-0.296185921531953
"T",289,"W","T289W",0.37725902473177
"T",289,"Y","T289Y",0.911274378558557
"K",290,"A","K290A",0.189790125329834
"K",290,"C","K290C",0.842107093657999
"K",290,"D","K290D",-0.387154466858497
"K",290,"E","K290E",-0.734235594300204
"K",290,"F","K290F",-0.207893869556665
"K",290,"G","K290G",-0.583879866983838
"K",290,"H","K290H",1.3314939396389
"K",290,"I","K290I",-0.671242595140928
"K",290,"L","K290L",-0.322792583537858
"K",290,"M","K290M",0.629110933285517
"K",290,"N","K290N",0.998925730013154
"K",290,"P","K290P",-0.219431057324246
"K",290,"Q","K290Q",-0.229951009400604
"K",290,"R","K290R",-0.69334738450844
"K",290,"S","K290S",-0.281924281079124
"K",290,"T","K290T",-0.474219094784352
"K",290,"V","K290V",-0.497644415506874
"K",290,"W","K290W",-0.581086770077075
"K",290,"Y","K290Y",-0.481709238635261
"P",291,"A","P291A",-0.287557409430926
"P",291,"C","P291C",-0.435000988014341
"P",291,"D","P291D",-0.708470398051809
"P",291,"E","P291E",0.433315254434763
"P",291,"F","P291F",-0.833300884910687
"P",291,"G","P291G",0.896572653154112
"P",291,"H","P291H",-0.570752801907269
"P",291,"I","P291I",-1.19492765886289
"P",291,"K","P291K",-0.42149693078563
"P",291,"L","P291L",0.169626268756943
"P",291,"M","P291M",-1.16934964856463
"P",291,"N","P291N",-0.361768223509096
"P",291,"Q","P291Q",0.461569398692157
"P",291,"R","P291R",-0.422703046361206
"P",291,"S","P291S",-1.15009637819112
"P",291,"T","P291T",-0.426836628893942
"P",291,"V","P291V",-0.129349102195006
"P",291,"W","P291W",-0.255350831535648
"P",291,"Y","P291Y",-0.614021367008195
"R",292,"A","R292A",-2.63057321370538
"R",292,"C","R292C",1.04147885519683
"R",292,"D","R292D",-0.819138276177113
"R",292,"E","R292E",0.2416806410161
"R",292,"F","R292F",-2.41332476605122
"R",292,"G","R292G",-2.24098309038263
"R",292,"H","R292H",-4.05961411874977
"R",292,"I","R292I",0.0167139125638406
"R",292,"K","R292K",0.0167796340417067
"R",292,"L","R292L",-0.616292085806402
"R",292,"M","R292M",-0.0450605632930165
"R",292,"N","R292N",-0.249215831674289
"R",292,"P","R292P",0.380833406996174
"R",292,"Q","R292Q",-0.466065071131742
"R",292,"S","R292S",-0.457096950524073
"R",292,"T","R292T",0.984187945781247
"R",292,"V","R292V",-0.870628641914128
"R",292,"W","R292W",-1.22048157515521
"R",292,"Y","R292Y",-1.69161798426152
"E",293,"A","E293A",0.155713905236905
"E",293,"C","E293C",-1.01855888664176
"E",293,"D","E293D",0.895065970184515
"E",293,"F","E293F",-0.225910906037304
"E",293,"G","E293G",-0.141219799878702
"E",293,"H","E293H",-0.876238086263073
"E",293,"I","E293I",0.0271379561112293
"E",293,"K","E293K",-0.265406320005379
"E",293,"L","E293L",-0.176053682596572
"E",293,"M","E293M",-0.740016589741494
"E",293,"N","E293N",0.196470947823237
"E",293,"P","E293P",-0.910057192590266
"E",293,"Q","E293Q",-0.255177323158394
"E",293,"R","E293R",-0.302229606421661
"E",293,"S","E293S",-0.375747158808206
"E",293,"T","E293T",0.0657976542037251
"E",293,"V","E293V",-0.161003821200364
"E",293,"W","E293W",-0.869235665095303
"E",293,"Y","E293Y",-0.793136330095618
"E",294,"A","E294A",-0.991118826445058
"E",294,"C","E294C",0.803613992832404
"E",294,"D","E294D",0.648244402959196
"E",294,"F","E294F",0.605346740581348
"E",294,"G","E294G",-0.197397099395749
"E",294,"H","E294H",-1.09833745337322
"E",294,"I","E294I",-0.211339929545515
"E",294,"K","E294K",-1.72677639568479
"E",294,"L","E294L",-1.66288238479431
"E",294,"M","E294M",1.30377576106421
"E",294,"N","E294N",-1.70673482809636
"E",294,"P","E294P",-0.914623370530741
"E",294,"Q","E294Q",-1.31898050255284
"E",294,"R","E294R",-0.949210827218282
"E",294,"S","E294S",1.37133025757059
"E",294,"T","E294T",-1.11343567440948
"E",294,"V","E294V",-1.91224929703825
"E",294,"W","E294W",-2.37524615046363
"E",294,"Y","E294Y",-0.257754144748247
"Q",295,"A","Q295A",0.208949883998068
"Q",295,"C","Q295C",0.378975575255358
"Q",295,"D","Q295D",-1.27057388641841
"Q",295,"E","Q295E",0.273854916754639
"Q",295,"F","Q295F",-1.08493742080999
"Q",295,"G","Q295G",-1.73270926544784
"Q",295,"H","Q295H",-3.29502872381494
"Q",295,"I","Q295I",0.619386622303827
"Q",295,"K","Q295K",-0.240187192636459
"Q",295,"L","Q295L",0.69269058238373
"Q",295,"M","Q295M",2.00952555543445
"Q",295,"N","Q295N",0.363321456358114
"Q",295,"P","Q295P",-0.269176547358071
"Q",295,"R","Q295R",-0.591625049413961
"Q",295,"S","Q295S",-1.87604594055959
"Q",295,"T","Q295T",-0.539464364993306
"Q",295,"V","Q295V",-0.663752286852515
"Q",295,"W","Q295W",-0.683081055057091
"Q",295,"Y","Q295Y",-1.72354133376596
"Y",296,"A","Y296A",0.537561014236567
"Y",296,"C","Y296C",-0.187545130820872
"Y",296,"D","Y296D",0.726624636356513
"Y",296,"E","Y296E",-0.305313329771555
"Y",296,"F","Y296F",0.168934951695354
"Y",296,"G","Y296G",-0.238668835059048
"Y",296,"H","Y296H",0.266215155812536
"Y",296,"I","Y296I",1.62643580726694
"Y",296,"K","Y296K",0.679923435710586
"Y",296,"L","Y296L",-0.329324998742052
"Y",296,"M","Y296M",0.358087423202522
"Y",296,"N","Y296N",-0.212571087937116
"Y",296,"P","Y296P",-0.727628745273992
"Y",296,"Q","Y296Q",0.122196184059261
"Y",296,"R","Y296R",0.71715181228283
"Y",296,"S","Y296S",-0.306428042224594
"Y",296,"T","Y296T",-0.602815682591792
"Y",296,"V","Y296V",-0.0291066161848571
"Y",296,"W","Y296W",0.5458985517399
"N",297,"A","N297A",-0.32940070733683
"N",297,"C","N297C",-0.145019057914192
"N",297,"D","N297D",-0.551017737517079
"N",297,"E","N297E",-1.78933454572565
"N",297,"F","N297F",-1.49317273056505
"N",297,"G","N297G",-2.44072143669825
"N",297,"H","N297H",-0.45530323271667
"N",297,"I","N297I",-0.332454195486479
"N",297,"K","N297K",-1.94296675400125
"N",297,"L","N297L",-1.33927833365918
"N",297,"M","N297M",-0.476247933956102
"N",297,"P","N297P",0.135319085275605
"N",297,"Q","N297Q",0.304102890269614
"N",297,"R","N297R",0.0731156657956266
"N",297,"S","N297S",1.0139388015301
"N",297,"T","N297T",-0.998272352191629
"N",297,"V","N297V",2.4912598294894
"N",297,"W","N297W",-0.73023478663004
"N",297,"Y","N297Y",-0.518096945867901
"S",298,"A","S298A",-0.541083115559093
"S",298,"C","S298C",1.53385831156188
"S",298,"D","S298D",-4.39584122294672
"S",298,"E","S298E",-4.77729811189427
"S",298,"F","S298F",-2.82177991277259
"S",298,"G","S298G",0.252193784142502
"S",298,"I","S298I",-1.88476230485947
"S",298,"K","S298K",-1.04776532438381
"S",298,"L","S298L",-0.415906851417872
"S",298,"M","S298M",1.04593275771873
"S",298,"N","S298N",-1.57577103966835
"S",298,"P","S298P",-0.0325280728352093
"S",298,"Q","S298Q",-0.219120595123232
"S",298,"R","S298R",-2.55658828204429
"S",298,"T","S298T",-1.15972914228166
"S",298,"V","S298V",-3.19667944095924
"S",298,"W","S298W",-2.86868166248336
"S",298,"Y","S298Y",-4.15552776528289
"T",299,"A","T299A",1.98016927015837
"T",299,"C","T299C",-4.32509428015974
"T",299,"D","T299D",0.0573847767943235
"T",299,"E","T299E",-1.82703502243337
"T",299,"F","T299F",-0.356672949420287
"T",299,"G","T299G",0.530220332507824
"T",299,"H","T299H",-1.57494435669874
"T",299,"I","T299I",1.00073756972898
"T",299,"K","T299K",1.35417078830284
"T",299,"L","T299L",-0.662535196711901
"T",299,"M","T299M",-1.43320155180804
"T",299,"N","T299N",-1.83598766241846
"T",299,"P","T299P",-0.400435412556142
"T",299,"Q","T299Q",-1.63423545538434
"T",299,"R","T299R",0.997488807964492
"T",299,"S","T299S",0.221563230261681
"T",299,"V","T299V",-2.00392378073958
"T",299,"W","T299W",0.0117100189621885
"T",299,"Y","T299Y",-1.11111665811075
"Y",300,"A","Y300A",1.86201410108327
"Y",300,"C","Y300C",0.709100997473357
"Y",300,"D","Y300D",-0.264350970178513
"Y",300,"E","Y300E",-2.02424239983472
"Y",300,"F","Y300F",0.234374061808044
"Y",300,"G","Y300G",-2.28233136151434
"Y",300,"H","Y300H",0.0121855134427109
"Y",300,"I","Y300I",0.0348979946310913
"Y",300,"K","Y300K",-1.07071829848225
"Y",300,"L","Y300L",0.139880026833156
"Y",300,"M","Y300M",1.55607702430843
"Y",300,"N","Y300N",-0.33140977923618
"Y",300,"P","Y300P",-0.947457239631451
"Y",300,"Q","Y300Q",-0.617601720174983
"Y",300,"R","Y300R",-1.71798479794473
"Y",300,"S","Y300S",0.391821609036084
"Y",300,"T","Y300T",-0.398285314408567
"Y",300,"V","Y300V",0.54969712289871
"Y",300,"W","Y300W",0.654838047843095
"R",301,"A","R301A",0.733749569124159
"R",301,"C","R301C",0.203861331601544
"R",301,"D","R301D",-2.56823981506463
"R",301,"E","R301E",-1.40404425837199
"R",301,"F","R301F",0.837871422532957
"R",301,"G","R301G",-0.704797156639543
"R",301,"H","R301H",0.150562946292351
"R",301,"I","R301I",0.0180843060931585
"R",301,"K","R301K",-2.94614450874021
"R",301,"L","R301L",-0.274484619730429
"R",301,"M","R301M",0.945821224572439
"R",301,"N","R301N",-0.817226053014085
"R",301,"P","R301P",0.110509593097698
"R",301,"Q","R301Q",1.15663059471178
"R",301,"S","R301S",-0.264904680203224
"R",301,"T","R301T",0.302067938995716
"R",301,"V","R301V",-0.0668225555621493
"R",301,"W","R301W",-0.0310954228319143
"R",301,"Y","R301Y",-0.0704808830725926
"V",302,"A","V302A",-1.59601653055507
"V",302,"C","V302C",-0.758225233424662
"V",302,"D","V302D",-5.38834736361458
"V",302,"E","V302E",0.1430191637499
"V",302,"F","V302F",0.343605491986068
"V",302,"G","V302G",0.0300712927230808
"V",302,"H","V302H",-0.458842705646095
"V",302,"I","V302I",0.525060322348655
"V",302,"K","V302K",-2.83907769171408
"V",302,"L","V302L",0.056318387745085
"V",302,"M","V302M",-0.270168057222224
"V",302,"N","V302N",0.0364766165411425
"V",302,"P","V302P",-0.621513544458829
"V",302,"Q","V302Q",0.686708912175947
"V",302,"R","V302R",-2.77966213894248
"V",302,"S","V302S",-0.233563417741078
"V",302,"T","V302T",-0.0874764785292646
"V",302,"W","V302W",-0.0128959788635782
"V",302,"Y","V302Y",-0.20577947368087
"V",303,"A","V303A",0.462238516155672
"V",303,"C","V303C",-0.464309470139221
"V",303,"D","V303D",-0.812568733002831
"V",303,"E","V303E",1.53286283497473
"V",303,"F","V303F",-0.175202428540665
"V",303,"G","V303G",0.18482597814907
"V",303,"H","V303H",0.173581914326202
"V",303,"I","V303I",-0.576620116826008
"V",303,"K","V303K",1.20462735899935
"V",303,"L","V303L",1.43255996220858
"V",303,"M","V303M",-0.586621541623925
"V",303,"N","V303N",1.8739967555603
"V",303,"P","V303P",0.182473862926319
"V",303,"Q","V303Q",0.283147026281538
"V",303,"R","V303R",-0.325478029134109
"V",303,"S","V303S",-1.61697723122036
"V",303,"T","V303T",0.511824060581081
"V",303,"W","V303W",1.10994956308191
"V",303,"Y","V303Y",-1.29813081382654
"S",304,"A","S304A",0.528793476280173
"S",304,"C","S304C",-0.862353886518771
"S",304,"D","S304D",-0.355776412024166
"S",304,"E","S304E",-1.83946375649231
"S",304,"F","S304F",1.36634512539301
"S",304,"G","S304G",-0.171369224053008
"S",304,"H","S304H",-0.437320050413838
"S",304,"I","S304I",-1.8630476471636
"S",304,"K","S304K",-0.685462966921219
"S",304,"L","S304L",0.857527433399965
"S",304,"M","S304M",-4.32367239745376
"S",304,"N","S304N",-1.73037749334506
"S",304,"P","S304P",-0.646750878543937
"S",304,"Q","S304Q",-0.477559803992434
"S",304,"R","S304R",0.267284084357973
"S",304,"T","S304T",1.04259193909876
"S",304,"V","S304V",-1.42364021318551
"S",304,"W","S304W",0.118332708616892
"S",304,"Y","S304Y",0.70153097357388
"V",305,"A","V305A",1.59762434623369
"V",305,"C","V305C",-0.275211190865859
"V",305,"D","V305D",-0.100593029585767
"V",305,"E","V305E",0.200710019652958
"V",305,"F","V305F",0.462171526048096
"V",305,"G","V305G",0.923787674009929
"V",305,"H","V305H",1.59646303860551
"V",305,"I","V305I",-0.142963517528673
"V",305,"K","V305K",-0.59643565575271
"V",305,"L","V305L",0.349619906790972
"V",305,"M","V305M",-1.32716420511637
"V",305,"N","V305N",-0.55041554041301
"V",305,"P","V305P",-0.21754891933593
"V",305,"Q","V305Q",1.89186321395494
"V",305,"R","V305R",0.291452445916738
"V",305,"S","V305S",0.361944769179875
"V",305,"T","V305T",0.589727558299989
"V",305,"W","V305W",-0.893084517816525
"V",305,"Y","V305Y",0.844655079057186
"L",306,"A","L306A",-0.127173339221207
"L",306,"C","L306C",-0.0586942813547031
"L",306,"D","L306D",1.81836996531231
"L",306,"E","L306E",0.355873802482361
"L",306,"F","L306F",-0.0950338415414987
"L",306,"G","L306G",0.462188750115895
"L",306,"H","L306H",0.242084509227955
"L",306,"I","L306I",-1.49139322708104
"L",306,"K","L306K",0.433653327652034
"L",306,"M","L306M",0.454035878335483
"L",306,"N","L306N",0.268170838179794
"L",306,"P","L306P",-0.853647827389571
"L",306,"Q","L306Q",-0.105648104646594
"L",306,"R","L306R",-0.233045590319189
"L",306,"S","L306S",-0.107876660760597
"L",306,"T","L306T",0.945591234068542
"L",306,"V","L306V",-1.07215907118029
"L",306,"W","L306W",-0.213643888317144
"L",306,"Y","L306Y",0.949156873911139
"T",307,"A","T307A",0.236410571527257
"T",307,"C","T307C",-0.254019839141962
"T",307,"D","T307D",-0.115269830320763
"T",307,"E","T307E",0.456359385917318
"T",307,"F","T307F",0.616834869795369
"T",307,"G","T307G",-0.536755647233948
"T",307,"H","T307H",-0.215212776542233
"T",307,"I","T307I",0.970982075436532
"T",307,"K","T307K",1.1642081537227
"T",307,"L","T307L",-0.219399431471621
"T",307,"M","T307M",0.785186467837686
"T",307,"N","T307N",-0.0713164534180478
"T",307,"P","T307P",0.0144865805002513
"T",307,"Q","T307Q",0.0293945128437576
"T",307,"R","T307R",-0.809476419980026
"T",307,"S","T307S",0.922857939830387
"T",307,"V","T307V",1.4739425215448
"T",307,"W","T307W",1.64078538722283
"T",307,"Y","T307Y",-0.0417509387660772
"V",308,"A","V308A",0.0929775864308338
"V",308,"C","V308C",0.869218905637447
"V",308,"D","V308D",0.566389965266275
"V",308,"E","V308E",-0.157808641610127
"V",308,"F","V308F",-0.318504924451645
"V",308,"G","V308G",-0.0240973896660442
"V",308,"H","V308H",0.841436708807277
"V",308,"I","V308I",0.0763958346425626
"V",308,"K","V308K",-0.847899997170666
"V",308,"L","V308L",-1.60659133155315
"V",308,"M","V308M",-0.335466825765263
"V",308,"N","V308N",-0.225553220919214
"V",308,"P","V308P",1.42890769824172
"V",308,"Q","V308Q",0.140563529029871
"V",308,"R","V308R",0.8839512591877
"V",308,"S","V308S",0.654215358812301
"V",308,"T","V308T",0.179730187079344
"V",308,"W","V308W",0.279168245523961
"V",308,"Y","V308Y",0.389455286512011
"L",309,"A","L309A",-0.494087054193141
"L",309,"C","L309C",-0.0715052740273793
"L",309,"D","L309D",-0.868126510333853
"L",309,"E","L309E",-0.563337940772325
"L",309,"F","L309F",0.132276934786643
"L",309,"G","L309G",0.455633708203869
"L",309,"H","L309H",-1.30054759412234
"L",309,"I","L309I",0.807744624224631
"L",309,"K","L309K",-1.49246941330672
"L",309,"M","L309M",0.260117100270177
"L",309,"N","L309N",-1.0537023629848
"L",309,"P","L309P",-0.630612536809852
"L",309,"Q","L309Q",0.100948413657784
"L",309,"R","L309R",0.526325637645195
"L",309,"S","L309S",0.591481081283678
"L",309,"T","L309T",0.25773648637292
"L",309,"V","L309V",-0.307017800097416
"L",309,"W","L309W",-0.197443830228829
"L",309,"Y","L309Y",0.398163533198814
"H",310,"A","H310A",1.42984013526716
"H",310,"C","H310C",-0.306371498820361
"H",310,"D","H310D",0.210659520552496
"H",310,"E","H310E",0.849402462409425
"H",310,"F","H310F",1.63087268067792
"H",310,"G","H310G",-0.281069978943943
"H",310,"I","H310I",-0.24672691381326
"H",310,"K","H310K",-0.560772180024166
"H",310,"L","H310L",-1.68683513442706
"H",310,"M","H310M",0.249746045128826
"H",310,"N","H310N",-0.54283996717939
"H",310,"P","H310P",-0.33582445476436
"H",310,"Q","H310Q",-1.28940044708575
"H",310,"R","H310R",-0.429407536869621
"H",310,"S","H310S",0.481083702066337
"H",310,"T","H310T",0.734577117364999
"H",310,"V","H310V",2.61838630302196
"H",310,"W","H310W",-0.413448694112666
"H",310,"Y","H310Y",-0.730620406518711
"Q",311,"A","Q311A",-0.0437648390324645
"Q",311,"C","Q311C",0.381901572094184
"Q",311,"D","Q311D",0.325886825997389
"Q",311,"E","Q311E",-0.363438214705453
"Q",311,"F","Q311F",0.101893303291935
"Q",311,"G","Q311G",-0.832558517352619
"Q",311,"H","Q311H",-0.270281849125492
"Q",311,"I","Q311I",-0.62946899575367
"Q",311,"K","Q311K",-0.687771536648941
"Q",311,"L","Q311L",0.390880819078973
"Q",311,"M","Q311M",0.292903362134415
"Q",311,"N","Q311N",0.711497853110239
"Q",311,"P","Q311P",0.941078461383837
"Q",311,"R","Q311R",1.57124239923505
"Q",311,"S","Q311S",0.999890867431135
"Q",311,"T","Q311T",-0.67886769944625
"Q",311,"V","Q311V",-0.464623648415964
"Q",311,"W","Q311W",1.15179810357038
"Q",311,"Y","Q311Y",0.294895043512596
"D",312,"A","D312A",0.0604541223453892
"D",312,"C","D312C",-0.680660468186248
"D",312,"E","D312E",-0.0728436955440747
"D",312,"F","D312F",-0.192463187002537
"D",312,"G","D312G",-0.146172606084961
"D",312,"H","D312H",0.583833381180905
"D",312,"I","D312I",-0.784536681718292
"D",312,"K","D312K",0.278608045017009
"D",312,"L","D312L",0.0168405361318585
"D",312,"M","D312M",0.0219180303887414
"D",312,"N","D312N",1.05577628028924
"D",312,"P","D312P",-0.618945254470216
"D",312,"Q","D312Q",0.215785156014416
"D",312,"R","D312R",-0.201316621740147
"D",312,"S","D312S",0.984387924060201
"D",312,"T","D312T",0.293742396031572
"D",312,"V","D312V",-0.353628379422042
"D",312,"W","D312W",-0.74719872551942
"D",312,"Y","D312Y",0.20236132351176
"W",313,"A","W313A",-0.331565358596845
"W",313,"C","W313C",-0.48333341454805
"W",313,"D","W313D",3.69797115736782
"W",313,"E","W313E",-0.23040121534681
"W",313,"F","W313F",0.997855996605188
"W",313,"H","W313H",-0.22520642732286
"W",313,"I","W313I",0.308642012216687
"W",313,"K","W313K",1.31233809281806
"W",313,"L","W313L",2.16343485526562
"W",313,"M","W313M",0.944095594192876
"W",313,"N","W313N",1.10975781371269
"W",313,"P","W313P",1.14399720789227
"W",313,"Q","W313Q",0.961549284042979
"W",313,"R","W313R",3.15088876155289
"W",313,"S","W313S",0.553114444849595
"W",313,"T","W313T",-0.170447731868801
"W",313,"V","W313V",1.18152655900306
"W",313,"Y","W313Y",-0.600547529883584
"L",314,"A","L314A",-0.498284706999927
"L",314,"C","L314C",-0.623526597613543
"L",314,"D","L314D",-0.100086269064202
"L",314,"E","L314E",0.128444754391227
"L",314,"F","L314F",0.671126861636402
"L",314,"G","L314G",0.316524773016838
"L",314,"H","L314H",0.092948515550081
"L",314,"I","L314I",2.13101892908268
"L",314,"K","L314K",0.81154642196483
"L",314,"M","L314M",0.248575797412652
"L",314,"N","L314N",-0.373793394238742
"L",314,"P","L314P",0.319636099266783
"L",314,"Q","L314Q",0.503316379776049
"L",314,"R","L314R",0.594888035760144
"L",314,"S","L314S",0.513131771293202
"L",314,"T","L314T",0.0907597316238302
"L",314,"V","L314V",-0.212804158555477
"L",314,"W","L314W",1.23596669967876
"L",314,"Y","L314Y",-0.0374792812296883
"N",315,"A","N315A",1.5407738783681
"N",315,"C","N315C",0.778747365609398
"N",315,"D","N315D",0.522033979355303
"N",315,"E","N315E",0.296232987166418
"N",315,"F","N315F",-0.415079657910077
"N",315,"G","N315G",0.0467776481365995
"N",315,"H","N315H",1.34339365715983
"N",315,"I","N315I",2.68971230748947
"N",315,"K","N315K",-0.0936583217267431
"N",315,"L","N315L",-0.589389697488271
"N",315,"M","N315M",-0.740556100885692
"N",315,"P","N315P",-0.565493853979161
"N",315,"Q","N315Q",-0.538889845233476
"N",315,"R","N315R",-0.68603079226936
"N",315,"S","N315S",1.5751925403306
"N",315,"T","N315T",0.803735850611381
"N",315,"V","N315V",0.446614907062224
"N",315,"W","N315W",1.62201210788747
"N",315,"Y","N315Y",0.422539949738433
"G",316,"A","G316A",-0.173166143075966
"G",316,"C","G316C",-0.425517165046119
"G",316,"D","G316D",-0.926485741523512
"G",316,"E","G316E",-0.109219216227655
"G",316,"F","G316F",-1.23762303135845
"G",316,"H","G316H",0.212510681535974
"G",316,"I","G316I",-0.433278297508467
"G",316,"K","G316K",0.742506227208885
"G",316,"L","G316L",0.575015640974422
"G",316,"M","G316M",0.544180695296199
"G",316,"N","G316N",1.89674206892986
"G",316,"P","G316P",0.266468652767538
"G",316,"Q","G316Q",0.046079063789369
"G",316,"R","G316R",1.92634509884361
"G",316,"S","G316S",1.97568812889077
"G",316,"T","G316T",-0.029579939665883
"G",316,"V","G316V",-0.242299295807654
"G",316,"W","G316W",0.790562136268813
"G",316,"Y","G316Y",-0.502941458991229
"K",317,"A","K317A",-0.101689598863037
"K",317,"C","K317C",0.520986402099332
"K",317,"D","K317D",0.342831047320866
"K",317,"E","K317E",0.404852824982849
"K",317,"F","K317F",0.507311039544419
"K",317,"G","K317G",0.57693839948413
"K",317,"H","K317H",0.156477225722883
"K",317,"I","K317I",-0.226498766302499
"K",317,"L","K317L",-0.175866025737485
"K",317,"M","K317M",0.435825517597726
"K",317,"N","K317N",0.249866666732617
"K",317,"P","K317P",0.537607304181612
"K",317,"Q","K317Q",0.411825409559523
"K",317,"R","K317R",0.328307857906448
"K",317,"S","K317S",-0.313462198611674
"K",317,"T","K317T",-0.573959840547258
"K",317,"V","K317V",0.929336991459355
"K",317,"W","K317W",-0.212935429499006
"K",317,"Y","K317Y",-0.843941055845957
"E",318,"A","E318A",0.319803928110167
"E",318,"C","E318C",-0.642930212333985
"E",318,"D","E318D",0.0378275201748857
"E",318,"F","E318F",0.232154543214367
"E",318,"G","E318G",0.966953217621773
"E",318,"H","E318H",-1.47412289214128
"E",318,"I","E318I",-0.265299666867943
"E",318,"K","E318K",0.410431845627107
"E",318,"L","E318L",-0.0724489897121323
"E",318,"M","E318M",-0.0377428455081307
"E",318,"N","E318N",0.207897871060775
"E",318,"P","E318P",0.881313689977933
"E",318,"Q","E318Q",0.294437296944709
"E",318,"R","E318R",0.678540003967963
"E",318,"S","E318S",-0.291138646648751
"E",318,"T","E318T",0.691140371422572
"E",318,"V","E318V",-0.0480886211035731
"E",318,"W","E318W",0.66887899162226
"E",318,"Y","E318Y",0.016647266060893
"Y",319,"A","Y319A",0.54090506430491
"Y",319,"C","Y319C",1.00104708226488
"Y",319,"D","Y319D",-0.0528561290092736
"Y",319,"E","Y319E",1.56951779399323
"Y",319,"F","Y319F",0.253075955673769
"Y",319,"G","Y319G",0.250973923448362
"Y",319,"H","Y319H",0.183799951874203
"Y",319,"I","Y319I",0.35772679488157
"Y",319,"K","Y319K",0.522258325977089
"Y",319,"L","Y319L",0.434146358444518
"Y",319,"M","Y319M",0.566863636028866
"Y",319,"N","Y319N",1.4065507639154
"Y",319,"P","Y319P",-0.176384654100242
"Y",319,"Q","Y319Q",-1.64069783441743
"Y",319,"R","Y319R",1.46781526669248
"Y",319,"S","Y319S",2.27918823723928
"Y",319,"T","Y319T",-1.38548934853384
"Y",319,"V","Y319V",1.88919187232234
"Y",319,"W","Y319W",0.77439681791
"K",320,"A","K320A",0.863992167702479
"K",320,"C","K320C",0.190852749685082
"K",320,"D","K320D",-0.955539191518284
"K",320,"E","K320E",0.326776910584363
"K",320,"F","K320F",0.305030310847995
"K",320,"G","K320G",-0.122339011586789
"K",320,"H","K320H",0.411534678168127
"K",320,"I","K320I",-1.41614229622298
"K",320,"L","K320L",-0.65985843146107
"K",320,"M","K320M",1.09830810243298
"K",320,"N","K320N",0.360241169865821
"K",320,"P","K320P",0.122885863139221
"K",320,"Q","K320Q",-0.410786442338913
"K",320,"R","K320R",-0.61032743030715
"K",320,"S","K320S",1.12061567359137
"K",320,"T","K320T",1.30737724721264
"K",320,"V","K320V",-0.578330356288725
"K",320,"W","K320W",-0.417232797331269
"K",320,"Y","K320Y",-0.81161209038838
"C",321,"A","C321A",1.10877750052541
"C",321,"D","C321D",3.09498801873422
"C",321,"E","C321E",0.158085145765176
"C",321,"F","C321F",2.87878574431792
"C",321,"G","C321G",0.517401174265844
"C",321,"H","C321H",-0.318585142888492
"C",321,"I","C321I",-1.35280542277058
"C",321,"K","C321K",-0.658279492253497
"C",321,"L","C321L",0.243858485701371
"C",321,"M","C321M",-0.152186130477891
"C",321,"N","C321N",-0.13294753014058
"C",321,"P","C321P",-0.794623310627662
"C",321,"Q","C321Q",-0.0240262318959738
"C",321,"R","C321R",0.589291885147896
"C",321,"S","C321S",-0.980262124612536
"C",321,"T","C321T",0.495671596303438
"C",321,"V","C321V",-0.202636668895889
"C",321,"W","C321W",-1.02881285957683
"C",321,"Y","C321Y",2.10716414986204
"K",322,"A","K322A",-0.0972698217613627
"K",322,"C","K322C",-1.01790218135168
"K",322,"D","K322D",1.07845194076104
"K",322,"E","K322E",-0.854110625956375
"K",322,"F","K322F",0.810671620821854
"K",322,"G","K322G",-1.34615582766426
"K",322,"H","K322H",-0.657405799828906
"K",322,"I","K322I",1.29352078996907
"K",322,"L","K322L",0.255198490584176
"K",322,"M","K322M",0.397001805468559
"K",322,"N","K322N",0.597412906225645
"K",322,"P","K322P",2.97508031241077
"K",322,"Q","K322Q",-0.49948970785664
"K",322,"R","K322R",1.43173570931787
"K",322,"S","K322S",-0.289209926859946
"K",322,"T","K322T",-0.287838625674527
"K",322,"V","K322V",0.517213933815245
"K",322,"W","K322W",1.49716186817172
"K",322,"Y","K322Y",-0.149869970628051
"V",323,"A","V323A",0.0444295951966458
"V",323,"C","V323C",-0.0939197471149341
"V",323,"D","V323D",-0.304161528278926
"V",323,"E","V323E",0.565543253908476
"V",323,"F","V323F",-0.323747907095544
"V",323,"G","V323G",0.576361622862156
"V",323,"H","V323H",0.123496771506158
"V",323,"I","V323I",-1.23610725424212
"V",323,"K","V323K",1.83707184861405
"V",323,"L","V323L",0.17969387287345
"V",323,"M","V323M",-1.9622566996515
"V",323,"N","V323N",0.461071673615444
"V",323,"P","V323P",-1.49395859236702
"V",323,"Q","V323Q",2.07720818260754
"V",323,"R","V323R",0.469871970799593
"V",323,"S","V323S",-0.229806421953001
"V",323,"T","V323T",-0.0548887759367923
"V",323,"W","V323W",-0.572875589764002
"V",323,"Y","V323Y",1.77634360111782
"S",324,"A","S324A",0.0515055360196734
"S",324,"C","S324C",0.387183146013182
"S",324,"D","S324D",-1.59128813415627
"S",324,"E","S324E",-1.33280242769248
"S",324,"F","S324F",-0.139712886517873
"S",324,"G","S324G",-1.08350890412547
"S",324,"H","S324H",-0.277538212687189
"S",324,"I","S324I",-0.190221528164328
"S",324,"K","S324K",0.244035345381514
"S",324,"L","S324L",-0.0365993318452527
"S",324,"M","S324M",-1.20680085485383
"S",324,"N","S324N",-0.49381309822752
"S",324,"P","S324P",-0.834644658502201
"S",324,"Q","S324Q",0.169124663207699
"S",324,"R","S324R",-0.756521721827727
"S",324,"T","S324T",0.0958869790024377
"S",324,"V","S324V",-0.478152066866116
"S",324,"W","S324W",0.112629784556461
"S",324,"Y","S324Y",-0.61845587098875
"N",325,"A","N325A",-0.439018139923469
"N",325,"C","N325C",-0.949588655360461
"N",325,"D","N325D",-0.66013056273425
"N",325,"E","N325E",0.188653868730402
"N",325,"F","N325F",0.811802975679577
"N",325,"G","N325G",-1.88051307944377
"N",325,"H","N325H",-1.97999090732152
"N",325,"I","N325I",1.87608692746792
"N",325,"K","N325K",-0.732266948297524
"N",325,"L","N325L",0.658051140692738
"N",325,"M","N325M",-0.0766358193517306
"N",325,"P","N325P",-2.5402223948929
"N",325,"Q","N325Q",-2.56905409545609
"N",325,"R","N325R",-0.372959910524785
"N",325,"S","N325S",0.209243487387776
"N",325,"T","N325T",0.0629627518506442
"N",325,"V","N325V",-0.583430193583219
"N",325,"W","N325W",1.16032438145533
"N",325,"Y","N325Y",0.277637142510875
"K",326,"A","K326A",-3.44824873258077
"K",326,"C","K326C",0.208080174162977
"K",326,"D","K326D",-1.91718984875908
"K",326,"E","K326E",-1.34261940283879
"K",326,"F","K326F",-1.39997178909957
"K",326,"G","K326G",0.087717812161953
"K",326,"H","K326H",0.612157823703957
"K",326,"I","K326I",1.07982764084869
"K",326,"L","K326L",0.55999038462842
"K",326,"M","K326M",-2.97676106627207
"K",326,"N","K326N",-0.0406140473126764
"K",326,"P","K326P",-0.220095757931468
"K",326,"Q","K326Q",-0.925892167981799
"K",326,"R","K326R",-0.93713975867441
"K",326,"S","K326S",-1.1554717926544
"K",326,"T","K326T",-1.6727758603723
"K",326,"V","K326V",-0.999649466670802
"K",326,"W","K326W",0.843853284051353
"K",326,"Y","K326Y",-0.849222479619418
"A",327,"C","A327C",-1.5478133693163
"A",327,"D","A327D",-1.24930888628604
"A",327,"E","A327E",0.393539142601432
"A",327,"F","A327F",-2.35071084372271
"A",327,"G","A327G",1.07468923179173
"A",327,"H","A327H",-0.964244497459061
"A",327,"I","A327I",-0.7693530804418
"A",327,"K","A327K",0.703763037592391
"A",327,"L","A327L",0.462109208033776
"A",327,"M","A327M",-0.394064519459605
"A",327,"N","A327N",1.44144251430313
"A",327,"P","A327P",-2.12440593286956
"A",327,"Q","A327Q",-0.82289964890107
"A",327,"R","A327R",-1.38365807951848
"A",327,"S","A327S",-0.278432540287947
"A",327,"T","A327T",-0.421151068434215
"A",327,"V","A327V",1.60555065196166
"A",327,"W","A327W",-0.677296654933333
"A",327,"Y","A327Y",-2.96133252744177
"L",328,"A","L328A",0.638311072717706
"L",328,"C","L328C",-1.91633334371107
"L",328,"D","L328D",-0.0754488712487196
"L",328,"E","L328E",2.1537453271763
"L",328,"F","L328F",-1.88837373060352
"L",328,"G","L328G",0.454934691498472
"L",328,"H","L328H",1.34103730796968
"L",328,"I","L328I",-1.175788725723
"L",328,"K","L328K",-0.558737975191592
"L",328,"M","L328M",1.42291726190088
"L",328,"N","L328N",1.85172005941371
"L",328,"P","L328P",-0.0373076841519013
"L",328,"Q","L328Q",1.76343265566229
"L",328,"R","L328R",0.889541062541667
"L",328,"S","L328S",0.546049901204337
"L",328,"T","L328T",-2.39233960074661
"L",328,"V","L328V",-1.35462436044238
"L",328,"W","L328W",-5.97243632878143
"L",328,"Y","L328Y",-2.02874857280255
"P",329,"A","P329A",-3.14551642021071
"P",329,"C","P329C",1.39698783616606
"P",329,"D","P329D",2.43497063109835
"P",329,"E","P329E",0.328038514433124
"P",329,"F","P329F",-0.591400268497387
"P",329,"G","P329G",-0.581571347619828
"P",329,"H","P329H",-0.147085460735402
"P",329,"I","P329I",2.04390744005281
"P",329,"K","P329K",0.888825951165946
"P",329,"L","P329L",-1.76649192154885
"P",329,"M","P329M",-1.24291800440866
"P",329,"N","P329N",0.103742100807367
"P",329,"Q","P329Q",-0.558388392434386
"P",329,"R","P329R",0.784233782857552
"P",329,"S","P329S",0.324884118302727
"P",329,"T","P329T",0.728941700623587
"P",329,"V","P329V",-0.137926829181126
"P",329,"W","P329W",-1.74364094854835
"P",329,"Y","P329Y",0.400682550025841
"A",330,"C","A330C",-1.02631501484179
"A",330,"D","A330D",-4.18185247578988
"A",330,"E","A330E",-0.0409984859417738
"A",330,"F","A330F",-0.563437032929731
"A",330,"G","A330G",0.478238434723456
"A",330,"H","A330H",-0.147508737989358
"A",330,"I","A330I",-1.74194549861991
"A",330,"K","A330K",0.00705593334131635
"A",330,"L","A330L",-1.94372045826022
"A",330,"M","A330M",0.598082148582408
"A",330,"N","A330N",-0.534400352525458
"A",330,"P","A330P",-1.68664198428406
"A",330,"Q","A330Q",-0.31904993438741
"A",330,"R","A330R",-0.373981647154577
"A",330,"S","A330S",1.47284752459635
"A",330,"T","A330T",-1.3255409745605
"A",330,"V","A330V",-3.24923406165302
"A",330,"W","A330W",-1.98287192367378
"A",330,"Y","A330Y",-0.336342165827819
"P",331,"A","P331A",0.183272053436174
"P",331,"C","P331C",1.13319230349054
"P",331,"D","P331D",0.539886315462872
"P",331,"E","P331E",0.261979906217024
"P",331,"F","P331F",0.527479988166425
"P",331,"G","P331G",-1.67282564083752
"P",331,"H","P331H",-0.259670432700793
"P",331,"I","P331I",0.921294087845287
"P",331,"K","P331K",0.318345122953545
"P",331,"L","P331L",0.54980142082177
"P",331,"M","P331M",1.9784140342918
"P",331,"N","P331N",0.173034999507351
"P",331,"Q","P331Q",-0.795860260138599
"P",331,"R","P331R",-0.45581731930026
"P",331,"S","P331S",-0.582919356948681
"P",331,"T","P331T",0.878368161363664
"P",331,"V","P331V",-0.44760085539481
"P",331,"W","P331W",0.47736995140272
"P",331,"Y","P331Y",-0.69635531896779
"I",332,"C","I332C",-1.23250347114646
"I",332,"D","I332D",-0.272190300040891
"I",332,"E","I332E",1.34918408657845
"I",332,"F","I332F",-0.29474860313392
"I",332,"G","I332G",1.57672402344493
"I",332,"H","I332H",0.973401213889201
"I",332,"K","I332K",1.66459462711814
"I",332,"L","I332L",-0.266168784124271
"I",332,"M","I332M",0.55244382024387
"I",332,"N","I332N",0.512881091172688
"I",332,"P","I332P",-0.78873417497213
"I",332,"Q","I332Q",-1.37699630949551
"I",332,"R","I332R",-0.349380799876145
"I",332,"S","I332S",-0.0821667939310127
"I",332,"T","I332T",-0.347260682084239
"I",332,"V","I332V",-0.122246275088008
"I",332,"W","I332W",0.895156430494794
"I",332,"Y","I332Y",-1.74623999565036
"E",333,"A","E333A",-0.707683441004824
"E",333,"C","E333C",0.972165513535043
"E",333,"D","E333D",-0.14970670109362
"E",333,"F","E333F",0.412671237346249
"E",333,"G","E333G",-1.25248344740248
"E",333,"H","E333H",-0.281158754551783
"E",333,"I","E333I",0.0139468684835698
"E",333,"K","E333K",-1.41328473958198
"E",333,"L","E333L",0.592529514117438
"E",333,"M","E333M",0.319582137612551
"E",333,"N","E333N",1.21551008012827
"E",333,"P","E333P",-0.12580518797419
"E",333,"Q","E333Q",0.283233082726282
"E",333,"R","E333R",-0.280321580948058
"E",333,"S","E333S",-1.31130846606173
"E",333,"T","E333T",-1.6816398992262
"E",333,"V","E333V",-0.327031881599656
"E",333,"W","E333W",0.960760770052363
"E",333,"Y","E333Y",-0.411796726813345
"K",334,"A","K334A",1.27629096623888
"K",334,"C","K334C",-0.588176981076205
"K",334,"D","K334D",0.0999384292283897
"K",334,"E","K334E",0.993008922770123
"K",334,"F","K334F",0.664754983993365
"K",334,"G","K334G",0.792634953210214
"K",334,"H","K334H",0.489941553644703
"K",334,"I","K334I",0.0192720567825748
"K",334,"L","K334L",0.0267717584473471
"K",334,"M","K334M",0.245390726496468
"K",334,"N","K334N",0.274162251507292
"K",334,"P","K334P",-0.397992018240871
"K",334,"Q","K334Q",-0.436336655239665
"K",334,"R","K334R",0.176036005190551
"K",334,"S","K334S",-0.707789092406248
"K",334,"T","K334T",1.01450201579141
"K",334,"V","K334V",-0.745306667181917
"K",334,"W","K334W",1.27637097066638
"K",334,"Y","K334Y",0.151465122937042
"T",335,"A","T335A",0.280405636092829
"T",335,"C","T335C",-0.0733390635470639
"T",335,"D","T335D",0.735859163804504
"T",335,"E","T335E",0.351322141361425
"T",335,"F","T335F",0.213690264325433
"T",335,"G","T335G",0.398109294544959
"T",335,"H","T335H",-0.696296825817542
"T",335,"I","T335I",0.0835764851874187
"T",335,"K","T335K",0.303616959466934
"T",335,"L","T335L",0.969849972939522
"T",335,"M","T335M",-0.356064956572961
"T",335,"N","T335N",1.34895071426491
"T",335,"P","T335P",-0.12851314745326
"T",335,"Q","T335Q",-0.992040194134802
"T",335,"R","T335R",0.36318887496227
"T",335,"S","T335S",-0.013778047672881
"T",335,"V","T335V",0.0605735854078817
"T",335,"W","T335W",0.738173047548064
"T",335,"Y","T335Y",0.603290931951441
"I",336,"A","I336A",-0.282278869838855
"I",336,"C","I336C",-3.47051549991092
"I",336,"D","I336D",0.589921526434619
"I",336,"E","I336E",0.490907516667539
"I",336,"F","I336F",-0.139509176232696
"I",336,"G","I336G",-0.733136868459652
"I",336,"H","I336H",-0.0907751980461781
"I",336,"K","I336K",-0.260787303693121
"I",336,"L","I336L",0.718875646913992
"I",336,"M","I336M",2.53069400004677
"I",336,"N","I336N",0.244774549393059
"I",336,"P","I336P",2.90295355970055
"I",336,"Q","I336Q",-0.308568076493879
"I",336,"R","I336R",-0.0560059386857654
"I",336,"S","I336S",0.5544241353531
"I",336,"T","I336T",-0.585619681129285
"I",336,"V","I336V",-0.34767843941752
"I",336,"W","I336W",-0.342202408450053
"I",336,"Y","I336Y",-0.595692073977938
"S",337,"A","S337A",2.55663234132311
"S",337,"C","S337C",-0.571160233126701
"S",337,"D","S337D",-0.982764306208292
"S",337,"E","S337E",0.102481993323808
"S",337,"F","S337F",-0.18306741549826
"S",337,"G","S337G",0.0698126994787516
"S",337,"H","S337H",0.342010123102357
"S",337,"I","S337I",-1.25300364783698
"S",337,"K","S337K",-0.233641682594765
"S",337,"L","S337L",-0.914536604555105
"S",337,"M","S337M",0.615789709859273
"S",337,"N","S337N",0.487915798664309
"S",337,"P","S337P",1.9968706931219
"S",337,"Q","S337Q",0.196232734838852
"S",337,"R","S337R",-0.171519368814835
"S",337,"T","S337T",-0.0736921503479648
"S",337,"V","S337V",0.0804029438874003
"S",337,"W","S337W",-0.0547343555035567
"S",337,"Y","S337Y",0.19957466823346
"K",338,"A","K338A",-0.139795609190363
"K",338,"C","K338C",-1.14511390750191
"K",338,"D","K338D",-2.87036035221825
"K",338,"E","K338E",-0.173159841167559
"K",338,"F","K338F",-0.582817920878295
"K",338,"G","K338G",1.17387999695239
"K",338,"H","K338H",-0.159892054844055
"K",338,"I","K338I",0.88483865493776
"K",338,"L","K338L",0.831724000869192
"K",338,"M","K338M",-0.111044411964141
"K",338,"N","K338N",0.60322845596631
"K",338,"P","K338P",-0.0161615026081953
"K",338,"Q","K338Q",-0.522425858005988
"K",338,"R","K338R",-0.494894954158208
"K",338,"S","K338S",0.012396198117852
"K",338,"T","K338T",0.285583224672827
"K",338,"V","K338V",0.325246305010217
"K",338,"W","K338W",0.870830610983393
"K",338,"Y","K338Y",0.253132182692765
"A",339,"C","A339C",0.24046889701214
"A",339,"D","A339D",0.84741678366666
"A",339,"E","A339E",0.219676061778144
"A",339,"F","A339F",-0.0221561761598655
"A",339,"G","A339G",-0.267162084012717
"A",339,"H","A339H",-0.362485236752534
"A",339,"I","A339I",-1.30035128899544
"A",339,"K","A339K",-0.990092937190653
"A",339,"L","A339L",0.575496591896724
"A",339,"M","A339M",-0.47374624302725
"A",339,"N","A339N",-0.605898755129556
"A",339,"P","A339P",-0.581486729750799
"A",339,"Q","A339Q",0.214695534239216
"A",339,"R","A339R",-0.424737673213652
"A",339,"S","A339S",0.106638015477631
"A",339,"T","A339T",0.211964372126917
"A",339,"V","A339V",0.596377973658087
"A",339,"W","A339W",-1.60036687480083
"A",339,"Y","A339Y",-0.182803721836243
"K",340,"A","K340A",0.861047023620562
"K",340,"C","K340C",-0.123813809092306
"K",340,"D","K340D",-1.56279846192689
"K",340,"E","K340E",0.36958892498799
"K",340,"F","K340F",1.17213287432753
"K",340,"G","K340G",-0.309680687851342
"K",340,"H","K340H",0.220302710586592
"K",340,"I","K340I",0.673524647229161
"K",340,"L","K340L",-0.591585549234993
"K",340,"M","K340M",-1.45617546772997
"K",340,"N","K340N",0.261298878296687
"K",340,"P","K340P",-1.07444657830138
"K",340,"Q","K340Q",0.0510316945646602
"K",340,"R","K340R",1.00192932531687
"K",340,"S","K340S",0.127157494721599
"K",340,"T","K340T",0.574157674433459
"K",340,"V","K340V",-0.303933761128998
"K",340,"W","K340W",-0.791108201807634
"K",340,"Y","K340Y",-0.638238180004784
"G",341,"A","G341A",-0.992746291439174
"G",341,"C","G341C",-0.704841563231692
"G",341,"D","G341D",0.598174536912972
"G",341,"E","G341E",-0.0289754858312501
"G",341,"F","G341F",0.389827939943359
"G",341,"H","G341H",0.215076780829771
"G",341,"I","G341I",0.529463156822908
"G",341,"K","G341K",0.550518569008937
"G",341,"L","G341L",0.254862684666284
"G",341,"M","G341M",-0.437146532161768
"G",341,"N","G341N",-1.5540793349816
"G",341,"P","G341P",0.0834827468814883
"G",341,"Q","G341Q",0.667662697312674
"G",341,"R","G341R",-1.15670763130537
"G",341,"S","G341S",-0.3603941963878
"G",341,"T","G341T",-0.292033502533493
"G",341,"V","G341V",0.804453808042945
"G",341,"W","G341W",-0.881416672956576
"G",341,"Y","G341Y",-0.63524169132373
"Q",342,"A","Q342A",0.707411604150126
"Q",342,"C","Q342C",-2.08715983585915
"Q",342,"D","Q342D",0.746997533668527
"Q",342,"E","Q342E",0.609949879681477
"Q",342,"F","Q342F",-0.0188752348284517
"Q",342,"G","Q342G",-0.941834576294664
"Q",342,"H","Q342H",1.38587815524594
"Q",342,"I","Q342I",-0.166424383026162
"Q",342,"K","Q342K",-0.463905513580276
"Q",342,"L","Q342L",0.984287216368
"Q",342,"M","Q342M",0.0146821996548897
"Q",342,"N","Q342N",0.633016535943405
"Q",342,"P","Q342P",-0.660033771831867
"Q",342,"R","Q342R",-0.455462110581454
"Q",342,"S","Q342S",-1.23773957765295
"Q",342,"T","Q342T",0.604843548367153
"Q",342,"V","Q342V",-0.0717421980413565
"Q",342,"W","Q342W",-0.117911859514979
"Q",342,"Y","Q342Y",-0.618423627533363
"P",343,"A","P343A",-0.198386392671173
"P",343,"C","P343C",-0.0046013231864557
"P",343,"D","P343D",0.786315884939662
"P",343,"E","P343E",-0.399023630566589
"P",343,"F","P343F",-0.275249375497445
"P",343,"G","P343G",-0.758412052971939
"P",343,"H","P343H",0.442522838478069
"P",343,"I","P343I",-0.282333892193947
"P",343,"K","P343K",1.25496089458833
"P",343,"L","P343L",0.524371807323313
"P",343,"M","P343M",0.505121147502228
"P",343,"N","P343N",0.496067574828679
"P",343,"Q","P343Q",0.723314476786365
"P",343,"R","P343R",-0.656799946963412
"P",343,"S","P343S",0.282654312417463
"P",343,"T","P343T",-0.59108646793737
"P",343,"V","P343V",0.0845875817641473
"P",343,"W","P343W",-1.41426153463135
"P",343,"Y","P343Y",0.264416753472966
"R",344,"A","R344A",-0.00730486238361535
"R",344,"C","R344C",-0.551020950079064
"R",344,"D","R344D",1.37414535190327
"R",344,"E","R344E",0.826901111421687
"R",344,"F","R344F",-0.242900757678848
"R",344,"G","R344G",-0.994187252206487
"R",344,"H","R344H",-0.645816360044901
"R",344,"I","R344I",1.09876265275646
"R",344,"K","R344K",1.55357145833074
"R",344,"L","R344L",0.891514764364658
"R",344,"M","R344M",-0.58224897542473
"R",344,"N","R344N",0.0390986348553831
"R",344,"P","R344P",0.32231168672767
"R",344,"Q","R344Q",0.57504353372588
"R",344,"S","R344S",0.152082593958431
"R",344,"T","R344T",0.15207124734803
"R",344,"V","R344V",0.287562039201339
"R",344,"Y","R344Y",3.19406795042015
"E",345,"A","E345A",-0.6732376353926
"E",345,"C","E345C",-0.0158620843715113
"E",345,"D","E345D",-0.325670022304873
"E",345,"F","E345F",0.146052634000873
"E",345,"G","E345G",-0.104173324877488
"E",345,"H","E345H",-0.773081640118621
"E",345,"I","E345I",1.10064225153828
"E",345,"K","E345K",-0.309635452397065
"E",345,"L","E345L",-1.79790612485263
"E",345,"M","E345M",0.0876079005841583
"E",345,"N","E345N",-0.558022928394574
"E",345,"P","E345P",-0.108227436050618
"E",345,"Q","E345Q",-0.143861258127072
"E",345,"R","E345R",0.754233265123691
"E",345,"S","E345S",0.71277484812157
"E",345,"T","E345T",-1.07666490178866
"E",345,"V","E345V",1.16027261616605
"E",345,"W","E345W",0.0977215011786909
"E",345,"Y","E345Y",-0.415592044403576
"P",346,"A","P346A",0.0416400517933833
"P",346,"C","P346C",-1.02328489284816
"P",346,"D","P346D",-0.97082367545885
"P",346,"E","P346E",-0.0643773684147357
"P",346,"F","P346F",0.841026015943091
"P",346,"G","P346G",0.621182744425131
"P",346,"H","P346H",-1.23246149159212
"P",346,"I","P346I",1.51518804708949
"P",346,"K","P346K",-0.954013469577066
"P",346,"L","P346L",1.07242195916188
"P",346,"M","P346M",1.02003601114011
"P",346,"N","P346N",1.50635141684679
"P",346,"Q","P346Q",-0.29062361047902
"P",346,"R","P346R",1.04139166076493
"P",346,"S","P346S",0.999942913594939
"P",346,"T","P346T",1.22931531684168
"P",346,"V","P346V",-0.205780800635889
"P",346,"W","P346W",-2.03652780220691
"P",346,"Y","P346Y",-0.165514916966375
"Q",347,"A","Q347A",0.0510804085464125
"Q",347,"C","Q347C",0.334031817279673
"Q",347,"D","Q347D",0.639228505902935
"Q",347,"E","Q347E",1.02940516573806
"Q",347,"F","Q347F",-0.511985652503256
"Q",347,"G","Q347G",-1.11747782147085
"Q",347,"H","Q347H",-0.219183007410854
"Q",347,"I","Q347I",0.50640543888307
"Q",347,"K","Q347K",0.246119124710598
"Q",347,"L","Q347L",-1.8358992181446
"Q",347,"M","Q347M",-0.0383119838128582
"Q",347,"N","Q347N",0.762165302642492
"Q",347,"P","Q347P",-0.358125911184595
"Q",347,"R","Q347R",0.331407351007991
"Q",347,"S","Q347S",0.333052355510987
"Q",347,"T","Q347T",0.404930249204704
"Q",347,"V","Q347V",-0.554803937489053
"Q",347,"W","Q347W",1.10311388941237
"Q",347,"Y","Q347Y",0.234818018338688
"V",348,"A","V348A",-0.0825769287658258
"V",348,"C","V348C",0.877594256264193
"V",348,"D","V348D",-0.349226936235722
"V",348,"E","V348E",0.548819686212493
"V",348,"F","V348F",-0.157315140641929
"V",348,"G","V348G",-1.14442261544344
"V",348,"H","V348H",0.0767102283177514
"V",348,"I","V348I",0.315025068963722
"V",348,"K","V348K",0.158214588030337
"V",348,"L","V348L",0.925528837150545
"V",348,"M","V348M",1.13124049969926
"V",348,"N","V348N",0.494954244543885
"V",348,"P","V348P",0.123168120954333
"V",348,"Q","V348Q",-0.068982982826124
"V",348,"R","V348R",-0.126008602122978
"V",348,"S","V348S",0.165080074281212
"V",348,"T","V348T",-0.303484245468582
"V",348,"W","V348W",0.197582907254295
"V",348,"Y","V348Y",0.678216656029404
"Y",349,"A","Y349A",1.40313728313128
"Y",349,"C","Y349C",0.0167426287001451
"Y",349,"D","Y349D",-1.0863348571959
"Y",349,"E","Y349E",0.433597728577781
"Y",349,"F","Y349F",0.18630685044451
"Y",349,"G","Y349G",-0.00978758581985394
"Y",349,"H","Y349H",-0.190025375890205
"Y",349,"I","Y349I",1.19009333572627
"Y",349,"K","Y349K",0.274120818089346
"Y",349,"L","Y349L",0.350061128237403
"Y",349,"M","Y349M",-0.432937863911219
"Y",349,"N","Y349N",-0.272673520930597
"Y",349,"P","Y349P",2.5575645338089
"Y",349,"Q","Y349Q",2.3601048656639
"Y",349,"R","Y349R",-0.511162671939821
"Y",349,"S","Y349S",-0.0678238659311043
"Y",349,"T","Y349T",-0.379728812858376
"Y",349,"V","Y349V",0.0486698656772144
"Y",349,"W","Y349W",0.550218520177545
"T",350,"A","T350A",-1.06788786278353
"T",350,"C","T350C",2.72272133696291
"T",350,"D","T350D",0.14930814475952
"T",350,"E","T350E",0.640903569150812
"T",350,"F","T350F",0.036079961924215
"T",350,"G","T350G",-0.0812801215763932
"T",350,"H","T350H",0.281032083673979
"T",350,"I","T350I",-0.364340441440816
"T",350,"K","T350K",0.67024580653785
"T",350,"L","T350L",0.131727261605814
"T",350,"M","T350M",0.0742322029199585
"T",350,"N","T350N",-1.59641526036304
"T",350,"P","T350P",0.10049902345731
"T",350,"Q","T350Q",1.54758501853851
"T",350,"R","T350R",1.13557906901724
"T",350,"S","T350S",0.364405165939155
"T",350,"V","T350V",0.642058354528863
"T",350,"W","T350W",0.178938865182188
"T",350,"Y","T350Y",-0.036721184096608
"L",351,"A","L351A",-0.00283530469071277
"L",351,"C","L351C",0.478589169393
"L",351,"D","L351D",0.00947794525688119
"L",351,"E","L351E",0.444051537945643
"L",351,"F","L351F",-0.9157609581404
"L",351,"G","L351G",-0.142584492028729
"L",351,"H","L351H",0.505957582928381
"L",351,"I","L351I",1.31555425697932
"L",351,"K","L351K",-0.461754293367656
"L",351,"M","L351M",-0.0844699891722712
"L",351,"N","L351N",-0.705456173180514
"L",351,"P","L351P",0.27034736936419
"L",351,"Q","L351Q",-0.0638366753072306
"L",351,"R","L351R",-0.670340812035155
"L",351,"S","L351S",0.185856186786409
"L",351,"T","L351T",0.191854911275506
"L",351,"V","L351V",-0.00672186491819113
"L",351,"W","L351W",-0.293826744882193
"L",351,"Y","L351Y",0.682858927904901
"P",352,"A","P352A",-0.00681046148518854
"P",352,"C","P352C",-1.52691067782274
"P",352,"D","P352D",0.207651297386717
"P",352,"E","P352E",-1.02566380084843
"P",352,"F","P352F",1.084369555366
"P",352,"G","P352G",1.65493823571848
"P",352,"H","P352H",1.27856295623191
"P",352,"I","P352I",0.454580986209163
"P",352,"K","P352K",-0.944611888521331
"P",352,"L","P352L",-1.01889518589525
"P",352,"M","P352M",-0.227470071514202
"P",352,"N","P352N",-0.0820067269623233
"P",352,"Q","P352Q",1.34082995591741
"P",352,"R","P352R",-1.76490937712995
"P",352,"S","P352S",0.762670235676529
"P",352,"T","P352T",-0.488201085945248
"P",352,"V","P352V",-2.30011330516322
"P",352,"W","P352W",-0.364779522230984
"P",352,"Y","P352Y",0.00245677368547581
"P",353,"A","P353A",0.795955872875582
"P",353,"C","P353C",-0.405870548845579
"P",353,"D","P353D",0.793751353588455
"P",353,"E","P353E",0.768337155654688
"P",353,"F","P353F",-0.591738951756515
"P",353,"G","P353G",-0.637930794600623
"P",353,"H","P353H",0.82484267666241
"P",353,"I","P353I",0.648996670898774
"P",353,"K","P353K",0.429813173260885
"P",353,"L","P353L",-0.281305077465879
"P",353,"M","P353M",-0.658182900866679
"P",353,"N","P353N",0.352396676148826
"P",353,"Q","P353Q",-0.270025531887826
"P",353,"R","P353R",-0.79998298554764
"P",353,"S","P353S",-0.117136416457118
"P",353,"T","P353T",-0.528398410125357
"P",353,"V","P353V",0.223402186129177
"P",353,"W","P353W",0.489469918158179
"P",353,"Y","P353Y",0.209412725660707
"S",354,"A","S354A",-0.741529936878179
"S",354,"C","S354C",-0.237540865626894
"S",354,"D","S354D",0.380057904141702
"S",354,"E","S354E",-0.540089382121875
"S",354,"F","S354F",0.76851502279257
"S",354,"G","S354G",0.483073289703603
"S",354,"H","S354H",0.92840778808703
"S",354,"I","S354I",1.18648086267058
"S",354,"K","S354K",-0.216577151349492
"S",354,"L","S354L",0.837201495676111
"S",354,"M","S354M",-0.411128676531362
"S",354,"N","S354N",1.67052970830205
"S",354,"P","S354P",0.213678255014388
"S",354,"Q","S354Q",-0.297423181486899
"S",354,"R","S354R",-0.606569403901458
"S",354,"T","S354T",0.26765616223772
"S",354,"V","S354V",0.21922417579765
"S",354,"W","S354W",0.344097500866248
"S",354,"Y","S354Y",-0.0647644338303853
"R",355,"A","R355A",-0.213790341140868
"R",355,"C","R355C",0.352205260409224
"R",355,"D","R355D",-0.37829510602909
"R",355,"E","R355E",-1.01493145932291
"R",355,"F","R355F",-0.886491001181393
"R",355,"G","R355G",-0.36592101512588
"R",355,"H","R355H",0.11058153937739
"R",355,"I","R355I",0.423529627394575
"R",355,"K","R355K",-0.0592876835057086
"R",355,"L","R355L",0.723211237947145
"R",355,"M","R355M",-0.197164431342886
"R",355,"N","R355N",0.492011919582016
"R",355,"P","R355P",-0.524692112060531
"R",355,"Q","R355Q",-0.317725097755222
"R",355,"S","R355S",0.911601445566171
"R",355,"T","R355T",-0.115849789861428
"R",355,"V","R355V",0.104277454973872
"R",355,"W","R355W",-0.026946311085794
"R",355,"Y","R355Y",-0.0348088034486695
"D",356,"A","D356A",-0.471091550196445
"D",356,"C","D356C",-0.179880307675727
"D",356,"E","D356E",-0.55047209697414
"D",356,"F","D356F",0.397154217997094
"D",356,"G","D356G",0.385044892347428
"D",356,"H","D356H",-0.547734864570311
"D",356,"I","D356I",0.543790168802878
"D",356,"K","D356K",-1.76427528529687
"D",356,"L","D356L",0.120065000633845
"D",356,"M","D356M",0.843793567651037
"D",356,"N","D356N",1.12585792109375
"D",356,"P","D356P",-0.990683414892225
"D",356,"Q","D356Q",0.268060458884721
"D",356,"R","D356R",0.0596693825159229
"D",356,"S","D356S",0.939719280780851
"D",356,"T","D356T",-0.83877845694577
"D",356,"V","D356V",-0.00834440625621666
"D",356,"W","D356W",0.687475877599349
"D",356,"Y","D356Y",0.423135814133387
"E",357,"A","E357A",-0.0556437405175177
"E",357,"C","E357C",0.937295288861678
"E",357,"D","E357D",0.762937153473242
"E",357,"F","E357F",-0.0726757561466396
"E",357,"G","E357G",-0.540211903665912
"E",357,"H","E357H",0.218524498674734
"E",357,"I","E357I",-0.208536098311907
"E",357,"K","E357K",-0.490767831514413
"E",357,"L","E357L",-0.0395767354804285
"E",357,"M","E357M",-0.345886732907764
"E",357,"N","E357N",-0.407399587057225
"E",357,"Q","E357Q",0.897390088752314
"E",357,"R","E357R",-0.691084975139907
"E",357,"S","E357S",0.480680560588509
"E",357,"T","E357T",-0.0295233975306193
"E",357,"V","E357V",0.769178289205867
"E",357,"W","E357W",0.368056267254374
"E",357,"Y","E357Y",0.206409934203687
"L",358,"A","L358A",-0.248213167749738
"L",358,"C","L358C",0.400646466013869
"L",358,"D","L358D",1.91830139735088
"L",358,"E","L358E",0.345658929520695
"L",358,"F","L358F",-0.760914940080808
"L",358,"G","L358G",1.14036447715892
"L",358,"H","L358H",-0.135043370465979
"L",358,"I","L358I",1.75858492129762
"L",358,"K","L358K",0.854595283346855
"L",358,"M","L358M",-0.665917798291871
"L",358,"N","L358N",0.246690979844645
"L",358,"P","L358P",-0.376224102225132
"L",358,"Q","L358Q",0.146439638167295
"L",358,"R","L358R",-0.334207512217399
"L",358,"S","L358S",0.182310027062807
"L",358,"T","L358T",1.00295408469482
"L",358,"V","L358V",0.378542871299138
"L",358,"W","L358W",0.313077229677063
"L",358,"Y","L358Y",-0.599589693180278
"T",359,"A","T359A",-0.0188117340348414
"T",359,"C","T359C",-1.02088940403003
"T",359,"D","T359D",-0.572629488938763
"T",359,"E","T359E",-0.468927877524257
"T",359,"F","T359F",-0.276548443310437
"T",359,"G","T359G",0.19423149596525
"T",359,"H","T359H",-0.247948796057081
"T",359,"I","T359I",-0.146611516118411
"T",359,"K","T359K",0.193092455401367
"T",359,"L","T359L",0.50181880170713
"T",359,"M","T359M",-0.136648365855986
"T",359,"N","T359N",0.101479511385047
"T",359,"P","T359P",0.686616199539688
"T",359,"Q","T359Q",0.86972938838529
"T",359,"R","T359R",-0.271819310085751
"T",359,"S","T359S",-0.0250611886159961
"T",359,"V","T359V",-0.421195901978515
"T",359,"W","T359W",0.714501111737554
"T",359,"Y","T359Y",0.227048751816505
"K",360,"A","K360A",-0.00654947692174661
"K",360,"C","K360C",-0.000340017455174984
"K",360,"D","K360D",0.437131078142735
"K",360,"E","K360E",0.292794833925546
"K",360,"F","K360F",-0.109179176070063
"K",360,"G","K360G",-0.148759106566828
"K",360,"H","K360H",0.991614386128554
"K",360,"I","K360I",0.790125644874159
"K",360,"L","K360L",0.692979619809553
"K",360,"M","K360M",0.280858327564658
"K",360,"N","K360N",0.0285766395413659
"K",360,"P","K360P",0.972197520892972
"K",360,"Q","K360Q",0.233786794312223
"K",360,"R","K360R",1.51386461576429
"K",360,"S","K360S",0.749962232020794
"K",360,"T","K360T",1.14570683638255
"K",360,"V","K360V",0.389853034530007
"K",360,"W","K360W",-0.14555129208889
"K",360,"Y","K360Y",-0.762868250420546
"N",361,"A","N361A",0.475298344887405
"N",361,"C","N361C",-0.474667231856417
"N",361,"D","N361D",0.415081688402581
"N",361,"E","N361E",0.0916469733448484
"N",361,"F","N361F",-0.281491580126735
"N",361,"G","N361G",0.558362395794076
"N",361,"H","N361H",0.437927825804612
"N",361,"I","N361I",-1.0650320637392
"N",361,"K","N361K",-0.704882339230858
"N",361,"L","N361L",0.886089793573406
"N",361,"M","N361M",-0.639974721524325
"N",361,"P","N361P",-0.270486828907238
"N",361,"Q","N361Q",0.407680606504589
"N",361,"R","N361R",-0.254573376618465
"N",361,"S","N361S",-0.806651287387354
"N",361,"T","N361T",-0.158938915835215
"N",361,"V","N361V",-0.586951735798632
"N",361,"W","N361W",-0.523287708313808
"N",361,"Y","N361Y",-0.155795215947614
"Q",362,"A","Q362A",0.175671985180939
"Q",362,"C","Q362C",-1.61224525582328
"Q",362,"D","Q362D",-2.37340701103685
"Q",362,"E","Q362E",-0.395475197173131
"Q",362,"F","Q362F",-0.275911397130358
"Q",362,"G","Q362G",-0.967339556515499
"Q",362,"H","Q362H",0.20003026646314
"Q",362,"I","Q362I",1.37320668814346
"Q",362,"K","Q362K",3.37213827007636
"Q",362,"L","Q362L",-1.08446707405111
"Q",362,"M","Q362M",1.67687123974608
"Q",362,"N","Q362N",0.539703154644311
"Q",362,"P","Q362P",0.435107501211532
"Q",362,"R","Q362R",-1.33037117758162
"Q",362,"S","Q362S",1.02991196571134
"Q",362,"T","Q362T",0.668041231678572
"Q",362,"V","Q362V",0.146604135020866
"Q",362,"W","Q362W",1.41300310374062
"Q",362,"Y","Q362Y",0.516687112965134
"V",363,"A","V363A",1.24296451033542
"V",363,"C","V363C",0.350447846116785
"V",363,"D","V363D",0.757305264437465
"V",363,"E","V363E",1.08514875114534
"V",363,"F","V363F",-1.02602690680807
"V",363,"G","V363G",0.235362840226474
"V",363,"H","V363H",0.00655623713586165
"V",363,"I","V363I",0.600961405442973
"V",363,"K","V363K",-0.666522176795775
"V",363,"L","V363L",-1.8244044096121
"V",363,"M","V363M",-0.679488946703818
"V",363,"N","V363N",-0.121803687147727
"V",363,"P","V363P",0.50010543651499
"V",363,"Q","V363Q",0.888083061923797
"V",363,"R","V363R",0.327034066258938
"V",363,"S","V363S",-0.169135757359309
"V",363,"T","V363T",1.07723909705677
"V",363,"W","V363W",0.522860436634206
"V",363,"Y","V363Y",0.326980054945958
"S",364,"A","S364A",0.328735553843351
"S",364,"C","S364C",-1.10661363463157
"S",364,"D","S364D",0.177922323628813
"S",364,"E","S364E",0.356191777302027
"S",364,"F","S364F",-1.12369226958767
"S",364,"G","S364G",1.02519060516324
"S",364,"H","S364H",-0.203859484456096
"S",364,"I","S364I",-0.154944667086373
"S",364,"K","S364K",-0.497788933237291
"S",364,"L","S364L",0.66099634128222
"S",364,"M","S364M",-0.718090200802535
"S",364,"N","S364N",-0.25971001971
"S",364,"P","S364P",0.0561948372228854
"S",364,"Q","S364Q",-0.37788177953795
"S",364,"R","S364R",1.75999705197686
"S",364,"T","S364T",-0.616225915368752
"S",364,"V","S364V",-0.0671481501187945
"S",364,"W","S364W",0.0124704444199005
"S",364,"Y","S364Y",1.61457991482908
"L",365,"A","L365A",-0.732860742903725
"L",365,"C","L365C",0.667570874318419
"L",365,"D","L365D",3.2876195745195
"L",365,"E","L365E",0.754200561372678
"L",365,"F","L365F",0.259560395794173
"L",365,"G","L365G",0.892537973191713
"L",365,"H","L365H",-0.287122429387348
"L",365,"I","L365I",0.235761879661126
"L",365,"K","L365K",-0.795303892793259
"L",365,"M","L365M",1.1138446664401
"L",365,"N","L365N",-0.288983160190502
"L",365,"P","L365P",-0.0667966908384219
"L",365,"Q","L365Q",-1.6250120936548
"L",365,"R","L365R",0.587334307589408
"L",365,"S","L365S",0.566834265216962
"L",365,"T","L365T",0.262972620087799
"L",365,"V","L365V",-0.851703280655097
"L",365,"W","L365W",-1.89437112911359
"L",365,"Y","L365Y",-0.10621272873559
"T",366,"A","T366A",0.0733333557538361
"T",366,"C","T366C",-0.4726950681357
"T",366,"D","T366D",1.06616807440091
"T",366,"E","T366E",0.444817938201556
"T",366,"F","T366F",-0.0599820714139289
"T",366,"G","T366G",0.468550495251051
"T",366,"H","T366H",0.797040709236508
"T",366,"I","T366I",-1.13678672402556
"T",366,"K","T366K",1.8094271435082
"T",366,"L","T366L",-0.959470780629444
"T",366,"M","T366M",-0.791542236160258
"T",366,"N","T366N",0.342208584356263
"T",366,"P","T366P",-0.125244066447589
"T",366,"Q","T366Q",0.378755100802729
"T",366,"R","T366R",-0.993816891950806
"T",366,"S","T366S",0.0982467484098741
"T",366,"V","T366V",-2.31612202308139
"T",366,"W","T366W",0.0165379988356114
"T",366,"Y","T366Y",0.571275244405115
"C",367,"A","C367A",0.222471552581161
"C",367,"D","C367D",0.104057860510239
"C",367,"E","C367E",-0.136357500991763
"C",367,"F","C367F",-0.418161126844076
"C",367,"G","C367G",0.629883163001716
"C",367,"H","C367H",-0.427845732155341
"C",367,"I","C367I",-0.411454420792968
"C",367,"K","C367K",0.292100483135038
"C",367,"L","C367L",-0.309620920723504
"C",367,"M","C367M",1.01391364780722
"C",367,"N","C367N",1.22928034571984
"C",367,"P","C367P",-0.171877118387007
"C",367,"Q","C367Q",-0.0957058197753661
"C",367,"R","C367R",0.760556865645288
"C",367,"S","C367S",0.845578406201802
"C",367,"T","C367T",-0.642270371365015
"C",367,"V","C367V",0.646856975453927
"C",367,"W","C367W",-0.539655077947327
"C",367,"Y","C367Y",0.553263004113923
"L",368,"A","L368A",-0.40564526696265
"L",368,"C","L368C",0.909228099090047
"L",368,"D","L368D",-0.331496780208666
"L",368,"E","L368E",0.698831344057399
"L",368,"F","L368F",-0.60337256144697
"L",368,"G","L368G",-1.12303178179355
"L",368,"H","L368H",0.789922857026128
"L",368,"I","L368I",0.592603697929126
"L",368,"K","L368K",1.07128216258863
"L",368,"M","L368M",-0.862748167527618
"L",368,"N","L368N",-0.181086544076356
"L",368,"P","L368P",-0.848459612184609
"L",368,"Q","L368Q",-0.225057714460989
"L",368,"R","L368R",-0.574936311902691
"L",368,"S","L368S",-2.11761208191702
"L",368,"T","L368T",-0.260184469225049
"L",368,"V","L368V",0.163133805398295
"L",368,"W","L368W",-0.372794008870293
"L",368,"Y","L368Y",0.270306202601519
"V",369,"A","V369A",1.29978946465263
"V",369,"C","V369C",-0.278730048271868
"V",369,"D","V369D",2.6746309861094
"V",369,"E","V369E",-1.23905503191283
"V",369,"F","V369F",0.363634012017678
"V",369,"G","V369G",1.07687726276507
"V",369,"H","V369H",0.500049099575509
"V",369,"I","V369I",-1.55848561021096
"V",369,"K","V369K",-0.841082404039805
"V",369,"L","V369L",-0.193839087058859
"V",369,"M","V369M",1.17665909477345
"V",369,"N","V369N",0.837715421467068
"V",369,"P","V369P",0.411999718168167
"V",369,"Q","V369Q",-0.154199885079449
"V",369,"R","V369R",-0.400279034887514
"V",369,"S","V369S",-0.387908158205212
"V",369,"T","V369T",-0.890631335595411
"V",369,"W","V369W",0.342216552979324
"V",369,"Y","V369Y",0.94337742940091
"K",370,"C","K370C",0.0184871797870194
"K",370,"D","K370D",0.278416935622177
"K",370,"E","K370E",0.178440387555357
"K",370,"F","K370F",0.483031630639949
"K",370,"G","K370G",0.763270655292153
"K",370,"H","K370H",0.856233809736318
"K",370,"I","K370I",0.701255598857645
"K",370,"L","K370L",-0.170887484962444
"K",370,"M","K370M",0.589295839596616
"K",370,"N","K370N",-1.1030240686022
"K",370,"P","K370P",-1.13104265792472
"K",370,"Q","K370Q",0.164801818119994
"K",370,"R","K370R",-0.376945730828109
"K",370,"S","K370S",-1.21058202720791
"K",370,"T","K370T",-0.330909704449824
"K",370,"V","K370V",1.38788192247426
"K",370,"W","K370W",-0.826021269219215
"K",370,"Y","K370Y",-0.407674276910105
"G",371,"A","G371A",-1.14102409708543
"G",371,"C","G371C",-0.567799086824305
"G",371,"D","G371D",-0.0570623112356437
"G",371,"E","G371E",0.225152346362879
"G",371,"F","G371F",-0.162193084580474
"G",371,"H","G371H",0.294983651255611
"G",371,"I","G371I",0.28162134574241
"G",371,"K","G371K",0.731074545942944
"G",371,"L","G371L",-0.400292372700444
"G",371,"M","G371M",1.25793393116733
"G",371,"N","G371N",-0.40861629360583
"G",371,"P","G371P",2.1102527842804
"G",371,"Q","G371Q",0.449968485367633
"G",371,"R","G371R",1.30373743613864
"G",371,"S","G371S",2.10887932490361
"G",371,"T","G371T",0.866016069832278
"G",371,"V","G371V",0.67696821160269
"G",371,"W","G371W",-0.053079634073305
"G",371,"Y","G371Y",-0.0872534469971426
"F",372,"A","F372A",1.07148837927661
"F",372,"C","F372C",0.570896948884428
"F",372,"D","F372D",-0.365246659677884
"F",372,"E","F372E",-0.373610671831435
"F",372,"G","F372G",0.175132562920853
"F",372,"H","F372H",0.512544281755463
"F",372,"I","F372I",0.0792665851996852
"F",372,"K","F372K",-1.88779290160692
"F",372,"L","F372L",-1.03687069857837
"F",372,"M","F372M",-0.70393068510331
"F",372,"N","F372N",0.98673504540742
"F",372,"P","F372P",0.396535223565191
"F",372,"Q","F372Q",-1.14771950467729
"F",372,"R","F372R",-0.650557802011862
"F",372,"S","F372S",-1.68516176006879
"F",372,"T","F372T",0.293315239985444
"F",372,"V","F372V",-0.230267163085707
"F",372,"W","F372W",-1.90822455272872
"F",372,"Y","F372Y",-1.19747099762843
"Y",373,"A","Y373A",0.573591712662462
"Y",373,"C","Y373C",-0.466511441997553
"Y",373,"D","Y373D",1.19415937702313
"Y",373,"E","Y373E",-0.90980080119542
"Y",373,"F","Y373F",-0.305278044843954
"Y",373,"G","Y373G",-0.323388628237759
"Y",373,"H","Y373H",1.18754195998462
"Y",373,"I","Y373I",-0.052264121268068
"Y",373,"K","Y373K",-0.520793201996005
"Y",373,"L","Y373L",0.987203345511826
"Y",373,"M","Y373M",-0.382664663028904
"Y",373,"N","Y373N",0.683319668687229
"Y",373,"P","Y373P",-0.465487958015629
"Y",373,"Q","Y373Q",0.512871642262657
"Y",373,"R","Y373R",1.07851263838329
"Y",373,"S","Y373S",-0.77603881641004
"Y",373,"T","Y373T",-0.354739725426791
"Y",373,"V","Y373V",-0.0466265684305124
"Y",373,"W","Y373W",-0.477373381508537
"P",374,"A","P374A",-1.02035066795422
"P",374,"C","P374C",-1.15527129423271
"P",374,"D","P374D",-0.251310159663364
"P",374,"E","P374E",-0.630445954806262
"P",374,"F","P374F",-1.33639103348295
"P",374,"G","P374G",-0.195669034128351
"P",374,"H","P374H",0.815121654007004
"P",374,"I","P374I",-0.21218765163646
"P",374,"K","P374K",-1.38614396158411
"P",374,"L","P374L",-0.540472713169104
"P",374,"M","P374M",0.635410760130031
"P",374,"N","P374N",-0.0364740023578166
"P",374,"Q","P374Q",-0.774284526525588
"P",374,"R","P374R",-0.399627521869295
"P",374,"S","P374S",-0.33453442601305
"P",374,"T","P374T",-1.03872724233615
"P",374,"V","P374V",-0.271780508051494
"P",374,"W","P374W",-1.73689273767911
"P",374,"Y","P374Y",-0.318465293305995
"S",375,"A","S375A",-0.117121565151208
"S",375,"C","S375C",0.228392253003642
"S",375,"D","S375D",0.164276978845879
"S",375,"E","S375E",1.19400318200142
"S",375,"F","S375F",0.149658887002584
"S",375,"G","S375G",0.189596464267488
"S",375,"H","S375H",0.18006949244652
"S",375,"I","S375I",-0.773142554392765
"S",375,"K","S375K",-0.0538163008571099
"S",375,"L","S375L",0.244460945175864
"S",375,"M","S375M",-0.783956877244737
"S",375,"N","S375N",0.209966213491425
"S",375,"P","S375P",0.168448128869873
"S",375,"Q","S375Q",0.0199919611192698
"S",375,"R","S375R",-0.562880755626449
"S",375,"T","S375T",1.54441971937187
"S",375,"V","S375V",-0.203900110564772
"S",375,"W","S375W",0.292055106904765
"S",375,"Y","S375Y",0.409546859665784
"D",376,"A","D376A",1.14072487391912
"D",376,"C","D376C",-1.90910088328103
"D",376,"E","D376E",0.00459067002577321
"D",376,"F","D376F",-0.784315471651232
"D",376,"G","D376G",0.827587503931369
"D",376,"H","D376H",-1.88425255984667
"D",376,"I","D376I",0.325586419484201
"D",376,"K","D376K",-0.574862928988601
"D",376,"L","D376L",0.224129792442921
"D",376,"M","D376M",0.382996254292184
"D",376,"N","D376N",1.37065464483136
"D",376,"P","D376P",0.358106675587763
"D",376,"Q","D376Q",-0.171264162185114
"D",376,"R","D376R",-1.1793433990188
"D",376,"S","D376S",-0.0176699629511679
"D",376,"T","D376T",0.119203756059954
"D",376,"V","D376V",-0.358445163679891
"D",376,"W","D376W",-3.73772146873958
"D",376,"Y","D376Y",0.444022848393465
"I",377,"A","I377A",3.63428582220966
"I",377,"C","I377C",-0.247771615941964
"I",377,"D","I377D",-0.269521400167777
"I",377,"E","I377E",0.082194339254201
"I",377,"F","I377F",-1.73758687506638
"I",377,"G","I377G",-0.288870642738262
"I",377,"H","I377H",-2.14705469683766
"I",377,"K","I377K",-2.06517100413603
"I",377,"L","I377L",-0.373809240534403
"I",377,"M","I377M",-0.98922778266568
"I",377,"N","I377N",-0.0577123580820422
"I",377,"P","I377P",0.125466529387741
"I",377,"Q","I377Q",0.533584639944387
"I",377,"R","I377R",0.434784682076194
"I",377,"S","I377S",0.09806284559283
"I",377,"T","I377T",0.159266057970107
"I",377,"V","I377V",-0.185442186094832
"I",377,"W","I377W",-2.5180588248258
"I",377,"Y","I377Y",-1.88507325512611
"A",378,"C","A378C",0.684064286467326
"A",378,"D","A378D",0.213042505726946
"A",378,"E","A378E",-0.605743814864497
"A",378,"F","A378F",0.68328474414942
"A",378,"G","A378G",1.08042611723977
"A",378,"H","A378H",0.0382967571114373
"A",378,"I","A378I",-1.64923171394708
"A",378,"K","A378K",0.352393118141093
"A",378,"L","A378L",-0.726067753613952
"A",378,"M","A378M",-0.34603893323251
"A",378,"N","A378N",-0.688325277658838
"A",378,"P","A378P",-3.535182278142
"A",378,"Q","A378Q",1.90996613988349
"A",378,"R","A378R",0.398390439421378
"A",378,"S","A378S",0.679921745473151
"A",378,"T","A378T",-0.500531087704083
"A",378,"V","A378V",-1.46038410412923
"A",378,"W","A378W",-0.800982500506647
"A",378,"Y","A378Y",0.595744653893668
"V",379,"A","V379A",0.279866614896332
"V",379,"C","V379C",0.0831053676180409
"V",379,"D","V379D",0.671040545811442
"V",379,"E","V379E",-1.30379851960713
"V",379,"F","V379F",-2.250220669609
"V",379,"G","V379G",0.711315517137501
"V",379,"H","V379H",-2.51600924773636
"V",379,"I","V379I",-0.382826300306531
"V",379,"K","V379K",-0.00647422750370269
"V",379,"L","V379L",0.487617495640085
"V",379,"M","V379M",1.10259527853926
"V",379,"N","V379N",0.929062627282843
"V",379,"P","V379P",-0.296615670578727
"V",379,"Q","V379Q",1.2580951689176
"V",379,"R","V379R",-1.2665856178718
"V",379,"S","V379S",0.140579533224174
"V",379,"T","V379T",0.131881281181232
"V",379,"W","V379W",-4.82702148558608
"V",379,"Y","V379Y",-1.63409208475591
"E",380,"A","E380A",-0.467239768418675
"E",380,"C","E380C",0.115348289751569
"E",380,"D","E380D",-0.420775555427906
"E",380,"F","E380F",-0.319469528733932
"E",380,"G","E380G",-0.405796184348861
"E",380,"H","E380H",0.074440790847183
"E",380,"I","E380I",0.680669959434426
"E",380,"K","E380K",0.0228494006279771
"E",380,"L","E380L",-0.25180155556675
"E",380,"M","E380M",0.0627213655384175
"E",380,"N","E380N",0.998364905761334
"E",380,"P","E380P",0.111848885325011
"E",380,"Q","E380Q",0.333316150482823
"E",380,"R","E380R",0.188401006257891
"E",380,"S","E380S",0.594607652039224
"E",380,"T","E380T",0.676861288148504
"E",380,"V","E380V",-0.357481939158094
"E",380,"W","E380W",-0.946182842416244
"E",380,"Y","E380Y",1.58947598596924
"W",381,"A","W381A",-1.655083629366
"W",381,"C","W381C",-0.673555812502077
"W",381,"D","W381D",2.34388201622288
"W",381,"E","W381E",0.427597618263351
"W",381,"F","W381F",-1.58012677460185
"W",381,"G","W381G",0.44769429027422
"W",381,"H","W381H",0.8452757090082
"W",381,"I","W381I",-1.35225104008337
"W",381,"K","W381K",-3.26769722546232
"W",381,"L","W381L",0.862949825247228
"W",381,"M","W381M",0.769528575982414
"W",381,"N","W381N",1.03630977063418
"W",381,"P","W381P",0.220096832677121
"W",381,"Q","W381Q",-0.737322405098413
"W",381,"R","W381R",-1.21955188281094
"W",381,"S","W381S",-0.113498037039104
"W",381,"T","W381T",-1.13063758894443
"W",381,"V","W381V",0.393657063277983
"W",381,"Y","W381Y",0.247006899932144
"E",382,"A","E382A",0.57028311267569
"E",382,"C","E382C",0.76546379153264
"E",382,"D","E382D",-0.153378171622335
"E",382,"F","E382F",-0.303450418803712
"E",382,"G","E382G",0.0587285510469543
"E",382,"H","E382H",0.561179477118232
"E",382,"I","E382I",0.447908503847242
"E",382,"K","E382K",-0.665988684099386
"E",382,"L","E382L",-0.341826676729588
"E",382,"M","E382M",0.168168532612822
"E",382,"N","E382N",-0.209997082587789
"E",382,"P","E382P",1.02181323496552
"E",382,"Q","E382Q",0.249197419994126
"E",382,"R","E382R",1.08529037366787
"E",382,"S","E382S",-0.526346545207194
"E",382,"T","E382T",0.134045377387568
"E",382,"V","E382V",-0.386608650056799
"E",382,"W","E382W",-0.670202607326437
"E",382,"Y","E382Y",0.28999080133411
"S",383,"A","S383A",1.20912437743196
"S",383,"C","S383C",1.4801664498545
"S",383,"D","S383D",-0.619526027689127
"S",383,"E","S383E",0.96677985495265
"S",383,"F","S383F",-0.592855775560566
"S",383,"G","S383G",0.459546621720684
"S",383,"H","S383H",-0.31629007580549
"S",383,"I","S383I",-0.0229031286682608
"S",383,"K","S383K",-0.943295260376389
"S",383,"L","S383L",0.122354183839332
"S",383,"M","S383M",0.651608973042196
"S",383,"N","S383N",0.238073719538532
"S",383,"P","S383P",2.03207992127536
"S",383,"Q","S383Q",0.290111740457037
"S",383,"R","S383R",-0.995847099041894
"S",383,"T","S383T",-0.198913268721542
"S",383,"V","S383V",-1.06443775838969
"S",383,"W","S383W",-0.243327723697663
"S",383,"Y","S383Y",0.071078516248922
"N",384,"A","N384A",-0.393849744564584
"N",384,"C","N384C",1.31493330287318
"N",384,"D","N384D",-0.173764652987601
"N",384,"E","N384E",0.323984276374118
"N",384,"F","N384F",0.585625381772953
"N",384,"G","N384G",0.357632474664327
"N",384,"H","N384H",-0.79068148038987
"N",384,"I","N384I",-0.33558990035654
"N",384,"K","N384K",-0.363884510393946
"N",384,"L","N384L",0.480394438852031
"N",384,"M","N384M",-1.74652714499703
"N",384,"P","N384P",-0.262300538939827
"N",384,"Q","N384Q",-0.875414022016058
"N",384,"R","N384R",-1.93258631518238
"N",384,"S","N384S",0.483767317806173
"N",384,"T","N384T",1.36259957738422
"N",384,"V","N384V",-0.0819233124791643
"N",384,"W","N384W",0.286620072344403
"N",384,"Y","N384Y",-0.621406652758029
"G",385,"A","G385A",0.379024926626517
"G",385,"C","G385C",0.20136679846719
"G",385,"D","G385D",0.155497894663528
"G",385,"E","G385E",-1.33221324851137
"G",385,"F","G385F",0.180714234054423
"G",385,"H","G385H",1.53047236698937
"G",385,"I","G385I",-0.0552393856943142
"G",385,"K","G385K",-0.11871646099303
"G",385,"L","G385L",1.13121729270581
"G",385,"M","G385M",0.835722519739742
"G",385,"N","G385N",1.33741341953254
"G",385,"P","G385P",0.565022085532477
"G",385,"Q","G385Q",0.0195910514272928
"G",385,"R","G385R",-1.16362962952334
"G",385,"S","G385S",0.240605701160874
"G",385,"T","G385T",-1.04472366409749
"G",385,"V","G385V",-0.752970924782544
"G",385,"W","G385W",0.154544978992513
"G",385,"Y","G385Y",-0.269665905074423
"Q",386,"A","Q386A",-0.0265357270056397
"Q",386,"C","Q386C",-0.057150157354814
"Q",386,"D","Q386D",1.45306962820459
"Q",386,"E","Q386E",0.423787399773157
"Q",386,"F","Q386F",0.498808031891548
"Q",386,"G","Q386G",0.60252074957886
"Q",386,"H","Q386H",0.663594588382342
"Q",386,"I","Q386I",0.361392172295147
"Q",386,"K","Q386K",0.843023642653533
"Q",386,"L","Q386L",-0.615447717706645
"Q",386,"M","Q386M",0.545533027703144
"Q",386,"N","Q386N",-0.128566628364475
"Q",386,"P","Q386P",0.391453702676711
"Q",386,"R","Q386R",0.133335568317117
"Q",386,"S","Q386S",0.339510148991365
"Q",386,"V","Q386V",0.168432004164602
"Q",386,"W","Q386W",-0.156653059535877
"Q",386,"Y","Q386Y",0.136254765397126
"P",387,"A","P387A",-0.324468948589357
"P",387,"C","P387C",0.401930519246582
"P",387,"D","P387D",0.186833796284532
"P",387,"E","P387E",-1.77724584104618
"P",387,"F","P387F",0.778892479287162
"P",387,"G","P387G",0.646197044592362
"P",387,"H","P387H",0.490774752296921
"P",387,"I","P387I",1.74712527082221
"P",387,"K","P387K",-0.762187792156104
"P",387,"L","P387L",-0.286021129563611
"P",387,"M","P387M",0.257009570265696
"P",387,"N","P387N",0.991692880521258
"P",387,"Q","P387Q",-0.0492369591382803
"P",387,"R","P387R",-0.913578253965494
"P",387,"S","P387S",-0.14288031899494
"P",387,"T","P387T",-0.308940823688325
"P",387,"V","P387V",0.249621368541052
"P",387,"W","P387W",-0.895529285428346
"P",387,"Y","P387Y",-0.514021206231805
"E",388,"A","E388A",-0.00205998949921592
"E",388,"C","E388C",0.85779837031247
"E",388,"D","E388D",0.504888159423202
"E",388,"F","E388F",0.230187316553565
"E",388,"G","E388G",0.0343825860500624
"E",388,"H","E388H",3.83305073767852
"E",388,"I","E388I",-0.28176748314273
"E",388,"K","E388K",-0.760455609863219
"E",388,"L","E388L",0.0912808882784685
"E",388,"M","E388M",0.509583577332433
"E",388,"N","E388N",1.29360951641858
"E",388,"P","E388P",-0.283698073530504
"E",388,"Q","E388Q",-0.320528880974019
"E",388,"R","E388R",0.166589905538585
"E",388,"S","E388S",0.359767411528466
"E",388,"T","E388T",0.751026674269436
"E",388,"V","E388V",1.26925966569014
"E",388,"W","E388W",-0.943584674839665
"E",388,"Y","E388Y",0.291444488564256
"N",389,"A","N389A",-0.917096552739101
"N",389,"C","N389C",0.116956638860426
"N",389,"D","N389D",0.768438689177894
"N",389,"E","N389E",-0.563418442249008
"N",389,"F","N389F",-0.197218267821324
"N",389,"G","N389G",-0.779628557329547
"N",389,"H","N389H",0.334633966494269
"N",389,"I","N389I",-0.164732967918797
"N",389,"K","N389K",-0.0458030882012155
"N",389,"L","N389L",-2.23389878697906
"N",389,"M","N389M",-2.07124946793014
"N",389,"P","N389P",-0.427258059384087
"N",389,"Q","N389Q",0.063369261950252
"N",389,"R","N389R",0.5906267220788
"N",389,"S","N389S",-0.682317938446188
"N",389,"T","N389T",-1.07114800712835
"N",389,"V","N389V",1.26924820309116
"N",389,"W","N389W",-0.606674348450905
"N",389,"Y","N389Y",0.475429894194238
"N",390,"A","N390A",0.0979629659497651
"N",390,"C","N390C",0.518847612051818
"N",390,"D","N390D",0.573713585912008
"N",390,"E","N390E",0.29952302677221
"N",390,"F","N390F",0.176602582510301
"N",390,"G","N390G",0.176083192233849
"N",390,"H","N390H",-0.670960777651662
"N",390,"I","N390I",-0.448888911151004
"N",390,"K","N390K",0.622100237764478
"N",390,"L","N390L",0.753557728550117
"N",390,"M","N390M",0.464982132677952
"N",390,"P","N390P",0.515474503041244
"N",390,"Q","N390Q",-0.0965784398203996
"N",390,"R","N390R",-0.64149796217556
"N",390,"S","N390S",-0.247819589970294
"N",390,"T","N390T",0.447259772849398
"N",390,"V","N390V",0.086519927310149
"N",390,"W","N390W",0.389111316394714
"N",390,"Y","N390Y",0.593051157062878
"Y",391,"A","Y391A",-0.00541650866985826
"Y",391,"C","Y391C",-0.614118278417377
"Y",391,"D","Y391D",0.972195819037242
"Y",391,"E","Y391E",1.65818845639104
"Y",391,"F","Y391F",-0.862514925800645
"Y",391,"G","Y391G",-0.292893817348077
"Y",391,"H","Y391H",0.192874168989462
"Y",391,"I","Y391I",0.93074457551884
"Y",391,"K","Y391K",0.501437064876156
"Y",391,"L","Y391L",1.25360218379666
"Y",391,"M","Y391M",0.998720846897725
"Y",391,"N","Y391N",0.375935444177859
"Y",391,"P","Y391P",0.960911561664657
"Y",391,"Q","Y391Q",-0.646257072123991
"Y",391,"R","Y391R",-0.811699668677591
"Y",391,"S","Y391S",-0.553683139128341
"Y",391,"T","Y391T",-0.741513874800809
"Y",391,"V","Y391V",2.05811240273902
"Y",391,"W","Y391W",0.750567710270793
"K",392,"A","K392A",-0.146985060971944
"K",392,"C","K392C",0.657948245177631
"K",392,"D","K392D",-1.51494444329316
"K",392,"E","K392E",2.00174480525862
"K",392,"F","K392F",-0.145294734052637
"K",392,"G","K392G",-0.195733310858973
"K",392,"H","K392H",0.32640338104864
"K",392,"I","K392I",0.134782603726445
"K",392,"L","K392L",0.255174818527577
"K",392,"M","K392M",0.288838194470764
"K",392,"N","K392N",0.874039222452455
"K",392,"P","K392P",0.0453472593145904
"K",392,"Q","K392Q",-0.107326520812764
"K",392,"R","K392R",-0.605805316645667
"K",392,"S","K392S",0.763836978077717
"K",392,"T","K392T",0.276235429372036
"K",392,"V","K392V",0.364158538647301
"K",392,"W","K392W",-0.0671858289865179
"K",392,"Y","K392Y",0.119136821009631
"T",393,"A","T393A",0.315050516930183
"T",393,"C","T393C",-0.131635460842976
"T",393,"D","T393D",0.533846088291592
"T",393,"E","T393E",0.0186349166000331
"T",393,"F","T393F",0.552259457677404
"T",393,"G","T393G",0.190364990628342
"T",393,"H","T393H",-0.137246519878019
"T",393,"I","T393I",-0.485413029855866
"T",393,"K","T393K",-0.928750585850163
"T",393,"L","T393L",-0.234838818405257
"T",393,"M","T393M",0.788001146914426
"T",393,"N","T393N",0.655250034345298
"T",393,"P","T393P",1.0436358773786
"T",393,"Q","T393Q",0.669613584795105
"T",393,"R","T393R",0.735785128476601
"T",393,"S","T393S",-0.996499274256891
"T",393,"V","T393V",0.182780065153709
"T",393,"W","T393W",0.397472369191563
"T",393,"Y","T393Y",0.437799672322108
"T",394,"A","T394A",-0.420820669309095
"T",394,"C","T394C",0.545510098978396
"T",394,"D","T394D",-1.08858801306381
"T",394,"E","T394E",-0.690099209500903
"T",394,"F","T394F",-1.98965864159573
"T",394,"G","T394G",0.691227425430457
"T",394,"H","T394H",-0.635630372943926
"T",394,"I","T394I",-1.84178554419088
"T",394,"K","T394K",-0.206070687291019
"T",394,"L","T394L",-1.16659830852863
"T",394,"M","T394M",-0.437487325402427
"T",394,"N","T394N",-1.79058249043248
"T",394,"P","T394P",-0.891075678783576
"T",394,"Q","T394Q",0.0783186508008207
"T",394,"R","T394R",-2.26476600690043
"T",394,"S","T394S",0.905146862927538
"T",394,"V","T394V",-1.26927967875657
"T",394,"W","T394W",-2.63186940519505
"T",394,"Y","T394Y",-2.08698934535629
"P",395,"A","P395A",-0.612703761532073
"P",395,"C","P395C",-0.330180545496653
"P",395,"D","P395D",0.328076658856863
"P",395,"E","P395E",0.51980134785097
"P",395,"F","P395F",0.501938093152145
"P",395,"G","P395G",-0.148152908377425
"P",395,"H","P395H",0.647998142568345
"P",395,"I","P395I",0.190575123835371
"P",395,"K","P395K",2.09235121491628
"P",395,"L","P395L",-0.499803833795578
"P",395,"M","P395M",1.15948539512657
"P",395,"N","P395N",-0.494121295944715
"P",395,"Q","P395Q",-0.294566101539774
"P",395,"R","P395R",0.509654839931743
"P",395,"S","P395S",0.508190378794004
"P",395,"T","P395T",0.20020271565817
"P",395,"V","P395V",0.867983469003709
"P",395,"W","P395W",0.42600798079785
"P",395,"Y","P395Y",1.53190551741704
"P",396,"A","P396A",0.18616818874157
"P",396,"C","P396C",-3.28920313760918
"P",396,"D","P396D",-1.17656029616708
"P",396,"E","P396E",0.0117085889261986
"P",396,"F","P396F",-1.97060099688532
"P",396,"G","P396G",1.01426910371202
"P",396,"H","P396H",-2.4179200969237
"P",396,"I","P396I",-3.78200846039386
"P",396,"K","P396K",-2.49064240917677
"P",396,"L","P396L",-2.12670551515539
"P",396,"M","P396M",-2.82018893451807
"P",396,"N","P396N",-0.62273794185302
"P",396,"Q","P396Q",-1.52328366951566
"P",396,"R","P396R",-0.707258478958007
"P",396,"S","P396S",-0.135161996212436
"P",396,"T","P396T",0.810801922775862
"P",396,"V","P396V",-0.375268398032736
"P",396,"W","P396W",-1.42607315783567
"P",396,"Y","P396Y",-1.72422434184109
"V",397,"A","V397A",0.42062814925529
"V",397,"C","V397C",-0.634410558875083
"V",397,"D","V397D",-0.406150725961612
"V",397,"E","V397E",-1.51288170418892
"V",397,"F","V397F",0.364861814063967
"V",397,"G","V397G",-1.46651985295598
"V",397,"H","V397H",-1.14534607553963
"V",397,"I","V397I",-0.800727297406991
"V",397,"K","V397K",-0.315542737407039
"V",397,"L","V397L",-0.997776479871649
"V",397,"M","V397M",-0.817262899151728
"V",397,"N","V397N",-0.858665959596921
"V",397,"P","V397P",-0.445810235474462
"V",397,"Q","V397Q",-0.9304556564903
"V",397,"R","V397R",0.242719925503313
"V",397,"S","V397S",-0.443049211105968
"V",397,"T","V397T",-0.0325303682956256
"V",397,"W","V397W",-0.710898377550333
"V",397,"Y","V397Y",-2.24163937676677
"L",398,"A","L398A",0.808776167503982
"L",398,"C","L398C",0.501686315149524
"L",398,"D","L398D",-0.417088215157957
"L",398,"E","L398E",-2.13378371772338
"L",398,"F","L398F",0.554077012107993
"L",398,"G","L398G",-0.49669006663805
"L",398,"H","L398H",1.4897593004895
"L",398,"I","L398I",-0.694626007901708
"L",398,"K","L398K",-0.484105522450545
"L",398,"M","L398M",-0.226623613507761
"L",398,"N","L398N",0.195754068051336
"L",398,"P","L398P",-0.486796528820691
"L",398,"Q","L398Q",-0.450670958273821
"L",398,"R","L398R",0.769736394150865
"L",398,"S","L398S",-1.00036214635641
"L",398,"T","L398T",0.59767615018392
"L",398,"V","L398V",0.00533904497021883
"L",398,"W","L398W",-0.00304900650855175
"L",398,"Y","L398Y",-0.276132749795152
"D",399,"A","D399A",0.0677075106461658
"D",399,"C","D399C",-0.9768966352104
"D",399,"E","D399E",-0.251566897181983
"D",399,"F","D399F",-0.0978648104869268
"D",399,"G","D399G",-1.22869814556968
"D",399,"H","D399H",-0.330067323406577
"D",399,"I","D399I",0.247634703223775
"D",399,"K","D399K",-0.907673575281252
"D",399,"L","D399L",-0.773707092556538
"D",399,"M","D399M",-0.448963490894494
"D",399,"N","D399N",0.430315459717953
"D",399,"P","D399P",0.493965704107043
"D",399,"Q","D399Q",0.183393978997043
"D",399,"R","D399R",0.558678474540239
"D",399,"S","D399S",-0.242761728231708
"D",399,"T","D399T",-0.0209814855825297
"D",399,"V","D399V",-0.286174142053006
"D",399,"W","D399W",-0.288224595570494
"D",399,"Y","D399Y",0.72999972658318
"S",400,"A","S400A",-0.855231092227403
"S",400,"C","S400C",0.988792734865718
"S",400,"D","S400D",-0.647518392094889
"S",400,"E","S400E",1.26820886555281
"S",400,"F","S400F",-0.605027119853714
"S",400,"G","S400G",0.116403280025322
"S",400,"H","S400H",-0.755531644468541
"S",400,"I","S400I",3.1784987571152
"S",400,"K","S400K",-0.441635764845266
"S",400,"L","S400L",-0.295879808709703
"S",400,"M","S400M",0.440421385479887
"S",400,"N","S400N",0.699131071948665
"S",400,"P","S400P",-0.601850821652361
"S",400,"Q","S400Q",1.3827544427364
"S",400,"R","S400R",0.132475053739609
"S",400,"T","S400T",-0.594568747920607
"S",400,"V","S400V",0.0954946667789851
"S",400,"W","S400W",1.49027127532236
"S",400,"Y","S400Y",0.137643666728531
"D",401,"A","D401A",-0.394907967034834
"D",401,"C","D401C",0.239244871380778
"D",401,"E","D401E",1.39868732915225
"D",401,"F","D401F",0.794162813768512
"D",401,"G","D401G",-0.312849410053485
"D",401,"H","D401H",0.559545322245516
"D",401,"I","D401I",0.197624644065761
"D",401,"K","D401K",-0.470093895646425
"D",401,"L","D401L",0.0991275607998128
"D",401,"M","D401M",-0.345607487074683
"D",401,"N","D401N",-0.722311845836912
"D",401,"P","D401P",0.292629098580451
"D",401,"Q","D401Q",0.469016631155846
"D",401,"R","D401R",-0.853434109196908
"D",401,"S","D401S",-1.32917110244138
"D",401,"T","D401T",1.60812716609975
"D",401,"V","D401V",1.18649312429694
"D",401,"W","D401W",-0.548498781197476
"D",401,"Y","D401Y",0.145190189916395
"G",402,"A","G402A",-0.0885472641645071
"G",402,"C","G402C",-0.738874296225853
"G",402,"D","G402D",0.616664368719744
"G",402,"E","G402E",0.266529273135821
"G",402,"F","G402F",-0.221288521076919
"G",402,"H","G402H",0.343498954005998
"G",402,"I","G402I",0.194796976439239
"G",402,"K","G402K",0.0343273194650794
"G",402,"L","G402L",0.796263915909459
"G",402,"M","G402M",2.01318950958664
"G",402,"N","G402N",0.310842671523555
"G",402,"P","G402P",-0.466565586854281
"G",402,"Q","G402Q",0.0308062022411226
"G",402,"R","G402R",0.00535487033847201
"G",402,"S","G402S",0.277584810310943
"G",402,"T","G402T",-0.450906201863057
"G",402,"V","G402V",-0.610591750003252
"G",402,"W","G402W",0.287136419122032
"G",402,"Y","G402Y",1.19926828697982
"S",403,"A","S403A",0.320549273149892
"S",403,"C","S403C",-0.366859762777244
"S",403,"D","S403D",0.40081206095691
"S",403,"E","S403E",-0.0997917682547082
"S",403,"F","S403F",0.714068264711606
"S",403,"G","S403G",-0.287411135290442
"S",403,"H","S403H",1.06640279745664
"S",403,"I","S403I",-1.14460704404892
"S",403,"K","S403K",-0.755314142361199
"S",403,"L","S403L",-0.352626050264753
"S",403,"M","S403M",1.00001929679013
"S",403,"N","S403N",-0.0542310103709845
"S",403,"P","S403P",-0.387228223316982
"S",403,"Q","S403Q",0.676196951225488
"S",403,"R","S403R",1.75571177044613
"S",403,"T","S403T",0.507555585038576
"S",403,"V","S403V",0.843083860654288
"S",403,"W","S403W",0.947758066302202
"S",403,"Y","S403Y",-0.933122660345474
"F",404,"A","F404A",-1.9163127713232
"F",404,"C","F404C",0.547921610584973
"F",404,"D","F404D",-0.672477528670628
"F",404,"E","F404E",-1.25062711245674
"F",404,"G","F404G",-0.5371425194164
"F",404,"H","F404H",0.196763791371643
"F",404,"I","F404I",-0.201365343165122
"F",404,"K","F404K",-2.15857815379294
"F",404,"L","F404L",-0.760066644369602
"F",404,"M","F404M",-0.843415656856927
"F",404,"N","F404N",0.0154506543753914
"F",404,"P","F404P",-0.568628446010797
"F",404,"Q","F404Q",1.99917683164095
"F",404,"R","F404R",-1.99578172759285
"F",404,"S","F404S",-0.545467754866941
"F",404,"T","F404T",-1.396689244228
"F",404,"V","F404V",1.61710018259234
"F",404,"W","F404W",-0.140752015398445
"F",404,"Y","F404Y",0.703128645724864
"F",405,"A","F405A",1.41409342455989
"F",405,"C","F405C",0.93795163855465
"F",405,"D","F405D",-0.436429477775544
"F",405,"E","F405E",-1.88945907115317
"F",405,"G","F405G",-0.906588230393791
"F",405,"H","F405H",-0.87112032256896
"F",405,"I","F405I",0.477238261164333
"F",405,"K","F405K",0.149198010143703
"F",405,"L","F405L",-0.154901009761126
"F",405,"M","F405M",-0.430802053432733
"F",405,"N","F405N",0.027046367481333
"F",405,"P","F405P",-1.01073285120049
"F",405,"Q","F405Q",-1.02764810623158
"F",405,"R","F405R",2.00677867209264
"F",405,"S","F405S",-0.00513626501600155
"F",405,"T","F405T",0.539065295967316
"F",405,"V","F405V",-0.831180051157397
"F",405,"W","F405W",-1.16489749119784
"F",405,"Y","F405Y",-1.62446778447255
"L",406,"A","L406A",0.524407564323014
"L",406,"C","L406C",-0.0645156892282363
"L",406,"D","L406D",0.62093036985036
"L",406,"E","L406E",0.615676318954594
"L",406,"F","L406F",-1.75940889542269
"L",406,"G","L406G",-0.895412512820464
"L",406,"H","L406H",-0.279839885205004
"L",406,"I","L406I",-0.00431601133935195
"L",406,"K","L406K",-1.08357054636606
"L",406,"M","L406M",0.225566854878647
"L",406,"N","L406N",1.22808112449776
"L",406,"P","L406P",-1.50262880387155
"L",406,"Q","L406Q",0.00228031086661994
"L",406,"R","L406R",0.106323449893386
"L",406,"S","L406S",0.417127119249998
"L",406,"T","L406T",0.133071945584164
"L",406,"V","L406V",0.336984839848122
"L",406,"W","L406W",-1.49990098431035
"L",406,"Y","L406Y",0.826459723375821
"Y",407,"A","Y407A",-0.0852623362008012
"Y",407,"C","Y407C",-0.239746652266411
"Y",407,"D","Y407D",0.486666779288249
"Y",407,"E","Y407E",1.47255067485379
"Y",407,"F","Y407F",-0.26848323511913
"Y",407,"G","Y407G",0.869502746512397
"Y",407,"H","Y407H",0.706723680248682
"Y",407,"I","Y407I",0.145986585075046
"Y",407,"K","Y407K",-3.41141314256911
"Y",407,"L","Y407L",-0.242663013811777
"Y",407,"M","Y407M",0.0907035460428145
"Y",407,"N","Y407N",-0.872336932815321
"Y",407,"P","Y407P",1.2349027077049
"Y",407,"Q","Y407Q",-0.0642992316263243
"Y",407,"R","Y407R",-1.63232074306899
"Y",407,"S","Y407S",-0.175182417439169
"Y",407,"T","Y407T",1.34515116313566
"Y",407,"V","Y407V",-0.181396989308971
"Y",407,"W","Y407W",-2.04127878265904
"S",408,"A","S408A",0.161299718764578
"S",408,"C","S408C",1.10238105022643
"S",408,"D","S408D",0.332306810880666
"S",408,"E","S408E",-1.18196107818013
"S",408,"F","S408F",-0.555091270290108
"S",408,"G","S408G",-0.21730045876056
"S",408,"H","S408H",-0.98261606099601
"S",408,"I","S408I",-0.349709166837353
"S",408,"K","S408K",-2.06715760454268
"S",408,"L","S408L",-0.674611047387433
"S",408,"M","S408M",-1.21060310010624
"S",408,"N","S408N",0.695788523768437
"S",408,"P","S408P",1.07528104473867
"S",408,"Q","S408Q",-1.72453139859738
"S",408,"R","S408R",-2.07915988098162
"S",408,"T","S408T",-1.40456781991438
"S",408,"V","S408V",-0.696331907637719
"S",408,"W","S408W",-0.153420012896682
"S",408,"Y","S408Y",-0.900400487113
"K",409,"A","K409A",0.21781919097161
"K",409,"C","K409C",-0.0716982188719991
"K",409,"D","K409D",-0.890741336294471
"K",409,"E","K409E",0.0591124087002397
"K",409,"F","K409F",-0.00945204589227856
"K",409,"G","K409G",-0.417603247862941
"K",409,"H","K409H",0.794399039475054
"K",409,"I","K409I",-0.518480260625873
"K",409,"L","K409L",-0.56931197616057
"K",409,"M","K409M",-0.190384537046348
"K",409,"N","K409N",0.587964869702797
"K",409,"P","K409P",0.183466835697547
"K",409,"Q","K409Q",1.63909530409263
"K",409,"R","K409R",0.196209017564922
"K",409,"S","K409S",-0.367418399717046
"K",409,"T","K409T",-0.843274564923653
"K",409,"V","K409V",0.804916209515078
"K",409,"W","K409W",-0.396239725090271
"K",409,"Y","K409Y",1.84914816750938
"L",410,"A","L410A",1.47159423896379
"L",410,"C","L410C",0.229512014421065
"L",410,"D","L410D",-0.358439951501125
"L",410,"E","L410E",-0.147706104990642
"L",410,"F","L410F",-0.147607093928685
"L",410,"G","L410G",0.0948287717530632
"L",410,"H","L410H",0.0268858499614014
"L",410,"I","L410I",0.692882139757199
"L",410,"K","L410K",3.89945278199306
"L",410,"M","L410M",1.93189007025592
"L",410,"N","L410N",0.671884332970037
"L",410,"P","L410P",0.738242493045307
"L",410,"Q","L410Q",0.0550227260226142
"L",410,"R","L410R",0.241151453690922
"L",410,"S","L410S",-0.122123831083773
"L",410,"T","L410T",0.940158826328931
"L",410,"V","L410V",-1.29214335490117
"L",410,"W","L410W",-0.353086727556034
"L",410,"Y","L410Y",0.51610292970292
"T",411,"A","T411A",-0.487303399241832
"T",411,"C","T411C",-0.487125732450042
"T",411,"D","T411D",0.478478409672138
"T",411,"E","T411E",1.13960912752498
"T",411,"F","T411F",0.242312580654553
"T",411,"G","T411G",0.226686372561158
"T",411,"H","T411H",0.178417838320415
"T",411,"I","T411I",-0.0531176990451138
"T",411,"K","T411K",-0.638092646864528
"T",411,"L","T411L",1.25531007352056
"T",411,"M","T411M",0.244849664009534
"T",411,"N","T411N",-0.0302033160516037
"T",411,"P","T411P",-0.5218232527104
"T",411,"Q","T411Q",1.52260280739478
"T",411,"R","T411R",0.040731885862216
"T",411,"S","T411S",0.623950210624214
"T",411,"V","T411V",1.02416645469142
"T",411,"W","T411W",-0.358525920934332
"T",411,"Y","T411Y",-0.0548822802172716
"V",412,"A","V412A",-1.0730655437588
"V",412,"C","V412C",-0.585489088353527
"V",412,"D","V412D",0.251196521253288
"V",412,"E","V412E",-1.46170962084634
"V",412,"F","V412F",0.17065954064615
"V",412,"G","V412G",0.011164617957371
"V",412,"H","V412H",-0.694826923057807
"V",412,"I","V412I",2.31426661146255
"V",412,"K","V412K",-0.736506727268724
"V",412,"L","V412L",-0.0657708825432714
"V",412,"M","V412M",-0.506719904635576
"V",412,"N","V412N",0.22639492380382
"V",412,"P","V412P",-1.06225103587152
"V",412,"Q","V412Q",0.426125874692698
"V",412,"R","V412R",-0.528746690971775
"V",412,"S","V412S",0.948267028504289
"V",412,"T","V412T",0.365594813098296
"V",412,"W","V412W",0.232696392032627
"V",412,"Y","V412Y",0.33634045258187
"D",413,"A","D413A",0.492058017558997
"D",413,"C","D413C",-0.757230946778451
"D",413,"E","D413E",0.495559707408476
"D",413,"F","D413F",0.646315065090931
"D",413,"G","D413G",0.662503930296687
"D",413,"H","D413H",1.11513938640094
"D",413,"I","D413I",0.635742717537276
"D",413,"K","D413K",0.498766775141812
"D",413,"L","D413L",1.17282209358206
"D",413,"M","D413M",0.061363702673754
"D",413,"N","D413N",0.607554370891429
"D",413,"P","D413P",0.0966375186443442
"D",413,"Q","D413Q",1.15081875323952
"D",413,"R","D413R",-0.601760034320304
"D",413,"S","D413S",0.590282253743309
"D",413,"T","D413T",0.200348545586881
"D",413,"V","D413V",0.112780270163071
"D",413,"W","D413W",0.0892817600839198
"D",413,"Y","D413Y",0.224023539369755
"K",414,"A","K414A",0.190077541986423
"K",414,"C","K414C",-0.162766052776899
"K",414,"D","K414D",-0.745184543233949
"K",414,"E","K414E",0.0412672937808814
"K",414,"F","K414F",0.969415207958791
"K",414,"G","K414G",-0.27947056594772
"K",414,"H","K414H",-0.503928928917105
"K",414,"I","K414I",0.22146362712562
"K",414,"L","K414L",0.105588273428018
"K",414,"M","K414M",1.04207942291224
"K",414,"N","K414N",-0.56346407038954
"K",414,"P","K414P",-0.490699140255403
"K",414,"Q","K414Q",0.956851382117692
"K",414,"R","K414R",0.941512446331637
"K",414,"S","K414S",0.204081265128187
"K",414,"T","K414T",-0.441005032983605
"K",414,"V","K414V",0.363368988040118
"K",414,"W","K414W",0.295686834482827
"K",414,"Y","K414Y",0.693047790703108
"S",415,"A","S415A",-0.310648940729774
"S",415,"C","S415C",-0.20506821823273
"S",415,"D","S415D",0.109153861111642
"S",415,"E","S415E",-0.192196622169902
"S",415,"F","S415F",-0.0887334806300776
"S",415,"G","S415G",0.396508139803042
"S",415,"H","S415H",1.08198781688136
"S",415,"I","S415I",0.219618341574181
"S",415,"K","S415K",-0.0878229250166449
"S",415,"L","S415L",1.42696897208308
"S",415,"M","S415M",1.08783895277026
"S",415,"N","S415N",0.218792235288506
"S",415,"P","S415P",1.40602471117067
"S",415,"Q","S415Q",-0.871151592071376
"S",415,"R","S415R",-0.411778274858468
"S",415,"T","S415T",-0.165202949425808
"S",415,"V","S415V",-0.868227766799719
"S",415,"W","S415W",-0.0805359802848293
"S",415,"Y","S415Y",-1.66472395348936
"R",416,"A","R416A",-0.41962357314858
"R",416,"C","R416C",0.211171466658423
"R",416,"D","R416D",-0.284248765862407
"R",416,"E","R416E",-0.151617785485414
"R",416,"F","R416F",0.707490585411511
"R",416,"G","R416G",0.4072786041019
"R",416,"H","R416H",1.02921088873175
"R",416,"I","R416I",-0.996337319559489
"R",416,"K","R416K",0.394290295296084
"R",416,"L","R416L",-0.426489993224947
"R",416,"M","R416M",0.153925745737013
"R",416,"N","R416N",-0.283385345962793
"R",416,"P","R416P",0.622894572256294
"R",416,"Q","R416Q",0.410867687412469
"R",416,"S","R416S",0.255315947122841
"R",416,"T","R416T",0.158900724117399
"R",416,"V","R416V",0.935783247190611
"R",416,"W","R416W",-0.46836145123049
"R",416,"Y","R416Y",0.882573568303496
"W",417,"A","W417A",-0.625676292549522
"W",417,"C","W417C",-0.436493352869554
"W",417,"D","W417D",-0.0924634520453685
"W",417,"E","W417E",-0.204828011473976
"W",417,"F","W417F",0.466628592575322
"W",417,"G","W417G",-0.492129957938657
"W",417,"H","W417H",1.52220032837551
"W",417,"I","W417I",-1.0183000184953
"W",417,"K","W417K",-0.496938466898497
"W",417,"L","W417L",-0.428160416395945
"W",417,"M","W417M",0.908371771105669
"W",417,"N","W417N",-0.677345918360739
"W",417,"P","W417P",1.13044081660055
"W",417,"Q","W417Q",0.562664623011159
"W",417,"R","W417R",-2.67525809188566
"W",417,"S","W417S",1.06047316622234
"W",417,"T","W417T",1.50036902188683
"W",417,"V","W417V",0.384352482975443
"W",417,"Y","W417Y",-0.720947561240584
"Q",418,"A","Q418A",0.535295243007474
"Q",418,"C","Q418C",0.295520948013191
"Q",418,"D","Q418D",0.863291460458923
"Q",418,"E","Q418E",0.091510949317918
"Q",418,"F","Q418F",0.47877599305974
"Q",418,"G","Q418G",0.751284686980252
"Q",418,"H","Q418H",0.924032112562693
"Q",418,"I","Q418I",-0.531880705347696
"Q",418,"K","Q418K",0.380868570043688
"Q",418,"L","Q418L",0.328766482237545
"Q",418,"M","Q418M",-0.425035367658016
"Q",418,"N","Q418N",0.447906312257574
"Q",418,"P","Q418P",-0.217989874028182
"Q",418,"R","Q418R",-0.40591211511545
"Q",418,"S","Q418S",0.0224167838918428
"Q",418,"T","Q418T",1.13385842324531
"Q",418,"V","Q418V",0.846328414566516
"Q",418,"W","Q418W",-0.454210001725398
"Q",418,"Y","Q418Y",-0.845855849257347
"Q",419,"A","Q419A",-0.389335702915366
"Q",419,"C","Q419C",0.321309391986894
"Q",419,"D","Q419D",-0.307637404002127
"Q",419,"E","Q419E",-0.0612732823986052
"Q",419,"F","Q419F",-0.531973363440027
"Q",419,"G","Q419G",2.16523937095287
"Q",419,"H","Q419H",0.601420968052811
"Q",419,"I","Q419I",0.518182364378274
"Q",419,"K","Q419K",0.358102749590241
"Q",419,"L","Q419L",1.25409385596618
"Q",419,"M","Q419M",-0.405716371839067
"Q",419,"N","Q419N",0.104091036571875
"Q",419,"P","Q419P",0.203150286250396
"Q",419,"R","Q419R",-0.842900972353966
"Q",419,"S","Q419S",0.877088968196197
"Q",419,"T","Q419T",-0.321871261449669
"Q",419,"V","Q419V",0.237437277347546
"Q",419,"W","Q419W",-0.0905793818438369
"Q",419,"Y","Q419Y",-0.464211550758246
"G",420,"A","G420A",-0.532788843753459
"G",420,"C","G420C",0.0476826847885912
"G",420,"D","G420D",0.872611566998068
"G",420,"E","G420E",0.296038062089899
"G",420,"F","G420F",-0.295037844723591
"G",420,"H","G420H",1.24168598654561
"G",420,"I","G420I",0.54246170399317
"G",420,"K","G420K",0.724233050920023
"G",420,"L","G420L",-0.0797737562558423
"G",420,"M","G420M",-0.298634321593821
"G",420,"N","G420N",0.443369327220262
"G",420,"P","G420P",-0.267206755052172
"G",420,"Q","G420Q",-0.558660298418889
"G",420,"R","G420R",-0.29874423989748
"G",420,"S","G420S",0.0269402962658609
"G",420,"T","G420T",0.903163077792002
"G",420,"V","G420V",-0.109406326794053
"G",420,"W","G420W",-0.266482388199991
"G",420,"Y","G420Y",-0.550636622803155
"N",421,"A","N421A",0.641491801006111
"N",421,"C","N421C",0.0827510643109839
"N",421,"D","N421D",1.07969099485751
"N",421,"E","N421E",0.415470991154851
"N",421,"F","N421F",-0.0606562238262242
"N",421,"G","N421G",0.110593450311362
"N",421,"H","N421H",0.576766365442702
"N",421,"I","N421I",0.457581203062622
"N",421,"K","N421K",-0.240487991058782
"N",421,"L","N421L",0.694616562218097
"N",421,"M","N421M",0.0298091826371394
"N",421,"P","N421P",-0.140121813659079
"N",421,"Q","N421Q",0.121058821296074
"N",421,"R","N421R",0.57395621786501
"N",421,"S","N421S",0.579005318194162
"N",421,"T","N421T",-0.476325142259973
"N",421,"V","N421V",0.100616048530112
"N",421,"W","N421W",1.78158910400991
"N",421,"Y","N421Y",-0.53116659590843
"V",422,"A","V422A",1.08961488908257
"V",422,"C","V422C",0.558336629151918
"V",422,"D","V422D",-0.036314328141266
"V",422,"E","V422E",-0.382260072461179
"V",422,"F","V422F",1.60533756906762
"V",422,"G","V422G",0.159138605206208
"V",422,"H","V422H",0.182428986745046
"V",422,"I","V422I",-0.320706081283503
"V",422,"K","V422K",-0.820062891740837
"V",422,"L","V422L",0.15692936089144
"V",422,"M","V422M",-0.877793189222543
"V",422,"N","V422N",0.901143106699133
"V",422,"P","V422P",0.641115352016455
"V",422,"Q","V422Q",-1.79507856311239
"V",422,"R","V422R",0.79562881645702
"V",422,"S","V422S",0.439486604605944
"V",422,"T","V422T",-0.139764232768947
"V",422,"W","V422W",1.24559597926783
"V",422,"Y","V422Y",0.100184426342079
"F",423,"A","F423A",0.939008586950361
"F",423,"C","F423C",-1.03394387309688
"F",423,"D","F423D",-0.312980700394695
"F",423,"E","F423E",-0.15614319854472
"F",423,"G","F423G",0.298398919049423
"F",423,"H","F423H",-0.899094727388681
"F",423,"I","F423I",0.248989148870569
"F",423,"K","F423K",1.67152749003092
"F",423,"L","F423L",0.33131618768531
"F",423,"M","F423M",0.478020120820902
"F",423,"N","F423N",-0.0300550546333253
"F",423,"P","F423P",0.0572544373841208
"F",423,"Q","F423Q",1.53639517615723
"F",423,"R","F423R",-0.0907123661013789
"F",423,"S","F423S",-0.164538296309494
"F",423,"T","F423T",-0.617924841590245
"F",423,"V","F423V",-0.357723821934556
"F",423,"W","F423W",-0.0443639832192553
"F",423,"Y","F423Y",-0.0292367672336445
"S",424,"A","S424A",0.306692448098178
"S",424,"C","S424C",0.106696644170244
"S",424,"D","S424D",-1.94818254351593
"S",424,"E","S424E",-0.671431664771433
"S",424,"F","S424F",-0.482971700123155
"S",424,"G","S424G",-0.0112141912576702
"S",424,"H","S424H",0.578488240879795
"S",424,"I","S424I",1.64031991900348
"S",424,"K","S424K",-0.0404350921278054
"S",424,"L","S424L",0.817877917071162
"S",424,"M","S424M",0.211951953016426
"S",424,"N","S424N",0.536345859370678
"S",424,"P","S424P",-1.58222886495806
"S",424,"Q","S424Q",1.7653536824871
"S",424,"R","S424R",0.145333892558653
"S",424,"T","S424T",2.10961251111177
"S",424,"V","S424V",-0.192279982724408
"S",424,"W","S424W",0.234410408960841
"S",424,"Y","S424Y",-0.497197814628179
"C",425,"A","C425A",-0.0489663888230107
"C",425,"D","C425D",2.21164139791332
"C",425,"E","C425E",-0.328881724626814
"C",425,"F","C425F",-0.907757782023271
"C",425,"G","C425G",-0.349273424106663
"C",425,"H","C425H",-0.0780715594547966
"C",425,"I","C425I",0.81594050415376
"C",425,"K","C425K",1.73631923084972
"C",425,"L","C425L",-0.0651722325893499
"C",425,"M","C425M",1.2784031703363
"C",425,"N","C425N",0.504897415283727
"C",425,"P","C425P",0.463239275537233
"C",425,"Q","C425Q",0.17619107374264
"C",425,"R","C425R",0.266061227130761
"C",425,"S","C425S",1.54008160524001
"C",425,"T","C425T",2.14705168720921
"C",425,"V","C425V",-1.25251959491813
"C",425,"W","C425W",0.303313825615862
"C",425,"Y","C425Y",-0.772595971832698
"S",426,"A","S426A",-0.545136056357442
"S",426,"C","S426C",-0.240279545459639
"S",426,"D","S426D",0.498371137980693
"S",426,"E","S426E",-0.331460064615975
"S",426,"F","S426F",-2.1521512033712
"S",426,"G","S426G",-0.196527621801999
"S",426,"H","S426H",0.362849710105471
"S",426,"I","S426I",0.429988090510887
"S",426,"K","S426K",0.332791474365911
"S",426,"L","S426L",0.726719133789698
"S",426,"M","S426M",1.4041690539768
"S",426,"N","S426N",2.6025745143793
"S",426,"P","S426P",-0.429191602763953
"S",426,"Q","S426Q",-0.464904049862171
"S",426,"R","S426R",-0.125546542834042
"S",426,"T","S426T",0.0452963914183571
"S",426,"V","S426V",0.495810199482932
"S",426,"W","S426W",-0.132994992522732
"S",426,"Y","S426Y",-0.945340885587302
"V",427,"A","V427A",0.838930460276091
"V",427,"C","V427C",-0.315766143173462
"V",427,"D","V427D",0.270609133348765
"V",427,"E","V427E",1.16704163053986
"V",427,"F","V427F",-0.482547198737268
"V",427,"G","V427G",0.422824825651209
"V",427,"H","V427H",0.572982249665386
"V",427,"I","V427I",0.09649849485006
"V",427,"K","V427K",-0.74500944774191
"V",427,"L","V427L",0.66351720572685
"V",427,"M","V427M",0.0436302372420565
"V",427,"N","V427N",0.429778405920654
"V",427,"P","V427P",-0.395141296202831
"V",427,"Q","V427Q",-1.66581647503461
"V",427,"R","V427R",1.41113429005613
"V",427,"S","V427S",0.4862038613911
"V",427,"T","V427T",-0.262372079360824
"V",427,"W","V427W",-0.233486894200155
"V",427,"Y","V427Y",-0.823233434136716
"M",428,"A","M428A",2.65343189543767
"M",428,"C","M428C",-0.406577439140408
"M",428,"D","M428D",-0.667691130445824
"M",428,"E","M428E",-3.02445031334688
"M",428,"F","M428F",-0.0738798844551282
"M",428,"G","M428G",0.188652284278754
"M",428,"H","M428H",0.426241912751368
"M",428,"I","M428I",-0.331944658514984
"M",428,"K","M428K",0.180826387402424
"M",428,"L","M428L",0.101308939323539
"M",428,"N","M428N",1.17331173840656
"M",428,"P","M428P",0.450298724205475
"M",428,"Q","M428Q",0.162848661377988
"M",428,"R","M428R",-0.505487049026725
"M",428,"S","M428S",0.700753313030437
"M",428,"T","M428T",-0.139372122721795
"M",428,"V","M428V",-0.500114758047006
"M",428,"W","M428W",-0.131169643300284
"M",428,"Y","M428Y",-0.599270781516076
"H",429,"A","H429A",-1.23758881465258
"H",429,"C","H429C",0.0741883168680997
"H",429,"D","H429D",0.185492553313225
"H",429,"E","H429E",-0.544951891700974
"H",429,"F","H429F",0.323840577801022
"H",429,"G","H429G",0.989418495419903
"H",429,"I","H429I",-4.00711062340932
"H",429,"K","H429K",-0.782566867913479
"H",429,"L","H429L",-0.0773474728264896
"H",429,"M","H429M",0.446244963169951
"H",429,"N","H429N",0.291289115946677
"H",429,"P","H429P",-0.618725792570579
"H",429,"Q","H429Q",0.743791443228287
"H",429,"R","H429R",-1.00576573978675
"H",429,"S","H429S",0.562905403456496
"H",429,"T","H429T",-0.611275433913994
"H",429,"V","H429V",-1.59536893320029
"H",429,"W","H429W",-1.44562722560607
"H",429,"Y","H429Y",0.677745289944196
"E",430,"A","E430A",-0.197726567263177
"E",430,"C","E430C",0.442889028639728
"E",430,"D","E430D",0.766508543025855
"E",430,"F","E430F",0.348098671654822
"E",430,"G","E430G",0.917773981902212
"E",430,"H","E430H",0.0547713088305463
"E",430,"I","E430I",-0.792305661551906
"E",430,"K","E430K",0.115763165298709
"E",430,"L","E430L",-0.466997523563167
"E",430,"M","E430M",0.65439201246884
"E",430,"N","E430N",-0.183538931787183
"E",430,"P","E430P",0.0151141868866697
"E",430,"Q","E430Q",-0.0218382465097009
"E",430,"R","E430R",0.20080859826622
"E",430,"S","E430S",-0.200859729817742
"E",430,"T","E430T",-2.62746906625688
"E",430,"V","E430V",-0.0345971347101261
"E",430,"W","E430W",-0.619432602384135
"E",430,"Y","E430Y",-1.05756899895473
"L",432,"A","L432A",1.13455231371967
"L",432,"C","L432C",-0.493248838172192
"L",432,"D","L432D",2.23516999820441
"L",432,"E","L432E",-0.749919421007648
"L",432,"F","L432F",-0.873239493587669
"L",432,"G","L432G",0.583045649514895
"L",432,"H","L432H",0.115177257290533
"L",432,"I","L432I",0.501648562270647
"L",432,"K","L432K",0.262653839511926
"L",432,"M","L432M",-0.519490135922471
"L",432,"N","L432N",0.445069570256698
"L",432,"P","L432P",-0.110408526468524
"L",432,"Q","L432Q",0.471028837503009
"L",432,"R","L432R",0.0312096532172188
"L",432,"S","L432S",-0.328028642180241
"L",432,"T","L432T",-0.216334652010139
"L",432,"V","L432V",0.431342188767418
"L",432,"W","L432W",0.902752872991625
"L",432,"Y","L432Y",-0.689187266413804
"H",433,"A","H433A",-0.274726713724998
"H",433,"C","H433C",0.0950161538772671
"H",433,"D","H433D",-1.0291419229936
"H",433,"E","H433E",3.01001703247281
"H",433,"F","H433F",-0.0602257473209147
"H",433,"G","H433G",-0.118363704428519
"H",433,"I","H433I",-1.24394691140935
"H",433,"K","H433K",0.513463581852078
"H",433,"L","H433L",-1.81173221590436
"H",433,"M","H433M",-0.0920887253751648
"H",433,"N","H433N",1.2656050781539
"H",433,"P","H433P",-1.25053924719739
"H",433,"Q","H433Q",-0.123556724062558
"H",433,"R","H433R",1.33864423077449
"H",433,"S","H433S",-0.24894402034143
"H",433,"T","H433T",0.396986996060814
"H",433,"V","H433V",-0.0404274377818165
"H",433,"W","H433W",1.82273515018839
"H",433,"Y","H433Y",-0.578246719629571
"N",434,"A","N434A",-0.384212943298423
"N",434,"C","N434C",0.922703158716236
"N",434,"D","N434D",-0.193676330553708
"N",434,"E","N434E",0.0140605774254291
"N",434,"F","N434F",1.08678343098384
"N",434,"G","N434G",-1.36549935195104
"N",434,"H","N434H",0.382549362289371
"N",434,"I","N434I",0.539541726548037
"N",434,"K","N434K",0.568551967318227
"N",434,"L","N434L",0.304810270657639
"N",434,"P","N434P",0.251449678901154
"N",434,"Q","N434Q",0.168326920499534
"N",434,"R","N434R",0.45816626014944
"N",434,"S","N434S",0.0629956425486017
"N",434,"T","N434T",0.324685754851978
"N",434,"W","N434W",-0.159979532174592
"N",434,"Y","N434Y",0.93138910288874
"H",435,"A","H435A",0.361262268331106
"H",435,"C","H435C",-0.157067908419576
"H",435,"D","H435D",-0.217906558570992
"H",435,"E","H435E",-0.500552808917335
"H",435,"F","H435F",0.810080631097438
"H",435,"G","H435G",-1.21068845777863
"H",435,"I","H435I",-0.2556322146675
"H",435,"K","H435K",-0.15103525212214
"H",435,"L","H435L",0.79026834465247
"H",435,"M","H435M",-0.436258010658039
"H",435,"N","H435N",-0.414484360041338
"H",435,"P","H435P",0.508995880384389
"H",435,"Q","H435Q",0.821112135850676
"H",435,"R","H435R",0.941092160805579
"H",435,"S","H435S",1.42395768635247
"H",435,"T","H435T",-1.00872130587516
"H",435,"V","H435V",0.987039183568086
"H",435,"W","H435W",-0.110940510149383
"H",435,"Y","H435Y",-0.0978704410537964
"Y",436,"A","Y436A",0.264734428061633
"Y",436,"C","Y436C",0.630212040625161
"Y",436,"D","Y436D",0.186469715490206
"Y",436,"E","Y436E",-0.00616405901968424
"Y",436,"F","Y436F",1.59437766314957
"Y",436,"G","Y436G",0.531786557664535
"Y",436,"H","Y436H",-0.370219994598997
"Y",436,"I","Y436I",0.7361054179034
"Y",436,"K","Y436K",0.147175587135453
"Y",436,"L","Y436L",0.0348668597955156
"Y",436,"M","Y436M",-0.0440409635160671
"Y",436,"N","Y436N",0.242082905636693
"Y",436,"P","Y436P",-0.409410924482731
"Y",436,"Q","Y436Q",-1.18982235348624e-05
"Y",436,"R","Y436R",0.272978040686139
"Y",436,"S","Y436S",0.471920240077624
"Y",436,"T","Y436T",-0.546081585989474
"Y",436,"V","Y436V",0.0780566555032929
"Y",436,"W","Y436W",-0.401293334571567
"T",437,"A","T437A",0.204133417449292
"T",437,"C","T437C",-0.544706622647901
"T",437,"D","T437D",0.316009008987456
"T",437,"E","T437E",0.381204228427121
"T",437,"F","T437F",0.341352234460458
"T",437,"G","T437G",1.73743419597927
"T",437,"H","T437H",0.0846285154949761
"T",437,"I","T437I",-0.177616766533985
"T",437,"K","T437K",0.216975832137686
"T",437,"L","T437L",0.424113634669067
"T",437,"M","T437M",-0.834538733305158
"T",437,"N","T437N",-0.405408292180049
"T",437,"P","T437P",0.157028784645624
"T",437,"Q","T437Q",1.37007085921042
"T",437,"R","T437R",0.501541238379917
"T",437,"S","T437S",-0.570648872898454
"T",437,"V","T437V",-0.782515531304736
"T",437,"W","T437W",-0.0925537011534706
"T",437,"Y","T437Y",-0.822131963644082
"Q",438,"A","Q438A",-0.0163615484343873
"Q",438,"C","Q438C",-0.508796393817201
"Q",438,"D","Q438D",0.153072522743091
"Q",438,"E","Q438E",0.0118987331781666
"Q",438,"F","Q438F",0.849367280989036
"Q",438,"G","Q438G",0.210885428060482
"Q",438,"H","Q438H",-2.14374668142991
"Q",438,"I","Q438I",-0.757919108517275
"Q",438,"K","Q438K",0.244730452752516
"Q",438,"L","Q438L",0.0612034961263221
"Q",438,"M","Q438M",0.271885397212466
"Q",438,"N","Q438N",1.04577678930534
"Q",438,"P","Q438P",-0.79577947101784
"Q",438,"R","Q438R",-0.131339118944535
"Q",438,"S","Q438S",0.675157545449013
"Q",438,"T","Q438T",0.998995471902891
"Q",438,"V","Q438V",-0.464848507014244
"Q",438,"W","Q438W",0.837227105220234
"Q",438,"Y","Q438Y",0.676425178125175
"K",439,"A","K439A",-1.55891235041421
"K",439,"C","K439C",-0.313981417464978
"K",439,"D","K439D",-0.469105358097113
"K",439,"E","K439E",1.12005745893461
"K",439,"F","K439F",-0.130531093173927
"K",439,"G","K439G",-0.270262972570305
"K",439,"H","K439H",-0.179213899238082
"K",439,"I","K439I",-0.736561831389376
"K",439,"L","K439L",-0.192014115421
"K",439,"M","K439M",0.65348199633651
"K",439,"N","K439N",0.489023353602975
"K",439,"P","K439P",-0.16621564221437
"K",439,"Q","K439Q",-1.26287594238803
"K",439,"R","K439R",1.18493156869533
"K",439,"S","K439S",-0.705162240079541
"K",439,"T","K439T",-1.33957007269344
"K",439,"V","K439V",0.158377290159359
"K",439,"W","K439W",-0.360149995587316
"K",439,"Y","K439Y",0.0330666986992724
"S",440,"A","S440A",0.708099031231825
"S",440,"C","S440C",-1.98210026875173
"S",440,"D","S440D",-0.103014798403148
"S",440,"E","S440E",-0.161685057907842
"S",440,"F","S440F",0.980122939846861
"S",440,"G","S440G",-1.29432378840676
"S",440,"H","S440H",-1.04050186842944
"S",440,"I","S440I",2.6854080025656
"S",440,"K","S440K",0.595258716106383
"S",440,"L","S440L",2.12560574841649
"S",440,"M","S440M",0.0847084702759416
"S",440,"N","S440N",1.0671957742677
"S",440,"P","S440P",-0.00444398795769427
"S",440,"Q","S440Q",0.455627573209367
"S",440,"R","S440R",-0.176765207396534
"S",440,"T","S440T",0.387013665757259
"S",440,"V","S440V",0.870543291599192
"S",440,"W","S440W",0.838613111077736
"S",440,"Y","S440Y",-0.357566503470836
"L",441,"A","L441A",1.22853424291895
"L",441,"C","L441C",2.65010891938713
"L",441,"D","L441D",-0.0865729985889071
"L",441,"E","L441E",-0.910765625210177
"L",441,"F","L441F",1.00412954362179
"L",441,"G","L441G",0.266953959989247
"L",441,"H","L441H",0.492170859324703
"L",441,"I","L441I",0.152236788248639
"L",441,"K","L441K",1.07603425016965
"L",441,"M","L441M",-0.215771601905768
"L",441,"N","L441N",-0.257954828995221
"L",441,"P","L441P",1.40921347009028
"L",441,"Q","L441Q",4.02193205757784
"L",441,"R","L441R",0.761359878978182
"L",441,"S","L441S",0.766902086415373
"L",441,"T","L441T",-0.437788684649006
"L",441,"V","L441V",1.39532501646785
"L",441,"W","L441W",0.751378964080569
"L",441,"Y","L441Y",0.323192343149688
"S",442,"A","S442A",-0.501026234093645
"S",442,"C","S442C",-0.884841592610183
"S",442,"D","S442D",0.343491570645941
"S",442,"E","S442E",0.19236723498541
"S",442,"F","S442F",0.368867538172484
"S",442,"G","S442G",1.5853659891188
"S",442,"H","S442H",0.282416803771854
"S",442,"I","S442I",-0.100416689578254
"S",442,"K","S442K",-0.482694422124442
"S",442,"L","S442L",0.957688876985789
"S",442,"M","S442M",-0.414408944287575
"S",442,"N","S442N",0.730900945840571
"S",442,"P","S442P",0.847343265131044
"S",442,"Q","S442Q",0.655669127334756
"S",442,"R","S442R",0.83651361571183
"S",442,"T","S442T",0.121754374139125
"S",442,"V","S442V",0.092922655288761
"S",442,"W","S442W",0.196436985191161
"S",442,"Y","S442Y",-1.08518405817528
"L",443,"A","L443A",1.02668548131783
"L",443,"C","L443C",-0.43661936776463
"L",443,"D","L443D",0.410323860213717
"L",443,"E","L443E",0.0896137519941597
"L",443,"F","L443F",-0.215200393346066
"L",443,"G","L443G",-0.0146677922036653
"L",443,"H","L443H",0.634108832255251
"L",443,"I","L443I",0.945883912436777
"L",443,"K","L443K",0.0190462986510602
"L",443,"M","L443M",-0.64820623733142
"L",443,"N","L443N",0.322529742275696
"L",443,"P","L443P",-1.07999041156932
"L",443,"Q","L443Q",0.372821167448538
"L",443,"R","L443R",0.16029559452311
"L",443,"S","L443S",0.46837611645432
"L",443,"T","L443T",0.419397689574943
"L",443,"V","L443V",0.252005567058219
"L",443,"W","L443W",-0.319680385794131
"L",443,"Y","L443Y",1.07937305944415
"S",444,"A","S444A",0.46462308720765
"S",444,"C","S444C",0.333553032019658
"S",444,"D","S444D",0.12377089731126
"S",444,"E","S444E",-0.266856833621544
"S",444,"F","S444F",-0.0420417709458164
"S",444,"G","S444G",0.932857604322863
"S",444,"H","S444H",0.378449695064059
"S",444,"I","S444I",-0.820418998263507
"S",444,"K","S444K",-0.244643371728952
"S",444,"L","S444L",-0.447324338412755
"S",444,"M","S444M",0.0612482003124538
"S",444,"N","S444N",0.981001707906054
"S",444,"P","S444P",-1.21380528601604
"S",444,"Q","S444Q",-0.586034562375574
"S",444,"R","S444R",-0.196027440544487
"S",444,"T","S444T",0.695090717843301
"S",444,"V","S444V",0.781651956788008
"S",444,"W","S444W",0.067108658173316
"S",444,"Y","S444Y",0.538450647705338
"P",445,"A","P445A",0.153633815791411
"P",445,"C","P445C",-0.925733072457462
"P",445,"D","P445D",-0.654857929864261
"P",445,"E","P445E",2.30035520393771
"P",445,"F","P445F",0.153418508728299
"P",445,"G","P445G",-1.65538675629066
"P",445,"H","P445H",0.742429930221265
"P",445,"I","P445I",-0.228320611239169
"P",445,"K","P445K",0.00253385386666258
"P",445,"L","P445L",0.335792183713614
"P",445,"M","P445M",-0.777472565454408
"P",445,"N","P445N",1.23359111116156
"P",445,"Q","P445Q",-0.2469996216897
"P",445,"R","P445R",-0.282720756782351
"P",445,"S","P445S",-0.748428859517657
"P",445,"V","P445V",1.18820711992183
"P",445,"W","P445W",-0.238525453490876
"P",445,"Y","P445Y",0.233724166951028
"G",446,"A","G446A",-0.209413938161356
"G",446,"C","G446C",2.04156951334326
"G",446,"D","G446D",0.158622478668626
"G",446,"E","G446E",-2.49891626954977
"G",446,"F","G446F",-0.0140051544386187
"G",446,"H","G446H",-0.204384246498434
"G",446,"I","G446I",-0.121604033331019
"G",446,"K","G446K",-0.155401231570183
"G",446,"L","G446L",-1.10775621467831
"G",446,"M","G446M",0.481937180778479
"G",446,"N","G446N",-0.706565772360067
"G",446,"P","G446P",-0.766446552815526
"G",446,"Q","G446Q",0.249372930566674
"G",446,"R","G446R",-0.667209181440802
"G",446,"S","G446S",0.178687592334612
"G",446,"T","G446T",-1.24733760052846
"G",446,"V","G446V",0.476724836360181
"G",446,"W","G446W",-0.569679689343305
"G",446,"Y","G446Y",1.00319044557684
"K",447,"A","K447A",0.0608173015953098
"K",447,"C","K447C",0.0785048804900047
"K",447,"D","K447D",-0.0599940411051139
"K",447,"E","K447E",0.924907637628474
"K",447,"F","K447F",1.83057799329219
"K",447,"G","K447G",1.06227518913686
"K",447,"H","K447H",-0.108939338132673
"K",447,"I","K447I",-0.204355406051493
"K",447,"L","K447L",0.609379619285365
"K",447,"M","K447M",1.04683164245786
"K",447,"N","K447N",1.20908161043477
"K",447,"P","K447P",0.381542306625709
"K",447,"Q","K447Q",0.915609602695677
"K",447,"R","K447R",0.895522538759184
"K",447,"S","K447S",0.286938332095723
"K",447,"T","K447T",0.386854229739853
"K",447,"V","K447V",-0.464435661929742
"K",447,"W","K447W",0.982424989717999
"K",447,"Y","K447Y",0.355117525420756
