"wildtype","site","mutation","name","scaledscore"
"E",216,"A","E216A",1.41963742009212
"E",216,"C","E216C",0.96321987410331
"E",216,"D","E216D",0.243368994655493
"E",216,"F","E216F",-0.560198774548567
"E",216,"G","E216G",-0.04680059994682
"E",216,"H","E216H",1.39114608011384
"E",216,"I","E216I",0.579067722993842
"E",216,"K","E216K",0.647249693248456
"E",216,"L","E216L",0.235142457283915
"E",216,"M","E216M",3.66174089465322
"E",216,"N","E216N",1.11294026481628
"E",216,"P","E216P",1.12813237063842
"E",216,"Q","E216Q",2.0494859485538
"E",216,"R","E216R",1.31983412895449
"E",216,"S","E216S",2.02429617125663
"E",216,"T","E216T",0.687416762674236
"E",216,"V","E216V",0.520308165143139
"E",216,"W","E216W",-0.543147937132451
"E",216,"Y","E216Y",1.02893398719023
"P",217,"A","P217A",0.0920371423725169
"P",217,"C","P217C",-0.389484207285509
"P",217,"D","P217D",-0.157284878003192
"P",217,"E","P217E",-0.235292227349497
"P",217,"F","P217F",0.0572239125885884
"P",217,"G","P217G",0.103911897442035
"P",217,"H","P217H",1.43441092483094
"P",217,"I","P217I",2.05645997359044
"P",217,"K","P217K",1.63538478561006
"P",217,"L","P217L",0.232937834359591
"P",217,"M","P217M",0.862529549471244
"P",217,"N","P217N",0.425655022235002
"P",217,"Q","P217Q",0.764083038817556
"P",217,"R","P217R",1.7748020630513
"P",217,"S","P217S",0.198097719537364
"P",217,"T","P217T",0.0277429824394969
"P",217,"V","P217V",1.02739667538484
"P",217,"W","P217W",0.126062935863587
"P",217,"Y","P217Y",-0.324656373625551
"K",218,"A","K218A",-0.33971447785475
"K",218,"C","K218C",-0.897761625934949
"K",218,"D","K218D",-0.759175049271068
"K",218,"E","K218E",-1.23557459516221
"K",218,"F","K218F",-0.184199821653429
"K",218,"G","K218G",-0.159052883947979
"K",218,"H","K218H",-0.0562133205871117
"K",218,"I","K218I",-2.13477106179932
"K",218,"L","K218L",-0.901339637750391
"K",218,"M","K218M",-0.316448168840598
"K",218,"N","K218N",-0.0865249526793543
"K",218,"P","K218P",0.214305682603422
"K",218,"Q","K218Q",-1.88649515662426
"K",218,"R","K218R",0.800463960043916
"K",218,"S","K218S",-1.09157763099817
"K",218,"T","K218T",-0.725369942917118
"K",218,"V","K218V",-0.922274449830926
"K",218,"W","K218W",-0.877001978670282
"K",218,"Y","K218Y",-0.269435207283879
"S",219,"A","S219A",0.812933957884852
"S",219,"C","S219C",0.167272553264445
"S",219,"D","S219D",-0.499879777145239
"S",219,"E","S219E",-1.06518427046459
"S",219,"F","S219F",0.335445004937314
"S",219,"G","S219G",0.832528608725208
"S",219,"H","S219H",0.605372706952322
"S",219,"I","S219I",1.2772477078552
"S",219,"K","S219K",-0.0917345779537365
"S",219,"L","S219L",1.70219227999712
"S",219,"M","S219M",1.06327568681788
"S",219,"N","S219N",0.16519059517365
"S",219,"P","S219P",2.22158853258732
"S",219,"Q","S219Q",-1.405162622498
"S",219,"R","S219R",0.309533088108446
"S",219,"T","S219T",0.389366003188918
"S",219,"V","S219V",0.0804406348273683
"S",219,"W","S219W",-0.831284331948315
"S",219,"Y","S219Y",-0.671044797214905
"C",220,"A","C220A",0.630714307461352
"C",220,"D","C220D",-0.522965524218112
"C",220,"E","C220E",-0.173295009941598
"C",220,"F","C220F",0.767578033397431
"C",220,"G","C220G",0.321055742486146
"C",220,"H","C220H",0.39742355111696
"C",220,"I","C220I",-1.20215306943807
"C",220,"K","C220K",1.30704690720213
"C",220,"L","C220L",2.37099708680457
"C",220,"M","C220M",1.15041414420926
"C",220,"N","C220N",2.05967991472353
"C",220,"P","C220P",0.300854798703018
"C",220,"Q","C220Q",0.529859555150289
"C",220,"R","C220R",1.27869426180384
"C",220,"S","C220S",0.115451558740834
"C",220,"T","C220T",2.60317533142931
"C",220,"V","C220V",1.25844052556559
"C",220,"W","C220W",0.576354531679408
"C",220,"Y","C220Y",0.494585257948335
"D",221,"A","D221A",0.625343865970729
"D",221,"C","D221C",0.675598893794599
"D",221,"E","D221E",0.761890038728452
"D",221,"F","D221F",1.05994217490566
"D",221,"G","D221G",0.299036071562941
"D",221,"H","D221H",0.637929909099527
"D",221,"I","D221I",-0.389494782346835
"D",221,"K","D221K",1.1514736461448
"D",221,"L","D221L",1.62421483746598
"D",221,"M","D221M",2.21356828596006
"D",221,"N","D221N",1.43065893720336
"D",221,"P","D221P",-0.48333288469749
"D",221,"Q","D221Q",-0.427939453222402
"D",221,"R","D221R",1.22014426792598
"D",221,"S","D221S",-0.353901245770587
"D",221,"T","D221T",0.545400673520194
"D",221,"V","D221V",1.53535699410187
"D",221,"W","D221W",0.300147974020559
"D",221,"Y","D221Y",1.02205226630586
"K",222,"A","K222A",-0.070011700105561
"K",222,"C","K222C",0.123282028205635
"K",222,"D","K222D",-0.494915286220851
"K",222,"E","K222E",-0.617920150237933
"K",222,"F","K222F",0.498351877209842
"K",222,"G","K222G",-0.904173804181546
"K",222,"H","K222H",0.460519475576654
"K",222,"I","K222I",-0.856099402254213
"K",222,"L","K222L",-1.26170072064697
"K",222,"M","K222M",-0.611457232964292
"K",222,"N","K222N",1.13616094364235
"K",222,"P","K222P",-1.4316973651904
"K",222,"Q","K222Q",0.18132116026055
"K",222,"R","K222R",0.689919863173283
"K",222,"S","K222S",-0.64394251712883
"K",222,"T","K222T",-1.09514030328736
"K",222,"V","K222V",-1.12404262005284
"K",222,"W","K222W",-0.142171294186981
"K",222,"Y","K222Y",0.146459777148271
"T",223,"A","T223A",0.345199314008627
"T",223,"C","T223C",-0.726007892621982
"T",223,"D","T223D",-0.951631897620136
"T",223,"E","T223E",-0.467347778791596
"T",223,"F","T223F",-0.111906946319164
"T",223,"G","T223G",-0.00401036962317719
"T",223,"H","T223H",1.17738311058738
"T",223,"I","T223I",0.293730634881285
"T",223,"K","T223K",-0.0741936452079497
"T",223,"L","T223L",0.0714472744049085
"T",223,"M","T223M",0.356737814432361
"T",223,"N","T223N",0.0606540364677206
"T",223,"P","T223P",-0.455150509710908
"T",223,"Q","T223Q",0.324485398363421
"T",223,"R","T223R",1.20072882217783
"T",223,"S","T223S",0.133011670997897
"T",223,"V","T223V",0.504564238078278
"T",223,"W","T223W",0.877476609391088
"T",223,"Y","T223Y",1.19563554773495
"H",224,"A","H224A",0.601882208825296
"H",224,"C","H224C",-0.919627772934883
"H",224,"D","H224D",-0.600499503131265
"H",224,"E","H224E",-0.509047845334479
"H",224,"F","H224F",-0.0677371694223179
"H",224,"G","H224G",0.268184897991813
"H",224,"I","H224I",1.30168072246225
"H",224,"K","H224K",0.183188710966303
"H",224,"L","H224L",-0.660452543416182
"H",224,"M","H224M",-0.234632402393547
"H",224,"N","H224N",0.148848465770846
"H",224,"P","H224P",-0.1860734017431
"H",224,"Q","H224Q",0.495383677728545
"H",224,"R","H224R",0.26033584841398
"H",224,"S","H224S",-0.342091578777408
"H",224,"T","H224T",0.51722832721648
"H",224,"V","H224V",0.925541907497697
"H",224,"W","H224W",0.37752445821154
"H",224,"Y","H224Y",0.435413506624975
"T",225,"A","T225A",0.236044436874472
"T",225,"C","T225C",0.822782302215939
"T",225,"D","T225D",-0.00135684403464678
"T",225,"E","T225E",-0.660226799997133
"T",225,"F","T225F",0.253131356743662
"T",225,"G","T225G",0.690930353299829
"T",225,"H","T225H",0.220259885668358
"T",225,"I","T225I",0.798325947190378
"T",225,"K","T225K",1.45480944610958
"T",225,"L","T225L",0.404533035027511
"T",225,"M","T225M",1.41705816200697
"T",225,"N","T225N",0.817678534926704
"T",225,"P","T225P",0.745336977477876
"T",225,"Q","T225Q",1.81350692170885
"T",225,"S","T225S",-0.286665787054578
"T",225,"V","T225V",1.5731921901895
"T",225,"W","T225W",0.670181454113429
"T",225,"Y","T225Y",0.116887365800812
"C",226,"A","C226A",-0.716014274455381
"C",226,"D","C226D",0.315088143447569
"C",226,"E","C226E",-1.37205731073792
"C",226,"F","C226F",-0.443879689749345
"C",226,"G","C226G",-1.44019408702922
"C",226,"H","C226H",0.780562425235619
"C",226,"I","C226I",0.575750348175277
"C",226,"K","C226K",-0.779184660160527
"C",226,"L","C226L",0.0274256935170564
"C",226,"M","C226M",0.318400033499744
"C",226,"N","C226N",-0.297012990336696
"C",226,"P","C226P",0.216634418295507
"C",226,"Q","C226Q",0.410586605885411
"C",226,"R","C226R",0.0901214104284163
"C",226,"S","C226S",-0.72322415417272
"C",226,"T","C226T",-0.152397551558226
"C",226,"V","C226V",0.0404390455163334
"C",226,"W","C226W",-0.123374452731124
"C",226,"Y","C226Y",0.933084614256413
"P",227,"A","P227A",0.0871166690547623
"P",227,"C","P227C",-0.518147975366398
"P",227,"D","P227D",-1.57527035552794
"P",227,"E","P227E",-0.379769099275445
"P",227,"F","P227F",-0.154266860425006
"P",227,"G","P227G",-0.0628683180463671
"P",227,"H","P227H",0.467431952008677
"P",227,"I","P227I",0.372242499861885
"P",227,"K","P227K",-0.401252580234087
"P",227,"L","P227L",-0.407664965418158
"P",227,"M","P227M",1.53480292170245
"P",227,"N","P227N",0.104500598955134
"P",227,"Q","P227Q",0.00627187171887428
"P",227,"R","P227R",0.370580179555497
"P",227,"S","P227S",0.0563390763255166
"P",227,"T","P227T",0.609163388383572
"P",227,"V","P227V",0.83971209819738
"P",227,"W","P227W",0.52390237478747
"P",227,"Y","P227Y",0.926620278239625
"P",228,"A","P228A",0.294456692312843
"P",228,"C","P228C",-0.473090492494574
"P",228,"D","P228D",-0.520373372921745
"P",228,"E","P228E",0.126476565966592
"P",228,"F","P228F",-0.204757746519581
"P",228,"G","P228G",1.03537869929177
"P",228,"H","P228H",-0.440347984750575
"P",228,"I","P228I",1.19551649882913
"P",228,"K","P228K",-0.277729903739105
"P",228,"L","P228L",-2.46479711400913
"P",228,"M","P228M",0.859214838455027
"P",228,"N","P228N",0.932653528365336
"P",228,"Q","P228Q",1.61001659896868
"P",228,"R","P228R",0.603236864390883
"P",228,"S","P228S",-0.754643742774367
"P",228,"T","P228T",0.420926000646894
"P",228,"V","P228V",0.555558625172098
"P",228,"W","P228W",-0.187518326189528
"P",228,"Y","P228Y",-0.22115142114761
"C",229,"A","C229A",-0.705871755196864
"C",229,"D","C229D",-0.0998116732755632
"C",229,"E","C229E",-0.158362258804777
"C",229,"F","C229F",0.769439095737514
"C",229,"G","C229G",0.338554993080565
"C",229,"H","C229H",-0.4181638856509
"C",229,"I","C229I",-0.293739003059193
"C",229,"K","C229K",-0.2876984630877
"C",229,"L","C229L",1.67691591257032
"C",229,"M","C229M",-0.88086625162297
"C",229,"N","C229N",0.5683193718012
"C",229,"P","C229P",-0.747385798657319
"C",229,"Q","C229Q",-0.318091774744561
"C",229,"R","C229R",-0.424840811920552
"C",229,"S","C229S",2.41190485275134
"C",229,"T","C229T",1.48485482276594
"C",229,"V","C229V",0.0722579211787273
"C",229,"W","C229W",-0.448675629667002
"C",229,"Y","C229Y",-0.322980099986799
"P",230,"A","P230A",1.45054075013629
"P",230,"C","P230C",-0.494792828411854
"P",230,"D","P230D",-0.0531659036612453
"P",230,"E","P230E",-1.03841960822223
"P",230,"F","P230F",0.421188700206268
"P",230,"G","P230G",0.0339201063267738
"P",230,"H","P230H",-0.177157591659309
"P",230,"I","P230I",-0.0320281943693272
"P",230,"K","P230K",0.389034446400921
"P",230,"L","P230L",-0.289515817404126
"P",230,"M","P230M",0.116097862113697
"P",230,"N","P230N",-0.778168896306467
"P",230,"Q","P230Q",1.63991647738543
"P",230,"R","P230R",-0.550199251534338
"P",230,"S","P230S",-0.862136682015574
"P",230,"T","P230T",0.339777708119692
"P",230,"V","P230V",-0.484131696419245
"P",230,"W","P230W",-0.29851301907099
"P",230,"Y","P230Y",-0.915991752958214
"A",231,"C","A231C",-1.05529975835273
"A",231,"D","A231D",-0.468529837319452
"A",231,"E","A231E",-1.69896949505171
"A",231,"F","A231F",-0.192571675470954
"A",231,"G","A231G",0.0618439000109945
"A",231,"H","A231H",-0.0411218025881581
"A",231,"I","A231I",-0.197892970443149
"A",231,"K","A231K",-0.132417896154342
"A",231,"L","A231L",-0.957419267464189
"A",231,"M","A231M",0.878777449622137
"A",231,"N","A231N",0.0725089608295976
"A",231,"P","A231P",-0.130328305163563
"A",231,"Q","A231Q",0.533508183150331
"A",231,"R","A231R",0.539669641769033
"A",231,"S","A231S",-0.00397799307638309
"A",231,"T","A231T",0.625872248728206
"A",231,"V","A231V",1.20883708618104
"A",231,"W","A231W",-0.135260605388734
"A",231,"Y","A231Y",1.53393476939475
"P",232,"A","P232A",-0.334212381440214
"P",232,"C","P232C",0.374191399131422
"P",232,"D","P232D",0.218570431573774
"P",232,"E","P232E",0.363608677278062
"P",232,"F","P232F",-0.227871962309851
"P",232,"G","P232G",-0.110793284797942
"P",232,"H","P232H",-1.26512628705751
"P",232,"I","P232I",0.0941070393425068
"P",232,"K","P232K",1.09996122664017
"P",232,"L","P232L",-0.392427356343221
"P",232,"M","P232M",-0.680565864256204
"P",232,"N","P232N",-0.806025024060553
"P",232,"Q","P232Q",-0.355579213883066
"P",232,"R","P232R",-0.0225520076354234
"P",232,"S","P232S",-0.859090852981647
"P",232,"T","P232T",-0.932941853421892
"P",232,"V","P232V",-0.926698360719263
"P",232,"W","P232W",1.06524388719176
"P",232,"Y","P232Y",-0.193807378323051
"E",233,"A","E233A",0.588879247464747
"E",233,"C","E233C",-0.501262500096741
"E",233,"D","E233D",-0.181004951157164
"E",233,"F","E233F",3.21136949183584
"E",233,"G","E233G",1.95771110545576
"E",233,"H","E233H",2.42992507223488
"E",233,"I","E233I",0.347100198712114
"E",233,"K","E233K",0.201258088929558
"E",233,"L","E233L",-0.622862553856603
"E",233,"M","E233M",-0.446856504430134
"E",233,"N","E233N",-0.342707180097307
"E",233,"P","E233P",0.494886370435859
"E",233,"Q","E233Q",-0.432827519260554
"E",233,"R","E233R",0.044201487900666
"E",233,"S","E233S",0.532051356336976
"E",233,"T","E233T",0.423433259622483
"E",233,"V","E233V",0.134240987712488
"E",233,"W","E233W",1.6907727399148
"E",233,"Y","E233Y",0.349365901917239
"L",234,"A","L234A",0.151669089326197
"L",234,"C","L234C",0.604174538592718
"L",234,"D","L234D",-0.54285920248492
"L",234,"E","L234E",0.103760212654165
"L",234,"F","L234F",0.472457164932968
"L",234,"G","L234G",1.83250779885551
"L",234,"H","L234H",-0.4023019273991
"L",234,"I","L234I",1.03748003621663
"L",234,"K","L234K",1.07861868376279
"L",234,"M","L234M",-0.658382521381116
"L",234,"N","L234N",-0.0147818357372707
"L",234,"P","L234P",-0.380281714699884
"L",234,"Q","L234Q",0.575547724140966
"L",234,"R","L234R",-1.26100343326722
"L",234,"S","L234S",0.230068278483835
"L",234,"T","L234T",-0.731839599801027
"L",234,"W","L234W",0.439696070686201
"L",234,"Y","L234Y",0.921947565666464
"L",235,"A","L235A",0.217064577134526
"L",235,"C","L235C",-3.00285761873273
"L",235,"D","L235D",-0.337924949721602
"L",235,"E","L235E",-0.125183633856759
"L",235,"F","L235F",-1.28867883813345
"L",235,"G","L235G",2.04029421586644
"L",235,"H","L235H",-0.0500350625755538
"L",235,"I","L235I",-0.12144364136897
"L",235,"K","L235K",0.525320617325238
"L",235,"M","L235M",0.239510098622959
"L",235,"N","L235N",0.179984118885242
"L",235,"P","L235P",-0.359157713326263
"L",235,"Q","L235Q",0.127535988643006
"L",235,"R","L235R",1.85472464048128
"L",235,"S","L235S",-0.131781726116829
"L",235,"T","L235T",-1.02770218420563
"L",235,"V","L235V",0.153652935066568
"L",235,"W","L235W",-0.257992311760761
"L",235,"Y","L235Y",-1.66930191509979
"G",236,"A","G236A",-0.478666677296464
"G",236,"C","G236C",2.35734582915186
"G",236,"D","G236D",-1.18003918422893
"G",236,"E","G236E",-0.0912731052610375
"G",236,"F","G236F",1.22914848842667
"G",236,"H","G236H",0.226157148165549
"G",236,"I","G236I",-1.01077896681504
"G",236,"K","G236K",-0.192598945648276
"G",236,"L","G236L",-0.483766625492182
"G",236,"M","G236M",2.70652985716451
"G",236,"N","G236N",-0.611720068430857
"G",236,"P","G236P",0.756833250033567
"G",236,"Q","G236Q",3.6220514708969
"G",236,"R","G236R",1.57894589295434
"G",236,"S","G236S",-0.787243048358138
"G",236,"T","G236T",1.69624548454921
"G",236,"V","G236V",-0.517117302406778
"G",236,"W","G236W",0.751624048545604
"G",236,"Y","G236Y",-0.133745202736351
"G",237,"A","G237A",1.40422866346876
"G",237,"C","G237C",1.03034274541411
"G",237,"D","G237D",0.0821000456494229
"G",237,"E","G237E",0.16756860486848
"G",237,"F","G237F",1.59379009101656
"G",237,"H","G237H",1.38013649048861
"G",237,"I","G237I",-0.384001873773473
"G",237,"K","G237K",-1.25395134712566
"G",237,"L","G237L",2.13493718348231
"G",237,"M","G237M",-0.317552180368529
"G",237,"N","G237N",0.3079465322425
"G",237,"P","G237P",0.176670400834532
"G",237,"Q","G237Q",-0.507595610209209
"G",237,"R","G237R",-0.699137503819881
"G",237,"S","G237S",0.907121453932186
"G",237,"T","G237T",-0.350038635091288
"G",237,"V","G237V",0.0275048290488019
"G",237,"W","G237W",0.216951614236351
"G",237,"Y","G237Y",0.794119498338926
"P",238,"A","P238A",-0.0512316560775791
"P",238,"C","P238C",0.297392599910404
"P",238,"D","P238D",0.105018878410711
"P",238,"E","P238E",0.71796311642483
"P",238,"F","P238F",-1.05475612033579
"P",238,"G","P238G",0.578702792088571
"P",238,"H","P238H",-1.68620262765185
"P",238,"I","P238I",-0.285146318562542
"P",238,"K","P238K",-0.177830743488502
"P",238,"L","P238L",1.68273761241454
"P",238,"M","P238M",-0.570993753341082
"P",238,"N","P238N",0.658833167419164
"P",238,"Q","P238Q",0.734912639864147
"P",238,"R","P238R",-1.12805246387901
"P",238,"S","P238S",-0.7899146941663
"P",238,"T","P238T",0.348728785688479
"P",238,"V","P238V",1.253601478815
"P",238,"W","P238W",-2.76239309849838
"P",238,"Y","P238Y",0.329141842650928
"S",239,"A","S239A",0.173691199587781
"S",239,"C","S239C",1.21222466666723
"S",239,"D","S239D",5.55327524490948
"S",239,"E","S239E",0.422699906757057
"S",239,"F","S239F",-1.40090835277093
"S",239,"G","S239G",0.256230873193359
"S",239,"H","S239H",-1.38420950621629
"S",239,"I","S239I",-0.527494022120637
"S",239,"K","S239K",0.225368389884079
"S",239,"L","S239L",-0.595270095207802
"S",239,"M","S239M",-0.134813993462352
"S",239,"N","S239N",-0.97872918454321
"S",239,"P","S239P",-0.00283936566514475
"S",239,"Q","S239Q",-0.180584159497785
"S",239,"R","S239R",-0.783386652206799
"S",239,"T","S239T",1.09225564856142
"S",239,"V","S239V",0.228046224274518
"S",239,"W","S239W",-1.03444996365373
"S",239,"Y","S239Y",-0.227262277923755
"V",240,"A","V240A",-0.0374321844239537
"V",240,"C","V240C",0.572610234957805
"V",240,"D","V240D",-2.40325329110555
"V",240,"E","V240E",-1.18835740978
"V",240,"F","V240F",0.186663293046698
"V",240,"G","V240G",-0.710032221614667
"V",240,"H","V240H",-2.42209790241707
"V",240,"I","V240I",1.21912141229417
"V",240,"K","V240K",-2.68861511757342
"V",240,"L","V240L",1.01768177097521
"V",240,"M","V240M",-0.0292350447113971
"V",240,"N","V240N",0.587160548704162
"V",240,"P","V240P",1.06253805200247
"V",240,"Q","V240Q",-0.0853930344331161
"V",240,"R","V240R",-1.1329404716058
"V",240,"S","V240S",0.229747433876667
"V",240,"T","V240T",0.78871930721716
"V",240,"W","V240W",-0.0374848776593711
"V",240,"Y","V240Y",1.02452784612405
"F",241,"A","F241A",-0.301140798284971
"F",241,"C","F241C",1.39582624462414
"F",241,"D","F241D",-0.449780430192516
"F",241,"E","F241E",-0.89156990561794
"F",241,"G","F241G",0.447592513866273
"F",241,"H","F241H",-0.875332953845119
"F",241,"I","F241I",0.115952701373045
"F",241,"K","F241K",-0.992850590698998
"F",241,"L","F241L",0.842462225161509
"F",241,"M","F241M",-0.0902427546751411
"F",241,"N","F241N",-0.426471972296379
"F",241,"P","F241P",-0.545362212219681
"F",241,"Q","F241Q",0.467702202940343
"F",241,"R","F241R",1.16896537334092
"F",241,"S","F241S",0.305730084392386
"F",241,"T","F241T",0.392364804149627
"F",241,"V","F241V",0.150264005262092
"F",241,"W","F241W",-0.763915610279052
"F",241,"Y","F241Y",-0.0368288011059522
"L",242,"F","L242F",-6.88498944326844
"F",243,"A","F243A",-0.0425168147211787
"F",243,"C","F243C",1.68965831016738
"F",243,"D","F243D",0.6189699280002
"F",243,"E","F243E",1.21886874072842
"F",243,"H","F243H",-1.47043378132612
"F",243,"I","F243I",-0.461436998845087
"F",243,"K","F243K",-1.0737599402142
"F",243,"L","F243L",-0.20982898996937
"F",243,"M","F243M",-0.0173411010715216
"F",243,"N","F243N",-0.76011742865438
"F",243,"P","F243P",-1.14120137056018
"F",243,"Q","F243Q",0.564449580170433
"F",243,"R","F243R",1.23125100920569
"F",243,"S","F243S",-0.136039907920804
"F",243,"T","F243T",0.501632340065501
"F",243,"V","F243V",-0.219135383041365
"F",243,"W","F243W",-0.119570950983167
"F",243,"Y","F243Y",-0.327492997815331
"P",244,"A","P244A",0.660860430251731
"P",244,"C","P244C",-0.26543484768378
"P",244,"D","P244D",0.809292618944686
"P",244,"E","P244E",0.00646920237433276
"P",244,"F","P244F",-1.35386209715717
"P",244,"G","P244G",-0.818934624430815
"P",244,"H","P244H",-0.478082518714385
"P",244,"I","P244I",0.251178281945071
"P",244,"K","P244K",0.286456068924624
"P",244,"L","P244L",-0.98311718226479
"P",244,"M","P244M",0.271131375265343
"P",244,"N","P244N",0.89910059753555
"P",244,"Q","P244Q",0.65446773169817
"P",244,"R","P244R",0.780065192236647
"P",244,"S","P244S",-0.0969694202241286
"P",244,"T","P244T",0.615996684015426
"P",244,"V","P244V",0.443039135820383
"P",244,"W","P244W",-0.468069463267224
"P",244,"Y","P244Y",-1.58081548841968
"P",245,"A","P245A",-0.770029113266438
"P",245,"C","P245C",-1.53297531051765
"P",245,"D","P245D",-0.781845886680824
"P",245,"E","P245E",-1.79401240302892
"P",245,"F","P245F",-0.781614010321971
"P",245,"G","P245G",-0.448306306555915
"P",245,"H","P245H",-1.61613181689613
"P",245,"I","P245I",-2.44893016909675
"P",245,"K","P245K",-2.31670264290713
"P",245,"L","P245L",-0.707794918979749
"P",245,"M","P245M",-0.576631059901797
"P",245,"N","P245N",1.26641893068884
"P",245,"Q","P245Q",-0.390313804502597
"P",245,"R","P245R",-1.97152438535983
"P",245,"S","P245S",-1.60618488804586
"P",245,"T","P245T",-1.48230948360349
"P",245,"V","P245V",-0.66892802577945
"P",245,"W","P245W",-4.15177575966554
"P",245,"Y","P245Y",-1.37343688657655
"K",246,"A","K246A",0.872768696905229
"K",246,"C","K246C",-0.402846310312334
"K",246,"D","K246D",0.832916008478065
"K",246,"E","K246E",0.780456648358227
"K",246,"F","K246F",0.413097474414785
"K",246,"G","K246G",-0.714415078791206
"K",246,"H","K246H",-0.239727089256593
"K",246,"I","K246I",-1.32649902527058
"K",246,"L","K246L",0.639987852567531
"K",246,"M","K246M",0.611759503437957
"K",246,"N","K246N",-0.0492678618129809
"K",246,"P","K246P",-0.39771869387211
"K",246,"Q","K246Q",-1.90142492796873
"K",246,"R","K246R",0.628324861378715
"K",246,"S","K246S",0.268582001045125
"K",246,"T","K246T",-0.512200324173918
"K",246,"V","K246V",-1.02149761304123
"K",246,"W","K246W",0.112163647217862
"K",246,"Y","K246Y",0.572916776311565
"P",247,"A","P247A",0.73300468819331
"P",247,"C","P247C",-0.687561335801422
"P",247,"D","P247D",-1.54079559500707
"P",247,"E","P247E",-0.28612483075728
"P",247,"F","P247F",0.341491193142087
"P",247,"G","P247G",0.95312350651811
"P",247,"H","P247H",-1.32529627108076
"P",247,"I","P247I",0.249557466703397
"P",247,"K","P247K",0.676511240756979
"P",247,"L","P247L",0.267090294241252
"P",247,"M","P247M",0.921116811039625
"P",247,"N","P247N",-3.07081745829163
"P",247,"Q","P247Q",-1.0205789136206
"P",247,"R","P247R",-0.0378245392220828
"P",247,"S","P247S",-1.05821008538067
"P",247,"T","P247T",-1.9506910179235
"P",247,"V","P247V",-3.83142657744091
"P",247,"W","P247W",-2.36921202298445
"P",247,"Y","P247Y",-2.96044535127484
"K",248,"A","K248A",1.35333966130168
"K",248,"C","K248C",-0.296958425206749
"K",248,"D","K248D",0.248459701004971
"K",248,"E","K248E",0.448513990777336
"K",248,"F","K248F",0.331580478110128
"K",248,"G","K248G",0.896451064046806
"K",248,"H","K248H",0.749966635759269
"K",248,"I","K248I",-0.834078865692336
"K",248,"L","K248L",-0.550652316963409
"K",248,"M","K248M",-0.0645372319254899
"K",248,"N","K248N",0.241799177330613
"K",248,"P","K248P",1.10337654711782
"K",248,"Q","K248Q",1.01233634789203
"K",248,"R","K248R",1.06472783491392
"K",248,"S","K248S",0.572943664536297
"K",248,"T","K248T",-0.146733582984033
"K",248,"V","K248V",-0.653751960600129
"K",248,"W","K248W",-0.491809747637182
"K",248,"Y","K248Y",0.255439956036577
"D",249,"A","D249A",0.477733341272301
"D",249,"C","D249C",0.177883340992331
"D",249,"E","D249E",-1.22177049842867
"D",249,"F","D249F",0.0392223027942276
"D",249,"G","D249G",-0.576979497632756
"D",249,"H","D249H",-0.113921612880163
"D",249,"I","D249I",0.972820709782235
"D",249,"K","D249K",-0.169517473810533
"D",249,"L","D249L",-1.13674961081407
"D",249,"M","D249M",-0.0287380773254616
"D",249,"N","D249N",-0.529655203520116
"D",249,"P","D249P",-0.468344169444423
"D",249,"Q","D249Q",-1.73645358846301
"D",249,"R","D249R",1.1140294464936
"D",249,"S","D249S",0.388757377115976
"D",249,"T","D249T",0.124780143567006
"D",249,"V","D249V",-0.805086296028284
"D",249,"W","D249W",-0.159852879920729
"D",249,"Y","D249Y",-1.18691086756437
"T",250,"A","T250A",0.376477590984722
"T",250,"C","T250C",0.36812858742417
"T",250,"D","T250D",-0.779038161188123
"T",250,"E","T250E",0.325218046525696
"T",250,"F","T250F",-0.692150787369723
"T",250,"G","T250G",1.03222502177401
"T",250,"H","T250H",1.0646654201068
"T",250,"I","T250I",0.407585402514582
"T",250,"K","T250K",-0.686623434139601
"T",250,"L","T250L",0.752495687308649
"T",250,"M","T250M",-0.581101885669191
"T",250,"N","T250N",-0.0104416499161077
"T",250,"P","T250P",0.0663046171656845
"T",250,"Q","T250Q",-0.282611596301814
"T",250,"R","T250R",-0.105396869672142
"T",250,"S","T250S",0.591274498270775
"T",250,"V","T250V",0.723374083199756
"T",250,"W","T250W",0.291623509752413
"T",250,"Y","T250Y",-1.67667264484467
"L",251,"A","L251A",1.64510140193451
"L",251,"C","L251C",-1.04020901171741
"L",251,"D","L251D",-1.2495326067273
"L",251,"E","L251E",0.301495607775234
"L",251,"F","L251F",-1.8048254523482
"L",251,"G","L251G",-0.474989936381626
"L",251,"H","L251H",0.77115893965949
"L",251,"I","L251I",0.784191423507591
"L",251,"K","L251K",0.560318023341756
"L",251,"M","L251M",-0.379257235411743
"L",251,"N","L251N",0.316146815622591
"L",251,"P","L251P",1.43298181795548
"L",251,"Q","L251Q",0.00831890241463215
"L",251,"R","L251R",2.83385131459033
"L",251,"S","L251S",0.101640213313995
"L",251,"T","L251T",0.489364130285031
"L",251,"V","L251V",-0.645834587516816
"L",251,"W","L251W",-1.72647957516498
"L",251,"Y","L251Y",-1.70968399893925
"M",252,"A","M252A",-0.309125510825396
"M",252,"C","M252C",0.279308820281561
"M",252,"D","M252D",1.13926250445256
"M",252,"E","M252E",0.365953727358284
"M",252,"F","M252F",0.106826343885366
"M",252,"G","M252G",1.0711236851368
"M",252,"H","M252H",0.787482396269961
"M",252,"I","M252I",-0.336352479113801
"M",252,"K","M252K",1.32455961157943
"M",252,"L","M252L",1.56287275427479
"M",252,"N","M252N",0.414177414775823
"M",252,"P","M252P",-0.632343889836595
"M",252,"Q","M252Q",0.606419243896079
"M",252,"R","M252R",0.120323883353142
"M",252,"S","M252S",0.653100966625273
"M",252,"T","M252T",-0.0124509817610582
"M",252,"V","M252V",0.776942580136994
"M",252,"W","M252W",0.283905983924348
"M",252,"Y","M252Y",-0.287654738715056
"I",253,"A","I253A",0.709460896544023
"I",253,"C","I253C",0.993757519343224
"I",253,"D","I253D",0.434757151361319
"I",253,"E","I253E",-0.0901605147779076
"I",253,"F","I253F",1.11215732892316
"I",253,"G","I253G",-0.612062278594774
"I",253,"H","I253H",0.41009233864977
"I",253,"K","I253K",-0.147171587897614
"I",253,"L","I253L",0.184528511941618
"I",253,"M","I253M",-0.072544081964118
"I",253,"N","I253N",1.12557132951737
"I",253,"P","I253P",-0.471697482725925
"I",253,"Q","I253Q",-0.156132083740303
"I",253,"R","I253R",-0.391375001456174
"I",253,"S","I253S",0.71324727940166
"I",253,"T","I253T",0.241434020019728
"I",253,"V","I253V",0.483708569464342
"I",253,"W","I253W",0.549785010899241
"I",253,"Y","I253Y",-1.03271596399494
"S",254,"A","S254A",0.0882723405214155
"S",254,"C","S254C",0.712490638928511
"S",254,"D","S254D",0.485984927273282
"S",254,"E","S254E",0.432963865637749
"S",254,"F","S254F",1.73112319735906
"S",254,"G","S254G",0.508229362473058
"S",254,"H","S254H",0.122567243834195
"S",254,"I","S254I",0.581831458211726
"S",254,"K","S254K",0.247056027042914
"S",254,"L","S254L",0.87725938328425
"S",254,"M","S254M",0.222553897762954
"S",254,"N","S254N",-0.885674523824746
"S",254,"P","S254P",0.471572204194225
"S",254,"Q","S254Q",0.940948900711547
"S",254,"R","S254R",-0.306672762246485
"S",254,"T","S254T",0.159785625643922
"S",254,"V","S254V",1.13737123618394
"S",254,"W","S254W",0.330599291401868
"S",254,"Y","S254Y",-0.573522881347828
"R",255,"A","R255A",0.081152050599757
"R",255,"C","R255C",0.763046090984989
"R",255,"D","R255D",0.0482524134642495
"R",255,"E","R255E",-1.69843356313028
"R",255,"F","R255F",-0.186246435190918
"R",255,"G","R255G",0.335640363227037
"R",255,"H","R255H",-0.663414145330941
"R",255,"I","R255I",-1.09454352614737
"R",255,"K","R255K",0.354281717455183
"R",255,"L","R255L",0.943507342398246
"R",255,"M","R255M",-1.64907913844682
"R",255,"N","R255N",-1.34180322164364
"R",255,"P","R255P",1.16770783719088
"R",255,"Q","R255Q",0.768188015858948
"R",255,"S","R255S",0.227330263167984
"R",255,"T","R255T",0.226699477007072
"R",255,"V","R255V",-1.18362084864515
"R",255,"W","R255W",-0.351978210753008
"R",255,"Y","R255Y",-0.840852541086319
"T",256,"A","T256A",-1.09283479631249
"T",256,"C","T256C",1.77364031019978
"T",256,"D","T256D",0.22807604754097
"T",256,"E","T256E",-0.402424133964136
"T",256,"F","T256F",-0.289145411491179
"T",256,"G","T256G",1.22354101173486
"T",256,"H","T256H",-0.232830407196971
"T",256,"I","T256I",-0.400536506697218
"T",256,"K","T256K",1.86069300910347
"T",256,"L","T256L",0.732322222379025
"T",256,"M","T256M",0.602555660321098
"T",256,"N","T256N",0.521177967565267
"T",256,"P","T256P",-0.225966225628744
"T",256,"Q","T256Q",1.12815393405034
"T",256,"R","T256R",-0.297740427077628
"T",256,"S","T256S",0.260764419008963
"T",256,"V","T256V",-0.872113378215641
"T",256,"W","T256W",0.0523520049442432
"T",256,"Y","T256Y",0.441516864070837
"P",257,"A","P257A",0.827671723930519
"P",257,"C","P257C",-0.0493679948484231
"P",257,"D","P257D",-1.11801193391083
"P",257,"E","P257E",2.28916116525062
"P",257,"F","P257F",1.21360339631245
"P",257,"G","P257G",1.17951603137514
"P",257,"H","P257H",0.0172515830675682
"P",257,"I","P257I",1.40506412139313
"P",257,"K","P257K",0.288758168713466
"P",257,"L","P257L",0.0930258698427539
"P",257,"M","P257M",-0.403175652701247
"P",257,"N","P257N",-0.431846773346261
"P",257,"Q","P257Q",0.161640456187158
"P",257,"R","P257R",-0.266430286712535
"P",257,"S","P257S",-0.519448745667771
"P",257,"T","P257T",-0.530372412440669
"P",257,"V","P257V",-0.0297003259556895
"P",257,"W","P257W",-0.550310371875968
"P",257,"Y","P257Y",2.35847792076163
"E",258,"A","E258A",0.313626922167709
"E",258,"C","E258C",0.216749874943765
"E",258,"D","E258D",0.60441333397107
"E",258,"F","E258F",0.298105595245261
"E",258,"G","E258G",-0.240822222482046
"E",258,"H","E258H",0.795367326885959
"E",258,"I","E258I",-0.140254849756814
"E",258,"K","E258K",-0.795068799282807
"E",258,"L","E258L",-0.428816625515061
"E",258,"M","E258M",0.0538683976643114
"E",258,"N","E258N",-2.21189776141549
"E",258,"P","E258P",-3.57537028543627
"E",258,"Q","E258Q",-1.09665262653106
"E",258,"R","E258R",1.15772719550509
"E",258,"S","E258S",0.282033159645929
"E",258,"T","E258T",-1.23973812379983
"E",258,"V","E258V",-0.0667184578083551
"E",258,"W","E258W",1.01699776540377
"E",258,"Y","E258Y",0.172332487378127
"V",259,"A","V259A",-0.431997979029669
"V",259,"C","V259C",-0.366365068174227
"V",259,"D","V259D",-0.445333028678838
"V",259,"E","V259E",-0.770963045588297
"V",259,"F","V259F",0.480618782300654
"V",259,"G","V259G",-1.01382563804386
"V",259,"H","V259H",-0.887137915240488
"V",259,"I","V259I",-0.682866934763811
"V",259,"K","V259K",-0.154977776300977
"V",259,"L","V259L",0.604443049011102
"V",259,"M","V259M",0.307486318149232
"V",259,"N","V259N",0.469612335899103
"V",259,"P","V259P",-0.559016700255615
"V",259,"Q","V259Q",0.718082908357882
"V",259,"R","V259R",0.293411009881489
"V",259,"S","V259S",-1.61223033798729
"V",259,"T","V259T",-1.87827308761114
"V",259,"W","V259W",-1.27557537039577
"V",259,"Y","V259Y",-1.0444525782038
"T",260,"A","T260A",-0.415736800759422
"T",260,"C","T260C",-0.529119917362497
"T",260,"D","T260D",0.810773994841708
"T",260,"E","T260E",-0.63274280962307
"T",260,"F","T260F",-0.299242725816821
"T",260,"G","T260G",-0.437853661269569
"T",260,"H","T260H",1.0389046737525
"T",260,"I","T260I",0.127095158123675
"T",260,"K","T260K",-0.487197229057169
"T",260,"L","T260L",1.14556521781749
"T",260,"M","T260M",-0.0389352196608722
"T",260,"N","T260N",0.204402936162963
"T",260,"P","T260P",-1.17538246805172
"T",260,"Q","T260Q",-0.0642119665464205
"T",260,"R","T260R",0.973701735482872
"T",260,"S","T260S",0.706577409426363
"T",260,"V","T260V",-0.123740995619485
"T",260,"W","T260W",-0.255174899916599
"T",260,"Y","T260Y",0.642669060155791
"C",261,"A","C261A",0.882876399820537
"C",261,"D","C261D",0.0384124069482378
"C",261,"E","C261E",-1.99042305576852
"C",261,"F","C261F",-0.127275500158915
"C",261,"G","C261G",0.587817666566039
"C",261,"H","C261H",-0.0686190336515866
"C",261,"I","C261I",0.070487150957104
"C",261,"K","C261K",-0.639665717231989
"C",261,"L","C261L",-0.802203884373318
"C",261,"M","C261M",1.38853272019516
"C",261,"N","C261N",-0.181039139732085
"C",261,"P","C261P",0.0384071825817018
"C",261,"Q","C261Q",-0.678015763106678
"C",261,"R","C261R",-0.494872104029099
"C",261,"S","C261S",0.176144146394895
"C",261,"T","C261T",-0.349942904158112
"C",261,"V","C261V",-0.00277291988333903
"C",261,"W","C261W",-2.29121633735362
"C",261,"Y","C261Y",-4.01792719968036
"V",262,"A","V262A",-0.0948308359019271
"V",262,"C","V262C",-0.192648038275278
"V",262,"D","V262D",-0.486673963852129
"V",262,"E","V262E",1.10398274942943
"V",262,"F","V262F",-0.800477060938954
"V",262,"G","V262G",-0.993264074697161
"V",262,"H","V262H",-0.0183408229039167
"V",262,"I","V262I",0.247942799625751
"V",262,"K","V262K",0.234774468122459
"V",262,"L","V262L",0.390481066576117
"V",262,"M","V262M",-1.33368751661708
"V",262,"N","V262N",-0.966157197840863
"V",262,"P","V262P",-0.638503877423855
"V",262,"Q","V262Q",-2.94281400701446
"V",262,"R","V262R",0.0163308777290521
"V",262,"S","V262S",1.00287643580087
"V",262,"T","V262T",-0.0693009017250901
"V",262,"W","V262W",-0.0474893661287329
"V",262,"Y","V262Y",-0.518765108751236
"V",263,"A","V263A",0.8853089626501
"V",263,"C","V263C",0.579082405386716
"V",263,"D","V263D",-0.578788952349702
"V",263,"E","V263E",-1.13951055965894
"V",263,"F","V263F",0.197282503922998
"V",263,"G","V263G",-0.162746927900859
"V",263,"H","V263H",2.67958982613144
"V",263,"I","V263I",-0.585625785722631
"V",263,"K","V263K",-1.41393237943454
"V",263,"L","V263L",0.452927181871053
"V",263,"M","V263M",-0.54990607948697
"V",263,"N","V263N",-0.554785170384055
"V",263,"P","V263P",-1.3197422837153
"V",263,"Q","V263Q",0.072028863670461
"V",263,"R","V263R",1.03246915572539
"V",263,"S","V263S",0.656205117101338
"V",263,"T","V263T",2.33773936830061
"V",263,"W","V263W",0.46571738171376
"V",263,"Y","V263Y",-0.705764924981486
"V",264,"A","V264A",-0.845931857032847
"V",264,"C","V264C",1.936209741873
"V",264,"D","V264D",0.20320860841221
"V",264,"E","V264E",-0.330174947033067
"V",264,"F","V264F",1.43071695959039
"V",264,"G","V264G",-0.754245524622409
"V",264,"H","V264H",0.704009442092354
"V",264,"I","V264I",-0.464622682290901
"V",264,"K","V264K",0.230810079118791
"V",264,"L","V264L",0.228974704671112
"V",264,"M","V264M",1.29061141690283
"V",264,"N","V264N",-0.311442930698735
"V",264,"P","V264P",1.12948029320962
"V",264,"Q","V264Q",-0.514510454870324
"V",264,"R","V264R",-2.010665878607
"V",264,"S","V264S",-0.515993293904177
"V",264,"T","V264T",-1.88697013148958
"V",264,"W","V264W",2.051675957215
"V",264,"Y","V264Y",2.14010383526492
"D",265,"A","D265A",-0.875895716843873
"D",265,"C","D265C",-1.96544300253519
"D",265,"E","D265E",-1.73699345147225
"D",265,"F","D265F",-2.15951184455655
"D",265,"G","D265G",-0.0483454028604094
"D",265,"H","D265H",-0.497131244810558
"D",265,"I","D265I",3.80540692935235
"D",265,"K","D265K",-1.40932839161028
"D",265,"L","D265L",-0.220517476087667
"D",265,"M","D265M",-0.343225746489178
"D",265,"N","D265N",-2.35009615820753
"D",265,"P","D265P",0.903682008507605
"D",265,"Q","D265Q",-1.0297165761858
"D",265,"R","D265R",1.75996557201717
"D",265,"S","D265S",-1.05354889916959
"D",265,"T","D265T",-1.23189666236554
"D",265,"V","D265V",-0.156217811110609
"D",265,"W","D265W",2.03751449546041
"D",265,"Y","D265Y",-2.66032428875434
"V",266,"A","V266A",-0.167832658388996
"V",266,"C","V266C",-1.39699191712723
"V",266,"D","V266D",-0.433698172144719
"V",266,"E","V266E",0.346352705414189
"V",266,"F","V266F",-0.3481988369277
"V",266,"G","V266G",0.876183106828653
"V",266,"H","V266H",-0.0243427072994021
"V",266,"I","V266I",-2.55465707341568
"V",266,"K","V266K",-0.198855668154823
"V",266,"L","V266L",-0.197004956108125
"V",266,"M","V266M",-0.683690421964915
"V",266,"N","V266N",-0.402606977801353
"V",266,"P","V266P",-0.922522684875815
"V",266,"Q","V266Q",-1.56120732912954
"V",266,"R","V266R",-0.688700105111778
"V",266,"S","V266S",-0.019173682398349
"V",266,"T","V266T",-0.713419603489226
"V",266,"W","V266W",-0.551747651371815
"V",266,"Y","V266Y",-0.112718885357668
"S",267,"A","S267A",-0.692157422416682
"S",267,"C","S267C",0.211074010495587
"S",267,"D","S267D",-1.10098610900632
"S",267,"E","S267E",-0.198182226784146
"S",267,"F","S267F",-0.771560128031923
"S",267,"G","S267G",-0.218307759801027
"S",267,"H","S267H",0.277068786768929
"S",267,"I","S267I",3.22751487574878
"S",267,"K","S267K",0.595526404221008
"S",267,"L","S267L",-0.799998507686228
"S",267,"M","S267M",0.552635275111847
"S",267,"N","S267N",0.756014398062479
"S",267,"P","S267P",0.0745142328646673
"S",267,"Q","S267Q",-1.97914312543738
"S",267,"R","S267R",0.292207843128276
"S",267,"T","S267T",0.624836727215034
"S",267,"V","S267V",1.35732087703166
"S",267,"W","S267W",1.6528080451038
"S",267,"Y","S267Y",-0.115484807006542
"H",268,"A","H268A",-0.353652338247801
"H",268,"C","H268C",-0.397448433011103
"H",268,"D","H268D",-0.222633950867738
"H",268,"E","H268E",1.29990913936787
"H",268,"F","H268F",-0.355104280550294
"H",268,"G","H268G",-0.301017419983492
"H",268,"I","H268I",0.212610335464883
"H",268,"K","H268K",-0.356140182850223
"H",268,"L","H268L",0.0323600314916166
"H",268,"M","H268M",-0.31673451810608
"H",268,"N","H268N",0.0304588665753528
"H",268,"P","H268P",-1.12441269702967
"H",268,"Q","H268Q",-0.165958168896105
"H",268,"R","H268R",-0.298410032572152
"H",268,"S","H268S",-0.789294617564541
"H",268,"T","H268T",0.621923235999966
"H",268,"V","H268V",-0.572320789842551
"H",268,"W","H268W",0.0938566704322398
"H",268,"Y","H268Y",-0.0775007013585697
"E",269,"A","E269A",0.0535565695449351
"E",269,"C","E269C",-0.757001134861046
"E",269,"D","E269D",-0.114646497360235
"E",269,"F","E269F",2.48259732870658
"E",269,"G","E269G",0.190100924347771
"E",269,"H","E269H",0.173010888117246
"E",269,"I","E269I",0.845965032143854
"E",269,"K","E269K",-0.838015339353682
"E",269,"L","E269L",0.490072807607874
"E",269,"M","E269M",0.592381403983035
"E",269,"N","E269N",0.403737902043747
"E",269,"P","E269P",1.97511973187953
"E",269,"Q","E269Q",-0.445910551669737
"E",269,"R","E269R",1.39155007662792
"E",269,"S","E269S",1.1353268019415
"E",269,"T","E269T",2.0613476632999
"E",269,"V","E269V",0.938940043949121
"E",269,"W","E269W",1.06986213671697
"E",269,"Y","E269Y",2.91212132543505
"D",270,"A","D270A",0.628269095941536
"D",270,"C","D270C",-1.55208377196079
"D",270,"E","D270E",-0.644702957246961
"D",270,"F","D270F",3.41439636588167
"D",270,"G","D270G",0.601179757423702
"D",270,"H","D270H",1.57319787284312
"D",270,"I","D270I",0.00640962573883747
"D",270,"K","D270K",1.81671297879417
"D",270,"L","D270L",-0.304431500978404
"D",270,"M","D270M",-0.300360388332074
"D",270,"N","D270N",4.42101524469537
"D",270,"P","D270P",-1.36425903560548
"D",270,"Q","D270Q",-0.330284253827377
"D",270,"R","D270R",1.12209824745442
"D",270,"S","D270S",2.1530788939818
"D",270,"T","D270T",2.04974640280373
"D",270,"V","D270V",1.41765937722387
"D",270,"W","D270W",0.76822578629344
"D",270,"Y","D270Y",2.4714043294099
"P",271,"A","P271A",-0.559793602080076
"P",271,"C","P271C",-0.120018713457525
"P",271,"D","P271D",-0.418109256889893
"P",271,"E","P271E",0.0360894968652278
"P",271,"F","P271F",-1.21003463729734
"P",271,"G","P271G",0.00422348709781154
"P",271,"H","P271H",-0.378251885717178
"P",271,"I","P271I",-0.166374523204226
"P",271,"K","P271K",0.0499673626588453
"P",271,"L","P271L",-0.128199089863945
"P",271,"M","P271M",1.12384697095259
"P",271,"N","P271N",0.192341461396034
"P",271,"Q","P271Q",-0.1382774145895
"P",271,"R","P271R",0.231956134944165
"P",271,"S","P271S",-0.780721958501276
"P",271,"T","P271T",-0.72296923685521
"P",271,"V","P271V",-1.21455176769653
"P",271,"W","P271W",-0.601973317815107
"P",271,"Y","P271Y",-0.552979227636207
"E",272,"A","E272A",-0.714315966580924
"E",272,"C","E272C",-0.549071271299534
"E",272,"D","E272D",0.448391899649848
"E",272,"F","E272F",1.18232222086146
"E",272,"G","E272G",0.965084756524867
"E",272,"I","E272I",2.13147335337416
"E",272,"K","E272K",-0.625958563201754
"E",272,"L","E272L",-0.0445863179527114
"E",272,"M","E272M",0.138480834412017
"E",272,"N","E272N",0.351707436070789
"E",272,"P","E272P",-0.12018427422143
"E",272,"Q","E272Q",0.799354359804154
"E",272,"R","E272R",-0.535610083641563
"E",272,"S","E272S",-0.442957812266286
"E",272,"T","E272T",-0.370771876820505
"E",272,"V","E272V",0.742530491608766
"E",272,"W","E272W",-0.30936637501607
"E",272,"Y","E272Y",0.213873177488631
"V",273,"A","V273A",0.513584181610384
"V",273,"C","V273C",-0.156998513208984
"V",273,"D","V273D",-7.37241948409936
"V",273,"E","V273E",-0.404994713341481
"V",273,"F","V273F",0.676178574926205
"V",273,"G","V273G",-0.539596385810223
"V",273,"H","V273H",0.890487690908346
"V",273,"I","V273I",-0.56071084714986
"V",273,"K","V273K",0.452539190458244
"V",273,"L","V273L",0.213227789836575
"V",273,"M","V273M",0.618893220341017
"V",273,"N","V273N",-2.24770889912556
"V",273,"P","V273P",-0.176670711443746
"V",273,"Q","V273Q",0.831980037090369
"V",273,"R","V273R",0.806480891999769
"V",273,"S","V273S",-0.264703389064716
"V",273,"T","V273T",0.14763992921503
"V",273,"W","V273W",-0.29184483143289
"V",273,"Y","V273Y",2.5305153614007
"K",274,"A","K274A",1.06254034700328
"K",274,"C","K274C",0.281588795173699
"K",274,"D","K274D",-0.364229183324888
"K",274,"E","K274E",0.655231271169357
"K",274,"F","K274F",0.153403533369319
"K",274,"G","K274G",-2.02574965745323
"K",274,"H","K274H",1.10092943831649
"K",274,"I","K274I",0.156366695897262
"K",274,"L","K274L",0.0037204622264397
"K",274,"M","K274M",0.428013629103082
"K",274,"N","K274N",0.218480574116717
"K",274,"P","K274P",-2.33629552348136
"K",274,"Q","K274Q",0.120848940379284
"K",274,"R","K274R",0.433943919793958
"K",274,"S","K274S",0.668475219865423
"K",274,"T","K274T",-0.0430403694959113
"K",274,"V","K274V",1.10642948662895
"K",274,"W","K274W",-0.37373640814977
"K",274,"Y","K274Y",0.877531069196462
"F",275,"A","F275A",1.1442482033713
"F",275,"C","F275C",-6.07597549729544
"F",275,"D","F275D",0.533689513300196
"F",275,"E","F275E",0.831264031130482
"F",275,"G","F275G",-1.23672451370979
"F",275,"H","F275H",1.16495365414666
"F",275,"I","F275I",-2.61725858818011
"F",275,"K","F275K",-4.20989802497718
"F",275,"L","F275L",-0.879294414932798
"F",275,"M","F275M",-0.633469573058022
"F",275,"N","F275N",-1.27831854334497
"F",275,"P","F275P",-0.0110234233233614
"F",275,"Q","F275Q",-0.18512009069779
"F",275,"R","F275R",-1.67247440176284
"F",275,"S","F275S",-0.230172734601865
"F",275,"T","F275T",-0.743708705804084
"F",275,"V","F275V",-2.68169854722183
"F",275,"W","F275W",0.195730458008286
"F",275,"Y","F275Y",-0.179706533608111
"N",276,"A","N276A",0.199596251534857
"N",276,"C","N276C",-0.150071209531839
"N",276,"D","N276D",0.403714289759786
"N",276,"E","N276E",-1.15584061544818
"N",276,"F","N276F",-0.173197928620339
"N",276,"G","N276G",0.934549912442009
"N",276,"H","N276H",-0.0723341478135254
"N",276,"I","N276I",0.153828681651147
"N",276,"K","N276K",-0.178180433315334
"N",276,"L","N276L",-0.410384682788076
"N",276,"M","N276M",-0.412169851912724
"N",276,"P","N276P",-1.3024142145785
"N",276,"Q","N276Q",-0.149580284909129
"N",276,"R","N276R",-0.580287295797519
"N",276,"S","N276S",0.266629241973618
"N",276,"T","N276T",-0.424258742108201
"N",276,"V","N276V",-0.30176032210871
"N",276,"W","N276W",0.0213521358127058
"N",276,"Y","N276Y",0.315774820453015
"W",277,"A","W277A",-2.02623534316292
"W",277,"C","W277C",-1.89217316334693
"W",277,"D","W277D",-1.08890241125078
"W",277,"E","W277E",0.685529698465968
"W",277,"F","W277F",0.105018672362538
"W",277,"G","W277G",1.78299367744402
"W",277,"H","W277H",-0.21258052695182
"W",277,"I","W277I",-7.69552430819451
"W",277,"K","W277K",-2.8796387780593
"W",277,"L","W277L",-1.61462847193443
"W",277,"M","W277M",-0.497122033101084
"W",277,"N","W277N",-0.446383895819853
"W",277,"P","W277P",-1.73282051912794
"W",277,"Q","W277Q",-0.758464765654642
"W",277,"R","W277R",-0.451009201824294
"W",277,"S","W277S",-0.0984537006650403
"W",277,"T","W277T",-1.76592415032324
"W",277,"V","W277V",0.0301649143977295
"W",277,"Y","W277Y",0.612576286323858
"Y",278,"A","Y278A",1.01243362461477
"Y",278,"C","Y278C",0.821826540192559
"Y",278,"D","Y278D",0.0270510860992628
"Y",278,"E","Y278E",1.09436307300539
"Y",278,"F","Y278F",1.21145278223314
"Y",278,"G","Y278G",0.637774231764807
"Y",278,"H","Y278H",0.136419964683813
"Y",278,"I","Y278I",1.04972356176106
"Y",278,"K","Y278K",-0.30854866871782
"Y",278,"L","Y278L",0.197398446507473
"Y",278,"M","Y278M",0.710422405666277
"Y",278,"N","Y278N",0.488531109962707
"Y",278,"P","Y278P",-0.418848943038737
"Y",278,"Q","Y278Q",1.09125540613419
"Y",278,"R","Y278R",0.112571211821164
"Y",278,"S","Y278S",0.00312413853821329
"Y",278,"T","Y278T",0.190096360016365
"Y",278,"V","Y278V",0.643580890891113
"Y",278,"W","Y278W",0.197712256681707
"V",279,"A","V279A",1.44071678245418
"V",279,"C","V279C",0.785224607418163
"V",279,"D","V279D",0.0719411208662049
"V",279,"E","V279E",0.346508770093392
"V",279,"F","V279F",-0.131544344385997
"V",279,"G","V279G",-0.167152470010104
"V",279,"H","V279H",0.743118543076509
"V",279,"I","V279I",1.16865140054614
"V",279,"K","V279K",0.465210687419574
"V",279,"L","V279L",0.719555239712726
"V",279,"M","V279M",-0.961107675321637
"V",279,"N","V279N",-0.123970556641005
"V",279,"P","V279P",-0.76452608900118
"V",279,"Q","V279Q",0.686071022652144
"V",279,"R","V279R",0.540486015548064
"V",279,"S","V279S",0.707051127968975
"V",279,"T","V279T",-0.143176071599884
"V",279,"W","V279W",-0.410294094794737
"V",279,"Y","V279Y",-0.0527406034859709
"D",280,"A","D280A",-1.1234171475929
"D",280,"C","D280C",0.329294858992125
"D",280,"E","D280E",0.234015258497225
"D",280,"F","D280F",0.586728740964371
"D",280,"G","D280G",-1.5081216759
"D",280,"H","D280H",-0.558062928647452
"D",280,"I","D280I",-1.36800352596132
"D",280,"K","D280K",-0.965590883732862
"D",280,"L","D280L",0.674850168769541
"D",280,"M","D280M",0.56729251519963
"D",280,"N","D280N",1.3874443270205
"D",280,"P","D280P",0.938979740329942
"D",280,"Q","D280Q",0.866806740139328
"D",280,"R","D280R",-0.243032049823471
"D",280,"S","D280S",-1.03550448889648
"D",280,"T","D280T",0.783765080269697
"D",280,"V","D280V",0.394800997567611
"D",280,"W","D280W",-0.189319139038619
"D",280,"Y","D280Y",0.183501418287828
"G",281,"A","G281A",-0.924430228216788
"G",281,"C","G281C",-0.530578241795636
"G",281,"D","G281D",-0.299671484479173
"G",281,"E","G281E",0.482809625140761
"G",281,"F","G281F",-0.530021904650882
"G",281,"H","G281H",-0.0691744820272742
"G",281,"I","G281I",-1.40096605527534
"G",281,"K","G281K",0.0964472138082066
"G",281,"L","G281L",-0.248776963742413
"G",281,"M","G281M",-0.394726477204081
"G",281,"N","G281N",-0.0312297856262999
"G",281,"P","G281P",-1.63842175207352
"G",281,"Q","G281Q",-0.00271956910640751
"G",281,"R","G281R",0.443825699006331
"G",281,"S","G281S",-0.183628583746133
"G",281,"T","G281T",0.714839609736039
"G",281,"V","G281V",-0.659586712513195
"G",281,"W","G281W",-0.384124702100323
"G",281,"Y","G281Y",-0.726329544343816
"V",282,"A","V282A",0.843441464302237
"V",282,"C","V282C",-0.391303332280446
"V",282,"D","V282D",-0.370413728777815
"V",282,"E","V282E",1.38713450521223
"V",282,"F","V282F",0.537490500069115
"V",282,"G","V282G",0.873170499678694
"V",282,"H","V282H",-0.756589313016987
"V",282,"I","V282I",-0.162044258277332
"V",282,"K","V282K",-0.11062283900126
"V",282,"L","V282L",1.04361708631688
"V",282,"M","V282M",0.141974397981556
"V",282,"N","V282N",-0.303495709743038
"V",282,"P","V282P",-0.11013689966305
"V",282,"Q","V282Q",0.247787211133895
"V",282,"R","V282R",-0.924391750617722
"V",282,"S","V282S",0.471851605576679
"V",282,"T","V282T",0.382216456396581
"V",282,"W","V282W",-0.326597515413101
"V",282,"Y","V282Y",-0.229312579105454
"E",283,"A","E283A",0.131830333738324
"E",283,"C","E283C",0.402540550691141
"E",283,"D","E283D",1.9724381677102
"E",283,"F","E283F",0.735347002431189
"E",283,"G","E283G",0.59426673937067
"E",283,"H","E283H",-0.182920294847716
"E",283,"I","E283I",1.16240984735304
"E",283,"K","E283K",0.389622924794478
"E",283,"L","E283L",-0.218380605179712
"E",283,"M","E283M",0.587441847357111
"E",283,"N","E283N",0.318681844908882
"E",283,"P","E283P",0.588344730333354
"E",283,"Q","E283Q",-0.245522420252258
"E",283,"R","E283R",0.0728067008483977
"E",283,"S","E283S",-0.409816618156265
"E",283,"T","E283T",1.30476980303378
"E",283,"V","E283V",-0.162403973900237
"E",283,"W","E283W",0.881267341343972
"E",283,"Y","E283Y",1.3904415263802
"V",284,"A","V284A",0.0243188269626399
"V",284,"C","V284C",0.546138374909348
"V",284,"D","V284D",-0.924614370052126
"V",284,"E","V284E",0.00844677235912228
"V",284,"F","V284F",-0.749350450951429
"V",284,"G","V284G",-0.310426561489082
"V",284,"H","V284H",1.07201855228009
"V",284,"I","V284I",0.256066913259209
"V",284,"K","V284K",0.510225938854229
"V",284,"L","V284L",0.606097152927149
"V",284,"M","V284M",1.16172997486281
"V",284,"N","V284N",0.927648171606671
"V",284,"P","V284P",0.0816142884432262
"V",284,"Q","V284Q",-0.339431795568481
"V",284,"R","V284R",0.178487544256808
"V",284,"S","V284S",-0.788155769865353
"V",284,"T","V284T",-0.411509599726711
"V",284,"W","V284W",-0.442844211883601
"V",284,"Y","V284Y",-0.251237589388176
"H",285,"A","H285A",0.726961632602011
"H",285,"C","H285C",0.272803091381008
"H",285,"D","H285D",-0.240312450811418
"H",285,"E","H285E",-0.745186302717009
"H",285,"F","H285F",0.560520213762349
"H",285,"G","H285G",1.25362036224352
"H",285,"I","H285I",0.0576279208329512
"H",285,"K","H285K",0.568776408851452
"H",285,"L","H285L",1.1168998606562
"H",285,"M","H285M",0.913594583860978
"H",285,"N","H285N",-0.381622043038362
"H",285,"P","H285P",0.0611002623364459
"H",285,"Q","H285Q",0.0537415281718031
"H",285,"R","H285R",1.01287060404944
"H",285,"S","H285S",1.38638620849239
"H",285,"T","H285T",0.441469015052944
"H",285,"V","H285V",0.257862423319807
"H",285,"W","H285W",0.320277366117624
"H",285,"Y","H285Y",0.0437920613522273
"N",286,"A","N286A",0.771302024622222
"N",286,"C","N286C",-0.571684542540506
"N",286,"D","N286D",-0.341099966237127
"N",286,"E","N286E",-0.0790548041720987
"N",286,"F","N286F",-0.529029020742557
"N",286,"G","N286G",-0.169916689168125
"N",286,"H","N286H",0.196057620703881
"N",286,"I","N286I",0.222956801722424
"N",286,"K","N286K",-0.111189336251539
"N",286,"L","N286L",0.141186825808771
"N",286,"M","N286M",0.586179831440283
"N",286,"P","N286P",0.294121519553061
"N",286,"Q","N286Q",0.600196343087176
"N",286,"R","N286R",0.277917848345549
"N",286,"S","N286S",1.01142675412191
"N",286,"T","N286T",0.119191590031951
"N",286,"V","N286V",0.217052828668266
"N",286,"W","N286W",-0.143363391649131
"N",286,"Y","N286Y",2.18011383609721
"A",287,"C","A287C",0.497969129146961
"A",287,"D","A287D",0.755609110175459
"A",287,"E","A287E",-1.83939525698378
"A",287,"F","A287F",0.362206938531703
"A",287,"G","A287G",-0.794782857594083
"A",287,"H","A287H",-1.28470707439336
"A",287,"I","A287I",0.22723620236282
"A",287,"K","A287K",0.445214253416595
"A",287,"L","A287L",-0.450790097897498
"A",287,"M","A287M",0.374281312937885
"A",287,"N","A287N",-0.654352758581017
"A",287,"P","A287P",0.132567886090461
"A",287,"Q","A287Q",-1.3605537271086
"A",287,"R","A287R",1.6196105448773
"A",287,"S","A287S",0.508163427115077
"A",287,"T","A287T",1.34829134879278
"A",287,"V","A287V",0.232233701221478
"A",287,"W","A287W",-0.299993427753647
"A",287,"Y","A287Y",0.888692511444162
"K",288,"A","K288A",-1.84567641681046
"K",288,"C","K288C",-0.766110118742359
"K",288,"D","K288D",0.165967049001795
"K",288,"E","K288E",0.75156834144931
"K",288,"F","K288F",0.141162018446235
"K",288,"G","K288G",0.221614564188954
"K",288,"H","K288H",-0.156186517960286
"K",288,"I","K288I",1.5075322982571
"K",288,"L","K288L",-0.29352273901441
"K",288,"M","K288M",-0.2066171508475
"K",288,"N","K288N",-0.821648906771724
"K",288,"P","K288P",-0.71215971588458
"K",288,"Q","K288Q",1.3983315410782
"K",288,"R","K288R",0.626940013871268
"K",288,"S","K288S",0.204886501677539
"K",288,"T","K288T",0.0104514735879451
"K",288,"V","K288V",0.236566450041316
"K",288,"W","K288W",1.30864066062189
"K",288,"Y","K288Y",-0.964735854988526
"T",289,"A","T289A",0.0650291163292618
"T",289,"C","T289C",-0.383555456516139
"T",289,"D","T289D",1.37835671890292
"T",289,"E","T289E",0.629172648994443
"T",289,"F","T289F",0.124251334563414
"T",289,"G","T289G",-0.0326535085454024
"T",289,"H","T289H",0.728670879841627
"T",289,"I","T289I",1.06882409750638
"T",289,"K","T289K",0.132103228805934
"T",289,"L","T289L",-0.732325675834286
"T",289,"M","T289M",0.569916372989411
"T",289,"N","T289N",0.322168034060416
"T",289,"P","T289P",-0.766831268311539
"T",289,"Q","T289Q",0.600538298150093
"T",289,"R","T289R",-0.0572792007353785
"T",289,"S","T289S",-0.11907526782438
"T",289,"V","T289V",-0.018036281457462
"T",289,"W","T289W",0.687473359509941
"T",289,"Y","T289Y",0.172305185745105
"K",290,"A","K290A",-0.218772699392136
"K",290,"C","K290C",0.117567911250475
"K",290,"D","K290D",-1.37356051321255
"K",290,"E","K290E",-1.56638747800383
"K",290,"F","K290F",-2.73433230597021
"K",290,"G","K290G",-1.13539849289213
"K",290,"H","K290H",-1.11970465272406
"K",290,"I","K290I",0.451090796693982
"K",290,"L","K290L",0.740272370224004
"K",290,"M","K290M",0.639282327466316
"K",290,"N","K290N",-0.172541192886518
"K",290,"P","K290P",0.458822415055387
"K",290,"Q","K290Q",-0.601967649327981
"K",290,"R","K290R",-0.0738933845113984
"K",290,"S","K290S",-0.806773463721415
"K",290,"T","K290T",-1.20873994925142
"K",290,"V","K290V",1.59095488862648
"K",290,"W","K290W",-2.47889898895347
"K",290,"Y","K290Y",-1.57775856116966
"P",291,"A","P291A",0.325052979770063
"P",291,"C","P291C",-0.435249429866652
"P",291,"D","P291D",-0.928059589999571
"P",291,"E","P291E",1.11435276531893
"P",291,"F","P291F",0.000858206295736993
"P",291,"G","P291G",-0.0866726834732582
"P",291,"H","P291H",0.489957160038097
"P",291,"I","P291I",-0.729544583849762
"P",291,"K","P291K",0.732628775472872
"P",291,"L","P291L",1.05137424916203
"P",291,"M","P291M",-0.723883717463646
"P",291,"N","P291N",0.574809383982236
"P",291,"Q","P291Q",0.412740685523255
"P",291,"R","P291R",-0.289264896326763
"P",291,"S","P291S",0.266160653654397
"P",291,"T","P291T",1.09036339824751
"P",291,"V","P291V",0.724540485791015
"P",291,"W","P291W",0.067452248937474
"P",291,"Y","P291Y",-0.118148974034815
"R",292,"A","R292A",-0.100286674992672
"R",292,"C","R292C",0.350661331686787
"R",292,"D","R292D",0.190317099743
"R",292,"E","R292E",-0.05412550233782
"R",292,"F","R292F",-0.200615091029996
"R",292,"G","R292G",-0.338746720944974
"R",292,"H","R292H",-1.57330930307018
"R",292,"I","R292I",0.491219787050307
"R",292,"K","R292K",-0.232361263940938
"R",292,"L","R292L",-0.922392003651151
"R",292,"M","R292M",-1.71587054087204
"R",292,"N","R292N",-0.651306448738772
"R",292,"P","R292P",-0.290293525026117
"R",292,"Q","R292Q",-0.531103725797837
"R",292,"S","R292S",0.245431741909381
"R",292,"T","R292T",1.18916001731833
"R",292,"V","R292V",-0.0643479390879555
"R",292,"W","R292W",0.462796862250062
"R",292,"Y","R292Y",1.03883965501747
"E",293,"A","E293A",-0.872591274441985
"E",293,"C","E293C",-0.662032680781437
"E",293,"D","E293D",0.788148779156996
"E",293,"F","E293F",-0.722178044723878
"E",293,"G","E293G",0.147030078215913
"E",293,"H","E293H",0.240496694958726
"E",293,"I","E293I",-0.152543336586103
"E",293,"K","E293K",0.0779182843255253
"E",293,"L","E293L",-0.128761676736476
"E",293,"M","E293M",-1.06663902952535
"E",293,"N","E293N",1.39516726161695
"E",293,"P","E293P",-0.00207956721147871
"E",293,"Q","E293Q",0.498992067078149
"E",293,"R","E293R",-0.0774667872553652
"E",293,"S","E293S",0.367257218507034
"E",293,"T","E293T",0.939485721083135
"E",293,"V","E293V",-1.05505985141028
"E",293,"W","E293W",-0.696511686849934
"E",293,"Y","E293Y",-0.623020016770676
"E",294,"A","E294A",-0.686245432389728
"E",294,"C","E294C",-0.651064083708036
"E",294,"D","E294D",-0.21619684645353
"E",294,"F","E294F",-0.407260911708485
"E",294,"G","E294G",0.942645010967068
"E",294,"H","E294H",0.00253700270894713
"E",294,"I","E294I",-0.416701067642135
"E",294,"K","E294K",-0.705582390590545
"E",294,"L","E294L",-0.558765192220844
"E",294,"M","E294M",-0.0578689233307892
"E",294,"N","E294N",0.0307903715613103
"E",294,"P","E294P",0.457191309143947
"E",294,"Q","E294Q",0.237419152196979
"E",294,"R","E294R",-1.25637631261432
"E",294,"S","E294S",1.84807638030282
"E",294,"T","E294T",-1.36656065527616
"E",294,"V","E294V",-0.0864571800392589
"E",294,"W","E294W",0.118816858242379
"E",294,"Y","E294Y",-0.369743700065435
"Q",295,"A","Q295A",-0.63893960371418
"Q",295,"C","Q295C",0.489322399889166
"Q",295,"D","Q295D",2.79708805964051
"Q",295,"E","Q295E",0.0745050418444176
"Q",295,"F","Q295F",-0.316820021715206
"Q",295,"G","Q295G",0.565892068471192
"Q",295,"H","Q295H",-0.733956864694715
"Q",295,"I","Q295I",0.0258210995070041
"Q",295,"K","Q295K",0.688481124169581
"Q",295,"L","Q295L",0.308626130641515
"Q",295,"M","Q295M",0.00882699682481842
"Q",295,"N","Q295N",-0.300018113473093
"Q",295,"P","Q295P",-0.299681744200164
"Q",295,"R","Q295R",0.404211411178978
"Q",295,"S","Q295S",-0.187219387530295
"Q",295,"T","Q295T",-0.507033886600235
"Q",295,"V","Q295V",0.307029394246151
"Q",295,"W","Q295W",2.20929439353497
"Q",295,"Y","Q295Y",0.0669308460028292
"Y",296,"A","Y296A",3.26055317293945
"Y",296,"C","Y296C",-0.244077976286727
"Y",296,"D","Y296D",0.657670727272272
"Y",296,"E","Y296E",0.55582198240171
"Y",296,"F","Y296F",-0.616735676714383
"Y",296,"G","Y296G",2.51047523843467
"Y",296,"H","Y296H",-0.64392824848812
"Y",296,"I","Y296I",-0.949572787400328
"Y",296,"K","Y296K",-0.164435635051859
"Y",296,"L","Y296L",0.609354068115393
"Y",296,"M","Y296M",-0.75395029209116
"Y",296,"N","Y296N",0.251804715661658
"Y",296,"P","Y296P",-1.07921881870571
"Y",296,"Q","Y296Q",0.799107497355196
"Y",296,"R","Y296R",3.10504186970534
"Y",296,"S","Y296S",0.601580510293412
"Y",296,"T","Y296T",-0.708460532224581
"Y",296,"V","Y296V",-0.369829643352133
"Y",296,"W","Y296W",-1.32208560514875
"N",297,"A","N297A",-0.351222234407642
"N",297,"C","N297C",-0.259229704867179
"N",297,"D","N297D",2.95722022925957
"N",297,"E","N297E",1.09112264388193
"N",297,"F","N297F",-0.517890689859852
"N",297,"G","N297G",3.78935159732147
"N",297,"H","N297H",0.239238698281828
"N",297,"I","N297I",-2.95940962039387
"N",297,"K","N297K",-1.37822292044676
"N",297,"L","N297L",0.721785251805485
"N",297,"M","N297M",-0.684824663105865
"N",297,"P","N297P",0.142038623367311
"N",297,"Q","N297Q",2.2229286902821
"N",297,"R","N297R",-0.415396912342887
"N",297,"S","N297S",1.98642444121759
"N",297,"T","N297T",2.77132351487734
"N",297,"V","N297V",-2.68331787632024
"N",297,"W","N297W",-0.445055869956121
"N",297,"Y","N297Y",-1.23003709290791
"S",298,"A","S298A",-0.0375279924565019
"S",298,"C","S298C",0.0941287162592841
"S",298,"D","S298D",1.64156817427444
"S",298,"E","S298E",0.88602891346289
"S",298,"F","S298F",-0.0333608801239625
"S",298,"G","S298G",-0.245287466802171
"S",298,"I","S298I",0.0557381752281735
"S",298,"K","S298K",1.85236354132556
"S",298,"L","S298L",0.70986847855479
"S",298,"M","S298M",-0.47146818337044
"S",298,"N","S298N",1.062118397311
"S",298,"P","S298P",0.597377153503202
"S",298,"Q","S298Q",1.52450892607846
"S",298,"R","S298R",0.854378359503245
"S",298,"T","S298T",0.523451585392903
"S",298,"V","S298V",-0.11381347346455
"S",298,"W","S298W",2.58587362512409
"S",298,"Y","S298Y",-0.35992456190923
"T",299,"A","T299A",-0.944868304005532
"T",299,"C","T299C",3.30072264974031
"T",299,"D","T299D",0.356668052844151
"T",299,"E","T299E",-0.365936046171988
"T",299,"F","T299F",-2.4539201023292
"T",299,"G","T299G",-0.853936853152753
"T",299,"H","T299H",0.856680823065646
"T",299,"I","T299I",1.08005803786211
"T",299,"K","T299K",-0.568372934864619
"T",299,"L","T299L",0.188100431554696
"T",299,"M","T299M",-3.70270703709829
"T",299,"N","T299N",0.778576397672529
"T",299,"P","T299P",-0.747862514242061
"T",299,"Q","T299Q",-1.00790962362887
"T",299,"R","T299R",-2.18162706218551
"T",299,"S","T299S",2.9486522588168
"T",299,"V","T299V",0.0789007510181657
"T",299,"W","T299W",-0.502621270274897
"T",299,"Y","T299Y",-0.630378918156066
"Y",300,"A","Y300A",0.13228512014872
"Y",300,"C","Y300C",-0.0629247422874212
"Y",300,"D","Y300D",-0.23449728329913
"Y",300,"E","Y300E",-0.14181214235691
"Y",300,"F","Y300F",0.148002858799058
"Y",300,"G","Y300G",-0.477350961163489
"Y",300,"H","Y300H",0.290337421043936
"Y",300,"I","Y300I",0.425201117595069
"Y",300,"K","Y300K",0.0138149463304271
"Y",300,"L","Y300L",0.500882675656933
"Y",300,"M","Y300M",1.09527079527143
"Y",300,"N","Y300N",0.624734083847864
"Y",300,"P","Y300P",-3.17209826470861
"Y",300,"Q","Y300Q",1.06599945143283
"Y",300,"R","Y300R",0.638931000268486
"Y",300,"S","Y300S",-0.542937586270011
"Y",300,"T","Y300T",-0.977694407527863
"Y",300,"V","Y300V",0.47217243712854
"Y",300,"W","Y300W",0.186493622661941
"R",301,"A","R301A",-0.170021499457723
"R",301,"C","R301C",0.302432620711737
"R",301,"D","R301D",-0.07498054265697
"R",301,"E","R301E",-0.406951021706144
"R",301,"F","R301F",-0.760739972386769
"R",301,"G","R301G",-0.12602780032532
"R",301,"H","R301H",0.782928811909317
"R",301,"I","R301I",-0.128841415814472
"R",301,"K","R301K",0.125501462809391
"R",301,"L","R301L",0.20346810413693
"R",301,"M","R301M",0.438047011878206
"R",301,"N","R301N",1.03435085027564
"R",301,"P","R301P",-2.17538188268135
"R",301,"Q","R301Q",0.463834869779437
"R",301,"S","R301S",-0.0694607712944347
"R",301,"T","R301T",0.643196469431412
"R",301,"V","R301V",-0.402374997851029
"R",301,"W","R301W",0.210843707686624
"R",301,"Y","R301Y",-0.197185225916279
"V",302,"A","V302A",-0.713419603489226
"V",302,"C","V302C",0.570161590469774
"V",302,"D","V302D",-0.199581003371399
"V",302,"E","V302E",-0.0863342712662928
"V",302,"F","V302F",1.30426218048264
"V",302,"G","V302G",0.962844757245195
"V",302,"H","V302H",-0.0758252399939643
"V",302,"I","V302I",0.088298370273746
"V",302,"K","V302K",-0.866190344713239
"V",302,"L","V302L",0.753018035017689
"V",302,"M","V302M",-0.551283253441411
"V",302,"N","V302N",-0.174029939615423
"V",302,"P","V302P",-1.44877534532777
"V",302,"Q","V302Q",-2.00146877050614
"V",302,"R","V302R",1.75462478987131
"V",302,"S","V302S",1.40006617230473
"V",302,"T","V302T",-0.221445608797502
"V",302,"W","V302W",1.93984508194644
"V",302,"Y","V302Y",-1.13378559539178
"V",303,"A","V303A",-0.348783414310458
"V",303,"C","V303C",-0.459467408884593
"V",303,"D","V303D",-0.905746464167252
"V",303,"E","V303E",0.452430285511225
"V",303,"F","V303F",-2.50335413976624
"V",303,"G","V303G",-0.270955478403281
"V",303,"H","V303H",0.350051178875632
"V",303,"I","V303I",-0.549738566328778
"V",303,"K","V303K",-1.68017515205421
"V",303,"L","V303L",-0.900804108025571
"V",303,"M","V303M",0.0875674984698043
"V",303,"N","V303N",-0.117095349517379
"V",303,"P","V303P",0.00404565402167902
"V",303,"Q","V303Q",-0.61407272285193
"V",303,"R","V303R",-0.900832695526041
"V",303,"S","V303S",-0.744433048637272
"V",303,"T","V303T",-0.113618499529406
"V",303,"W","V303W",0.568675067086425
"V",303,"Y","V303Y",-1.29751004348945
"S",304,"A","S304A",-0.0886071562121622
"S",304,"C","S304C",0.307870189270431
"S",304,"D","S304D",-0.0157383620010544
"S",304,"E","S304E",0.71313716165977
"S",304,"F","S304F",0.342734378877826
"S",304,"G","S304G",0.669797360482659
"S",304,"H","S304H",-0.431569294775673
"S",304,"I","S304I",1.76325840347722
"S",304,"K","S304K",-0.972962723337563
"S",304,"L","S304L",-3.0090123444601
"S",304,"M","S304M",0.633751939719501
"S",304,"N","S304N",-0.296659306390378
"S",304,"P","S304P",-0.712577823212596
"S",304,"Q","S304Q",-0.095932407929494
"S",304,"R","S304R",-0.160153289158036
"S",304,"T","S304T",1.5815256269017
"S",304,"V","S304V",-1.03011132209072
"S",304,"W","S304W",-0.00559790026855531
"S",304,"Y","S304Y",-0.609695246438689
"V",305,"A","V305A",1.15312759115867
"V",305,"C","V305C",0.267219595103101
"V",305,"D","V305D",-0.649224329644793
"V",305,"E","V305E",-2.76488853918942
"V",305,"F","V305F",-0.0932083909061783
"V",305,"G","V305G",0.0407134292460388
"V",305,"H","V305H",-0.0831717315821765
"V",305,"I","V305I",-1.4003762537442
"V",305,"K","V305K",0.0795987819721884
"V",305,"L","V305L",-0.173103187694711
"V",305,"M","V305M",0.18249250055969
"V",305,"N","V305N",0.0579083099408742
"V",305,"P","V305P",1.49038957543587
"V",305,"Q","V305Q",-0.499528468876642
"V",305,"R","V305R",-1.02987350474843
"V",305,"S","V305S",0.309470369712432
"V",305,"T","V305T",-2.5600586149453
"V",305,"W","V305W",-0.674597263560763
"V",305,"Y","V305Y",-0.088682256670133
"L",306,"A","L306A",-0.259855008890581
"L",306,"C","L306C",-0.273720336677678
"L",306,"D","L306D",-1.10263413813181
"L",306,"E","L306E",-0.00732305703870628
"L",306,"F","L306F",0.150244934754199
"L",306,"G","L306G",-0.717636371039275
"L",306,"H","L306H",-0.0376011808335168
"L",306,"I","L306I",-0.0577526343539926
"L",306,"K","L306K",0.698234540211353
"L",306,"M","L306M",-0.111419127054339
"L",306,"N","L306N",1.18317944364941
"L",306,"P","L306P",-4.58889814033769
"L",306,"Q","L306Q",0.207226101417405
"L",306,"R","L306R",-0.690222328954194
"L",306,"S","L306S",0.736650427210063
"L",306,"T","L306T",0.127594108111508
"L",306,"V","L306V",0.685715682718099
"L",306,"W","L306W",-1.27136642197275
"L",306,"Y","L306Y",1.13533977962653
"T",307,"A","T307A",0.585579729154311
"T",307,"C","T307C",0.285231413983425
"T",307,"D","T307D",0.79638103587415
"T",307,"E","T307E",-1.57189873619073
"T",307,"F","T307F",0.851594727665194
"T",307,"G","T307G",0.644088694306067
"T",307,"H","T307H",0.785824958728823
"T",307,"I","T307I",-0.142664225058446
"T",307,"K","T307K",1.73296703335534
"T",307,"L","T307L",-1.16523368273113
"T",307,"M","T307M",1.02014503724151
"T",307,"N","T307N",-1.51218108453107
"T",307,"P","T307P",-0.0384943665491494
"T",307,"Q","T307Q",0.0688643596019834
"T",307,"R","T307R",0.49383187172123
"T",307,"S","T307S",0.1654586972697
"T",307,"V","T307V",0.187628320668879
"T",307,"W","T307W",0.463686324146065
"T",307,"Y","T307Y",0.41959740720124
"V",308,"A","V308A",0.0736880459233564
"V",308,"C","V308C",1.54272642463353
"V",308,"D","V308D",-0.170097749966139
"V",308,"E","V308E",-0.665741995169657
"V",308,"F","V308F",-1.13600233277767
"V",308,"G","V308G",0.94245365744239
"V",308,"H","V308H",-0.777338030295124
"V",308,"I","V308I",0.501369396770796
"V",308,"K","V308K",-1.92010385930697
"V",308,"L","V308L",0.409024618259061
"V",308,"M","V308M",0.841815889845581
"V",308,"N","V308N",-1.40720443843974
"V",308,"P","V308P",-0.0117423789148862
"V",308,"Q","V308Q",0.809315530233459
"V",308,"R","V308R",0.00604275880675173
"V",308,"S","V308S",1.29200012839443
"V",308,"T","V308T",-0.492509002040351
"V",308,"W","V308W",-0.953069292592699
"V",308,"Y","V308Y",-1.76585081556198
"L",309,"A","L309A",0.852821920836476
"L",309,"C","L309C",0.326610605651504
"L",309,"D","L309D",0.827852325865844
"L",309,"E","L309E",0.00531765099220443
"L",309,"F","L309F",-0.00149556771035184
"L",309,"G","L309G",-0.449992595406991
"L",309,"H","L309H",0.166579961457588
"L",309,"I","L309I",-1.62530601942535
"L",309,"K","L309K",0.0594444926860343
"L",309,"M","L309M",-0.0510268540379186
"L",309,"N","L309N",0.702136337172719
"L",309,"P","L309P",-0.517283415876393
"L",309,"Q","L309Q",0.402190474846041
"L",309,"R","L309R",0.658253632232628
"L",309,"S","L309S",-0.0645862139103212
"L",309,"T","L309T",-0.356801864699956
"L",309,"V","L309V",-1.39461076512459
"L",309,"W","L309W",-1.20296220801737
"L",309,"Y","L309Y",0.485661665095881
"H",310,"A","H310A",-0.630510369090318
"H",310,"C","H310C",0.998684238809303
"H",310,"D","H310D",-0.889630235177199
"H",310,"E","H310E",1.11744221787801
"H",310,"F","H310F",-0.298908913126974
"H",310,"G","H310G",0.571628738669876
"H",310,"I","H310I",-0.356268485624761
"H",310,"K","H310K",0.156519296989262
"H",310,"L","H310L",0.0223876436332438
"H",310,"M","H310M",0.640865976108911
"H",310,"N","H310N",-0.627270238928677
"H",310,"P","H310P",0.466268880169996
"H",310,"Q","H310Q",0.0764477229271872
"H",310,"R","H310R",1.45341551122672
"H",310,"S","H310S",0.707080566485154
"H",310,"T","H310T",0.664342301699217
"H",310,"V","H310V",-0.787379551063395
"H",310,"W","H310W",0.323331071983011
"H",310,"Y","H310Y",0.84784184594243
"Q",311,"A","Q311A",0.459417914451787
"Q",311,"C","Q311C",0.405999850020393
"Q",311,"D","Q311D",0.434762014387205
"Q",311,"E","Q311E",-1.58615377809666
"Q",311,"F","Q311F",-0.0950410043491265
"Q",311,"G","Q311G",1.41106388105742
"Q",311,"H","Q311H",1.57283622122336
"Q",311,"I","Q311I",-1.58072226781866
"Q",311,"K","Q311K",-0.119951434239381
"Q",311,"L","Q311L",0.359065397291465
"Q",311,"M","Q311M",-0.279235175542641
"Q",311,"N","Q311N",0.0741835262663762
"Q",311,"P","Q311P",1.10691737958329
"Q",311,"R","Q311R",1.20541981663434
"Q",311,"S","Q311S",-0.50389299147142
"Q",311,"T","Q311T",1.40418825028123
"Q",311,"V","Q311V",-0.755269989432467
"Q",311,"W","Q311W",0.263780123306905
"Q",311,"Y","Q311Y",0.330012842630458
"D",312,"A","D312A",0.653207809121102
"D",312,"C","D312C",0.376065217438217
"D",312,"E","D312E",0.71432249014037
"D",312,"F","D312F",0.0533248279964733
"D",312,"G","D312G",-0.257303281429657
"D",312,"H","D312H",0.508954909117389
"D",312,"I","D312I",-1.66279094835265
"D",312,"K","D312K",-0.872190405137266
"D",312,"L","D312L",-3.69455238280503
"D",312,"M","D312M",-0.693926800808119
"D",312,"N","D312N",0.261896620887987
"D",312,"P","D312P",-0.178275930160474
"D",312,"Q","D312Q",-0.390210701845462
"D",312,"R","D312R",-0.462748146120462
"D",312,"S","D312S",0.154266649598542
"D",312,"T","D312T",-1.72613579619466
"D",312,"V","D312V",-0.976911895493576
"D",312,"W","D312W",-1.32633476402007
"D",312,"Y","D312Y",-1.22839756026209
"W",313,"A","W313A",-0.612793824883971
"W",313,"C","W313C",-3.83879794015489
"W",313,"D","W313D",-0.895530731557984
"W",313,"E","W313E",-0.689265951026148
"W",313,"F","W313F",0.193512532281501
"W",313,"H","W313H",-1.51895584306636
"W",313,"I","W313I",-1.80342961892427
"W",313,"K","W313K",-1.2319808784269
"W",313,"L","W313L",-1.17029406702245
"W",313,"M","W313M",-0.683938607105717
"W",313,"N","W313N",-0.565350597049894
"W",313,"P","W313P",-1.51728329484684
"W",313,"Q","W313Q",-0.561794539742267
"W",313,"R","W313R",2.64198265159279
"W",313,"S","W313S",-1.3588964601628
"W",313,"T","W313T",-1.365788396141
"W",313,"V","W313V",-0.590108023708326
"W",313,"Y","W313Y",-0.063058283933229
"L",314,"A","L314A",-0.375765446715253
"L",314,"C","L314C",-0.966265472578029
"L",314,"D","L314D",-0.936532712625611
"L",314,"E","L314E",-0.499436630578335
"L",314,"F","L314F",0.221759593406314
"L",314,"G","L314G",0.193803192784242
"L",314,"H","L314H",-0.654064450817732
"L",314,"I","L314I",1.03516426213381
"L",314,"K","L314K",-0.240805051240949
"L",314,"M","L314M",-0.0743845097239205
"L",314,"N","L314N",0.301948292197608
"L",314,"P","L314P",0.195254820037049
"L",314,"Q","L314Q",0.142882420570933
"L",314,"R","L314R",0.37864614189082
"L",314,"S","L314S",0.48612803581562
"L",314,"T","L314T",-0.427771890878815
"L",314,"V","L314V",0.059092452248829
"L",314,"W","L314W",-0.0736629903956294
"L",314,"Y","L314Y",1.41438580797753
"N",315,"A","N315A",-0.618903888425383
"N",315,"C","N315C",-0.0439880332933775
"N",315,"D","N315D",-0.395869190317662
"N",315,"E","N315E",-0.296162237473985
"N",315,"F","N315F",0.226318171853259
"N",315,"G","N315G",0.44052794151097
"N",315,"H","N315H",1.17156310585349
"N",315,"I","N315I",0.587791657088764
"N",315,"K","N315K",-0.247416724651486
"N",315,"L","N315L",-0.652160183020366
"N",315,"M","N315M",0.135009466209954
"N",315,"P","N315P",0.186010909185808
"N",315,"Q","N315Q",2.47192829403429
"N",315,"R","N315R",-1.25083869003881
"N",315,"S","N315S",0.044815004230816
"N",315,"T","N315T",0.663392140078826
"N",315,"V","N315V",-1.2168169599549
"N",315,"W","N315W",1.31726308619329
"N",315,"Y","N315Y",-3.08486361323996
"G",316,"A","G316A",0.497479640197675
"G",316,"C","G316C",0.517435429314645
"G",316,"D","G316D",-1.0484160894067
"G",316,"E","G316E",1.41194063096765
"G",316,"F","G316F",-0.989205263644673
"G",316,"H","G316H",0.148952061015208
"G",316,"I","G316I",-0.103228895271049
"G",316,"K","G316K",-0.438084084694643
"G",316,"L","G316L",-1.09690726547445
"G",316,"M","G316M",0.310042067796259
"G",316,"N","G316N",0.503461759073229
"G",316,"P","G316P",-0.524282316237498
"G",316,"Q","G316Q",-0.534290023521352
"G",316,"R","G316R",0.561101961057107
"G",316,"S","G316S",-0.918543346172801
"G",316,"T","G316T",1.09768255100737
"G",316,"V","G316V",-0.177375695636519
"G",316,"W","G316W",-0.854152018579409
"G",316,"Y","G316Y",0.27167747503921
"K",317,"A","K317A",-0.253362608325003
"K",317,"C","K317C",-0.308100224791322
"K",317,"D","K317D",-1.36558210113227
"K",317,"E","K317E",0.213574761548861
"K",317,"F","K317F",-2.66771700407368
"K",317,"G","K317G",-1.62332219171155
"K",317,"H","K317H",-0.123385629882997
"K",317,"I","K317I",0.133793214190264
"K",317,"L","K317L",-0.639503818852405
"K",317,"M","K317M",0.371369864881546
"K",317,"N","K317N",0.362496513923922
"K",317,"P","K317P",-0.684862693623378
"K",317,"Q","K317Q",-0.784945317861665
"K",317,"R","K317R",-0.326057718751568
"K",317,"S","K317S",-0.746945852259405
"K",317,"T","K317T",-0.288836100249118
"K",317,"V","K317V",0.183257564993421
"K",317,"W","K317W",-2.36456217414952
"K",317,"Y","K317Y",-1.73378188235024
"E",318,"A","E318A",-0.584777235179013
"E",318,"C","E318C",-0.106369056380897
"E",318,"D","E318D",-0.536377279113298
"E",318,"F","E318F",-0.190537897978931
"E",318,"G","E318G",-0.334549233815763
"E",318,"H","E318H",-0.353858114609949
"E",318,"I","E318I",-0.289202076253646
"E",318,"K","E318K",0.0509337780091173
"E",318,"L","E318L",-0.0523960659130276
"E",318,"M","E318M",-0.941083718174181
"E",318,"N","E318N",-0.102576052919756
"E",318,"P","E318P",-0.670844746119219
"E",318,"Q","E318Q",0.841636572943894
"E",318,"R","E318R",0.230062431627647
"E",318,"S","E318S",-0.651898097441789
"E",318,"T","E318T",-0.714526924372539
"E",318,"V","E318V",0.0942454252545196
"E",318,"W","E318W",-0.113804263996741
"E",318,"Y","E318Y",-0.477699862291493
"Y",319,"A","Y319A",-1.92068256911444
"Y",319,"C","Y319C",-1.91484655976355
"Y",319,"D","Y319D",-0.542225782733041
"Y",319,"E","Y319E",-3.70460734912653
"Y",319,"F","Y319F",0.774141821139143
"Y",319,"G","Y319G",-1.17777660108005
"Y",319,"H","Y319H",-2.16767125449008
"Y",319,"I","Y319I",-1.04381492061245
"Y",319,"K","Y319K",-1.83818793570083
"Y",319,"L","Y319L",0.439408661565131
"Y",319,"M","Y319M",-0.876627154202876
"Y",319,"N","Y319N",-1.28966503116551
"Y",319,"P","Y319P",-2.12583813775115
"Y",319,"Q","Y319Q",-5.2119206650598
"Y",319,"R","Y319R",-0.759146626072108
"Y",319,"S","Y319S",0.613135808939946
"Y",319,"T","Y319T",-2.50497694910374
"Y",319,"V","Y319V",-1.82730300704674
"Y",319,"W","Y319W",1.00461514230111
"K",320,"A","K320A",0.962809363252905
"K",320,"C","K320C",-0.534797035345697
"K",320,"D","K320D",-0.475027346512132
"K",320,"E","K320E",-0.776485673178378
"K",320,"F","K320F",0.239977520990151
"K",320,"G","K320G",1.19547766942683
"K",320,"H","K320H",1.32450103350368
"K",320,"I","K320I",-1.19413865047485
"K",320,"L","K320L",-1.69647381614523
"K",320,"M","K320M",-0.668382776867851
"K",320,"N","K320N",-0.195013123743254
"K",320,"P","K320P",-1.25484840877407
"K",320,"Q","K320Q",0.332833296551144
"K",320,"R","K320R",0.423475830907217
"K",320,"S","K320S",0.39290318838825
"K",320,"T","K320T",0.160713838582448
"K",320,"V","K320V",0.142630660861378
"K",320,"W","K320W",1.39236171695481
"K",320,"Y","K320Y",0.651414989306048
"C",321,"A","C321A",-0.297677927264525
"C",321,"D","C321D",-0.0302305028851718
"C",321,"E","C321E",-3.11811611194147
"C",321,"F","C321F",-0.617321941655913
"C",321,"G","C321G",-2.74157990123779
"C",321,"H","C321H",0.949011884414013
"C",321,"I","C321I",-1.49862784931287
"C",321,"K","C321K",-0.2646613097621
"C",321,"L","C321L",-1.82217313692018
"C",321,"M","C321M",0.482344289501446
"C",321,"N","C321N",0.11984292803399
"C",321,"P","C321P",-0.256241279811861
"C",321,"Q","C321Q",-1.29612965390294
"C",321,"R","C321R",-1.27764770893777
"C",321,"S","C321S",0.550465545536508
"C",321,"T","C321T",-0.151674354045669
"C",321,"V","C321V",0.0624121414276953
"C",321,"W","C321W",-1.60794872361888
"C",321,"Y","C321Y",-0.254945359201491
"K",322,"A","K322A",0.933931368158219
"K",322,"C","K322C",1.09982249522304
"K",322,"D","K322D",0.529289491549778
"K",322,"E","K322E",0.543039397291032
"K",322,"F","K322F",-0.315280506982541
"K",322,"G","K322G",0.050472485742542
"K",322,"H","K322H",0.0465153009147291
"K",322,"I","K322I",1.4026085769511
"K",322,"L","K322L",0.0560796434206011
"K",322,"M","K322M",-0.412791581589082
"K",322,"N","K322N",-0.731986222205179
"K",322,"P","K322P",-0.197028820681664
"K",322,"Q","K322Q",0.750071397683795
"K",322,"R","K322R",0.156311087660115
"K",322,"S","K322S",0.379184325696067
"K",322,"T","K322T",0.0363959052541005
"K",322,"V","K322V",0.355651497724132
"K",322,"W","K322W",-1.40243294311939
"K",322,"Y","K322Y",0.436438285410221
"V",323,"A","V323A",-0.229086562175557
"V",323,"C","V323C",0.924283084080568
"V",323,"D","V323D",-1.29683248808834
"V",323,"E","V323E",-1.55114520397338
"V",323,"F","V323F",0.825342661088328
"V",323,"G","V323G",-0.653666123607503
"V",323,"H","V323H",2.04221473933896
"V",323,"I","V323I",-1.45374002495742
"V",323,"K","V323K",0.265197683985275
"V",323,"L","V323L",0.7105745288414
"V",323,"M","V323M",0.944148302257729
"V",323,"N","V323N",-0.975374759307529
"V",323,"P","V323P",1.45104453407694
"V",323,"Q","V323Q",-1.76220060167293
"V",323,"R","V323R",0.749052399593355
"V",323,"S","V323S",0.933988284392091
"V",323,"T","V323T",1.00435223607552
"V",323,"W","V323W",0.750428693233983
"V",323,"Y","V323Y",0.788315481896763
"S",324,"A","S324A",0.160917635719963
"S",324,"C","S324C",-0.27398416612835
"S",324,"D","S324D",-0.42374551431005
"S",324,"E","S324E",0.653406812300365
"S",324,"F","S324F",0.294827205417478
"S",324,"G","S324G",-0.210570922607847
"S",324,"H","S324H",1.23025992943769
"S",324,"I","S324I",1.08651910663994
"S",324,"K","S324K",0.366796014303565
"S",324,"L","S324L",-0.365219334912964
"S",324,"M","S324M",-1.91265061607701
"S",324,"N","S324N",-0.188068540658847
"S",324,"P","S324P",-0.100541732162456
"S",324,"Q","S324Q",-0.546331564455667
"S",324,"R","S324R",-0.548396810800465
"S",324,"T","S324T",0.25043634185646
"S",324,"V","S324V",1.07555372102915
"S",324,"W","S324W",1.36998780929261
"S",324,"Y","S324Y",1.23379423834859
"N",325,"A","N325A",1.83786028372581
"N",325,"C","N325C",0.46573808934814
"N",325,"D","N325D",0.62793456486594
"N",325,"E","N325E",2.65656486340996
"N",325,"F","N325F",-0.0961108273863852
"N",325,"G","N325G",-0.516225075216315
"N",325,"H","N325H",-0.594767828053387
"N",325,"I","N325I",-0.664552271656067
"N",325,"K","N325K",-0.238542942142521
"N",325,"L","N325L",0.597759872329739
"N",325,"M","N325M",-0.129584657951558
"N",325,"P","N325P",1.62246734926172
"N",325,"Q","N325Q",0.576665312031868
"N",325,"R","N325R",0.00506733361953918
"N",325,"S","N325S",1.26565374811108
"N",325,"T","N325T",2.88551670191559
"N",325,"V","N325V",-1.64523925244238
"N",325,"W","N325W",0.638036550053687
"N",325,"Y","N325Y",0.590174422400091
"K",326,"A","K326A",-1.06985373545397
"K",326,"C","K326C",-1.53422495482153
"K",326,"D","K326D",-0.181914776494747
"K",326,"E","K326E",-2.6770942228572
"K",326,"F","K326F",-2.87116586298862
"K",326,"G","K326G",-2.0151907960586
"K",326,"H","K326H",0.686352667416983
"K",326,"I","K326I",-1.37795059357776
"K",326,"L","K326L",1.02664628849878
"K",326,"M","K326M",-3.47718810333063
"K",326,"N","K326N",-0.516275704466923
"K",326,"P","K326P",0.401749000843721
"K",326,"Q","K326Q",-1.67211727327731
"K",326,"R","K326R",-1.91555277499647
"K",326,"S","K326S",-0.591971474678521
"K",326,"T","K326T",-1.59358256811059
"K",326,"V","K326V",-0.234017224440819
"K",326,"W","K326W",0.323971959167388
"K",326,"Y","K326Y",-0.735092215082556
"A",327,"C","A327C",0.148623779513003
"A",327,"D","A327D",-0.449154708995017
"A",327,"E","A327E",-0.430251840844107
"A",327,"F","A327F",0.758412656443286
"A",327,"G","A327G",-0.0816996153638913
"A",327,"H","A327H",1.04754804660116
"A",327,"I","A327I",2.347670565827
"A",327,"K","A327K",1.39435505759294
"A",327,"L","A327L",2.1999064547984
"A",327,"M","A327M",-0.0563488867347438
"A",327,"N","A327N",-0.389016814950744
"A",327,"P","A327P",2.63122125996384
"A",327,"Q","A327Q",0.335823432070543
"A",327,"R","A327R",0.827900771308371
"A",327,"S","A327S",-1.30846579405687
"A",327,"T","A327T",0.452905471442806
"A",327,"V","A327V",-0.380984694875663
"A",327,"W","A327W",0.145972719851777
"A",327,"Y","A327Y",0.625470810292907
"L",328,"A","L328A",-0.335992521927099
"L",328,"C","L328C",-2.4199571071304
"L",328,"D","L328D",-0.856118895737492
"L",328,"E","L328E",0.898830683272883
"L",328,"F","L328F",-0.200860955558463
"L",328,"G","L328G",1.66395843175841
"L",328,"H","L328H",1.65802690211478
"L",328,"I","L328I",0.006991643615733
"L",328,"K","L328K",-1.21356509156242
"L",328,"M","L328M",0.304011033451881
"L",328,"N","L328N",-0.362522507322329
"L",328,"P","L328P",0.874546037072624
"L",328,"Q","L328Q",-0.797995920764288
"L",328,"R","L328R",0.520665942720388
"L",328,"S","L328S",1.40238541137571
"L",328,"T","L328T",-0.582501493580727
"L",328,"V","L328V",0.625899858372089
"L",328,"W","L328W",2.55356880317357
"L",328,"Y","L328Y",-0.479029577193244
"P",329,"A","P329A",-0.660433873348331
"P",329,"C","P329C",-0.343023238587032
"P",329,"D","P329D",0.00459988233715754
"P",329,"E","P329E",-0.519000235946148
"P",329,"F","P329F",-1.38397017361302
"P",329,"G","P329G",-1.41048336736857
"P",329,"H","P329H",0.521844084656641
"P",329,"I","P329I",-0.0588504720945469
"P",329,"K","P329K",-0.648876669549543
"P",329,"L","P329L",0.290081595892196
"P",329,"M","P329M",-1.26736082762964
"P",329,"N","P329N",2.13618243318892
"P",329,"Q","P329Q",0.454971294283615
"P",329,"R","P329R",-0.637281964103375
"P",329,"S","P329S",-2.62623040611978
"P",329,"T","P329T",0.754420270136831
"P",329,"V","P329V",-0.0906262333338624
"P",329,"W","P329W",-1.27329905524475
"P",329,"Y","P329Y",-0.0654000566039971
"A",330,"C","A330C",-0.395068260960306
"A",330,"D","A330D",0.480047241992043
"A",330,"E","A330E",-0.140728749264187
"A",330,"F","A330F",-0.588122288400686
"A",330,"G","A330G",0.513900158304091
"A",330,"H","A330H",0.478556039695605
"A",330,"I","A330I",0.71038024139554
"A",330,"K","A330K",0.0371936004938329
"A",330,"L","A330L",0.550294517955615
"A",330,"M","A330M",-1.22277120769539
"A",330,"N","A330N",-0.356005820133895
"A",330,"P","A330P",-1.10588465040132
"A",330,"Q","A330Q",0.495411186120715
"A",330,"R","A330R",-0.0777716733551048
"A",330,"S","A330S",0.628024890111542
"A",330,"T","A330T",-0.228552446685593
"A",330,"V","A330V",1.15343657657232
"A",330,"W","A330W",-0.22637730881443
"A",330,"Y","A330Y",-0.491198234967312
"P",331,"A","P331A",-0.220224803595797
"P",331,"C","P331C",-0.463357221279605
"P",331,"D","P331D",0.0979944060069723
"P",331,"E","P331E",-0.239599693855447
"P",331,"F","P331F",0.275258705586198
"P",331,"G","P331G",2.86968851199228
"P",331,"H","P331H",-1.12288484160418
"P",331,"I","P331I",-0.293453805190341
"P",331,"K","P331K",-0.0230317802132838
"P",331,"L","P331L",-0.582541773236477
"P",331,"M","P331M",-0.507302623505333
"P",331,"N","P331N",-0.0826156153277223
"P",331,"Q","P331Q",-0.394513728319919
"P",331,"R","P331R",0.0659481363588632
"P",331,"S","P331S",-0.240923555440547
"P",331,"T","P331T",-0.577861389532628
"P",331,"V","P331V",0.44357105345145
"P",331,"W","P331W",-0.286814620256069
"P",331,"Y","P331Y",0.0325220784893709
"I",332,"C","I332C",-0.918977395314944
"I",332,"D","I332D",-0.0125927402118008
"I",332,"E","I332E",2.16827103816963
"I",332,"F","I332F",0.199986710738912
"I",332,"G","I332G",0.533350470608715
"I",332,"H","I332H",0.246928626064203
"I",332,"K","I332K",0.355708974112492
"I",332,"L","I332L",0.780447048470752
"I",332,"M","I332M",0.204414715512964
"I",332,"N","I332N",0.863208984220448
"I",332,"P","I332P",-0.710594616404271
"I",332,"Q","I332Q",-0.254295880520147
"I",332,"R","I332R",4.29824301422739
"I",332,"S","I332S",-1.63944114903392
"I",332,"T","I332T",-0.146295814694649
"I",332,"V","I332V",-0.0733288684899283
"I",332,"W","I332W",-1.2678921637719
"I",332,"Y","I332Y",-1.17898911264437
"E",333,"A","E333A",-0.00318220610641553
"E",333,"C","E333C",-0.525531949251797
"E",333,"D","E333D",-1.26413785218369
"E",333,"F","E333F",-0.819586361096827
"E",333,"G","E333G",-0.462354714183113
"E",333,"H","E333H",-1.04675753242406
"E",333,"I","E333I",0.355280766650085
"E",333,"K","E333K",-0.613792093127045
"E",333,"L","E333L",-0.359454968393543
"E",333,"M","E333M",-0.0991066162532492
"E",333,"N","E333N",-0.436957214206439
"E",333,"P","E333P",-0.328897309694206
"E",333,"Q","E333Q",0.665348548632361
"E",333,"R","E333R",-0.108788282848921
"E",333,"S","E333S",-0.517783242570986
"E",333,"T","E333T",0.0683047334545792
"E",333,"V","E333V",0.00556972832289686
"E",333,"W","E333W",0.154104415201721
"E",333,"Y","E333Y",-0.0289756441810457
"K",334,"A","K334A",-0.81367054041816
"K",334,"C","K334C",0.0812922465554747
"K",334,"D","K334D",-1.78843196956009
"K",334,"E","K334E",0.257763145499765
"K",334,"F","K334F",-1.15092780471597
"K",334,"G","K334G",0.585762632640802
"K",334,"H","K334H",-0.908036434858485
"K",334,"I","K334I",-1.28103113575915
"K",334,"L","K334L",-3.48048827296484
"K",334,"M","K334M",1.32514546873909
"K",334,"N","K334N",-0.187099415019664
"K",334,"P","K334P",-2.5090019336164
"K",334,"Q","K334Q",-1.26209706597953
"K",334,"R","K334R",0.0596463876778571
"K",334,"S","K334S",-4.52541440557829
"K",334,"T","K334T",-2.0894800094833
"K",334,"V","K334V",0.0594357238496995
"K",334,"W","K334W",-1.76383786072256
"K",334,"Y","K334Y",0.152145504244161
"T",335,"A","T335A",0.285649371114129
"T",335,"C","T335C",0.314910939472768
"T",335,"D","T335D",-0.194745935372374
"T",335,"E","T335E",0.149610339223322
"T",335,"F","T335F",0.863476055908769
"T",335,"G","T335G",0.00039030641266387
"T",335,"H","T335H",0.454255930739642
"T",335,"I","T335I",-0.464793151937766
"T",335,"K","T335K",1.47229120169083
"T",335,"L","T335L",0.180744169165852
"T",335,"M","T335M",0.180162665171665
"T",335,"N","T335N",-0.519714489729101
"T",335,"P","T335P",-1.66564235542243
"T",335,"Q","T335Q",1.3736447350155
"T",335,"R","T335R",0.281517559895596
"T",335,"S","T335S",0.0145589084806278
"T",335,"V","T335V",-0.835529154393006
"T",335,"W","T335W",-0.0146850151682393
"T",335,"Y","T335Y",0.255925660591334
"I",336,"A","I336A",0.350999340335459
"I",336,"C","I336C",-0.780831507635462
"I",336,"D","I336D",-0.858278869924366
"I",336,"E","I336E",-0.370598934593846
"I",336,"F","I336F",-0.300089097061505
"I",336,"G","I336G",0.110411227063096
"I",336,"H","I336H",-1.08938560503697
"I",336,"K","I336K",0.889452326437531
"I",336,"L","I336L",0.360355350797352
"I",336,"M","I336M",-0.220119760009706
"I",336,"N","I336N",-1.45367960081481
"I",336,"P","I336P",-0.58175923763384
"I",336,"Q","I336Q",2.05723169893397
"I",336,"R","I336R",0.478703781289498
"I",336,"S","I336S",1.20704625745686
"I",336,"T","I336T",-1.22761663040072
"I",336,"V","I336V",0.691664833914313
"I",336,"W","I336W",0.369137137771031
"I",336,"Y","I336Y",0.259676736149755
"S",337,"A","S337A",0.907111203237016
"S",337,"C","S337C",-0.00688235558487615
"S",337,"D","S337D",0.574273826670897
"S",337,"E","S337E",0.570876750212512
"S",337,"F","S337F",0.778003163289371
"S",337,"G","S337G",1.23754779272397
"S",337,"H","S337H",0.933971454306636
"S",337,"I","S337I",0.400552319630151
"S",337,"K","S337K",0.0366446525458487
"S",337,"L","S337L",0.755714592401423
"S",337,"M","S337M",-0.326256197851564
"S",337,"N","S337N",-1.59342035303513
"S",337,"P","S337P",-1.12541351122393
"S",337,"Q","S337Q",0.413536001018862
"S",337,"R","S337R",-0.373620056858605
"S",337,"T","S337T",-0.712524050710187
"S",337,"V","S337V",0.238609403435895
"S",337,"W","S337W",-0.617480271320153
"S",337,"Y","S337Y",-1.55667551800153
"K",338,"A","K338A",1.01486180906656
"K",338,"C","K338C",-0.0785412076231678
"K",338,"D","K338D",-0.750633495762134
"K",338,"E","K338E",-0.277066905386293
"K",338,"F","K338F",0.633840671169592
"K",338,"G","K338G",-1.31933527320212
"K",338,"H","K338H",-0.354577207926468
"K",338,"I","K338I",0.802531386988941
"K",338,"L","K338L",-0.331951586379311
"K",338,"M","K338M",-2.5909970651065
"K",338,"N","K338N",-1.1008285947352
"K",338,"P","K338P",-1.24302634557373
"K",338,"Q","K338Q",-0.131503041989946
"K",338,"R","K338R",-0.223830577492298
"K",338,"S","K338S",-0.556680728020727
"K",338,"T","K338T",1.63352399027696
"K",338,"V","K338V",-0.365872809616322
"K",338,"W","K338W",-1.18986895486257
"K",338,"Y","K338Y",-0.257952561333462
"A",339,"C","A339C",-0.775168532015337
"A",339,"D","A339D",0.451246249632957
"A",339,"E","A339E",0.317929272749401
"A",339,"F","A339F",0.0191522031134544
"A",339,"G","A339G",1.05156625583036
"A",339,"H","A339H",-1.69480903931827
"A",339,"I","A339I",-0.339229693060163
"A",339,"K","A339K",-0.394531329607621
"A",339,"L","A339L",-1.09463589896545
"A",339,"M","A339M",-0.467555173360962
"A",339,"N","A339N",-0.871504210329663
"A",339,"P","A339P",-1.62005184038276
"A",339,"Q","A339Q",0.545906485208706
"A",339,"R","A339R",0.260000011551588
"A",339,"S","A339S",-0.106351482688287
"A",339,"T","A339T",-1.69955733323776
"A",339,"V","A339V",-1.66481915781917
"A",339,"W","A339W",-0.280814674319623
"A",339,"Y","A339Y",0.913640800890855
"K",340,"A","K340A",0.63366126931436
"K",340,"C","K340C",1.65337817191314
"K",340,"D","K340D",-0.00842808654544556
"K",340,"E","K340E",0.112996231955757
"K",340,"F","K340F",0.764722416789823
"K",340,"G","K340G",0.23891529773335
"K",340,"H","K340H",-0.207900387995356
"K",340,"I","K340I",-0.247495443336592
"K",340,"L","K340L",-0.0790572766200612
"K",340,"M","K340M",0.288726903310558
"K",340,"N","K340N",2.03269671550227
"K",340,"P","K340P",1.28047997691808
"K",340,"Q","K340Q",1.02258278733744
"K",340,"R","K340R",-0.314796349992608
"K",340,"S","K340S",0.0984689480411807
"K",340,"T","K340T",0.0443664369927148
"K",340,"V","K340V",0.529673081088477
"K",340,"W","K340W",0.999220265765849
"K",340,"Y","K340Y",-0.771953276154618
"G",341,"A","G341A",0.0719264507292979
"G",341,"C","G341C",-1.16069003536181
"G",341,"D","G341D",-0.0013666600057992
"G",341,"E","G341E",-0.0832581297610812
"G",341,"F","G341F",-0.112724065576202
"G",341,"H","G341H",-0.763901503282168
"G",341,"I","G341I",-0.25429139285321
"G",341,"K","G341K",-0.0266703846223645
"G",341,"L","G341L",1.41846218418973
"G",341,"M","G341M",-0.50094847477593
"G",341,"N","G341N",-0.791782743051592
"G",341,"P","G341P",-0.974740739895055
"G",341,"Q","G341Q",0.171284753839955
"G",341,"R","G341R",1.41333774004016
"G",341,"S","G341S",1.20650494940734
"G",341,"T","G341T",0.550340264602888
"G",341,"V","G341V",0.143968225553609
"G",341,"W","G341W",-1.40821102343851
"G",341,"Y","G341Y",-0.764497622399555
"Q",342,"A","Q342A",-1.05564535275166
"Q",342,"C","Q342C",-0.101737135180168
"Q",342,"D","Q342D",0.698213734869538
"Q",342,"E","Q342E",2.23655355049497
"Q",342,"F","Q342F",0.193274216368756
"Q",342,"G","Q342G",0.822808654638783
"Q",342,"H","Q342H",0.754625489126764
"Q",342,"I","Q342I",-0.32250666497272
"Q",342,"K","Q342K",0.695893774906352
"Q",342,"L","Q342L",1.43913149980756
"Q",342,"M","Q342M",0.398493737621774
"Q",342,"N","Q342N",-0.0486354019778085
"Q",342,"P","Q342P",0.705175696284959
"Q",342,"R","Q342R",0.581822357057056
"Q",342,"S","Q342S",0.779992106152863
"Q",342,"T","Q342T",-0.108058064637445
"Q",342,"V","Q342V",0.343388015068837
"Q",342,"W","Q342W",0.567479550507027
"Q",342,"Y","Q342Y",0.636905232770815
"P",343,"A","P343A",-0.233303887299343
"P",343,"C","P343C",-0.179543725981476
"P",343,"D","P343D",1.29522707593803
"P",343,"E","P343E",0.341720503746372
"P",343,"F","P343F",-0.123148351396839
"P",343,"G","P343G",2.01149259334334
"P",343,"H","P343H",0.654756918633439
"P",343,"I","P343I",0.649568981793441
"P",343,"K","P343K",0.113157178906372
"P",343,"L","P343L",0.103085984345725
"P",343,"M","P343M",-0.470596092365493
"P",343,"N","P343N",1.19461980340352
"P",343,"Q","P343Q",0.160693105620823
"P",343,"R","P343R",-0.716703387375723
"P",343,"S","P343S",1.12251583786173
"P",343,"T","P343T",-0.203860726074983
"P",343,"V","P343V",0.698505337005349
"P",343,"W","P343W",-0.631789507031668
"P",343,"Y","P343Y",0.353112884760401
"R",344,"A","R344A",0.773500629526181
"R",344,"C","R344C",0.304995600820731
"R",344,"D","R344D",0.217250419492256
"R",344,"E","R344E",0.0563064121151476
"R",344,"F","R344F",-0.953169997117165
"R",344,"G","R344G",-0.61069520003935
"R",344,"H","R344H",-0.549357263306508
"R",344,"I","R344I",0.222172088596869
"R",344,"K","R344K",0.749985174389949
"R",344,"L","R344L",0.136023467191374
"R",344,"M","R344M",1.15207477257623
"R",344,"N","R344N",0.545646738659013
"R",344,"P","R344P",-1.65353342219748
"R",344,"Q","R344Q",-0.106640374287452
"R",344,"S","R344S",0.159255916837742
"R",344,"T","R344T",-1.15115194938058
"R",344,"V","R344V",1.99132442230977
"R",344,"Y","R344Y",-1.4581749800037
"E",345,"A","E345A",0.118213720826461
"E",345,"C","E345C",1.3154659391582
"E",345,"D","E345D",-0.322181789810331
"E",345,"F","E345F",0.895062004457855
"E",345,"G","E345G",0.0977026196242525
"E",345,"H","E345H",-0.713419603489226
"E",345,"I","E345I",1.49097270146948
"E",345,"K","E345K",0.0565456783851847
"E",345,"L","E345L",-0.148315302907944
"E",345,"M","E345M",0.321710520566084
"E",345,"N","E345N",-0.266273025917974
"E",345,"P","E345P",0.177051036568198
"E",345,"Q","E345Q",0.307766787824416
"E",345,"R","E345R",-0.0285565429179115
"E",345,"S","E345S",0.369020113573207
"E",345,"T","E345T",-0.122834614777945
"E",345,"V","E345V",0.0404741514069231
"E",345,"W","E345W",0.918308066093944
"E",345,"Y","E345Y",1.25916414104319
"P",346,"A","P346A",-0.0778671670247763
"P",346,"C","P346C",-0.763907944160683
"P",346,"D","P346D",-0.0115878940756845
"P",346,"E","P346E",-0.344789608947529
"P",346,"F","P346F",-0.310077779874001
"P",346,"G","P346G",0.253424059588014
"P",346,"H","P346H",-1.30377165705365
"P",346,"I","P346I",-1.89399992126242
"P",346,"K","P346K",1.74299297882914
"P",346,"L","P346L",1.27569621676727
"P",346,"M","P346M",1.12088738006516
"P",346,"N","P346N",0.229856373248148
"P",346,"Q","P346Q",-1.26159842410827
"P",346,"R","P346R",1.17692838880064
"P",346,"S","P346S",0.721889002099047
"P",346,"T","P346T",0.580982468103721
"P",346,"V","P346V",-0.0956733158782866
"P",346,"W","P346W",1.16054146568392
"P",346,"Y","P346Y",-0.569545059286748
"Q",347,"A","Q347A",0.513894247477937
"Q",347,"C","Q347C",-0.137881187597042
"Q",347,"D","Q347D",0.473247508118339
"Q",347,"E","Q347E",1.20065107933173
"Q",347,"F","Q347F",-0.483562663568097
"Q",347,"G","Q347G",-2.02594746735259
"Q",347,"H","Q347H",0.0363348192590052
"Q",347,"I","Q347I",0.450246565060586
"Q",347,"K","Q347K",-0.337200681447484
"Q",347,"L","Q347L",-0.00123469229901673
"Q",347,"M","Q347M",1.19889633498793
"Q",347,"N","Q347N",0.496531646214587
"Q",347,"P","Q347P",-0.0460463811024859
"Q",347,"R","Q347R",-0.131418001746005
"Q",347,"S","Q347S",0.399347338846005
"Q",347,"T","Q347T",0.141105968601629
"Q",347,"V","Q347V",-0.172972267074058
"Q",347,"W","Q347W",0.0272157617296217
"Q",347,"Y","Q347Y",-0.0978241805074048
"V",348,"A","V348A",-0.307561110623471
"V",348,"C","V348C",0.371469247246446
"V",348,"D","V348D",-0.577444160617074
"V",348,"E","V348E",-0.264708625777938
"V",348,"F","V348F",0.481271162248915
"V",348,"G","V348G",0.949519046512056
"V",348,"H","V348H",-0.347015114216223
"V",348,"I","V348I",0.295613111749343
"V",348,"K","V348K",-0.696418518968878
"V",348,"L","V348L",-0.408752172626055
"V",348,"M","V348M",0.0192039652790732
"V",348,"N","V348N",-0.146592238019677
"V",348,"P","V348P",0.366349149363717
"V",348,"Q","V348Q",-0.568668900692139
"V",348,"R","V348R",1.27717086935495
"V",348,"S","V348S",0.310044369347712
"V",348,"T","V348T",0.528297366858136
"V",348,"W","V348W",-0.640174141939438
"V",348,"Y","V348Y",0.280964145299345
"Y",349,"A","Y349A",0.548761284035245
"Y",349,"C","Y349C",-0.627338932984683
"Y",349,"D","Y349D",-0.0449948535711917
"Y",349,"E","Y349E",0.753460528408444
"Y",349,"F","Y349F",0.407041616453294
"Y",349,"G","Y349G",1.27265972937431
"Y",349,"H","Y349H",-0.075619270974784
"Y",349,"I","Y349I",-0.0792059692802457
"Y",349,"K","Y349K",-0.341694690289712
"Y",349,"L","Y349L",0.956556100385405
"Y",349,"M","Y349M",0.495501812398579
"Y",349,"N","Y349N",-0.31851105902931
"Y",349,"P","Y349P",-0.818095418950418
"Y",349,"Q","Y349Q",0.0892427404254123
"Y",349,"R","Y349R",0.565162395369612
"Y",349,"S","Y349S",-0.323417138256916
"Y",349,"T","Y349T",-0.161172964156504
"Y",349,"V","Y349V",0.455498254254514
"Y",349,"W","Y349W",-1.79057451799895
"T",350,"A","T350A",-1.02221799317691
"T",350,"C","T350C",-0.505637200654036
"T",350,"D","T350D",-0.367468137056569
"T",350,"E","T350E",-1.94877755076398
"T",350,"F","T350F",-0.783394925272889
"T",350,"G","T350G",-3.65713798258195
"T",350,"H","T350H",-1.71155949701037
"T",350,"I","T350I",0.0326966409400981
"T",350,"K","T350K",-1.02812247091581
"T",350,"L","T350L",0.530201206227634
"T",350,"M","T350M",0.0243905001647381
"T",350,"N","T350N",-0.0490383367170164
"T",350,"P","T350P",-0.42009315110524
"T",350,"Q","T350Q",0.211851984965388
"T",350,"R","T350R",0.637817231321805
"T",350,"S","T350S",-1.7890379012742
"T",350,"V","T350V",-0.947152609882074
"T",350,"W","T350W",0.305993319673371
"T",350,"Y","T350Y",-2.10757285107343
"L",351,"A","L351A",-0.869256227155182
"L",351,"C","L351C",0.757465894058003
"L",351,"D","L351D",-0.218403372507943
"L",351,"E","L351E",-0.165867331819948
"L",351,"F","L351F",-1.92225444670019
"L",351,"G","L351G",0.55004954378033
"L",351,"H","L351H",0.187721810137286
"L",351,"I","L351I",1.60911963159025
"L",351,"K","L351K",0.290668831472909
"L",351,"M","L351M",1.03593875458643
"L",351,"N","L351N",-0.102886310731678
"L",351,"P","L351P",-2.07083269183786
"L",351,"Q","L351Q",0.309553849702865
"L",351,"R","L351R",0.736010284650127
"L",351,"S","L351S",-2.44290316115064
"L",351,"T","L351T",-0.655994015087407
"L",351,"V","L351V",0.261583699684917
"L",351,"W","L351W",1.74762151611096
"L",351,"Y","L351Y",-1.56855198166028
"P",352,"A","P352A",0.209444660119308
"P",352,"C","P352C",-0.00788043841756494
"P",352,"D","P352D",0.551807188578291
"P",352,"E","P352E",0.595412683647439
"P",352,"F","P352F",0.106265891044418
"P",352,"G","P352G",0.46404226019905
"P",352,"H","P352H",-0.857102281807776
"P",352,"I","P352I",0.254771403769236
"P",352,"K","P352K",1.27971256448067
"P",352,"L","P352L",0.0443157847104231
"P",352,"M","P352M",1.01905088643427
"P",352,"N","P352N",0.875321352949387
"P",352,"Q","P352Q",-0.0755301234767396
"P",352,"R","P352R",0.635160766586645
"P",352,"S","P352S",2.22911314761933
"P",352,"T","P352T",-0.363193699634495
"P",352,"V","P352V",0.803434112229194
"P",352,"W","P352W",-0.0135506744598531
"P",352,"Y","P352Y",-0.240052062970617
"P",353,"A","P353A",-0.476752921831323
"P",353,"C","P353C",-2.14090200595396
"P",353,"D","P353D",1.6170203516581
"P",353,"E","P353E",0.0352537628486594
"P",353,"F","P353F",-0.184119359712565
"P",353,"G","P353G",0.0499733191230755
"P",353,"H","P353H",1.50856655289983
"P",353,"I","P353I",0.540327228064675
"P",353,"K","P353K",-0.2275212429879
"P",353,"L","P353L",0.147009818964522
"P",353,"M","P353M",0.00958899307681195
"P",353,"N","P353N",-0.224514539912555
"P",353,"Q","P353Q",0.699499007531351
"P",353,"R","P353R",0.00630896495683428
"P",353,"S","P353S",0.296210899810401
"P",353,"T","P353T",0.184688753697359
"P",353,"V","P353V",0.0606743333309399
"P",353,"W","P353W",0.139411137455587
"P",353,"Y","P353Y",-0.402606120252545
"S",354,"A","S354A",0.281641973602553
"S",354,"C","S354C",0.6618440151678
"S",354,"D","S354D",0.63973298337171
"S",354,"E","S354E",0.564824390108877
"S",354,"F","S354F",-0.323241384940819
"S",354,"G","S354G",1.42135683481793
"S",354,"H","S354H",-3.76356085313969
"S",354,"I","S354I",-0.821400030469578
"S",354,"K","S354K",0.392900697180767
"S",354,"L","S354L",0.781586591530994
"S",354,"M","S354M",-1.33583312792696
"S",354,"N","S354N",1.72798441882928
"S",354,"P","S354P",0.54664118072946
"S",354,"Q","S354Q",-0.485341096706105
"S",354,"R","S354R",-0.22587653545277
"S",354,"T","S354T",1.12602009944985
"S",354,"V","S354V",0.540440958665819
"S",354,"W","S354W",0.883003544327764
"S",354,"Y","S354Y",-1.79184764858095
"R",355,"A","R355A",0.0321107593697045
"R",355,"C","R355C",0.237861637557182
"R",355,"D","R355D",0.823141616535743
"R",355,"E","R355E",0.551565928285362
"R",355,"F","R355F",1.05279136553241
"R",355,"G","R355G",1.05338427155604
"R",355,"H","R355H",0.385189271333967
"R",355,"I","R355I",0.402975022950403
"R",355,"K","R355K",0.427546558871321
"R",355,"L","R355L",1.06153159539258
"R",355,"M","R355M",0.31703675729014
"R",355,"N","R355N",-0.829862867076297
"R",355,"P","R355P",-0.44307470844579
"R",355,"Q","R355Q",1.70806356998937
"R",355,"S","R355S",0.267848366533455
"R",355,"T","R355T",-0.146661084520216
"R",355,"V","R355V",0.498636070733354
"R",355,"W","R355W",-1.57648333346808
"R",355,"Y","R355Y",0.0990837314514792
"D",356,"A","D356A",0.163683993094478
"D",356,"C","D356C",0.0514716190077491
"D",356,"E","D356E",0.255634950278193
"D",356,"F","D356F",0.0698560442987434
"D",356,"G","D356G",0.39383664077746
"D",356,"H","D356H",0.222306858411927
"D",356,"I","D356I",0.223326507601791
"D",356,"K","D356K",0.700999290812549
"D",356,"L","D356L",0.323046893135994
"D",356,"M","D356M",0.984912864031054
"D",356,"N","D356N",-0.572972480793662
"D",356,"P","D356P",0.756170218828193
"D",356,"Q","D356Q",-0.170631409789564
"D",356,"R","D356R",0.246811497099134
"D",356,"S","D356S",0.576897830775973
"D",356,"T","D356T",0.155996806920763
"D",356,"V","D356V",0.0165303396765241
"D",356,"W","D356W",0.00544157135993012
"D",356,"Y","D356Y",0.417456795102872
"E",357,"A","E357A",0.315864318503164
"E",357,"C","E357C",-0.23035426172337
"E",357,"D","E357D",0.301577480878506
"E",357,"F","E357F",0.130558214042958
"E",357,"G","E357G",0.0815355752254552
"E",357,"H","E357H",0.633037843738504
"E",357,"I","E357I",-0.325782518377357
"E",357,"K","E357K",-0.449185215824697
"E",357,"L","E357L",-0.283880844005623
"E",357,"M","E357M",-0.582913638867193
"E",357,"N","E357N",0.0576007655129493
"E",357,"Q","E357Q",-0.147469760401003
"E",357,"R","E357R",0.509241042287579
"E",357,"S","E357S",-0.256349965853369
"E",357,"T","E357T",0.118133568015698
"E",357,"V","E357V",0.299629667579135
"E",357,"W","E357W",-0.229835097440208
"E",357,"Y","E357Y",0.655995768101148
"L",358,"A","L358A",0.809088236333137
"L",358,"C","L358C",0.447351733899982
"L",358,"D","L358D",0.918621586135344
"L",358,"E","L358E",0.213637215785579
"L",358,"F","L358F",0.267241790755475
"L",358,"G","L358G",1.44328278585495
"L",358,"H","L358H",0.711999601021925
"L",358,"I","L358I",-0.357944873454119
"L",358,"K","L358K",0.232602607041113
"L",358,"M","L358M",1.23663016391413
"L",358,"N","L358N",0.0769677222541052
"L",358,"P","L358P",-0.199315614248152
"L",358,"Q","L358Q",1.4112008355218
"L",358,"R","L358R",0.227726105542822
"L",358,"S","L358S",0.913391922091284
"L",358,"T","L358T",1.7839830641627
"L",358,"V","L358V",1.22691259535851
"L",358,"W","L358W",0.598114323668951
"L",358,"Y","L358Y",-0.0475968467753085
"T",359,"A","T359A",0.600636800737036
"T",359,"C","T359C",-0.150272214077746
"T",359,"D","T359D",1.56533105178148
"T",359,"E","T359E",-0.117273043267245
"T",359,"F","T359F",1.3465089306712
"T",359,"G","T359G",-0.250545583615184
"T",359,"H","T359H",-0.71448532316274
"T",359,"I","T359I",0.433908455524389
"T",359,"K","T359K",0.39088585096953
"T",359,"L","T359L",0.173053602681422
"T",359,"M","T359M",-0.3716390453527
"T",359,"N","T359N",0.00802229049495477
"T",359,"P","T359P",0.326421924191413
"T",359,"Q","T359Q",0.548983152160118
"T",359,"R","T359R",-0.235902303985355
"T",359,"S","T359S",0.459194358727109
"T",359,"V","T359V",-1.84191430471542
"T",359,"W","T359W",0.53913094144476
"T",359,"Y","T359Y",1.61981031585239
"K",360,"A","K360A",0.320512698523761
"K",360,"C","K360C",0.0422370929160215
"K",360,"D","K360D",0.366226694352846
"K",360,"E","K360E",0.199194753595621
"K",360,"F","K360F",0.565201976258884
"K",360,"G","K360G",0.468739000608016
"K",360,"H","K360H",0.502811144078022
"K",360,"I","K360I",-0.516216662545266
"K",360,"L","K360L",0.186860988049853
"K",360,"M","K360M",0.672575917408046
"K",360,"N","K360N",-0.408024414205841
"K",360,"P","K360P",-0.110631460337293
"K",360,"Q","K360Q",0.75630588928964
"K",360,"R","K360R",0.524851983622206
"K",360,"S","K360S",0.251356841567697
"K",360,"T","K360T",0.199315509255686
"K",360,"V","K360V",0.294049981801247
"K",360,"W","K360W",0.463702370262869
"K",360,"Y","K360Y",0.939470335783294
"N",361,"A","N361A",0.504664373217249
"N",361,"C","N361C",-0.739245868837378
"N",361,"D","N361D",0.314514421253453
"N",361,"E","N361E",0.541832023057304
"N",361,"F","N361F",-0.0110769497348918
"N",361,"G","N361G",1.30989280128046
"N",361,"H","N361H",-0.282340693170834
"N",361,"I","N361I",0.325059673987997
"N",361,"K","N361K",-0.193687398462831
"N",361,"L","N361L",1.19253197752886
"N",361,"M","N361M",-1.0458272048639
"N",361,"P","N361P",0.90885787863813
"N",361,"Q","N361Q",0.644198435484603
"N",361,"R","N361R",0.806221210368223
"N",361,"S","N361S",0.543724546330041
"N",361,"T","N361T",0.558009983900463
"N",361,"V","N361V",1.72476356723488
"N",361,"W","N361W",-0.455825331737329
"N",361,"Y","N361Y",0.586454069758042
"Q",362,"A","Q362A",-0.222731764819239
"Q",362,"C","Q362C",-1.32858413256589
"Q",362,"D","Q362D",-0.930990611451217
"Q",362,"E","Q362E",-0.335006956045592
"Q",362,"F","Q362F",0.34593977495525
"Q",362,"G","Q362G",1.05030868705619
"Q",362,"H","Q362H",0.939157810513275
"Q",362,"I","Q362I",0.259266186622545
"Q",362,"K","Q362K",0.217482339277441
"Q",362,"L","Q362L",0.683715228024515
"Q",362,"M","Q362M",-0.560366580603897
"Q",362,"N","Q362N",-0.612882612123498
"Q",362,"P","Q362P",-0.150896370991614
"Q",362,"R","Q362R",-0.183646630720275
"Q",362,"S","Q362S",1.22238570464356
"Q",362,"T","Q362T",-0.799270450898659
"Q",362,"V","Q362V",0.68713315545934
"Q",362,"W","Q362W",0.859241606668258
"Q",362,"Y","Q362Y",0.125440749191185
"V",363,"A","V363A",0.258486001948224
"V",363,"C","V363C",0.727651718853248
"V",363,"D","V363D",1.47838115165596
"V",363,"E","V363E",1.50447562863348
"V",363,"F","V363F",0.257840569603131
"V",363,"G","V363G",-0.0254568937845603
"V",363,"H","V363H",0.54129744577408
"V",363,"I","V363I",-0.601496946340741
"V",363,"K","V363K",0.372267269258272
"V",363,"L","V363L",-0.731428415940381
"V",363,"M","V363M",-0.000798234509526908
"V",363,"N","V363N",0.645970827988728
"V",363,"P","V363P",0.121085851753359
"V",363,"Q","V363Q",0.720338463162524
"V",363,"R","V363R",1.13458090030804
"V",363,"S","V363S",-0.0230527196833006
"V",363,"T","V363T",0.547426579667928
"V",363,"W","V363W",0.0144158879540571
"V",363,"Y","V363Y",0.344373164437085
"S",364,"A","S364A",-0.216004475171238
"S",364,"C","S364C",0.293204718109958
"S",364,"D","S364D",0.0153869696708844
"S",364,"E","S364E",-0.362647980521371
"S",364,"F","S364F",0.400761930842264
"S",364,"G","S364G",0.172548666030722
"S",364,"H","S364H",0.444759003077847
"S",364,"I","S364I",-0.173324410884819
"S",364,"K","S364K",-1.13100509069173
"S",364,"L","S364L",0.535298336951369
"S",364,"M","S364M",0.17572297966872
"S",364,"N","S364N",-1.10360381175173
"S",364,"P","S364P",0.236244863316212
"S",364,"Q","S364Q",-0.0453181374369385
"S",364,"R","S364R",-0.263557083885498
"S",364,"T","S364T",0.0602038803524104
"S",364,"V","S364V",0.571616599594715
"S",364,"W","S364W",0.270128974083958
"S",364,"Y","S364Y",-0.295727483036226
"L",365,"A","L365A",-0.665733533601754
"L",365,"C","L365C",0.42418074845662
"L",365,"D","L365D",0.829318174252777
"L",365,"E","L365E",2.10315621586523
"L",365,"F","L365F",-0.170346275704312
"L",365,"G","L365G",0.738155504682978
"L",365,"H","L365H",-2.40347284558447
"L",365,"I","L365I",-0.282846221455056
"L",365,"K","L365K",-0.995654950510139
"L",365,"M","L365M",-0.0131199380448171
"L",365,"N","L365N",0.348492699229421
"L",365,"P","L365P",1.21258955529897
"L",365,"Q","L365Q",-1.01973581352331
"L",365,"R","L365R",-0.324166245380246
"L",365,"S","L365S",0.425969240784154
"L",365,"T","L365T",0.648179347649102
"L",365,"V","L365V",-0.471621443749927
"L",365,"W","L365W",0.104614513673659
"L",365,"Y","L365Y",0.312251692911987
"T",366,"A","T366A",-0.200931149069702
"T",366,"C","T366C",-0.17222005886309
"T",366,"D","T366D",-1.09645427862632
"T",366,"E","T366E",-0.771630233884901
"T",366,"F","T366F",0.282590768489482
"T",366,"G","T366G",0.738478800140538
"T",366,"H","T366H",0.0804396049818929
"T",366,"I","T366I",-0.23229993936539
"T",366,"K","T366K",-0.467048196196324
"T",366,"L","T366L",-0.515126837728281
"T",366,"M","T366M",0.660633799907515
"T",366,"N","T366N",0.35386384356513
"T",366,"P","T366P",0.0186390671139066
"T",366,"Q","T366Q",1.31484873870951
"T",366,"R","T366R",-0.461295894361528
"T",366,"S","T366S",-0.47743320845674
"T",366,"V","T366V",-0.642412370821718
"T",366,"W","T366W",-0.888470131733713
"T",366,"Y","T366Y",0.975396797661498
"C",367,"A","C367A",0.932783343444333
"C",367,"D","C367D",1.60800184777184
"C",367,"E","C367E",-0.898916848384117
"C",367,"F","C367F",-0.414014481014269
"C",367,"G","C367G",0.949247309452757
"C",367,"H","C367H",-0.595926395543001
"C",367,"I","C367I",-0.902288436027837
"C",367,"K","C367K",-0.900832911958277
"C",367,"L","C367L",-0.759341483354363
"C",367,"M","C367M",-0.424394742613976
"C",367,"N","C367N",-0.579062941883492
"C",367,"P","C367P",0.809314527932281
"C",367,"Q","C367Q",-0.661172002321033
"C",367,"R","C367R",0.704567240726473
"C",367,"S","C367S",0.497941679457909
"C",367,"T","C367T",0.0176740065037318
"C",367,"V","C367V",-2.02033150431659
"C",367,"W","C367W",-0.210094282593992
"C",367,"Y","C367Y",1.17336825239605
"L",368,"A","L368A",-0.0328278478634568
"L",368,"C","L368C",0.853816640459383
"L",368,"D","L368D",-0.730712457660553
"L",368,"E","L368E",-0.327824751075386
"L",368,"F","L368F",0.249498866966875
"L",368,"G","L368G",1.33262593218467
"L",368,"H","L368H",-0.943724509628782
"L",368,"I","L368I",0.978749899667328
"L",368,"K","L368K",-0.189860698173858
"L",368,"M","L368M",-1.57722981266392
"L",368,"N","L368N",0.309650663280872
"L",368,"P","L368P",-1.28561164897765
"L",368,"Q","L368Q",-0.635323530683706
"L",368,"R","L368R",1.13251281570748
"L",368,"S","L368S",0.346925146470137
"L",368,"T","L368T",0.334187897285953
"L",368,"V","L368V",-0.0226708566610982
"L",368,"W","L368W",0.992550561157112
"L",368,"Y","L368Y",0.308118069897083
"V",369,"A","V369A",0.83640685125973
"V",369,"C","V369C",-0.382390247933906
"V",369,"D","V369D",-0.981047356613572
"V",369,"E","V369E",-0.182786721632797
"V",369,"F","V369F",0.500381980883873
"V",369,"G","V369G",0.238820699213929
"V",369,"H","V369H",-0.115927443517211
"V",369,"I","V369I",-1.32224895162587
"V",369,"K","V369K",-0.617323983010925
"V",369,"L","V369L",1.6029721821087
"V",369,"M","V369M",-0.222051438313414
"V",369,"N","V369N",-1.28335418817921
"V",369,"P","V369P",-0.631555823733405
"V",369,"Q","V369Q",0.0344318446560114
"V",369,"R","V369R",-0.376293087538179
"V",369,"S","V369S",0.399912522487935
"V",369,"T","V369T",-0.733560285398806
"V",369,"W","V369W",0.811411552418661
"V",369,"Y","V369Y",0.282353374753071
"K",370,"C","K370C",-1.22233573434411
"K",370,"D","K370D",0.195593835283795
"K",370,"E","K370E",-0.560809447473012
"K",370,"F","K370F",0.293999039789492
"K",370,"G","K370G",0.461119233886906
"K",370,"H","K370H",0.386419440483321
"K",370,"I","K370I",1.74254228521976
"K",370,"L","K370L",-0.914431453864579
"K",370,"M","K370M",1.22387593645604
"K",370,"N","K370N",-0.28027072866238
"K",370,"P","K370P",0.818248895587286
"K",370,"Q","K370Q",-0.44538978552269
"K",370,"R","K370R",-1.15210389424278
"K",370,"S","K370S",1.12853784045088
"K",370,"T","K370T",0.366229339387847
"K",370,"V","K370V",-0.0339330739687897
"K",370,"W","K370W",0.000975267856152973
"K",370,"Y","K370Y",0.400585673928394
"G",371,"A","G371A",1.55634370497521
"G",371,"C","G371C",0.0246166953666864
"G",371,"D","G371D",-0.102484185682397
"G",371,"E","G371E",1.00838582967607
"G",371,"F","G371F",0.606781724224398
"G",371,"H","G371H",-0.513877501349757
"G",371,"I","G371I",0.48411648830952
"G",371,"K","G371K",0.760164518254177
"G",371,"L","G371L",-8.4494218493509e-05
"G",371,"M","G371M",0.271309654868941
"G",371,"N","G371N",1.35638888122643
"G",371,"P","G371P",0.629208862038227
"G",371,"Q","G371Q",-1.20293880846989
"G",371,"R","G371R",0.553931620226012
"G",371,"S","G371S",0.761623926306966
"G",371,"T","G371T",0.0573740399512489
"G",371,"V","G371V",1.95178107805152
"G",371,"W","G371W",0.448398949657884
"G",371,"Y","G371Y",-0.504916287659614
"F",372,"A","F372A",-0.0557005381390035
"F",372,"C","F372C",-0.702624323962869
"F",372,"D","F372D",-0.288046094129282
"F",372,"E","F372E",1.04434301287741
"F",372,"G","F372G",0.231823186668573
"F",372,"H","F372H",-0.420484271969425
"F",372,"I","F372I",-2.28635365754604
"F",372,"K","F372K",-1.0905356171279
"F",372,"L","F372L",-1.32679888147852
"F",372,"M","F372M",0.913837567363036
"F",372,"N","F372N",0.483013207399039
"F",372,"P","F372P",-0.75263694543211
"F",372,"Q","F372Q",0.748569526535229
"F",372,"R","F372R",0.194671066841537
"F",372,"S","F372S",0.196176219938787
"F",372,"T","F372T",0.339810687032262
"F",372,"V","F372V",-1.38395066212014
"F",372,"W","F372W",-2.20522934862651
"F",372,"Y","F372Y",-0.90813453087289
"Y",373,"A","Y373A",-0.401719318733108
"Y",373,"C","Y373C",0.140625771014401
"Y",373,"D","Y373D",0.617485556773153
"Y",373,"E","Y373E",-0.69549261955358
"Y",373,"F","Y373F",-0.963539015901953
"Y",373,"G","Y373G",-0.308898161551659
"Y",373,"H","Y373H",-0.10736289188943
"Y",373,"I","Y373I",0.0693353630150821
"Y",373,"K","Y373K",0.0303199643514161
"Y",373,"L","Y373L",0.239518673727578
"Y",373,"M","Y373M",-0.813025114162895
"Y",373,"N","Y373N",0.813145397937107
"Y",373,"P","Y373P",-0.295769481685847
"Y",373,"Q","Y373Q",0.063435292524427
"Y",373,"R","Y373R",0.358595923824921
"Y",373,"S","Y373S",-0.811990407491745
"Y",373,"T","Y373T",0.00882558381554717
"Y",373,"V","Y373V",-0.471818034547765
"Y",373,"W","Y373W",-3.03560669636147
"P",374,"A","P374A",-1.03474470457559
"P",374,"C","P374C",1.66518168254597
"P",374,"D","P374D",-0.157320734894785
"P",374,"E","P374E",0.0285203988669702
"P",374,"F","P374F",3.52541225824392
"P",374,"G","P374G",0.611996771683473
"P",374,"H","P374H",-1.27244486576313
"P",374,"I","P374I",-1.39389940419217
"P",374,"K","P374K",0.236763867674388
"P",374,"L","P374L",-1.29610676136502
"P",374,"M","P374M",-0.158697543185614
"P",374,"N","P374N",0.136032585206207
"P",374,"Q","P374Q",0.315992241032644
"P",374,"R","P374R",0.398817430771643
"P",374,"S","P374S",0.914030260129515
"P",374,"T","P374T",-0.153920803952019
"P",374,"V","P374V",0.362554428593284
"P",374,"W","P374W",-1.9408154651074
"P",374,"Y","P374Y",-1.84347333990702
"S",375,"A","S375A",-1.33822922287898
"S",375,"C","S375C",-0.974519473334136
"S",375,"D","S375D",1.164649535633
"S",375,"E","S375E",0.333128202358367
"S",375,"F","S375F",-1.90157880407124
"S",375,"G","S375G",0.0347516283845069
"S",375,"H","S375H",0.907211373212802
"S",375,"I","S375I",1.45370211798325
"S",375,"K","S375K",-1.57808659444672
"S",375,"L","S375L",0.631959317141706
"S",375,"M","S375M",-1.92726765532634
"S",375,"N","S375N",-0.221727661801218
"S",375,"P","S375P",-0.203896210269514
"S",375,"Q","S375Q",-1.19920183675316
"S",375,"R","S375R",-1.58493877242765
"S",375,"T","S375T",-2.24611388547472
"S",375,"V","S375V",1.19266837146475
"S",375,"W","S375W",-0.752708352356981
"S",375,"Y","S375Y",-1.71444298031407
"D",376,"A","D376A",-0.571560441127745
"D",376,"C","D376C",-1.67351115561756
"D",376,"E","D376E",-0.419370021969242
"D",376,"F","D376F",-1.35071800413628
"D",376,"G","D376G",-0.259618723086887
"D",376,"H","D376H",1.30687180117775
"D",376,"I","D376I",-2.00479187375621
"D",376,"K","D376K",1.16495314369413
"D",376,"L","D376L",-1.53569252919228
"D",376,"M","D376M",0.79604625650184
"D",376,"N","D376N",0.985780591696105
"D",376,"P","D376P",-0.566857410335948
"D",376,"Q","D376Q",-1.0176414184046
"D",376,"R","D376R",-0.221887446757926
"D",376,"S","D376S",-0.888449283780209
"D",376,"T","D376T",-1.60842726784766
"D",376,"V","D376V",-1.21892785031075
"D",376,"W","D376W",-0.658255669741108
"D",376,"Y","D376Y",-0.0219071653653426
"I",377,"A","I377A",0.0141049962592945
"I",377,"C","I377C",0.105813453608301
"I",377,"D","I377D",-1.5961739885706
"I",377,"E","I377E",-3.22041361762878
"I",377,"F","I377F",-2.0193921979112
"I",377,"G","I377G",-1.00975709978389
"I",377,"H","I377H",1.57841266826159
"I",377,"K","I377K",-2.72354714506216
"I",377,"L","I377L",-0.181688463935029
"I",377,"M","I377M",-1.12942410261281
"I",377,"N","I377N",-2.77042028073014
"I",377,"P","I377P",-2.59956502744042
"I",377,"Q","I377Q",-1.64185601748018
"I",377,"R","I377R",-1.88967041049249
"I",377,"S","I377S",0.0516922119201095
"I",377,"T","I377T",0.617864245750569
"I",377,"V","I377V",0.601547120635254
"I",377,"W","I377W",-0.390872173954697
"I",377,"Y","I377Y",0.729076540016565
"A",378,"C","A378C",-1.53671968450134
"A",378,"D","A378D",1.52133853512037
"A",378,"E","A378E",-1.93655507174742
"A",378,"F","A378F",-0.326412784977203
"A",378,"G","A378G",0.0623870010523124
"A",378,"H","A378H",0.258362350152823
"A",378,"I","A378I",-4.58632000867555
"A",378,"K","A378K",-1.38966807551663
"A",378,"L","A378L",-2.10156661403194
"A",378,"M","A378M",-1.98334686647321
"A",378,"N","A378N",-0.0594064663546637
"A",378,"P","A378P",-0.207225063048485
"A",378,"Q","A378Q",-0.237241152834525
"A",378,"R","A378R",-0.581412731535939
"A",378,"S","A378S",-0.0206376300956992
"A",378,"T","A378T",-2.04318186687848
"A",378,"V","A378V",0.929263126384247
"A",378,"W","A378W",0.157087883084126
"A",378,"Y","A378Y",0.656479905620823
"V",379,"A","V379A",-0.330492433667591
"V",379,"C","V379C",0.250008465330268
"V",379,"D","V379D",0.953649867256901
"V",379,"E","V379E",-0.561095060690517
"V",379,"F","V379F",-1.12223552960755
"V",379,"G","V379G",-0.101262857862549
"V",379,"H","V379H",-4.40483463244511
"V",379,"I","V379I",0.927211202568548
"V",379,"K","V379K",0.0103120856301064
"V",379,"L","V379L",-0.849163824977786
"V",379,"M","V379M",-1.12189664982897
"V",379,"N","V379N",1.09649330954035
"V",379,"P","V379P",0.0710683089135756
"V",379,"Q","V379Q",-0.21946408514639
"V",379,"R","V379R",-1.14420905346181
"V",379,"S","V379S",0.666687180448576
"V",379,"T","V379T",0.0447160496372989
"V",379,"W","V379W",1.97618809965321
"V",379,"Y","V379Y",-0.373076792868766
"E",380,"A","E380A",0.0467529926016478
"E",380,"C","E380C",-0.636389383383407
"E",380,"D","E380D",-0.0654154404964857
"E",380,"F","E380F",0.526385433664383
"E",380,"G","E380G",1.2554073287206
"E",380,"H","E380H",-1.13938060382688
"E",380,"I","E380I",0.0967552253522058
"E",380,"K","E380K",-0.266848559884551
"E",380,"L","E380L",-0.0792819918966082
"E",380,"M","E380M",-1.31812394488525
"E",380,"N","E380N",1.61708764731043
"E",380,"P","E380P",-0.210832794273246
"E",380,"Q","E380Q",-0.756147129079843
"E",380,"R","E380R",0.618954285866631
"E",380,"S","E380S",-0.0707708527855404
"E",380,"T","E380T",-1.31885838731983
"E",380,"V","E380V",0.23906560198128
"E",380,"W","E380W",-0.448646936755819
"E",380,"Y","E380Y",-0.151087955151593
"W",381,"A","W381A",-0.889044967131904
"W",381,"C","W381C",-0.61409018309956
"W",381,"D","W381D",-0.254207986091681
"W",381,"E","W381E",-0.230250194136068
"W",381,"F","W381F",0.130783490278405
"W",381,"G","W381G",0.549799114713916
"W",381,"H","W381H",1.59698762212254
"W",381,"I","W381I",0.307482317292143
"W",381,"K","W381K",0.984552532982726
"W",381,"L","W381L",0.69686977140685
"W",381,"M","W381M",-0.344680879507469
"W",381,"N","W381N",0.00101457596075359
"W",381,"P","W381P",-0.671639043617537
"W",381,"Q","W381Q",1.62281667516513
"W",381,"R","W381R",1.39650343684514
"W",381,"S","W381S",-0.576999718283978
"W",381,"T","W381T",0.717941984248445
"W",381,"V","W381V",-0.780895071089608
"W",381,"Y","W381Y",0.902499461577847
"E",382,"A","E382A",0.729492971636474
"E",382,"C","E382C",-0.321482967495659
"E",382,"D","E382D",0.262743877097154
"E",382,"F","E382F",0.431178516458815
"E",382,"G","E382G",0.843999493183588
"E",382,"H","E382H",-0.0703658382770141
"E",382,"I","E382I",0.998336706040189
"E",382,"K","E382K",-0.00297692488132485
"E",382,"L","E382L",1.0166778715846
"E",382,"M","E382M",-0.854260693504896
"E",382,"N","E382N",0.772178990806002
"E",382,"P","E382P",-0.844831070256144
"E",382,"Q","E382Q",-0.0179705663494606
"E",382,"R","E382R",3.0567516274969
"E",382,"S","E382S",0.0523759034070126
"E",382,"T","E382T",0.247220255093903
"E",382,"V","E382V",-0.716189678338514
"E",382,"W","E382W",0.663450749001338
"E",382,"Y","E382Y",-0.610115501297796
"S",383,"A","S383A",0.692106972383329
"S",383,"C","S383C",0.67323133842269
"S",383,"D","S383D",-0.419658493508229
"S",383,"E","S383E",1.28093269292973
"S",383,"F","S383F",0.66750127400499
"S",383,"G","S383G",0.316508244648817
"S",383,"H","S383H",0.334332841605153
"S",383,"I","S383I",-0.119085034952669
"S",383,"K","S383K",-0.335560360549867
"S",383,"L","S383L",-0.454914015181764
"S",383,"M","S383M",0.432093600881385
"S",383,"N","S383N",0.39257278921519
"S",383,"P","S383P",0.154952182371238
"S",383,"Q","S383Q",0.523488621067623
"S",383,"R","S383R",0.431943691182201
"S",383,"T","S383T",0.113316321471885
"S",383,"V","S383V",0.698267951340828
"S",383,"W","S383W",0.523156783839176
"S",383,"Y","S383Y",0.480984732273952
"N",384,"A","N384A",-0.740959450621039
"N",384,"C","N384C",-0.0583937176974566
"N",384,"D","N384D",0.550232761065655
"N",384,"E","N384E",0.854073979175468
"N",384,"F","N384F",0.648985225212678
"N",384,"G","N384G",0.160102239839948
"N",384,"H","N384H",0.442901063717426
"N",384,"I","N384I",0.91026627739318
"N",384,"K","N384K",1.31900235782508
"N",384,"L","N384L",0.361390604568662
"N",384,"M","N384M",-0.638016731389951
"N",384,"P","N384P",-0.120707900426237
"N",384,"Q","N384Q",0.525364970999909
"N",384,"R","N384R",1.55717493651084
"N",384,"S","N384S",0.89675260222033
"N",384,"T","N384T",0.574072062689374
"N",384,"V","N384V",0.125569943051518
"N",384,"W","N384W",-0.0945258256949267
"N",384,"Y","N384Y",0.207021100831433
"G",385,"A","G385A",2.05872090611427
"G",385,"C","G385C",-0.0480524017412938
"G",385,"D","G385D",-0.232811136709883
"G",385,"E","G385E",0.0300883417087414
"G",385,"F","G385F",1.8183312207793
"G",385,"H","G385H",-0.11748683831876
"G",385,"I","G385I",0.271381504837884
"G",385,"K","G385K",-0.135896855920262
"G",385,"L","G385L",0.3443227413176
"G",385,"M","G385M",1.2421952864958
"G",385,"N","G385N",-0.101802299780935
"G",385,"P","G385P",0.200905164010513
"G",385,"Q","G385Q",0.519045244888287
"G",385,"R","G385R",-0.625073890990734
"G",385,"S","G385S",-0.0548622069048228
"G",385,"T","G385T",-0.730794100437706
"G",385,"V","G385V",0.47105121051027
"G",385,"W","G385W",0.907410405453318
"G",385,"Y","G385Y",0.530312789251728
"Q",386,"A","Q386A",0.672722698766325
"Q",386,"C","Q386C",-0.0144303494116615
"Q",386,"D","Q386D",0.925213932182057
"Q",386,"E","Q386E",0.100975699247237
"Q",386,"F","Q386F",-0.622038709167327
"Q",386,"G","Q386G",-0.328324942430892
"Q",386,"H","Q386H",0.688680612931507
"Q",386,"I","Q386I",-0.09256118618207
"Q",386,"K","Q386K",0.610738533472354
"Q",386,"L","Q386L",-0.253142111941153
"Q",386,"M","Q386M",0.338214053643078
"Q",386,"N","Q386N",0.441312795497674
"Q",386,"P","Q386P",-0.489195342783821
"Q",386,"R","Q386R",0.787877145574743
"Q",386,"S","Q386S",0.968020767600452
"Q",386,"V","Q386V",0.796790236795572
"Q",386,"W","Q386W",0.468900213829499
"Q",386,"Y","Q386Y",0.774252324920192
"P",387,"A","P387A",-0.0308494234318991
"P",387,"C","P387C",1.07278893551065
"P",387,"D","P387D",0.15459551057025
"P",387,"E","P387E",0.414278567929244
"P",387,"F","P387F",0.547481333203089
"P",387,"G","P387G",0.890713326309996
"P",387,"H","P387H",1.17178695206345
"P",387,"I","P387I",-0.283572765721909
"P",387,"K","P387K",-0.668461186770693
"P",387,"L","P387L",-0.712691370960516
"P",387,"M","P387M",-0.579970811815387
"P",387,"N","P387N",0.707301644181004
"P",387,"Q","P387Q",0.883379150118793
"P",387,"R","P387R",0.0873213646523287
"P",387,"S","P387S",-0.0811578073668231
"P",387,"T","P387T",0.746081637693942
"P",387,"V","P387V",0.458166279733402
"P",387,"W","P387W",1.82431492510248
"P",387,"Y","P387Y",0.664538669831728
"E",388,"A","E388A",1.10789277193654
"E",388,"C","E388C",-2.78051978837312
"E",388,"D","E388D",0.162710048925668
"E",388,"F","E388F",0.427822564550602
"E",388,"G","E388G",0.502521455379837
"E",388,"H","E388H",0.387132665141482
"E",388,"I","E388I",0.147240292290275
"E",388,"K","E388K",-0.153717184089029
"E",388,"L","E388L",-0.131005037432095
"E",388,"M","E388M",-0.744374455049093
"E",388,"N","E388N",1.02827138472915
"E",388,"P","E388P",0.0617883330323889
"E",388,"Q","E388Q",-0.66012184280779
"E",388,"R","E388R",0.476660866127337
"E",388,"S","E388S",0.521818151746801
"E",388,"T","E388T",-0.224475050636052
"E",388,"V","E388V",2.28799930470022
"E",388,"W","E388W",-0.52091516500461
"E",388,"Y","E388Y",0.469878076597432
"N",389,"A","N389A",-0.648715345544073
"N",389,"C","N389C",-0.47931743773176
"N",389,"D","N389D",-0.969677243281792
"N",389,"E","N389E",0.643487827820378
"N",389,"F","N389F",-0.0128844180766231
"N",389,"G","N389G",1.0287400562535
"N",389,"H","N389H",2.13765786173674
"N",389,"I","N389I",0.613805551635381
"N",389,"K","N389K",0.586740588790258
"N",389,"L","N389L",0.856827104767079
"N",389,"M","N389M",0.243765973628135
"N",389,"P","N389P",0.112770183522605
"N",389,"Q","N389Q",0.615979082734268
"N",389,"R","N389R",1.95505784335028
"N",389,"S","N389S",1.0463898370156
"N",389,"T","N389T",-0.0561191349086871
"N",389,"V","N389V",0.293413561164948
"N",389,"W","N389W",0.232403529405747
"N",389,"Y","N389Y",0.846942530817807
"N",390,"A","N390A",-0.738102165344658
"N",390,"C","N390C",0.803308561297726
"N",390,"D","N390D",-0.0490568299033707
"N",390,"E","N390E",-0.94907324975914
"N",390,"F","N390F",-0.124013731833438
"N",390,"G","N390G",-0.0832476398599344
"N",390,"H","N390H",-0.0285821528234279
"N",390,"I","N390I",0.407080193817225
"N",390,"K","N390K",0.258141026593902
"N",390,"L","N390L",-3.27349585235747
"N",390,"M","N390M",0.350229218563902
"N",390,"P","N390P",0.595422192251456
"N",390,"Q","N390Q",-0.103786215867249
"N",390,"R","N390R",0.17883115439921
"N",390,"S","N390S",0.194520642485723
"N",390,"T","N390T",-0.167667125082437
"N",390,"V","N390V",-0.0533005940245381
"N",390,"W","N390W",0.47531298453793
"N",390,"Y","N390Y",0.94944102150297
"Y",391,"A","Y391A",0.572529746804865
"Y",391,"C","Y391C",0.888041599588769
"Y",391,"D","Y391D",-0.0369533395612603
"Y",391,"E","Y391E",0.0914877094772263
"Y",391,"F","Y391F",0.593157583890341
"Y",391,"G","Y391G",1.26994312247788
"Y",391,"H","Y391H",0.581705860855907
"Y",391,"I","Y391I",0.298828856312225
"Y",391,"K","Y391K",-0.160786901109501
"Y",391,"L","Y391L",0.833328439990951
"Y",391,"M","Y391M",-0.0423770046016778
"Y",391,"N","Y391N",-0.429904695227964
"Y",391,"P","Y391P",1.02452380748153
"Y",391,"Q","Y391Q",-0.779046208542993
"Y",391,"R","Y391R",-0.248140994289805
"Y",391,"S","Y391S",0.826012121766849
"Y",391,"T","Y391T",-0.79950904057313
"Y",391,"V","Y391V",1.43372949454125
"Y",391,"W","Y391W",-0.543174573140552
"K",392,"A","K392A",0.297065680661967
"K",392,"C","K392C",-0.155597211463918
"K",392,"D","K392D",0.789631332267467
"K",392,"E","K392E",0.865204122883893
"K",392,"F","K392F",0.0916492075998255
"K",392,"G","K392G",0.970009757779809
"K",392,"H","K392H",0.394203411325223
"K",392,"I","K392I",-0.539508817351622
"K",392,"L","K392L",-0.405502459562851
"K",392,"M","K392M",-0.213634177488607
"K",392,"N","K392N",-0.134786949910734
"K",392,"P","K392P",0.138114621406394
"K",392,"Q","K392Q",0.302205413026419
"K",392,"R","K392R",0.437367648475864
"K",392,"S","K392S",2.05967720848601
"K",392,"T","K392T",2.16577892163227
"K",392,"V","K392V",0.717241681240724
"K",392,"W","K392W",0.509091037595625
"K",392,"Y","K392Y",-0.803629112120794
"T",393,"A","T393A",0.228414226016026
"T",393,"C","T393C",-0.908256330431187
"T",393,"D","T393D",0.164846584423203
"T",393,"E","T393E",-0.551121379263261
"T",393,"F","T393F",0.383286636857784
"T",393,"G","T393G",0.228577950534685
"T",393,"H","T393H",-0.318794990337116
"T",393,"I","T393I",0.150459410634718
"T",393,"K","T393K",0.975492573326585
"T",393,"L","T393L",-2.38822140096919
"T",393,"M","T393M",0.408503798913744
"T",393,"N","T393N",0.760283307851862
"T",393,"P","T393P",1.42701008606984
"T",393,"Q","T393Q",-1.44513425125791
"T",393,"R","T393R",0.293879302724075
"T",393,"S","T393S",0.723559085258639
"T",393,"V","T393V",0.0388044698182026
"T",393,"W","T393W",0.49482289445385
"T",393,"Y","T393Y",0.0146790039027625
"T",394,"A","T394A",1.10220759473323
"T",394,"C","T394C",0.1895148906349
"T",394,"D","T394D",-1.67355303093785
"T",394,"E","T394E",-0.293828466609967
"T",394,"F","T394F",-0.904388342176186
"T",394,"G","T394G",0.432956927417867
"T",394,"H","T394H",0.220819194503388
"T",394,"I","T394I",0.0275517428527537
"T",394,"K","T394K",-1.26810467461811
"T",394,"L","T394L",-0.115934679298673
"T",394,"M","T394M",0.813235482711409
"T",394,"N","T394N",-1.57652305861818
"T",394,"P","T394P",-0.939607620287728
"T",394,"Q","T394Q",-1.51827639464742
"T",394,"R","T394R",-0.803721262253215
"T",394,"S","T394S",0.721969758295456
"T",394,"V","T394V",-2.21542160676001
"T",394,"W","T394W",-3.28549319946914
"T",394,"Y","T394Y",-2.19232769138148
"P",395,"A","P395A",0.0825327437382599
"P",395,"C","P395C",0.280574713895168
"P",395,"D","P395D",0.634770594911485
"P",395,"E","P395E",-0.00754503275673817
"P",395,"F","P395F",-0.100509630691252
"P",395,"G","P395G",0.639405974575302
"P",395,"H","P395H",-0.0896348735966806
"P",395,"I","P395I",0.908863906572078
"P",395,"K","P395K",-0.0101593287599738
"P",395,"L","P395L",0.200394423534619
"P",395,"M","P395M",-0.304153642109495
"P",395,"N","P395N",0.155260536407939
"P",395,"Q","P395Q",0.193319672261346
"P",395,"R","P395R",-0.278455238530434
"P",395,"S","P395S",0.0355045173700984
"P",395,"T","P395T",0.674235103702445
"P",395,"V","P395V",-0.976032618172591
"P",395,"W","P395W",1.32016936196574
"P",395,"Y","P395Y",0.319063006097681
"P",396,"A","P396A",-1.64662952130168
"P",396,"C","P396C",-4.11028105861703
"P",396,"D","P396D",-0.282083565191152
"P",396,"E","P396E",-1.13858544313288
"P",396,"F","P396F",-1.53830626943278
"P",396,"G","P396G",-1.30492379194292
"P",396,"H","P396H",-2.06561853633489
"P",396,"I","P396I",-1.27173434927433
"P",396,"K","P396K",-1.09677920735132
"P",396,"L","P396L",-0.0645498136255748
"P",396,"M","P396M",-1.98711510809576
"P",396,"N","P396N",-2.02296829899084
"P",396,"Q","P396Q",-2.37316576521882
"P",396,"R","P396R",-2.36668780093434
"P",396,"S","P396S",0.00225200927961775
"P",396,"T","P396T",-0.983198888705594
"P",396,"V","P396V",-1.91321618790902
"P",396,"W","P396W",-0.594104550269524
"P",396,"Y","P396Y",-0.556140216457546
"V",397,"A","V397A",-0.134554297249311
"V",397,"C","V397C",0.481064965213769
"V",397,"D","V397D",0.314401640123326
"V",397,"E","V397E",-1.85715160666421
"V",397,"F","V397F",-2.02810844470109
"V",397,"G","V397G",-1.0805479378964
"V",397,"H","V397H",-1.1143780666587
"V",397,"I","V397I",-2.09264816752504
"V",397,"K","V397K",-0.244084880249374
"V",397,"L","V397L",-3.41372494818086
"V",397,"M","V397M",-2.81950006823672
"V",397,"N","V397N",-1.56515423102026
"V",397,"P","V397P",-1.21457133524921
"V",397,"Q","V397Q",-1.08302939355097
"V",397,"R","V397R",-1.04477904108099
"V",397,"S","V397S",-0.120910208788243
"V",397,"T","V397T",0.000380994935559489
"V",397,"W","V397W",-0.551891476839783
"V",397,"Y","V397Y",0.00218846467154619
"L",398,"A","L398A",0.756901356947016
"L",398,"C","L398C",-0.729640288048502
"L",398,"D","L398D",0.0795234843356088
"L",398,"E","L398E",0.225250909950831
"L",398,"F","L398F",0.892661389706198
"L",398,"G","L398G",0.501905715140086
"L",398,"H","L398H",0.946473769358233
"L",398,"I","L398I",-0.269096745141567
"L",398,"K","L398K",0.838752173850591
"L",398,"M","L398M",1.30806902222923
"L",398,"N","L398N",-0.203099976350603
"L",398,"P","L398P",-0.367073731363329
"L",398,"Q","L398Q",0.720694348058647
"L",398,"R","L398R",2.34000344136322
"L",398,"S","L398S",0.696751990443982
"L",398,"T","L398T",-0.146262293624714
"L",398,"V","L398V",-0.572625990195729
"L",398,"W","L398W",-1.88790659807875
"L",398,"Y","L398Y",0.339802687123977
"D",399,"A","D399A",-0.540390530530846
"D",399,"C","D399C",-0.810948151694949
"D",399,"E","D399E",-2.04498470990596
"D",399,"F","D399F",0.211609487697302
"D",399,"G","D399G",-0.652535751427815
"D",399,"H","D399H",-0.740768215724794
"D",399,"I","D399I",-1.41318357997318
"D",399,"K","D399K",-1.59403459963646
"D",399,"L","D399L",-1.47100773392455
"D",399,"M","D399M",-1.31885397946116
"D",399,"N","D399N",-0.649656651560213
"D",399,"P","D399P",-2.09642862519649
"D",399,"Q","D399Q",-0.578674738598866
"D",399,"R","D399R",-1.59436533316231
"D",399,"S","D399S",0.0882118154235721
"D",399,"T","D399T",-1.15154348064138
"D",399,"V","D399V",-2.60679192338178
"D",399,"W","D399W",-0.15985844865473
"D",399,"Y","D399Y",0.847450843630605
"S",400,"A","S400A",0.518143298794365
"S",400,"C","S400C",-0.387545739982444
"S",400,"D","S400D",-0.918449056192362
"S",400,"E","S400E",0.0216764627380017
"S",400,"F","S400F",0.799210931607869
"S",400,"G","S400G",0.605784884132649
"S",400,"H","S400H",0.591577705684896
"S",400,"I","S400I",0.777824707389957
"S",400,"K","S400K",-0.210103819463658
"S",400,"L","S400L",-0.191147452288757
"S",400,"M","S400M",0.195628335580774
"S",400,"N","S400N",1.24117127358738
"S",400,"P","S400P",-1.2552577476014
"S",400,"Q","S400Q",0.460294723220367
"S",400,"R","S400R",1.02236120111078
"S",400,"T","S400T",0.476981581119757
"S",400,"V","S400V",0.0440713643223852
"S",400,"W","S400W",-0.944734474334434
"S",400,"Y","S400Y",0.569897120023745
"D",401,"A","D401A",0.299159220375013
"D",401,"C","D401C",0.0113376714420417
"D",401,"E","D401E",0.355566808914944
"D",401,"F","D401F",1.16991159870499
"D",401,"G","D401G",0.969409068440514
"D",401,"H","D401H",0.345925501948388
"D",401,"I","D401I",-0.290012172582282
"D",401,"K","D401K",-0.519416317337614
"D",401,"L","D401L",0.449896288133922
"D",401,"M","D401M",-0.0249890340229
"D",401,"N","D401N",-0.0953203515954991
"D",401,"P","D401P",0.609478287029311
"D",401,"Q","D401Q",0.407614374931318
"D",401,"R","D401R",0.240785024466667
"D",401,"S","D401S",0.762618984140347
"D",401,"T","D401T",-0.262658111524692
"D",401,"V","D401V",0.507878621554644
"D",401,"W","D401W",1.38059419543003
"D",401,"Y","D401Y",1.41997280248346
"G",402,"A","G402A",0.347670405536944
"G",402,"C","G402C",-1.68994513990396
"G",402,"D","G402D",0.381156893010102
"G",402,"E","G402E",-0.654769751960848
"G",402,"F","G402F",-0.315820782844738
"G",402,"H","G402H",-0.882294711073524
"G",402,"I","G402I",0.338664342499481
"G",402,"K","G402K",0.00790424561590474
"G",402,"L","G402L",-0.0878923924866535
"G",402,"M","G402M",1.21878767020291
"G",402,"N","G402N",-0.630102300083944
"G",402,"P","G402P",-0.497556624179727
"G",402,"Q","G402Q",-1.13139050805675
"G",402,"R","G402R",0.423027663920439
"G",402,"S","G402S",0.743694609044206
"G",402,"T","G402T",0.0487794996703543
"G",402,"V","G402V",-0.293454205774745
"G",402,"W","G402W",-0.129536552560981
"G",402,"Y","G402Y",-0.427930197900437
"S",403,"A","S403A",0.518092905203723
"S",403,"C","S403C",0.201011596796032
"S",403,"D","S403D",-0.367276219551104
"S",403,"E","S403E",-0.106967692000161
"S",403,"F","S403F",0.184525016208251
"S",403,"G","S403G",-1.24800343480423
"S",403,"H","S403H",-0.415301183135758
"S",403,"I","S403I",-0.964261806223091
"S",403,"K","S403K",-0.101238741402869
"S",403,"L","S403L",0.77052953252417
"S",403,"M","S403M",-0.524682196306342
"S",403,"N","S403N",0.439031524065006
"S",403,"P","S403P",-0.933325406249539
"S",403,"Q","S403Q",0.226059157152772
"S",403,"R","S403R",-0.763870961068035
"S",403,"T","S403T",-0.377856868676941
"S",403,"V","S403V",0.66549555476456
"S",403,"W","S403W",0.625252217692508
"S",403,"Y","S403Y",0.330096026048548
"F",404,"A","F404A",-0.458735102055741
"F",404,"C","F404C",1.22748889769023
"F",404,"D","F404D",-0.992688388616963
"F",404,"E","F404E",-3.95206258393455
"F",404,"G","F404G",-1.67770861842492
"F",404,"H","F404H",0.885606065316545
"F",404,"I","F404I",0.715286195584781
"F",404,"K","F404K",-1.36256210371755
"F",404,"L","F404L",-1.48369175553281
"F",404,"M","F404M",-1.21051818106341
"F",404,"N","F404N",-0.783948687020293
"F",404,"P","F404P",-2.50140862583636
"F",404,"Q","F404Q",-1.27570335243299
"F",404,"R","F404R",-1.6201493221506
"F",404,"S","F404S",-0.185544830117145
"F",404,"T","F404T",-2.44752853329151
"F",404,"V","F404V",-1.23945680096993
"F",404,"W","F404W",-0.860676930871185
"F",404,"Y","F404Y",0.892767093570537
"F",405,"A","F405A",-0.706211145559335
"F",405,"C","F405C",0.0854270717448718
"F",405,"D","F405D",-1.46512547655015
"F",405,"E","F405E",-1.23554851158533
"F",405,"G","F405G",-1.30896343034313
"F",405,"H","F405H",-0.568917926350646
"F",405,"I","F405I",-1.10913942083745
"F",405,"K","F405K",2.1659452611796
"F",405,"L","F405L",0.0734796913674229
"F",405,"M","F405M",1.99301142152911
"F",405,"N","F405N",-1.63412721766474
"F",405,"P","F405P",-1.01877801414391
"F",405,"Q","F405Q",-4.4134954841877
"F",405,"R","F405R",-2.46648435744511
"F",405,"S","F405S",-1.45051577865868
"F",405,"T","F405T",-0.504433834331776
"F",405,"V","F405V",0.323439156100042
"F",405,"W","F405W",-3.13254527277768
"F",405,"Y","F405Y",1.34857699874306
"L",406,"A","L406A",-0.362529961223414
"L",406,"C","L406C",0.200747879124471
"L",406,"D","L406D",-0.389805573081785
"L",406,"E","L406E",0.323193882175096
"L",406,"F","L406F",0.802514360241288
"L",406,"G","L406G",-0.492794690967006
"L",406,"H","L406H",-1.12154662444923
"L",406,"I","L406I",-0.144954146542854
"L",406,"K","L406K",0.0551600120634185
"L",406,"M","L406M",-0.882163551927377
"L",406,"N","L406N",0.162201182674749
"L",406,"P","L406P",-0.611295391360141
"L",406,"Q","L406Q",-0.0709423416871436
"L",406,"R","L406R",-0.734629986795174
"L",406,"S","L406S",-0.312616433047712
"L",406,"T","L406T",0.153955310901066
"L",406,"V","L406V",-0.00354897520293356
"L",406,"W","L406W",-0.463606072043047
"L",406,"Y","L406Y",-3.16807854197077
"Y",407,"A","Y407A",-0.297657425335518
"Y",407,"C","Y407C",-0.440799588268608
"Y",407,"D","Y407D",-1.04598949670878
"Y",407,"E","Y407E",0.111510880458966
"Y",407,"F","Y407F",-0.576121079878151
"Y",407,"G","Y407G",0.384358139655846
"Y",407,"H","Y407H",-0.371549048061988
"Y",407,"I","Y407I",-0.764669667143007
"Y",407,"K","Y407K",0.379852097314104
"Y",407,"L","Y407L",1.05640717657138
"Y",407,"M","Y407M",-0.0215994829781808
"Y",407,"N","Y407N",-6.66359118180472
"Y",407,"P","Y407P",-1.59838282980962
"Y",407,"Q","Y407Q",-0.208181428058935
"Y",407,"R","Y407R",-1.86192098886766
"Y",407,"S","Y407S",-0.484759084294006
"Y",407,"T","Y407T",0.666446361861233
"Y",407,"V","Y407V",-1.26082301529499
"Y",407,"W","Y407W",1.60346529428739
"S",408,"A","S408A",0.201351599749058
"S",408,"C","S408C",-0.140975140445357
"S",408,"D","S408D",-0.402205751706201
"S",408,"E","S408E",1.91826674530776
"S",408,"F","S408F",-0.643952476020642
"S",408,"G","S408G",-0.768561017963331
"S",408,"H","S408H",-1.55700274013813
"S",408,"I","S408I",-1.68631848016821
"S",408,"K","S408K",-1.1652030741748
"S",408,"L","S408L",-1.62725176398861
"S",408,"M","S408M",-0.62580184348176
"S",408,"N","S408N",1.45381294183029
"S",408,"P","S408P",0.360029339491856
"S",408,"Q","S408Q",-1.21930034223457
"S",408,"R","S408R",-0.747793701186254
"S",408,"T","S408T",-1.76508455203625
"S",408,"V","S408V",-0.713249770333686
"S",408,"W","S408W",-0.559082722607475
"S",408,"Y","S408Y",-2.73564422987873
"K",409,"A","K409A",-0.712253291756955
"K",409,"C","K409C",0.676118518522601
"K",409,"D","K409D",-0.951846092028095
"K",409,"E","K409E",-0.357451188869108
"K",409,"F","K409F",-0.512329289881336
"K",409,"G","K409G",-1.88398636590086
"K",409,"H","K409H",-0.0462313078043367
"K",409,"I","K409I",-2.13917619133065
"K",409,"L","K409L",-0.602859729380744
"K",409,"M","K409M",-1.0129820415294
"K",409,"N","K409N",-1.73108743202646
"K",409,"P","K409P",-0.405106544521179
"K",409,"Q","K409Q",-1.80133289428937
"K",409,"R","K409R",0.581070017245355
"K",409,"S","K409S",-0.153269908713625
"K",409,"T","K409T",-1.58749938068475
"K",409,"V","K409V",-1.31246184070108
"K",409,"W","K409W",-1.87448206649019
"K",409,"Y","K409Y",-0.0210695460231689
"L",410,"A","L410A",-0.146585556418173
"L",410,"C","L410C",-0.0810415727043781
"L",410,"D","L410D",-0.0900052128050689
"L",410,"E","L410E",-0.118410860990754
"L",410,"F","L410F",-0.146820462328478
"L",410,"G","L410G",-0.608929743798214
"L",410,"H","L410H",0.428563182361417
"L",410,"I","L410I",0.655136288904691
"L",410,"K","L410K",0.0641350809943231
"L",410,"M","L410M",-0.175499389766734
"L",410,"N","L410N",0.345016823082641
"L",410,"P","L410P",-1.49892573540677
"L",410,"Q","L410Q",-0.671873530475888
"L",410,"R","L410R",0.202981039238075
"L",410,"S","L410S",0.0882510498634757
"L",410,"T","L410T",0.0397287211157647
"L",410,"V","L410V",-0.00847406372317788
"L",410,"W","L410W",-0.943667569859196
"L",410,"Y","L410Y",1.88916646500485
"T",411,"A","T411A",0.607901503249113
"T",411,"C","T411C",-0.617136953886194
"T",411,"D","T411D",0.611521889138192
"T",411,"E","T411E",0.318245170880605
"T",411,"F","T411F",0.264193710122923
"T",411,"G","T411G",1.8198189104936
"T",411,"H","T411H",0.275853148852189
"T",411,"I","T411I",0.313996092632119
"T",411,"K","T411K",-0.741921747435838
"T",411,"L","T411L",-0.123317198856722
"T",411,"M","T411M",-0.373735893303695
"T",411,"N","T411N",0.639370005907225
"T",411,"P","T411P",1.12191362283287
"T",411,"Q","T411Q",0.0514089230252012
"T",411,"R","T411R",-0.301407246316008
"T",411,"S","T411S",0.0446632637189253
"T",411,"V","T411V",0.221417386687868
"T",411,"W","T411W",-0.169904186432344
"T",411,"Y","T411Y",1.88733729529801
"V",412,"A","V412A",-0.331579005406624
"V",412,"C","V412C",-0.0982241933820517
"V",412,"D","V412D",0.192905290291675
"V",412,"E","V412E",1.08505575349255
"V",412,"F","V412F",0.861446021474418
"V",412,"G","V412G",0.862446257613878
"V",412,"H","V412H",0.450273440932528
"V",412,"I","V412I",0.624602331651158
"V",412,"K","V412K",0.880025392931401
"V",412,"L","V412L",0.54023675496638
"V",412,"M","V412M",-0.415751175618545
"V",412,"N","V412N",0.653761451763619
"V",412,"P","V412P",-0.525690718365997
"V",412,"Q","V412Q",0.288645110710231
"V",412,"R","V412R",-0.669403250934755
"V",412,"S","V412S",1.77535258760207
"V",412,"T","V412T",0.544888212992929
"V",412,"W","V412W",-0.311842107231516
"V",412,"Y","V412Y",0.302683550213399
"D",413,"A","D413A",0.216496513347784
"D",413,"C","D413C",-0.00539530109746088
"D",413,"E","D413E",-0.0233960043080557
"D",413,"F","D413F",0.0242517550827143
"D",413,"G","D413G",0.0176854269880153
"D",413,"H","D413H",-0.029402562358404
"D",413,"I","D413I",-0.507354219936515
"D",413,"K","D413K",0.094125367234599
"D",413,"L","D413L",0.766522210818712
"D",413,"M","D413M",0.654199135193217
"D",413,"N","D413N",1.0064896551381
"D",413,"P","D413P",-0.978800266069453
"D",413,"Q","D413Q",0.796242892441887
"D",413,"R","D413R",0.431953504189492
"D",413,"S","D413S",-0.723463009276408
"D",413,"T","D413T",0.291901877917745
"D",413,"V","D413V",0.218133189121579
"D",413,"W","D413W",-0.0332563277205491
"D",413,"Y","D413Y",0.271840180931041
"K",414,"A","K414A",0.326355369093199
"K",414,"C","K414C",0.733704283200052
"K",414,"D","K414D",2.28588024840397
"K",414,"E","K414E",1.11657439652823
"K",414,"F","K414F",0.443846295178405
"K",414,"G","K414G",1.98513296212767
"K",414,"H","K414H",0.166940374579977
"K",414,"I","K414I",0.989618174457969
"K",414,"L","K414L",0.0308190938816971
"K",414,"M","K414M",0.884228721992461
"K",414,"N","K414N",2.5754660463481
"K",414,"P","K414P",0.538353087967596
"K",414,"Q","K414Q",0.748748020641592
"K",414,"R","K414R",0.506666128009006
"K",414,"S","K414S",0.303563715760199
"K",414,"T","K414T",0.382998837869301
"K",414,"V","K414V",-0.953609020001507
"K",414,"W","K414W",0.838107189859502
"K",414,"Y","K414Y",0.599965541842337
"S",415,"A","S415A",0.97422537236002
"S",415,"C","S415C",-0.197896141356926
"S",415,"D","S415D",0.0300133970639613
"S",415,"E","S415E",1.51019792234304
"S",415,"F","S415F",-0.0745849500087934
"S",415,"G","S415G",-0.0926002007061957
"S",415,"H","S415H",0.335214738509377
"S",415,"I","S415I",0.293860082522263
"S",415,"K","S415K",0.601605473878618
"S",415,"L","S415L",0.579858149513127
"S",415,"M","S415M",0.679439863863723
"S",415,"N","S415N",0.578391888332554
"S",415,"P","S415P",0.899227685158726
"S",415,"Q","S415Q",-0.116947944100931
"S",415,"R","S415R",-0.475581615634849
"S",415,"T","S415T",1.10022386782967
"S",415,"V","S415V",0.379892076615298
"S",415,"W","S415W",0.000779082647195305
"S",415,"Y","S415Y",-0.0747090755812075
"R",416,"A","R416A",1.15223053379308
"R",416,"C","R416C",1.22155605233092
"R",416,"D","R416D",0.0154221587273177
"R",416,"E","R416E",0.294825777293332
"R",416,"F","R416F",0.458807374176431
"R",416,"G","R416G",0.394357336897111
"R",416,"H","R416H",0.0750104742195894
"R",416,"I","R416I",0.656906850879651
"R",416,"K","R416K",-0.488535258864226
"R",416,"L","R416L",-1.06002196157894
"R",416,"M","R416M",0.418946810657273
"R",416,"N","R416N",0.254344484619738
"R",416,"P","R416P",0.562417364408879
"R",416,"Q","R416Q",-1.10159252900582
"R",416,"S","R416S",-0.22353983594357
"R",416,"T","R416T",0.0084565360798917
"R",416,"V","R416V",0.697741404402362
"R",416,"W","R416W",2.39073895133929
"R",416,"Y","R416Y",-0.835012841603281
"W",417,"A","W417A",-0.109569780043438
"W",417,"C","W417C",0.919750868339254
"W",417,"D","W417D",0.0287483545242518
"W",417,"E","W417E",1.42489198975664
"W",417,"F","W417F",0.829287774078162
"W",417,"G","W417G",-0.0324824442693162
"W",417,"H","W417H",0.0437350415490354
"W",417,"I","W417I",0.310348565487562
"W",417,"K","W417K",-0.604570341517354
"W",417,"L","W417L",-0.81081709213746
"W",417,"M","W417M",0.477017210231169
"W",417,"N","W417N",0.287351571169087
"W",417,"P","W417P",0.277895315600743
"W",417,"Q","W417Q",0.30305811143282
"W",417,"R","W417R",-0.173681993630209
"W",417,"S","W417S",0.312864431351751
"W",417,"T","W417T",0.952686264360132
"W",417,"V","W417V",0.59778666559583
"W",417,"Y","W417Y",0.327474855873009
"Q",418,"A","Q418A",0.198657893671126
"Q",418,"C","Q418C",-0.128843614868073
"Q",418,"D","Q418D",0.682171596188583
"Q",418,"E","Q418E",0.58555111298222
"Q",418,"F","Q418F",-0.457347917423649
"Q",418,"G","Q418G",1.02249149589464
"Q",418,"H","Q418H",-0.393127249649554
"Q",418,"I","Q418I",0.63421507094053
"Q",418,"K","Q418K",0.450532122106263
"Q",418,"L","Q418L",0.333689788700802
"Q",418,"M","Q418M",0.0386189622912171
"Q",418,"N","Q418N",0.667475993944882
"Q",418,"P","Q418P",0.693636512058352
"Q",418,"R","Q418R",0.0163422462301319
"Q",418,"S","Q418S",1.0467990905295
"Q",418,"T","Q418T",0.52769277073312
"Q",418,"V","Q418V",1.90254777493392
"Q",418,"W","Q418W",1.1203192982778
"Q",418,"Y","Q418Y",0.0162651800462708
"Q",419,"A","Q419A",0.170461949529483
"Q",419,"C","Q419C",0.0218340164126459
"Q",419,"D","Q419D",0.782995333783727
"Q",419,"E","Q419E",0.510770634929565
"Q",419,"F","Q419F",0.834983454636213
"Q",419,"G","Q419G",0.459003577945391
"Q",419,"H","Q419H",0.0476657187307567
"Q",419,"I","Q419I",-0.80451891832456
"Q",419,"K","Q419K",1.01189529044126
"Q",419,"L","Q419L",1.01449678520301
"Q",419,"M","Q419M",0.630494111624549
"Q",419,"N","Q419N",0.121717375591694
"Q",419,"P","Q419P",0.246813652994013
"Q",419,"R","Q419R",0.293414779820462
"Q",419,"S","Q419S",-0.140771478825818
"Q",419,"T","Q419T",0.459158461396273
"Q",419,"V","Q419V",-0.0802249094423054
"Q",419,"W","Q419W",1.35714826395777
"Q",419,"Y","Q419Y",-0.515163441647239
"G",420,"A","G420A",0.988549063681312
"G",420,"C","G420C",0.273200201285086
"G",420,"D","G420D",1.05893988711808
"G",420,"E","G420E",0.152382570796263
"G",420,"F","G420F",-1.20212504487243
"G",420,"H","G420H",-0.799386214148716
"G",420,"I","G420I",0.4442528566227
"G",420,"K","G420K",-0.00142939990682768
"G",420,"L","G420L",-0.177159761915646
"G",420,"M","G420M",0.0905811539000064
"G",420,"N","G420N",1.09027130149578
"G",420,"P","G420P",0.506551376610576
"G",420,"Q","G420Q",0.684455565500589
"G",420,"R","G420R",0.999527564216757
"G",420,"S","G420S",-0.721392111442061
"G",420,"T","G420T",-0.178447649566769
"G",420,"V","G420V",1.9631666829471
"G",420,"W","G420W",0.283683715451673
"G",420,"Y","G420Y",0.956111399916703
"N",421,"A","N421A",0.0495631906255556
"N",421,"C","N421C",0.077299766511039
"N",421,"D","N421D",0.113469594745413
"N",421,"E","N421E",-0.683737893902876
"N",421,"F","N421F",0.0154911834998264
"N",421,"G","N421G",-0.00554313768971766
"N",421,"H","N421H",0.515106023191728
"N",421,"I","N421I",-2.03551640753853
"N",421,"K","N421K",0.338864713874831
"N",421,"L","N421L",0.446597553504407
"N",421,"M","N421M",0.546614282143175
"N",421,"P","N421P",-0.471691703281299
"N",421,"Q","N421Q",-0.135735557586529
"N",421,"R","N421R",0.599888132422723
"N",421,"S","N421S",-0.537770167006724
"N",421,"T","N421T",0.254850450603454
"N",421,"V","N421V",0.570492284980905
"N",421,"W","N421W",-0.266401970230048
"N",421,"Y","N421Y",0.546853332035366
"V",422,"A","V422A",0.620896887883375
"V",422,"C","V422C",0.00427502983430979
"V",422,"D","V422D",0.00692765717113745
"V",422,"E","V422E",0.865499553722034
"V",422,"F","V422F",0.117769916478977
"V",422,"G","V422G",1.24239235311117
"V",422,"H","V422H",0.523799389094703
"V",422,"I","V422I",-0.330254455914341
"V",422,"K","V422K",0.296057318570034
"V",422,"L","V422L",0.309520873387964
"V",422,"M","V422M",0.907148641805562
"V",422,"N","V422N",1.21016972416039
"V",422,"P","V422P",1.0297000753638
"V",422,"Q","V422Q",1.65578486502452
"V",422,"R","V422R",0.0471206050852449
"V",422,"S","V422S",-0.754506840873932
"V",422,"T","V422T",-0.419158702781547
"V",422,"W","V422W",0.480485189936804
"V",422,"Y","V422Y",1.16085734454698
"F",423,"A","F423A",0.128859671431853
"F",423,"C","F423C",-0.447664548225453
"F",423,"D","F423D",-0.205326700527616
"F",423,"E","F423E",0.320764814163505
"F",423,"G","F423G",0.20691315974553
"F",423,"H","F423H",0.358771265485933
"F",423,"I","F423I",-2.62115638863418
"F",423,"K","F423K",0.286800715892772
"F",423,"L","F423L",-0.48818741231017
"F",423,"M","F423M",0.349881151236655
"F",423,"N","F423N",-0.473266589335463
"F",423,"P","F423P",-0.827013694411992
"F",423,"Q","F423Q",0.821083440081025
"F",423,"R","F423R",-1.63114048633695
"F",423,"S","F423S",-0.559080603138498
"F",423,"T","F423T",0.164769421625114
"F",423,"V","F423V",0.907944933218352
"F",423,"W","F423W",-0.157471086747841
"F",423,"Y","F423Y",0.82675641509401
"S",424,"A","S424A",0.462367230213914
"S",424,"C","S424C",0.133632783697985
"S",424,"D","S424D",1.27079310256568
"S",424,"E","S424E",-0.359394921153087
"S",424,"F","S424F",0.0335043915850159
"S",424,"G","S424G",-0.273153460912013
"S",424,"H","S424H",0.184456390321421
"S",424,"I","S424I",-0.0471487923415353
"S",424,"K","S424K",0.944512152646185
"S",424,"L","S424L",0.488603317429792
"S",424,"M","S424M",-0.325600682000269
"S",424,"N","S424N",0.502008916241994
"S",424,"P","S424P",0.327394179674931
"S",424,"Q","S424Q",0.135095520788187
"S",424,"R","S424R",0.677396622968216
"S",424,"T","S424T",-0.341404964987835
"S",424,"V","S424V",1.31656381209838
"S",424,"W","S424W",-1.67444015717655
"S",424,"Y","S424Y",-0.0641863718462741
"C",425,"A","C425A",1.2059748590938
"C",425,"D","C425D",0.0392802432873131
"C",425,"E","C425E",-1.49587052528669
"C",425,"F","C425F",-1.52113790528594
"C",425,"G","C425G",3.85056391420826
"C",425,"H","C425H",-1.97731503402419
"C",425,"I","C425I",0.245672779277311
"C",425,"K","C425K",-1.72507589882826
"C",425,"L","C425L",1.01829763899577
"C",425,"M","C425M",0.232512399117151
"C",425,"N","C425N",-3.36016898453981
"C",425,"P","C425P",-0.440127981624558
"C",425,"Q","C425Q",0.429439212965108
"C",425,"R","C425R",-0.814168245590823
"C",425,"S","C425S",-1.48245415598348
"C",425,"T","C425T",1.36418942448569
"C",425,"V","C425V",1.60554097425685
"C",425,"W","C425W",0.0621491186165708
"C",425,"Y","C425Y",-1.98556689605774
"S",426,"A","S426A",-1.9636257347937
"S",426,"C","S426C",-0.0664782540952775
"S",426,"D","S426D",-1.27917654151467
"S",426,"E","S426E",-1.19447310281018
"S",426,"F","S426F",1.11590265607221
"S",426,"G","S426G",0.535784075153265
"S",426,"H","S426H",0.904190280915575
"S",426,"I","S426I",1.47621560976193
"S",426,"K","S426K",0.855823782102012
"S",426,"L","S426L",0.88750663367359
"S",426,"M","S426M",0.973958650236932
"S",426,"N","S426N",1.49036739523856
"S",426,"P","S426P",-0.234644231142226
"S",426,"Q","S426Q",-0.964392317504245
"S",426,"R","S426R",0.971451257128126
"S",426,"T","S426T",1.16068590901503
"S",426,"V","S426V",-0.108424865855424
"S",426,"W","S426W",0.00276544322069126
"S",426,"Y","S426Y",-0.244573052064427
"V",427,"A","V427A",-1.18045642875333
"V",427,"C","V427C",0.641840341891058
"V",427,"D","V427D",-0.402053817540042
"V",427,"E","V427E",-0.327066444334748
"V",427,"F","V427F",-2.38272180305202
"V",427,"G","V427G",-0.353680977492788
"V",427,"H","V427H",-0.298713726408739
"V",427,"I","V427I",0.240240950328391
"V",427,"K","V427K",0.060634018940335
"V",427,"L","V427L",-0.116950366877171
"V",427,"M","V427M",-0.252359278903946
"V",427,"N","V427N",0.846274020877466
"V",427,"P","V427P",-0.388188882739896
"V",427,"Q","V427Q",0.214994515238317
"V",427,"R","V427R",0.39686970471874
"V",427,"S","V427S",-1.07948080811393
"V",427,"T","V427T",-4.6645322985017
"V",427,"W","V427W",-0.870357460465279
"V",427,"Y","V427Y",-0.00722940196339909
"M",428,"A","M428A",-0.251879874852448
"M",428,"C","M428C",-0.0476930154533382
"M",428,"D","M428D",-0.658565666018016
"M",428,"E","M428E",-1.33264800605554
"M",428,"F","M428F",0.687957640611289
"M",428,"G","M428G",0.478569776341855
"M",428,"H","M428H",-0.695404868204755
"M",428,"I","M428I",-0.649936306174257
"M",428,"K","M428K",-1.42060514458961
"M",428,"L","M428L",-0.417092155287542
"M",428,"N","M428N",1.02147756968089
"M",428,"P","M428P",1.12066320054889
"M",428,"Q","M428Q",-0.207196331788165
"M",428,"R","M428R",-1.59594891919587
"M",428,"S","M428S",0.202957999688986
"M",428,"T","M428T",0.161106011810568
"M",428,"V","M428V",-0.301996069869575
"M",428,"W","M428W",-1.04659234007954
"M",428,"Y","M428Y",1.44980514344714
"H",429,"A","H429A",-0.384254886036313
"H",429,"C","H429C",-0.759136921491341
"H",429,"D","H429D",-0.0648412412751286
"H",429,"E","H429E",1.98143693204568
"H",429,"F","H429F",-0.0706378493746226
"H",429,"G","H429G",-0.00345594963220005
"H",429,"I","H429I",1.502265094575
"H",429,"K","H429K",1.54612923617646
"H",429,"L","H429L",-2.01420640756125
"H",429,"M","H429M",-0.612118703982761
"H",429,"N","H429N",-0.26902953143615
"H",429,"P","H429P",2.41040673917306
"H",429,"Q","H429Q",0.501357694038692
"H",429,"R","H429R",-1.80434578422172
"H",429,"S","H429S",-0.563365927262545
"H",429,"T","H429T",0.490654830060492
"H",429,"V","H429V",2.1372086876547
"H",429,"W","H429W",-0.330932918161774
"H",429,"Y","H429Y",0.655094917805734
"E",430,"A","E430A",-0.690659727919093
"E",430,"C","E430C",0.439793566765898
"E",430,"D","E430D",-0.918119788889772
"E",430,"F","E430F",0.848145523564393
"E",430,"G","E430G",-0.395140152172648
"E",430,"H","E430H",1.00883207908977
"E",430,"I","E430I",-0.518103583887061
"E",430,"K","E430K",1.11991824749803
"E",430,"L","E430L",1.95408140354808
"E",430,"M","E430M",-1.30903714245502
"E",430,"N","E430N",-0.566895315554858
"E",430,"P","E430P",-0.871718203408608
"E",430,"Q","E430Q",0.207353711281919
"E",430,"R","E430R",1.02484510868679
"E",430,"S","E430S",0.0463960168452324
"E",430,"T","E430T",0.708507114337753
"E",430,"V","E430V",0.323361595176959
"E",430,"W","E430W",-0.398595991328131
"E",430,"Y","E430Y",0.30427358821855
"L",432,"A","L432A",1.20071332766463
"L",432,"C","L432C",0.0224457640727136
"L",432,"D","L432D",0.253873563539414
"L",432,"E","L432E",0.398913304464922
"L",432,"F","L432F",-0.334394529993271
"L",432,"G","L432G",0.803756647021894
"L",432,"H","L432H",0.708752224133653
"L",432,"I","L432I",0.338244621961824
"L",432,"K","L432K",0.448478395851607
"L",432,"M","L432M",1.326192434566
"L",432,"N","L432N",0.819776085894476
"L",432,"P","L432P",0.0277666923688752
"L",432,"Q","L432Q",-0.131418111366402
"L",432,"R","L432R",0.577422247260759
"L",432,"S","L432S",-0.310446930364072
"L",432,"T","L432T",1.01895305214479
"L",432,"V","L432V",1.01993637511769
"L",432,"W","L432W",0.443682436394668
"L",432,"Y","L432Y",0.224420067773358
"H",433,"A","H433A",-0.271668432659427
"H",433,"C","H433C",0.605694934117846
"H",433,"D","H433D",0.188657677158878
"H",433,"E","H433E",-0.0807510922550546
"H",433,"F","H433F",0.738478965685639
"H",433,"G","H433G",0.180113602016754
"H",433,"I","H433I",0.189754379841144
"H",433,"K","H433K",0.0881450540132557
"H",433,"L","H433L",-0.876804024252018
"H",433,"M","H433M",-0.225449078282582
"H",433,"N","H433N",0.452297588583613
"H",433,"P","H433P",1.03320681867978
"H",433,"Q","H433Q",-0.325046318226846
"H",433,"R","H433R",-0.000354644432849095
"H",433,"S","H433S",-0.068490428482801
"H",433,"T","H433T",-1.03285679479231
"H",433,"V","H433V",0.615446764056509
"H",433,"W","H433W",0.460177756255378
"H",433,"Y","H433Y",1.54219232589024
"N",434,"A","N434A",0.945923678583137
"N",434,"C","N434C",0.0885800898410483
"N",434,"D","N434D",-0.158826680444765
"N",434,"E","N434E",0.117790220864325
"N",434,"F","N434F",-0.167458081747993
"N",434,"G","N434G",0.531319319888402
"N",434,"H","N434H",0.0528120230263695
"N",434,"I","N434I",0.00203228044223923
"N",434,"K","N434K",1.51135227257154
"N",434,"L","N434L",-0.188337573089132
"N",434,"P","N434P",0.543111615305689
"N",434,"Q","N434Q",0.732232301871224
"N",434,"R","N434R",1.02305342468843
"N",434,"S","N434S",-3.35852819209251
"N",434,"T","N434T",0.691491366261631
"N",434,"W","N434W",-0.00922330819051495
"N",434,"Y","N434Y",-0.185408410951175
"H",435,"A","H435A",0.11420136997671
"H",435,"C","H435C",-0.260495543160383
"H",435,"D","H435D",-0.656673837189691
"H",435,"E","H435E",-0.696140474216993
"H",435,"F","H435F",0.668381824734206
"H",435,"G","H435G",-0.449416578637352
"H",435,"I","H435I",0.201431608928376
"H",435,"K","H435K",1.01422974013255
"H",435,"L","H435L",0.3760912499692
"H",435,"M","H435M",0.602638572311842
"H",435,"N","H435N",-0.227491604566551
"H",435,"P","H435P",0.296262422384909
"H",435,"Q","H435Q",-0.0136160817183885
"H",435,"R","H435R",0.619270318692483
"H",435,"S","H435S",-0.0147963716828809
"H",435,"T","H435T",-0.695290638891891
"H",435,"V","H435V",-1.44617040487613
"H",435,"W","H435W",0.151167800760934
"H",435,"Y","H435Y",0.392332811532777
"Y",436,"A","Y436A",0.047228378818525
"Y",436,"C","Y436C",-0.465702509656725
"Y",436,"D","Y436D",1.00132297210049
"Y",436,"E","Y436E",0.103424033961062
"Y",436,"F","Y436F",1.01895618404888
"Y",436,"G","Y436G",1.41671991047669
"Y",436,"H","Y436H",0.210189290816645
"Y",436,"I","Y436I",0.210015469473435
"Y",436,"K","Y436K",0.491029709733875
"Y",436,"L","Y436L",1.12739449383025
"Y",436,"M","Y436M",-1.98374154925982
"Y",436,"N","Y436N",-0.581125177451547
"Y",436,"P","Y436P",-2.50839757894594
"Y",436,"Q","Y436Q",1.13785795589969
"Y",436,"R","Y436R",0.0909919349627259
"Y",436,"S","Y436S",0.0908449369439501
"Y",436,"T","Y436T",0.446204570696267
"Y",436,"V","Y436V",0.0949743946571736
"Y",436,"W","Y436W",0.459212761002457
"T",437,"A","T437A",-0.162090749955895
"T",437,"C","T437C",-0.589534759822093
"T",437,"D","T437D",-0.140837927374397
"T",437,"E","T437E",-0.0148660882491725
"T",437,"F","T437F",-0.719234971133961
"T",437,"G","T437G",0.336334392869712
"T",437,"H","T437H",0.755635702924658
"T",437,"I","T437I",0.460917384875663
"T",437,"K","T437K",0.53115089204921
"T",437,"L","T437L",-0.135415595668086
"T",437,"M","T437M",0.899908781060232
"T",437,"N","T437N",0.941930930771399
"T",437,"P","T437P",0.290590568030675
"T",437,"Q","T437Q",-0.585246372327739
"T",437,"R","T437R",0.046816849312485
"T",437,"S","T437S",-0.187157743920111
"T",437,"V","T437V",-0.862799604377982
"T",437,"W","T437W",0.563125963126387
"T",437,"Y","T437Y",0.196415581133495
"Q",438,"A","Q438A",0.749825562025005
"Q",438,"C","Q438C",-0.713419603489226
"Q",438,"D","Q438D",0.595323405708418
"Q",438,"E","Q438E",0.129542177053406
"Q",438,"F","Q438F",1.09252439337001
"Q",438,"G","Q438G",-1.37059333922669
"Q",438,"H","Q438H",0.183764952272424
"Q",438,"I","Q438I",-0.280486971024775
"Q",438,"K","Q438K",0.0946237001265251
"Q",438,"L","Q438L",-0.636507267651638
"Q",438,"M","Q438M",0.560141899019319
"Q",438,"N","Q438N",0.18262656175695
"Q",438,"P","Q438P",-0.473239066583966
"Q",438,"R","Q438R",-0.845502201740701
"Q",438,"S","Q438S",-0.13548510530649
"Q",438,"T","Q438T",1.08306846595168
"Q",438,"V","Q438V",0.036587032418831
"Q",438,"W","Q438W",-0.171343014652608
"Q",438,"Y","Q438Y",0.588932935605027
"K",439,"A","K439A",0.612331758758647
"K",439,"C","K439C",-0.0581384597279524
"K",439,"D","K439D",0.463409626831813
"K",439,"E","K439E",-0.734110549957176
"K",439,"F","K439F",0.0357327360565007
"K",439,"G","K439G",0.333127359956414
"K",439,"H","K439H",0.204155612333726
"K",439,"I","K439I",-0.0715701730798278
"K",439,"L","K439L",0.824791354853022
"K",439,"M","K439M",0.605893651215738
"K",439,"N","K439N",0.457147481243167
"K",439,"P","K439P",-0.242895663582247
"K",439,"Q","K439Q",-0.403453307338102
"K",439,"R","K439R",-1.46127873463195
"K",439,"S","K439S",0.33855914281571
"K",439,"T","K439T",0.240213126978298
"K",439,"V","K439V",-0.225536361231877
"K",439,"W","K439W",0.570299260310389
"K",439,"Y","K439Y",-2.44795084257453
"S",440,"A","S440A",1.06822688880472
"S",440,"C","S440C",-0.296788402827931
"S",440,"D","S440D",0.23430136485816
"S",440,"E","S440E",1.18769546525083
"S",440,"F","S440F",0.667844128397719
"S",440,"G","S440G",0.292241845554741
"S",440,"H","S440H",-0.520632642563613
"S",440,"I","S440I",-0.438650969555784
"S",440,"K","S440K",0.781899406027779
"S",440,"L","S440L",0.150519080374142
"S",440,"M","S440M",0.379046855871627
"S",440,"N","S440N",-1.3739375485591
"S",440,"P","S440P",0.454555335089941
"S",440,"Q","S440Q",0.113159514261459
"S",440,"R","S440R",0.461536469970978
"S",440,"T","S440T",0.546576469370518
"S",440,"V","S440V",1.42618568302354
"S",440,"W","S440W",0.00803576964016899
"S",440,"Y","S440Y",-0.283923554735092
"L",441,"A","L441A",0.351525368501999
"L",441,"C","L441C",1.27914713751632
"L",441,"D","L441D",0.927349672683002
"L",441,"E","L441E",0.845317829105938
"L",441,"F","L441F",0.529663845950168
"L",441,"G","L441G",0.645153509383189
"L",441,"H","L441H",0.327246080125804
"L",441,"I","L441I",0.222645642333466
"L",441,"K","L441K",-0.518592314051692
"L",441,"M","L441M",0.510661222974981
"L",441,"N","L441N",0.833064722992021
"L",441,"P","L441P",-0.993925646299469
"L",441,"Q","L441Q",-0.310672457908012
"L",441,"R","L441R",1.30852728007725
"L",441,"S","L441S",1.11159678552049
"L",441,"T","L441T",-1.19212018285896
"L",441,"V","L441V",-0.894732949836486
"L",441,"W","L441W",0.435837664419447
"L",441,"Y","L441Y",1.11900026521142
"S",442,"A","S442A",0.544114457773566
"S",442,"C","S442C",0.321435553179255
"S",442,"D","S442D",0.795676919017131
"S",442,"E","S442E",0.543249365728804
"S",442,"F","S442F",-0.993148357972055
"S",442,"G","S442G",-0.215869517228241
"S",442,"H","S442H",1.29523702947738
"S",442,"I","S442I",1.21731928409131
"S",442,"K","S442K",0.612642448563773
"S",442,"L","S442L",0.532207702651979
"S",442,"M","S442M",-0.0122351166261991
"S",442,"N","S442N",1.35217242948968
"S",442,"P","S442P",-1.13246449800886
"S",442,"Q","S442Q",-0.63525655246381
"S",442,"R","S442R",0.771087053542679
"S",442,"T","S442T",0.782199627528653
"S",442,"V","S442V",0.226673790150546
"S",442,"W","S442W",0.515713756733234
"S",442,"Y","S442Y",1.7678436607039
"L",443,"A","L443A",-0.0114775784951036
"L",443,"C","L443C",-0.319488698242348
"L",443,"D","L443D",-1.06610467255714
"L",443,"E","L443E",-0.0824161976903372
"L",443,"F","L443F",0.234700136335793
"L",443,"G","L443G",-2.87456910112821
"L",443,"H","L443H",0.0529476192675941
"L",443,"I","L443I",1.28739370842288
"L",443,"K","L443K",0.34512355755309
"L",443,"M","L443M",0.720150118756223
"L",443,"N","L443N",0.591134319244499
"L",443,"P","L443P",0.00981268427886307
"L",443,"Q","L443Q",0.317212538104756
"L",443,"R","L443R",-0.220581720825644
"L",443,"S","L443S",0.760319317664936
"L",443,"T","L443T",0.00737103342489984
"L",443,"V","L443V",-0.033688172444687
"L",443,"W","L443W",0.127685877744598
"L",443,"Y","L443Y",-0.0854442472775273
"S",444,"A","S444A",1.1917489741666
"S",444,"C","S444C",0.236851327054446
"S",444,"D","S444D",0.677708443376576
"S",444,"E","S444E",1.05512432078265
"S",444,"F","S444F",-0.0392626876195848
"S",444,"G","S444G",1.19030084983661
"S",444,"H","S444H",0.0604528662833984
"S",444,"I","S444I",1.15173640691849
"S",444,"K","S444K",0.0165507827744206
"S",444,"L","S444L",0.913735067895349
"S",444,"M","S444M",0.487806683526424
"S",444,"N","S444N",0.587858207277012
"S",444,"P","S444P",0.330514854422369
"S",444,"Q","S444Q",0.574101830161603
"S",444,"R","S444R",0.220833868556787
"S",444,"T","S444T",0.541592874461614
"S",444,"V","S444V",0.19285522805454
"S",444,"W","S444W",0.358162714210384
"S",444,"Y","S444Y",0.200484069918637
"P",445,"A","P445A",0.619797069581834
"P",445,"C","P445C",0.0842873264273218
"P",445,"D","P445D",1.17859794423122
"P",445,"E","P445E",1.23812191583687
"P",445,"F","P445F",-0.118922479765923
"P",445,"G","P445G",1.40349464848816
"P",445,"H","P445H",0.325955282982464
"P",445,"I","P445I",0.389455410218578
"P",445,"K","P445K",0.220014710522504
"P",445,"L","P445L",-0.338517166441837
"P",445,"M","P445M",-0.286666080411352
"P",445,"N","P445N",-1.01226437058163
"P",445,"Q","P445Q",-0.0841875494948898
"P",445,"R","P445R",1.00371473327299
"P",445,"S","P445S",-0.0149557803210029
"P",445,"V","P445V",0.923653140430924
"P",445,"W","P445W",0.561244658885988
"P",445,"Y","P445Y",1.86318421121657
"G",446,"A","G446A",0.112346297358403
"G",446,"C","G446C",0.640100972755018
"G",446,"D","G446D",0.440709224320929
"G",446,"E","G446E",-0.891707225295233
"G",446,"F","G446F",-0.0939730429018492
"G",446,"H","G446H",0.915485686654469
"G",446,"I","G446I",0.356764118284494
"G",446,"K","G446K",-0.259756339957648
"G",446,"L","G446L",-0.533965381741233
"G",446,"M","G446M",1.57832468036513
"G",446,"N","G446N",0.803648149931957
"G",446,"P","G446P",-0.827736135526811
"G",446,"Q","G446Q",0.501719789316856
"G",446,"R","G446R",0.620419013886922
"G",446,"S","G446S",0.0803220903034263
"G",446,"T","G446T",0.332054536935955
"G",446,"V","G446V",0.0528630948824781
"G",446,"W","G446W",-1.51486545880322
"G",446,"Y","G446Y",0.115295508895362
"K",447,"A","K447A",0.175529972168541
"K",447,"C","K447C",0.828135479141182
"K",447,"D","K447D",-1.09044232806114
"K",447,"E","K447E",0.808239776587757
"K",447,"F","K447F",-1.07975976769092
"K",447,"G","K447G",0.649408760139098
"K",447,"H","K447H",0.347478484143635
"K",447,"I","K447I",1.337678246759
"K",447,"L","K447L",0.683469401588669
"K",447,"M","K447M",0.840474233888958
"K",447,"N","K447N",0.339279862864784
"K",447,"P","K447P",0.506837084208266
"K",447,"Q","K447Q",-0.292953077447642
"K",447,"R","K447R",0.864525372781194
"K",447,"S","K447S",-0.59457140982995
"K",447,"T","K447T",1.01613028478188
"K",447,"V","K447V",1.25990107971168
"K",447,"W","K447W",1.07724888949299
"K",447,"Y","K447Y",0.820060855247244
