"wildtype","site","mutation","name","scaledscore"
"E",216,"A","E216A",0.185934929362666
"E",216,"C","E216C",-0.367959836580053
"E",216,"D","E216D",0.961636570782844
"E",216,"F","E216F",1.32074722718367
"E",216,"G","E216G",0.770016880572097
"E",216,"H","E216H",-0.282879659102774
"E",216,"I","E216I",-0.913762419062586
"E",216,"K","E216K",0.252673418605878
"E",216,"L","E216L",1.24131674637402
"E",216,"M","E216M",-0.614018426715206
"E",216,"N","E216N",-0.885400712982657
"E",216,"P","E216P",0.116017346971559
"E",216,"Q","E216Q",-0.413228996978976
"E",216,"R","E216R",-0.347076492477075
"E",216,"S","E216S",0.906846668538232
"E",216,"T","E216T",-0.620315694669465
"E",216,"V","E216V",0.026733831538149
"E",216,"W","E216W",0.824389863801983
"E",216,"Y","E216Y",-0.635575688248798
"P",217,"A","P217A",0.050409123218055
"P",217,"C","P217C",0.146651136336829
"P",217,"D","P217D",0.610582154329363
"P",217,"E","P217E",-0.0954281346273963
"P",217,"F","P217F",0.496934194422787
"P",217,"G","P217G",1.00596824987134
"P",217,"H","P217H",-0.414557611343212
"P",217,"I","P217I",-1.34663857360301
"P",217,"K","P217K",-0.484314887085382
"P",217,"L","P217L",-0.497931274388362
"P",217,"M","P217M",0.125199688826739
"P",217,"N","P217N",1.1326820464429
"P",217,"Q","P217Q",0.642443788860163
"P",217,"R","P217R",-0.85241646671777
"P",217,"S","P217S",1.40719381183801
"P",217,"T","P217T",0.242557750924081
"P",217,"V","P217V",-0.206019118762452
"P",217,"W","P217W",-0.298076711486399
"P",217,"Y","P217Y",0.71770767941322
"K",218,"A","K218A",-0.839278023022131
"K",218,"C","K218C",0.195858139495467
"K",218,"D","K218D",0.241073094336756
"K",218,"E","K218E",0.392666362806797
"K",218,"F","K218F",0.982963744911914
"K",218,"G","K218G",-0.658628269329967
"K",218,"H","K218H",2.66093028782235
"K",218,"I","K218I",0.153594071101542
"K",218,"L","K218L",0.108024977543419
"K",218,"M","K218M",-0.782417122725385
"K",218,"N","K218N",-0.233553639273029
"K",218,"P","K218P",-0.962961138164316
"K",218,"Q","K218Q",0.114461563091485
"K",218,"R","K218R",0.433012034830223
"K",218,"S","K218S",1.36300613499508
"K",218,"T","K218T",0.409172555849438
"K",218,"V","K218V",-0.07614803742316
"K",218,"W","K218W",-0.129248809179344
"K",218,"Y","K218Y",-1.51695812764149
"S",219,"A","S219A",-0.141914337452086
"S",219,"C","S219C",0.424208584062425
"S",219,"D","S219D",0.442144734252285
"S",219,"E","S219E",0.0080558404757252
"S",219,"F","S219F",-0.51982568340528
"S",219,"G","S219G",-0.522035148448418
"S",219,"H","S219H",-0.579154053031571
"S",219,"I","S219I",-0.299103840933178
"S",219,"K","S219K",0.645922941453271
"S",219,"L","S219L",-0.607713210065109
"S",219,"M","S219M",0.0535991518045616
"S",219,"N","S219N",0.0431814022927513
"S",219,"P","S219P",-0.737479900247061
"S",219,"Q","S219Q",1.20069866529517
"S",219,"R","S219R",1.40831580721944
"S",219,"T","S219T",-0.0332056984556288
"S",219,"V","S219V",-0.722887984197971
"S",219,"W","S219W",0.420959190176015
"S",219,"Y","S219Y",0.0336908480304644
"C",220,"A","C220A",1.03116861702419
"C",220,"D","C220D",0.527967271569847
"C",220,"E","C220E",-0.054142411701981
"C",220,"F","C220F",-0.183123450854444
"C",220,"G","C220G",0.366975237087863
"C",220,"H","C220H",0.104919488582231
"C",220,"I","C220I",1.46908399757421
"C",220,"K","C220K",0.542790833302739
"C",220,"L","C220L",-0.228340023618635
"C",220,"M","C220M",0.800915667745981
"C",220,"N","C220N",-1.1322241272187
"C",220,"P","C220P",0.66190360109898
"C",220,"Q","C220Q",0.2804780233156
"C",220,"R","C220R",0.0966688540939461
"C",220,"S","C220S",0.508895633563616
"C",220,"T","C220T",-1.88208110438449
"C",220,"V","C220V",-0.0154408573344318
"C",220,"W","C220W",-0.0387799149255059
"C",220,"Y","C220Y",0.0847719629189064
"D",221,"A","D221A",-0.143705408861951
"D",221,"C","D221C",0.178644233083173
"D",221,"E","D221E",-0.217510350894885
"D",221,"F","D221F",0.576294758859129
"D",221,"G","D221G",0.994561641516988
"D",221,"H","D221H",0.68414927482345
"D",221,"I","D221I",0.14297322221902
"D",221,"K","D221K",-0.0155659939121341
"D",221,"L","D221L",-0.952531814783568
"D",221,"M","D221M",-0.923371724322594
"D",221,"N","D221N",-0.265174000986973
"D",221,"P","D221P",-1.13600948638984
"D",221,"Q","D221Q",1.6778664684959
"D",221,"R","D221R",-0.173598464556809
"D",221,"S","D221S",0.329777086284201
"D",221,"T","D221T",-0.387759210789121
"D",221,"V","D221V",-1.19051474244915
"D",221,"W","D221W",-0.120628217714733
"D",221,"Y","D221Y",-0.794510223931578
"K",222,"A","K222A",-0.185377046748069
"K",222,"C","K222C",-0.56713735778822
"K",222,"D","K222D",0.358039018418003
"K",222,"E","K222E",0.782150759011184
"K",222,"F","K222F",-0.467646737973305
"K",222,"G","K222G",0.661591576995881
"K",222,"H","K222H",-0.0526787311578409
"K",222,"I","K222I",-0.227395580735074
"K",222,"L","K222L",2.44704486666786
"K",222,"M","K222M",-0.591883943659003
"K",222,"N","K222N",-0.122770553264768
"K",222,"P","K222P",-0.282681322205677
"K",222,"Q","K222Q",0.328279226591304
"K",222,"R","K222R",-0.39525533206217
"K",222,"S","K222S",-0.763336813496627
"K",222,"T","K222T",0.556199549059852
"K",222,"V","K222V",-1.09076162219121
"K",222,"W","K222W",0.305275828784269
"K",222,"Y","K222Y",-0.251953265535623
"T",223,"A","T223A",0.659173509329623
"T",223,"C","T223C",0.186131720820393
"T",223,"D","T223D",0.702355049449694
"T",223,"E","T223E",0.883344848003534
"T",223,"F","T223F",0.874363794349651
"T",223,"G","T223G",0.332854011619915
"T",223,"H","T223H",-0.706654153886529
"T",223,"I","T223I",-0.600494412817881
"T",223,"K","T223K",0.146588027495993
"T",223,"L","T223L",-0.0699688697885641
"T",223,"M","T223M",0.170064878803757
"T",223,"N","T223N",0.0373492974750532
"T",223,"P","T223P",0.0441164205348099
"T",223,"Q","T223Q",-0.207979367661207
"T",223,"R","T223R",-0.104267608344815
"T",223,"S","T223S",0.420361692777953
"T",223,"V","T223V",-0.127723077628536
"T",223,"W","T223W",-0.0234915314931619
"T",223,"Y","T223Y",-0.876914207664619
"H",224,"A","H224A",-0.299852626946782
"H",224,"C","H224C",0.685042006421512
"H",224,"D","H224D",0.247209324053847
"H",224,"E","H224E",0.810041995450594
"H",224,"F","H224F",0.645106744138945
"H",224,"G","H224G",-0.393305929975521
"H",224,"I","H224I",-0.751465001773908
"H",224,"K","H224K",1.26626589923708
"H",224,"L","H224L",0.652462335648826
"H",224,"M","H224M",0.258510011120522
"H",224,"N","H224N",0.912013469551686
"H",224,"P","H224P",0.474930581715798
"H",224,"Q","H224Q",-0.821151934925944
"H",224,"R","H224R",0.014923043224371
"H",224,"S","H224S",0.312737323694051
"H",224,"T","H224T",-0.219950377802471
"H",224,"V","H224V",-0.756978932588174
"H",224,"W","H224W",0.282818930982701
"H",224,"Y","H224Y",0.419203302006512
"T",225,"A","T225A",0.0124901554674239
"T",225,"C","T225C",-0.162599859066622
"T",225,"D","T225D",0.815118124827395
"T",225,"E","T225E",1.89945859402508
"T",225,"F","T225F",1.16105262242728
"T",225,"G","T225G",-1.97154116868128
"T",225,"H","T225H",0.377445502897714
"T",225,"I","T225I",-0.966410893601491
"T",225,"K","T225K",-0.488226283389931
"T",225,"L","T225L",-0.0512287390272369
"T",225,"M","T225M",0.0944082229092641
"T",225,"N","T225N",-0.0323471914758303
"T",225,"P","T225P",0.346515640117226
"T",225,"Q","T225Q",-1.58502536136605
"T",225,"S","T225S",0.801691803315118
"T",225,"V","T225V",-1.32699006784267
"T",225,"W","T225W",0.212951304235793
"T",225,"Y","T225Y",-0.188222892213674
"C",226,"A","C226A",0.843334953942239
"C",226,"D","C226D",-0.75984041605682
"C",226,"E","C226E",0.176238005930376
"C",226,"F","C226F",0.381941025949501
"C",226,"G","C226G",1.94636467037856
"C",226,"H","C226H",-0.243693453609541
"C",226,"I","C226I",0.592792341831904
"C",226,"K","C226K",0.905089609174366
"C",226,"L","C226L",0.0405291578664163
"C",226,"M","C226M",0.141166259428821
"C",226,"N","C226N",0.545171550945034
"C",226,"P","C226P",-0.0527566436953064
"C",226,"Q","C226Q",1.05038692621952
"C",226,"R","C226R",-0.0947194102191806
"C",226,"S","C226S",0.648382087167888
"C",226,"T","C226T",0.619553636214354
"C",226,"V","C226V",-0.024527950170836
"C",226,"W","C226W",-0.412921824859451
"C",226,"Y","C226Y",-1.25287327939219
"P",227,"A","P227A",0.378808622248252
"P",227,"C","P227C",0.959213058940743
"P",227,"D","P227D",0.926431692260482
"P",227,"E","P227E",0.429927065127615
"P",227,"F","P227F",0.158799249427917
"P",227,"G","P227G",0.0894957175024747
"P",227,"H","P227H",-0.0970197281227013
"P",227,"I","P227I",0.814454620382074
"P",227,"K","P227K",0.82352598344863
"P",227,"L","P227L",-0.541901829982299
"P",227,"M","P227M",-0.941814424715068
"P",227,"N","P227N",0.578537962308967
"P",227,"Q","P227Q",0.464547956557965
"P",227,"R","P227R",1.22955359819805
"P",227,"S","P227S",-0.143178493505327
"P",227,"T","P227T",0.679361372256778
"P",227,"V","P227V",-0.775248008241736
"P",227,"W","P227W",-0.375101646978082
"P",227,"Y","P227Y",-0.685971659102999
"P",228,"A","P228A",1.02630773774193
"P",228,"C","P228C",1.03844599290681
"P",228,"D","P228D",1.54789400119776
"P",228,"E","P228E",0.607671496481966
"P",228,"F","P228F",0.288781027599068
"P",228,"G","P228G",-0.477473123801822
"P",228,"H","P228H",0.947077643378476
"P",228,"I","P228I",-0.0106835930657248
"P",228,"K","P228K",0.855236471659335
"P",228,"L","P228L",1.21258259406997
"P",228,"M","P228M",-0.850816636721459
"P",228,"N","P228N",-0.681772685466347
"P",228,"Q","P228Q",-0.00769190288637206
"P",228,"R","P228R",0.473635460882622
"P",228,"S","P228S",0.528349244121016
"P",228,"T","P228T",-1.26733459086543
"P",228,"V","P228V",0.159616573220228
"P",228,"W","P228W",-0.145730091390762
"P",228,"Y","P228Y",0.0330881709941249
"C",229,"A","C229A",0.392715075204542
"C",229,"D","C229D",0.131948781353155
"C",229,"E","C229E",-0.348477999309676
"C",229,"F","C229F",-0.637937867342599
"C",229,"G","C229G",-0.127612931747278
"C",229,"H","C229H",0.13388217918166
"C",229,"I","C229I",-1.03496485884732
"C",229,"K","C229K",1.5191038590337
"C",229,"L","C229L",0.331405711601796
"C",229,"M","C229M",0.125237691803507
"C",229,"N","C229N",0.0291096817137343
"C",229,"P","C229P",0.543498828381169
"C",229,"Q","C229Q",0.147293451634561
"C",229,"R","C229R",-0.0874979504829025
"C",229,"S","C229S",-0.765215784665178
"C",229,"T","C229T",0.239223628655479
"C",229,"V","C229V",0.625038044371702
"C",229,"W","C229W",-0.0955516644268463
"C",229,"Y","C229Y",-0.791148230151129
"P",230,"A","P230A",-0.217799244391199
"P",230,"C","P230C",0.278495244721495
"P",230,"D","P230D",0.0113120560595426
"P",230,"E","P230E",0.415893996334965
"P",230,"F","P230F",-0.187894642068317
"P",230,"G","P230G",-0.179345606953679
"P",230,"H","P230H",0.265142666368213
"P",230,"I","P230I",-0.410316976171711
"P",230,"K","P230K",0.531411312143285
"P",230,"L","P230L",0.28944636564518
"P",230,"M","P230M",-0.109936663194171
"P",230,"N","P230N",0.851036090522889
"P",230,"Q","P230Q",-0.975212793378712
"P",230,"R","P230R",0.19821845557267
"P",230,"S","P230S",0.255222954901441
"P",230,"T","P230T",0.489358662810074
"P",230,"V","P230V",1.72912953639009
"P",230,"W","P230W",-0.96120590508018
"P",230,"Y","P230Y",0.364089092937525
"A",231,"C","A231C",0.375522308342893
"A",231,"D","A231D",2.05897055942357
"A",231,"E","A231E",0.173657234356319
"A",231,"F","A231F",1.02172605103506
"A",231,"G","A231G",0.504669134195066
"A",231,"H","A231H",-0.348408785300074
"A",231,"I","A231I",1.49472164166897
"A",231,"K","A231K",-0.0583456129957645
"A",231,"L","A231L",1.84703554722502
"A",231,"M","A231M",-0.133251272982976
"A",231,"N","A231N",0.521604462759073
"A",231,"P","A231P",0.438784853730413
"A",231,"Q","A231Q",0.409225095823218
"A",231,"R","A231R",-1.1567799597426
"A",231,"S","A231S",-0.0899301500077221
"A",231,"T","A231T",-0.162376662126735
"A",231,"V","A231V",-0.123415647091335
"A",231,"W","A231W",1.30216923308614
"A",231,"Y","A231Y",-1.42084598921304
"P",232,"A","P232A",0.843839743351543
"P",232,"C","P232C",0.42578596589149
"P",232,"D","P232D",-0.0574973920434847
"P",232,"E","P232E",-1.65474696513338
"P",232,"F","P232F",1.51842124364854
"P",232,"G","P232G",0.380808704952682
"P",232,"H","P232H",0.948805992755859
"P",232,"I","P232I",0.787485957231112
"P",232,"K","P232K",-2.72526681273511
"P",232,"L","P232L",0.938164702604668
"P",232,"M","P232M",0.553084403767462
"P",232,"N","P232N",0.0511023045181639
"P",232,"Q","P232Q",-0.898115381544576
"P",232,"R","P232R",-1.29913032445654
"P",232,"S","P232S",0.301769620380799
"P",232,"T","P232T",-0.585933822552081
"P",232,"V","P232V",1.25265461623108
"P",232,"W","P232W",1.72223086618608
"P",232,"Y","P232Y",0.956723764422104
"E",233,"A","E233A",-1.4648710589159
"E",233,"C","E233C",0.0819684628429853
"E",233,"D","E233D",0.586672575897606
"E",233,"F","E233F",0.220588799939793
"E",233,"G","E233G",-2.23164647383207
"E",233,"H","E233H",-1.12368623936059
"E",233,"I","E233I",-2.14013233860935
"E",233,"K","E233K",-2.22861308052282
"E",233,"L","E233L",-1.75794749754365
"E",233,"M","E233M",-1.74368531454768
"E",233,"N","E233N",-2.26064311944401
"E",233,"P","E233P",-1.83385027784738
"E",233,"Q","E233Q",-2.85896827392118
"E",233,"R","E233R",-0.812618740711664
"E",233,"S","E233S",-1.38614503257903
"E",233,"T","E233T",-1.27750948601252
"E",233,"V","E233V",-1.44858631098737
"E",233,"W","E233W",0.0588130179451557
"E",233,"Y","E233Y",-1.86878692426971
"L",234,"A","L234A",-1.02542972365899
"L",234,"C","L234C",-1.16065150506811
"L",234,"D","L234D",1.03781106101278
"L",234,"E","L234E",0.349045156194569
"L",234,"F","L234F",0.441596707812079
"L",234,"G","L234G",-1.26856147254606
"L",234,"H","L234H",-1.37488239315708
"L",234,"I","L234I",-1.19488878272154
"L",234,"K","L234K",-3.63251999495375
"L",234,"M","L234M",0.0979910269876959
"L",234,"N","L234N",-1.60604705295905
"L",234,"P","L234P",-0.753328149220047
"L",234,"Q","L234Q",1.02659272329929
"L",234,"R","L234R",-0.0903393217210728
"L",234,"S","L234S",-0.358112027228901
"L",234,"T","L234T",-1.11255787673018
"L",234,"W","L234W",-0.857484612135707
"L",234,"Y","L234Y",-1.3228749859116
"L",235,"A","L235A",1.04209450571671
"L",235,"C","L235C",0.737058193057283
"L",235,"D","L235D",0.768957616211187
"L",235,"E","L235E",0.164847684627304
"L",235,"F","L235F",3.19344181827807
"L",235,"G","L235G",-2.53215571568305
"L",235,"H","L235H",0.313056716208364
"L",235,"I","L235I",1.37222257157283
"L",235,"K","L235K",0.0536274548198586
"L",235,"M","L235M",0.353112348660321
"L",235,"N","L235N",-1.23329221030551
"L",235,"P","L235P",-0.573801679786396
"L",235,"Q","L235Q",-0.319870672186097
"L",235,"R","L235R",-1.39018391837769
"L",235,"S","L235S",-1.36564991171826
"L",235,"T","L235T",-1.69012415215362
"L",235,"V","L235V",0.109517058437565
"L",235,"W","L235W",1.44115763583594
"L",235,"Y","L235Y",3.66182621138202
"G",236,"A","G236A",-0.00606245532670382
"G",236,"C","G236C",-1.38645603720274
"G",236,"D","G236D",1.80080649432301
"G",236,"E","G236E",0.00505342869195855
"G",236,"F","G236F",-3.11749240084611
"G",236,"H","G236H",-1.24648371489934
"G",236,"I","G236I",0.579723274352088
"G",236,"K","G236K",-1.37745294456572
"G",236,"L","G236L",-0.0423215945401043
"G",236,"M","G236M",-1.84590194203659
"G",236,"N","G236N",-0.597436316163265
"G",236,"P","G236P",-2.45551478951653
"G",236,"Q","G236Q",-1.47534706805816
"G",236,"R","G236R",-0.83189566195334
"G",236,"S","G236S",1.49815738449881
"G",236,"T","G236T",0.16194428577024
"G",236,"V","G236V",0.881472435694568
"G",236,"W","G236W",-3.21437555219301
"G",236,"Y","G236Y",-1.28041716528415
"G",237,"A","G237A",2.01208079784649
"G",237,"C","G237C",-1.39013263185687
"G",237,"D","G237D",2.57663605546609
"G",237,"E","G237E",1.85602133183395
"G",237,"F","G237F",0.40750870425722
"G",237,"H","G237H",-1.82959096991048
"G",237,"I","G237I",-0.904206047704942
"G",237,"K","G237K",2.1920172728962
"G",237,"L","G237L",1.10940956500367
"G",237,"M","G237M",1.00680276498031
"G",237,"N","G237N",2.60357307669678
"G",237,"P","G237P",-1.32024407892236
"G",237,"Q","G237Q",1.91169048789275
"G",237,"R","G237R",-0.860041374556688
"G",237,"S","G237S",0.0794087311355589
"G",237,"T","G237T",-0.810966414656241
"G",237,"V","G237V",0.167903619879181
"G",237,"W","G237W",3.53712280973898
"G",237,"Y","G237Y",2.20378537027018
"P",238,"A","P238A",0.569227456692803
"P",238,"C","P238C",-1.7543870168483
"P",238,"D","P238D",2.93446530978659
"P",238,"E","P238E",0.904091953259674
"P",238,"F","P238F",5.19171537227259
"P",238,"G","P238G",-1.59843741005778
"P",238,"H","P238H",3.10890309329364
"P",238,"I","P238I",0.105348340655768
"P",238,"K","P238K",-0.0127034042408484
"P",238,"L","P238L",1.4417304033947
"P",238,"M","P238M",3.97745170126
"P",238,"N","P238N",-1.05256642295048
"P",238,"Q","P238Q",-0.456708882061771
"P",238,"R","P238R",-0.478871353598875
"P",238,"S","P238S",-0.269334871772366
"P",238,"T","P238T",-2.48079014255301
"P",238,"V","P238V",3.00363994970442
"P",238,"W","P238W",4.35447549803812
"P",238,"Y","P238Y",2.61809825761538
"S",239,"A","S239A",0.390020160605141
"S",239,"C","S239C",0.0632768643109859
"S",239,"D","S239D",-8.58033265008115
"S",239,"E","S239E",-2.82793696461101
"S",239,"F","S239F",0.740257090506387
"S",239,"G","S239G",0.75669297768548
"S",239,"H","S239H",0.305602620344313
"S",239,"I","S239I",0.533121227962973
"S",239,"K","S239K",-1.29251861113734
"S",239,"L","S239L",1.85367392766839
"S",239,"M","S239M",0.548258208721339
"S",239,"N","S239N",-1.21159106445508
"S",239,"P","S239P",1.9468610721273
"S",239,"Q","S239Q",0.397651991384383
"S",239,"R","S239R",-1.61259503085036
"S",239,"T","S239T",-0.964751268311667
"S",239,"V","S239V",1.59557520768404
"S",239,"W","S239W",-1.08219089377454
"S",239,"Y","S239Y",-0.180124484520988
"V",240,"A","V240A",-0.16155090769974
"V",240,"C","V240C",0.431299111376752
"V",240,"D","V240D",1.72742736145729
"V",240,"E","V240E",-1.33781618142464
"V",240,"F","V240F",1.19952624246714
"V",240,"G","V240G",0.234004225229498
"V",240,"H","V240H",2.34920900320353
"V",240,"I","V240I",0.784083052669014
"V",240,"K","V240K",1.20385136981278
"V",240,"L","V240L",-0.0119914584046031
"V",240,"M","V240M",-0.0664376888583577
"V",240,"N","V240N",-0.727093722865424
"V",240,"P","V240P",-1.83846655897693
"V",240,"Q","V240Q",-0.485721547432659
"V",240,"R","V240R",0.678914305816259
"V",240,"S","V240S",-0.146752654248345
"V",240,"T","V240T",-0.976790741194494
"V",240,"W","V240W",0.135209980528235
"V",240,"Y","V240Y",-0.357347940816197
"F",241,"A","F241A",0.226174622086435
"F",241,"C","F241C",-0.0168276904377222
"F",241,"D","F241D",-0.914322703808906
"F",241,"E","F241E",-0.326081752667534
"F",241,"G","F241G",-0.0193409628003603
"F",241,"H","F241H",0.612374381482857
"F",241,"I","F241I",-0.563144416513986
"F",241,"K","F241K",0.450214581159591
"F",241,"L","F241L",-0.541469047015195
"F",241,"M","F241M",-0.607285076583246
"F",241,"N","F241N",0.709009800429606
"F",241,"P","F241P",-0.755350358885987
"F",241,"Q","F241Q",-0.948398278728013
"F",241,"R","F241R",-0.57523660987631
"F",241,"S","F241S",-1.04680492341801
"F",241,"T","F241T",-0.941876514107345
"F",241,"V","F241V",-1.25110390284087
"F",241,"W","F241W",0.652230140849173
"F",241,"Y","F241Y",-0.269854599464891
"L",242,"F","L242F",0.417118908122696
"F",243,"A","F243A",0.398051502135376
"F",243,"C","F243C",-2.55741876627536
"F",243,"D","F243D",-0.627958942846627
"F",243,"E","F243E",0.059569458819132
"F",243,"H","F243H",-0.905341057537245
"F",243,"I","F243I",-0.0391481849623011
"F",243,"K","F243K",1.86290180878845
"F",243,"L","F243L",0.449477211258956
"F",243,"M","F243M",0.171576684705987
"F",243,"N","F243N",0.210504869537202
"F",243,"P","F243P",0.407770508242351
"F",243,"Q","F243Q",-0.56682195862385
"F",243,"R","F243R",-0.760117495745679
"F",243,"S","F243S",0.969135761891628
"F",243,"T","F243T",0.969985681095356
"F",243,"V","F243V",-0.133065519350892
"F",243,"W","F243W",0.417704687350631
"F",243,"Y","F243Y",0.0237882127551011
"P",244,"A","P244A",-0.233288396770798
"P",244,"C","P244C",-1.11706846877403
"P",244,"D","P244D",-0.0697431921750777
"P",244,"E","P244E",0.22096878119264
"P",244,"F","P244F",-0.760581560576891
"P",244,"G","P244G",0.792305776773909
"P",244,"H","P244H",-0.432394853606614
"P",244,"I","P244I",0.293251271166368
"P",244,"K","P244K",1.34161022905758
"P",244,"L","P244L",-0.787128558687454
"P",244,"M","P244M",0.208872735072887
"P",244,"N","P244N",0.279487855902971
"P",244,"Q","P244Q",0.506785131305586
"P",244,"R","P244R",-0.990328627144367
"P",244,"S","P244S",0.144450808852146
"P",244,"T","P244T",0.94714987651167
"P",244,"V","P244V",0.0779186168533458
"P",244,"W","P244W",-0.319452397971702
"P",244,"Y","P244Y",0.34613943942009
"P",245,"A","P245A",0.400894028353223
"P",245,"C","P245C",-0.468001403997965
"P",245,"D","P245D",-0.343822873890977
"P",245,"E","P245E",0.673430956505671
"P",245,"F","P245F",0.733342276225643
"P",245,"G","P245G",0.0337559304236997
"P",245,"H","P245H",1.82285920095851
"P",245,"I","P245I",1.67302209783451
"P",245,"K","P245K",-0.434124081634365
"P",245,"L","P245L",-0.189414991470657
"P",245,"M","P245M",1.26598452174548
"P",245,"N","P245N",-0.0794390198273508
"P",245,"Q","P245Q",-0.0369631830045179
"P",245,"R","P245R",1.32039505923337
"P",245,"S","P245S",0.104903271019801
"P",245,"T","P245T",-0.115381868026135
"P",245,"V","P245V",-0.871789782239037
"P",245,"W","P245W",2.07035304904695
"P",245,"Y","P245Y",0.264238245971138
"K",246,"A","K246A",0.145743418935668
"K",246,"C","K246C",0.676817304653933
"K",246,"D","K246D",-0.409997224537797
"K",246,"E","K246E",1.21614957749868
"K",246,"F","K246F",-0.24056733802275
"K",246,"G","K246G",0.154019055758413
"K",246,"H","K246H",0.122380383006748
"K",246,"I","K246I",-0.480672422690403
"K",246,"L","K246L",0.504956920445742
"K",246,"M","K246M",-0.814342524953796
"K",246,"N","K246N",0.75807481689312
"K",246,"P","K246P",-1.62042354756171
"K",246,"Q","K246Q",1.67752680903166
"K",246,"R","K246R",0.0125939092298329
"K",246,"S","K246S",0.212974664145728
"K",246,"T","K246T",0.194246550725002
"K",246,"V","K246V",0.358622209987242
"K",246,"W","K246W",-0.692085206251839
"K",246,"Y","K246Y",-0.269217664395534
"P",247,"A","P247A",-1.04113348536229
"P",247,"C","P247C",-2.78862840063273
"P",247,"D","P247D",-0.676112755700326
"P",247,"E","P247E",-1.70329261600732
"P",247,"F","P247F",-2.80179578790295
"P",247,"G","P247G",-1.27969871191495
"P",247,"H","P247H",-1.48797381589778
"P",247,"I","P247I",-0.377025997955204
"P",247,"K","P247K",-2.13354887640267
"P",247,"L","P247L",-0.647074079613973
"P",247,"M","P247M",-0.46023481061798
"P",247,"N","P247N",-1.00176824957681
"P",247,"Q","P247Q",-1.41773064543566
"P",247,"R","P247R",-0.425347925722558
"P",247,"S","P247S",-0.0368561999167159
"P",247,"T","P247T",-0.505068247594503
"P",247,"V","P247V",1.44881925789518
"P",247,"W","P247W",-0.523078507129289
"P",247,"Y","P247Y",-0.124273318192646
"K",248,"A","K248A",0.524269949204033
"K",248,"C","K248C",0.120443548700023
"K",248,"D","K248D",-0.0249419829714107
"K",248,"E","K248E",-0.986170255513683
"K",248,"F","K248F",-0.184886958253768
"K",248,"G","K248G",-0.706791970393847
"K",248,"H","K248H",-1.13197399040012
"K",248,"I","K248I",-0.460598525578485
"K",248,"L","K248L",0.661770185097779
"K",248,"M","K248M",1.30376619129362
"K",248,"N","K248N",0.137363339544514
"K",248,"P","K248P",-0.844074705888975
"K",248,"Q","K248Q",1.33739066191148
"K",248,"R","K248R",-0.212630405752315
"K",248,"S","K248S",0.870477202260292
"K",248,"T","K248T",-0.460408562817801
"K",248,"V","K248V",0.0859761977709728
"K",248,"W","K248W",0.880923507966771
"K",248,"Y","K248Y",0.393761458314092
"D",249,"A","D249A",-0.363562520222044
"D",249,"C","D249C",0.0612851197599854
"D",249,"E","D249E",0.494435460513069
"D",249,"F","D249F",0.149783806966814
"D",249,"G","D249G",0.404236498518892
"D",249,"H","D249H",0.709216801698449
"D",249,"I","D249I",-1.80083776034797
"D",249,"K","D249K",0.504140243185973
"D",249,"L","D249L",-0.199458101914424
"D",249,"M","D249M",0.3137646420873
"D",249,"N","D249N",-0.0472278285700983
"D",249,"P","D249P",-1.23516894686923
"D",249,"Q","D249Q",0.474998051513725
"D",249,"R","D249R",-0.754997134812716
"D",249,"S","D249S",0.456804692521117
"D",249,"T","D249T",-0.320118699548957
"D",249,"V","D249V",-0.00887608933842949
"D",249,"W","D249W",0.0693294325809319
"D",249,"Y","D249Y",0.439864628175824
"T",250,"A","T250A",1.12947194801914
"T",250,"C","T250C",-0.504887149438827
"T",250,"D","T250D",0.266518527509752
"T",250,"E","T250E",0.389943737765458
"T",250,"F","T250F",0.76923241576394
"T",250,"G","T250G",-0.831213704814826
"T",250,"H","T250H",0.567674918265464
"T",250,"I","T250I",-0.156440500261657
"T",250,"K","T250K",0.932646534343009
"T",250,"L","T250L",1.78115135914007
"T",250,"M","T250M",0.598721424790172
"T",250,"N","T250N",-0.0842286462776811
"T",250,"P","T250P",-0.0595984456202605
"T",250,"Q","T250Q",0.489102786736694
"T",250,"R","T250R",0.489081353955505
"T",250,"S","T250S",0.38763677786241
"T",250,"V","T250V",0.694268361378102
"T",250,"W","T250W",0.365215413836416
"T",250,"Y","T250Y",0.405973337975015
"L",251,"A","L251A",-0.751507412981852
"L",251,"C","L251C",-0.334350805257455
"L",251,"D","L251D",-0.579089537269629
"L",251,"E","L251E",-1.04619108262024
"L",251,"F","L251F",0.227609412908062
"L",251,"G","L251G",0.254083033117403
"L",251,"H","L251H",-0.0328119808039466
"L",251,"I","L251I",0.590000787683653
"L",251,"K","L251K",-1.49161590014832
"L",251,"M","L251M",-0.937476570280103
"L",251,"N","L251N",-0.0846560630566504
"L",251,"P","L251P",-2.83182244077949
"L",251,"Q","L251Q",0.12925081239397
"L",251,"R","L251R",-3.72937263507933
"L",251,"S","L251S",2.7435649568684
"L",251,"T","L251T",-0.889900645461524
"L",251,"V","L251V",-0.0385482429555861
"L",251,"W","L251W",1.04965342178532
"L",251,"Y","L251Y",-0.623675820118487
"M",252,"A","M252A",-0.253934448572418
"M",252,"C","M252C",-0.714751150772793
"M",252,"D","M252D",-0.839601322351811
"M",252,"E","M252E",0.548940515506752
"M",252,"F","M252F",-0.0414894923479724
"M",252,"G","M252G",-0.161647011372353
"M",252,"H","M252H",-0.145461501759606
"M",252,"I","M252I",0.965434639066251
"M",252,"K","M252K",-0.861251924426683
"M",252,"L","M252L",-0.511187527599398
"M",252,"N","M252N",0.442038687578979
"M",252,"P","M252P",-0.399955146176672
"M",252,"Q","M252Q",-0.692933982482235
"M",252,"R","M252R",0.671594519342059
"M",252,"S","M252S",0.380933264611075
"M",252,"T","M252T",0.293250168894498
"M",252,"V","M252V",-0.0355729840661115
"M",252,"W","M252W",0.119413267300898
"M",252,"Y","M252Y",1.46905532939434
"I",253,"A","I253A",-0.681215445847381
"I",253,"C","I253C",-0.34350175818768
"I",253,"D","I253D",0.0855535670387796
"I",253,"E","I253E",-0.668787676837595
"I",253,"F","I253F",-1.41372026110357
"I",253,"G","I253G",0.695157628241009
"I",253,"H","I253H",-0.707997030256865
"I",253,"K","I253K",0.272706793795232
"I",253,"L","I253L",0.521791525122291
"I",253,"M","I253M",0.0208267042572235
"I",253,"N","I253N",-0.930567779132414
"I",253,"P","I253P",1.41856887171405
"I",253,"Q","I253Q",0.0795425371575885
"I",253,"R","I253R",0.189280833039844
"I",253,"S","I253S",-0.571353444148332
"I",253,"T","I253T",1.40902702798723
"I",253,"V","I253V",-0.0998435329535861
"I",253,"W","I253W",-0.232142717538142
"I",253,"Y","I253Y",-0.583044237945007
"S",254,"A","S254A",-0.137881979450387
"S",254,"C","S254C",-0.44522643336147
"S",254,"D","S254D",-0.446473475792019
"S",254,"E","S254E",0.908389939004894
"S",254,"F","S254F",-1.48776898736682
"S",254,"G","S254G",-0.838632482723064
"S",254,"H","S254H",-0.139467224116484
"S",254,"I","S254I",-0.0519369254830538
"S",254,"K","S254K",-0.800255926895336
"S",254,"L","S254L",-0.498420436167408
"S",254,"M","S254M",-0.189280549234871
"S",254,"N","S254N",-0.169410127990814
"S",254,"P","S254P",0.868539549425714
"S",254,"Q","S254Q",-0.276104736609324
"S",254,"R","S254R",-1.1645760681707
"S",254,"T","S254T",0.0236727244898004
"S",254,"V","S254V",0.598486800618394
"S",254,"W","S254W",0.552626599032045
"S",254,"Y","S254Y",0.804408745232385
"R",255,"A","R255A",-0.218313047579661
"R",255,"C","R255C",-1.4415575794287
"R",255,"D","R255D",-1.94345031214923
"R",255,"E","R255E",0.662036586128655
"R",255,"F","R255F",0.322238560334
"R",255,"G","R255G",1.54612604237271
"R",255,"H","R255H",-0.17221623681517
"R",255,"I","R255I",-0.747838968691715
"R",255,"K","R255K",-0.672370435891766
"R",255,"L","R255L",-0.465872748254137
"R",255,"M","R255M",1.55010046222671
"R",255,"N","R255N",0.440993956900495
"R",255,"P","R255P",-0.155268699614893
"R",255,"Q","R255Q",-0.0483040570313909
"R",255,"S","R255S",-0.320223335789633
"R",255,"T","R255T",0.660602115251027
"R",255,"V","R255V",-1.26719388004895
"R",255,"W","R255W",-0.0438047952355406
"R",255,"Y","R255Y",1.06430672131209
"T",256,"A","T256A",0.483745737493378
"T",256,"C","T256C",0.0427655857865328
"T",256,"D","T256D",0.372129219020014
"T",256,"E","T256E",-0.0733131211031658
"T",256,"F","T256F",0.466039424970713
"T",256,"G","T256G",-1.11299762959082
"T",256,"H","T256H",0.610649892091152
"T",256,"I","T256I",0.92707636151234
"T",256,"K","T256K",-0.992234705701653
"T",256,"L","T256L",-2.15340456919442
"T",256,"M","T256M",0.52410896479447
"T",256,"N","T256N",-1.18134244849947
"T",256,"P","T256P",0.342729209167832
"T",256,"Q","T256Q",3.13032051310434
"T",256,"R","T256R",1.33158534675912
"T",256,"S","T256S",0.153410226681458
"T",256,"V","T256V",2.19458650651765
"T",256,"W","T256W",-0.290668288982388
"T",256,"Y","T256Y",-0.368321281551833
"P",257,"A","P257A",-1.19228561542821
"P",257,"C","P257C",0.231074078789216
"P",257,"D","P257D",-0.226764313269809
"P",257,"E","P257E",-2.33320266664222
"P",257,"F","P257F",-1.79875226378227
"P",257,"G","P257G",0.292552072437336
"P",257,"H","P257H",-0.303185051735645
"P",257,"I","P257I",-0.972247432119678
"P",257,"K","P257K",0.234515901267435
"P",257,"L","P257L",0.262179744781825
"P",257,"M","P257M",-0.550813593703053
"P",257,"N","P257N",0.232101510299531
"P",257,"Q","P257Q",0.0718518107199897
"P",257,"R","P257R",-1.51073080381987
"P",257,"S","P257S",-0.237104000855611
"P",257,"T","P257T",0.584528830504435
"P",257,"V","P257V",-1.60997692631933
"P",257,"W","P257W",0.248504710432482
"P",257,"Y","P257Y",-0.745872753721275
"E",258,"A","E258A",0.819682932996086
"E",258,"C","E258C",0.24588115121679
"E",258,"D","E258D",-0.596087695359106
"E",258,"F","E258F",0.228755640603092
"E",258,"G","E258G",0.670641726003431
"E",258,"H","E258H",-1.73087655805398
"E",258,"I","E258I",-1.5150083912571
"E",258,"K","E258K",1.53637525939004
"E",258,"L","E258L",-0.77813929019889
"E",258,"M","E258M",-0.452887646255949
"E",258,"N","E258N",-0.706593622400813
"E",258,"P","E258P",0.55889023991809
"E",258,"Q","E258Q",0.0707818256319388
"E",258,"R","E258R",-1.07009557383504
"E",258,"S","E258S",1.0497333845657
"E",258,"T","E258T",1.44821309310348
"E",258,"V","E258V",0.237292203953616
"E",258,"W","E258W",-0.931284848560328
"E",258,"Y","E258Y",-0.303926809075951
"V",259,"A","V259A",0.0342170010331736
"V",259,"C","V259C",-0.496332196915545
"V",259,"D","V259D",-0.823379491805186
"V",259,"E","V259E",0.104247773786438
"V",259,"F","V259F",-0.209127892799351
"V",259,"G","V259G",-1.09840440169718
"V",259,"H","V259H",0.926841766009511
"V",259,"I","V259I",-0.269982063013662
"V",259,"K","V259K",-0.352374065161044
"V",259,"L","V259L",-0.371306605424994
"V",259,"M","V259M",0.217442220443762
"V",259,"N","V259N",-0.788892731320682
"V",259,"P","V259P",-0.888520777798345
"V",259,"Q","V259Q",-0.695160526355046
"V",259,"R","V259R",0.847887750088755
"V",259,"S","V259S",-0.515421381708756
"V",259,"T","V259T",0.366336378713908
"V",259,"W","V259W",0.454493906551584
"V",259,"Y","V259Y",0.202343848169876
"T",260,"A","T260A",0.00469055527999067
"T",260,"C","T260C",1.87384769997162
"T",260,"D","T260D",-1.01331716156905
"T",260,"E","T260E",0.115231070348024
"T",260,"F","T260F",-0.660635395336185
"T",260,"G","T260G",0.909866225958657
"T",260,"H","T260H",-0.918587867139656
"T",260,"I","T260I",-0.557844264849722
"T",260,"K","T260K",0.58421253173697
"T",260,"L","T260L",0.299315726316545
"T",260,"M","T260M",-0.000787633175944084
"T",260,"N","T260N",-0.527697338905254
"T",260,"P","T260P",1.40958981049342
"T",260,"Q","T260Q",1.12975195217936
"T",260,"R","T260R",0.548548773742956
"T",260,"S","T260S",-0.418092122370277
"T",260,"V","T260V",-0.266107332827172
"T",260,"W","T260W",2.42202563016077
"T",260,"Y","T260Y",-0.789835938891775
"C",261,"A","C261A",-0.0267428014474114
"C",261,"D","C261D",1.31035445245024
"C",261,"E","C261E",1.57947391878902
"C",261,"F","C261F",-0.524191528625306
"C",261,"G","C261G",-1.30962503381408
"C",261,"H","C261H",-0.718321199564969
"C",261,"I","C261I",-0.17064999300913
"C",261,"K","C261K",0.935550938980055
"C",261,"L","C261L",-0.798565450818296
"C",261,"M","C261M",-0.959961321388729
"C",261,"N","C261N",0.15659418282063
"C",261,"P","C261P",0.527163821897467
"C",261,"Q","C261Q",0.8804485119343
"C",261,"R","C261R",0.261194726878351
"C",261,"S","C261S",0.381946302932611
"C",261,"T","C261T",-0.136232849961972
"C",261,"V","C261V",-0.265836294011945
"C",261,"W","C261W",2.21840638925739
"C",261,"Y","C261Y",1.69628462663418
"V",262,"A","V262A",0.710362482029053
"V",262,"C","V262C",-0.141304560310448
"V",262,"D","V262D",-0.944650765447237
"V",262,"E","V262E",-0.512409652556235
"V",262,"F","V262F",0.452690107571184
"V",262,"G","V262G",0.995599884570701
"V",262,"H","V262H",-0.58927321292863
"V",262,"I","V262I",0.615024819097644
"V",262,"K","V262K",-0.545760943325299
"V",262,"L","V262L",-1.72154048724688
"V",262,"M","V262M",-0.00491797710005669
"V",262,"N","V262N",0.00765592591192103
"V",262,"P","V262P",-0.172935923753436
"V",262,"Q","V262Q",3.0375167281094
"V",262,"R","V262R",-1.43736897587591
"V",262,"S","V262S",-0.266592335688076
"V",262,"T","V262T",-0.0222314016600259
"V",262,"W","V262W",0.196984397620055
"V",262,"Y","V262Y",-0.718525767722131
"V",263,"A","V263A",-1.46872050571565
"V",263,"C","V263C",-0.966038591289352
"V",263,"D","V263D",0.908470565034707
"V",263,"E","V263E",2.31170202875642
"V",263,"F","V263F",-1.32660075068005
"V",263,"G","V263G",0.0637260045632102
"V",263,"H","V263H",-2.51570018870299
"V",263,"I","V263I",-0.372862290881407
"V",263,"K","V263K",2.01158353109139
"V",263,"L","V263L",1.52388431682422
"V",263,"M","V263M",1.65551218899642
"V",263,"N","V263N",1.70484069426189
"V",263,"P","V263P",0.726251787865472
"V",263,"Q","V263Q",0.307069875369105
"V",263,"R","V263R",-0.697875248989367
"V",263,"S","V263S",-0.98995826355636
"V",263,"T","V263T",-1.03899254283043
"V",263,"W","V263W",0.370542781591016
"V",263,"Y","V263Y",2.24147711313828
"V",264,"A","V264A",0.749545028290465
"V",264,"C","V264C",-2.58766320951739
"V",264,"D","V264D",-0.340324817786148
"V",264,"E","V264E",-1.28482151298478
"V",264,"F","V264F",-1.10719344538349
"V",264,"G","V264G",-0.450677089149384
"V",264,"H","V264H",1.09168489221564
"V",264,"I","V264I",0.792263738102624
"V",264,"K","V264K",-1.82606008604701
"V",264,"L","V264L",1.03390285468598
"V",264,"M","V264M",1.10965707625757
"V",264,"N","V264N",0.562426453252943
"V",264,"P","V264P",0.0296958729375632
"V",264,"Q","V264Q",0.50532947592793
"V",264,"R","V264R",1.16714639248848
"V",264,"S","V264S",0.272932431838237
"V",264,"T","V264T",1.86729351600547
"V",264,"W","V264W",-0.537645777735259
"V",264,"Y","V264Y",-0.0486357974664543
"D",265,"A","D265A",2.5881680012593
"D",265,"C","D265C",-0.509548035335923
"D",265,"E","D265E",-0.122152660177428
"D",265,"F","D265F",0.399869489592422
"D",265,"G","D265G",-0.286769378298105
"D",265,"H","D265H",-0.0791585680954897
"D",265,"I","D265I",-2.2161607703105
"D",265,"K","D265K",0.0180486596819315
"D",265,"L","D265L",-1.9003496840456
"D",265,"M","D265M",-1.05349097194814
"D",265,"N","D265N",2.62674703558064
"D",265,"P","D265P",-0.958325431965017
"D",265,"Q","D265Q",1.04887306152108
"D",265,"R","D265R",1.72992507313722
"D",265,"S","D265S",0.443578468488882
"D",265,"T","D265T",-1.06920894194091
"D",265,"V","D265V",-1.24615357416501
"D",265,"W","D265W",-2.15167042010566
"D",265,"Y","D265Y",2.70246976738546
"V",266,"A","V266A",-0.335417777034529
"V",266,"C","V266C",1.27696955540591
"V",266,"D","V266D",0.790823326139061
"V",266,"E","V266E",0.348579836162716
"V",266,"F","V266F",2.38779497400802
"V",266,"G","V266G",1.10112515957071
"V",266,"H","V266H",-0.754317415715096
"V",266,"I","V266I",1.86512814658167
"V",266,"K","V266K",-1.76153237854965
"V",266,"L","V266L",1.7841244693915
"V",266,"M","V266M",3.02563855847788
"V",266,"N","V266N",0.675327551285736
"V",266,"P","V266P",0.568290490094804
"V",266,"Q","V266Q",1.41142826572268
"V",266,"R","V266R",-0.405352192649392
"V",266,"S","V266S",0.106191752673604
"V",266,"T","V266T",-0.597436316163265
"V",266,"W","V266W",0.475530567220037
"V",266,"Y","V266Y",-1.25307258890717
"S",267,"A","S267A",0.455939293827723
"S",267,"C","S267C",2.165650912463
"S",267,"D","S267D",-0.903890097890461
"S",267,"E","S267E",2.86711063617285
"S",267,"F","S267F",0.988379837713598
"S",267,"G","S267G",0.909441484217117
"S",267,"H","S267H",0.67069644924271
"S",267,"I","S267I",3.09413823700283
"S",267,"K","S267K",-0.766776837838618
"S",267,"L","S267L",3.8078020424051
"S",267,"M","S267M",1.76988272644577
"S",267,"N","S267N",-2.32180924618739
"S",267,"P","S267P",-0.346899775293135
"S",267,"Q","S267Q",6.09436843788683
"S",267,"R","S267R",-0.783101168518698
"S",267,"T","S267T",0.457018833917292
"S",267,"V","S267V",2.40390965910821
"S",267,"W","S267W",1.50118947792293
"S",267,"Y","S267Y",-0.537592215800715
"H",268,"A","H268A",1.07373202204723
"H",268,"C","H268C",0.123909373512
"H",268,"D","H268D",-0.957637806020186
"H",268,"E","H268E",-1.32047822382832
"H",268,"F","H268F",0.19613718843528
"H",268,"G","H268G",2.39546430499328
"H",268,"I","H268I",0.68140167842758
"H",268,"K","H268K",0.20044533379925
"H",268,"L","H268L",-0.957735414128308
"H",268,"M","H268M",-0.598986018765273
"H",268,"N","H268N",1.0309247367479
"H",268,"P","H268P",2.00317055595857
"H",268,"Q","H268Q",0.0885515415332447
"H",268,"R","H268R",0.447036545327728
"H",268,"S","H268S",-0.822006866651493
"H",268,"T","H268T",-0.366615402235215
"H",268,"V","H268V",0.497859891417094
"H",268,"W","H268W",0.0982122384288258
"H",268,"Y","H268Y",-0.0721909742738454
"E",269,"A","E269A",-0.441604434514015
"E",269,"C","E269C",-1.44510905046455
"E",269,"D","E269D",0.763764977670742
"E",269,"F","E269F",0.055585627923117
"E",269,"G","E269G",0.190913418072202
"E",269,"H","E269H",-1.42615384735093
"E",269,"I","E269I",-1.44741296220996
"E",269,"K","E269K",0.252377306057687
"E",269,"L","E269L",-3.11619427224066
"E",269,"M","E269M",-1.72994608892217
"E",269,"N","E269N",-1.24515993453349
"E",269,"P","E269P",-1.07822373449731
"E",269,"Q","E269Q",-0.627905119825512
"E",269,"R","E269R",-0.418248787921438
"E",269,"S","E269S",-3.06685806086816
"E",269,"T","E269T",-0.680195636582169
"E",269,"V","E269V",-0.7905931422517
"E",269,"W","E269W",-1.45258328556499
"E",269,"Y","E269Y",-2.96420904608477
"D",270,"A","D270A",-1.16134091884164
"D",270,"C","D270C",-2.52029498881258
"D",270,"E","D270E",-1.47195677435121
"D",270,"F","D270F",-0.982981235301488
"D",270,"G","D270G",-2.68425801405106
"D",270,"H","D270H",-1.13262644437066
"D",270,"I","D270I",-1.54276490624978
"D",270,"K","D270K",-1.45057996643619
"D",270,"L","D270L",-2.79852106527647
"D",270,"M","D270M",-2.2446715235929
"D",270,"N","D270N",-0.524757343437294
"D",270,"P","D270P",-0.137007099515384
"D",270,"Q","D270Q",-2.79579508730589
"D",270,"R","D270R",-0.525448835195547
"D",270,"S","D270S",-1.672164713501
"D",270,"T","D270T",-1.92053097366791
"D",270,"V","D270V",-1.32677594727781
"D",270,"W","D270W",-1.11891097390314
"D",270,"Y","D270Y",-1.24742965698474
"P",271,"A","P271A",1.11354556238192
"P",271,"C","P271C",1.71256326068101
"P",271,"D","P271D",-0.192253876615352
"P",271,"E","P271E",-1.08324852476654
"P",271,"F","P271F",0.472399718241735
"P",271,"G","P271G",0.900884952077462
"P",271,"H","P271H",0.286326925854277
"P",271,"I","P271I",1.03338310801713
"P",271,"K","P271K",0.877231872011063
"P",271,"L","P271L",1.61238649970143
"P",271,"M","P271M",-0.320079116530461
"P",271,"N","P271N",-0.125107664139679
"P",271,"Q","P271Q",1.46694151933477
"P",271,"R","P271R",0.556465810654144
"P",271,"S","P271S",1.79883339018516
"P",271,"T","P271T",1.51277751615093
"P",271,"V","P271V",1.58868741156013
"P",271,"W","P271W",-0.618092635412888
"P",271,"Y","P271Y",0.346751091283734
"E",272,"A","E272A",1.64441035774792
"E",272,"C","E272C",-0.112575616932236
"E",272,"D","E272D",-0.0366733826293686
"E",272,"F","E272F",-1.00154797604706
"E",272,"G","E272G",0.230425805318643
"E",272,"I","E272I",-1.00521296884668
"E",272,"K","E272K",0.166960822800534
"E",272,"L","E272L",0.700113585371947
"E",272,"M","E272M",1.00587680340451
"E",272,"N","E272N",-1.4617411930597
"E",272,"P","E272P",1.48983416660716
"E",272,"Q","E272Q",-0.253516913188441
"E",272,"R","E272R",-0.203585756711677
"E",272,"S","E272S",0.194598953780685
"E",272,"T","E272T",1.51006908971488
"E",272,"V","E272V",-0.383954243295163
"E",272,"W","E272W",0.0199911892184587
"E",272,"Y","E272Y",-0.263517690196417
"V",273,"A","V273A",1.12517576596205
"V",273,"C","V273C",0.206513526801997
"V",273,"D","V273D",7.10075871657955
"V",273,"E","V273E",2.86869909576138
"V",273,"F","V273F",2.48268242923497
"V",273,"G","V273G",2.26512946396135
"V",273,"H","V273H",1.78910268255531
"V",273,"I","V273I",2.00710281273168
"V",273,"K","V273K",-2.81923993670407
"V",273,"L","V273L",1.72148323000929
"V",273,"M","V273M",1.53486411530969
"V",273,"N","V273N",3.21860821684174
"V",273,"P","V273P",0.0289773739804707
"V",273,"Q","V273Q",0.228187843523576
"V",273,"R","V273R",-0.596627776422115
"V",273,"S","V273S",0.721019226866083
"V",273,"T","V273T",1.23549825414214
"V",273,"W","V273W",2.34156501211709
"V",273,"Y","V273Y",3.10026157642377
"K",274,"A","K274A",-0.837236365399784
"K",274,"C","K274C",0.34512094197505
"K",274,"D","K274D",-0.189590428814454
"K",274,"E","K274E",0.995148264431626
"K",274,"F","K274F",-0.173935221440749
"K",274,"G","K274G",-0.424610029784698
"K",274,"H","K274H",0.260274965400737
"K",274,"I","K274I",-0.0720110688591065
"K",274,"L","K274L",0.402588509965405
"K",274,"M","K274M",0.0307720357370594
"K",274,"N","K274N",-0.423438178597865
"K",274,"P","K274P",-0.926868619069296
"K",274,"Q","K274Q",0.509809117455404
"K",274,"R","K274R",0.470823115163149
"K",274,"S","K274S",-0.375500697162473
"K",274,"T","K274T",-0.161009700111124
"K",274,"V","K274V",-1.0475797598667
"K",274,"W","K274W",-0.287279444300089
"K",274,"Y","K274Y",-1.22551506114
"F",275,"A","F275A",-1.11548229689832
"F",275,"C","F275C",-1.8183518759428
"F",275,"D","F275D",-0.0971049353686444
"F",275,"E","F275E",-1.08023979951127
"F",275,"G","F275G",1.12847317440138
"F",275,"H","F275H",-0.489109468852339
"F",275,"I","F275I",-1.30386814138738
"F",275,"K","F275K",3.13502710036813
"F",275,"L","F275L",-1.13011194322126
"F",275,"M","F275M",0.0526081996030429
"F",275,"N","F275N",-0.0617983950874176
"F",275,"P","F275P",0.520186281824295
"F",275,"Q","F275Q",-0.425495014502721
"F",275,"R","F275R",0.288506372546608
"F",275,"S","F275S",0.238834288776741
"F",275,"T","F275T",-1.23518908990092
"F",275,"V","F275V",-1.05463852262819
"F",275,"W","F275W",0.212804697638567
"F",275,"Y","F275Y",0.331529602753556
"N",276,"A","N276A",-0.686219689179885
"N",276,"C","N276C",0.725674339242818
"N",276,"D","N276D",0.186340061774821
"N",276,"E","N276E",0.832346555981569
"N",276,"F","N276F",0.0274876182314973
"N",276,"G","N276G",-0.239106064483205
"N",276,"H","N276H",-0.103781016871285
"N",276,"I","N276I",0.547882052873546
"N",276,"K","N276K",0.450930745832358
"N",276,"L","N276L",0.50742798843558
"N",276,"M","N276M",0.584308898310924
"N",276,"P","N276P",-0.239754954993656
"N",276,"Q","N276Q",1.07544414906387
"N",276,"R","N276R",0.400171259394592
"N",276,"S","N276S",0.14231097926975
"N",276,"T","N276T",1.5424791826526
"N",276,"V","N276V",0.831541073209376
"N",276,"W","N276W",-0.747581657636938
"N",276,"Y","N276Y",0.287921075313063
"W",277,"A","W277A",1.14300714027213
"W",277,"C","W277C",0.717205671384971
"W",277,"D","W277D",-1.06328582883188
"W",277,"E","W277E",-3.25422386642457
"W",277,"F","W277F",0.297968755332346
"W",277,"G","W277G",-2.23950575842863
"W",277,"H","W277H",0.254745259923841
"W",277,"I","W277I",2.2610094332296
"W",277,"K","W277K",0.349471530354053
"W",277,"L","W277L",0.773839525163891
"W",277,"M","W277M",-0.167302621160917
"W",277,"N","W277N",0.162444327435108
"W",277,"P","W277P",0.700749954574203
"W",277,"Q","W277Q",0.357181682802043
"W",277,"R","W277R",-0.0234612209639747
"W",277,"S","W277S",-0.593648661924903
"W",277,"T","W277T",0.685236237531553
"W",277,"V","W277V",0.0862773270738751
"W",277,"Y","W277Y",0.513786311569989
"Y",278,"A","Y278A",-0.264476478233335
"Y",278,"C","Y278C",0.187315033508136
"Y",278,"D","Y278D",0.378758861532397
"Y",278,"E","Y278E",-1.24965478317693
"Y",278,"F","Y278F",0.212042277877147
"Y",278,"G","Y278G",1.41032484819811
"Y",278,"H","Y278H",-0.10837227670795
"Y",278,"I","Y278I",-1.30975099630551
"Y",278,"K","Y278K",-0.220364827856021
"Y",278,"L","Y278L",-0.372510940327911
"Y",278,"M","Y278M",-0.42783958949533
"Y",278,"N","Y278N",0.775129524127001
"Y",278,"P","Y278P",0.0698538848274832
"Y",278,"Q","Y278Q",0.944774939312613
"Y",278,"R","Y278R",-0.995876792895596
"Y",278,"S","Y278S",0.0217165364206045
"Y",278,"T","Y278T",0.328587972067001
"Y",278,"V","Y278V",-0.114802472167127
"Y",278,"W","Y278W",-0.622445451245611
"V",279,"A","V279A",-1.15384362919287
"V",279,"C","V279C",-0.453609061306562
"V",279,"D","V279D",-0.197306059852399
"V",279,"E","V279E",-0.609210086204242
"V",279,"F","V279F",0.62414347639011
"V",279,"G","V279G",-1.18697405734693
"V",279,"H","V279H",3.61470693464931
"V",279,"I","V279I",0.593708701574593
"V",279,"K","V279K",-0.0659183968693728
"V",279,"L","V279L",-0.539080145264409
"V",279,"M","V279M",1.31414266924067
"V",279,"N","V279N",-0.258639210295886
"V",279,"P","V279P",0.126801729504589
"V",279,"Q","V279Q",-0.207157617088923
"V",279,"R","V279R",0.108502925489275
"V",279,"S","V279S",-0.56575947061674
"V",279,"T","V279T",-0.346253304955952
"V",279,"W","V279W",0.854727463508929
"V",279,"Y","V279Y",0.494284634573867
"D",280,"A","D280A",-0.612136435179673
"D",280,"C","D280C",0.0813100814279046
"D",280,"E","D280E",0.37379763761288
"D",280,"F","D280F",-0.145292444818941
"D",280,"G","D280G",-0.834101520782893
"D",280,"H","D280H",-0.961842957878093
"D",280,"I","D280I",0.451694353201678
"D",280,"K","D280K",1.10537613227948
"D",280,"L","D280L",0.0999803170700596
"D",280,"M","D280M",0.157563864796541
"D",280,"N","D280N",-0.926264004889607
"D",280,"P","D280P",-1.72412380869627
"D",280,"Q","D280Q",0.354479033619176
"D",280,"R","D280R",-0.741698136348816
"D",280,"S","D280S",-0.364907134827204
"D",280,"T","D280T",-0.145896016702242
"D",280,"V","D280V",0.408065302583846
"D",280,"W","D280W",-0.425648169119968
"D",280,"Y","D280Y",0.557495731165405
"G",281,"A","G281A",-0.623900752683985
"G",281,"C","G281C",0.578731458900569
"G",281,"D","G281D",-0.339135079874568
"G",281,"E","G281E",0.00074135497885579
"G",281,"F","G281F",-0.427592054853396
"G",281,"H","G281H",0.0237537950405258
"G",281,"I","G281I",-0.992464453958496
"G",281,"K","G281K",0.720558384474193
"G",281,"L","G281L",0.490992927348298
"G",281,"M","G281M",-0.296674663488567
"G",281,"N","G281N",-0.40037749354073
"G",281,"P","G281P",0.683091061633167
"G",281,"Q","G281Q",0.334829700092847
"G",281,"R","G281R",-0.622048879676121
"G",281,"S","G281S",-0.425885403064521
"G",281,"T","G281T",-1.50274328457881
"G",281,"V","G281V",0.0472531576760352
"G",281,"W","G281W",0.671558387837503
"G",281,"Y","G281Y",-0.42167622287275
"V",282,"A","V282A",-0.552204197929324
"V",282,"C","V282C",0.960108110689098
"V",282,"D","V282D",1.00212366376289
"V",282,"E","V282E",-0.0059159513295779
"V",282,"F","V282F",-0.0345363347786302
"V",282,"G","V282G",0.745024078564805
"V",282,"H","V282H",1.5575714434827
"V",282,"I","V282I",0.254656992873459
"V",282,"K","V282K",1.59567076075482
"V",282,"L","V282L",0.14497900787261
"V",282,"M","V282M",-0.387366498529151
"V",282,"N","V282N",0.700824798981418
"V",282,"P","V282P",0.480238539552098
"V",282,"Q","V282Q",-0.00927808128799639
"V",282,"R","V282R",1.25924002299595
"V",282,"S","V282S",0.579456078661775
"V",282,"T","V282T",-0.872002989272509
"V",282,"W","V282W",-0.128827884455236
"V",282,"Y","V282Y",0.45289106541364
"E",283,"A","E283A",0.623258122402971
"E",283,"C","E283C",0.0847060573839251
"E",283,"D","E283D",-0.586236049590084
"E",283,"F","E283F",0.173934987223008
"E",283,"G","E283G",-0.0940258338101131
"E",283,"H","E283H",-0.281137653949244
"E",283,"I","E283I",-0.425220541845464
"E",283,"K","E283K",0.547972120765438
"E",283,"L","E283L",1.28505343807372
"E",283,"M","E283M",-0.0153424965534337
"E",283,"N","E283N",-1.34911419779515
"E",283,"P","E283P",-0.230064846417403
"E",283,"Q","E283Q",0.576639800868321
"E",283,"R","E283R",-0.123206353921644
"E",283,"S","E283S",1.27912821226595
"E",283,"T","E283T",-0.856133056970493
"E",283,"V","E283V",0.42483378787077
"E",283,"W","E283W",1.41229115728498
"E",283,"Y","E283Y",0.560123512761276
"V",284,"A","V284A",0.956359402473462
"V",284,"C","V284C",0.135122316048947
"V",284,"D","V284D",1.17664222704623
"V",284,"E","V284E",0.0127835965738564
"V",284,"F","V284F",1.30948798463081
"V",284,"G","V284G",0.512550026352105
"V",284,"H","V284H",-1.26669301854716
"V",284,"I","V284I",-0.0902177241969414
"V",284,"K","V284K",-0.472070497226161
"V",284,"L","V284L",0.350853339635603
"V",284,"M","V284M",0.125426686879346
"V",284,"N","V284N",0.0478758584533968
"V",284,"P","V284P",0.647042989625799
"V",284,"Q","V284Q",-0.203502762343784
"V",284,"R","V284R",0.0461512852464697
"V",284,"S","V284S",0.117103661530056
"V",284,"T","V284T",0.455445533919459
"V",284,"W","V284W",0.389547886692173
"V",284,"Y","V284Y",0.564969231351941
"H",285,"A","H285A",-0.00417755011554552
"H",285,"C","H285C",-0.124519735409744
"H",285,"D","H285D",0.432189735202602
"H",285,"E","H285E",-0.64463993096201
"H",285,"F","H285F",-0.279931550066885
"H",285,"G","H285G",-0.521755044016225
"H",285,"I","H285I",-0.652815464710466
"H",285,"K","H285K",-0.52415747584997
"H",285,"L","H285L",-1.21099348805695
"H",285,"M","H285M",-0.905939648457158
"H",285,"N","H285N",0.662861032088126
"H",285,"P","H285P",0.922082634779684
"H",285,"Q","H285Q",0.00707746705363698
"H",285,"R","H285R",-0.711520945534419
"H",285,"S","H285S",-0.430867901999342
"H",285,"T","H285T",0.436626569824749
"H",285,"V","H285V",0.886816331500209
"H",285,"W","H285W",2.7155524713905
"H",285,"Y","H285Y",0.444641187856705
"N",286,"A","N286A",0.28194908340974
"N",286,"C","N286C",0.365717502568579
"N",286,"D","N286D",1.01861046016846
"N",286,"E","N286E",0.229155962866858
"N",286,"F","N286F",1.11022593044029
"N",286,"G","N286G",0.527427796095323
"N",286,"H","N286H",0.754685243107023
"N",286,"I","N286I",-0.316782989492051
"N",286,"K","N286K",-0.556691750525628
"N",286,"L","N286L",0.422991468864785
"N",286,"M","N286M",-1.55033809160952
"N",286,"P","N286P",-0.657021287027795
"N",286,"Q","N286Q",-0.919088060984144
"N",286,"R","N286R",-0.446215727191424
"N",286,"S","N286S",0.042444690684499
"N",286,"T","N286T",0.668927342804587
"N",286,"V","N286V",0.31518493181202
"N",286,"W","N286W",-0.614388911939035
"N",286,"Y","N286Y",-1.29499453818239
"A",287,"C","A287C",0.521661310736889
"A",287,"D","A287D",1.85767459734232
"A",287,"E","A287E",0.806945953124207
"A",287,"F","A287F",-0.188506989736971
"A",287,"G","A287G",-0.771029914324586
"A",287,"H","A287H",0.219321501063243
"A",287,"I","A287I",-0.571707816970189
"A",287,"K","A287K",-0.856916877449079
"A",287,"L","A287L",0.963564864783621
"A",287,"M","A287M",0.0901518926403195
"A",287,"N","A287N",0.282573627499516
"A",287,"P","A287P",-2.06345267783782
"A",287,"Q","A287Q",-0.64742344955642
"A",287,"R","A287R",-1.77436474776817
"A",287,"S","A287S",-0.0510798686275354
"A",287,"T","A287T",-0.627856888567801
"A",287,"V","A287V",-0.0621067716735668
"A",287,"W","A287W",-0.56658808958905
"A",287,"Y","A287Y",-0.385897536964007
"K",288,"A","K288A",1.06137863038604
"K",288,"C","K288C",0.926592108622891
"K",288,"D","K288D",-0.665719889986449
"K",288,"E","K288E",-0.341097862801334
"K",288,"F","K288F",0.348522563042363
"K",288,"G","K288G",0.547770286427606
"K",288,"H","K288H",-1.44847367163672
"K",288,"I","K288I",-1.02292093525444
"K",288,"L","K288L",0.373879871788762
"K",288,"M","K288M",0.443918873074427
"K",288,"N","K288N",1.66592183269538
"K",288,"P","K288P",1.07241262409342
"K",288,"Q","K288Q",-1.96336532623997
"K",288,"R","K288R",-0.314288821714445
"K",288,"S","K288S",0.362204167086645
"K",288,"T","K288T",-0.270709192083354
"K",288,"V","K288V",-0.678014285530179
"K",288,"W","K288W",-0.558489616806871
"K",288,"Y","K288Y",0.454552519990445
"T",289,"A","T289A",0.038533773997616
"T",289,"C","T289C",0.960159383698491
"T",289,"D","T289D",-1.1514252133109
"T",289,"E","T289E",-1.59136342469732
"T",289,"F","T289F",-0.452155835561511
"T",289,"G","T289G",1.51531680068078
"T",289,"H","T289H",-0.247821891396664
"T",289,"I","T289I",-0.460571403979184
"T",289,"K","T289K",0.425011880571327
"T",289,"L","T289L",0.0887188426215027
"T",289,"M","T289M",-0.456097985075108
"T",289,"N","T289N",-0.0134805914188116
"T",289,"P","T289P",0.566858202435392
"T",289,"Q","T289Q",0.0380013215489345
"T",289,"R","T289R",0.245656524923175
"T",289,"S","T289S",0.48395753003806
"T",289,"V","T289V",-0.398000143957443
"T",289,"W","T289W",-0.0734684961899207
"T",289,"Y","T289Y",0.404356962208266
"K",290,"A","K290A",-0.743370423043753
"K",290,"C","K290C",-0.64172128001513
"K",290,"D","K290D",-0.225411248686681
"K",290,"E","K290E",-0.181285898201654
"K",290,"F","K290F",0.235923125850656
"K",290,"G","K290G",-1.46991730850163
"K",290,"H","K290H",1.0486352565831
"K",290,"I","K290I",-0.153313049965438
"K",290,"L","K290L",-0.130135570507397
"K",290,"M","K290M",0.34274621448134
"K",290,"N","K290N",-0.929092112042554
"K",290,"P","K290P",0.0334831196671139
"K",290,"Q","K290Q",-0.511973165858915
"K",290,"R","K290R",-0.73174955727123
"K",290,"S","K290S",0.440144322532514
"K",290,"T","K290T",-1.24459341018702
"K",290,"V","K290V",-0.920858999285251
"K",290,"W","K290W",0.569066931568311
"K",290,"Y","K290Y",-1.07655601961121
"P",291,"A","P291A",-0.421743240987938
"P",291,"C","P291C",-0.155141089650271
"P",291,"D","P291D",0.525770888478191
"P",291,"E","P291E",-1.02983257830915
"P",291,"F","P291F",-0.651343927477722
"P",291,"G","P291G",0.82459980681627
"P",291,"H","P291H",-1.36686670393803
"P",291,"I","P291I",0.182359503258357
"P",291,"K","P291K",-0.418205291128163
"P",291,"L","P291L",-0.781163107988518
"P",291,"M","P291M",-0.0789787558860107
"P",291,"N","P291N",-0.928600499809708
"P",291,"Q","P291Q",0.0385698846643066
"P",291,"R","P291R",0.246304441631947
"P",291,"S","P291S",0.1988679789124
"P",291,"T","P291T",-0.649066626666313
"P",291,"V","P291V",0.254533337515202
"P",291,"W","P291W",-0.910234203838059
"P",291,"Y","P291Y",-0.536805278179798
"R",292,"A","R292A",-1.39156248085567
"R",292,"C","R292C",-1.06598212219275
"R",292,"D","R292D",-0.651209221513836
"R",292,"E","R292E",-0.384399574254035
"R",292,"F","R292F",-2.22097231575914
"R",292,"G","R292G",-1.69506232777047
"R",292,"H","R292H",-1.05487352420515
"R",292,"I","R292I",-0.211247772919809
"R",292,"K","R292K",-0.238637300273247
"R",292,"L","R292L",-1.28944206281088
"R",292,"M","R292M",-0.960652077555831
"R",292,"N","R292N",-0.13220340785517
"R",292,"P","R292P",-0.187763012707608
"R",292,"Q","R292Q",-1.08319709907246
"R",292,"S","R292S",-0.615491998420075
"R",292,"T","R292T",-1.09800266358689
"R",292,"V","R292V",-0.456300876568
"R",292,"W","R292W",-0.494937068389698
"R",292,"Y","R292Y",-1.69876738085826
"E",293,"A","E293A",0.00185695263552596
"E",293,"C","E293C",-0.551509013701979
"E",293,"D","E293D",-0.423847039361807
"E",293,"F","E293F",-0.296788107020324
"E",293,"G","E293G",0.157390913533953
"E",293,"H","E293H",-1.60528384682429
"E",293,"I","E293I",0.988691373358721
"E",293,"K","E293K",-0.0781774596823322
"E",293,"L","E293L",0.0779647876437134
"E",293,"M","E293M",0.155744644970654
"E",293,"N","E293N",-1.1431008303927
"E",293,"P","E293P",-0.666026143958395
"E",293,"Q","E293Q",0.18327307555331
"E",293,"R","E293R",-0.614890542459352
"E",293,"S","E293S",1.4020275729295
"E",293,"T","E293T",-0.414330949189903
"E",293,"V","E293V",-0.0416581050951141
"E",293,"W","E293W",-0.58877802204834
"E",293,"Y","E293Y",-0.597436316163265
"E",294,"A","E294A",0.338067945198548
"E",294,"C","E294C",-0.00768191149850966
"E",294,"D","E294D",0.103621362879008
"E",294,"F","E294F",0.322867224847603
"E",294,"G","E294G",-0.0821639737275673
"E",294,"H","E294H",0.0924525497015451
"E",294,"I","E294I",0.469102389070388
"E",294,"K","E294K",1.12726266483212
"E",294,"L","E294L",0.196502526707815
"E",294,"M","E294M",1.48652128916302
"E",294,"N","E294N",-2.03089221990469
"E",294,"P","E294P",-0.406944993999996
"E",294,"Q","E294Q",-0.8057799610226
"E",294,"R","E294R",1.05020312348036
"E",294,"S","E294S",0.453943880069454
"E",294,"T","E294T",2.30233931651525
"E",294,"V","E294V",0.684723634532903
"E",294,"W","E294W",-1.49344079867965
"E",294,"Y","E294Y",0.208940165394466
"Q",295,"A","Q295A",0.134550927659101
"Q",295,"C","Q295C",-0.222175973632983
"Q",295,"D","Q295D",0.128190816275273
"Q",295,"E","Q295E",-0.628319603713764
"Q",295,"F","Q295F",-0.610651860772936
"Q",295,"G","Q295G",-0.542092603724878
"Q",295,"H","Q295H",-2.06461592114097
"Q",295,"I","Q295I",0.185896798507162
"Q",295,"K","Q295K",-0.0674624409597549
"Q",295,"L","Q295L",-0.790431916564546
"Q",295,"M","Q295M",0.223487351177717
"Q",295,"N","Q295N",0.278915707117004
"Q",295,"P","Q295P",-0.111186482391758
"Q",295,"R","Q295R",-0.948614050851511
"Q",295,"S","Q295S",-0.242959727294054
"Q",295,"T","Q295T",-0.468531320417685
"Q",295,"V","Q295V",-0.975978097797551
"Q",295,"W","Q295W",-0.559973770053981
"Q",295,"Y","Q295Y",-1.22873996535294
"Y",296,"A","Y296A",0.947485509173463
"Y",296,"C","Y296C",0.29057562484728
"Y",296,"D","Y296D",0.401200767958211
"Y",296,"E","Y296E",0.534424854169442
"Y",296,"F","Y296F",1.33259957022575
"Y",296,"G","Y296G",-0.483700111186358
"Y",296,"H","Y296H",-0.539377653104864
"Y",296,"I","Y296I",2.68491476113753
"Y",296,"K","Y296K",1.99533441933625
"Y",296,"L","Y296L",-0.73391186844477
"Y",296,"M","Y296M",0.801674519527344
"Y",296,"N","Y296N",0.0612111409667175
"Y",296,"P","Y296P",1.84110939191754
"Y",296,"Q","Y296Q",0.15257542544753
"Y",296,"R","Y296R",1.46199547467483
"Y",296,"S","Y296S",-0.226589143879432
"Y",296,"T","Y296T",-0.581440710796277
"Y",296,"V","Y296V",0.695109649969874
"Y",296,"W","Y296W",0.659487684037263
"N",297,"A","N297A",3.95396747879081
"N",297,"C","N297C",0.602609240296859
"N",297,"D","N297D",0.11221456205121
"N",297,"E","N297E",-0.76159240590388
"N",297,"F","N297F",0.0816721386472655
"N",297,"G","N297G",-3.09322668450945
"N",297,"H","N297H",-1.08935398981336
"N",297,"I","N297I",1.92917455729878
"N",297,"K","N297K",0.979227716245131
"N",297,"L","N297L",-2.21146398247132
"N",297,"M","N297M",0.789884351233413
"N",297,"P","N297P",-1.07855677480031
"N",297,"Q","N297Q",-0.0178157998471596
"N",297,"R","N297R",-0.0213529244600106
"N",297,"S","N297S",-1.96014877152612
"N",297,"T","N297T",-2.00448409313123
"N",297,"V","N297V",1.89728241555758
"N",297,"W","N297W",-0.19605961968427
"N",297,"Y","N297Y",-1.06309219313435
"S",298,"A","S298A",-0.967520555017838
"S",298,"C","S298C",-0.670170730007865
"S",298,"D","S298D",-1.5200862558323
"S",298,"E","S298E",-1.01927869718667
"S",298,"F","S298F",-1.95896027462973
"S",298,"G","S298G",0.482616509231749
"S",298,"I","S298I",-1.07911171206879
"S",298,"K","S298K",0.919043532719419
"S",298,"L","S298L",-0.242709874360646
"S",298,"M","S298M",0.852697297929219
"S",298,"N","S298N",-2.02142879526864
"S",298,"P","S298P",-1.92240089251445
"S",298,"Q","S298Q",-0.448215850955452
"S",298,"R","S298R",-0.380788162030222
"S",298,"T","S298T",-1.17489243295456
"S",298,"V","S298V",-2.18273466794048
"S",298,"W","S298W",-0.951171254117587
"S",298,"Y","S298Y",-1.55182887421572
"T",299,"A","T299A",2.87500543628765
"T",299,"C","T299C",-2.674660687962
"T",299,"D","T299D",0.475244889787868
"T",299,"E","T299E",-0.70829712134461
"T",299,"F","T299F",2.00418098323846
"T",299,"G","T299G",1.22212288505478
"T",299,"H","T299H",-0.826987837637216
"T",299,"I","T299I",-1.22885955004035
"T",299,"K","T299K",-0.744472850046396
"T",299,"L","T299L",0.365581295333081
"T",299,"M","T299M",1.74673030947167
"T",299,"N","T299N",-0.996789670956661
"T",299,"P","T299P",-0.0886455814340752
"T",299,"Q","T299Q",1.33897381938884
"T",299,"R","T299R",-0.321820346276466
"T",299,"S","T299S",0.337586478744405
"T",299,"V","T299V",-0.381202707343176
"T",299,"W","T299W",-1.05024200641281
"T",299,"Y","T299Y",1.06490902447665
"Y",300,"A","Y300A",1.12738986439345
"Y",300,"C","Y300C",0.717031875608438
"Y",300,"D","Y300D",1.72172073647533
"Y",300,"E","Y300E",0.669738618912228
"Y",300,"F","Y300F",0.209445072797321
"Y",300,"G","Y300G",-2.20491108106727
"Y",300,"H","Y300H",1.27736585044324
"Y",300,"I","Y300I",-0.153438565612921
"Y",300,"K","Y300K",-2.27760643801123
"Y",300,"L","Y300L",-0.608448944041787
"Y",300,"M","Y300M",-0.845410811914374
"Y",300,"N","Y300N",-0.257129948490885
"Y",300,"P","Y300P",0.0121748099873784
"Y",300,"Q","Y300Q",0.18322960603969
"Y",300,"R","Y300R",0.101932105449866
"Y",300,"S","Y300S",-1.23714560195101
"Y",300,"T","Y300T",-0.0877349354281634
"Y",300,"V","Y300V",0.328355231647076
"Y",300,"W","Y300W",0.777103651834749
"R",301,"A","R301A",1.08809675484598
"R",301,"C","R301C",0.244838907752697
"R",301,"D","R301D",0.113300589955192
"R",301,"E","R301E",-0.581990042292045
"R",301,"F","R301F",1.32665427111891
"R",301,"G","R301G",-0.944777788596123
"R",301,"H","R301H",0.324500597857309
"R",301,"I","R301I",-0.329158557636626
"R",301,"K","R301K",1.75283172239963
"R",301,"L","R301L",0.481128768718997
"R",301,"M","R301M",-0.0568111438170539
"R",301,"N","R301N",0.703391406299756
"R",301,"P","R301P",0.0613645406820521
"R",301,"Q","R301Q",0.0243438767634806
"R",301,"S","R301S",-1.05633588597717
"R",301,"T","R301T",-0.722691487925741
"R",301,"V","R301V",0.531454071951477
"R",301,"W","R301W",-0.210595454966142
"R",301,"Y","R301Y",0.776564975651943
"V",302,"A","V302A",0.540356909049654
"V",302,"C","V302C",-0.0634518301292414
"V",302,"D","V302D",-1.56734742972744
"V",302,"E","V302E",0.545525903556184
"V",302,"F","V302F",-1.12392429762165
"V",302,"G","V302G",-0.32045741290434
"V",302,"H","V302H",-0.268227954070551
"V",302,"I","V302I",0.122370351193998
"V",302,"K","V302K",0.29565818092721
"V",302,"L","V302L",-0.493700640673764
"V",302,"M","V302M",-1.005698544065
"V",302,"N","V302N",-2.74746887897096
"V",302,"P","V302P",0.828022216927333
"V",302,"Q","V302Q",-0.717628613326293
"V",302,"R","V302R",-0.567734405891349
"V",302,"S","V302S",-0.266380114594536
"V",302,"T","V302T",-0.0149381378724738
"V",302,"W","V302W",-0.671395568656438
"V",302,"Y","V302Y",0.952277644550782
"V",303,"A","V303A",1.25219175478826
"V",303,"C","V303C",0.505332272922655
"V",303,"D","V303D",-0.597436316163265
"V",303,"E","V303E",1.64451122855666
"V",303,"F","V303F",-0.325963261565175
"V",303,"G","V303G",-0.400459564105081
"V",303,"H","V303H",0.0668245527457234
"V",303,"I","V303I",0.621076136961993
"V",303,"K","V303K",2.14631156346789
"V",303,"L","V303L",1.8101962935179
"V",303,"M","V303M",-0.179420918545691
"V",303,"N","V303N",1.45204160018962
"V",303,"P","V303P",-0.231167379713177
"V",303,"Q","V303Q",0.62568697740859
"V",303,"R","V303R",0.168001188008242
"V",303,"S","V303S",-0.319266627472778
"V",303,"T","V303T",0.171036220518552
"V",303,"W","V303W",0.379021591792254
"V",303,"Y","V303Y",-0.804065543222738
"S",304,"A","S304A",0.213028181170056
"S",304,"C","S304C",-0.0394917507171561
"S",304,"D","S304D",-0.404261792343368
"S",304,"E","S304E",-1.87061365726516
"S",304,"F","S304F",-0.142447719314092
"S",304,"G","S304G",-0.439889506458404
"S",304,"H","S304H",-0.622651490362052
"S",304,"I","S304I",-1.76029177571601
"S",304,"K","S304K",0.61118653773284
"S",304,"L","S304L",2.01792263369404
"S",304,"M","S304M",-1.64245415107526
"S",304,"N","S304N",-0.306083936918321
"S",304,"P","S304P",-0.0564212689296842
"S",304,"Q","S304Q",-1.04511158600234
"S",304,"R","S304R",-0.0840493026438186
"S",304,"T","S304T",-0.192329851091511
"S",304,"V","S304V",-0.189613157900016
"S",304,"W","S304W",0.318198388390175
"S",304,"Y","S304Y",-0.356900984607116
"V",305,"A","V305A",0.340906731309045
"V",305,"C","V305C",-0.291564869417993
"V",305,"D","V305D",-1.0026958798771
"V",305,"E","V305E",0.862298329473066
"V",305,"F","V305F",0.44403423673344
"V",305,"G","V305G",0.42819505483882
"V",305,"H","V305H",1.21795522089099
"V",305,"I","V305I",-0.568112546837048
"V",305,"K","V305K",-1.04096308905999
"V",305,"L","V305L",0.615443463853622
"V",305,"M","V305M",-1.2956032953611
"V",305,"N","V305N",-0.27381399332216
"V",305,"P","V305P",-0.435244022180776
"V",305,"Q","V305Q",3.101853544989
"V",305,"R","V305R",-0.748868579046317
"V",305,"S","V305S",0.530113420651409
"V",305,"T","V305T",2.60516336583685
"V",305,"W","V305W",0.0834504409068219
"V",305,"Y","V305Y",1.01893037858227
"L",306,"A","L306A",0.48519869410636
"L",306,"C","L306C",0.138847273898564
"L",306,"D","L306D",0.183818918077609
"L",306,"E","L306E",-0.943340288225705
"L",306,"F","L306F",-0.797433389619595
"L",306,"G","L306G",0.510482931581191
"L",306,"H","L306H",0.472789881096789
"L",306,"I","L306I",-0.853870102018562
"L",306,"K","L306K",0.086498764888304
"L",306,"M","L306M",-0.0763527098596181
"L",306,"N","L306N",-1.38729391899416
"L",306,"P","L306P",3.01942474607246
"L",306,"Q","L306Q",-0.938287561683345
"L",306,"R","L306R",0.419274152455635
"L",306,"S","L306S",0.591141927930888
"L",306,"T","L306T",1.27099902538324
"L",306,"V","L306V",0.359901430052456
"L",306,"W","L306W",-0.42405039382403
"L",306,"Y","L306Y",-0.657027440182366
"T",307,"A","T307A",-0.176936914525165
"T",307,"C","T307C",1.46641452452381
"T",307,"D","T307D",-0.250205555604005
"T",307,"E","T307E",1.27419746840145
"T",307,"F","T307F",-0.317659245018136
"T",307,"G","T307G",-1.16836612351115
"T",307,"H","T307H",-0.136017075093404
"T",307,"I","T307I",0.108634319281017
"T",307,"K","T307K",-0.285531239606519
"T",307,"L","T307L",0.895681702366652
"T",307,"M","T307M",-0.572990279005334
"T",307,"N","T307N",0.949299708833922
"T",307,"P","T307P",-0.236116509798591
"T",307,"Q","T307Q",-0.573967890201332
"T",307,"R","T307R",-0.34064781090195
"T",307,"S","T307S",0.426051556092521
"T",307,"V","T307V",0.76145340108154
"T",307,"W","T307W",0.132951355593015
"T",307,"Y","T307Y",-0.297236442200173
"V",308,"A","V308A",-0.271417897207874
"V",308,"C","V308C",-0.228931295312816
"V",308,"D","V308D",0.852471123411843
"V",308,"E","V308E",-0.0486476600689987
"V",308,"F","V308F",-0.285714273395
"V",308,"G","V308G",-0.0234241961231728
"V",308,"H","V308H",0.600391504058616
"V",308,"I","V308I",0.544837764741342
"V",308,"K","V308K",0.500254323697249
"V",308,"L","V308L",0.0298533486413158
"V",308,"M","V308M",0.531121577181591
"V",308,"N","V308N",0.976975840066368
"V",308,"P","V308P",-0.547599918816666
"V",308,"Q","V308Q",-0.712245161592206
"V",308,"R","V308R",0.438585865966802
"V",308,"S","V308S",-0.318916796806371
"V",308,"T","V308T",0.0639161352893622
"V",308,"W","V308W",-0.416708333704644
"V",308,"Y","V308Y",0.544648700210707
"L",309,"A","L309A",-0.247621843149647
"L",309,"C","L309C",-0.123452995184013
"L",309,"D","L309D",0.968444830845291
"L",309,"E","L309E",0.446319101573588
"L",309,"F","L309F",-0.285898876438096
"L",309,"G","L309G",0.722821601180913
"L",309,"H","L309H",-0.920996617969021
"L",309,"I","L309I",0.492053705772968
"L",309,"K","L309K",0.140572699416945
"L",309,"M","L309M",-0.494859574613155
"L",309,"N","L309N",-0.542388364512106
"L",309,"P","L309P",-0.209222482419692
"L",309,"Q","L309Q",1.18643201751276
"L",309,"R","L309R",-0.251882323036232
"L",309,"S","L309S",0.549851965669855
"L",309,"T","L309T",0.579179764921799
"L",309,"V","L309V",0.456687542657882
"L",309,"W","L309W",-0.205280777388379
"L",309,"Y","L309Y",0.364612245530331
"H",310,"A","H310A",-0.15389691593223
"H",310,"C","H310C",-0.555922528823167
"H",310,"D","H310D",0.64209192761454
"H",310,"E","H310E",-0.850965254396559
"H",310,"F","H310F",2.39359998367877
"H",310,"G","H310G",0.371639747909676
"H",310,"I","H310I",-0.270648151126671
"H",310,"K","H310K",0.0556549542525604
"H",310,"L","H310L",-1.01989005713997
"H",310,"M","H310M",0.0451686616769023
"H",310,"N","H310N",0.236012247134957
"H",310,"P","H310P",-1.03541810513568
"H",310,"Q","H310Q",-2.11120338432252
"H",310,"R","H310R",-0.52957859495544
"H",310,"S","H310S",-0.500243405877539
"H",310,"T","H310T",-0.127921315674102
"H",310,"V","H310V",1.71782487300585
"H",310,"W","H310W",0.1657238782858
"H",310,"Y","H310Y",0.212325512979136
"Q",311,"A","Q311A",-0.328944227247056
"Q",311,"C","Q311C",0.342415073337313
"Q",311,"D","Q311D",-0.10510048150428
"Q",311,"E","Q311E",2.45187873479167
"Q",311,"F","Q311F",-0.429582837611157
"Q",311,"G","Q311G",-1.0753025110691
"Q",311,"H","Q311H",-0.874940634477116
"Q",311,"I","Q311I",0.842918996974763
"Q",311,"K","Q311K",-0.454281346971263
"Q",311,"L","Q311L",0.402361545793339
"Q",311,"M","Q311M",-0.118811830654413
"Q",311,"N","Q311N",2.65002444367464
"Q",311,"P","Q311P",0.166151328433165
"Q",311,"R","Q311R",-1.49001033364703
"Q",311,"S","Q311S",0.048404935154487
"Q",311,"T","Q311T",-2.03485496856449
"Q",311,"V","Q311V",0.0213312352604415
"Q",311,"W","Q311W",-0.828717951147478
"Q",311,"Y","Q311Y",1.19331744722021
"D",312,"A","D312A",-0.920799737982161
"D",312,"C","D312C",-1.36922311807743
"D",312,"E","D312E",0.169749599904384
"D",312,"F","D312F",-0.933995002555589
"D",312,"G","D312G",0.0864964119978887
"D",312,"H","D312H",0.930316926182651
"D",312,"I","D312I",-0.805679834914489
"D",312,"K","D312K",-0.0783784154075217
"D",312,"L","D312L",-0.959976223646232
"D",312,"M","D312M",-0.306251686146561
"D",312,"N","D312N",-0.150962980263832
"D",312,"P","D312P",0.0950248491214937
"D",312,"Q","D312Q",-0.162742577052492
"D",312,"R","D312R",-0.0677840386664656
"D",312,"S","D312S",0.597755995373728
"D",312,"T","D312T",1.06505851800582
"D",312,"V","D312V",0.0795939584699133
"D",312,"W","D312W",0.755789964448124
"D",312,"Y","D312Y",-0.660262737840262
"W",313,"A","W313A",-0.0720134823676151
"W",313,"C","W313C",2.44990538225082
"W",313,"D","W313D",2.1899821590474
"W",313,"E","W313E",-0.660718098883284
"W",313,"F","W313F",0.758086710520572
"W",313,"H","W313H",0.883319611738781
"W",313,"I","W313I",0.501413124058467
"W",313,"K","W313K",1.59185062789638
"W",313,"L","W313L",0.234728079077904
"W",313,"M","W313M",0.315402839624148
"W",313,"N","W313N",0.827357036739098
"W",313,"P","W313P",0.12677013249223
"W",313,"Q","W313Q",0.893179156776533
"W",313,"R","W313R",-1.27795863569687
"W",313,"S","W313S",0.480388827979196
"W",313,"T","W313T",0.486114043395953
"W",313,"V","W313V",0.617332670681483
"W",313,"Y","W313Y",-0.256078075934943
"L",314,"A","L314A",-0.361955344661292
"L",314,"C","L314C",-0.0983733718343523
"L",314,"D","L314D",0.427596769367448
"L",314,"E","L314E",0.251367882323626
"L",314,"F","L314F",1.0812611618824
"L",314,"G","L314G",0.678653537915603
"L",314,"H","L314H",0.574989197706967
"L",314,"I","L314I",0.590630091422472
"L",314,"K","L314K",0.229880349038378
"L",314,"M","L314M",0.368096172432895
"L",314,"N","L314N",-0.954508066696226
"L",314,"P","L314P",-0.766340631274265
"L",314,"Q","L314Q",1.20248813453013
"L",314,"R","L314R",0.0461405056359134
"L",314,"S","L314S",-0.0256628622797826
"L",314,"T","L314T",0.302450729645677
"L",314,"V","L314V",-0.598380106804417
"L",314,"W","L314W",1.28894974240456
"L",314,"Y","L314Y",-0.658704371062845
"N",315,"A","N315A",1.52485934346565
"N",315,"C","N315C",0.426203166298025
"N",315,"D","N315D",0.0337660296120956
"N",315,"E","N315E",0.172145718692123
"N",315,"F","N315F",0.585704836371892
"N",315,"G","N315G",-0.2599506252316
"N",315,"H","N315H",0.390136882546882
"N",315,"I","N315I",1.72780163774106
"N",315,"K","N315K",1.23190840893964
"N",315,"L","N315L",1.58631462086161
"N",315,"M","N315M",-1.32573633960118
"N",315,"P","N315P",-0.471309097147844
"N",315,"Q","N315Q",-1.59050903433656
"N",315,"R","N315R",0.0312804211379353
"N",315,"S","N315S",1.18858368822784
"N",315,"T","N315T",0.256909349843967
"N",315,"V","N315V",0.720822303913588
"N",315,"W","N315W",0.139097336918069
"N",315,"Y","N315Y",2.02753529979997
"G",316,"A","G316A",-0.672049139822817
"G",316,"C","G316C",-0.438528150538345
"G",316,"D","G316D",-0.557831672383714
"G",316,"E","G316E",-1.03441230855396
"G",316,"F","G316F",1.80638513816167
"G",316,"H","G316H",-0.334959989829974
"G",316,"I","G316I",0.343065898311226
"G",316,"K","G316K",1.65311719873493
"G",316,"L","G316L",1.74924690472573
"G",316,"M","G316M",-0.0567735030822416
"G",316,"N","G316N",0.366503357714358
"G",316,"P","G316P",0.170908668028677
"G",316,"Q","G316Q",0.563651240430733
"G",316,"R","G316R",0.929631785971863
"G",316,"S","G316S",0.56121864452317
"G",316,"T","G316T",0.432728779074434
"G",316,"V","G316V",-0.886808719910391
"G",316,"W","G316W",1.37393146697652
"G",316,"Y","G316Y",-0.318730037085153
"K",317,"A","K317A",-0.118956754059255
"K",317,"C","K317C",-0.429746818762595
"K",317,"D","K317D",-0.541822485037692
"K",317,"E","K317E",-0.0960555605896662
"K",317,"F","K317F",0.618553938603022
"K",317,"G","K317G",-0.16274319168503
"K",317,"H","K317H",0.193279755982901
"K",317,"I","K317I",-0.612329099285203
"K",317,"L","K317L",0.233121126362759
"K",317,"M","K317M",-0.0265104914883692
"K",317,"N","K317N",-0.0948651327164572
"K",317,"P","K317P",1.08592663982847
"K",317,"Q","K317Q",0.891579589974328
"K",317,"R","K317R",0.924715178552007
"K",317,"S","K317S",0.688530284217966
"K",317,"T","K317T",0.483727937951375
"K",317,"V","K317V",0.835996906070444
"K",317,"W","K317W",0.49290680194843
"K",317,"Y","K317Y",0.262220925945627
"E",318,"A","E318A",-0.498152900551502
"E",318,"C","E318C",-0.551768466184605
"E",318,"D","E318D",-0.55478516833875
"E",318,"F","E318F",0.0775353191096124
"E",318,"G","E318G",1.02379961016431
"E",318,"H","E318H",1.050844820057
"E",318,"I","E318I",-0.173244662008477
"E",318,"K","E318K",0.0582015395504905
"E",318,"L","E318L",0.634079572310133
"E",318,"M","E318M",-0.040554309833495
"E",318,"N","E318N",0.222902762298653
"E",318,"P","E318P",0.671665652651652
"E",318,"Q","E318Q",0.328068240139754
"E",318,"R","E318R",0.703612259951576
"E",318,"S","E318S",0.287799994045201
"E",318,"T","E318T",2.07534486396172
"E",318,"V","E318V",0.595234121479478
"E",318,"W","E318W",0.494462853640483
"E",318,"Y","E318Y",0.0241684785876596
"Y",319,"A","Y319A",0.229482555684119
"Y",319,"C","Y319C",0.333630425901956
"Y",319,"D","Y319D",-0.398892506187441
"Y",319,"E","Y319E",2.65693755368736
"Y",319,"F","Y319F",-0.545224665183714
"Y",319,"G","Y319G",0.593743153068191
"Y",319,"H","Y319H",-0.444723867320588
"Y",319,"I","Y319I",-0.0214777672537824
"Y",319,"K","Y319K",0.549908086609693
"Y",319,"L","Y319L",0.616618011533363
"Y",319,"M","Y319M",1.51884784011187
"Y",319,"N","Y319N",0.46246386154877
"Y",319,"P","Y319P",0.637677915968289
"Y",319,"Q","Y319Q",2.28590338607688
"Y",319,"R","Y319R",2.18193300196704
"Y",319,"S","Y319S",-0.40621220775996
"Y",319,"T","Y319T",-0.910906748868991
"Y",319,"V","Y319V",2.30244947797928
"Y",319,"W","Y319W",-0.259983349561298
"K",320,"A","K320A",0.528067847820905
"K",320,"C","K320C",0.477054952962988
"K",320,"D","K320D",0.109231633222119
"K",320,"E","K320E",0.0484792021917234
"K",320,"F","K320F",1.29282753591579
"K",320,"G","K320G",0.438524504850553
"K",320,"H","K320H",0.243926512760344
"K",320,"I","K320I",-0.325280544573887
"K",320,"L","K320L",-0.212623741299965
"K",320,"M","K320M",0.265276593137682
"K",320,"N","K320N",0.133736773357909
"K",320,"P","K320P",0.19448429090527
"K",320,"Q","K320Q",-0.357692694230029
"K",320,"R","K320R",0.132474608389834
"K",320,"S","K320S",0.213286363019548
"K",320,"T","K320T",-0.131882104347668
"K",320,"V","K320V",-0.696442633968861
"K",320,"W","K320W",0.260236200967323
"K",320,"Y","K320Y",0.0438661851918916
"C",321,"A","C321A",-0.247774406954816
"C",321,"D","C321D",0.155480814917414
"C",321,"E","C321E",2.05259438043151
"C",321,"F","C321F",1.95093053047541
"C",321,"G","C321G",2.24947074838294
"C",321,"H","C321H",-0.207697695980479
"C",321,"I","C321I",-1.18049560778292
"C",321,"K","C321K",0.446891901253235
"C",321,"L","C321L",0.839142801423834
"C",321,"M","C321M",-0.184888724397
"C",321,"N","C321N",-0.0333225654105702
"C",321,"P","C321P",0.328118557746685
"C",321,"Q","C321Q",0.17203244793234
"C",321,"R","C321R",1.52655633508775
"C",321,"S","C321S",-0.831682117776608
"C",321,"T","C321T",0.135530217681703
"C",321,"V","C321V",0.465793029010938
"C",321,"W","C321W",0.202026348608846
"C",321,"Y","C321Y",0.647098091739495
"K",322,"A","K322A",-0.331015050029124
"K",322,"C","K322C",0.40753332585924
"K",322,"D","K322D",1.83909107862477
"K",322,"E","K322E",-0.561669898764885
"K",322,"F","K322F",1.45308333646377
"K",322,"G","K322G",0.178617450780503
"K",322,"H","K322H",0.0619577615814229
"K",322,"I","K322I",0.729181753845848
"K",322,"L","K322L",0.0585419842504202
"K",322,"M","K322M",0.25574967672753
"K",322,"N","K322N",2.04410396966801
"K",322,"P","K322P",0.574477409124602
"K",322,"Q","K322Q",0.926965777992731
"K",322,"R","K322R",2.07230460107327
"K",322,"S","K322S",0.0718509121846946
"K",322,"T","K322T",0.822587728256133
"K",322,"V","K322V",0.286719152610301
"K",322,"W","K322W",1.40421932854126
"K",322,"Y","K322Y",-0.146274555525398
"V",323,"A","V323A",0.0147336300295891
"V",323,"C","V323C",-0.975998130047186
"V",323,"D","V323D",-0.47728419934405
"V",323,"E","V323E",0.303636425254423
"V",323,"F","V323F",0.027372808368146
"V",323,"G","V323G",0.640149275192329
"V",323,"H","V323H",-0.603154292950995
"V",323,"I","V323I",-0.396620467201348
"V",323,"K","V323K",-0.471273118993921
"V",323,"L","V323L",-0.049992926110305
"V",323,"M","V323M",1.671360958511
"V",323,"N","V323N",-0.156802224898499
"V",323,"P","V323P",-1.82018788681609
"V",323,"Q","V323Q",2.05255751195921
"V",323,"R","V323R",0.146663898135015
"V",323,"S","V323S",-0.148566459381664
"V",323,"T","V323T",-0.195878037083749
"V",323,"W","V323W",0.863819517761018
"V",323,"Y","V323Y",0.972563301411219
"S",324,"A","S324A",-0.893559581801687
"S",324,"C","S324C",-1.00480089893311
"S",324,"D","S324D",-0.453954805703872
"S",324,"E","S324E",-0.804426665468146
"S",324,"F","S324F",-0.412025454624931
"S",324,"G","S324G",-1.13430513190967
"S",324,"H","S324H",1.23746898278896
"S",324,"I","S324I",-0.759773775338432
"S",324,"K","S324K",-0.561429355108338
"S",324,"L","S324L",0.565249402314387
"S",324,"M","S324M",0.119287203893252
"S",324,"N","S324N",-0.159737042757153
"S",324,"P","S324P",-0.65999790113323
"S",324,"Q","S324Q",0.413629113781572
"S",324,"R","S324R",-1.01938889592518
"S",324,"T","S324T",0.556347558373202
"S",324,"V","S324V",-0.68303840008238
"S",324,"W","S324W",0.219597038581959
"S",324,"Y","S324Y",-0.591001977713969
"N",325,"A","N325A",-0.218733689862169
"N",325,"C","N325C",2.49734008528059
"N",325,"D","N325D",0.87769592736858
"N",325,"E","N325E",0.842923356617232
"N",325,"F","N325F",3.79183634815775
"N",325,"G","N325G",0.691059469212581
"N",325,"H","N325H",-1.58953015720335
"N",325,"I","N325I",1.82895188169912
"N",325,"K","N325K",-0.890965961015118
"N",325,"L","N325L",1.98916057387758
"N",325,"M","N325M",4.22250745997976
"N",325,"P","N325P",-0.217306822360058
"N",325,"Q","N325Q",-0.798055973273041
"N",325,"R","N325R",0.885564384319374
"N",325,"S","N325S",2.01188617539141
"N",325,"T","N325T",0.970731156899189
"N",325,"V","N325V",1.66399502250926
"N",325,"W","N325W",0.936108430364804
"N",325,"Y","N325Y",1.87489609846042
"K",326,"A","K326A",-1.61376676818374
"K",326,"C","K326C",-0.202271840170839
"K",326,"D","K326D",1.02907933143233
"K",326,"E","K326E",0.78486390299834
"K",326,"F","K326F",2.8913656872621
"K",326,"G","K326G",1.09572622120482
"K",326,"H","K326H",-0.505096629810126
"K",326,"I","K326I",0.83285657135032
"K",326,"L","K326L",1.00478165147915
"K",326,"M","K326M",-0.605533174980532
"K",326,"N","K326N",-2.10948396344335
"K",326,"P","K326P",-1.01868884651683
"K",326,"Q","K326Q",0.0502809638627119
"K",326,"R","K326R",0.797004658980611
"K",326,"S","K326S",-1.62456165124315
"K",326,"T","K326T",0.420634010528065
"K",326,"V","K326V",-0.865817538056275
"K",326,"W","K326W",-1.33918186898322
"K",326,"Y","K326Y",-0.523455351077171
"A",327,"C","A327C",-0.672057281674361
"A",327,"D","A327D",1.32800250085993
"A",327,"E","A327E",1.259670949833
"A",327,"F","A327F",-2.49405882980886
"A",327,"G","A327G",1.23956655567504
"A",327,"H","A327H",0.295368205650778
"A",327,"I","A327I",0.756257324916674
"A",327,"K","A327K",-1.62736906937681
"A",327,"L","A327L",0.0364892795930105
"A",327,"M","A327M",-0.602424927093906
"A",327,"N","A327N",0.702980187933616
"A",327,"P","A327P",-1.7995777500667
"A",327,"Q","A327Q",-0.310966990784976
"A",327,"R","A327R",0.27780493565226
"A",327,"S","A327S",0.383115894021678
"A",327,"T","A327T",-0.447957804627624
"A",327,"V","A327V",1.4180253538647
"A",327,"W","A327W",0.232305433318114
"A",327,"Y","A327Y",-1.69313792340947
"L",328,"A","L328A",1.39021806053417
"L",328,"C","L328C",-1.26949572350745
"L",328,"D","L328D",4.80447085660694
"L",328,"E","L328E",1.03791390151536
"L",328,"F","L328F",1.69657582952163
"L",328,"G","L328G",0.685385554610383
"L",328,"H","L328H",0.755370129592209
"L",328,"I","L328I",0.998821094685495
"L",328,"K","L328K",-0.821984968650079
"L",328,"M","L328M",2.95090007689446
"L",328,"N","L328N",1.18565400433514
"L",328,"P","L328P",0.696240040267617
"L",328,"Q","L328Q",0.963885730567302
"L",328,"R","L328R",-0.0196649046911765
"L",328,"S","L328S",0.243500816221589
"L",328,"T","L328T",0.866025793201296
"L",328,"V","L328V",0.9946394929146
"L",328,"W","L328W",4.52813132588144
"L",328,"Y","L328Y",2.57807451225495
"P",329,"A","P329A",-2.90585027277919
"P",329,"C","P329C",0.799819380238981
"P",329,"D","P329D",-2.25812825878523
"P",329,"E","P329E",-1.56948137182915
"P",329,"F","P329F",2.92633459417294
"P",329,"G","P329G",-2.81591690950273
"P",329,"H","P329H",-0.266089808179937
"P",329,"I","P329I",1.35004438129288
"P",329,"K","P329K",-2.20303897286498
"P",329,"L","P329L",-2.46745156217999
"P",329,"M","P329M",1.02312948644439
"P",329,"N","P329N",-4.27416896730973
"P",329,"Q","P329Q",0.714829466091539
"P",329,"R","P329R",0.521958589372625
"P",329,"S","P329S",2.01573277874732
"P",329,"T","P329T",-0.689985466145256
"P",329,"V","P329V",-0.934966915791418
"P",329,"W","P329W",2.07569428927709
"P",329,"Y","P329Y",-0.111584293541311
"A",330,"C","A330C",-1.60639298477997
"A",330,"D","A330D",-2.82801063367421
"A",330,"E","A330E",0.373068424808757
"A",330,"F","A330F",-2.95198261496293
"A",330,"G","A330G",1.31090645995681
"A",330,"H","A330H",-0.361621167825012
"A",330,"I","A330I",-1.42469425355024
"A",330,"K","A330K",1.02746711152064
"A",330,"L","A330L",-2.60951618071053
"A",330,"M","A330M",-1.53411186676963
"A",330,"N","A330N",-0.609274308391693
"A",330,"P","A330P",0.0609926501429063
"A",330,"Q","A330Q",0.720623170192548
"A",330,"R","A330R",0.555706926151089
"A",330,"S","A330S",0.6830913707351
"A",330,"T","A330T",-0.0984662062885941
"A",330,"V","A330V",-1.88662319605119
"A",330,"W","A330W",-4.23240886424792
"A",330,"Y","A330Y",-2.03386078251387
"P",331,"A","P331A",0.68720559341117
"P",331,"C","P331C",1.76079879598465
"P",331,"D","P331D",0.47284974061971
"P",331,"E","P331E",0.184818214784269
"P",331,"F","P331F",0.564028784836729
"P",331,"G","P331G",-0.812741407825388
"P",331,"H","P331H",2.21436453781931
"P",331,"I","P331I",0.457834534764431
"P",331,"K","P331K",-0.0758889995001466
"P",331,"L","P331L",0.233926227780945
"P",331,"M","P331M",2.59989334103555
"P",331,"N","P331N",0.0396271412304126
"P",331,"Q","P331Q",1.51842212751969
"P",331,"R","P331R",0.266475673812907
"P",331,"S","P331S",0.312035610866199
"P",331,"T","P331T",0.947478290206737
"P",331,"V","P331V",-1.3958576709811
"P",331,"W","P331W",0.28094628478612
"P",331,"Y","P331Y",0.525090289642282
"I",332,"C","I332C",-0.243867394072846
"I",332,"D","I332D",-3.18678892052465
"I",332,"E","I332E",-2.64263857791478
"I",332,"F","I332F",-0.244961097941742
"I",332,"G","I332G",-0.27396731878609
"I",332,"H","I332H",0.331695829889698
"I",332,"K","I332K",-0.0581896575567026
"I",332,"L","I332L",-0.485870655973773
"I",332,"M","I332M",0.461558561507129
"I",332,"N","I332N",-0.500214166764017
"I",332,"P","I332P",-0.604230409545211
"I",332,"Q","I332Q",-0.54258833647548
"I",332,"R","I332R",-3.09656760330082
"I",332,"S","I332S",-0.814044537811024
"I",332,"T","I332T",-1.68717685884557
"I",332,"V","I332V",0.987137879944513
"I",332,"W","I332W",-0.0228114954891495
"I",332,"Y","I332Y",0.198164378459929
"E",333,"A","E333A",-0.463772658165333
"E",333,"C","E333C",0.694893531970206
"E",333,"D","E333D",-0.639641521830764
"E",333,"F","E333F",0.918501052536428
"E",333,"G","E333G",-0.0320904757575783
"E",333,"H","E333H",0.292924183808805
"E",333,"I","E333I",0.622858017849561
"E",333,"K","E333K",-0.356685481753323
"E",333,"L","E333L",-0.999779464235041
"E",333,"M","E333M",0.250068754493529
"E",333,"N","E333N",0.836734371868605
"E",333,"P","E333P",-1.14788976383433
"E",333,"Q","E333Q",-0.420451363747782
"E",333,"R","E333R",-0.807999263654043
"E",333,"S","E333S",-1.93611326529179
"E",333,"T","E333T",-0.494950734249477
"E",333,"V","E333V",-0.576556465803474
"E",333,"W","E333W",-0.932224074866606
"E",333,"Y","E333Y",-0.350568896115373
"K",334,"A","K334A",-1.27311840994809
"K",334,"C","K334C",-0.683862220120532
"K",334,"D","K334D",-2.27511801805324
"K",334,"E","K334E",-2.42980742908474
"K",334,"F","K334F",-1.37927867126359
"K",334,"G","K334G",-0.0926438062167342
"K",334,"H","K334H",-1.22485756954897
"K",334,"I","K334I",-2.9261955212517
"K",334,"L","K334L",-1.1648826203377
"K",334,"M","K334M",-2.27620150107441
"K",334,"N","K334N",-2.15797870074022
"K",334,"P","K334P",-1.82472825740555
"K",334,"Q","K334Q",-1.02776943112054
"K",334,"R","K334R",0.993748656906121
"K",334,"S","K334S",-0.898664514650976
"K",334,"T","K334T",-1.20721210541818
"K",334,"V","K334V",-2.45286539519757
"K",334,"W","K334W",-0.0283822057362879
"K",334,"Y","K334Y",-3.62029373916508
"T",335,"A","T335A",-0.365557295795176
"T",335,"C","T335C",-0.0852883174726813
"T",335,"D","T335D",-0.0227776858217527
"T",335,"E","T335E",0.279476450894569
"T",335,"F","T335F",-0.266954044063543
"T",335,"G","T335G",0.179796526648098
"T",335,"H","T335H",-0.0424326921868751
"T",335,"I","T335I",0.871585562971837
"T",335,"K","T335K",-0.715544418754552
"T",335,"L","T335L",-0.00355070042668599
"T",335,"M","T335M",-0.225383495026531
"T",335,"N","T335N",1.46010500932503
"T",335,"P","T335P",-0.763609201049986
"T",335,"Q","T335Q",-0.0589749490741958
"T",335,"R","T335R",0.0555786779120028
"T",335,"S","T335S",0.185620153963839
"T",335,"V","T335V",0.399995890854802
"T",335,"W","T335W",0.891877884756955
"T",335,"Y","T335Y",0.297093260819515
"I",336,"A","I336A",-1.28152317972127
"I",336,"C","I336C",-2.02947359650858
"I",336,"D","I336D",-0.378176693284131
"I",336,"E","I336E",-1.67285016033193
"I",336,"F","I336F",0.544267773528507
"I",336,"G","I336G",-0.375869018133166
"I",336,"H","I336H",-0.558255673649544
"I",336,"K","I336K",-0.461998670366702
"I",336,"L","I336L",-0.71018620479652
"I",336,"M","I336M",1.46769356996277
"I",336,"N","I336N",1.63131974758153
"I",336,"P","I336P",0.598833976442399
"I",336,"Q","I336Q",-2.19487728939159
"I",336,"R","I336R",0.686826603023995
"I",336,"S","I336S",-1.33536123035221
"I",336,"T","I336T",-0.170350009063683
"I",336,"V","I336V",-2.07813446410151
"I",336,"W","I336W",-0.875399275034424
"I",336,"Y","I336Y",-1.11196698206599
"S",337,"A","S337A",2.10507458861567
"S",337,"C","S337C",-0.257774102816434
"S",337,"D","S337D",-1.77344204241253
"S",337,"E","S337E",2.39652292516506
"S",337,"F","S337F",0.151643422901079
"S",337,"G","S337G",-0.652825899453669
"S",337,"H","S337H",0.17171118197123
"S",337,"I","S337I",-1.08166719051911
"S",337,"K","S337K",0.790161031272797
"S",337,"L","S337L",-1.36621003123558
"S",337,"M","S337M",1.32014720436663
"S",337,"N","S337N",0.76769591532983
"S",337,"P","S337P",1.12120956516177
"S",337,"Q","S337Q",0.162524086917964
"S",337,"R","S337R",1.31062507142214
"S",337,"T","S337T",0.517168053122021
"S",337,"V","S337V",0.0706363385809044
"S",337,"W","S337W",1.0622284333535
"S",337,"Y","S337Y",1.43688064080278
"K",338,"A","K338A",-0.479495792256069
"K",338,"C","K338C",0.334429053687027
"K",338,"D","K338D",0.63974014643171
"K",338,"E","K338E",0.33226900051707
"K",338,"F","K338F",-1.4023898363224
"K",338,"G","K338G",0.0539542902641203
"K",338,"H","K338H",0.49096858497718
"K",338,"I","K338I",0.192534167948034
"K",338,"L","K338L",0.606846711642996
"K",338,"M","K338M",1.50661805896333
"K",338,"N","K338N",-0.158518650274565
"K",338,"P","K338P",-0.293437219503272
"K",338,"Q","K338Q",1.69793316973739
"K",338,"R","K338R",-0.381659268741965
"K",338,"S","K338S",0.514667593838224
"K",338,"T","K338T",-1.36239757731487
"K",338,"V","K338V",-0.357690032464822
"K",338,"W","K338W",0.918809715667507
"K",338,"Y","K338Y",0.997383316558057
"A",339,"C","A339C",0.667099450089914
"A",339,"D","A339D",0.0573855441698933
"A",339,"E","A339E",-0.189545538004279
"A",339,"F","A339F",0.478720118193657
"A",339,"G","A339G",-0.0854093891358864
"A",339,"H","A339H",-0.609078829445453
"A",339,"I","A339I",-1.37571516734018
"A",339,"K","A339K",-1.079535385042
"A",339,"L","A339L",1.490077888748
"A",339,"M","A339M",0.903623459541163
"A",339,"N","A339N",-0.123916747155608
"A",339,"P","A339P",0.0815703094674592
"A",339,"Q","A339Q",-1.04327023796078
"A",339,"R","A339R",-1.93453878898652
"A",339,"S","A339S",-0.88665434166023
"A",339,"T","A339T",0.189120167205793
"A",339,"V","A339V",1.11925393716288
"A",339,"W","A339W",0.0311522193307357
"A",339,"Y","A339Y",-1.19504347138536
"K",340,"A","K340A",0.264295914956925
"K",340,"C","K340C",-1.02683213190581
"K",340,"D","K340D",-0.0239799917635386
"K",340,"E","K340E",0.217244275232283
"K",340,"F","K340F",-0.0460942979541446
"K",340,"G","K340G",0.0316528569157489
"K",340,"H","K340H",0.8080241337515
"K",340,"I","K340I",-0.307365500528756
"K",340,"L","K340L",0.725686824984651
"K",340,"M","K340M",0.166688603067218
"K",340,"N","K340N",-0.0650646409431778
"K",340,"P","K340P",-0.745569355965825
"K",340,"Q","K340Q",0.153327115289067
"K",340,"R","K340R",2.03420719093657
"K",340,"S","K340S",-0.104844886180425
"K",340,"T","K340T",0.228777328518166
"K",340,"V","K340V",0.412784090711295
"K",340,"W","K340W",-1.25147611365829
"K",340,"Y","K340Y",-0.459803388580809
"G",341,"A","G341A",-0.114784106337089
"G",341,"C","G341C",0.666796690419243
"G",341,"D","G341D",0.0473010833223875
"G",341,"E","G341E",0.183737829528085
"G",341,"F","G341F",0.822281371040909
"G",341,"H","G341H",0.663319158202441
"G",341,"I","G341I",0.614469917911074
"G",341,"K","G341K",0.914448990927613
"G",341,"L","G341L",-0.0560576503528542
"G",341,"M","G341M",-0.29995620674308
"G",341,"N","G341N",1.62132990665757
"G",341,"P","G341P",2.25841729645758
"G",341,"Q","G341Q",0.214474188214018
"G",341,"R","G341R",-0.217354698575474
"G",341,"S","G341S",-0.105368581546249
"G",341,"T","G341T",0.328387515910328
"G",341,"V","G341V",1.23439613717583
"G",341,"W","G341W",0.469327688464673
"G",341,"Y","G341Y",0.203207292301359
"Q",342,"A","Q342A",0.393385850065693
"Q",342,"C","Q342C",-0.697067845655132
"Q",342,"D","Q342D",0.364999626882982
"Q",342,"E","Q342E",-0.7248178798624
"Q",342,"F","Q342F",-0.063176495678184
"Q",342,"G","Q342G",-0.270568695684341
"Q",342,"H","Q342H",0.232347060917492
"Q",342,"I","Q342I",-0.406075916488572
"Q",342,"K","Q342K",-0.466639141677245
"Q",342,"L","Q342L",0.126388105013573
"Q",342,"M","Q342M",-0.168037961900104
"Q",342,"N","Q342N",-0.945654754520172
"Q",342,"P","Q342P",0.700422741261085
"Q",342,"R","Q342R",0.238461162752052
"Q",342,"S","Q342S",0.622505551427775
"Q",342,"T","Q342T",-0.0310433430092384
"Q",342,"V","Q342V",-0.624687756955209
"Q",342,"W","Q342W",-0.429592651594905
"Q",342,"Y","Q342Y",-0.318315750757394
"P",343,"A","P343A",0.804040938475466
"P",343,"C","P343C",0.64813893675324
"P",343,"D","P343D",0.657712112169011
"P",343,"E","P343E",-0.46357309304142
"P",343,"F","P343F",-0.527540785736257
"P",343,"G","P343G",-0.0116569482810306
"P",343,"H","P343H",0.549796311669848
"P",343,"I","P343I",-0.51735178726183
"P",343,"K","P343K",0.784164719767673
"P",343,"L","P343L",0.690310929095282
"P",343,"M","P343M",-0.119810050290869
"P",343,"N","P343N",-0.367688464674044
"P",343,"Q","P343Q",0.609796983101689
"P",343,"R","P343R",1.77065644503431
"P",343,"S","P343S",-0.658600402550133
"P",343,"T","P343T",0.408399832659428
"P",343,"V","P343V",0.462552935685956
"P",343,"W","P343W",1.66390405361675
"P",343,"Y","P343Y",0.398486907872438
"R",344,"A","R344A",-0.757913835733048
"R",344,"C","R344C",0.355478182468857
"R",344,"D","R344D",0.400055319547439
"R",344,"E","R344E",1.07740417694372
"R",344,"F","R344F",0.514387553582886
"R",344,"G","R344G",1.57468851893846
"R",344,"H","R344H",0.659185789105232
"R",344,"I","R344I",1.06008440009961
"R",344,"K","R344K",-0.614972421737797
"R",344,"L","R344L",0.194187454726581
"R",344,"M","R344M",-1.01318459095567
"R",344,"N","R344N",-0.0717186175416972
"R",344,"P","R344P",1.1783242128845
"R",344,"Q","R344Q",0.729996686061633
"R",344,"S","R344S",-0.0859156404865823
"R",344,"T","R344T",0.620599285706228
"R",344,"V","R344V",-0.806138190345537
"R",344,"Y","R344Y",4.87754757169757
"E",345,"A","E345A",0.235647343565241
"E",345,"C","E345C",0.300150316752008
"E",345,"D","E345D",-0.421148624166389
"E",345,"F","E345F",-0.173711397813575
"E",345,"G","E345G",0.921511936582012
"E",345,"H","E345H",-0.597436316163265
"E",345,"I","E345I",-0.132357889746364
"E",345,"K","E345K",-0.630338995556779
"E",345,"L","E345L",0.632528944419756
"E",345,"M","E345M",-0.665753029823228
"E",345,"N","E345N",1.48884051160318
"E",345,"P","E345P",-0.210816595555583
"E",345,"Q","E345Q",0.0671211882797128
"E",345,"R","E345R",0.516551472770094
"E",345,"S","E345S",0.269110368791742
"E",345,"T","E345T",0.84830766321319
"E",345,"V","E345V",1.36909622393745
"E",345,"W","E345W",-0.201558893005663
"E",345,"Y","E345Y",-0.239344789818771
"P",346,"A","P346A",-0.0445870640302123
"P",346,"C","P346C",0.828023151424883
"P",346,"D","P346D",-0.511714610855025
"P",346,"E","P346E",0.565254474956135
"P",346,"F","P346F",1.14127430936198
"P",346,"G","P346G",-0.755854316228398
"P",346,"H","P346H",1.09430137260083
"P",346,"I","P346I",3.00677686397873
"P",346,"K","P346K",-1.2453965283291
"P",346,"L","P346L",-0.859348497738172
"P",346,"M","P346M",-0.414074464809085
"P",346,"N","P346N",0.172472698198168
"P",346,"Q","P346Q",1.01204736214333
"P",346,"R","P346R",-1.75480589028723
"P",346,"S","P346S",-0.107740180581994
"P",346,"T","P346T",0.275613994950709
"P",346,"V","P346V",-0.0875380407866172
"P",346,"W","P346W",0.725437822091095
"P",346,"Y","P346Y",1.10611956046979
"Q",347,"A","Q347A",-0.240187038298949
"Q",347,"C","Q347C",-0.0667121645741439
"Q",347,"D","Q347D",0.850084234209299
"Q",347,"E","Q347E",-0.02859013991156
"Q",347,"F","Q347F",0.849643581535933
"Q",347,"G","Q347G",-1.02258869241722
"Q",347,"H","Q347H",-0.803111430241124
"Q",347,"I","Q347I",0.216736418832616
"Q",347,"K","Q347K",0.107173769539021
"Q",347,"L","Q347L",-0.794493047303498
"Q",347,"M","Q347M",-0.536392199165292
"Q",347,"N","Q347N",-0.151437122576962
"Q",347,"P","Q347P",0.273969005590712
"Q",347,"R","Q347R",0.212223573785568
"Q",347,"S","Q347S",-0.0391978769470458
"Q",347,"T","Q347T",-0.0457721604465988
"Q",347,"V","Q347V",-0.187826030630935
"Q",347,"W","Q347W",0.634634704227385
"Q",347,"Y","Q347Y",0.0552123731202991
"V",348,"A","V348A",0.188375557952351
"V",348,"C","V348C",0.0576054568543849
"V",348,"D","V348D",-2.0423790012205
"V",348,"E","V348E",1.04593208698107
"V",348,"F","V348F",-0.145648401471001
"V",348,"G","V348G",-1.23412284249902
"V",348,"H","V348H",-0.562219867823999
"V",348,"I","V348I",-0.0205481740965608
"V",348,"K","V348K",-0.427454573474274
"V",348,"L","V348L",0.396043436915966
"V",348,"M","V348M",1.0541145154324
"V",348,"N","V348N",-1.74788870805994
"V",348,"P","V348P",0.243197309183091
"V",348,"Q","V348Q",0.510896163922705
"V",348,"R","V348R",-1.38793314556174
"V",348,"S","V348S",-0.711772325326134
"V",348,"T","V348T",-0.212620951884716
"V",348,"W","V348W",0.362609463072332
"V",348,"Y","V348Y",0.674648387262863
"Y",349,"A","Y349A",-0.266424516806468
"Y",349,"C","Y349C",0.223527163160511
"Y",349,"D","Y349D",-0.800019567004698
"Y",349,"E","Y349E",0.24821460601909
"Y",349,"F","Y349F",-0.368853307744111
"Y",349,"G","Y349G",-1.24734395515931
"Y",349,"H","Y349H",-0.8032926614595
"Y",349,"I","Y349I",0.161257573722538
"Y",349,"K","Y349K",0.516325755596314
"Y",349,"L","Y349L",-0.384586246383215
"Y",349,"M","Y349M",-0.29235054645087
"Y",349,"N","Y349N",0.880243215885288
"Y",349,"P","Y349P",1.18264078103916
"Y",349,"Q","Y349Q",0.708247047114735
"Y",349,"R","Y349R",-0.472122308583939
"Y",349,"S","Y349S",0.710565407676363
"Y",349,"T","Y349T",0.0463136228671991
"Y",349,"V","Y349V",-0.187927852343571
"Y",349,"W","Y349W",1.5355091409225
"T",350,"A","T350A",-0.758844050203434
"T",350,"C","T350C",2.5145594836799
"T",350,"D","T350D",-1.27184672297967
"T",350,"E","T350E",0.042673796219292
"T",350,"F","T350F",1.23565377448244
"T",350,"G","T350G",0.332382812958713
"T",350,"H","T350H",0.344544151663577
"T",350,"I","T350I",-0.231289746096067
"T",350,"K","T350K",-0.0311587735070035
"T",350,"L","T350L",-1.21420795327867
"T",350,"M","T350M",0.0971804041314231
"T",350,"N","T350N",-1.73973478477525
"T",350,"P","T350P",0.144900266822879
"T",350,"Q","T350Q",1.10167433109071
"T",350,"R","T350R",1.08637071218901
"T",350,"S","T350S",-1.24508679843066
"T",350,"V","T350V",0.701620433953271
"T",350,"W","T350W",-0.288985271339672
"T",350,"Y","T350Y",0.365525048513526
"L",351,"A","L351A",-0.275581045924749
"L",351,"C","L351C",-0.483091754339497
"L",351,"D","L351D",-0.137344518305688
"L",351,"E","L351E",-1.03034145257255
"L",351,"F","L351F",-0.582224080358598
"L",351,"G","L351G",-0.65672665333242
"L",351,"H","L351H",-0.810996223672181
"L",351,"I","L351I",-0.730060784063272
"L",351,"K","L351K",0.100972891249066
"L",351,"M","L351M",-0.470758939963123
"L",351,"N","L351N",-0.0651821461971921
"L",351,"P","L351P",0.488472640353541
"L",351,"Q","L351Q",-0.307532326665477
"L",351,"R","L351R",-1.61122961571557
"L",351,"S","L351S",0.832379348259453
"L",351,"T","L351T",0.576426736525342
"L",351,"V","L351V",0.145230496166557
"L",351,"W","L351W",-1.70095631092831
"L",351,"Y","L351Y",0.267466540686218
"P",352,"A","P352A",0.68688189128907
"P",352,"C","P352C",0.490676789446938
"P",352,"D","P352D",0.700990758476273
"P",352,"E","P352E",-0.0503832230853042
"P",352,"F","P352F",0.220138067769219
"P",352,"G","P352G",1.11400883239424
"P",352,"H","P352H",1.22037643201266
"P",352,"I","P352I",0.480064564566737
"P",352,"K","P352K",0.102540508851764
"P",352,"L","P352L",-0.599997566352485
"P",352,"M","P352M",-0.739101157389965
"P",352,"N","P352N",0.0425454256520158
"P",352,"Q","P352Q",0.966413522609579
"P",352,"R","P352R",-0.446640190577365
"P",352,"S","P352S",-0.400958275855182
"P",352,"T","P352T",0.37542045669946
"P",352,"V","P352V",-0.313186869752407
"P",352,"W","P352W",-0.278720004037095
"P",352,"Y","P352Y",-0.851319942294716
"P",353,"A","P353A",-0.418992727089443
"P",353,"C","P353C",0.0410566363254999
"P",353,"D","P353D",-0.799851069242672
"P",353,"E","P353E",0.798425888751467
"P",353,"F","P353F",0.346757119205359
"P",353,"G","P353G",-0.446854304924805
"P",353,"H","P353H",-1.15869451556173
"P",353,"I","P353I",0.224099618582686
"P",353,"K","P353K",0.962175494074055
"P",353,"L","P353L",0.684717334066493
"P",353,"M","P353M",0.620001018496352
"P",353,"N","P353N",0.272511223978174
"P",353,"Q","P353Q",-1.39824276337032
"P",353,"R","P353R",0.0760732157995565
"P",353,"S","P353S",-1.15831133960481
"P",353,"T","P353T",-0.0883410802605933
"P",353,"V","P353V",0.146498739056327
"P",353,"W","P353W",-0.287300571696223
"P",353,"Y","P353Y",-0.145406648853694
"S",354,"A","S354A",-1.27911616119107
"S",354,"C","S354C",-0.610635962543675
"S",354,"D","S354D",0.197189694836998
"S",354,"E","S354E",0.560065014042388
"S",354,"F","S354F",-0.288342257715085
"S",354,"G","S354G",-0.53416609956135
"S",354,"H","S354H",1.58919473700307
"S",354,"I","S354I",0.515203466906009
"S",354,"K","S354K",0.834276764893841
"S",354,"L","S354L",-0.178261399523258
"S",354,"M","S354M",-0.921131938903067
"S",354,"N","S354N",0.314682951835008
"S",354,"P","S354P",0.0885747482866073
"S",354,"Q","S354Q",-0.307957238354647
"S",354,"R","S354R",0.0107926780367329
"S",354,"T","S354T",-0.884747079126394
"S",354,"V","S354V",-0.721690848735002
"S",354,"W","S354W",-0.114686902377733
"S",354,"Y","S354Y",2.78251501943525
"R",355,"A","R355A",0.633297914276622
"R",355,"C","R355C",0.372616181950166
"R",355,"D","R355D",-1.1490731802959
"R",355,"E","R355E",-0.0534934087269969
"R",355,"F","R355F",-0.553861101664171
"R",355,"G","R355G",-0.791863740309714
"R",355,"H","R355H",-0.537597796418102
"R",355,"I","R355I",0.560779961560941
"R",355,"K","R355K",0.19840557427853
"R",355,"L","R355L",0.362924667251458
"R",355,"M","R355M",0.122763026997871
"R",355,"N","R355N",1.02963919187541
"R",355,"P","R355P",0.0381654944709593
"R",355,"Q","R355Q",-0.638167571901707
"R",355,"S","R355S",-0.273317159974372
"R",355,"T","R355T",0.225064329342923
"R",355,"V","R355V",-0.0635483912964124
"R",355,"W","R355W",0.854766360594022
"R",355,"Y","R355Y",0.189044883282208
"D",356,"A","D356A",-0.872925213037318
"D",356,"C","D356C",-0.376198371031249
"D",356,"E","D356E",-0.109956688640321
"D",356,"F","D356F",0.201194606086812
"D",356,"G","D356G",-0.494277074268104
"D",356,"H","D356H",-0.456954075582362
"D",356,"I","D356I",0.197159310971493
"D",356,"K","D356K",0.848828708700579
"D",356,"L","D356L",-0.665833711433945
"D",356,"M","D356M",-0.153924248513428
"D",356,"N","D356N",0.682766776196048
"D",356,"P","D356P",-1.34065940144888
"D",356,"Q","D356Q",0.479353442643005
"D",356,"R","D356R",0.459308893921759
"D",356,"S","D356S",0.24860370984681
"D",356,"T","D356T",0.40318835512645
"D",356,"V","D356V",-0.374558864442148
"D",356,"W","D356W",0.712078030141014
"D",356,"Y","D356Y",-0.534076626759776
"E",357,"A","E357A",-0.539168096638835
"E",357,"C","E357C",0.586410946217603
"E",357,"D","E357D",0.403802271827709
"E",357,"F","E357F",-0.156425537292551
"E",357,"G","E357G",-0.599387678698104
"E",357,"H","E357H",0.0147755406052421
"E",357,"I","E357I",0.461576993365791
"E",357,"K","E357K",0.0761528348747359
"E",357,"L","E357L",0.0621432166739459
"E",357,"M","E357M",0.713079422847481
"E",357,"N","E357N",-0.141400387301537
"E",357,"Q","E357Q",0.89953537701495
"E",357,"R","E357R",-0.611850588346085
"E",357,"S","E357S",0.416711695526401
"E",357,"T","E357T",-0.531190523228377
"E",357,"V","E357V",0.917923183243939
"E",357,"W","E357W",0.674458961884115
"E",357,"Y","E357Y",-0.488875979615236
"L",358,"A","L358A",-0.750606366564168
"L",358,"C","L358C",-0.175700844386468
"L",358,"D","L358D",1.26040534420175
"L",358,"E","L358E",-0.607094971880101
"L",358,"F","L358F",-0.706387356232965
"L",358,"G","L358G",-0.466315403056083
"L",358,"H","L358H",-0.555343124978844
"L",358,"I","L358I",1.79179795650739
"L",358,"K","L358K",0.666495044828639
"L",358,"M","L358M",-0.520890530711407
"L",358,"N","L358N",0.0674207674563537
"L",358,"P","L358P",-0.533509041360682
"L",358,"Q","L358Q",-0.822517888134201
"L",358,"R","L358R",0.454870721408311
"L",358,"S","L358S",-0.562281648859934
"L",358,"T","L358T",-0.282935876949379
"L",358,"V","L358V",-1.39618452218619
"L",358,"W","L358W",-0.270768770052003
"L",358,"Y","L358Y",-1.04156523776593
"T",359,"A","T359A",0.688779608050455
"T",359,"C","T359C",0.328088338277889
"T",359,"D","T359D",-0.282235465042859
"T",359,"E","T359E",0.0258209729021745
"T",359,"F","T359F",0.795330390774877
"T",359,"G","T359G",0.0853666266288126
"T",359,"H","T359H",0.566116012675024
"T",359,"I","T359I",-0.0228861189137183
"T",359,"K","T359K",-0.248868978670062
"T",359,"L","T359L",-0.345119030006888
"T",359,"M","T359M",0.996761853499711
"T",359,"N","T359N",-0.0564927891665711
"T",359,"P","T359P",0.384145228100697
"T",359,"Q","T359Q",1.07605161044178
"T",359,"R","T359R",-0.247841449100579
"T",359,"S","T359S",-0.459189707200102
"T",359,"V","T359V",2.38772226198545
"T",359,"W","T359W",0.177485600854063
"T",359,"Y","T359Y",0.05255044065594
"K",360,"A","K360A",-0.331090418307877
"K",360,"C","K360C",0.971595518962703
"K",360,"D","K360D",0.0219883463142758
"K",360,"E","K360E",-0.0954372551106084
"K",360,"F","K360F",-0.000961850646904106
"K",360,"G","K360G",0.396144946731345
"K",360,"H","K360H",0.2115326751216
"K",360,"I","K360I",0.414194361257882
"K",360,"L","K360L",-0.0467912556309616
"K",360,"M","K360M",-0.30361548162468
"K",360,"N","K360N",0.656813367715411
"K",360,"P","K360P",1.65101100917264
"K",360,"Q","K360Q",-0.583993798568336
"K",360,"R","K360R",0.401925927662174
"K",360,"S","K360S",0.497750604806016
"K",360,"T","K360T",0.31528142780144
"K",360,"V","K360V",-0.294834205249793
"K",360,"W","K360W",-0.0910134952200513
"K",360,"Y","K360Y",0.100360011178756
"N",361,"A","N361A",0.196921728628963
"N",361,"C","N361C",0.713074671274896
"N",361,"D","N361D",-0.197703272097523
"N",361,"E","N361E",0.45473171978148
"N",361,"F","N361F",-0.139377627046648
"N",361,"G","N361G",-1.01534855415353
"N",361,"H","N361H",0.0940204554814323
"N",361,"I","N361I",-0.178064018208001
"N",361,"K","N361K",0.104357196995902
"N",361,"L","N361L",-0.0375694147730955
"N",361,"M","N361M",-0.308898120948381
"N",361,"P","N361P",0.0298981001507773
"N",361,"Q","N361Q",0.0314488203734623
"N",361,"R","N361R",-0.541851120775957
"N",361,"S","N361S",-0.268801418285223
"N",361,"T","N361T",-0.067542348929489
"N",361,"V","N361V",-2.25879829724548
"N",361,"W","N361W",-0.582166299065909
"N",361,"Y","N361Y",-0.601165426652721
"Q",362,"A","Q362A",0.114996992073658
"Q",362,"C","Q362C",0.74397781994871
"Q",362,"D","Q362D",0.159566323393096
"Q",362,"E","Q362E",-0.107928059793278
"Q",362,"F","Q362F",-0.874255418409333
"Q",362,"G","Q362G",0.0213795202958048
"Q",362,"H","Q362H",-0.569171397802394
"Q",362,"I","Q362I",1.18293060819289
"Q",362,"K","Q362K",2.11991320981601
"Q",362,"L","Q362L",0.216871511033083
"Q",362,"M","Q362M",1.22952252517942
"Q",362,"N","Q362N",0.595681027001545
"Q",362,"P","Q362P",0.129671264541756
"Q",362,"R","Q362R",0.734275264800426
"Q",362,"S","Q362S",-0.0137558812130161
"Q",362,"T","Q362T",0.365334304594215
"Q",362,"V","Q362V",-0.712084947148019
"Q",362,"W","Q362W",1.20421051585237
"Q",362,"Y","Q362Y",0.287507352744246
"V",363,"A","V363A",0.135125458805901
"V",363,"C","V363C",-0.0736988358019403
"V",363,"D","V363D",0.558009172869646
"V",363,"E","V363E",0.556560189337207
"V",363,"F","V363F",0.107367797973183
"V",363,"G","V363G",0.821892220336717
"V",363,"H","V363H",0.0786177215911104
"V",363,"I","V363I",1.08901926245595
"V",363,"K","V363K",0.950990213450674
"V",363,"L","V363L",-0.102874078414207
"V",363,"M","V363M",-0.36103294307471
"V",363,"N","V363N",-1.0847593057696
"V",363,"P","V363P",0.707774463226713
"V",363,"Q","V363Q",-0.441088895174105
"V",363,"R","V363R",-0.785644427704641
"V",363,"S","V363S",0.719245750018059
"V",363,"T","V363T",-0.137716561542012
"V",363,"W","V363W",0.447346775974166
"V",363,"Y","V363Y",0.339360315891808
"S",364,"A","S364A",-0.124737210610412
"S",364,"C","S364C",-0.325188158369107
"S",364,"D","S364D",0.179847501231421
"S",364,"E","S364E",0.312398146620861
"S",364,"F","S364F",-0.546506460706328
"S",364,"G","S364G",2.14853241222886
"S",364,"H","S364H",-0.550455911499692
"S",364,"I","S364I",0.114960775822138
"S",364,"K","S364K",0.561189176399398
"S",364,"L","S364L",-0.166941624879307
"S",364,"M","S364M",-0.502150337735173
"S",364,"N","S364N",1.19811777685904
"S",364,"P","S364P",0.577949170376187
"S",364,"Q","S364Q",0.555985428533612
"S",364,"R","S364R",-0.546209854453776
"S",364,"T","S364T",-0.302738169132997
"S",364,"V","S364V",-0.0526347885585128
"S",364,"W","S364W",0.00467074580171539
"S",364,"Y","S364Y",0.660609211506259
"L",365,"A","L365A",0.732805070237586
"L",365,"C","L365C",0.887821275215457
"L",365,"D","L365D",-0.168799832631391
"L",365,"E","L365E",-0.920738448989658
"L",365,"F","L365F",-0.301500361456846
"L",365,"G","L365G",-0.0904944690239676
"L",365,"H","L365H",-1.04879779539836
"L",365,"I","L365I",0.307028271484611
"L",365,"K","L365K",-0.241273797884408
"L",365,"M","L365M",0.173626648320083
"L",365,"N","L365N",-0.200370238786188
"L",365,"P","L365P",-0.131978035735725
"L",365,"Q","L365Q",-0.349262217563396
"L",365,"R","L365R",0.826235331278154
"L",365,"S","L365S",-0.350969711078542
"L",365,"T","L365T",-0.263127686125289
"L",365,"V","L365V",0.170615167374644
"L",365,"W","L365W",0.335656333660141
"L",365,"Y","L365Y",0.200848895255824
"T",366,"A","T366A",0.0326697028564022
"T",366,"C","T366C",0.452440551050904
"T",366,"D","T366D",0.00890694831367353
"T",366,"E","T366E",2.40832488677305
"T",366,"F","T366F",-1.21416979794442
"T",366,"G","T366G",-0.764793998748628
"T",366,"H","T366H",-0.942856143507888
"T",366,"I","T366I",-0.503762488776361
"T",366,"K","T366K",-0.171424665779003
"T",366,"L","T366L",-0.201659117848642
"T",366,"M","T366M",-0.551274885892619
"T",366,"N","T366N",0.469685884557698
"T",366,"P","T366P",-0.924605701027779
"T",366,"Q","T366Q",-1.03413805725395
"T",366,"R","T366R",-0.593199197139001
"T",366,"S","T366S",0.498585203857329
"T",366,"V","T366V",-1.72182024857847
"T",366,"W","T366W",0.170393334322968
"T",366,"Y","T366Y",0.741132294658784
"C",367,"A","C367A",-0.701775437071883
"C",367,"D","C367D",-1.95731738990608
"C",367,"E","C367E",0.285482109455599
"C",367,"F","C367F",-0.896298479708813
"C",367,"G","C367G",0.47687907289148
"C",367,"H","C367H",-0.869867372121639
"C",367,"I","C367I",-1.16879311023508
"C",367,"K","C367K",-0.892361342011028
"C",367,"L","C367L",-1.14720696404166
"C",367,"M","C367M",-0.731018806360945
"C",367,"N","C367N",-1.12901244642734
"C",367,"P","C367P",-2.28643418882291
"C",367,"Q","C367Q",0.134259266838554
"C",367,"R","C367R",0.55136567935465
"C",367,"S","C367S",0.485622723060236
"C",367,"T","C367T",-1.22141703655486
"C",367,"V","C367V",0.152166394133109
"C",367,"W","C367W",-0.512496559035204
"C",367,"Y","C367Y",-0.839044293404742
"L",368,"A","L368A",0.580385147708788
"L",368,"C","L368C",0.357463811995802
"L",368,"D","L368D",-0.142326953267492
"L",368,"E","L368E",0.65707309001018
"L",368,"F","L368F",0.672109072791125
"L",368,"G","L368G",-1.75063085550697
"L",368,"H","L368H",1.1312251264278
"L",368,"I","L368I",-0.729385874878469
"L",368,"K","L368K",0.672007545759332
"L",368,"M","L368M",-1.00321837806499
"L",368,"N","L368N",-0.393581633255591
"L",368,"P","L368P",-0.250551192791904
"L",368,"Q","L368Q",-0.41015495126908
"L",368,"R","L368R",-1.37814061829989
"L",368,"S","L368S",0.455020454188708
"L",368,"T","L368T",-0.765058381983487
"L",368,"V","L368V",0.800839920642946
"L",368,"W","L368W",-0.544089888921508
"L",368,"Y","L368Y",0.228730581553787
"V",369,"A","V369A",0.56440053061918
"V",369,"C","V369C",-0.320511414715003
"V",369,"D","V369D",1.01264713542881
"V",369,"E","V369E",-0.0757052093112405
"V",369,"F","V369F",0.057247999245154
"V",369,"G","V369G",0.610118359659371
"V",369,"H","V369H",0.68026426267744
"V",369,"I","V369I",0.682399666866339
"V",369,"K","V369K",-1.51567437385847
"V",369,"L","V369L",-0.745782749954499
"V",369,"M","V369M",-0.927475670777549
"V",369,"N","V369N",1.14452244839186
"V",369,"P","V369P",0.200511474256938
"V",369,"Q","V369Q",0.306999229064578
"V",369,"R","V369R",-1.76053583884166
"V",369,"S","V369S",-1.15714071766524
"V",369,"T","V369T",0.656514144163145
"V",369,"W","V369W",0.285917116153101
"V",369,"Y","V369Y",0.220254975719578
"K",370,"C","K370C",0.814469618109788
"K",370,"D","K370D",-0.58883482806693
"K",370,"E","K370E",1.03081176492986
"K",370,"F","K370F",0.616525133629473
"K",370,"G","K370G",1.05710765468462
"K",370,"H","K370H",-1.32520432813079
"K",370,"I","K370I",-0.166663801143878
"K",370,"L","K370L",0.471123484235856
"K",370,"M","K370M",0.616196098020529
"K",370,"N","K370N",-0.855425385639613
"K",370,"P","K370P",-1.03047043949944
"K",370,"Q","K370Q",-0.644422487066133
"K",370,"R","K370R",-0.219807147573907
"K",370,"S","K370S",-1.14161374726724
"K",370,"T","K370T",-0.352966974462896
"K",370,"V","K370V",0.873145959745186
"K",370,"W","K370W",0.0570178295010942
"K",370,"Y","K370Y",-0.857472726493838
"G",371,"A","G371A",-1.77078442605799
"G",371,"C","G371C",1.02878264124573
"G",371,"D","G371D",0.49777450894111
"G",371,"E","G371E",-0.270228608230863
"G",371,"F","G371F",-0.158170838032625
"G",371,"H","G371H",-0.0163997330403396
"G",371,"I","G371I",0.350292499079109
"G",371,"K","G371K",0.939667899075562
"G",371,"L","G371L",0.244284567203027
"G",371,"M","G371M",0.387342691060794
"G",371,"N","G371N",-0.998997641681811
"G",371,"P","G371P",0.374526693330367
"G",371,"Q","G371Q",-0.0791212758408297
"G",371,"R","G371R",-0.336215573635536
"G",371,"S","G371S",0.547768104420504
"G",371,"T","G371T",0.19980633051466
"G",371,"V","G371V",-0.736805216487363
"G",371,"W","G371W",0.320619181189612
"G",371,"Y","G371Y",0.0662296705397453
"F",372,"A","F372A",0.832436498577873
"F",372,"C","F372C",-1.03150515860464
"F",372,"D","F372D",-1.25914845233247
"F",372,"E","F372E",0.00627580159410888
"F",372,"G","F372G",0.29422772307233
"F",372,"H","F372H",1.35046047120299
"F",372,"I","F372I",1.10439994221247
"F",372,"K","F372K",2.08739932918695
"F",372,"L","F372L",-1.30815981142031
"F",372,"M","F372M",-0.144959878708466
"F",372,"N","F372N",0.762374018336788
"F",372,"P","F372P",1.08678807151526
"F",372,"Q","F372Q",0.0943792195495541
"F",372,"R","F372R",-0.729274326212369
"F",372,"S","F372S",0.400421112095945
"F",372,"T","F372T",-0.0668253132316543
"F",372,"V","F372V",0.586595007004529
"F",372,"W","F372W",-0.747052882953191
"F",372,"Y","F372Y",-1.26443846497995
"Y",373,"A","Y373A",0.455001358998361
"Y",373,"C","Y373C",-1.56536596658605
"Y",373,"D","Y373D",-0.594468384086244
"Y",373,"E","Y373E",0.659900364425144
"Y",373,"F","Y373F",-0.00690962939519681
"Y",373,"G","Y373G",0.409748572775461
"Y",373,"H","Y373H",1.89665761737409
"Y",373,"I","Y373I",1.73692169388092
"Y",373,"K","Y373K",0.127267773534672
"Y",373,"L","Y373L",0.532648476442511
"Y",373,"M","Y373M",0.0894113216966375
"Y",373,"N","Y373N",0.173482042972399
"Y",373,"P","Y373P",-0.691596333307824
"Y",373,"Q","Y373Q",0.21707363761058
"Y",373,"R","Y373R",1.13300368540945
"Y",373,"S","Y373S",-0.966266048617564
"Y",373,"T","Y373T",-0.229513138781478
"Y",373,"V","Y373V",-0.283556624062288
"Y",373,"W","Y373W",3.45454959921953
"P",374,"A","P374A",-0.287888877269783
"P",374,"C","P374C",-1.92627123468574
"P",374,"D","P374D",0.507505403267521
"P",374,"E","P374E",-0.990543835635128
"P",374,"F","P374F",-3.45237410257003
"P",374,"G","P374G",0.991979696173051
"P",374,"H","P374H",-0.102243730554046
"P",374,"I","P374I",-0.42706383691321
"P",374,"K","P374K",-0.519783384435146
"P",374,"L","P374L",-0.907013337209824
"P",374,"M","P374M",0.364009799275454
"P",374,"N","P374N",0.53489840583074
"P",374,"Q","P374Q",-1.70615630463226
"P",374,"R","P374R",0.38800301516516
"P",374,"S","P374S",-0.391688136232664
"P",374,"T","P374T",-0.0865132134376857
"P",374,"V","P374V",0.387108559868042
"P",374,"W","P374W",-1.04611591637459
"P",374,"Y","P374Y",0.125744132922911
"S",375,"A","S375A",-0.0369663071638084
"S",375,"C","S375C",1.87183348140426
"S",375,"D","S375D",-1.02679026322272
"S",375,"E","S375E",1.86528429658694
"S",375,"F","S375F",-0.690340533580371
"S",375,"G","S375G",-1.16646085538882
"S",375,"H","S375H",-0.783379692779848
"S",375,"I","S375I",-0.988283525958595
"S",375,"K","S375K",-0.262784262290002
"S",375,"L","S375L",-1.2492845903728
"S",375,"M","S375M",-0.147990889668054
"S",375,"N","S375N",-0.833671782398736
"S",375,"P","S375P",-0.312865266583181
"S",375,"Q","S375Q",0.893683075142187
"S",375,"R","S375R",-0.982921920129308
"S",375,"T","S375T",0.732471626633836
"S",375,"V","S375V",-0.694570285380423
"S",375,"W","S375W",0.0471137282703907
"S",375,"Y","S375Y",-0.00133102961168463
"D",376,"A","D376A",0.736893889438136
"D",376,"C","D376C",-1.3720454476474
"D",376,"E","D376E",1.1914141316103
"D",376,"F","D376F",0.789366295559126
"D",376,"G","D376G",0.7575698129647
"D",376,"H","D376H",-1.18882170164519
"D",376,"I","D376I",-2.14742101100466
"D",376,"K","D376K",-1.54328353814967
"D",376,"L","D376L",0.273242721304451
"D",376,"M","D376M",-0.138934782421669
"D",376,"N","D376N",0.82832064662532
"D",376,"P","D376P",0.766608316374652
"D",376,"Q","D376Q",-1.48031374739346
"D",376,"R","D376R",0.779525989920859
"D",376,"S","D376S",-1.62232425520936
"D",376,"T","D376T",0.157913597003372
"D",376,"V","D376V",-1.20898550369182
"D",376,"W","D376W",-1.12452730096247
"D",376,"Y","D376Y",-0.566401798208811
"I",377,"A","I377A",-0.52236290664659
"I",377,"C","I377C",0.0300817473411381
"I",377,"D","I377D",-0.094860942858978
"I",377,"E","I377E",-0.205169514538896
"I",377,"F","I377F",-0.537529650262609
"I",377,"G","I377G",-2.63829087346411
"I",377,"H","I377H",-2.33672947775324
"I",377,"K","I377K",0.0161947029640905
"I",377,"L","I377L",-0.195143049671341
"I",377,"M","I377M",-0.675339052466871
"I",377,"N","I377N",-0.150475311350393
"I",377,"P","I377P",1.11497422218461
"I",377,"Q","I377Q",-0.857260297247424
"I",377,"R","I377R",-0.465519539793302
"I",377,"S","I377S",0.172070574221895
"I",377,"T","I377T",-0.396575914087682
"I",377,"V","I377V",-0.120512134181108
"I",377,"W","I377W",-1.64707172722267
"I",377,"Y","I377Y",-1.98613910748776
"A",378,"C","A378C",-1.27110598447901
"A",378,"D","A378D",-0.752620804702507
"A",378,"E","A378E",0.411384914603042
"A",378,"F","A378F",1.14006630689909
"A",378,"G","A378G",0.886992473927057
"A",378,"H","A378H",-0.903001200271697
"A",378,"I","A378I",2.24596160003408
"A",378,"K","A378K",-1.34837140292268
"A",378,"L","A378L",-1.63807884758577
"A",378,"M","A378M",0.0157361950166749
"A",378,"N","A378N",-1.51974842650624
"A",378,"P","A378P",-1.04325962562813
"A",378,"Q","A378Q",3.03199877581514
"A",378,"R","A378R",-0.0561966072997708
"A",378,"S","A378S",0.984910243491524
"A",378,"T","A378T",-0.079223771831455
"A",378,"V","A378V",-3.11828844508075
"A",378,"W","A378W",-0.432213716077778
"A",378,"Y","A378Y",-0.402101206950051
"V",379,"A","V379A",0.13915926712946
"V",379,"C","V379C",-0.000502980529275141
"V",379,"D","V379D",-0.326450441673445
"V",379,"E","V379E",-1.72636538148361
"V",379,"F","V379F",0.871952958403298
"V",379,"G","V379G",0.805228365305789
"V",379,"H","V379H",2.2289368788166
"V",379,"I","V379I",-1.13333628117462
"V",379,"K","V379K",0.282419075216289
"V",379,"L","V379L",-0.354861434691712
"V",379,"M","V379M",0.809485420087385
"V",379,"N","V379N",-0.490451727413517
"V",379,"P","V379P",-0.468763444410661
"V",379,"Q","V379Q",0.675412637446226
"V",379,"R","V379R",-0.909914115247305
"V",379,"S","V379S",-0.682574192489614
"V",379,"T","V379T",-0.145499097218497
"V",379,"W","V379W",-4.23063496718228
"V",379,"Y","V379Y",-0.68630622832302
"E",380,"A","E380A",-0.443640810947643
"E",380,"C","E380C",0.629599115037696
"E",380,"D","E380D",0.434200845741812
"E",380,"F","E380F",-0.978054959993857
"E",380,"G","E380G",-0.640460382209904
"E",380,"H","E380H",0.538954656728415
"E",380,"I","E380I",-0.0577447903476628
"E",380,"K","E380K",-1.1245698048013
"E",380,"L","E380L",0.0516930800442452
"E",380,"M","E380M",-0.173843556102031
"E",380,"N","E380N",-0.329429459161298
"E",380,"P","E380P",-0.173407573765825
"E",380,"Q","E380Q",-0.015171578131173
"E",380,"R","E380R",-1.23534772580258
"E",380,"S","E380S",0.575920501242085
"E",380,"T","E380T",1.69865220078841
"E",380,"V","E380V",0.24666894918362
"E",380,"W","E380W",0.798963962951799
"E",380,"Y","E380Y",1.07014528473614
"W",381,"A","W381A",-0.117320943140529
"W",381,"C","W381C",-1.65958668736894
"W",381,"D","W381D",-2.32687459877588
"W",381,"E","W381E",0.64757371074893
"W",381,"F","W381F",0.441308384823923
"W",381,"G","W381G",-1.68822013636364
"W",381,"H","W381H",-1.21151997722684
"W",381,"I","W381I",0.348496078474307
"W",381,"K","W381K",-4.42521684767221
"W",381,"L","W381L",0.927361254368616
"W",381,"M","W381M",0.0655459387630322
"W",381,"N","W381N",-0.768360128982534
"W",381,"P","W381P",-1.95131334903142
"W",381,"Q","W381Q",-1.96774669388369
"W",381,"R","W381R",-1.79299273054804
"W",381,"S","W381S",-1.88216541330657
"W",381,"T","W381T",-0.281834483992734
"W",381,"V","W381V",-0.0115663765568732
"W",381,"Y","W381Y",-0.258549327474988
"E",382,"A","E382A",-0.295744939934331
"E",382,"C","E382C",0.344847448628219
"E",382,"D","E382D",-0.740673258968663
"E",382,"F","E382F",-0.292781607230798
"E",382,"G","E382G",-1.15771897165528
"E",382,"H","E382H",0.038988664625544
"E",382,"I","E382I",-0.655040071103011
"E",382,"K","E382K",-0.224642900170609
"E",382,"L","E382L",-0.492851526020508
"E",382,"M","E382M",1.34860031032417
"E",382,"N","E382N",-0.782199770818558
"E",382,"P","E382P",1.4591383934123
"E",382,"Q","E382Q",0.0171543054076905
"E",382,"R","E382R",-1.58798575685364
"E",382,"S","E382S",-0.32772278742715
"E",382,"T","E382T",-0.362733156847059
"E",382,"V","E382V",-0.579283781469809
"E",382,"W","E382W",-0.886693066883432
"E",382,"Y","E382Y",1.14058278526703
"S",383,"A","S383A",0.182624740900577
"S",383,"C","S383C",0.679881482646858
"S",383,"D","S383D",-0.579681099436915
"S",383,"E","S383E",-0.323789631458627
"S",383,"F","S383F",-0.597213997187183
"S",383,"G","S383G",0.0586668400241085
"S",383,"H","S383H",-0.129358202196886
"S",383,"I","S383I",0.333352331242302
"S",383,"K","S383K",-0.136115630699998
"S",383,"L","S383L",0.891487230404626
"S",383,"M","S383M",1.573273051298
"S",383,"N","S383N",0.769095677206262
"S",383,"P","S383P",-0.237590437221931
"S",383,"Q","S383Q",-0.289265167042686
"S",383,"R","S383R",-1.12204769608952
"S",383,"T","S383T",0.20005483752053
"S",383,"V","S383V",-0.472115189046754
"S",383,"W","S383W",-0.54202076375321
"S",383,"Y","S383Y",-0.476681727470929
"N",384,"A","N384A",0.733067351208027
"N",384,"C","N384C",-0.826813013677209
"N",384,"D","N384D",-0.400411522822235
"N",384,"E","N384E",-1.18920136682919
"N",384,"F","N384F",-0.589485778271786
"N",384,"G","N384G",0.16725305240743
"N",384,"H","N384H",-0.535771901336126
"N",384,"I","N384I",0.0475553098783677
"N",384,"K","N384K",-1.28292310045401
"N",384,"L","N384L",0.635735072719309
"N",384,"M","N384M",0.112466128006229
"N",384,"P","N384P",-0.624244505764932
"N",384,"Q","N384Q",-0.0783778690889657
"N",384,"R","N384R",-1.74610136242316
"N",384,"S","N384S",-0.53079704388371
"N",384,"T","N384T",0.381247109309074
"N",384,"V","N384V",-0.361307309603709
"N",384,"W","N384W",-0.10912376945138
"N",384,"Y","N384Y",0.801601643564163
"G",385,"A","G385A",-0.919500778472819
"G",385,"C","G385C",0.330914948128715
"G",385,"D","G385D",-0.331076930378348
"G",385,"E","G385E",1.74115503011793
"G",385,"F","G385F",-0.780699221896957
"G",385,"H","G385H",0.963895507719655
"G",385,"I","G385I",-0.464870398229261
"G",385,"K","G385K",0.428487116859064
"G",385,"L","G385L",-1.05668754779327
"G",385,"M","G385M",-0.318589690495958
"G",385,"N","G385N",0.540494797437073
"G",385,"P","G385P",-0.035453516435309
"G",385,"Q","G385Q",0.668453516636825
"G",385,"R","G385R",-0.114223034518081
"G",385,"S","G385S",0.301333727456864
"G",385,"T","G385T",0.302989834829977
"G",385,"V","G385V",-0.171951395975143
"G",385,"W","G385W",-0.677031583203378
"G",385,"Y","G385Y",0.268764338529338
"Q",386,"A","Q386A",-0.0771351917454309
"Q",386,"C","Q386C",0.662475473233327
"Q",386,"D","Q386D",-0.34320015061555
"Q",386,"E","Q386E",-0.0538104964097813
"Q",386,"F","Q386F",0.323561696604117
"Q",386,"G","Q386G",0.427853580106618
"Q",386,"H","Q386H",-0.850906865575973
"Q",386,"I","Q386I",0.584529344724534
"Q",386,"K","Q386K",-0.478333929177086
"Q",386,"L","Q386L",0.225481591334719
"Q",386,"M","Q386M",0.187947589162247
"Q",386,"N","Q386N",-0.0857692331170798
"Q",386,"P","Q386P",0.51907113771726
"Q",386,"R","Q386R",-0.384870287080592
"Q",386,"S","Q386S",-1.3213122648168
"Q",386,"V","Q386V",-0.517427593898313
"Q",386,"W","Q386W",-0.383375931780136
"Q",386,"Y","Q386Y",0.675888690370768
"P",387,"A","P387A",-0.0593673796801169
"P",387,"C","P387C",-0.612375163384953
"P",387,"D","P387D",0.209605302324425
"P",387,"E","P387E",-0.534970826951251
"P",387,"F","P387F",-1.0198585804765
"P",387,"G","P387G",-0.248643699546521
"P",387,"H","P387H",0.595024190611055
"P",387,"I","P387I",0.0315015319255879
"P",387,"K","P387K",0.515994025552308
"P",387,"L","P387L",-0.265538643058089
"P",387,"M","P387M",0.779712324628133
"P",387,"N","P387N",0.288601566547281
"P",387,"Q","P387Q",0.510577174222347
"P",387,"R","P387R",-0.166673825773168
"P",387,"S","P387S",-0.689061004277795
"P",387,"T","P387T",-0.371459909594285
"P",387,"V","P387V",1.07570748099282
"P",387,"W","P387W",-1.07551874381196
"P",387,"Y","P387Y",-0.302953253213545
"E",388,"A","E388A",-0.879116863739871
"E",388,"C","E388C",1.75346607552903
"E",388,"D","E388D",-0.133653054667071
"E",388,"F","E388F",-0.271788902454816
"E",388,"G","E388G",-0.137392876355019
"E",388,"H","E388H",-1.20267325556315
"E",388,"I","E388I",-0.102550596552707
"E",388,"K","E388K",-0.60934801451125
"E",388,"L","E388L",0.489913654079847
"E",388,"M","E388M",0.51892978241723
"E",388,"N","E388N",-0.833486556299715
"E",388,"P","E388P",0.22595475927661
"E",388,"Q","E388Q",0.215751465942164
"E",388,"R","E388R",-0.329115468205696
"E",388,"S","E388S",0.286023373846094
"E",388,"T","E388T",0.891206750404363
"E",388,"V","E388V",-1.27615393274878
"E",388,"W","E388W",-0.688895445141062
"E",388,"Y","E388Y",0.422050478958564
"N",389,"A","N389A",-0.316397587254731
"N",389,"C","N389C",0.92584095690614
"N",389,"D","N389D",0.43628685796367
"N",389,"E","N389E",-1.15346837934255
"N",389,"F","N389F",-0.051510597266668
"N",389,"G","N389G",-1.1289987563279
"N",389,"H","N389H",-0.905796679867793
"N",389,"I","N389I",-0.442676995205268
"N",389,"K","N389K",-0.221144167475687
"N",389,"L","N389L",-0.662408659617198
"N",389,"M","N389M",0.214766957296314
"N",389,"P","N389P",1.60848297958027
"N",389,"Q","N389Q",0.0127853736584835
"N",389,"R","N389R",-1.122581536194
"N",389,"S","N389S",-1.29746701103958
"N",389,"T","N389T",0.185802432416115
"N",389,"V","N389V",0.592320713238578
"N",389,"W","N389W",-0.126805660798699
"N",389,"Y","N389Y",-0.428901396382711
"N",390,"A","N390A",0.0847528124215402
"N",390,"C","N390C",-0.333432690856392
"N",390,"D","N390D",0.0276638024739225
"N",390,"E","N390E",1.60292937912151
"N",390,"F","N390F",0.248383775166554
"N",390,"G","N390G",0.181507363052809
"N",390,"H","N390H",0.668806114850476
"N",390,"I","N390I",0.291054385465704
"N",390,"K","N390K",1.39728308780902
"N",390,"L","N390L",4.92590457829615
"N",390,"M","N390M",-0.831454049135934
"N",390,"P","N390P",0.369803228066038
"N",390,"Q","N390Q",0.520901750501649
"N",390,"R","N390R",0.276605540003834
"N",390,"S","N390S",-0.167992983424419
"N",390,"T","N390T",1.26611126754672
"N",390,"V","N390V",0.144788227527359
"N",390,"W","N390W",0.0434472487936329
"N",390,"Y","N390Y",-0.125416301448968
"Y",391,"A","Y391A",-0.58246278544306
"Y",391,"C","Y391C",-0.801971354310335
"Y",391,"D","Y391D",0.56978194395165
"Y",391,"E","Y391E",1.65362021982725
"Y",391,"F","Y391F",1.93550219895058
"Y",391,"G","Y391G",-0.360896292941925
"Y",391,"H","Y391H",-0.596921278690186
"Y",391,"I","Y391I",0.347247483751145
"Y",391,"K","Y391K",-0.79430096298433
"Y",391,"L","Y391L",0.365540316103914
"Y",391,"M","Y391M",0.620366723825469
"Y",391,"N","Y391N",1.27585917561789
"Y",391,"P","Y391P",-0.778096046385691
"Y",391,"Q","Y391Q",1.5549644616583
"Y",391,"R","Y391R",-0.539263318044755
"Y",391,"S","Y391S",-0.685277132062198
"Y",391,"T","Y391T",-0.61874674756408
"Y",391,"V","Y391V",-0.739380943707216
"Y",391,"W","Y391W",0.786357740125326
"K",392,"A","K392A",-0.0344685454707334
"K",392,"C","K392C",0.284501241158791
"K",392,"D","K392D",-0.40796008249778
"K",392,"E","K392E",0.0871892724817966
"K",392,"F","K392F",0.12229597546093
"K",392,"G","K392G",-0.974491669101123
"K",392,"H","K392H",0.399891456219171
"K",392,"I","K392I",-0.7867304748344
"K",392,"L","K392L",-0.286687443875386
"K",392,"M","K392M",1.10288404796615
"K",392,"N","K392N",0.754582910297678
"K",392,"P","K392P",-0.0424691358320218
"K",392,"Q","K392Q",0.137760622205632
"K",392,"R","K392R",0.211868110482064
"K",392,"S","K392S",-1.86643672431136
"K",392,"T","K392T",-1.80877557508812
"K",392,"V","K392V",-1.21766130176873
"K",392,"W","K392W",-0.398399308456106
"K",392,"Y","K392Y",0.94760838502896
"T",393,"A","T393A",-0.139803943206197
"T",393,"C","T393C",-0.540589472946053
"T",393,"D","T393D",0.210947660463008
"T",393,"E","T393E",1.00415431439359
"T",393,"F","T393F",-0.873491292436002
"T",393,"G","T393G",-0.389424043020618
"T",393,"H","T393H",-0.612089921380744
"T",393,"I","T393I",0.404827570926405
"T",393,"K","T393K",-0.576202231043323
"T",393,"L","T393L",1.13185234412986
"T",393,"M","T393M",0.00624029626744506
"T",393,"N","T393N",0.179564830301682
"T",393,"P","T393P",-0.544626242890491
"T",393,"Q","T393Q",-0.724345170054491
"T",393,"R","T393R",-0.419601807888701
"T",393,"S","T393S",1.59428104925883
"T",393,"V","T393V",-0.351691899958059
"T",393,"W","T393W",-0.39122302461172
"T",393,"Y","T393Y",-0.760365924720546
"T",394,"A","T394A",-1.39584645214552
"T",394,"C","T394C",-0.778682574356509
"T",394,"D","T394D",-1.31341262807303
"T",394,"E","T394E",0.0923556623872981
"T",394,"F","T394F",0.52150182449216
"T",394,"G","T394G",-0.332684182628619
"T",394,"H","T394H",-1.08922794434532
"T",394,"I","T394I",-1.70144411435893
"T",394,"K","T394K",-0.421731780545264
"T",394,"L","T394L",-1.50051557045151
"T",394,"M","T394M",-0.189290995301323
"T",394,"N","T394N",-1.40455703858489
"T",394,"P","T394P",-0.0417721906525072
"T",394,"Q","T394Q",0.476637328901557
"T",394,"R","T394R",-0.591835896246737
"T",394,"S","T394S",0.0153013660723384
"T",394,"V","T394V",-0.366383979862331
"T",394,"W","T394W",-0.526239851799263
"T",394,"Y","T394Y",0.179039072520703
"P",395,"A","P395A",0.169830209792733
"P",395,"C","P395C",1.05333453052362
"P",395,"D","P395D",-0.171105866671297
"P",395,"E","P395E",-0.331421197133728
"P",395,"F","P395F",0.132880210594362
"P",395,"G","P395G",0.208530988896821
"P",395,"H","P395H",-0.298439105142255
"P",395,"I","P395I",-1.20796609435748
"P",395,"K","P395K",-1.55800433031824
"P",395,"L","P395L",-0.0577527477863614
"P",395,"M","P395M",1.34955063831396
"P",395,"N","P395N",-0.411024050872605
"P",395,"Q","P395Q",-0.154207967834839
"P",395,"R","P395R",-0.482421177117381
"P",395,"S","P395S",0.380888919690712
"P",395,"T","P395T",-0.803128150121519
"P",395,"V","P395V",1.0411012121153
"P",395,"W","P395W",-1.92765602807432
"P",395,"Y","P395Y",0.773815916680956
"P",396,"A","P396A",1.17328504272947
"P",396,"C","P396C",0.185636478246459
"P",396,"D","P396D",-1.49876363887196
"P",396,"E","P396E",-0.640292235142237
"P",396,"F","P396F",-0.840879431299481
"P",396,"G","P396G",-0.363210642064901
"P",396,"H","P396H",-0.645038840011655
"P",396,"I","P396I",-2.2487444027297
"P",396,"K","P396K",-0.108248827686999
"P",396,"L","P396L",-1.57080267098459
"P",396,"M","P396M",-0.823140471460049
"P",396,"N","P396N",0.569851553599995
"P",396,"Q","P396Q",-1.31107410557997
"P",396,"R","P396R",-0.639570494861254
"P",396,"S","P396S",-1.34431689882869
"P",396,"T","P396T",-0.763008408555196
"P",396,"V","P396V",0.0215349592588188
"P",396,"W","P396W",0.802516638344574
"P",396,"Y","P396Y",-0.728754867472799
"V",397,"A","V397A",0.375279690887453
"V",397,"C","V397C",-0.839530227971344
"V",397,"D","V397D",-1.34725550439522
"V",397,"E","V397E",0.781329342952175
"V",397,"F","V397F",1.23016319470472
"V",397,"G","V397G",0.315672462673329
"V",397,"H","V397H",-1.20819214523076
"V",397,"I","V397I",0.356032754193926
"V",397,"K","V397K",-1.58772017109479
"V",397,"L","V397L",1.24159740233094
"V",397,"M","V397M",0.0802568799199232
"V",397,"N","V397N",-0.280929303823015
"V",397,"P","V397P",-0.386544076444449
"V",397,"Q","V397Q",-1.17179299828917
"V",397,"R","V397R",-1.15459322403785
"V",397,"S","V397S",1.30996021542514
"V",397,"T","V397T",-0.162929927443881
"V",397,"W","V397W",-1.45617937454742
"V",397,"Y","V397Y",-1.27794580794442
"L",398,"A","L398A",-0.602983420479228
"L",398,"C","L398C",0.23985440278861
"L",398,"D","L398D",0.568057465118976
"L",398,"E","L398E",-0.259945223195045
"L",398,"F","L398F",-0.0334491067423566
"L",398,"G","L398G",0.224098053953706
"L",398,"H","L398H",0.526628203961598
"L",398,"I","L398I",-1.23572601721953
"L",398,"K","L398K",-0.645050323318197
"L",398,"M","L398M",-1.10156706871327
"L",398,"N","L398N",1.32005936360126
"L",398,"P","L398P",0.323766477902093
"L",398,"Q","L398Q",-0.874855704187682
"L",398,"R","L398R",-1.73985513953158
"L",398,"S","L398S",0.0728100528748519
"L",398,"T","L398T",0.24808500173974
"L",398,"V","L398V",-1.09116227879787
"L",398,"W","L398W",1.44681020883957
"L",398,"Y","L398Y",-0.0811135356554984
"D",399,"A","D399A",-0.0925995585341867
"D",399,"C","D399C",0.0195707246776823
"D",399,"E","D399E",-0.214932475986363
"D",399,"F","D399F",-0.880941025035883
"D",399,"G","D399G",-1.31819279354716
"D",399,"H","D399H",-1.20658235530067
"D",399,"I","D399I",-0.643915929122367
"D",399,"K","D399K",-0.290375339327327
"D",399,"L","D399L",-0.0555525901701682
"D",399,"M","D399M",-0.908279671365032
"D",399,"N","D399N",-0.327701706883075
"D",399,"P","D399P",-0.789802934263572
"D",399,"Q","D399Q",-0.320103983918419
"D",399,"R","D399R",2.65180670015775
"D",399,"S","D399S",0.0761161655540258
"D",399,"T","D399T",-1.02756516322715
"D",399,"V","D399V",-0.884710869159214
"D",399,"W","D399W",-0.458186948625701
"D",399,"Y","D399Y",-1.4378005900844
"S",400,"A","S400A",0.253770502458404
"S",400,"C","S400C",0.613152066083974
"S",400,"D","S400D",0.786064234819745
"S",400,"E","S400E",0.864761584867913
"S",400,"F","S400F",-1.17674607515914
"S",400,"G","S400G",-0.774059740263667
"S",400,"H","S400H",0.0172029475417795
"S",400,"I","S400I",1.61007494646154
"S",400,"K","S400K",0.139708566622992
"S",400,"L","S400L",-0.196261011677282
"S",400,"M","S400M",-0.262155370087386
"S",400,"N","S400N",-0.956846189964943
"S",400,"P","S400P",-1.2843887811681
"S",400,"Q","S400Q",-0.751721714898205
"S",400,"R","S400R",-0.502252176668882
"S",400,"T","S400T",-0.506742998066297
"S",400,"V","S400V",-0.41279465681529
"S",400,"W","S400W",2.46831183786375
"S",400,"Y","S400Y",-0.390564681199318
"D",401,"A","D401A",-0.104544812330585
"D",401,"C","D401C",0.562871873299747
"D",401,"E","D401E",0.379342972360342
"D",401,"F","D401F",-0.451938169763712
"D",401,"G","D401G",-1.41421479166431
"D",401,"H","D401H",-0.483340901945888
"D",401,"I","D401I",0.612169663718002
"D",401,"K","D401K",0.712930141356545
"D",401,"L","D401L",-0.725324131073128
"D",401,"M","D401M",-0.28379188107896
"D",401,"N","D401N",-0.410674620025961
"D",401,"P","D401P",-0.331677307121927
"D",401,"Q","D401Q",-0.0754893693279924
"D",401,"R","D401R",0.377872200326444
"D",401,"S","D401S",-0.544186154493607
"D",401,"T","D401T",1.86437002035814
"D",401,"V","D401V",0.793085950087564
"D",401,"W","D401W",-0.380199457557037
"D",401,"Y","D401Y",-0.719249719172407
"G",402,"A","G402A",-0.29090778810357
"G",402,"C","G402C",0.0519983165327678
"G",402,"D","G402D",-0.172133020285863
"G",402,"E","G402E",1.63497503921628
"G",402,"F","G402F",1.06922085147493
"G",402,"H","G402H",0.0820858488554566
"G",402,"I","G402I",1.36563109487562
"G",402,"K","G402K",-0.210791205830463
"G",402,"L","G402L",0.0259911904868536
"G",402,"M","G402M",-1.2579631957715
"G",402,"N","G402N",0.433961354699268
"G",402,"P","G402P",-0.312961051053897
"G",402,"Q","G402Q",-0.10322530855296
"G",402,"R","G402R",-0.395382747266002
"G",402,"S","G402S",-0.47398351129739
"G",402,"T","G402T",-0.170649061540652
"G",402,"V","G402V",0.20072162277868
"G",402,"W","G402W",-0.0259407339399712
"G",402,"Y","G402Y",0.790081198730601
"S",403,"A","S403A",0.174779285151838
"S",403,"C","S403C",-0.0327034533560995
"S",403,"D","S403D",0.508654513388304
"S",403,"E","S403E",0.820434025349083
"S",403,"F","S403F",0.480972564426431
"S",403,"G","S403G",2.13531459459123
"S",403,"H","S403H",1.188005540273
"S",403,"I","S403I",0.0342564687396708
"S",403,"K","S403K",1.33176089590789
"S",403,"L","S403L",-0.461898081269752
"S",403,"M","S403M",-0.443196237412372
"S",403,"N","S403N",-0.0107305380170915
"S",403,"P","S403P",1.34516679748024
"S",403,"Q","S403Q",0.803620731644011
"S",403,"R","S403R",1.56893322716287
"S",403,"T","S403T",0.759521092985711
"S",403,"V","S403V",-0.359998648691403
"S",403,"W","S403W",0.658647871092879
"S",403,"Y","S403Y",1.35875156110249
"F",404,"A","F404A",-0.816201231104349
"F",404,"C","F404C",0.0448933920901927
"F",404,"D","F404D",-1.76678374133267
"F",404,"E","F404E",-0.336345115818083
"F",404,"G","F404G",-0.061234465520449
"F",404,"H","F404H",0.090636117288599
"F",404,"I","F404I",-0.62112375916249
"F",404,"K","F404K",-0.951635048746554
"F",404,"L","F404L",-2.14091541887699
"F",404,"M","F404M",-1.48233332609143
"F",404,"N","F404N",0.414951251982465
"F",404,"P","F404P",2.44544926479317
"F",404,"Q","F404Q",0.884776690014012
"F",404,"R","F404R",-0.497312143239256
"F",404,"S","F404S",-1.01687847604511
"F",404,"T","F404T",-0.826531253541604
"F",404,"V","F404V",1.0810782214075
"F",404,"W","F404W",-0.235967069609745
"F",404,"Y","F404Y",-1.01408527042858
"F",405,"A","F405A",0.88108027211953
"F",405,"C","F405C",0.468143897145551
"F",405,"D","F405D",-0.0724924341222168
"F",405,"E","F405E",-0.172044838045676
"F",405,"G","F405G",-0.549968096855704
"F",405,"H","F405H",0.292536469087497
"F",405,"I","F405I",0.61193879386968
"F",405,"K","F405K",-3.35372856654147
"F",405,"L","F405L",0.884135433352159
"F",405,"M","F405M",-0.980404086930096
"F",405,"N","F405N",-0.946489921374946
"F",405,"P","F405P",-0.702679623451071
"F",405,"Q","F405Q",1.53480360047086
"F",405,"R","F405R",3.40416333271415
"F",405,"S","F405S",-0.633770968460471
"F",405,"T","F405T",0.842644280849372
"F",405,"V","F405V",-0.319884743926716
"F",405,"W","F405W",-0.258200356726918
"F",405,"Y","F405Y",-0.944009058957931
"L",406,"A","L406A",0.265794619491451
"L",406,"C","L406C",-0.43586854389871
"L",406,"D","L406D",0.822202048596968
"L",406,"E","L406E",0.255016938562222
"L",406,"F","L406F",-2.57549285580226
"L",406,"G","L406G",0.0101863677106274
"L",406,"H","L406H",-0.0319769547595762
"L",406,"I","L406I",0.502942090915377
"L",406,"K","L406K",-0.0158709765721531
"L",406,"M","L406M",-0.55597087163317
"L",406,"N","L406N",-0.241788208552519
"L",406,"P","L406P",-0.58023586037896
"L",406,"Q","L406Q",-0.364423486562035
"L",406,"R","L406R",-0.589687381344592
"L",406,"S","L406S",0.786968226978999
"L",406,"T","L406T",0.619139066717198
"L",406,"V","L406V",0.215170141161274
"L",406,"W","L406W",-1.52496616158608
"L",406,"Y","L406Y",1.82457173441538
"Y",407,"A","Y407A",0.51562904476808
"Y",407,"C","Y407C",0.554364652976081
"Y",407,"D","Y407D",-0.114244887724858
"Y",407,"E","Y407E",0.12822932366853
"Y",407,"F","Y407F",-0.0194844858258525
"Y",407,"G","Y407G",0.798078147046912
"Y",407,"H","Y407H",0.0873990902257303
"Y",407,"I","Y407I",-0.924785781334536
"Y",407,"K","Y407K",-2.86754743347738
"Y",407,"L","Y407L",1.14720221432204
"Y",407,"M","Y407M",0.505553868199234
"Y",407,"N","Y407N",4.48615568326862
"Y",407,"P","Y407P",0.893263561303182
"Y",407,"Q","Y407Q",-1.25880925180227
"Y",407,"R","Y407R",-0.758622879121723
"Y",407,"S","Y407S",0.0650222986568251
"Y",407,"T","Y407T",0.541829853590889
"Y",407,"V","Y407V",-0.697595939145239
"Y",407,"W","Y407W",-3.92446689188397
"S",408,"A","S408A",-0.284338028910848
"S",408,"C","S408C",0.800404461977897
"S",408,"D","S408D",-0.0030203563556947
"S",408,"E","S408E",-1.19060099065906
"S",408,"F","S408F",-0.793267411961093
"S",408,"G","S408G",-0.0956461690418497
"S",408,"H","S408H",-0.339407060489582
"S",408,"I","S408I",-0.59905849357643
"S",408,"K","S408K",-1.43232068256709
"S",408,"L","S408L",0.921020843250601
"S",408,"M","S408M",-0.510573102727734
"S",408,"N","S408N",0.93193049874887
"S",408,"P","S408P",-1.86879526396122
"S",408,"Q","S408Q",-1.90031229483873
"S",408,"R","S408R",-2.25607053002347
"S",408,"T","S408T",0.413705063400478
"S",408,"V","S408V",-0.00350573878287811
"S",408,"W","S408W",-0.544253156869349
"S",408,"Y","S408Y",1.93933805874384
"K",409,"A","K409A",-1.04786475348134
"K",409,"C","K409C",-0.216630755032091
"K",409,"D","K409D",-0.0705517909667503
"K",409,"E","K409E",0.14463696352693
"K",409,"F","K409F",-0.141678284503799
"K",409,"G","K409G",0.825377089461551
"K",409,"H","K409H",-0.703006269031484
"K",409,"I","K409I",-0.194660616366314
"K",409,"L","K409L",-0.659476914667058
"K",409,"M","K409M",-0.0106975072986633
"K",409,"N","K409N",-1.30150267891399
"K",409,"P","K409P",1.38723448674623
"K",409,"Q","K409Q",0.707625228589961
"K",409,"R","K409R",0.204794506735206
"K",409,"S","K409S",-0.0612929139091212
"K",409,"T","K409T",-0.0397168917650024
"K",409,"V","K409V",-0.289440488920783
"K",409,"W","K409W",-0.414455387738095
"K",409,"Y","K409Y",-1.28175080496566
"L",410,"A","L410A",0.227460049143722
"L",410,"C","L410C",0.237961603098451
"L",410,"D","L410D",0.182033536514692
"L",410,"E","L410E",0.361971848399325
"L",410,"F","L410F",-0.102113976092982
"L",410,"G","L410G",0.725354533491757
"L",410,"H","L410H",-0.758245689318705
"L",410,"I","L410I",-0.048418806744924
"L",410,"K","L410K",2.39924381815457
"L",410,"M","L410M",2.27774796179852
"L",410,"N","L410N",0.454951966349088
"L",410,"P","L410P",0.212428107964527
"L",410,"Q","L410Q",0.128034121851511
"L",410,"R","L410R",0.079410135706126
"L",410,"S","L410S",0.501834559988378
"L",410,"T","L410T",0.170360976931212
"L",410,"V","L410V",-0.249053255311016
"L",410,"W","L410W",1.25409222684172
"L",410,"Y","L410Y",-0.49862897699003
"T",411,"A","T411A",-0.408728494243369
"T",411,"C","T411C",0.671821907099174
"T",411,"D","T411D",-0.331499016040353
"T",411,"E","T411E",0.337526045380632
"T",411,"F","T411F",-0.256936253650439
"T",411,"G","T411G",-1.01128848634138
"T",411,"H","T411H",0.287676177656635
"T",411,"I","T411I",0.0365394736220822
"T",411,"K","T411K",-0.632212787144612
"T",411,"L","T411L",1.62244065921451
"T",411,"M","T411M",0.407540216250664
"T",411,"N","T411N",-0.526013242143214
"T",411,"P","T411P",-0.459623153020112
"T",411,"Q","T411Q",0.621330183317357
"T",411,"R","T411R",0.464374821032307
"T",411,"S","T411S",0.230675104057604
"T",411,"V","T411V",0.489417249246237
"T",411,"W","T411W",-0.0898080218927078
"T",411,"Y","T411Y",-0.965831572777238
"V",412,"A","V412A",-0.13991805453192
"V",412,"C","V412C",-0.910904637828866
"V",412,"D","V412D",-0.136110915527093
"V",412,"E","V412E",-0.050813796378981
"V",412,"F","V412F",0.576990562696124
"V",412,"G","V412G",-0.59424888043464
"V",412,"H","V412H",-0.408202155695044
"V",412,"I","V412I",1.3991792976362
"V",412,"K","V412K",0.0464691274053905
"V",412,"L","V412L",-0.90492581927716
"V",412,"M","V412M",0.514636212338548
"V",412,"N","V412N",-0.522294665202761
"V",412,"P","V412P",-0.889591609598011
"V",412,"Q","V412Q",0.599538526068557
"V",412,"R","V412R",1.3495182145758
"V",412,"S","V412S",-0.804889145469568
"V",412,"T","V412T",0.0922395452429633
"V",412,"W","V412W",-0.13231235043611
"V",412,"Y","V412Y",-0.408794975710025
"D",413,"A","D413A",0.702773318825222
"D",413,"C","D413C",-0.628098334603399
"D",413,"E","D413E",0.0577226232271873
"D",413,"F","D413F",0.3031818957269
"D",413,"G","D413G",0.397794570278426
"D",413,"H","D413H",1.02946459455639
"D",413,"I","D413I",1.81169367939734
"D",413,"K","D413K",0.45714314761954
"D",413,"L","D413L",0.106210572142865
"D",413,"M","D413M",-0.723733807726267
"D",413,"N","D413N",-0.464095472150074
"D",413,"P","D413P",-0.0926834856496818
"D",413,"Q","D413Q",1.38497047640935
"D",413,"R","D413R",-0.18236506216643
"D",413,"S","D413S",1.28341778461487
"D",413,"T","D413T",-0.168524277696638
"D",413,"V","D413V",0.060470017043269
"D",413,"W","D413W",0.517541799197634
"D",413,"Y","D413Y",0.0423851389615102
"K",414,"A","K414A",-0.226846913812427
"K",414,"C","K414C",0.228441432802289
"K",414,"D","K414D",-1.29100718813053
"K",414,"E","K414E",-0.192952442081091
"K",414,"F","K414F",-0.0265766610803447
"K",414,"G","K414G",-1.96388790383997
"K",414,"H","K414H",0.908815937830286
"K",414,"I","K414I",-0.606434395012272
"K",414,"L","K414L",0.620185219279854
"K",414,"M","K414M",0.557713146589251
"K",414,"N","K414N",-2.10723262772031
"K",414,"P","K414P",-0.60044100342963
"K",414,"Q","K414Q",-0.266466759591223
"K",414,"R","K414R",0.257527392081086
"K",414,"S","K414S",0.000212856257624156
"K",414,"T","K414T",-0.0885213589769892
"K",414,"V","K414V",0.00426454842492451
"K",414,"W","K414W",0.079813771470946
"K",414,"Y","K414Y",0.61893429834845
"S",415,"A","S415A",0.503686159094452
"S",415,"C","S415C",-0.483029190955001
"S",415,"D","S415D",0.0640229369409046
"S",415,"E","S415E",-2.25841907610647
"S",415,"F","S415F",0.725460693437822
"S",415,"G","S415G",-0.44842666105765
"S",415,"H","S415H",0.652140471600584
"S",415,"I","S415I",-0.472395550461799
"S",415,"K","S415K",-0.211541730711574
"S",415,"L","S415L",-0.164630704268084
"S",415,"M","S415M",0.361914157059264
"S",415,"N","S415N",0.0521399404369365
"S",415,"P","S415P",0.962912463294466
"S",415,"Q","S415Q",-0.233295378095207
"S",415,"R","S415R",0.184218637285718
"S",415,"T","S415T",-1.98035248277377
"S",415,"V","S415V",-0.0858882242159223
"S",415,"W","S415W",0.208171155872688
"S",415,"Y","S415Y",-0.0766577967022268
"R",416,"A","R416A",-0.877965403419408
"R",416,"C","R416C",-0.619390536602454
"R",416,"D","R416D",0.252483319041107
"R",416,"E","R416E",-0.220788208859988
"R",416,"F","R416F",0.047434897566141
"R",416,"G","R416G",0.238867081520428
"R",416,"H","R416H",0.797111175148871
"R",416,"I","R416I",0.459900462893748
"R",416,"K","R416K",0.474358395131047
"R",416,"L","R416L",0.1041860312535
"R",416,"M","R416M",-0.676003437248738
"R",416,"N","R416N",-0.77898914517638
"R",416,"P","R416P",-0.362702603485483
"R",416,"Q","R416Q",0.616576040485509
"R",416,"S","R416S",0.89865234254402
"R",416,"T","R416T",0.479958179846047
"R",416,"V","R416V",-0.138183133842931
"R",416,"W","R416W",-1.34504102544959
"R",416,"Y","R416Y",1.9548972620466
"W",417,"A","W417A",0.204366373439134
"W",417,"C","W417C",-1.05700157566796
"W",417,"D","W417D",-0.448793423277711
"W",417,"E","W417E",0.0981466929749406
"W",417,"F","W417F",0.279374464697125
"W",417,"G","W417G",-0.498686207375677
"W",417,"H","W417H",1.01549042307703
"W",417,"I","W417I",-0.670006303101787
"W",417,"K","W417K",-0.0436323076314467
"W",417,"L","W417L",0.227706969859778
"W",417,"M","W417M",-0.232978613905442
"W",417,"N","W417N",-0.873689660161315
"W",417,"P","W417P",0.689220517547409
"W",417,"Q","W417Q",-0.473095702611863
"W",417,"R","W417R",0.323902698724555
"W",417,"S","W417S",0.793884852458852
"W",417,"T","W417T",-1.19983840841042
"W",417,"V","W417V",0.484823861648519
"W",417,"Y","W417Y",-1.02757646185724
"Q",418,"A","Q418A",-0.0325865929740295
"Q",418,"C","Q418C",-0.133415041567702
"Q",418,"D","Q418D",0.7628635649579
"Q",418,"E","Q418E",-0.271452959145482
"Q",418,"F","Q418F",1.2764028810545
"Q",418,"G","Q418G",0.269060106492539
"Q",418,"H","Q418H",1.89968700072196
"Q",418,"I","Q418I",-0.728437688119835
"Q",418,"K","Q418K",-0.262627128019894
"Q",418,"L","Q418L",0.264136427246057
"Q",418,"M","Q418M",0.188423837284714
"Q",418,"N","Q418N",-0.385922144169576
"Q",418,"P","Q418P",-0.640587808149102
"Q",418,"R","Q418R",0.48888641101226
"Q",418,"S","Q418S",-0.3987923127337
"Q",418,"T","Q418T",-0.144292178059135
"Q",418,"V","Q418V",-0.639929501763617
"Q",418,"W","Q418W",-0.271815309649533
"Q",418,"Y","Q418Y",0.707601322069787
"Q",419,"A","Q419A",-0.419288902708518
"Q",419,"C","Q419C",0.471912063244809
"Q",419,"D","Q419D",-0.333733909759538
"Q",419,"E","Q419E",-0.226752996708978
"Q",419,"F","Q419F",-0.00172648228279098
"Q",419,"G","Q419G",0.665095473546634
"Q",419,"H","Q419H",1.05105056298344
"Q",419,"I","Q419I",1.0626868086148
"Q",419,"K","Q419K",-0.168429097113363
"Q",419,"L","Q419L",-0.256996779757672
"Q",419,"M","Q419M",-0.555371450337047
"Q",419,"N","Q419N",0.199799346460635
"Q",419,"P","Q419P",-0.074492230352396
"Q",419,"R","Q419R",0.273214283227768
"Q",419,"S","Q419S",0.810704381107543
"Q",419,"T","Q419T",-0.217556817918558
"Q",419,"V","Q419V",0.655529173953403
"Q",419,"W","Q419W",-0.772643532016945
"Q",419,"Y","Q419Y",0.681457855247056
"G",420,"A","G420A",-0.330153670431365
"G",420,"C","G420C",0.543858410749103
"G",420,"D","G420D",-0.620706190918754
"G",420,"E","G420E",-0.0711034352834238
"G",420,"F","G420F",1.76600341861429
"G",420,"H","G420H",2.1980976081762
"G",420,"I","G420I",-0.290286550652562
"G",420,"K","G420K",-0.278487939117866
"G",420,"L","G420L",0.81030359062559
"G",420,"M","G420M",1.26895487818424
"G",420,"N","G420N",-0.578782568795595
"G",420,"P","G420P",-0.313420560051909
"G",420,"Q","G420Q",-0.263361388807091
"G",420,"R","G420R",-1.0081746213007
"G",420,"S","G420S",0.246817486988546
"G",420,"T","G420T",2.00270271442339
"G",420,"V","G420V",-0.242787046667783
"G",420,"W","G420W",0.153157296104898
"G",420,"Y","G420Y",-0.918814412625451
"N",421,"A","N421A",-0.341270042469894
"N",421,"C","N421C",-0.00790386362523228
"N",421,"D","N421D",1.22565167314206
"N",421,"E","N421E",-0.748228435726243
"N",421,"F","N421F",0.250917047581128
"N",421,"G","N421G",0.0330106175472816
"N",421,"H","N421H",0.234154619069042
"N",421,"I","N421I",1.82538297377263
"N",421,"K","N421K",-0.393865766715306
"N",421,"L","N421L",0.00245118841349449
"N",421,"M","N421M",-0.359082232036346
"N",421,"P","N421P",-0.243823780020601
"N",421,"Q","N421Q",0.206797664333512
"N",421,"R","N421R",-0.638473252811791
"N",421,"S","N421S",0.310104183908072
"N",421,"T","N421T",0.669840024330178
"N",421,"V","N421V",0.140192555612427
"N",421,"W","N421W",0.782811319821678
"N",421,"Y","N421Y",-0.658437624023827
"V",422,"A","V422A",-0.675116932351212
"V",422,"C","V422C",0.29616360175368
"V",422,"D","V422D",0.439265805152
"V",422,"E","V422E",-0.904504202293631
"V",422,"F","V422F",0.22873177979561
"V",422,"G","V422G",-0.193667799227906
"V",422,"H","V422H",-0.759862895336512
"V",422,"I","V422I",0.384330460043572
"V",422,"K","V422K",-1.00916714337229
"V",422,"L","V422L",0.242761276245348
"V",422,"M","V422M",0.0040468709955863
"V",422,"N","V422N",-0.902298199044032
"V",422,"P","V422P",-0.945891246504148
"V",422,"Q","V422Q",-1.22620363364507
"V",422,"R","V422R",1.14846656863184
"V",422,"S","V422S",0.828244937466128
"V",422,"T","V422T",0.319930976491211
"V",422,"W","V422W",0.635785075584687
"V",422,"Y","V422Y",-0.919150252146636
"F",423,"A","F423A",0.808007697570693
"F",423,"C","F423C",-1.3701404816994
"F",423,"D","F423D",-0.210383958801287
"F",423,"E","F423E",-0.242527701554024
"F",423,"G","F423G",0.779521146110087
"F",423,"H","F423H",0.225835409502919
"F",423,"I","F423I",0.425530079951336
"F",423,"K","F423K",-1.40050037360946
"F",423,"L","F423L",0.386888379257537
"F",423,"M","F423M",-0.332151940061614
"F",423,"N","F423N",0.453266344890736
"F",423,"P","F423P",0.0751568579334543
"F",423,"Q","F423Q",0.385087705226605
"F",423,"R","F423R",0.925602987910562
"F",423,"S","F423S",-1.19287117737949
"F",423,"T","F423T",-0.706322653884191
"F",423,"V","F423V",-0.637087753246097
"F",423,"W","F423W",0.153641424061624
"F",423,"Y","F423Y",-0.50247025042774
"S",424,"A","S424A",1.29516873192202
"S",424,"C","S424C",-0.600666412091677
"S",424,"D","S424D",0.165147325710568
"S",424,"E","S424E",2.03474336438974
"S",424,"F","S424F",-0.206533335753441
"S",424,"G","S424G",-0.383947708015252
"S",424,"H","S424H",-0.0746974202243746
"S",424,"I","S424I",0.972078700540873
"S",424,"K","S424K",-0.391498223415227
"S",424,"L","S424L",-0.371858883762731
"S",424,"M","S424M",0.636099858543937
"S",424,"N","S424N",-0.216918617732082
"S",424,"P","S424P",-0.409402004618508
"S",424,"Q","S424Q",1.28685033762378
"S",424,"R","S424R",-0.30944233929343
"S",424,"T","S424T",0.571687076079601
"S",424,"V","S424V",-0.437735563962691
"S",424,"W","S424W",2.04102371468999
"S",424,"Y","S424Y",-0.386499356447691
"C",425,"A","C425A",0.0465830984212617
"C",425,"D","C425D",-0.0926576034668205
"C",425,"E","C425E",0.428623980355735
"C",425,"F","C425F",-1.56841339870117
"C",425,"G","C425G",-3.77594303040207
"C",425,"H","C425H",-1.79611386441006
"C",425,"I","C425I",0.530383223786762
"C",425,"K","C425K",0.6152403259434
"C",425,"L","C425L",-0.60989772059982
"C",425,"M","C425M",0.0528668278914291
"C",425,"N","C425N",1.99501795290096
"C",425,"P","C425P",0.91711958254411
"C",425,"Q","C425Q",0.0822229495018784
"C",425,"R","C425R",2.17324515065936
"C",425,"S","C425S",1.59224662304633
"C",425,"T","C425T",-0.0354759191131017
"C",425,"V","C425V",-1.79739352054251
"C",425,"W","C425W",2.02338939484477
"C",425,"Y","C425Y",0.126008019942148
"S",426,"A","S426A",1.33523611429453
"S",426,"C","S426C",0.504044958130981
"S",426,"D","S426D",2.15932651969014
"S",426,"E","S426E",0.6574593701089
"S",426,"F","S426F",-0.0719382614766004
"S",426,"G","S426G",-0.271193568714476
"S",426,"H","S426H",-0.691478831578659
"S",426,"I","S426I",-0.590556550998221
"S",426,"K","S426K",0.256770864779803
"S",426,"L","S426L",-0.76496702644928
"S",426,"M","S426M",0.267968530096312
"S",426,"N","S426N",-0.894155818511217
"S",426,"P","S426P",0.0434148814038785
"S",426,"Q","S426Q",0.657474496769052
"S",426,"R","S426R",0.218758999552051
"S",426,"T","S426T",-1.21436158089125
"S",426,"V","S426V",-0.112731172333131
"S",426,"W","S426W",-0.36548445653591
"S",426,"Y","S426Y",0.217867573917606
"V",427,"A","V427A",1.02348514503267
"V",427,"C","V427C",-0.707557536026942
"V",427,"D","V427D",-0.649906455140196
"V",427,"E","V427E",0.359413308865779
"V",427,"F","V427F",1.72459896248319
"V",427,"G","V427G",-0.203391473600219
"V",427,"H","V427H",0.153738259182733
"V",427,"I","V427I",-0.36848469966547
"V",427,"K","V427K",-2.03010517747149
"V",427,"L","V427L",0.754006619927132
"V",427,"M","V427M",0.118714524777022
"V",427,"N","V427N",-0.380690739253856
"V",427,"P","V427P",-1.25524433204181
"V",427,"Q","V427Q",-1.24587100919256
"V",427,"R","V427R",-0.92536604393117
"V",427,"S","V427S",0.643333104444876
"V",427,"T","V427T",3.24877559709002
"V",427,"W","V427W",-0.714569149050421
"V",427,"Y","V427Y",0.405643301344551
"M",428,"A","M428A",0.946799252592846
"M",428,"C","M428C",0.596725836480173
"M",428,"D","M428D",0.333197393555998
"M",428,"E","M428E",-1.74381181488157
"M",428,"F","M428F",-0.136534743174914
"M",428,"G","M428G",0.312894411509525
"M",428,"H","M428H",0.930513234034613
"M",428,"I","M428I",0.618579179777055
"M",428,"K","M428K",1.12828603766389
"M",428,"L","M428L",-0.51070197533636
"M",428,"N","M428N",-0.544550162715537
"M",428,"P","M428P",-0.0620531145700093
"M",428,"Q","M428Q",0.110301017661783
"M",428,"R","M428R",-1.66661367527961
"M",428,"S","M428S",-0.0023584814080587
"M",428,"T","M428T",-0.174594835407379
"M",428,"V","M428V",0.604710477023793
"M",428,"W","M428W",0.876276210369316
"M",428,"Y","M428Y",0.162795094803343
"H",429,"A","H429A",-0.88894363232843
"H",429,"C","H429C",0.265552028165419
"H",429,"D","H429D",0.725745530634372
"H",429,"E","H429E",-0.169923366086136
"H",429,"F","H429F",0.935542466642486
"H",429,"G","H429G",1.10024121410924
"H",429,"I","H429I",-2.52744705220075
"H",429,"K","H429K",-1.42599272056924
"H",429,"L","H429L",0.754202462163363
"H",429,"M","H429M",0.731847896047084
"H",429,"N","H429N",0.885558892110509
"H",429,"P","H429P",-0.187992115904364
"H",429,"Q","H429Q",0.277684331835572
"H",429,"R","H429R",1.87504107715962
"H",429,"S","H429S",1.91439181126292
"H",429,"T","H429T",-0.834763852366219
"H",429,"V","H429V",0.568603536618496
"H",429,"W","H429W",-0.648546892615407
"H",429,"Y","H429Y",-0.832081758662847
"E",430,"A","E430A",-1.41747955472561
"E",430,"C","E430C",-0.677507721413957
"E",430,"D","E430D",1.11188175044343
"E",430,"F","E430F",0.0309445485107375
"E",430,"G","E430G",0.170758169708926
"E",430,"H","E430H",-0.793244359597069
"E",430,"I","E430I",1.48184511513447
"E",430,"K","E430K",0.905238577312509
"E",430,"L","E430L",-1.5909021409695
"E",430,"M","E430M",-0.665529144228938
"E",430,"N","E430N",-0.199831544039639
"E",430,"P","E430P",-1.73183174140103
"E",430,"Q","E430Q",-1.3211554151787
"E",430,"R","E430R",0.389821524350669
"E",430,"S","E430S",-1.39913783087857
"E",430,"T","E430T",0.879356392627487
"E",430,"V","E430V",-0.422573036101133
"E",430,"W","E430W",0.784475036880854
"E",430,"Y","E430Y",-0.54751342772191
"L",432,"A","L432A",0.0078398856151855
"L",432,"C","L432C",0.284876023313965
"L",432,"D","L432D",1.68281247384362
"L",432,"E","L432E",1.39425948543158
"L",432,"F","L432F",-0.501832815389085
"L",432,"G","L432G",-0.737254172571617
"L",432,"H","L432H",-0.318329078676022
"L",432,"I","L432I",0.435266250419058
"L",432,"K","L432K",0.390395687827673
"L",432,"M","L432M",-1.10350436593852
"L",432,"N","L432N",-0.426741134189156
"L",432,"P","L432P",0.416123632735387
"L",432,"Q","L432Q",0.983581245256909
"L",432,"R","L432R",-0.0943049713671639
"L",432,"S","L432S",0.589032306939545
"L",432,"T","L432T",-1.03549248983827
"L",432,"V","L432V",1.2148038664446
"L",432,"W","L432W",0.194622520437717
"L",432,"Y","L432Y",0.869966284477122
"H",433,"A","H433A",1.03806786245397
"H",433,"C","H433C",-0.624257153077333
"H",433,"D","H433D",-0.78094568396989
"H",433,"E","H433E",0.778704899480736
"H",433,"F","H433F",-0.101196789449657
"H",433,"G","H433G",0.33955612290533
"H",433,"I","H433I",0.525775180885272
"H",433,"K","H433K",0.583227505363355
"H",433,"L","H433L",-0.434910495562624
"H",433,"M","H433M",-0.149146259621732
"H",433,"N","H433N",-0.718270997480579
"H",433,"P","H433P",-0.637187239982291
"H",433,"Q","H433Q",0.182336484481098
"H",433,"R","H433R",0.927200930576612
"H",433,"S","H433S",0.941286628827779
"H",433,"T","H433T",2.2235021216086
"H",433,"V","H433V",-0.589725450843452
"H",433,"W","H433W",1.04271438220996
"H",433,"Y","H433Y",-1.08685842058529
"N",434,"A","N434A",-0.518282373997356
"N",434,"C","N434C",0.398140951950381
"N",434,"D","N434D",0.809469552972708
"N",434,"E","N434E",0.296529100976632
"N",434,"F","N434F",0.497417951788869
"N",434,"G","N434G",0.49687669774389
"N",434,"H","N434H",0.333832311945297
"N",434,"I","N434I",0.273979673707891
"N",434,"K","N434K",-0.717527354584825
"N",434,"L","N434L",1.57967140710448
"N",434,"P","N434P",0.523797491821512
"N",434,"Q","N434Q",-0.0357868246323145
"N",434,"R","N434R",-0.925612219021805
"N",434,"S","N434S",2.89412896837584
"N",434,"T","N434T",-0.589419728680658
"N",434,"W","N434W",0.996833999803907
"N",434,"Y","N434Y",0.607345052178674
"H",435,"A","H435A",-0.238821758784186
"H",435,"C","H435C",-0.314692356643331
"H",435,"D","H435D",0.338590330841712
"H",435,"E","H435E",0.00180298525763446
"H",435,"F","H435F",1.24524317204195
"H",435,"G","H435G",-1.93166853700584
"H",435,"I","H435I",-0.270081470960404
"H",435,"K","H435K",-0.621395282073044
"H",435,"L","H435L",-0.221920397016315
"H",435,"M","H435M",0.0167405574957067
"H",435,"N","H435N",0.196902361024872
"H",435,"P","H435P",0.373388189677036
"H",435,"Q","H435Q",0.294834873384078
"H",435,"R","H435R",-0.365899290819624
"H",435,"S","H435S",-0.676290851796442
"H",435,"T","H435T",1.62825240898379
"H",435,"V","H435V",1.2302065877577
"H",435,"W","H435W",-1.41080516895556
"H",435,"Y","H435Y",-0.268127343779229
"Y",436,"A","Y436A",-0.173055673528187
"Y",436,"C","Y436C",0.107790448629869
"Y",436,"D","Y436D",0.534001473084612
"Y",436,"E","Y436E",0.575084486617632
"Y",436,"F","Y436F",0.266590097894765
"Y",436,"G","Y436G",-0.653046176276073
"Y",436,"H","Y436H",-0.20295538693867
"Y",436,"I","Y436I",1.00586325107865
"Y",436,"K","Y436K",-0.504428850291505
"Y",436,"L","Y436L",0.266739302509491
"Y",436,"M","Y436M",0.701893181718433
"Y",436,"N","Y436N",0.117439732388039
"Y",436,"P","Y436P",1.22583897460526
"Y",436,"Q","Y436Q",-0.57710387976217
"Y",436,"R","Y436R",0.303607235791967
"Y",436,"S","Y436S",0.541039575948726
"Y",436,"T","Y436T",0.119888984355752
"Y",436,"V","Y436V",0.123158621071234
"Y",436,"W","Y436W",-0.211404649291211
"T",437,"A","T437A",0.78671753247776
"T",437,"C","T437C",0.184825699216097
"T",437,"D","T437D",0.254889685095504
"T",437,"E","T437E",0.292198153502863
"T",437,"F","T437F",0.12422922536279
"T",437,"G","T437G",-0.463084782033953
"T",437,"H","T437H",-1.04818162485659
"T",437,"I","T437I",-0.591841841124544
"T",437,"K","T437K",1.14943643578593
"T",437,"L","T437L",-0.564538855831856
"T",437,"M","T437M",-0.282099200751976
"T",437,"N","T437N",-1.01314515587477
"T",437,"P","T437P",0.25154237530293
"T",437,"Q","T437Q",-0.660301258206071
"T",437,"R","T437R",-0.22069033570045
"T",437,"S","T437S",-1.19390609424163
"T",437,"V","T437V",-0.524023656820092
"T",437,"W","T437W",0.506535475567367
"T",437,"Y","T437Y",0.141852881518573
"Q",438,"A","Q438A",-0.69987114644192
"Q",438,"C","Q438C",-0.378934483826837
"Q",438,"D","Q438D",0.192478690269464
"Q",438,"E","Q438E",0.258336570727449
"Q",438,"F","Q438F",0.217508836572145
"Q",438,"G","Q438G",0.394371230466018
"Q",438,"H","Q438H",-0.164205452936802
"Q",438,"I","Q438I",-1.19695491820551
"Q",438,"K","Q438K",0.48607440714032
"Q",438,"L","Q438L",-0.928196723536087
"Q",438,"M","Q438M",-0.312861595453199
"Q",438,"N","Q438N",0.864271265505672
"Q",438,"P","Q438P",0.318964054657125
"Q",438,"R","Q438R",1.31844026474988
"Q",438,"S","Q438S",0.524729894511068
"Q",438,"T","Q438T",0.374087404997347
"Q",438,"V","Q438V",1.17553080284793
"Q",438,"W","Q438W",0.790028291277719
"Q",438,"Y","Q438Y",-0.632405352646552
"K",439,"A","K439A",-0.129806779328375
"K",439,"C","K439C",-1.25214250688429
"K",439,"D","K439D",0.748576447236956
"K",439,"E","K439E",-0.185253165667636
"K",439,"F","K439F",0.15635618042145
"K",439,"G","K439G",-0.541608665659026
"K",439,"H","K439H",0.232238181327446
"K",439,"I","K439I",1.09697864029548
"K",439,"L","K439L",0.000600135556128261
"K",439,"M","K439M",-0.377313248540456
"K",439,"N","K439N",0.579572117762156
"K",439,"P","K439P",-1.03917806664399
"K",439,"Q","K439Q",0.670182844431324
"K",439,"R","K439R",3.3909695420391
"K",439,"S","K439S",-1.42908120469682
"K",439,"T","K439T",1.99635905717164
"K",439,"V","K439V",-0.120831681996487
"K",439,"W","K439W",0.321718616233966
"K",439,"Y","K439Y",1.54652726473869
"S",440,"A","S440A",-0.833012450137954
"S",440,"C","S440C",-0.718174683978293
"S",440,"D","S440D",-0.624205050297133
"S",440,"E","S440E",-1.32150873954346
"S",440,"F","S440F",0.561656816360008
"S",440,"G","S440G",-0.311610253566615
"S",440,"H","S440H",-0.963160479421712
"S",440,"I","S440I",1.81134978485923
"S",440,"K","S440K",0.236208461344928
"S",440,"L","S440L",0.223782426665398
"S",440,"M","S440M",1.02213640519439
"S",440,"N","S440N",2.70511337640125
"S",440,"P","S440P",-0.475199412028123
"S",440,"Q","S440Q",0.468780736001292
"S",440,"R","S440R",-0.521866918816815
"S",440,"T","S440T",0.0593384116481759
"S",440,"V","S440V",-0.302508534793835
"S",440,"W","S440W",-0.00652058693339124
"S",440,"Y","S440Y",-0.716730445273793
"L",441,"A","L441A",0.250067895000048
"L",441,"C","L441C",-1.10224560348721
"L",441,"D","L441D",-0.258234091913621
"L",441,"E","L441E",-0.198349907963024
"L",441,"F","L441F",0.17362071792499
"L",441,"G","L441G",-0.428346574517763
"L",441,"H","L441H",0.273539769926185
"L",441,"I","L441I",0.108050879573693
"L",441,"K","L441K",0.126304210061772
"L",441,"M","L441M",0.41528630920141
"L",441,"N","L441N",-1.32666948746937
"L",441,"P","L441P",0.961179200163149
"L",441,"Q","L441Q",-0.940242346883629
"L",441,"R","L441R",-1.01372080229421
"L",441,"S","L441S",0.0923823393145011
"L",441,"T","L441T",-0.975368054306269
"L",441,"V","L441V",0.910279601092754
"L",441,"W","L441W",0.394944303473274
"L",441,"Y","L441Y",0.189155102351302
"S",442,"A","S442A",-1.11571689109645
"S",442,"C","S442C",-1.02258705334043
"S",442,"D","S442D",-0.0238245226392362
"S",442,"E","S442E",-0.376186016330806
"S",442,"F","S442F",1.03272831600756
"S",442,"G","S442G",-0.0111110430152704
"S",442,"H","S442H",-0.740716722857543
"S",442,"I","S442I",-0.625952087516258
"S",442,"K","S442K",-0.359926096899698
"S",442,"L","S442L",-0.325218464899555
"S",442,"M","S442M",-0.338036117348067
"S",442,"N","S442N",-0.574702284114247
"S",442,"P","S442P",0.171997988736608
"S",442,"Q","S442Q",0.95113803366032
"S",442,"R","S442R",-0.228953934024044
"S",442,"T","S442T",-0.410681196205609
"S",442,"V","S442V",0.575861503913045
"S",442,"W","S442W",-0.702268078863249
"S",442,"Y","S442Y",-1.39431797750732
"L",443,"A","L443A",-0.463998547520797
"L",443,"C","L443C",0.314074486526883
"L",443,"D","L443D",0.235314789067835
"L",443,"E","L443E",-0.0278981528116791
"L",443,"F","L443F",0.196260529769209
"L",443,"G","L443G",-1.1883281373014
"L",443,"H","L443H",0.50150891639071
"L",443,"I","L443I",-1.81028030290989
"L",443,"K","L443K",0.741534095457189
"L",443,"M","L443M",0.772435796895053
"L",443,"N","L443N",-0.310457409215718
"L",443,"P","L443P",-0.335088374980105
"L",443,"Q","L443Q",-0.183900779321708
"L",443,"R","L443R",-0.367883182599468
"L",443,"S","L443S",-0.872828906207076
"L",443,"T","L443T",0.321398632446088
"L",443,"V","L443V",0.436906752543631
"L",443,"W","L443W",-0.0844681911513982
"L",443,"Y","L443Y",-0.0467502353716143
"S",444,"A","S444A",-1.29851793233287
"S",444,"C","S444C",-1.29657623791884
"S",444,"D","S444D",-0.477932740730162
"S",444,"E","S444E",-0.873783779673107
"S",444,"F","S444F",0.440031407694864
"S",444,"G","S444G",0.144379047006123
"S",444,"H","S444H",0.736025963106001
"S",444,"I","S444I",-0.875143047574568
"S",444,"K","S444K",0.290264958731151
"S",444,"L","S444L",-0.885242226214712
"S",444,"M","S444M",-0.460010933277076
"S",444,"N","S444N",-0.176542480941868
"S",444,"P","S444P",-0.979730142016549
"S",444,"Q","S444Q",-1.29535823583225
"S",444,"R","S444R",0.184821226275642
"S",444,"T","S444T",-0.539545430240595
"S",444,"V","S444V",-0.377570436738612
"S",444,"W","S444W",-0.49506395353311
"S",444,"Y","S444Y",-0.376645035914413
"P",445,"A","P445A",-0.77643023304556
"P",445,"C","P445C",-0.00598040402230733
"P",445,"D","P445D",-0.212409545119882
"P",445,"E","P445E",-1.23291850874725
"P",445,"F","P445F",0.188567183874703
"P",445,"G","P445G",-1.05947813602333
"P",445,"H","P445H",-0.234574574225955
"P",445,"I","P445I",-0.10562112266841
"P",445,"K","P445K",0.429172258014095
"P",445,"L","P445L",0.545875135798669
"P",445,"M","P445M",-0.251233516852542
"P",445,"N","P445N",0.417780342561253
"P",445,"Q","P445Q",0.129572340917717
"P",445,"R","P445R",-0.356479723483592
"P",445,"S","P445S",0.831527336790681
"P",445,"V","P445V",0.768279478408953
"P",445,"W","P445W",-0.930665192374046
"P",445,"Y","P445Y",-1.27077355435411
"G",446,"A","G446A",-0.772754822947484
"G",446,"C","G446C",-0.975588605422682
"G",446,"D","G446D",-0.585288557220116
"G",446,"E","G446E",0.695810298605548
"G",446,"F","G446F",-0.534230829072795
"G",446,"H","G446H",-0.216105927356943
"G",446,"I","G446I",0.908188083813848
"G",446,"K","G446K",0.0869539346977984
"G",446,"L","G446L",-0.119978296667325
"G",446,"M","G446M",-1.16594202440664
"G",446,"N","G446N",-1.11908692509857
"G",446,"P","G446P",-0.476715627006795
"G",446,"Q","G446Q",0.572339985721833
"G",446,"R","G446R",-0.156481348426213
"G",446,"S","G446S",0.0284761239673414
"G",446,"T","G446T",0.293759168074981
"G",446,"V","G446V",0.654039959843371
"G",446,"W","G446W",0.826515089347628
"G",446,"Y","G446Y",0.0828531397679942
"K",447,"A","K447A",1.36458651158827
"K",447,"C","K447C",0.00989198988080363
"K",447,"D","K447D",1.86766479684923
"K",447,"E","K447E",-0.408776237811155
"K",447,"F","K447F",0.750476316853305
"K",447,"G","K447G",0.420006900322748
"K",447,"H","K447H",0.404729778395891
"K",447,"I","K447I",-0.505917052278783
"K",447,"L","K447L",-0.30858770922332
"K",447,"M","K447M",0.429540484180702
"K",447,"N","K447N",0.420291311476449
"K",447,"P","K447P",0.299326810673175
"K",447,"Q","K447Q",0.701739031455239
"K",447,"R","K447R",0.149716853715501
"K",447,"S","K447S",-0.00637433265598353
"K",447,"T","K447T",-0.31931808838233
"K",447,"V","K447V",-0.116690790419741
"K",447,"W","K447W",-0.191776317139688
"K",447,"Y","K447Y",-0.639082374657155
