"wildtype","site","mutation","name","scaledscore"
"E",216,"A","E216A",0.199960699401418
"E",216,"C","E216C",-0.859315921440765
"E",216,"D","E216D",0.841724760738442
"E",216,"F","E216F",0.511476722900706
"E",216,"G","E216G",0.729803096025608
"E",216,"H","E216H",0.833586298096664
"E",216,"I","E216I",-1.75831376375954
"E",216,"K","E216K",0.17483117466141
"E",216,"L","E216L",1.26292663270094
"E",216,"M","E216M",-1.26451361098071
"E",216,"N","E216N",-0.973488881631896
"E",216,"P","E216P",-0.107119763907536
"E",216,"Q","E216Q",-0.531916602051602
"E",216,"R","E216R",-0.976964449888475
"E",216,"S","E216S",0.210384811754185
"E",216,"T","E216T",-1.69238124431921
"E",216,"V","E216V",0.45683592397311
"E",216,"W","E216W",0.515747325403304
"E",216,"Y","E216Y",-0.492596464235404
"P",217,"A","P217A",0.165387588242194
"P",217,"C","P217C",0.219185648440592
"P",217,"D","P217D",0.0416209277468888
"P",217,"E","P217E",-0.206582978636795
"P",217,"F","P217F",0.550196269556338
"P",217,"G","P217G",0.58409135350043
"P",217,"H","P217H",0.0115631420148483
"P",217,"I","P217I",-1.28420377797748
"P",217,"K","P217K",0.324971691379442
"P",217,"L","P217L",-0.920795392179794
"P",217,"M","P217M",-0.123680479991959
"P",217,"N","P217N",1.29773967014034
"P",217,"Q","P217Q",-0.091419918916663
"P",217,"R","P217R",-0.499686432449125
"P",217,"S","P217S",1.39130553501382
"P",217,"T","P217T",0.35251095432997
"P",217,"V","P217V",-0.239269915289816
"P",217,"W","P217W",-0.00371022852688315
"P",217,"Y","P217Y",0.0276817281357927
"K",218,"A","K218A",-0.399066964016095
"K",218,"C","K218C",-0.0156456097724698
"K",218,"D","K218D",0.45508482779994
"K",218,"E","K218E",0.327463665882544
"K",218,"F","K218F",0.622834550355908
"K",218,"G","K218G",-0.788096640832504
"K",218,"H","K218H",1.24394616754196
"K",218,"I","K218I",0.0125454758798541
"K",218,"L","K218L",0.202020208522521
"K",218,"M","K218M",-1.00882423165599
"K",218,"N","K218N",-0.0836791344973507
"K",218,"P","K218P",-0.598742241543963
"K",218,"Q","K218Q",-0.156108804949195
"K",218,"R","K218R",0.0669638722275469
"K",218,"S","K218S",0.450445739405334
"K",218,"T","K218T",0.707893511099708
"K",218,"V","K218V",-0.140456968483299
"K",218,"W","K218W",0.352477717749514
"K",218,"Y","K218Y",-1.11975133643976
"S",219,"A","S219A",-0.197393771038211
"S",219,"C","S219C",-0.194100851624049
"S",219,"D","S219D",0.222991508981127
"S",219,"E","S219E",-0.242033146891538
"S",219,"F","S219F",-0.415720940832501
"S",219,"G","S219G",-0.571351603560197
"S",219,"H","S219H",-0.0865783120501143
"S",219,"I","S219I",-0.822157025939059
"S",219,"K","S219K",0.0219926642037625
"S",219,"L","S219L",-0.484587927762533
"S",219,"M","S219M",0.00204206878869932
"S",219,"N","S219N",-0.0106287066039446
"S",219,"P","S219P",-0.897284982641935
"S",219,"Q","S219Q",0.579585569828591
"S",219,"R","S219R",1.47902209673657
"S",219,"T","S219T",-0.216512467158305
"S",219,"V","S219V",-0.394245734677677
"S",219,"W","S219W",0.155487251982612
"S",219,"Y","S219Y",0.64097216576856
"C",220,"A","C220A",0.45280407404074
"C",220,"D","C220D",0.485798749783279
"C",220,"E","C220E",-0.0791908234950489
"C",220,"F","C220F",0.471917677536876
"C",220,"G","C220G",0.484868922464189
"C",220,"H","C220H",-0.106427710089721
"C",220,"I","C220I",1.76321681592588
"C",220,"K","C220K",0.709639846414861
"C",220,"L","C220L",-0.700317547111302
"C",220,"M","C220M",0.0760255176190102
"C",220,"N","C220N",-1.41487409962563
"C",220,"P","C220P",0.468967053677234
"C",220,"Q","C220Q",0.268714990319541
"C",220,"R","C220R",0.177733534720278
"C",220,"S","C220S",0.106159492560349
"C",220,"T","C220T",-1.22070782469528
"C",220,"V","C220V",0.0331611435411119
"C",220,"W","C220W",-0.133982521211007
"C",220,"Y","C220Y",-0.335115943815816
"D",221,"A","D221A",-0.107403951392897
"D",221,"C","D221C",0.131614713752222
"D",221,"E","D221E",-1.09254977301819
"D",221,"F","D221F",0.380685504615582
"D",221,"G","D221G",1.05970328015295
"D",221,"H","D221H",0.411362697751873
"D",221,"I","D221I",0.332438453553204
"D",221,"K","D221K",0.127927893318192
"D",221,"L","D221L",-1.14210745374439
"D",221,"M","D221M",-1.20250724380014
"D",221,"N","D221N",0.421964551163089
"D",221,"P","D221P",-2.90282411485331
"D",221,"Q","D221Q",0.510111600268103
"D",221,"R","D221R",-0.452206591170719
"D",221,"S","D221S",-0.00893612357339147
"D",221,"T","D221T",0.133441723570183
"D",221,"V","D221V",-0.778179028907026
"D",221,"W","D221W",-0.111102631761163
"D",221,"Y","D221Y",-1.12238535228905
"K",222,"A","K222A",0.0542243322400553
"K",222,"C","K222C",-0.408531311490135
"K",222,"D","K222D",0.0100241507780801
"K",222,"E","K222E",0.586626652045365
"K",222,"F","K222F",-0.432005802990001
"K",222,"G","K222G",0.398055983709315
"K",222,"H","K222H",-0.393988361169891
"K",222,"I","K222I",0.12055704472867
"K",222,"L","K222L",2.23158437066107
"K",222,"M","K222M",-0.30716514810016
"K",222,"N","K222N",-0.0905104858805366
"K",222,"P","K222P",-0.352610612720521
"K",222,"Q","K222Q",-0.57818149330066
"K",222,"R","K222R",-0.721039747492834
"K",222,"S","K222S",-0.395767162916799
"K",222,"T","K222T",0.360125993306411
"K",222,"V","K222V",1.47471761621149
"K",222,"W","K222W",0.346408260543574
"K",222,"Y","K222Y",-0.339370189996653
"T",223,"A","T223A",0.704783713582308
"T",223,"C","T223C",0.799457306054225
"T",223,"D","T223D",0.0130115205936976
"T",223,"E","T223E",0.733704162709324
"T",223,"F","T223F",0.57480937092485
"T",223,"G","T223G",0.401022296712969
"T",223,"H","T223H",-0.809670493672826
"T",223,"I","T223I",-0.467036562698608
"T",223,"K","T223K",0.0470274994642893
"T",223,"L","T223L",-0.112395307262626
"T",223,"M","T223M",-0.181442908209106
"T",223,"N","T223N",-0.0166823786404177
"T",223,"P","T223P",0.0607159421673161
"T",223,"Q","T223Q",-0.777977001553493
"T",223,"R","T223R",0.225454428146415
"T",223,"S","T223S",-0.308234992661314
"T",223,"V","T223V",-0.513685781088752
"T",223,"W","T223W",0.48805823326621
"T",223,"Y","T223Y",-0.819386239407464
"H",224,"A","H224A",-0.943406768592694
"H",224,"C","H224C",0.326430774792313
"H",224,"D","H224D",0.126604890005206
"H",224,"E","H224E",-0.0653810410335276
"H",224,"F","H224F",0.431348973175012
"H",224,"G","H224G",-0.290723554713593
"H",224,"I","H224I",-0.881043167700876
"H",224,"K","H224K",0.861408537166105
"H",224,"L","H224L",0.5858691297231
"H",224,"M","H224M",-0.057890087090683
"H",224,"N","H224N",0.66629542215074
"H",224,"P","H224P",-0.132398389936216
"H",224,"Q","H224Q",-1.1551110161329
"H",224,"R","H224R",0.337279136621862
"H",224,"S","H224S",0.104248390248422
"H",224,"T","H224T",-0.609945258659894
"H",224,"V","H224V",-1.25577889922211
"H",224,"W","H224W",-0.00477249461431462
"H",224,"Y","H224Y",0.0851982339775915
"T",225,"A","T225A",0.335326010581917
"T",225,"C","T225C",-0.622380655509779
"T",225,"D","T225D",0.845989744144665
"T",225,"E","T225E",0.632450166080706
"T",225,"F","T225F",0.600697309750826
"T",225,"G","T225G",-1.82823236150126
"T",225,"H","T225H",0.569329256367271
"T",225,"I","T225I",-0.967180189077352
"T",225,"K","T225K",-0.820699924067496
"T",225,"L","T225L",-0.543497490380115
"T",225,"M","T225M",-0.985971959844981
"T",225,"N","T225N",-0.690744693210257
"T",225,"P","T225P",0.803241488185275
"T",225,"Q","T225Q",-1.33013692765228
"T",225,"S","T225S",0.803633867187951
"T",225,"V","T225V",-0.395216947596575
"T",225,"W","T225W",0.0238898931145526
"T",225,"Y","T225Y",-0.572094238989019
"C",226,"A","C226A",0.799787649917986
"C",226,"D","C226D",-0.461237167005782
"C",226,"E","C226E",0.345268574473762
"C",226,"F","C226F",0.56177870466167
"C",226,"G","C226G",2.35082628286081
"C",226,"H","C226H",-0.0685248217175753
"C",226,"I","C226I",-1.79931286233764
"C",226,"K","C226K",1.07274603154242
"C",226,"L","C226L",0.33936746911004
"C",226,"M","C226M",-0.180429488139222
"C",226,"N","C226N",0.734663788117161
"C",226,"P","C226P",-0.100835896036282
"C",226,"Q","C226Q",-0.0609144851864148
"C",226,"R","C226R",-0.448916104408238
"C",226,"S","C226S",0.239050021293088
"C",226,"T","C226T",0.593264433323546
"C",226,"V","C226V",-0.912179073034085
"C",226,"W","C226W",-0.623363904179048
"C",226,"Y","C226Y",0.163370010001662
"P",227,"A","P227A",0.497782800466871
"P",227,"C","P227C",1.1743853405511
"P",227,"D","P227D",0.944310947234547
"P",227,"E","P227E",-0.154353359158962
"P",227,"F","P227F",0.219661717506404
"P",227,"G","P227G",0.701398750985471
"P",227,"H","P227H",-0.381706533714586
"P",227,"I","P227I",0.191377570982858
"P",227,"K","P227K",0.577314086094039
"P",227,"L","P227L",-0.594991117703671
"P",227,"M","P227M",-0.643270497099916
"P",227,"N","P227N",0.590228214225848
"P",227,"Q","P227Q",0.377054523113514
"P",227,"R","P227R",1.23646012097769
"P",227,"S","P227S",-0.198480209028265
"P",227,"T","P227T",-0.775409774807705
"P",227,"V","P227V",-0.595035972637989
"P",227,"W","P227W",-0.171079295537778
"P",227,"Y","P227Y",-0.708540336755758
"P",228,"A","P228A",-0.116587337221524
"P",228,"C","P228C",0.982744554502874
"P",228,"D","P228D",0.548543266051558
"P",228,"E","P228E",0.714882803436598
"P",228,"F","P228F",0.619349087804786
"P",228,"G","P228G",-0.534538353188292
"P",228,"H","P228H",0.886582328718562
"P",228,"I","P228I",-0.34567700646953
"P",228,"K","P228K",1.20382377307155
"P",228,"L","P228L",1.44881496967984
"P",228,"M","P228M",0.0862075311275188
"P",228,"N","P228N",-0.446218889665388
"P",228,"Q","P228Q",0.0924715187308276
"P",228,"R","P228R",0.214037930377464
"P",228,"S","P228S",0.539748648939513
"P",228,"T","P228T",-0.137341464315689
"P",228,"V","P228V",0.672495375598071
"P",228,"W","P228W",0.163594160761898
"P",228,"Y","P228Y",0.0726904974402231
"C",229,"A","C229A",0.470339163686323
"C",229,"D","C229D",0.473156397824005
"C",229,"E","C229E",0.0420744136595386
"C",229,"F","C229F",-0.59290576812496
"C",229,"G","C229G",0.14530874255731
"C",229,"H","C229H",0.398705776792351
"C",229,"I","C229I",-0.846833148572378
"C",229,"K","C229K",2.16684858811273
"C",229,"L","C229L",0.538860333535908
"C",229,"M","C229M",0.0230007876020668
"C",229,"N","C229N",2.05066160463271
"C",229,"P","C229P",0.512501225676277
"C",229,"Q","C229Q",0.317463835935164
"C",229,"R","C229R",0.174503199614993
"C",229,"S","C229S",-0.0866607542203895
"C",229,"T","C229T",1.38372423317625
"C",229,"V","C229V",0.53934854915337
"C",229,"W","C229W",0.465366385850216
"C",229,"Y","C229Y",-0.637911107362562
"P",230,"A","P230A",0.0896563932043787
"P",230,"C","P230C",0.549958567411385
"P",230,"D","P230D",0.354651973981334
"P",230,"E","P230E",0.691459706116887
"P",230,"F","P230F",0.00839936465085077
"P",230,"G","P230G",-0.18918994328607
"P",230,"H","P230H",0.338596808192906
"P",230,"I","P230I",-0.190819697232545
"P",230,"K","P230K",-0.187838455583604
"P",230,"L","P230L",-0.0558414676211001
"P",230,"M","P230M",0.384191256157055
"P",230,"N","P230N",1.0597442841503
"P",230,"Q","P230Q",-1.0513388813236
"P",230,"R","P230R",-0.361476232463722
"P",230,"S","P230S",-0.0419038842346152
"P",230,"T","P230T",-0.329230702917128
"P",230,"V","P230V",1.85117146557156
"P",230,"W","P230W",-1.61118319126401
"P",230,"Y","P230Y",0.629826663761699
"A",231,"C","A231C",0.294262642138045
"A",231,"D","A231D",2.97812575455976
"A",231,"E","A231E",1.30150887817709
"A",231,"F","A231F",0.290940168111263
"A",231,"G","A231G",0.212369934466174
"A",231,"H","A231H",-0.633476003884747
"A",231,"I","A231I",2.35262391204022
"A",231,"K","A231K",-0.106016380637404
"A",231,"L","A231L",1.34457872119101
"A",231,"M","A231M",-0.391286363271002
"A",231,"N","A231N",0.635141024509761
"A",231,"P","A231P",0.302138534708444
"A",231,"Q","A231Q",-0.450844870381713
"A",231,"R","A231R",-0.780575786926937
"A",231,"S","A231S",-0.295067084357068
"A",231,"T","A231T",-0.241793798279765
"A",231,"V","A231V",-0.91160225284903
"A",231,"W","A231W",0.732783021747351
"A",231,"Y","A231Y",-4.01632502561101
"P",232,"A","P232A",0.41470644789227
"P",232,"C","P232C",1.05622959212819
"P",232,"D","P232D",0.98500536745598
"P",232,"E","P232E",-1.70765988417357
"P",232,"F","P232F",1.53817062071423
"P",232,"G","P232G",0.265385392619206
"P",232,"H","P232H",1.01144313646493
"P",232,"I","P232I",1.68467902564782
"P",232,"K","P232K",-1.43446568754086
"P",232,"L","P232L",1.46622943113362
"P",232,"M","P232M",0.692542748240503
"P",232,"N","P232N",1.66818000923476
"P",232,"Q","P232Q",-0.738934622685297
"P",232,"R","P232R",-0.0568822922469586
"P",232,"S","P232S",0.319723356561529
"P",232,"T","P232T",-0.231906293520958
"P",232,"V","P232V",1.08632358068713
"P",232,"W","P232W",2.73150163304878
"P",232,"Y","P232Y",1.60410188495405
"E",233,"A","E233A",-0.250423024267823
"E",233,"C","E233C",0.177878872785281
"E",233,"D","E233D",0.737946740341313
"E",233,"F","E233F",0.681887156024101
"E",233,"G","E233G",-1.19004235076713
"E",233,"H","E233H",-0.630592602044454
"E",233,"I","E233I",-2.29565316804697
"E",233,"K","E233K",-0.952478929684933
"E",233,"L","E233L",-1.61158361514522
"E",233,"M","E233M",-0.717497483350484
"E",233,"N","E233N",-0.951314651659248
"E",233,"P","E233P",-1.49487904324353
"E",233,"Q","E233Q",-1.22560127317762
"E",233,"R","E233R",-0.0201230513863832
"E",233,"S","E233S",-1.75038741169419
"E",233,"T","E233T",-0.840767493981495
"E",233,"V","E233V",-0.859657474711538
"E",233,"W","E233W",-1.54769903620536
"E",233,"Y","E233Y",-2.01029429319942
"L",234,"A","L234A",-2.56822064814198
"L",234,"C","L234C",-0.884291635937372
"L",234,"D","L234D",-1.13170775194879
"L",234,"E","L234E",0.175124863317517
"L",234,"F","L234F",-0.803951609185949
"L",234,"G","L234G",-0.302620410506548
"L",234,"H","L234H",-0.87615873036979
"L",234,"I","L234I",-1.77745319364413
"L",234,"K","L234K",-2.03729647088589
"L",234,"M","L234M",0.459976711814144
"L",234,"N","L234N",-3.82727041087451
"L",234,"P","L234P",-1.61073035245081
"L",234,"Q","L234Q",-0.165626056680722
"L",234,"R","L234R",0.493221668801508
"L",234,"S","L234S",-0.703277229336549
"L",234,"T","L234T",-1.15213472001434
"L",234,"W","L234W",-3.24898400263882
"L",234,"Y","L234Y",-2.04818974439225
"L",235,"A","L235A",-0.664824826521726
"L",235,"C","L235C",1.41603560902508
"L",235,"D","L235D",0.195211625074391
"L",235,"E","L235E",-1.20927974200623
"L",235,"F","L235F",2.31970553504356
"L",235,"G","L235G",-1.41409910733423
"L",235,"H","L235H",-1.45690120977
"L",235,"I","L235I",0.802162805649005
"L",235,"K","L235K",0.19914916713646
"L",235,"M","L235M",0.283910539433094
"L",235,"N","L235N",-3.07228809807056
"L",235,"P","L235P",-1.27166866420595
"L",235,"Q","L235Q",-1.97834620068032
"L",235,"R","L235R",-0.959701116369547
"L",235,"S","L235S",-1.96489785719547
"L",235,"T","L235T",-3.91702329588721
"L",235,"V","L235V",-2.26600962188421
"L",235,"W","L235W",0.648459352384024
"L",235,"Y","L235Y",3.06738193132156
"G",236,"A","G236A",1.65464727983288
"G",236,"C","G236C",-1.01741448293804
"G",236,"D","G236D",-0.0776847402281774
"G",236,"E","G236E",1.51076489187138
"G",236,"F","G236F",-2.74335914887431
"G",236,"H","G236H",-1.56412710844523
"G",236,"I","G236I",1.54357918915316
"G",236,"K","G236K",-2.22905465245253
"G",236,"L","G236L",0.414968584795208
"G",236,"M","G236M",-2.80260001173671
"G",236,"N","G236N",-0.177283308590246
"G",236,"P","G236P",-1.60131062327158
"G",236,"Q","G236Q",-0.613989795421549
"G",236,"R","G236R",-1.32189563860811
"G",236,"S","G236S",2.26823104185166
"G",236,"T","G236T",0.934549517601571
"G",236,"V","G236V",0.711319835637309
"G",236,"W","G236W",-3.3931242355396
"G",236,"Y","G236Y",-1.59297449224882
"G",237,"A","G237A",1.55213874254518
"G",237,"C","G237C",-1.02583875903744
"G",237,"D","G237D",2.0359279453468
"G",237,"E","G237E",1.10218466863338
"G",237,"F","G237F",1.35298197721735
"G",237,"H","G237H",-0.854751748582264
"G",237,"I","G237I",-0.193712192689094
"G",237,"K","G237K",2.56078789110424
"G",237,"L","G237L",1.00001671396345
"G",237,"M","G237M",1.12698134356781
"G",237,"N","G237N",2.89342873618446
"G",237,"P","G237P",-0.865428886398526
"G",237,"Q","G237Q",2.05324260929216
"G",237,"R","G237R",0.448909826644063
"G",237,"S","G237S",0.182192906845783
"G",237,"T","G237T",-0.10739035103773
"G",237,"V","G237V",1.63453460239216
"G",237,"W","G237W",2.33254914183528
"G",237,"Y","G237Y",1.8464259310466
"P",238,"A","P238A",0.593792005443702
"P",238,"C","P238C",-1.89466103853073
"P",238,"D","P238D",-3.13705167915742
"P",238,"E","P238E",0.614689024799387
"P",238,"F","P238F",5.25023687629083
"P",238,"G","P238G",-2.63192936257646
"P",238,"H","P238H",3.3287447577948
"P",238,"I","P238I",0.5193722511048
"P",238,"K","P238K",-0.586989767242129
"P",238,"L","P238L",1.73760894378116
"P",238,"M","P238M",4.26829968514106
"P",238,"N","P238N",2.36912230434743
"P",238,"Q","P238Q",0.494009333416917
"P",238,"R","P238R",0.00365855926989802
"P",238,"S","P238S",0.164581206162479
"P",238,"T","P238T",-1.28802143061324
"P",238,"V","P238V",2.09055295500065
"P",238,"W","P238W",5.16454011757946
"P",238,"Y","P238Y",3.1980651019303
"S",239,"A","S239A",0.180247523465219
"S",239,"C","S239C",-0.114918931384566
"S",239,"D","S239D",-8.18322885691624
"S",239,"E","S239E",-2.96223496142131
"S",239,"F","S239F",1.32791582529206
"S",239,"G","S239G",1.10942150813997
"S",239,"H","S239H",0.648544151501215
"S",239,"I","S239I",0.386188535954562
"S",239,"K","S239K",-2.02622376152608
"S",239,"L","S239L",1.72661618702829
"S",239,"M","S239M",0.759586672686608
"S",239,"N","S239N",-2.06041009267486
"S",239,"P","S239P",1.07604607718588
"S",239,"Q","S239Q",0.544961510455385
"S",239,"R","S239R",-0.951899507337818
"S",239,"T","S239T",-0.871839553818131
"S",239,"V","S239V",0.499337364087306
"S",239,"W","S239W",-0.25044599226596
"S",239,"Y","S239Y",0.261643619011923
"V",240,"A","V240A",-0.0760678698201656
"V",240,"C","V240C",0.652091093828719
"V",240,"D","V240D",1.61032990566205
"V",240,"E","V240E",-1.09962998935042
"V",240,"F","V240F",-0.399272141260074
"V",240,"G","V240G",0.413122478360063
"V",240,"H","V240H",2.98592668896338
"V",240,"I","V240I",-0.669650889953589
"V",240,"K","V240K",0.619669769626031
"V",240,"L","V240L",-0.225916486726183
"V",240,"M","V240M",-0.531696324236631
"V",240,"N","V240N",-0.263027675370526
"V",240,"P","V240P",-1.30246483351107
"V",240,"Q","V240Q",-0.282161773064208
"V",240,"R","V240R",0.644284436416765
"V",240,"S","V240S",-0.419254637189144
"V",240,"T","V240T",-1.07028531719025
"V",240,"W","V240W",-0.0271940768945139
"V",240,"Y","V240Y",-0.103150014110941
"F",241,"A","F241A",1.47631774248977
"F",241,"C","F241C",1.08520355910356
"F",241,"D","F241D",0.196654337566488
"F",241,"E","F241E",0.147506267319375
"F",241,"G","F241G",0.929412066429591
"F",241,"H","F241H",0.866584544851353
"F",241,"I","F241I",-0.448012007371639
"F",241,"K","F241K",2.51890124869578
"F",241,"L","F241L",-0.635430742239139
"F",241,"M","F241M",-0.524725541424166
"F",241,"N","F241N",0.549685168729245
"F",241,"P","F241P",-1.14659459856624
"F",241,"Q","F241Q",-0.63495988652843
"F",241,"R","F241R",-0.206839864833435
"F",241,"S","F241S",-0.412126578787756
"F",241,"T","F241T",-0.00100439982006007
"F",241,"V","F241V",-0.0114726905534578
"F",241,"W","F241W",0.480878125372594
"F",241,"Y","F241Y",0.140546421173991
"L",242,"F","L242F",-0.391998210186144
"F",243,"A","F243A",0.00340524559790983
"F",243,"C","F243C",-1.28012051978528
"F",243,"D","F243D",-0.658133319875345
"F",243,"E","F243E",0.556608386241462
"F",243,"H","F243H",-0.532401079100738
"F",243,"I","F243I",0.641398733938659
"F",243,"K","F243K",3.25214248923788
"F",243,"L","F243L",0.314817409399573
"F",243,"M","F243M",-0.0404101900514662
"F",243,"N","F243N",0.564211598446049
"F",243,"P","F243P",-0.0698498498007859
"F",243,"Q","F243Q",0.0487575650350407
"F",243,"R","F243R",0.842422297340143
"F",243,"S","F243S",1.15308381028531
"F",243,"T","F243T",1.05368707605889
"F",243,"V","F243V",-0.499756548734771
"F",243,"W","F243W",-0.281854505857131
"F",243,"Y","F243Y",0.250437937355115
"P",244,"A","P244A",-0.541251539336315
"P",244,"C","P244C",-0.8260608010468
"P",244,"D","P244D",-0.406662573693507
"P",244,"E","P244E",0.143010234279701
"P",244,"F","P244F",-0.950799215895389
"P",244,"G","P244G",0.304098668718181
"P",244,"H","P244H",-0.599297856405222
"P",244,"I","P244I",-0.0321411129758397
"P",244,"K","P244K",0.976386181377475
"P",244,"L","P244L",-0.588513365732942
"P",244,"M","P244M",0.263180387804614
"P",244,"N","P244N",0.46046999568397
"P",244,"Q","P244Q",0.2103066998039
"P",244,"R","P244R",-0.643284095695151
"P",244,"S","P244S",0.265999552114664
"P",244,"T","P244T",0.582572593966642
"P",244,"V","P244V",0.582306733706574
"P",244,"W","P244W",-0.547903663659186
"P",244,"Y","P244Y",0.0345115445812138
"P",245,"A","P245A",0.233057943729258
"P",245,"C","P245C",-0.322541520027738
"P",245,"D","P245D",-0.274698090765563
"P",245,"E","P245E",1.80207475126925
"P",245,"F","P245F",-0.388088816987149
"P",245,"G","P245G",-0.274373167423282
"P",245,"H","P245H",2.01799782226159
"P",245,"I","P245I",1.17417686087033
"P",245,"K","P245K",-1.25646917686388
"P",245,"L","P245L",-0.672765720135411
"P",245,"M","P245M",-1.50087693313432
"P",245,"N","P245N",0.487436485107269
"P",245,"Q","P245Q",-0.775805531041083
"P",245,"R","P245R",1.84014430742714
"P",245,"S","P245S",-1.53611083796844
"P",245,"T","P245T",-0.504799995006381
"P",245,"V","P245V",-1.03692925045032
"P",245,"W","P245W",1.82754367029766
"P",245,"Y","P245Y",-0.039658970191251
"K",246,"A","K246A",-0.711440041556873
"K",246,"C","K246C",0.524240893474278
"K",246,"D","K246D",-0.800720683791469
"K",246,"E","K246E",0.281114121799493
"K",246,"F","K246F",-0.731002388190851
"K",246,"G","K246G",0.169273570812251
"K",246,"H","K246H",0.374636475096156
"K",246,"I","K246I",-0.290483451705278
"K",246,"L","K246L",0.849268652013746
"K",246,"M","K246M",-1.14236864507503
"K",246,"N","K246N",-0.0173479297407444
"K",246,"P","K246P",-1.34799845336031
"K",246,"Q","K246Q",1.65981111951198
"K",246,"R","K246R",-0.22730045040427
"K",246,"S","K246S",0.177725277535462
"K",246,"T","K246T",-0.59946739481698
"K",246,"V","K246V",0.0206662987178021
"K",246,"W","K246W",-1.01243589572068
"K",246,"Y","K246Y",-0.644469591504717
"P",247,"A","P247A",-1.65610891961088
"P",247,"C","P247C",-2.01531071577976
"P",247,"D","P247D",-0.947525202482815
"P",247,"E","P247E",-1.62481919382627
"P",247,"F","P247F",-2.6515958869239
"P",247,"G","P247G",-1.17093491322001
"P",247,"H","P247H",-1.38200451115604
"P",247,"I","P247I",-1.67453798332378
"P",247,"K","P247K",-1.98605055932982
"P",247,"L","P247L",-0.744004055679823
"P",247,"M","P247M",0.763108552660526
"P",247,"N","P247N",-1.0740136080755
"P",247,"Q","P247Q",-0.715949814717234
"P",247,"R","P247R",-0.65513513442234
"P",247,"S","P247S",-0.23589745155138
"P",247,"T","P247T",0.895527586798519
"P",247,"V","P247V",2.48828072072372
"P",247,"W","P247W",0.0529649675372313
"P",247,"Y","P247Y",0.287136720712298
"K",248,"A","K248A",-0.407521564634514
"K",248,"C","K248C",0.70570928861752
"K",248,"D","K248D",-0.262118385836304
"K",248,"E","K248E",-0.686136421719588
"K",248,"F","K248F",-0.156632269549486
"K",248,"G","K248G",-0.244763428895271
"K",248,"H","K248H",-2.3062700584412
"K",248,"I","K248I",-0.614403375482895
"K",248,"L","K248L",0.881228202151397
"K",248,"M","K248M",0.592098690884729
"K",248,"N","K248N",-0.256686671450971
"K",248,"P","K248P",-0.923057702963726
"K",248,"Q","K248Q",0.697801003703706
"K",248,"R","K248R",-0.258427575378764
"K",248,"S","K248S",0.60775068991652
"K",248,"T","K248T",0.743338710997296
"K",248,"V","K248V",-0.406395845857624
"K",248,"W","K248W",0.657757437960896
"K",248,"Y","K248Y",0.61999398524612
"D",249,"A","D249A",-1.12389235735839
"D",249,"C","D249C",-0.548445314088955
"D",249,"E","D249E",0.933514631351421
"D",249,"F","D249F",0.00812616689339221
"D",249,"G","D249G",0.555637273871442
"D",249,"H","D249H",0.840719817212789
"D",249,"I","D249I",-1.5877219405386
"D",249,"K","D249K",0.863829519929826
"D",249,"L","D249L",-0.14515402273435
"D",249,"M","D249M",1.67558750881097
"D",249,"N","D249N",0.0706510356324308
"D",249,"P","D249P",-1.25342038124615
"D",249,"Q","D249Q",0.543360757843815
"D",249,"R","D249R",-0.599696386927942
"D",249,"S","D249S",1.08865580062389
"D",249,"T","D249T",-0.330197844398853
"D",249,"V","D249V",0.225243001731478
"D",249,"W","D249W",0.0348690628114167
"D",249,"Y","D249Y",0.816023996663155
"T",250,"A","T250A",0.66626191486977
"T",250,"C","T250C",-0.893950866274414
"T",250,"D","T250D",0.287542497657325
"T",250,"E","T250E",0.364946289654402
"T",250,"F","T250F",0.537991063769328
"T",250,"G","T250G",-1.31537964081613
"T",250,"H","T250H",0.661567720074282
"T",250,"I","T250I",-0.058588855697575
"T",250,"K","T250K",1.02141019558411
"T",250,"L","T250L",1.14370003433123
"T",250,"M","T250M",1.10622441982559
"T",250,"N","T250N",0.161788813975385
"T",250,"P","T250P",0.576850253050904
"T",250,"Q","T250Q",0.0559391235331824
"T",250,"R","T250R",0.414612144996618
"T",250,"S","T250S",-0.556441162018445
"T",250,"V","T250V",0.938118721950906
"T",250,"W","T250W",-0.166891832893015
"T",250,"Y","T250Y",0.514075537004439
"L",251,"A","L251A",-0.0926473269699306
"L",251,"C","L251C",-0.109758080687395
"L",251,"D","L251D",-1.24383584463225
"L",251,"E","L251E",-0.251434437188163
"L",251,"F","L251F",0.0813549323501764
"L",251,"G","L251G",1.13298328528055
"L",251,"H","L251H",0.0220480066953634
"L",251,"I","L251I",0.398315814182898
"L",251,"K","L251K",-0.520667783374807
"L",251,"M","L251M",-1.17670779056306
"L",251,"N","L251N",-0.376870395780626
"L",251,"P","L251P",-2.39963402982052
"L",251,"Q","L251Q",0.617900212718792
"L",251,"R","L251R",-1.16298711277961
"L",251,"S","L251S",1.92013978917708
"L",251,"T","L251T",-0.561343793247682
"L",251,"V","L251V",0.0138538791077678
"L",251,"W","L251W",0.583580947091713
"L",251,"Y","L251Y",-1.04528378840875
"M",252,"A","M252A",-1.38062314386109
"M",252,"C","M252C",-0.773268683456421
"M",252,"D","M252D",-0.629880096350846
"M",252,"E","M252E",1.14846539819246
"M",252,"F","M252F",-0.0578520014757778
"M",252,"G","M252G",-0.336361975521597
"M",252,"H","M252H",-0.472231464276106
"M",252,"I","M252I",1.53145045011879
"M",252,"K","M252K",-0.997591521384618
"M",252,"L","M252L",-0.694817950385516
"M",252,"N","M252N",0.459778274890249
"M",252,"P","M252P",0.00725617269595523
"M",252,"Q","M252Q",-0.697933309627911
"M",252,"R","M252R",0.950270121748663
"M",252,"S","M252S",-0.015436219609649
"M",252,"T","M252T",0.745075300703301
"M",252,"V","M252V",0.441506944436898
"M",252,"W","M252W",0.856228634613783
"M",252,"Y","M252Y",1.66051332998726
"I",253,"A","I253A",-0.467430290185585
"I",253,"C","I253C",0.0980763376746189
"I",253,"D","I253D",-0.0608426836938865
"I",253,"E","I253E",-1.3366922123213
"I",253,"F","I253F",-0.718099883465722
"I",253,"G","I253G",0.874500978336245
"I",253,"H","I253H",-0.295131533413943
"I",253,"K","I253K",-0.0315838567890016
"I",253,"L","I253L",0.264253104772543
"I",253,"M","I253M",0.22111152232248
"I",253,"N","I253N",-0.488301543362261
"I",253,"P","I253P",0.188054499197461
"I",253,"Q","I253Q",0.0266649230499566
"I",253,"R","I253R",0.253797473522562
"I",253,"S","I253S",-0.235323425230981
"I",253,"T","I253T",1.09467302762974
"I",253,"V","I253V",0.0851745252332435
"I",253,"W","I253W",-0.0711541099575801
"I",253,"Y","I253Y",-0.476916310310351
"S",254,"A","S254A",-0.15836350454409
"S",254,"C","S254C",-1.15593208798941
"S",254,"D","S254D",-0.404747360133278
"S",254,"E","S254E",-0.337506069770867
"S",254,"F","S254F",-1.87378923245314
"S",254,"G","S254G",-0.2691041245983
"S",254,"H","S254H",-0.249606924164545
"S",254,"I","S254I",0.15266636045495
"S",254,"K","S254K",-1.16047594699466
"S",254,"L","S254L",-0.647043294822555
"S",254,"M","S254M",0.335905824710378
"S",254,"N","S254N",-0.0798358502007946
"S",254,"P","S254P",0.929042400310346
"S",254,"Q","S254Q",-0.0940602201487963
"S",254,"R","S254R",-0.81615454612217
"S",254,"T","S254T",0.0539343561606405
"S",254,"V","S254V",-0.680423367508917
"S",254,"W","S254W",1.13274811532384
"S",254,"Y","S254Y",1.03850524654664
"R",255,"A","R255A",-0.17177847399587
"R",255,"C","R255C",-1.54797987491317
"R",255,"D","R255D",-1.85312735358211
"R",255,"E","R255E",0.285547553832092
"R",255,"F","R255F",0.666193979243253
"R",255,"G","R255G",-0.0486279015768439
"R",255,"H","R255H",-0.483279895240584
"R",255,"I","R255I",-1.46920228238574
"R",255,"K","R255K",-0.257794711127295
"R",255,"L","R255L",-0.726617313077674
"R",255,"M","R255M",1.18041030102223
"R",255,"N","R255N",-0.0285379887552194
"R",255,"P","R255P",-0.303648619190901
"R",255,"Q","R255Q",-0.491820879991748
"R",255,"S","R255S",-0.690067934094482
"R",255,"T","R255T",0.64660182301013
"R",255,"V","R255V",-1.34401681907714
"R",255,"W","R255W",0.0692183989053704
"R",255,"Y","R255Y",0.890829416131572
"T",256,"A","T256A",0.677679003948381
"T",256,"C","T256C",-0.408290285111165
"T",256,"D","T256D",0.386637840094595
"T",256,"E","T256E",0.222857357792888
"T",256,"F","T256F",-0.154100607093424
"T",256,"G","T256G",-0.0917060908076675
"T",256,"H","T256H",0.269420832987965
"T",256,"I","T256I",0.693341200240287
"T",256,"K","T256K",-1.38364133617129
"T",256,"L","T256L",-2.14706574864541
"T",256,"M","T256M",-0.334836951974722
"T",256,"N","T256N",-1.33132372485302
"T",256,"P","T256P",0.134032963559521
"T",256,"Q","T256Q",1.5204580278816
"T",256,"R","T256R",-0.321806173979353
"T",256,"S","T256S",-0.0408966063303643
"T",256,"V","T256V",1.08399855942241
"T",256,"W","T256W",-0.637862899832003
"T",256,"Y","T256Y",-0.0511097596554061
"P",257,"A","P257A",-1.24457553084548
"P",257,"C","P257C",0.256830574785417
"P",257,"D","P257D",1.62928604677286
"P",257,"E","P257E",-1.34462074750713
"P",257,"F","P257F",-0.121336559026951
"P",257,"G","P257G",0.621356905663224
"P",257,"H","P257H",-0.0326218833941649
"P",257,"I","P257I",-0.966168309553238
"P",257,"K","P257K",-0.289481785036142
"P",257,"L","P257L",-0.0279756247971452
"P",257,"M","P257M",-0.182550364479258
"P",257,"N","P257N",0.144584648758662
"P",257,"Q","P257Q",-0.0483868762103073
"P",257,"R","P257R",-1.07364330757426
"P",257,"S","P257S",0.119102078380052
"P",257,"T","P257T",1.19384002422622
"P",257,"V","P257V",-0.608313486922932
"P",257,"W","P257W",0.333263361873953
"P",257,"Y","P257Y",-0.0871214490157258
"E",258,"A","E258A",2.16636009147749
"E",258,"C","E258C",-0.00189554624749255
"E",258,"D","E258D",-1.54002708614298
"E",258,"F","E258F",0.143768298050714
"E",258,"G","E258G",0.56553750988237
"E",258,"H","E258H",-1.49391167763254
"E",258,"I","E258I",-0.662588061679657
"E",258,"K","E258K",-0.0560063757577589
"E",258,"L","E258L",-0.912160811913828
"E",258,"M","E258M",-0.765271711423138
"E",258,"N","E258N",-0.780961568101354
"E",258,"P","E258P",1.15132268028796
"E",258,"Q","E258Q",0.19900102232472
"E",258,"R","E258R",-1.25443667388929
"E",258,"S","E258S",-0.0713540400001285
"E",258,"T","E258T",1.39268132304916
"E",258,"V","E258V",0.502700799422812
"E",258,"W","E258W",-0.795492149744502
"E",258,"Y","E258Y",0.223824043978183
"V",259,"A","V259A",-0.455837006752075
"V",259,"C","V259C",-0.41616965656593
"V",259,"D","V259D",0.00627894222326706
"V",259,"E","V259E",0.492984400210989
"V",259,"F","V259F",-0.156359590469099
"V",259,"G","V259G",-1.45150701496919
"V",259,"H","V259H",0.49051195832707
"V",259,"I","V259I",-0.180756641810365
"V",259,"K","V259K",-0.433431653499492
"V",259,"L","V259L",-0.076517343869026
"V",259,"M","V259M",0.225406754666915
"V",259,"N","V259N",-1.40346110006368
"V",259,"P","V259P",-0.435785651066903
"V",259,"Q","V259Q",-0.440597956720417
"V",259,"R","V259R",-0.952795833572896
"V",259,"S","V259S",-0.942420171987913
"V",259,"T","V259T",-0.0888144246322635
"V",259,"W","V259W",-1.00411828205884
"V",259,"Y","V259Y",0.482855802796939
"T",260,"A","T260A",-0.290813677618101
"T",260,"C","T260C",2.3799910991276
"T",260,"D","T260D",-0.845221525226513
"T",260,"E","T260E",0.0810733640588469
"T",260,"F","T260F",-0.702989074419609
"T",260,"G","T260G",0.756474675893273
"T",260,"H","T260H",-0.60226650744738
"T",260,"I","T260I",-0.993651768359715
"T",260,"K","T260K",0.15323860285446
"T",260,"L","T260L",0.57429130759447
"T",260,"M","T260M",0.382047389800876
"T",260,"N","T260N",-0.372781731116785
"T",260,"P","T260P",1.92581587399502
"T",260,"Q","T260Q",0.96177611273939
"T",260,"R","T260R",-0.684690660386124
"T",260,"S","T260S",-0.256247962908262
"T",260,"V","T260V",-0.0812716764351414
"T",260,"W","T260W",1.48972743985963
"T",260,"Y","T260Y",-1.23291277825482
"C",261,"A","C261A",-0.784802924315552
"C",261,"D","C261D",1.43196116073182
"C",261,"E","C261E",-0.989190229866032
"C",261,"F","C261F",-0.853898836773335
"C",261,"G","C261G",-0.966830397816337
"C",261,"H","C261H",-1.04933846315403
"C",261,"I","C261I",-0.451659171021588
"C",261,"K","C261K",0.946517997774161
"C",261,"L","C261L",-2.29945411195756
"C",261,"M","C261M",-1.49235158720752
"C",261,"N","C261N",-0.443088571717584
"C",261,"P","C261P",-0.398668897078874
"C",261,"Q","C261Q",0.243058957618488
"C",261,"R","C261R",0.736563953711158
"C",261,"S","C261S",0.0746901195779464
"C",261,"T","C261T",0.414953823610511
"C",261,"V","C261V",-0.691484595976587
"C",261,"W","C261W",1.48344198648088
"C",261,"Y","C261Y",1.3402845651945
"V",262,"A","V262A",0.297004664427537
"V",262,"C","V262C",-0.0837172500230928
"V",262,"D","V262D",-0.58610485645497
"V",262,"E","V262E",1.68943363379744
"V",262,"F","V262F",0.500700312781132
"V",262,"G","V262G",1.34295879561617
"V",262,"H","V262H",-0.2120281067753
"V",262,"I","V262I",0.807281202671427
"V",262,"K","V262K",-0.214644246386349
"V",262,"L","V262L",-1.38476294005998
"V",262,"M","V262M",0.581254206553361
"V",262,"N","V262N",0.215329597030763
"V",262,"P","V262P",0.0967230226179501
"V",262,"Q","V262Q",2.57334174196321
"V",262,"R","V262R",-0.2452593405971
"V",262,"S","V262S",-0.348095384016397
"V",262,"T","V262T",-0.726578168856989
"V",262,"W","V262W",0.231645879819615
"V",262,"Y","V262Y",-0.142463820977943
"V",263,"A","V263A",-1.0858972242285
"V",263,"C","V263C",-1.17110970801432
"V",263,"D","V263D",-0.794238867134186
"V",263,"E","V263E",2.42583689414321
"V",263,"F","V263F",-1.96098185595778
"V",263,"G","V263G",-0.136577453637597
"V",263,"H","V263H",-1.49639263582225
"V",263,"I","V263I",0.271384718653636
"V",263,"K","V263K",1.32092811738849
"V",263,"L","V263L",0.943155703399705
"V",263,"M","V263M",1.61522520206099
"V",263,"N","V263N",0.813274678613123
"V",263,"P","V263P",-0.32330924922525
"V",263,"Q","V263Q",0.436716189243194
"V",263,"R","V263R",-0.652529969029493
"V",263,"S","V263S",-0.696286739074636
"V",263,"T","V263T",-0.76664340345693
"V",263,"W","V263W",0.886641653046577
"V",263,"Y","V263Y",2.29660604430228
"V",264,"A","V264A",0.661442763670494
"V",264,"C","V264C",-2.15380573765357
"V",264,"D","V264D",0.532522322516226
"V",264,"E","V264E",-0.630837439580202
"V",264,"F","V264F",-0.927987342054864
"V",264,"G","V264G",0.195765688421268
"V",264,"H","V264H",1.66887533230725
"V",264,"I","V264I",0.454340522888403
"V",264,"K","V264K",-0.987777824398856
"V",264,"L","V264L",0.521382531961659
"V",264,"M","V264M",-0.0454892115346772
"V",264,"N","V264N",0.977150945166438
"V",264,"P","V264P",0.771071627572158
"V",264,"Q","V264Q",0.982116279346008
"V",264,"R","V264R",1.95997258498316
"V",264,"S","V264S",0.23642249989381
"V",264,"T","V264T",1.41760919119446
"V",264,"W","V264W",-1.05128659446525
"V",264,"Y","V264Y",0.0126185778714554
"D",265,"A","D265A",0.889266131072264
"D",265,"C","D265C",1.00002366166923
"D",265,"E","D265E",2.68527624563565
"D",265,"F","D265F",1.74668159402821
"D",265,"G","D265G",-0.350837072146846
"D",265,"H","D265H",0.125186664344869
"D",265,"I","D265I",-0.964441318384034
"D",265,"K","D265K",0.542809151801162
"D",265,"L","D265L",-2.79526160561082
"D",265,"M","D265M",-2.39837276708142
"D",265,"N","D265N",3.60512601088307
"D",265,"P","D265P",-1.89412088180061
"D",265,"Q","D265Q",0.935825333333493
"D",265,"R","D265R",0.731954620354986
"D",265,"S","D265S",0.829216958613486
"D",265,"T","D265T",-1.54184828248354
"D",265,"V","D265V",-0.577488051511081
"D",265,"W","D265W",-1.65830677222164
"D",265,"Y","D265Y",2.74617545547355
"V",266,"A","V266A",-0.243591463540318
"V",266,"C","V266C",2.21806362795805
"V",266,"D","V266D",2.32443855915623
"V",266,"E","V266E",0.944244163063252
"V",266,"F","V266F",2.74937835755324
"V",266,"G","V266G",1.49187827517579
"V",266,"H","V266H",-0.269423640084784
"V",266,"I","V266I",3.13080465923505
"V",266,"K","V266K",-1.14053782029798
"V",266,"L","V266L",2.16706734923724
"V",266,"M","V266M",3.81548616211301
"V",266,"N","V266N",1.00476420625416
"V",266,"P","V266P",2.04563774963295
"V",266,"Q","V266Q",2.4273835794799
"V",266,"R","V266R",-0.0350698400524453
"V",266,"S","V266S",0.634626672847691
"V",266,"T","V266T",-0.113106935873478
"V",266,"W","V266W",1.9066561308623
"V",266,"Y","V266Y",-1.24994353483684
"S",267,"A","S267A",1.67016235217819
"S",267,"C","S267C",1.04911514349434
"S",267,"D","S267D",0.137118629865448
"S",267,"E","S267E",4.69416257698189
"S",267,"F","S267F",0.739627727402311
"S",267,"G","S267G",1.47187631520362
"S",267,"H","S267H",0.132671888551291
"S",267,"I","S267I",2.32051953978726
"S",267,"K","S267K",-0.900172364386246
"S",267,"L","S267L",1.72770309096536
"S",267,"M","S267M",0.184920726340954
"S",267,"N","S267N",-0.531984005196314
"S",267,"P","S267P",-1.12708143691722
"S",267,"Q","S267Q",3.65405667433678
"S",267,"R","S267R",-0.775379629771381
"S",267,"T","S267T",-0.112717289876787
"S",267,"V","S267V",2.09610107618544
"S",267,"W","S267W",-0.809306976489674
"S",267,"Y","S267Y",-0.123377942912845
"H",268,"A","H268A",1.5508911957793
"H",268,"C","H268C",0.323396698379729
"H",268,"D","H268D",-0.220106464349998
"H",268,"E","H268E",-0.0675907656898384
"H",268,"F","H268F",-0.0150852676933659
"H",268,"G","H268G",1.12504788409857
"H",268,"I","H268I",0.267161198376423
"H",268,"K","H268K",1.29206400689196
"H",268,"L","H268L",-0.518128687037539
"H",268,"M","H268M",0.266406070484057
"H",268,"N","H268N",1.24260131391896
"H",268,"P","H268P",1.33377482217696
"H",268,"Q","H268Q",0.75692700159986
"H",268,"R","H268R",0.468352478602332
"H",268,"S","H268S",-1.69852070861685
"H",268,"T","H268T",-0.0250826435774859
"H",268,"V","H268V",0.167392515631514
"H",268,"W","H268W",0.450659524367939
"H",268,"Y","H268Y",-0.215535996384073
"E",269,"A","E269A",1.54739058368553
"E",269,"C","E269C",-1.02554942098297
"E",269,"D","E269D",0.774899925546949
"E",269,"F","E269F",0.517575237025122
"E",269,"G","E269G",0.491273354230509
"E",269,"H","E269H",-0.960918659165582
"E",269,"I","E269I",-1.50115266316616
"E",269,"K","E269K",0.640039241772954
"E",269,"L","E269L",-2.66586846376896
"E",269,"M","E269M",-0.0573225225522327
"E",269,"N","E269N",-0.14007057432328
"E",269,"P","E269P",-1.63785440888871
"E",269,"Q","E269Q",0.0942140208251201
"E",269,"R","E269R",0.059318478196402
"E",269,"S","E269S",-2.23376881010735
"E",269,"T","E269T",0.724633802055884
"E",269,"V","E269V",0.224228873314363
"E",269,"W","E269W",-1.33864474429522
"E",269,"Y","E269Y",-1.61632411822221
"D",270,"A","D270A",0.0676275796476746
"D",270,"C","D270C",0.503531093527581
"D",270,"E","D270E",-1.02346762085604
"D",270,"F","D270F",-0.563669924369335
"D",270,"G","D270G",-1.75134615301609
"D",270,"H","D270H",-0.344901384465542
"D",270,"I","D270I",-0.931498877238618
"D",270,"K","D270K",-1.96244125471221
"D",270,"L","D270L",-0.503569395692583
"D",270,"M","D270M",-1.26594168745553
"D",270,"N","D270N",0.336381892242072
"D",270,"P","D270P",-0.00915114369994894
"D",270,"Q","D270Q",-1.62456002217529
"D",270,"R","D270R",-1.82402888432965
"D",270,"S","D270S",-0.367871321351354
"D",270,"T","D270T",-1.3409969358006
"D",270,"V","D270V",-1.54132161612764
"D",270,"W","D270W",-1.25954077755216
"D",270,"Y","D270Y",-0.624667191584945
"P",271,"A","P271A",0.54007454892631
"P",271,"C","P271C",1.66118555543145
"P",271,"D","P271D",0.0381979914484794
"P",271,"E","P271E",-1.51402406565267
"P",271,"F","P271F",0.982245634197709
"P",271,"G","P271G",2.04505811577679
"P",271,"H","P271H",-0.52551845691253
"P",271,"I","P271I",1.50821554030811
"P",271,"K","P271K",0.998503707231522
"P",271,"L","P271L",0.809197515916784
"P",271,"M","P271M",-0.653540067805563
"P",271,"N","P271N",-0.476470035389966
"P",271,"Q","P271Q",0.976379938926555
"P",271,"R","P271R",0.910928008939858
"P",271,"S","P271S",0.910979000196441
"P",271,"T","P271T",1.78204989309294
"P",271,"V","P271V",1.36704352182711
"P",271,"W","P271W",-0.158735465595498
"P",271,"Y","P271Y",-0.0374049843343661
"E",272,"A","E272A",1.50026881188441
"E",272,"C","E272C",-0.296503433116117
"E",272,"D","E272D",0.141097721109618
"E",272,"F","E272F",-1.00029497132826
"E",272,"G","E272G",-0.00756751171258524
"E",272,"I","E272I",-1.18009988364801
"E",272,"K","E272K",0.306626627537893
"E",272,"L","E272L",0.953415600131695
"E",272,"M","E272M",0.588260492697267
"E",272,"N","E272N",-0.81971287181011
"E",272,"P","E272P",1.63290315029627
"E",272,"Q","E272Q",-0.0608393399897849
"E",272,"R","E272R",0.357891966385869
"E",272,"S","E272S",-0.175219263390102
"E",272,"T","E272T",1.56946820554438
"E",272,"V","E272V",-0.0290444137106382
"E",272,"W","E272W",0.135776051867514
"E",272,"Y","E272Y",-0.00914058096109662
"V",273,"A","V273A",0.552680359525042
"V",273,"C","V273C",0.882900022496758
"V",273,"D","V273D",6.50173577745985
"V",273,"E","V273E",3.71808263418355
"V",273,"F","V273F",3.46196039403084
"V",273,"G","V273G",3.06411738136306
"V",273,"H","V273H",1.12828736333197
"V",273,"I","V273I",2.40148469883589
"V",273,"K","V273K",-3.76071060473421
"V",273,"L","V273L",1.6586661062797
"V",273,"M","V273M",2.23066936018809
"V",273,"N","V273N",4.39915592787558
"V",273,"P","V273P",-0.670309582500144
"V",273,"Q","V273Q",0.0118071258865219
"V",273,"R","V273R",-1.2159112383693
"V",273,"S","V273S",2.66060269384354
"V",273,"T","V273T",1.3633556461232
"V",273,"W","V273W",1.64415960934427
"V",273,"Y","V273Y",4.80889558450478
"K",274,"A","K274A",-1.29789629974807
"K",274,"C","K274C",0.342955098152292
"K",274,"D","K274D",0.0203068173093607
"K",274,"E","K274E",0.130585620847575
"K",274,"F","K274F",-0.617413346197141
"K",274,"G","K274G",0.222722079566066
"K",274,"H","K274H",0.688144509766228
"K",274,"I","K274I",-0.167672275153356
"K",274,"L","K274L",0.10305964633507
"K",274,"M","K274M",0.415503247181992
"K",274,"N","K274N",-0.157689945067724
"K",274,"P","K274P",-1.4461654631272
"K",274,"Q","K274Q",0.332908715287569
"K",274,"R","K274R",0.170368208565449
"K",274,"S","K274S",-1.02654288511777
"K",274,"T","K274T",0.0171284627105082
"K",274,"V","K274V",-0.758631725423717
"K",274,"W","K274W",-0.0922828103439918
"K",274,"Y","K274Y",-0.933169681710342
"F",275,"A","F275A",-1.42123479414006
"F",275,"C","F275C",-1.05555621347054
"F",275,"D","F275D",-0.512764966050379
"F",275,"E","F275E",-1.84695141775393
"F",275,"G","F275G",1.99961623104787
"F",275,"H","F275H",0.389857357305668
"F",275,"I","F275I",-1.88549773284116
"F",275,"K","F275K",3.21189900550993
"F",275,"L","F275L",-0.308013866270368
"F",275,"M","F275M",-0.498190584719508
"F",275,"N","F275N",-0.0488584661117923
"F",275,"P","F275P",-0.48588354571124
"F",275,"Q","F275Q",-0.830623932543955
"F",275,"R","F275R",0.46891401807577
"F",275,"S","F275S",-0.58582027846373
"F",275,"T","F275T",-1.54094753189719
"F",275,"V","F275V",-1.47912491582684
"F",275,"W","F275W",-0.184235097449712
"F",275,"Y","F275Y",-0.244984107234635
"N",276,"A","N276A",-0.502305112122308
"N",276,"C","N276C",1.31815575947173
"N",276,"D","N276D",-0.608521776710825
"N",276,"E","N276E",0.115582620389706
"N",276,"F","N276F",0.337600701350507
"N",276,"G","N276G",0.160265960271614
"N",276,"H","N276H",-0.316136272696459
"N",276,"I","N276I",1.00806731180374
"N",276,"K","N276K",0.388895672660973
"N",276,"L","N276L",0.77710164368731
"N",276,"M","N276M",0.0286260150065501
"N",276,"P","N276P",0.284930577839035
"N",276,"Q","N276Q",0.541489925658246
"N",276,"R","N276R",1.06348452422775
"N",276,"S","N276S",-0.0413068644105215
"N",276,"T","N276T",0.822108665493153
"N",276,"V","N276V",1.18361071960864
"N",276,"W","N276W",-0.762208726256118
"N",276,"Y","N276Y",0.210131485060843
"W",277,"A","W277A",0.759433076012023
"W",277,"C","W277C",0.170249602998181
"W",277,"D","W277D",-1.71712774197892
"W",277,"E","W277E",-3.26432498954302
"W",277,"F","W277F",-0.110033045442735
"W",277,"G","W277G",-2.18343585380245
"W",277,"H","W277H",-0.19652181952039
"W",277,"I","W277I",2.6058713203824
"W",277,"K","W277K",-0.109054630163028
"W",277,"L","W277L",0.693630726280141
"W",277,"M","W277M",-0.173864124032693
"W",277,"N","W277N",-0.284209185072511
"W",277,"P","W277P",0.59454002480351
"W",277,"Q","W277Q",-0.160251340245238
"W",277,"R","W277R",-0.239794242417666
"W",277,"S","W277S",-1.06207969505634
"W",277,"T","W277T",1.40125449508546
"W",277,"V","W277V",0.248967506987193
"W",277,"Y","W277Y",0.773711499807686
"Y",278,"A","Y278A",-0.413691335995193
"Y",278,"C","Y278C",0.183791936727075
"Y",278,"D","Y278D",0.361580286298542
"Y",278,"E","Y278E",-1.41178463359094
"Y",278,"F","Y278F",0.0143002454276901
"Y",278,"G","Y278G",1.87609524488274
"Y",278,"H","Y278H",0.157992523357423
"Y",278,"I","Y278I",-2.19331480133961
"Y",278,"K","Y278K",-0.0554580126039806
"Y",278,"L","Y278L",-0.578114766056081
"Y",278,"M","Y278M",-0.604590635133155
"Y",278,"N","Y278N",0.385220187165472
"Y",278,"P","Y278P",-0.133561265693139
"Y",278,"Q","Y278Q",0.274459602669489
"Y",278,"R","Y278R",-0.817031127007098
"Y",278,"S","Y278S",-0.188584692364165
"Y",278,"T","Y278T",0.0633343205332592
"Y",278,"V","Y278V",-0.847709995457559
"Y",278,"W","Y278W",-0.344018753187451
"V",279,"A","V279A",-1.14615957493104
"V",279,"C","V279C",-0.414079934725241
"V",279,"D","V279D",0.0097177265612224
"V",279,"E","V279E",-0.530961804639093
"V",279,"F","V279F",0.49995591491352
"V",279,"G","V279G",-1.14525107923714
"V",279,"H","V279H",2.46111944717859
"V",279,"I","V279I",-0.424399144006854
"V",279,"K","V279K",0.443897733822249
"V",279,"L","V279L",0.149195641761416
"V",279,"M","V279M",0.983686970840602
"V",279,"N","V279N",-0.744192699480437
"V",279,"P","V279P",0.0548668780056343
"V",279,"Q","V279Q",-0.383489101443272
"V",279,"R","V279R",-0.0960341184276415
"V",279,"S","V279S",-0.585091642067983
"V",279,"T","V279T",-0.0901408730335296
"V",279,"W","V279W",0.0449099804384457
"V",279,"Y","V279Y",0.83863462981982
"D",280,"A","D280A",-0.626588272819396
"D",280,"C","D280C",-0.169148513176321
"D",280,"E","D280E",-0.76072753427669
"D",280,"F","D280F",-0.449776531235892
"D",280,"G","D280G",-0.847415645223694
"D",280,"H","D280H",-0.507949885357187
"D",280,"I","D280I",-0.294796964706404
"D",280,"K","D280K",0.209243715870604
"D",280,"L","D280L",-0.298365473013877
"D",280,"M","D280M",-0.370108502138619
"D",280,"N","D280N",-0.158852340953997
"D",280,"P","D280P",-2.84144879945169
"D",280,"Q","D280Q",0.445292533567649
"D",280,"R","D280R",-0.418746308816642
"D",280,"S","D280S",-0.993783687656575
"D",280,"T","D280T",-0.723789148158804
"D",280,"V","D280V",-0.370458339669213
"D",280,"W","D280W",-0.19181638832646
"D",280,"Y","D280Y",0.903969062569975
"G",281,"A","G281A",-0.362310066713651
"G",281,"C","G281C",1.29073023101329
"G",281,"D","G281D",-0.726997529763043
"G",281,"E","G281E",-0.134392771173811
"G",281,"F","G281F",-0.225540923234852
"G",281,"H","G281H",-0.630955241301885
"G",281,"I","G281I",-1.41360972665609
"G",281,"K","G281K",0.13053619275922
"G",281,"L","G281L",0.275472996372208
"G",281,"M","G281M",-0.233200583674968
"G",281,"N","G281N",-0.325629612886795
"G",281,"P","G281P",-0.313414016609131
"G",281,"Q","G281Q",0.64126394715167
"G",281,"R","G281R",-1.15295312775338
"G",281,"S","G281S",-0.490499841686384
"G",281,"T","G281T",-2.19417547747461
"G",281,"V","G281V",0.689917381011422
"G",281,"W","G281W",0.0139627594836754
"G",281,"Y","G281Y",-0.569803216656587
"V",282,"A","V282A",-0.905259797624
"V",282,"C","V282C",0.393814484993224
"V",282,"D","V282D",0.546928945642041
"V",282,"E","V282E",-0.183505045026919
"V",282,"F","V282F",-0.302348630207668
"V",282,"G","V282G",0.392256465638212
"V",282,"H","V282H",0.796955179527196
"V",282,"I","V282I",-0.145539233736698
"V",282,"K","V282K",1.22602908656893
"V",282,"L","V282L",0.581057160625304
"V",282,"M","V282M",-0.18686462975557
"V",282,"N","V282N",0.539702304391583
"V",282,"P","V282P",0.720496247415024
"V",282,"Q","V282Q",0.318939445848689
"V",282,"R","V282R",1.96566731845769
"V",282,"S","V282S",0.607505690730405
"V",282,"T","V282T",-1.11640268138865
"V",282,"W","V282W",-0.179764207279051
"V",282,"Y","V282Y",0.687758700960433
"E",283,"A","E283A",0.0182523226504983
"E",283,"C","E283C",0.0404375863882549
"E",283,"D","E283D",-0.888417710106403
"E",283,"F","E283F",-0.393157834696796
"E",283,"G","E283G",-0.77349791140598
"E",283,"H","E283H",-0.506650348924517
"E",283,"I","E283I",0.183233224901618
"E",283,"K","E283K",0.456717542980576
"E",283,"L","E283L",0.963435131369498
"E",283,"M","E283M",0.173675070093626
"E",283,"N","E283N",-1.23511210254642
"E",283,"P","E283P",0.441796682195985
"E",283,"Q","E283Q",0.382747528067189
"E",283,"R","E283R",-0.345471555121411
"E",283,"S","E283S",0.445878554821989
"E",283,"T","E283T",-0.257205283406245
"E",283,"V","E283V",1.09151381285372
"E",283,"W","E283W",0.812850551735849
"E",283,"Y","E283Y",-0.191874408599303
"V",284,"A","V284A",1.15559955025683
"V",284,"C","V284C",-0.754942112585352
"V",284,"D","V284D",1.20544423676627
"V",284,"E","V284E",-0.0170672295400225
"V",284,"F","V284F",0.49103272102545
"V",284,"G","V284G",0.169192012745841
"V",284,"H","V284H",-1.28440287112203
"V",284,"I","V284I",-0.315281135068577
"V",284,"K","V284K",-0.180648302529389
"V",284,"L","V284L",0.123062664448607
"V",284,"M","V284M",0.495645161940426
"V",284,"N","V284N",-0.23055628708341
"V",284,"P","V284P",0.608536552036963
"V",284,"Q","V284Q",-0.575587321513631
"V",284,"R","V284R",-0.34711645179774
"V",284,"S","V284S",-0.572476491739624
"V",284,"T","V284T",0.267027193569734
"V",284,"W","V284W",-0.166551813110085
"V",284,"Y","V284Y",0.433508265852051
"H",285,"A","H285A",0.259576476357806
"H",285,"C","H285C",-0.312588483974826
"H",285,"D","H285D",0.732134793013935
"H",285,"E","H285E",-0.760490396079985
"H",285,"F","H285F",0.329339625905816
"H",285,"G","H285G",0.301484889030269
"H",285,"I","H285I",-0.796732045552295
"H",285,"K","H285K",-0.0795191847305574
"H",285,"L","H285L",-3.18782071145662
"H",285,"M","H285M",-0.905877359582601
"H",285,"N","H285N",0.211930555476796
"H",285,"P","H285P",-0.00745166968398183
"H",285,"Q","H285Q",-0.150694292095579
"H",285,"R","H285R",-0.471261012287821
"H",285,"S","H285S",-1.03454198717931
"H",285,"T","H285T",0.100066121521653
"H",285,"V","H285V",0.95176272064171
"H",285,"W","H285W",1.34675567571548
"H",285,"Y","H285Y",1.26584871303798
"N",286,"A","N286A",0.289954479231922
"N",286,"C","N286C",0.202898390646933
"N",286,"D","N286D",1.45530590319828
"N",286,"E","N286E",0.194440734604468
"N",286,"F","N286F",0.679610525006578
"N",286,"G","N286G",0.658196774929421
"N",286,"H","N286H",0.0302500597838897
"N",286,"I","N286I",-0.582775834384818
"N",286,"K","N286K",-0.854965595977895
"N",286,"L","N286L",0.35093138925468
"N",286,"M","N286M",-1.05962866301971
"N",286,"P","N286P",-1.28406176189903
"N",286,"Q","N286Q",-1.04735061074835
"N",286,"R","N286R",-0.648619403917252
"N",286,"S","N286S",0.846029747479346
"N",286,"T","N286T",1.11448340779154
"N",286,"V","N286V",0.223475177728062
"N",286,"W","N286W",-0.487421538330677
"N",286,"Y","N286Y",-1.41148886260199
"A",287,"C","A287C",0.832428223586636
"A",287,"D","A287D",-0.102824290905555
"A",287,"E","A287E",-0.0516355842345356
"A",287,"F","A287F",-0.0386639661811401
"A",287,"G","A287G",-0.531492788897404
"A",287,"H","A287H",0.447474473222996
"A",287,"I","A287I",0.178163741251768
"A",287,"K","A287K",-1.03879570803208
"A",287,"L","A287L",0.974868182655659
"A",287,"M","A287M",0.535007645961602
"A",287,"N","A287N",0.189004712164158
"A",287,"P","A287P",-1.69158145486061
"A",287,"Q","A287Q",-0.486255872944697
"A",287,"R","A287R",-1.42630213700982
"A",287,"S","A287S",0.170964873740243
"A",287,"T","A287T",-0.98049012188379
"A",287,"V","A287V",0.570855688743863
"A",287,"W","A287W",-0.265243501074396
"A",287,"Y","A287Y",-0.545187928264533
"K",288,"A","K288A",0.767331217684573
"K",288,"C","K288C",1.27081007485841
"K",288,"D","K288D",-0.484771457218424
"K",288,"E","K288E",-0.471835547570107
"K",288,"F","K288F",0.554650060159815
"K",288,"G","K288G",0.274926813431553
"K",288,"H","K288H",-1.4904538720257
"K",288,"I","K288I",-1.16431128039123
"K",288,"L","K288L",0.436519633825176
"K",288,"M","K288M",0.243250999425627
"K",288,"N","K288N",0.362548966846392
"K",288,"P","K288P",0.586395405371425
"K",288,"Q","K288Q",-2.35157706880632
"K",288,"R","K288R",-0.213027148633417
"K",288,"S","K288S",-0.0539494693632858
"K",288,"T","K288T",0.132454265757132
"K",288,"V","K288V",-0.532534317378499
"K",288,"W","K288W",-0.439512167923192
"K",288,"Y","K288Y",0.735340618651374
"T",289,"A","T289A",0.0444650004628275
"T",289,"C","T289C",1.70381389462979
"T",289,"D","T289D",-0.865634867798229
"T",289,"E","T289E",-0.78366874932491
"T",289,"F","T289F",-1.18115380686613
"T",289,"G","T289G",0.698777757224065
"T",289,"H","T289H",-0.395817056288052
"T",289,"I","T289I",-0.527101674505847
"T",289,"K","T289K",0.732346522444641
"T",289,"L","T289L",0.0954562062086207
"T",289,"M","T289M",-0.278659430627913
"T",289,"N","T289N",-0.186992833669099
"T",289,"P","T289P",1.0563920986456
"T",289,"Q","T289Q",0.316126811618844
"T",289,"R","T289R",0.555946353098087
"T",289,"S","T289S",0.90238584483252
"T",289,"V","T289V",-0.209875501438758
"T",289,"W","T289W",-0.304278382427964
"T",289,"Y","T289Y",-0.161997835577178
"K",290,"A","K290A",-0.848764209316892
"K",290,"C","K290C",-1.14967819324353
"K",290,"D","K290D",0.0160181055755568
"K",290,"E","K290E",0.272846427709083
"K",290,"F","K290F",0.360147983297987
"K",290,"G","K290G",-1.08866049855886
"K",290,"H","K290H",0.214166735375758
"K",290,"I","K290I",0.261668959875904
"K",290,"L","K290L",0.0702804692206598
"K",290,"M","K290M",-0.0492098432332373
"K",290,"N","K290N",-1.52909388991502
"K",290,"P","K290P",0.167873058158777
"K",290,"Q","K290Q",-0.36283752699749
"K",290,"R","K290R",-0.294399373977754
"K",290,"S","K290S",0.606780867028025
"K",290,"T","K290T",-0.934171748955578
"K",290,"V","K290V",-0.600949651840686
"K",290,"W","K290W",0.917660864719934
"K",290,"Y","K290Y",-0.764080007813166
"P",291,"A","P291A",-0.238562738806213
"P",291,"C","P291C",0.114636045226842
"P",291,"D","P291D",0.953332680353365
"P",291,"E","P291E",-1.28058897124965
"P",291,"F","P291F",-0.129175819483737
"P",291,"G","P291G",0.260905036689618
"P",291,"H","P291H",-0.995243934116013
"P",291,"I","P291I",0.914189236389895
"P",291,"K","P291K",-0.152737411252713
"P",291,"L","P291L",-0.873587317781426
"P",291,"M","P291M",0.641092906876801
"P",291,"N","P291N",-0.692105326142207
"P",291,"Q","P291Q",-0.245771320282962
"P",291,"R","P291R",0.502428493482011
"P",291,"S","P291S",0.902886545520949
"P",291,"T","P291T",-0.376812301419649
"P",291,"V","P291V",0.330189323180776
"P",291,"W","P291W",-0.739439260726136
"P",291,"Y","P291Y",-0.151180482941977
"R",292,"A","R292A",0.246736649371926
"R",292,"C","R292C",-1.69006640283684
"R",292,"D","R292D",-0.137749806998561
"R",292,"E","R292E",-0.527141855756367
"R",292,"F","R292F",-0.703641509526902
"R",292,"G","R292G",-0.291662588633435
"R",292,"H","R292H",1.45683725343831
"R",292,"I","R292I",-0.218316749478595
"R",292,"K","R292K",-0.245330987500477
"R",292,"L","R292L",-0.890998500664156
"R",292,"M","R292M",-0.918370633479567
"R",292,"N","R292N",0.0230117445935648
"R",292,"P","R292P",-0.419035642604096
"R",292,"Q","R292Q",-0.780237751898797
"R",292,"S","R292S",-0.325144308602066
"R",292,"T","R292T",-1.68638063036654
"R",292,"V","R292V",0.0858547786090889
"R",292,"W","R292W",0.262881639123189
"R",292,"Y","R292Y",-0.63304079740707
"E",293,"A","E293A",-0.0938983912231103
"E",293,"C","E293C",0.0830336746116276
"E",293,"D","E293D",-0.967667805092464
"E",293,"F","E293F",-0.153402050880374
"E",293,"G","E293G",0.241818902221074
"E",293,"H","E293H",-1.04224153011201
"E",293,"I","E293I",0.957002532522798
"E",293,"K","E293K",0.0861710523245138
"E",293,"L","E293L",0.185012816528389
"E",293,"M","E293M",0.608315781067118
"E",293,"N","E293N",-1.2465350077742
"E",293,"P","E293P",-0.096448258588703
"E",293,"Q","E293Q",0.337365127726602
"E",293,"R","E293R",-0.419758707218209
"E",293,"S","E293S",1.61174440044046
"E",293,"T","E293T",-0.44849259285928
"E",293,"V","E293V",0.0579533482566308
"E",293,"W","E293W",-0.0454681041572495
"E",293,"Y","E293Y",-0.100778052792149
"E",294,"A","E294A",0.942240335543275
"E",294,"C","E294C",-0.501597540152263
"E",294,"D","E294D",-0.296468033722529
"E",294,"F","E294F",-0.0541777798481762
"E",294,"G","E294G",0.0404354835593734
"E",294,"H","E294H",0.766266713244319
"E",294,"I","E294I",0.591906781574447
"E",294,"K","E294K",2.17171251728446
"E",294,"L","E294L",1.21579890134817
"E",294,"M","E294M",0.662447058819552
"E",294,"N","E294N",-0.950831680654035
"E",294,"P","E294P",0.161507919133253
"E",294,"Q","E294Q",0.0173099318699627
"E",294,"R","E294R",1.61780390537961
"E",294,"S","E294S",-0.395988872797117
"E",294,"T","E294T",2.95189572736679
"E",294,"V","E294V",1.84991182095796
"E",294,"W","E294W",-0.0105611083336358
"E",294,"Y","E294Y",0.364226801423671
"Q",295,"A","Q295A",0.00405416498262444
"Q",295,"C","Q295C",-0.451784189621768
"Q",295,"D","Q295D",0.907347178989523
"Q",295,"E","Q295E",-0.787139453575099
"Q",295,"F","Q295F",0.0655955144653528
"Q",295,"G","Q295G",0.531340461292333
"Q",295,"H","Q295H",-0.00761909988521004
"Q",295,"I","Q295I",-0.197700598962078
"Q",295,"K","Q295K",0.0812196600314774
"Q",295,"L","Q295L",-1.20427608426367
"Q",295,"M","Q295M",-1.01528665959676
"Q",295,"N","Q295N",0.0513259676002893
"Q",295,"P","Q295P",0.0559808060961087
"Q",295,"R","Q295R",-0.570507638912388
"Q",295,"S","Q295S",0.914051477039038
"Q",295,"T","Q295T",-0.129777615634327
"Q",295,"V","Q295V",-0.553115217097313
"Q",295,"W","Q295W",-0.131541998368047
"Q",295,"Y","Q295Y",-0.150521718845626
"Y",296,"A","Y296A",0.602632798237411
"Y",296,"C","Y296C",0.401461364694524
"Y",296,"D","Y296D",-0.0515902828989393
"Y",296,"E","Y296E",0.714009221214738
"Y",296,"F","Y296F",1.2085196559621
"Y",296,"G","Y296G",-0.329634176743849
"Y",296,"H","Y296H",-0.694850737183469
"Y",296,"I","Y296I",1.6442929570298
"Y",296,"K","Y296K",1.54705928233605
"Y",296,"L","Y296L",-0.520316392552743
"Y",296,"M","Y296M",0.569368529091446
"Y",296,"N","Y296N",0.19096299370153
"Y",296,"P","Y296P",2.26048605848889
"Y",296,"Q","Y296Q",0.0751380761260909
"Y",296,"R","Y296R",0.998928222619097
"Y",296,"S","Y296S",-0.0347695384908955
"Y",296,"T","Y296T",-0.202027322091025
"Y",296,"V","Y296V",0.702453603029359
"Y",296,"W","Y296W",0.31388032278024
"N",297,"A","N297A",4.09646127653545
"N",297,"C","N297C",0.682615767803775
"N",297,"D","N297D",0.449256839303212
"N",297,"E","N297E",0.349983152540049
"N",297,"F","N297F",0.998380070243232
"N",297,"G","N297G",-1.54581516057286
"N",297,"H","N297H",-0.792917180131822
"N",297,"I","N297I",2.10427592828038
"N",297,"K","N297K",2.15883015548355
"N",297,"L","N297L",-1.35456158311004
"N",297,"M","N297M",1.0706758790655
"N",297,"P","N297P",-1.14537663343511
"N",297,"Q","N297Q",-0.204496639418658
"N",297,"R","N297R",-0.0659776621425925
"N",297,"S","N297S",-2.55373162390515
"N",297,"T","N297T",-1.36036092895325
"N",297,"V","N297V",0.336952669969868
"N",297,"W","N297W",0.255837379001397
"N",297,"Y","N297Y",-0.728450703465169
"S",298,"A","S298A",-0.620198513135692
"S",298,"C","S298C",-1.60295897711012
"S",298,"D","S298D",1.205385094719
"S",298,"E","S298E",1.9330974814352
"S",298,"F","S298F",-0.194502894449302
"S",298,"G","S298G",0.320252381255336
"S",298,"I","S298I",0.095948319199494
"S",298,"K","S298K",1.54922259818338
"S",298,"L","S298L",0.0166579267986369
"S",298,"M","S298M",0.196755011849252
"S",298,"N","S298N",-1.02202358558379
"S",298,"P","S298P",-1.87322744251893
"S",298,"Q","S298Q",-0.306705999512254
"S",298,"R","S298R",1.19668718197985
"S",298,"T","S298T",-0.444102355882022
"S",298,"V","S298V",-0.184406660054104
"S",298,"W","S298W",0.826824317083422
"S",298,"Y","S298Y",1.02638839329599
"T",299,"A","T299A",1.61403633984935
"T",299,"C","T299C",0.0248410979466234
"T",299,"D","T299D",0.432754027679991
"T",299,"E","T299E",0.425646432797388
"T",299,"F","T299F",2.19303277316129
"T",299,"G","T299G",0.877614766633644
"T",299,"H","T299H",0.153781057101243
"T",299,"I","T299I",-1.82542559202169
"T",299,"K","T299K",-1.56566815334018
"T",299,"L","T299L",0.767335028008323
"T",299,"M","T299M",2.60129948825653
"T",299,"N","T299N",0.147036104181889
"T",299,"P","T299P",0.158872707390327
"T",299,"Q","T299Q",2.32331976521868
"T",299,"R","T299R",-0.930155356878139
"T",299,"S","T299S",0.196254013886447
"T",299,"V","T299V",0.856521194388631
"T",299,"W","T299W",-1.04150130900002
"T",299,"Y","T299Y",1.73182034214814
"Y",300,"A","Y300A",-0.0344181313022097
"Y",300,"C","Y300C",0.27022032372846
"Y",300,"D","Y300D",1.85810329741905
"Y",300,"E","Y300E",1.90400345918908
"Y",300,"F","Y300F",0.0621817912813437
"Y",300,"G","Y300G",-0.76835394664316
"Y",300,"H","Y300H",1.25048798984891
"Y",300,"I","Y300I",-0.172563818307996
"Y",300,"K","Y300K",-1.58480098647062
"Y",300,"L","Y300L",-0.685207555419081
"Y",300,"M","Y300M",-1.78919867436626
"Y",300,"N","Y300N",-0.0494889737948958
"Y",300,"P","Y300P",0.594451767831578
"Y",300,"Q","Y300Q",0.560127458384044
"Y",300,"R","Y300R",1.15653871045017
"Y",300,"S","Y300S",-1.45924683146169
"Y",300,"T","Y300T",0.158447731497656
"Y",300,"V","Y300V",-0.0145617341989992
"Y",300,"W","Y300W",0.362739245390667
"R",301,"A","R301A",0.620500497484131
"R",301,"C","R301C",0.115796552075796
"R",301,"D","R301D",1.69044005225757
"R",301,"E","R301E",0.289997434780446
"R",301,"F","R301F",0.791427140450412
"R",301,"G","R301G",-0.497155566048005
"R",301,"H","R301H",0.227015091801598
"R",301,"I","R301I",-0.335280462624034
"R",301,"K","R301K",3.53740977949117
"R",301,"L","R301L",0.642569660697559
"R",301,"M","R301M",-0.637404891728401
"R",301,"N","R301N",1.19511640308162
"R",301,"P","R301P",-0.00750401095440992
"R",301,"Q","R301Q",-0.687079384434223
"R",301,"S","R301S",-0.877450195547546
"R",301,"T","R301T",-0.897423374734739
"R",301,"V","R301V",0.564468202608506
"R",301,"W","R301W",-0.188282917267634
"R",301,"Y","R301Y",0.808108048391724
"V",302,"A","V302A",1.51332792663304
"V",302,"C","V302C",0.403640065748242
"V",302,"D","V302D",1.76899734347887
"V",302,"E","V302E",0.449323522445442
"V",302,"F","V302F",-1.31810240466749
"V",302,"G","V302G",-0.33408053255977
"V",302,"H","V302H",0.0179225146951427
"V",302,"I","V302I",-0.202274574474148
"V",302,"K","V302K",2.0365311199451
"V",302,"L","V302L",-0.520830182767386
"V",302,"M","V302M",-0.82434564966208
"V",302,"N","V302N",-2.72819485927221
"V",302,"P","V302P",1.19753885899934
"V",302,"Q","V302Q",-1.12890041101612
"V",302,"R","V302R",1.14971580474978
"V",302,"S","V302S",-0.118751080642934
"V",302,"T","V302T",0.0390658889418084
"V",302,"W","V302W",-0.653277786810008
"V",302,"Y","V302Y",1.06433049473854
"V",303,"A","V303A",0.949019990512476
"V",303,"C","V303C",0.783103137561427
"V",303,"D","V303D",-0.0888317288296685
"V",303,"E","V303E",0.677204899278765
"V",303,"F","V303F",-0.213308112453544
"V",303,"G","V303G",-0.508005954247977
"V",303,"H","V303H",-0.0409014005993997
"V",303,"I","V303I",0.966134789806933
"V",303,"K","V303K",1.37317643480362
"V",303,"L","V303L",0.902037855757107
"V",303,"M","V303M",0.183935432029012
"V",303,"N","V303N",0.277939852341698
"V",303,"P","V303P",-0.339837133700006
"V",303,"Q","V303Q",0.442122549877188
"V",303,"R","V303R",0.365543301409963
"V",303,"S","V303S",0.679636812168509
"V",303,"T","V303T",-0.146210144795385
"V",303,"W","V303W",-0.309086858957807
"V",303,"Y","V303Y",0.0061807108847739
"S",304,"A","S304A",-0.115287668952073
"S",304,"C","S304C",0.491250953648944
"S",304,"D","S304D",-0.179408082639636
"S",304,"E","S304E",-0.711388829696031
"S",304,"F","S304F",-0.980264326508639
"S",304,"G","S304G",-0.32786180463382
"S",304,"H","S304H",-0.344353248638928
"S",304,"I","S304I",-0.588242804453612
"S",304,"K","S304K",1.02330785192533
"S",304,"L","S304L",1.46012029248527
"S",304,"M","S304M",1.04050765442099
"S",304,"N","S304N",0.76233372324877
"S",304,"P","S304P",0.342033605388398
"S",304,"Q","S304Q",-0.735663727467963
"S",304,"R","S304R",-0.247090069729253
"S",304,"T","S304T",-0.830357886610912
"S",304,"V","S304V",0.688466061721729
"S",304,"W","S304W",0.240622491686213
"S",304,"Y","S304Y",-0.782759622959782
"V",305,"A","V305A",-0.646427702182567
"V",305,"C","V305C",-0.117950091464449
"V",305,"D","V305D",-0.925637024234075
"V",305,"E","V305E",0.725822066036402
"V",305,"F","V305F",0.153169109759611
"V",305,"G","V305G",-0.146214247199351
"V",305,"H","V305H",0.218023699869948
"V",305,"I","V305I",-0.471601576153382
"V",305,"K","V305K",-0.658497707133985
"V",305,"L","V305L",0.391169429632234
"V",305,"M","V305M",-0.460048286634169
"V",305,"N","V305N",0.0687168535045508
"V",305,"P","V305P",-0.294897253202814
"V",305,"Q","V305Q",1.89172886498841
"V",305,"R","V305R",-0.916677161326119
"V",305,"S","V305S",0.299557575096295
"V",305,"T","V305T",2.2030819148549
"V",305,"W","V305W",0.631219302092835
"V",305,"Y","V305Y",0.484203249944343
"L",306,"A","L306A",0.556016279309147
"L",306,"C","L306C",0.172823058128044
"L",306,"D","L306D",-0.936837642230094
"L",306,"E","L306E",-1.14780123382949
"L",306,"F","L306F",-0.726907398475219
"L",306,"G","L306G",0.21859872013038
"L",306,"H","L306H",0.316789701469192
"L",306,"I","L306I",0.0759426362211264
"L",306,"K","L306K",-0.181408089540437
"L",306,"M","L306M",-0.354318397603917
"L",306,"N","L306N",-1.53110040928371
"L",306,"P","L306P",3.49838993080912
"L",306,"Q","L306Q",-0.859098561339683
"L",306,"R","L306R",0.556178630023706
"L",306,"S","L306S",0.648488720850279
"L",306,"T","L306T",0.67039441398983
"L",306,"V","L306V",1.01356300318353
"L",306,"W","L306W",-0.286274180119597
"L",306,"Y","L306Y",-1.23056230408583
"T",307,"A","T307A",-0.319588024857231
"T",307,"C","T307C",1.60032068489658
"T",307,"D","T307D",-0.175544534639084
"T",307,"E","T307E",0.974305994357027
"T",307,"F","T307F",-0.692045419507822
"T",307,"G","T307G",-0.820656204383309
"T",307,"H","T307H",-0.00164786546874306
"T",307,"I","T307I",-0.489938366470868
"T",307,"K","T307K",-0.996909911464819
"T",307,"L","T307L",1.01696655977338
"T",307,"M","T307M",-1.04699762714862
"T",307,"N","T307N",0.978734854156513
"T",307,"P","T307P",-0.24143877054186
"T",307,"Q","T307Q",-0.583327407123008
"T",307,"R","T307R",0.162158442266893
"T",307,"S","T307S",-0.147753647686358
"T",307,"V","T307V",-0.156228673871206
"T",307,"W","T307W",-0.877760741626917
"T",307,"Y","T307Y",-0.267058331285549
"V",308,"A","V308A",-0.324457759674818
"V",308,"C","V308C",-0.759820487630408
"V",308,"D","V308D",0.491337476529682
"V",308,"E","V308E",0.0491055957079133
"V",308,"F","V308F",-0.0855729010564882
"V",308,"G","V308G",-0.00825450010441744
"V",308,"H","V308H",0.0739950997976213
"V",308,"I","V308I",0.48960339089674
"V",308,"K","V308K",1.01391955249016
"V",308,"L","V308L",1.01707330611877
"V",308,"M","V308M",0.729293334480478
"V",308,"N","V308N",1.10081001414249
"V",308,"P","V308P",-1.41772866751086
"V",308,"Q","V308Q",-0.787848643580667
"V",308,"R","V308R",-0.111491180747813
"V",308,"S","V308S",-0.716264030109732
"V",308,"T","V308T",-0.0475454079585668
"V",308,"W","V308W",-0.582006258662528
"V",308,"Y","V308Y",0.296959801353232
"L",309,"A","L309A",0.0598828099025107
"L",309,"C","L309C",-0.0776205389407684
"L",309,"D","L309D",1.4874388183654
"L",309,"E","L309E",0.785864660711002
"L",309,"F","L309F",-0.362878748868564
"L",309,"G","L309G",0.4317445110225
"L",309,"H","L309H",-0.107489946741462
"L",309,"I","L309I",-0.0119857994796516
"L",309,"K","L309K",1.05595432024497
"L",309,"M","L309M",-0.647259452752968
"L",309,"N","L309N",0.113620811109882
"L",309,"P","L309P",0.181630208163295
"L",309,"Q","L309Q",1.10636611067719
"L",309,"R","L309R",-0.571625062957247
"L",309,"S","L309S",0.1778860956789
"L",309,"T","L309T",0.411942642002576
"L",309,"V","L309V",0.638499578895191
"L",309,"W","L309W",-0.0807840407288597
"L",309,"Y","L309Y",0.114302261951605
"H",310,"A","H310A",-1.03057414615506
"H",310,"C","H310C",-0.359139372049295
"H",310,"D","H310D",0.502841163841959
"H",310,"E","H310E",-1.36023138290077
"H",310,"F","H310F",1.35467185512228
"H",310,"G","H310G",0.538790796953314
"H",310,"I","H310I",-0.114861909476944
"H",310,"K","H310K",0.399552311173072
"H",310,"L","H310L",0.0325928456593979
"H",310,"M","H310M",-0.109051514961308
"H",310,"N","H310N",0.566148248305852
"H",310,"P","H310P",-0.813251025693048
"H",310,"Q","H310Q",-1.2864857293943
"H",310,"R","H310R",-0.257557247285919
"H",310,"S","H310S",-0.788403683121205
"H",310,"T","H310T",-0.577570741258674
"H",310,"V","H310V",0.0820661020435974
"H",310,"W","H310W",0.417381671953364
"H",310,"Y","H310Y",0.658261491322524
"Q",311,"A","Q311A",-0.297046813870117
"Q",311,"C","Q311C",0.102439230927245
"Q",311,"D","Q311D",-0.303848555854691
"Q",311,"E","Q311E",2.6380948249255
"Q",311,"F","Q311F",-0.485703275064317
"Q",311,"G","Q311G",-0.547156338848585
"Q",311,"H","Q311H",-0.695502305508909
"Q",311,"I","Q311I",1.21710026752
"Q",311,"K","Q311K",-0.0245701404822698
"Q",311,"L","Q311L",0.155955782661206
"Q",311,"M","Q311M",-0.297074791048836
"Q",311,"N","Q311N",2.17240225135857
"Q",311,"P","Q311P",-0.414910658323521
"Q",311,"R","Q311R",-2.43333818386373
"Q",311,"S","Q311S",-0.56702570384026
"Q",311,"T","Q311T",-1.5866290535436
"Q",311,"V","Q311V",0.30664095736501
"Q",311,"W","Q311W",-1.52422340556972
"Q",311,"Y","Q311Y",0.993915811294728
"D",312,"A","D312A",-0.943989668879392
"D",312,"C","D312C",-0.929997408819509
"D",312,"E","D312E",0.211954915231405
"D",312,"F","D312F",-0.801500442770814
"D",312,"G","D312G",0.175045173134275
"D",312,"H","D312H",0.557278240783601
"D",312,"I","D312I",-0.311147793759886
"D",312,"K","D312K",-0.248466802873086
"D",312,"L","D312L",-0.955759547899155
"D",312,"M","D312M",-0.315078082247365
"D",312,"N","D312N",-0.797724089484034
"D",312,"P","D312P",0.474087345545673
"D",312,"Q","D312Q",-0.29292937160801
"D",312,"R","D312R",0.0570067511476182
"D",312,"S","D312S",-0.0164815397268639
"D",312,"T","D312T",0.868312080525712
"D",312,"V","D312V",0.295783629792187
"D",312,"W","D312W",1.20366948933325
"D",312,"Y","D312Y",-0.774646162925208
"W",313,"A","W313A",0.132913613265315
"W",313,"C","W313C",2.70985856501839
"W",313,"D","W313D",-0.11663148656151
"W",313,"E","W313E",-0.509048179414969
"W",313,"F","W313F",0.133136152883435
"W",313,"H","W313H",1.00836201600794
"W",313,"I","W313I",0.304061431911308
"W",313,"K","W313K",0.760914002489647
"W",313,"L","W313L",-1.0988342888785
"W",313,"M","W313M",-0.269779167983569
"W",313,"N","W313N",0.132562052965274
"W",313,"P","W313P",-0.578441118165534
"W",313,"Q","W313Q",0.288498319750039
"W",313,"R","W313R",-3.19561307811728
"W",313,"S","W313S",0.13306359590055
"W",313,"T","W313T",0.583521235419264
"W",313,"V","W313V",-0.118395536186721
"W",313,"Y","W313Y",0.11700288833883
"L",314,"A","L314A",-0.0501348833320247
"L",314,"C","L314C",0.28644078142634
"L",314,"D","L314D",0.482636451558581
"L",314,"E","L314E",0.168589763689869
"L",314,"F","L314F",0.652266777571184
"L",314,"G","L314G",0.473765827218088
"L",314,"H","L314H",0.50912123660648
"L",314,"I","L314I",-0.728405707552854
"L",314,"K","L314K",-0.272517340643284
"L",314,"M","L314M",0.209694331037957
"L",314,"N","L314N",-0.71022706130316
"L",314,"P","L314P",-0.951210308871547
"L",314,"Q","L314Q",0.874817570857547
"L",314,"R","L314R",-0.320274975699344
"L",314,"S","L314S",-0.340727846299179
"L",314,"T","L314T",0.242064684488233
"L",314,"V","L314V",-0.458474315635982
"L",314,"W","L314W",0.509560574840608
"L",314,"Y","L314Y",-0.625666297464918
"N",315,"A","N315A",0.554505560452978
"N",315,"C","N315C",-0.0590104772717542
"N",315,"D","N315D",-0.287673659092869
"N",315,"E","N315E",-0.0125800521248023
"N",315,"F","N315F",0.831991210635044
"N",315,"G","N315G",-0.284762510562825
"N",315,"H","N315H",-0.441653077103472
"N",315,"I","N315I",0.0480428542771938
"N",315,"K","N315K",1.27078934126215
"N",315,"L","N315L",1.92457405918176
"N",315,"M","N315M",-0.850349007798455
"N",315,"P","N315P",-0.116511264930454
"N",315,"Q","N315Q",-1.23508020123798
"N",315,"R","N315R",0.452552082684697
"N",315,"S","N315S",0.202174257829648
"N",315,"T","N315T",-0.241096909633313
"N",315,"V","N315V",0.43531998322147
"N",315,"W","N315W",-0.860166919100495
"N",315,"Y","N315Y",1.73700131403464
"G",316,"A","G316A",-0.555393258084832
"G",316,"C","G316C",-0.170280337811619
"G",316,"D","G316D",0.0202038045438009
"G",316,"E","G316E",-0.951569029691861
"G",316,"F","G316F",2.53981447748321
"G",316,"H","G316H",-0.460520004534644
"G",316,"I","G316I",0.60422266985463
"G",316,"K","G316K",1.17156232267366
"G",316,"L","G316L",1.36920009197564
"G",316,"M","G316M",-0.390454051383234
"G",316,"N","G316N",-0.805106091301961
"G",316,"P","G316P",0.00449968604405863
"G",316,"Q","G316Q",0.526768964937872
"G",316,"R","G316R",-0.26872314637029
"G",316,"S","G316S",-0.661879133250343
"G",316,"T","G316T",0.444345883870731
"G",316,"V","G316V",-0.724392909117597
"G",316,"W","G316W",0.867070810300029
"G",316,"Y","G316Y",-0.00470280957439573
"K",317,"A","K317A",-0.0546363288742645
"K",317,"C","K317C",-0.743507733838363
"K",317,"D","K317D",-0.744359085590711
"K",317,"E","K317E",-0.343486291393267
"K",317,"F","K317F",0.297290009255988
"K",317,"G","K317G",-0.514953659067792
"K",317,"H","K317H",0.0941499157050384
"K",317,"I","K317I",-0.463792664128178
"K",317,"L","K317L",0.337698973845439
"K",317,"M","K317M",-0.294037579968646
"K",317,"N","K317N",-0.247034161917623
"K",317,"P","K317P",0.738944342348042
"K",317,"Q","K317Q",0.624872974707497
"K",317,"R","K317R",0.708849170221139
"K",317,"S","K317S",0.870785407822067
"K",317,"T","K317T",0.829235692850928
"K",317,"V","K317V",0.251986855798697
"K",317,"W","K317W",0.616330767949732
"K",317,"Y","K317Y",0.777064990655202
"E",318,"A","E318A",-0.68719605411333
"E",318,"C","E318C",-0.148144482821353
"E",318,"D","E318D",-0.56962012416381
"E",318,"F","E318F",-0.0663614822062612
"E",318,"G","E318G",0.413814199943769
"E",318,"H","E318H",1.94113242333685
"E",318,"I","E318I",-0.00751887588371675
"E",318,"K","E318K",-0.195000136291786
"E",318,"L","E318L",0.668995073719225
"E",318,"M","E318M",-0.0167359065385807
"E",318,"N","E318N",0.0917118173423222
"E",318,"P","E318P",0.119672620469356
"E",318,"Q","E318Q",0.142079948090676
"E",318,"R","E318R",0.275792149020542
"E",318,"S","E318S",0.462413329193124
"E",318,"T","E318T",1.61895964572649
"E",318,"V","E318V",0.615763327223661
"E",318,"W","E318W",0.0757562493241636
"E",318,"Y","E318Y",0.0135675475221061
"Y",319,"A","Y319A",-0.106528780669026
"Y",319,"C","Y319C",-0.286839895365579
"Y",319,"D","Y319D",-0.360344494186819
"Y",319,"E","Y319E",1.65173145474402
"Y",319,"F","Y319F",-0.692531513602293
"Y",319,"G","Y319G",0.430442374796002
"Y",319,"H","Y319H",-0.550967692448006
"Y",319,"I","Y319I",-0.24106902596552
"Y",319,"K","Y319K",0.220496959480527
"Y",319,"L","Y319L",0.3403624089401
"Y",319,"M","Y319M",1.1473093592475
"Y",319,"N","Y319N",-0.40925046671852
"Y",319,"P","Y319P",0.736434614796668
"Y",319,"Q","Y319Q",3.25985055816496
"Y",319,"R","Y319R",1.24645903453336
"Y",319,"S","Y319S",-1.80120789344276
"Y",319,"T","Y319T",-0.0453341571818245
"Y",319,"V","Y319V",1.10609964281677
"Y",319,"W","Y319W",-0.732108143833824
"K",320,"A","K320A",-0.0110971595457319
"K",320,"C","K320C",0.352485436641005
"K",320,"D","K320D",0.695004039618586
"K",320,"E","K320E",-0.153146951211592
"K",320,"F","K320F",1.08568484129685
"K",320,"G","K320G",0.507078500802057
"K",320,"H","K320H",-0.0127719026759173
"K",320,"I","K320I",0.550248264403179
"K",320,"L","K320L",0.196259866812201
"K",320,"M","K320M",-0.413948802803738
"K",320,"N","K320N",-0.0897559305022025
"K",320,"P","K320P",0.115986899025163
"K",320,"Q","K320Q",-0.0997276305228669
"K",320,"R","K320R",0.505670807442101
"K",320,"S","K320S",-0.478863845403649
"K",320,"T","K320T",-0.933607791789947
"K",320,"V","K320V",-0.330336529039505
"K",320,"W","K320W",0.512785902515288
"K",320,"Y","K320Y",0.542149578120915
"C",321,"A","C321A",-0.925649397116734
"C",321,"D","C321D",-1.74956330936743
"C",321,"E","C321E",1.924257122688
"C",321,"F","C321F",0.151549937324519
"C",321,"G","C321G",1.89725125619269
"C",321,"H","C321H",-0.00869107049930331
"C",321,"I","C321I",-0.330924321139618
"C",321,"K","C321K",0.844795328070557
"C",321,"L","C321L",0.676491886694368
"C",321,"M","C321M",-0.0885242422511416
"C",321,"N","C321N",0.0489144069155084
"C",321,"P","C321P",0.811643761015229
"C",321,"Q","C321Q",0.184191941780459
"C",321,"R","C321R",1.14111280231887
"C",321,"S","C321S",-0.216430661333705
"C",321,"T","C321T",-0.171247332164095
"C",321,"V","C321V",0.583297204500016
"C",321,"W","C321W",0.831436350377267
"C",321,"Y","C321Y",-0.658129687734467
"K",322,"A","K322A",-0.266193319401272
"K",322,"C","K322C",1.02711685392194
"K",322,"D","K322D",1.1481866427382
"K",322,"E","K322E",-0.0280697181812631
"K",322,"F","K322F",0.932658818437616
"K",322,"G","K322G",1.00347347287189
"K",322,"H","K322H",0.465166242661046
"K",322,"I","K322I",-0.0770939120901096
"K",322,"L","K322L",-0.0992331222818204
"K",322,"M","K322M",0.00780609409168761
"K",322,"N","K322N",1.64581308199043
"K",322,"P","K322P",-1.26321101968315
"K",322,"Q","K322Q",1.21996499756268
"K",322,"R","K322R",1.16067485033899
"K",322,"S","K322S",0.248556013540993
"K",322,"T","K322T",0.987055827384726
"K",322,"V","K322V",-0.0355964344762236
"K",322,"W","K322W",0.46250756007799
"K",322,"Y","K322Y",-0.0519200124700176
"V",323,"A","V323A",-0.0128036581548699
"V",323,"C","V323C",-0.903446955445613
"V",323,"D","V323D",-0.283053149437013
"V",323,"E","V323E",-0.0486469981976835
"V",323,"F","V323F",0.225985631809447
"V",323,"G","V323G",0.276107842520226
"V",323,"H","V323H",-0.669921440970691
"V",323,"I","V323I",0.369312174146401
"V",323,"K","V323K",-1.59348453634229
"V",323,"L","V323L",-0.159703340190208
"V",323,"M","V323M",2.85231759726052
"V",323,"N","V323N",-0.437872272826665
"V",323,"P","V323P",-0.874132194757065
"V",323,"Q","V323Q",0.744414814921791
"V",323,"R","V323R",-0.144421970865248
"V",323,"S","V323S",-0.00503515253659643
"V",323,"T","V323T",-0.159161591343345
"V",323,"W","V323W",1.20289204300761
"V",323,"Y","V323Y",-0.134227821555558
"S",324,"A","S324A",-0.911661677616839
"S",324,"C","S324C",-1.2275768818498
"S",324,"D","S324D",0.531200095787357
"S",324,"E","S324E",0.0271398977191773
"S",324,"F","S324F",-0.319881794882994
"S",324,"G","S324G",-0.450988439453199
"S",324,"H","S324H",1.38930809101248
"S",324,"I","S324I",-0.631301470484945
"S",324,"K","S324K",-0.702932430518769
"S",324,"L","S324L",0.579170496997364
"S",324,"M","S324M",0.859373391625173
"S",324,"N","S324N",0.146265359487904
"S",324,"P","S324P",-0.136872348872486
"S",324,"Q","S324Q",0.303379840633532
"S",324,"R","S324R",-0.53883594293466
"S",324,"T","S324T",0.48895606367351
"S",324,"V","S324V",-0.378721646267524
"S",324,"W","S324W",0.147023567561817
"S",324,"Y","S324Y",-0.201828466626762
"N",325,"A","N325A",0.0544781903553783
"N",325,"C","N325C",3.04320985906004
"N",325,"D","N325D",1.27019898590417
"N",325,"E","N325E",0.714152824820691
"N",325,"F","N325F",3.23522092270411
"N",325,"G","N325G",1.83664124126315
"N",325,"H","N325H",-0.348180445685631
"N",325,"I","N325I",0.647844783776145
"N",325,"K","N325K",-0.427273029876841
"N",325,"L","N325L",1.55442541725735
"N",325,"M","N325M",4.20553508826427
"N",325,"P","N325P",1.34762621245195
"N",325,"Q","N325Q",0.793415790799323
"N",325,"R","N325R",1.10140610671289
"N",325,"S","N325S",1.85271648854835
"N",325,"T","N325T",0.917291137373975
"N",325,"V","N325V",1.99741181779133
"N",325,"W","N325W",0.208576461094566
"N",325,"Y","N325Y",1.67575962365854
"K",326,"A","K326A",0.530581494210502
"K",326,"C","K326C",-0.32712195835774
"K",326,"D","K326D",2.19207847997904
"K",326,"E","K326E",1.59834482353694
"K",326,"F","K326F",3.7081342360521
"K",326,"G","K326G",1.02517064697645
"K",326,"H","K326H",-0.873762780785267
"K",326,"I","K326I",0.156378086223711
"K",326,"L","K326L",0.645270604676909
"K",326,"M","K326M",1.23365985444408
"K",326,"N","K326N",-2.05250018404411
"K",326,"P","K326P",-0.867921398719301
"K",326,"Q","K326Q",0.618722172386754
"K",326,"R","K326R",1.36102740155175
"K",326,"S","K326S",-0.889564179347759
"K",326,"T","K326T",1.44261087200467
"K",326,"V","K326V",-0.238129384113046
"K",326,"W","K326W",-1.83762687516173
"K",326,"Y","K326Y",0.00655979314251995
"A",327,"C","A327C",0.289681093384425
"A",327,"D","A327D",2.07587631387487
"A",327,"E","A327E",0.998619512205283
"A",327,"F","A327F",-1.01107610152846
"A",327,"G","A327G",0.56007431336317
"A",327,"H","A327H",0.883667307059998
"A",327,"I","A327I",1.2177494362253
"A",327,"K","A327K",-2.03531792933108
"A",327,"L","A327L",-0.24815220274476
"A",327,"M","A327M",-0.351025568770778
"A",327,"N","A327N",-0.193834630900545
"A",327,"P","A327P",-0.466259107215845
"A",327,"Q","A327Q",0.199640900452314
"A",327,"R","A327R",1.12421058349177
"A",327,"S","A327S",0.548471368994793
"A",327,"T","A327T",-0.182250992508376
"A",327,"V","A327V",0.409470627427019
"A",327,"W","A327W",0.645156701198928
"A",327,"Y","A327Y",0.153076851218201
"L",328,"A","L328A",0.97670855480895
"L",328,"C","L328C",-0.0721375136380483
"L",328,"D","L328D",4.77793630026209
"L",328,"E","L328E",-0.301881700799038
"L",328,"F","L328F",2.83172925869896
"L",328,"G","L328G",0.395306363202333
"L",328,"H","L328H",-0.0805144000651918
"L",328,"I","L328I",1.70649343256662
"L",328,"K","L328K",-0.466018172960151
"L",328,"M","L328M",2.03135708680921
"L",328,"N","L328N",0.0292901271705939
"L",328,"P","L328P",0.708608551171644
"L",328,"Q","L328Q",-0.134836519735594
"L",328,"R","L328R",-0.566223457220931
"L",328,"S","L328S",-0.095886131902209
"L",328,"T","L328T",2.32360414232712
"L",328,"V","L328V",1.81231684174112
"L",328,"W","L328W",8.13104099316323
"L",328,"Y","L328Y",3.7861466550621
"P",329,"A","P329A",-0.928000633241689
"P",329,"C","P329C",-0.0711360776417577
"P",329,"D","P329D",-3.72078657052863
"P",329,"E","P329E",-1.74732722976741
"P",329,"F","P329F",3.2454924952595
"P",329,"G","P329G",-2.41565097681454
"P",329,"H","P329H",-0.17162863586934
"P",329,"I","P329I",0.0730358346513777
"P",329,"K","P329K",-2.71602070447293
"P",329,"L","P329L",-1.34402888094722
"P",329,"M","P329M",1.77170149689837
"P",329,"N","P329N",-4.27307646706805
"P",329,"Q","P329Q",1.04725702800365
"P",329,"R","P329R",0.0319188133125693
"P",329,"S","P329S",1.78541312075235
"P",329,"T","P329T",-1.12763996482737
"P",329,"V","P329V",-0.835984544807562
"P",329,"W","P329W",3.11611744364455
"P",329,"Y","P329Y",-0.356215612751814
"A",330,"C","A330C",-0.95107207899762
"A",330,"D","A330D",-0.21424122017849
"A",330,"E","A330E",0.392610699052212
"A",330,"F","A330F",-2.56079991229327
"A",330,"G","A330G",0.997007419841678
"A",330,"H","A330H",-0.265449895211221
"A",330,"I","A330I",-0.332187796103473
"A",330,"K","A330K",1.00753545529594
"A",330,"L","A330L",-1.37498381439437
"A",330,"M","A330M",-1.87850738741555
"A",330,"N","A330N",-0.27149770691707
"A",330,"P","A330P",1.09695219084569
"A",330,"Q","A330Q",0.905826351860065
"A",330,"R","A330R",0.777183040580481
"A",330,"S","A330S",-0.232728235364873
"A",330,"T","A330T",0.717921880094685
"A",330,"V","A330V",0.139519351338498
"A",330,"W","A330W",-2.94917688441128
"A",330,"Y","A330Y",-1.79622201009194
"P",331,"A","P331A",0.564106940653311
"P",331,"C","P331C",1.03743025241156
"P",331,"D","P331D",0.133771095346129
"P",331,"E","P331E",0.0209576424668902
"P",331,"F","P331F",0.231193261881821
"P",331,"G","P331G",0.227985068221017
"P",331,"H","P331H",2.34039279311061
"P",331,"I","P331I",-0.11549164268293
"P",331,"K","P331K",-0.27044405760339
"P",331,"L","P331L",-0.107621702023981
"P",331,"M","P331M",1.34417869128906
"P",331,"N","P331N",-0.067349812356722
"P",331,"Q","P331Q",1.98464245429138
"P",331,"R","P331R",0.542651018277386
"P",331,"S","P331S",0.665657130271709
"P",331,"T","P331T",0.393110035635491
"P",331,"V","P331V",-1.09950417412074
"P",331,"W","P331W",-0.0167870775940977
"P",331,"Y","P331Y",0.945214507611949
"I",332,"C","I332C",0.517531432071996
"I",332,"D","I332D",-2.97109028876508
"I",332,"E","I332E",-3.43195966800693
"I",332,"F","I332F",-0.0600427483320076
"I",332,"G","I332G",-1.23912102568215
"I",332,"H","I332H",-0.271749470566819
"I",332,"K","I332K",-1.08063783813307
"I",332,"L","I332L",-0.314865825517262
"I",332,"M","I332M",0.114931392743514
"I",332,"N","I332N",-0.807922748797127
"I",332,"P","I332P",-0.110175314283506
"I",332,"Q","I332Q",0.312173058089443
"I",332,"R","I332R",-2.83478439596687
"I",332,"S","I332S",-0.751176624177426
"I",332,"T","I332T",-1.44808742801618
"I",332,"V","I332V",1.04730852740956
"I",332,"W","I332W",-0.572774412951944
"I",332,"Y","I332Y",1.26868071309622
"E",333,"A","E333A",-0.0216762977348699
"E",333,"C","E333C",0.0866956215567338
"E",333,"D","E333D",-0.537899491348242
"E",333,"F","E333F",0.650865864946814
"E",333,"G","E333G",0.738377151466803
"E",333,"H","E333H",0.461324479572171
"E",333,"I","E333I",0.60483084512597
"E",333,"K","E333K",0.517563241468729
"E",333,"L","E333L",-1.34887102453534
"E",333,"M","E333M",0.0498061454089876
"E",333,"N","E333N",0.07678447816735
"E",333,"P","E333P",-1.05312778778838
"E",333,"Q","E333Q",-0.588191392377213
"E",333,"R","E333R",-0.623404851305068
"E",333,"S","E333S",-1.10058472207945
"E",333,"T","E333T",0.546371294704376
"E",333,"V","E333V",-0.366758905895488
"E",333,"W","E333W",-1.50871591022593
"E",333,"Y","E333Y",-0.0920908651114832
"K",334,"A","K334A",-2.03841278875849
"K",334,"C","K334C",-0.311893707440869
"K",334,"D","K334D",-2.30202687494962
"K",334,"E","K334E",-3.00339532751472
"K",334,"F","K334F",-1.76701210242905
"K",334,"G","K334G",-0.578520454919831
"K",334,"H","K334H",-1.50746581511038
"K",334,"I","K334I",-2.89363222853973
"K",334,"L","K334L",-1.1636614170075
"K",334,"M","K334M",-2.39251261689109
"K",334,"N","K334N",-2.29377176244076
"K",334,"P","K334P",-1.55236344816986
"K",334,"Q","K334Q",-0.743927245597856
"K",334,"R","K334R",0.870446037359945
"K",334,"S","K334S",-0.449902824315455
"K",334,"T","K334T",-1.81256856526799
"K",334,"V","K334V",-1.9574510865312
"K",334,"W","K334W",-0.812617203008969
"K",334,"Y","K334Y",-3.65846349409361
"T",335,"A","T335A",-0.532392245112121
"T",335,"C","T335C",-0.0389077426886083
"T",335,"D","T335D",-0.474811037294586
"T",335,"E","T335E",0.0592549368431709
"T",335,"F","T335F",-0.394271352967859
"T",335,"G","T335G",-0.0676751539562427
"T",335,"H","T335H",0.386268896078952
"T",335,"I","T335I",0.806977719664016
"T",335,"K","T335K",-0.891337057657161
"T",335,"L","T335L",-0.599724772702378
"T",335,"M","T335M",-0.00306724524114989
"T",335,"N","T335N",0.608659806817052
"T",335,"P","T335P",-0.673014720218075
"T",335,"Q","T335Q",0.551789807508545
"T",335,"R","T335R",-0.168539956208663
"T",335,"S","T335S",0.191273221047284
"T",335,"V","T335V",0.356686725415221
"T",335,"W","T335W",0.424540261502059
"T",335,"Y","T335Y",-0.0782967356502398
"I",336,"A","I336A",-1.08853879804783
"I",336,"C","I336C",0.134872659486199
"I",336,"D","I336D",-0.735099060901375
"I",336,"E","I336E",-1.94925303436166
"I",336,"F","I336F",0.621772481052075
"I",336,"G","I336G",0.0805410511634257
"I",336,"H","I336H",-0.493977753603019
"I",336,"K","I336K",-0.294664481954302
"I",336,"L","I336L",-1.14134587744471
"I",336,"M","I336M",-0.110358952760928
"I",336,"N","I336N",1.45608275453508
"I",336,"P","I336P",-1.19488324840665
"I",336,"Q","I336Q",-1.97186924480521
"I",336,"R","I336R",0.710832978863122
"I",336,"S","I336S",-1.65593386621168
"I",336,"T","I336T",0.19225276493494
"I",336,"V","I336V",-1.83285462488041
"I",336,"W","I336W",-0.651739880317734
"I",336,"Y","I336Y",-0.728881096499178
"S",337,"A","S337A",0.501402561920523
"S",337,"C","S337C",0.0972663769397061
"S",337,"D","S337D",-1.1423591912409
"S",337,"E","S337E",2.29714860917581
"S",337,"F","S337F",0.26188501087518
"S",337,"G","S337G",-0.685836192834297
"S",337,"H","S337H",-0.0411500871720971
"S",337,"I","S337I",-0.294950275644553
"S",337,"K","S337K",0.921802992359988
"S",337,"L","S337L",-0.783251636644711
"S",337,"M","S337M",0.921546470664949
"S",337,"N","S337N",0.456091927536722
"S",337,"P","S337P",-0.123409486338456
"S",337,"Q","S337Q",0.0394208078066479
"S",337,"R","S337R",1.39617741383962
"S",337,"T","S337T",0.554622176812389
"S",337,"V","S337V",0.0201355248726351
"S",337,"W","S337W",1.07975559110026
"S",337,"Y","S337Y",1.29238187992213
"K",338,"A","K338A",-0.386277276380156
"K",338,"C","K338C",1.03332716282597
"K",338,"D","K338D",2.39462235807291
"K",338,"E","K338E",0.433678412498212
"K",338,"F","K338F",-1.02281074006673
"K",338,"G","K338G",-0.668522665661373
"K",338,"H","K338H",0.581812858763716
"K",338,"I","K338I",-0.354354075800883
"K",338,"L","K338L",0.086323350613103
"K",338,"M","K338M",1.55201803321788
"K",338,"N","K338N",-0.526955390002057
"K",338,"P","K338P",-0.279048210334146
"K",338,"Q","K338Q",1.99333167021484
"K",338,"R","K338R",-0.0716236547110092
"K",338,"S","K338S",0.499235728450936
"K",338,"T","K338T",-1.51728641328834
"K",338,"V","K338V",-0.552210771663136
"K",338,"W","K338W",0.369510373466793
"K",338,"Y","K338Y",0.826629649636229
"A",339,"C","A339C",0.50914344143788
"A",339,"D","A339D",-0.46444595592141
"A",339,"E","A339E",-0.32171752767379
"A",339,"F","A339F",0.485075353970841
"A",339,"G","A339G",0.0801282611881682
"A",339,"H","A339H",-0.376992261717171
"A",339,"I","A339I",-0.55542788704865
"A",339,"K","A339K",-0.454478624292056
"A",339,"L","A339L",1.1136688285472
"A",339,"M","A339M",1.18115081499313
"A",339,"N","A339N",0.250448132587572
"A",339,"P","A339P",0.437808888012068
"A",339,"Q","A339Q",-1.1594233530943
"A",339,"R","A339R",-1.64406513747999
"A",339,"S","A339S",-0.938754651873508
"A",339,"T","A339T",0.0559420079441259
"A",339,"V","A339V",0.735635791245871
"A",339,"W","A339W",1.01452589753499
"A",339,"Y","A339Y",-1.06452524621808
"K",340,"A","K340A",-0.269055244385001
"K",340,"C","K340C",-0.935131680895715
"K",340,"D","K340D",0.937134757854754
"K",340,"E","K340E",-0.0132624816806847
"K",340,"F","K340F",-0.765978744067861
"K",340,"G","K340G",0.221552714706536
"K",340,"H","K340H",0.66032672985626
"K",340,"I","K340I",-0.716758686254731
"K",340,"L","K340L",1.07835799065315
"K",340,"M","K340M",1.05936168333332
"K",340,"N","K340N",-0.224714055614252
"K",340,"P","K340P",-0.0737237126616329
"K",340,"Q","K340Q",0.119627658639121
"K",340,"R","K340R",1.38738474547166
"K",340,"S","K340S",-0.18142538291772
"K",340,"T","K340T",-0.12766578175157
"K",340,"V","K340V",0.593366498914123
"K",340,"W","K340W",-0.746138268157134
"K",340,"Y","K340Y",-0.0604596528878038
"G",341,"A","G341A",0.497261751670148
"G",341,"C","G341C",1.08998725170171
"G",341,"D","G341D",-0.321152431756736
"G",341,"E","G341E",0.198762288728489
"G",341,"F","G341F",0.570149731210911
"G",341,"H","G341H",0.521030658944994
"G",341,"I","G341I",0.279649668026651
"G",341,"K","G341K",0.562131850827585
"G",341,"L","G341L",-0.211887030398044
"G",341,"M","G341M",-0.0266622029640596
"G",341,"N","G341N",2.55211349364868
"G",341,"P","G341P",2.17281905308825
"G",341,"Q","G341Q",-0.199235278791972
"G",341,"R","G341R",0.497045258488285
"G",341,"S","G341S",0.11778765165244
"G",341,"T","G341T",0.502934976212499
"G",341,"V","G341V",0.721113129421875
"G",341,"W","G341W",1.00406710763129
"G",341,"Y","G341Y",0.5906463452093
"Q",342,"A","Q342A",-0.0474751303686014
"Q",342,"C","Q342C",0.596620413925453
"Q",342,"D","Q342D",-0.0997665023279212
"Q",342,"E","Q342E",-1.0887919460036
"Q",342,"F","Q342F",-0.0506138646863564
"Q",342,"G","Q342G",0.312542871141196
"Q",342,"H","Q342H",-0.623166014428322
"Q",342,"I","Q342I",-0.297601311235858
"Q",342,"K","Q342K",-0.174364947204684
"Q",342,"L","Q342L",-0.480633540477127
"Q",342,"M","Q342M",-0.174513714210069
"Q",342,"N","Q342N",-1.32045769517302
"Q",342,"P","Q342P",1.09555678191091
"Q",342,"R","Q342R",0.514843315893287
"Q",342,"S","Q342S",1.37397434933422
"Q",342,"T","Q342T",-0.402407682171234
"Q",342,"V","Q342V",-0.571102379069114
"Q",342,"W","Q342W",-0.350584840088768
"Q",342,"Y","Q342Y",0.0666993633143602
"P",343,"A","P343A",0.913798592593301
"P",343,"C","P343C",0.641130817568666
"P",343,"D","P343D",0.164331997397266
"P",343,"E","P343E",-0.211232418739327
"P",343,"F","P343F",-0.350321112898463
"P",343,"G","P343G",0.454763703384864
"P",343,"H","P343H",0.269405315243757
"P",343,"I","P343I",-0.335931454113167
"P",343,"K","P343K",0.000759774365160483
"P",343,"L","P343L",0.357469609442415
"P",343,"M","P343M",-0.428521521096545
"P",343,"N","P343N",-0.667072067915004
"P",343,"Q","P343Q",0.155875019109336
"P",343,"R","P343R",2.14755944956604
"P",343,"S","P343S",-0.822370222568657
"P",343,"T","P343T",0.765579664942264
"P",343,"V","P343V",0.403531419806022
"P",343,"W","P343W",2.50808666797396
"P",343,"Y","P343Y",0.229885389476694
"R",344,"A","R344A",-0.741920173067233
"R",344,"C","R344C",0.688830408388639
"R",344,"D","R344D",-0.450790179538587
"R",344,"E","R344E",0.552704071940287
"R",344,"F","R344F",0.655907082549681
"R",344,"G","R344G",2.16197900087885
"R",344,"H","R344H",1.04620534547448
"R",344,"I","R344I",0.368516718493861
"R",344,"K","R344K",-1.56071733174117
"R",344,"L","R344L",-0.356830106681023
"R",344,"M","R344M",-0.639862252297705
"R",344,"N","R344N",-0.0946665372461881
"R",344,"P","R344P",0.962295389993255
"R",344,"Q","R344Q",0.365401946486102
"R",344,"S","R344S",-0.178106458404507
"R",344,"T","R344T",0.517692624612804
"R",344,"V","R344V",-0.970685909926414
"R",344,"Y","R344Y",2.83992567761109
"E",345,"A","E345A",0.645952555701963
"E",345,"C","E345C",0.305346341638664
"E",345,"D","E345D",-0.214546919046921
"E",345,"F","E345F",-0.260862737564219
"E",345,"G","E345G",0.971568010226641
"E",345,"H","E345H",-0.113106935873478
"E",345,"I","E345I",-0.806983312423142
"E",345,"K","E345K",-0.430419857513229
"E",345,"L","E345L",1.7282153314363
"E",345,"M","E345M",-0.709506960116596
"E",345,"N","E345N",1.80929618848315
"E",345,"P","E345P",-0.141082787185686
"E",345,"Q","E345Q",0.154543076926413
"E",345,"R","E345R",0.0450369716744099
"E",345,"S","E345S",-0.173161599752821
"E",345,"T","E345T",1.4973266844994
"E",345,"V","E345V",0.635024596807563
"E",345,"W","E345W",-0.258575393360416
"E",345,"Y","E345Y",0.0197784075228716
"P",346,"A","P346A",-0.0695091302379295
"P",346,"C","P346C",1.44453397296152
"P",346,"D","P346D",0.0928782697669173
"P",346,"E","P346E",0.596252404111286
"P",346,"F","P346F",0.606921373715941
"P",346,"G","P346G",-1.12626289113115
"P",346,"H","P346H",1.8353649250675
"P",346,"I","P346I",2.02966115603568
"P",346,"K","P346K",-0.640002808056816
"P",346,"L","P346L",-1.5055915471292
"P",346,"M","P346M",-1.03487051740449
"P",346,"N","P346N",-0.756194174393582
"P",346,"Q","P346Q",1.17535212709855
"P",346,"R","P346R",-2.36838224810922
"P",346,"S","P346S",-0.720832992017571
"P",346,"T","P346T",-0.484306691649482
"P",346,"V","P346V",0.0402969690717331
"P",346,"W","P346W",1.96640992414452
"P",346,"Y","P346Y",1.19108437973077
"Q",347,"A","Q347A",-0.2679440550173
"Q",347,"C","Q347C",-0.271050100640851
"Q",347,"D","Q347D",0.444208367327934
"Q",347,"E","Q347E",-0.660996521198806
"Q",347,"F","Q347F",1.15149837011865
"Q",347,"G","Q347G",-0.320084690518339
"Q",347,"H","Q347H",-0.656176938915181
"Q",347,"I","Q347I",-0.0978723724909911
"Q",347,"K","Q347K",-0.0457577654878932
"Q",347,"L","Q347L",0.346208087786745
"Q",347,"M","Q347M",-0.504698549796146
"Q",347,"N","Q347N",-0.617689845268928
"Q",347,"P","Q347P",0.489973551874758
"Q",347,"R","Q347R",0.00526563856878495
"Q",347,"S","Q347S",-0.243351262039151
"Q",347,"T","Q347T",-0.29401364292965
"Q",347,"V","Q347V",0.156097596346002
"Q",347,"W","Q347W",-0.0531508819532778
"Q",347,"Y","Q347Y",-0.0899830377139029
"V",348,"A","V348A",0.23628181850047
"V",348,"C","V348C",-0.482781377019787
"V",348,"D","V348D",-1.7966898660845
"V",348,"E","V348E",0.692663830616304
"V",348,"F","V348F",-0.046726345905634
"V",348,"G","V348G",-0.511843709673306
"V",348,"H","V348H",-0.600845640392648
"V",348,"I","V348I",-0.213902096533315
"V",348,"K","V348K",-0.518231558481156
"V",348,"L","V348L",-0.178948300947088
"V",348,"M","V348M",0.342671257733386
"V",348,"N","V348N",-2.02564049654448
"V",348,"P","V348P",0.16378707526988
"V",348,"Q","V348Q",0.545550454090841
"V",348,"R","V348R",-1.28940296546168
"V",348,"S","V348S",-0.80245485057359
"V",348,"T","V348T",-0.0228230801445762
"V",348,"W","V348W",0.235639440261357
"V",348,"Y","V348Y",0.247466645110043
"Y",349,"A","Y349A",-1.12497798124181
"Y",349,"C","Y349C",0.209841928165484
"Y",349,"D","Y349D",-0.120039054630198
"Y",349,"E","Y349E",-0.0221124389980903
"Y",349,"F","Y349F",-0.477789773522602
"Y",349,"G","Y349G",-1.2223958960215
"Y",349,"H","Y349H",-0.674280455085028
"Y",349,"I","Y349I",-0.572815292621481
"Y",349,"K","Y349K",0.33997008936552
"Y",349,"L","Y349L",-0.59395401744233
"Y",349,"M","Y349M",-0.0217593081040659
"Y",349,"N","Y349N",1.03451332770338
"Y",349,"P","Y349P",-0.40760449095011
"Y",349,"Q","Y349Q",-0.753407408455123
"Y",349,"R","Y349R",-0.150712939297254
"Y",349,"S","Y349S",0.741476723691961
"Y",349,"T","Y349T",0.279053974785542
"Y",349,"V","Y349V",-0.214996097034465
"Y",349,"W","Y349W",1.17395059328718
"T",350,"A","T350A",-0.0908289922689996
"T",350,"C","T350C",0.802567297247732
"T",350,"D","T350D",-1.34433296605125
"T",350,"E","T350E",-0.351977721933505
"T",350,"F","T350F",1.1947195556564
"T",350,"G","T350G",0.377306237726147
"T",350,"H","T350H",0.166546834001744
"T",350,"I","T350I",-0.00379639418208669
"T",350,"K","T350K",-0.44272825478019
"T",350,"L","T350L",-1.27676090538661
"T",350,"M","T350M",0.0500702733312961
"T",350,"N","T350N",-0.731913556876986
"T",350,"P","T350P",0.0809180172259389
"T",350,"Q","T350Q",0.133556014394602
"T",350,"R","T350R",0.371770708032832
"T",350,"S","T350S",-1.45021288679338
"T",350,"V","T350V",0.296258124442092
"T",350,"W","T350W",-0.394604333660406
"T",350,"Y","T350Y",0.382552281745051
"L",351,"A","L351A",-0.269655495498493
"L",351,"C","L351C",-0.769978796606703
"L",351,"D","L351D",-0.141086723327656
"L",351,"E","L351E",-1.28769039307223
"L",351,"F","L351F",-0.0104115993382086
"L",351,"G","L351G",-0.559103792020265
"L",351,"H","L351H",-1.1097317308326
"L",351,"I","L351I",-1.52773480219846
"L",351,"K","L351K",0.383309913687538
"L",351,"M","L351M",-0.411685172657461
"L",351,"N","L351N",0.369495540514748
"L",351,"P","L351P",0.314859479473308
"L",351,"Q","L351Q",-0.263620458972707
"L",351,"R","L351R",-1.17467510324019
"L",351,"S","L351S",0.705488755081928
"L",351,"T","L351T",0.449732956839535
"L",351,"V","L351V",0.147158678786155
"L",351,"W","L351W",-1.49450696062726
"L",351,"Y","L351Y",-0.156389275975836
"P",352,"A","P352A",0.680643864677297
"P",352,"C","P352C",1.4219180779066
"P",352,"D","P352D",0.562695428232331
"P",352,"E","P352E",0.580921688562043
"P",352,"F","P352F",-0.449833353916816
"P",352,"G","P352G",0.0797065192544498
"P",352,"H","P352H",0.415841399526833
"P",352,"I","P352I",0.193318986874072
"P",352,"K","P352K",0.681696764334529
"P",352,"L","P352L",0.0354877799475564
"P",352,"M","P352M",-0.588043572650927
"P",352,"N","P352N",0.0923144196884487
"P",352,"Q","P352Q",0.127453447332018
"P",352,"R","P352R",0.645139627541614
"P",352,"S","P352S",-0.863734415495362
"P",352,"T","P352T",0.669850684066972
"P",352,"V","P352V",1.10559113741986
"P",352,"W","P352W",-0.0502368696432429
"P",352,"Y","P352Y",-0.839909743153072
"P",353,"A","P353A",-0.901957937815491
"P",353,"C","P353C",0.289947748104068
"P",353,"D","P353D",-1.27568071339691
"P",353,"E","P353E",0.31396281178538
"P",353,"F","P353F",0.705273629547053
"P",353,"G","P353G",-0.0478960674366072
"P",353,"H","P353H",-1.64819176928651
"P",353,"I","P353I",-0.178280750161914
"P",353,"K","P353K",0.683339227504778
"P",353,"L","P353L",0.847261316035568
"P",353,"M","P353M",1.01521777722517
"P",353,"N","P353N",0.0517348372650106
"P",353,"Q","P353Q",-1.21101982154213
"P",353,"R","P353R",0.566718656358818
"P",353,"S","P353S",-1.06872043541151
"P",353,"T","P353T",0.237839514298069
"P",353,"V","P353V",0.00693590189730989
"P",353,"W","P353W",-0.583848230954927
"P",353,"Y","P353Y",-0.271939016868732
"S",354,"A","S354A",-0.803837708163138
"S",354,"C","S354C",-0.455336949175875
"S",354,"D","S354D",-0.0394486344505428
"S",354,"E","S354E",0.883591889125479
"S",354,"F","S354F",-0.756420736655636
"S",354,"G","S354G",-0.823034655118727
"S",354,"H","S354H",0.994324598815342
"S",354,"I","S354I",-0.222020442027735
"S",354,"K","S354K",0.954758535018765
"S",354,"L","S354L",-0.690236490108707
"S",354,"M","S354M",-0.654405131641632
"S",354,"N","S354N",-0.717073007117535
"S",354,"P","S354P",-0.0441310591608373
"S",354,"Q","S354Q",-0.120438560571357
"S",354,"R","S354R",0.383525355006636
"S",354,"T","S354T",-1.0358643486376
"S",354,"V","S354V",-0.845508634857572
"S",354,"W","S354W",-0.324484733718297
"S",354,"Y","S354Y",2.78009940822621
"R",355,"A","R355A",0.75511672421471
"R",355,"C","R355C",0.150438171723707
"R",355,"D","R355D",-0.899071762484159
"R",355,"E","R355E",0.571260859004281
"R",355,"F","R355F",-0.000473176283543648
"R",355,"G","R355G",-0.55489084550956
"R",355,"H","R355H",-0.597420091298853
"R",355,"I","R355I",0.291898590675423
"R",355,"K","R355K",0.231842240411876
"R",355,"L","R355L",-0.087187033633701
"R",355,"M","R355M",0.242109259393409
"R",355,"N","R355N",0.711541531611783
"R",355,"P","R355P",0.360147596060243
"R",355,"Q","R355Q",-0.433156403755934
"R",355,"S","R355S",-0.829587926411096
"R",355,"T","R355T",0.292868688984273
"R",355,"V","R355V",-0.12668984354625
"R",355,"W","R355W",0.85835911852415
"R",355,"Y","R355Y",0.207574905350123
"D",356,"A","D356A",-0.570067080887164
"D",356,"C","D356C",-0.259905013295231
"D",356,"E","D356E",0.230122055107078
"D",356,"F","D356F",-0.046014688624554
"D",356,"G","D356G",-0.72348678792427
"D",356,"H","D356H",-0.113291681490416
"D",356,"I","D356I",-0.140135109334676
"D",356,"K","D356K",1.92055730277292
"D",356,"L","D356L",-0.72953984417826
"D",356,"M","D356M",-0.670321267977975
"D",356,"N","D356N",-0.0197315043605972
"D",356,"P","D356P",-0.711276542226676
"D",356,"Q","D356Q",0.307284592505345
"D",356,"R","D356R",0.415655402100178
"D",356,"S","D356S",-0.332874087498798
"D",356,"T","D356T",0.912719173632434
"D",356,"V","D356V",-0.363744329559245
"D",356,"W","D356W",0.278635988475282
"D",356,"Y","D356Y",-0.786099192855445
"E",357,"A","E357A",-0.496777393087958
"E",357,"C","E357C",0.00129640929729177
"E",357,"D","E357D",-0.0713518572579675
"E",357,"F","E357F",-0.109373085636737
"E",357,"G","E357G",-0.258188400076299
"E",357,"H","E357H",-0.119789503623879
"E",357,"I","E357I",0.582771907304428
"E",357,"K","E357K",0.376703004992117
"E",357,"L","E357L",0.0855303814167036
"E",357,"M","E357M",0.914895369465868
"E",357,"N","E357N",0.111199881720665
"E",357,"Q","E357Q",0.334200776095011
"E",357,"R","E357R",-0.177710964529939
"E",357,"S","E357S",0.114882573193323
"E",357,"T","E357T",-0.504978718418024
"E",357,"V","E357V",0.431129390943326
"E",357,"W","E357W",0.437955252135944
"E",357,"Y","E357Y",-0.608349488024859
"L",358,"A","L358A",-0.586622076751126
"L",358,"C","L358C",-0.419336879809428
"L",358,"D","L358D",0.0619752128272612
"L",358,"E","L358E",-0.810379405640893
"L",358,"F","L358F",-0.227884057641126
"L",358,"G","L358G",-1.16029209085157
"L",358,"H","L358H",-0.463894970605759
"L",358,"I","L358I",0.683490641716355
"L",358,"K","L358K",0.131005977355794
"L",358,"M","L358M",-0.103603264330855
"L",358,"N","L358N",-0.0852589893427139
"L",358,"P","L358P",-0.294123253433722
"L",358,"Q","L358Q",-0.900060169438031
"L",358,"R","L358R",0.653425562955078
"L",358,"S","L358S",-0.665825341838437
"L",358,"T","L358T",-0.895220889816307
"L",358,"V","L358V",-1.6077087308585
"L",358,"W","L358W",-0.459127620075297
"L",358,"Y","L358Y",-0.657151731213998
"T",359,"A","T359A",0.689890719017566
"T",359,"C","T359C",0.950714041826567
"T",359,"D","T359D",0.0740795104845595
"T",359,"E","T359E",0.313708635159748
"T",359,"F","T359F",0.953271388778356
"T",359,"G","T359G",-0.0353353413786738
"T",359,"H","T359H",0.70995380341826
"T",359,"I","T359I",0.0675925730238408
"T",359,"K","T359K",-0.363797993116357
"T",359,"L","T359L",-0.648380812866271
"T",359,"M","T359M",1.06564031110387
"T",359,"N","T359N",-0.118021252272899
"T",359,"P","T359P",-0.0437912597751325
"T",359,"Q","T359Q",0.525042789743413
"T",359,"R","T359R",-0.0769754671654891
"T",359,"S","T359S",-0.436813864334674
"T",359,"V","T359V",2.61041935270347
"T",359,"W","T359W",-0.264457016336561
"T",359,"Y","T359Y",-0.0878283116161709
"K",360,"A","K360A",-0.322039062887727
"K",360,"C","K360C",0.957058586718449
"K",360,"D","K360D",-0.247077422312656
"K",360,"E","K360E",-0.273988253678453
"K",360,"F","K360F",0.0661720745284191
"K",360,"G","K360G",0.48158423883185
"K",360,"H","K360H",-0.401285688012322
"K",360,"I","K360I",-0.0778319700345443
"K",360,"L","K360L",-0.472099390985501
"K",360,"M","K360M",-0.471668823509856
"K",360,"N","K360N",0.629277009456687
"K",360,"P","K360P",1.02828237054461
"K",360,"Q","K360Q",-0.718853981217857
"K",360,"R","K360R",-0.534842207454919
"K",360,"S","K360S",0.0291471190778794
"K",360,"T","K360T",-0.393841886374744
"K",360,"V","K360V",-0.530026743399253
"K",360,"W","K360W",-0.000152616674491823
"K",360,"Y","K360Y",0.567820080543868
"N",361,"A","N361A",-0.0982628409004123
"N",361,"C","N361C",0.9940601868448
"N",361,"D","N361D",-0.449879617229079
"N",361,"E","N361E",0.391489053608841
"N",361,"F","N361F",0.035788347642455
"N",361,"G","N361G",-1.34319913838899
"N",361,"H","N361H",-0.17662835976012
"N",361,"I","N361I",0.479380867138508
"N",361,"K","N361K",0.5361090031801
"N",361,"L","N361L",-0.581734516740158
"N",361,"M","N361M",0.0892228782305458
"N",361,"P","N361P",0.195729652346222
"N",361,"Q","N361Q",-0.219655467623117
"N",361,"R","N361R",-0.377125099999026
"N",361,"S","N361S",0.231177630722164
"N",361,"T","N361T",0.0311925235229104
"N",361,"V","N361V",-1.86368012251716
"N",361,"W","N361W",-0.25163276088501
"N",361,"Y","N361Y",-0.496264355957761
"Q",362,"A","Q362A",0.00525502437244252
"Q",362,"C","Q362C",1.72383529218632
"Q",362,"D","Q362D",1.6162275922476
"Q",362,"E","Q362E",0.136833523029326
"Q",362,"F","Q362F",-0.691366650706464
"Q",362,"G","Q362G",0.615739692176359
"Q",362,"H","Q362H",-0.683504273698116
"Q",362,"I","Q362I",0.320780420563993
"Q",362,"K","Q362K",0.0146730358010316
"Q",362,"L","Q362L",0.88027036348691
"Q",362,"M","Q362M",0.179983452697894
"Q",362,"N","Q362N",0.254850764568951
"Q",362,"P","Q362P",-0.139784793681073
"Q",362,"R","Q362R",1.54099421533462
"Q",362,"S","Q362S",-0.646698964833464
"Q",362,"T","Q362T",-0.0508974842392278
"Q",362,"V","Q362V",-0.791404402295539
"Q",362,"W","Q362W",0.317271994582293
"Q",362,"Y","Q362Y",-0.0344963268910224
"V",363,"A","V363A",-0.631054045307193
"V",363,"C","V363C",-0.288022703281144
"V",363,"D","V363D",0.0839769140418349
"V",363,"E","V363E",-0.118996151506322
"V",363,"F","V363F",0.736501737221434
"V",363,"G","V363G",0.664725927914782
"V",363,"H","V363H",0.0733940032310728
"V",363,"I","V363I",0.703042265313465
"V",363,"K","V363K",1.34631020866828
"V",363,"L","V363L",1.0202637308885
"V",363,"M","V363M",0.0621711963480404
"V",363,"N","V363N",-0.993415439397629
"V",363,"P","V363P",0.389586167470353
"V",363,"Q","V363Q",-0.980355146018003
"V",363,"R","V363R",-0.974769127458086
"V",363,"S","V363S",0.812308134900086
"V",363,"T","V363T",-0.797873259890762
"V",363,"W","V363W",0.119122072492828
"V",363,"Y","V363Y",0.133194557036798
"S",364,"A","S364A",-0.324938549885702
"S",364,"C","S364C",0.360052453524922
"S",364,"D","S364D",0.0677378685258681
"S",364,"E","S364E",0.0886833056399007
"S",364,"F","S364F",0.15259242641443
"S",364,"G","S364G",1.48567466998384
"S",364,"H","S364H",-0.416776324111118
"S",364,"I","S364I",0.20847027091611
"S",364,"K","S364K",0.858694235546043
"S",364,"L","S364L",-0.570764092022571
"S",364,"M","S364M",-0.0530738252418928
"S",364,"N","S364N",1.33959400573626
"S",364,"P","S364P",0.534631090273975
"S",364,"Q","S364Q",0.779854973532307
"S",364,"R","S364R",-1.61990121278839
"S",364,"T","S364T",0.0806894507543168
"S",364,"V","S364V",-0.0105557433451121
"S",364,"W","S364W",-0.00306651126681345
"S",364,"Y","S364Y",-0.342001023019288
"L",365,"A","L365A",1.1722189757889
"L",365,"C","L365C",0.463948829193173
"L",365,"D","L365D",-2.18734509995186
"L",365,"E","L365E",-1.37041901121909
"L",365,"F","L365F",-0.456492622403561
"L",365,"G","L365G",-0.637820427120608
"L",365,"H","L365H",-0.8563678589807
"L",365,"I","L365I",0.157430784828991
"L",365,"K","L365K",0.251311503497908
"L",365,"M","L365M",-0.513759077031261
"L",365,"N","L365N",-0.0196730287634852
"L",365,"P","L365P",-0.0889108575776265
"L",365,"Q","L365Q",0.655036003734304
"L",365,"R","L365R",0.452624058056327
"L",365,"S","L365S",-0.694111804734296
"L",365,"T","L365T",-0.42080004095975
"L",365,"V","L365V",0.69162146734921
"L",365,"W","L365W",1.49515149740305
"L",365,"Y","L365Y",0.263096264537562
"T",366,"A","T366A",-0.0129087671735195
"T",366,"C","T366C",0.736169312563026
"T",366,"D","T366D",-0.646669007637826
"T",366,"E","T366E",2.09831595009768
"T",366,"F","T366F",-1.15886750812512
"T",366,"G","T366G",-1.04123422317252
"T",366,"H","T366H",-1.41853756565241
"T",366,"I","T366I",0.202737657772707
"T",366,"K","T366K",-1.28119195656662
"T",366,"L","T366L",0.391248691641511
"T",366,"M","T366M",-0.0562972073735696
"T",366,"N","T366N",0.252180229148025
"T",366,"P","T366P",-0.833577477156607
"T",366,"Q","T366Q",-1.25128753731559
"T",366,"R","T366R",0.0267657605562591
"T",366,"S","T366S",0.430619672693587
"T",366,"V","T366V",-0.271821760822825
"T",366,"W","T366W",0.157640313464931
"T",366,"Y","T366Y",0.378685154464068
"C",367,"A","C367A",-0.827891847940368
"C",367,"D","C367D",-1.99158199993995
"C",367,"E","C367E",0.364976888652396
"C",367,"F","C367F",-0.625625280470229
"C",367,"G","C367G",0.0824125345608473
"C",367,"H","C367H",-0.593641581520556
"C",367,"I","C367I",-0.898107279240415
"C",367,"K","C367K",-1.05839051553434
"C",367,"L","C367L",-0.93945222393032
"C",367,"M","C367M",-1.34324077304399
"C",367,"N","C367N",-1.86759353583121
"C",367,"P","C367P",-2.14606913489405
"C",367,"Q","C367Q",0.191058011065868
"C",367,"R","C367R",0.0754352848291643
"C",367,"S","C367S",-0.0415779913188707
"C",367,"T","C367T",-0.808035403262624
"C",367,"V","C367V",-0.247806834053844
"C",367,"W","C367W",-0.17295834795155
"C",367,"Y","C367Y",-1.16643574002943
"L",368,"A","L368A",0.820952343915098
"L",368,"C","L368C",-0.206921308607511
"L",368,"D","L368D",0.0636251345936729
"L",368,"E","L368E",0.217484939968232
"L",368,"F","L368F",1.03283961115246
"L",368,"G","L368G",-1.0336629450303
"L",368,"H","L368H",0.628441043458134
"L",368,"I","L368I",-1.08262682008114
"L",368,"K","L368K",0.00322372034802769
"L",368,"M","L368M",-0.457606748497056
"L",368,"N","L368N",-0.276282899113787
"L",368,"P","L368P",0.274853086204072
"L",368,"Q","L368Q",-0.265572830541644
"L",368,"R","L368R",-1.0037748761041
"L",368,"S","L368S",1.74994431851307
"L",368,"T","L368T",-0.593495238853286
"L",368,"V","L368V",0.688396884499583
"L",368,"W","L368W",-0.306652209620905
"L",368,"Y","L368Y",0.0590848490063171
"V",369,"A","V369A",-0.243227990773347
"V",369,"C","V369C",-0.144294049703358
"V",369,"D","V369D",-0.646986266367391
"V",369,"E","V369E",0.687169067158797
"V",369,"F","V369F",-0.167169624093201
"V",369,"G","V369G",-0.0611658309748661
"V",369,"H","V369H",0.362528124726051
"V",369,"I","V369I",1.63014226876915
"V",369,"K","V369K",-0.975604481058896
"V",369,"L","V369L",-0.615298846050822
"V",369,"M","V369M",-1.63676589312263
"V",369,"N","V369N",0.612155446822081
"V",369,"P","V369P",-0.0558139180076839
"V",369,"Q","V369Q",0.397136280757178
"V",369,"R","V369R",-1.48773930831441
"V",369,"S","V369S",-0.901107108750434
"V",369,"T","V369T",1.1940774578974
"V",369,"W","V369W",0.0711956313512694
"V",369,"Y","V369Y",-0.363041465949758
"K",370,"C","K370C",0.790743129057696
"K",370,"D","K370D",-0.751058501487514
"K",370,"E","K370E",0.90546851088958
"K",370,"F","K370F",0.310218079897967
"K",370,"G","K370G",0.571833246712708
"K",370,"H","K370H",-1.83147256243564
"K",370,"I","K370I",-0.59524039022594
"K",370,"L","K370L",0.56902853282711
"K",370,"M","K370M",0.244566725146093
"K",370,"N","K370N",-0.164344064799651
"K",370,"P","K370P",-0.319507655153325
"K",370,"Q","K370Q",-0.73595612316004
"K",370,"R","K370R",0.0152611988584383
"K",370,"S","K370S",-0.38006626634331
"K",370,"T","K370T",-0.144178903096814
"K",370,"V","K370V",0.0066755996418981
"K",370,"W","K370W",0.563959850381778
"K",370,"Y","K370Y",-0.593835716217432
"G",371,"A","G371A",-1.04244963239667
"G",371,"C","G371C",1.36223066484108
"G",371,"D","G371D",0.525299558396211
"G",371,"E","G371E",-0.404542683797129
"G",371,"F","G371F",-0.0560599488452281
"G",371,"H","G371H",-0.197495892831009
"G",371,"I","G371I",0.171845681842807
"G",371,"K","G371K",0.475968860704713
"G",371,"L","G371L",0.486662019927035
"G",371,"M","G371M",-0.391867376176352
"G",371,"N","G371N",-0.732633582340851
"G",371,"P","G371P",-0.928463032397711
"G",371,"Q","G371Q",-0.354544461846847
"G",371,"R","G371R",-1.13260245849289
"G",371,"S","G371S",-0.757006564284873
"G",371,"T","G371T",-0.335620852784575
"G",371,"V","G371V",-1.14179774660578
"G",371,"W","G371W",0.348384524590142
"G",371,"Y","G371Y",0.118864697191728
"F",372,"A","F372A",0.161091059092128
"F",372,"C","F372C",-1.36681631363101
"F",372,"D","F372D",-1.0154981187678
"F",372,"E","F372E",0.235862602631471
"F",372,"G","F372G",0.182097176901795
"F",372,"H","F372H",1.01487114917026
"F",372,"I","F372I",1.03890822876978
"F",372,"K","F372K",3.21626413486218
"F",372,"L","F372L",-0.650875963378307
"F",372,"M","F372M",0.289990785592524
"F",372,"N","F372N",0.144195142244155
"F",372,"P","F372P",0.826518607539045
"F",372,"Q","F372Q",0.798522404119662
"F",372,"R","F372R",-0.318267165392956
"F",372,"S","F372S",1.43031913983208
"F",372,"T","F372T",-0.246130483361704
"F",372,"V","F372V",0.719251971609099
"F",372,"W","F372W",0.437391195789279
"F",372,"Y","F372Y",-0.509087043073538
"Y",373,"A","Y373A",0.095472765696497
"Y",373,"C","Y373C",-1.25481430177697
"Y",373,"D","Y373D",-1.31957120514376
"Y",373,"E","Y373E",1.20919696510733
"Y",373,"F","Y373F",0.180868911123997
"Y",373,"G","Y373G",0.60233718533714
"Y",373,"H","Y373H",1.13781497396452
"Y",373,"I","Y373I",1.74269038344968
"Y",373,"K","Y373K",0.445500658606093
"Y",373,"L","Y373L",-0.082331735185551
"Y",373,"M","Y373M",0.323302429609413
"Y",373,"N","Y373N",-0.249230611856395
"Y",373,"P","Y373P",-0.394935121863479
"Y",373,"Q","Y373Q",-0.101515454840914
"Y",373,"R","Y373R",0.452778264824899
"Y",373,"S","Y373S",-0.474520954931929
"Y",373,"T","Y373T",-0.00794891633748033
"Y",373,"V","Y373V",-0.250588775418966
"Y",373,"W","Y373W",3.69559122922793
"P",374,"A","P374A",0.343754353711916
"P",374,"C","P374C",-1.18681795769826
"P",374,"D","P374D",0.654299172943044
"P",374,"E","P374E",-0.587935393316416
"P",374,"F","P374F",-2.5784133427831
"P",374,"G","P374G",1.09721446097346
"P",374,"H","P374H",-0.601798674195928
"P",374,"I","P374I",-0.290137128559981
"P",374,"K","P374K",0.340255536848882
"P",374,"L","P374L",-0.560984869793014
"P",374,"M","P374M",-0.0321418781047318
"P",374,"N","P374N",0.54920309143285
"P",374,"Q","P374Q",-1.20426032560875
"P",374,"R","P374R",0.627790518790484
"P",374,"S","P374S",-0.180084046502598
"P",374,"T","P374T",0.553370966792746
"P",374,"V","P374V",0.548314014056434
"P",374,"W","P374W",0.0375385844440475
"P",374,"Y","P374Y",0.319616413026048
"S",375,"A","S375A",0.0355967473836726
"S",375,"C","S375C",1.70301742832157
"S",375,"D","S375D",-1.11219802924284
"S",375,"E","S375E",1.10294568713435
"S",375,"F","S375F",-0.77186795372603
"S",375,"G","S375G",-1.26531431757558
"S",375,"H","S375H",-0.882190369748783
"S",375,"I","S375I",-0.497984786695444
"S",375,"K","S375K",-0.22571169491717
"S",375,"L","S375L",-1.3806096894015
"S",375,"M","S375M",0.336202925235867
"S",375,"N","S375N",-0.950098573825481
"S",375,"P","S375P",-0.411672583388921
"S",375,"Q","S375Q",0.867829274772334
"S",375,"R","S375R",-0.62196574636555
"S",375,"T","S375T",-0.228097369787511
"S",375,"V","S375V",-0.55867849021837
"S",375,"W","S375W",-0.133146018103879
"S",375,"Y","S375Y",-0.2530851194451
"D",376,"A","D376A",0.024434464710193
"D",376,"C","D376C",-0.17757708426091
"D",376,"E","D376E",1.17050979468574
"D",376,"F","D376F",1.25955423585064
"D",376,"G","D376G",0.237301884166645
"D",376,"H","D376H",-0.0124099678192271
"D",376,"I","D376I",-2.31498798753931
"D",376,"K","D376K",-1.16645652523809
"D",376,"L","D376L",0.1313089777587
"D",376,"M","D376M",-0.37227811992181
"D",376,"N","D376N",-0.0268787027083487
"D",376,"P","D376P",0.534822692113861
"D",376,"Q","D376Q",-1.35256005373513
"D",376,"R","D376R",1.49271186444668
"D",376,"S","D376S",-1.58683930348584
"D",376,"T","D376T",0.0822348642066246
"D",376,"V","D376V",-0.970277804816703
"D",376,"W","D376W",1.190352897557
"D",376,"Y","D376Y",-0.830774340893931
"I",377,"A","I377A",-2.74865973830182
"I",377,"C","I377C",0.181946037910729
"I",377,"D","I377D",0.0722705747309357
"I",377,"E","I377E",-0.252585690310138
"I",377,"F","I377F",0.538832736878213
"I",377,"G","I377G",-2.4206623699371
"I",377,"H","I377H",-0.981334827478769
"I",377,"K","I377K",1.28553981280069
"I",377,"L","I377L",0.0376227698448778
"I",377,"M","I377M",-0.0569486683308422
"I",377,"N","I377N",-0.112712111382236
"I",377,"P","I377P",1.0209200020506
"I",377,"Q","I377Q",-1.17227774664184
"I",377,"R","I377R",-0.725743894830921
"I",377,"S","I377S",0.109173631488931
"I",377,"T","I377T",-0.48846795123109
"I",377,"V","I377V",-0.00468010398721356
"I",377,"W","I377W",-0.0740644109396543
"I",377,"Y","I377Y",-0.797121907264703
"A",378,"C","A378C",-1.67235180524416
"A",378,"D","A378D",-0.872168902497559
"A",378,"E","A378E",0.777530237937937
"A",378,"F","A378F",0.702705216075787
"A",378,"G","A378G",0.209324443825569
"A",378,"H","A378H",-0.912839730414903
"A",378,"I","A378I",3.2257612850694
"A",378,"K","A378K",-1.54454537119603
"A",378,"L","A378L",-1.16685797620758
"A",378,"M","A378M",0.228229328022668
"A",378,"N","A378N",-1.07352614385727
"A",378,"P","A378P",1.14587355092672
"A",378,"Q","A378Q",1.81180527516768
"A",378,"R","A378R",-0.300259443700392
"A",378,"S","A378S",0.551971412823634
"A",378,"T","A378T",0.229686647694455
"A",378,"V","A378V",-2.17317176035347
"A",378,"W","A378W",0.0667604900874967
"A",378,"Y","A378Y",-0.762240314615849
"V",379,"A","V379A",-0.0350044248600664
"V",379,"C","V379C",-0.0515854589508275
"V",379,"D","V379D",-0.73402684027215
"V",379,"E","V379E",-0.898637032110709
"V",379,"F","V379F",2.24207187803398
"V",379,"G","V379G",0.3557168451656
"V",379,"H","V379H",3.74185777983134
"V",379,"I","V379I",-0.880788092234569
"V",379,"K","V379K",0.282112900349513
"V",379,"L","V379L",-0.649244917770837
"V",379,"M","V379M",0.119364937112708
"V",379,"N","V379N",-1.05416151967165
"V",379,"P","V379P",-0.279300629262802
"V",379,"Q","V379Q",-0.10826860735302
"V",379,"R","V379R",-0.117454213112839
"V",379,"S","V379S",-0.758637831311805
"V",379,"T","V379T",-0.224366592137455
"V",379,"W","V379W",-1.19895175066969
"V",379,"Y","V379Y",0.32868937312201
"E",380,"A","E380A",-0.149665886704281
"E",380,"C","E380C",0.549131781710997
"E",380,"D","E380D",0.686288232525806
"E",380,"F","E380F",-0.766812889167397
"E",380,"G","E380G",-0.381271563043087
"E",380,"H","E380H",0.485011459915861
"E",380,"I","E380I",-0.47531915847162
"E",380,"K","E380K",-1.12154911065319
"E",380,"L","E380L",0.205706832260936
"E",380,"M","E380M",-0.209763902391829
"E",380,"N","E380N",-0.938187578392948
"E",380,"P","E380P",-0.239536322613389
"E",380,"Q","E380Q",-0.219851783186421
"E",380,"R","E380R",-1.33242076444512
"E",380,"S","E380S",0.201636887267642
"E",380,"T","E380T",1.2567623225778
"E",380,"V","E380V",0.46269193980215
"E",380,"W","E380W",1.36851632311126
"E",380,"Y","E380Y",0.0767524658575433
"W",381,"A","W381A",0.901943961840581
"W",381,"C","W381C",-1.22032179316285
"W",381,"D","W381D",-3.73249162536777
"W",381,"E","W381E",0.374874215402606
"W",381,"F","W381F",1.40601423230246
"W",381,"G","W381G",-1.93782384298632
"W",381,"H","W381H",-1.71277696981141
"W",381,"I","W381I",1.17452095421756
"W",381,"K","W381K",-2.34919544334934
"W",381,"L","W381L",0.382776941113612
"W",381,"M","W381M",-0.408526617267483
"W",381,"N","W381N",-1.3937836737763
"W",381,"P","W381P",-2.05700555927046
"W",381,"Q","W381Q",-1.48460348991435
"W",381,"R","W381R",-1.01604489632122
"W",381,"S","W381S",-1.78382527455328
"W",381,"T","W381T",0.417517186901588
"W",381,"V","W381V",-0.253396663677528
"W",381,"Y","W381Y",-0.406476032949366
"E",382,"A","E382A",-0.641845407298631
"E",382,"C","E382C",-0.130965203441343
"E",382,"D","E382D",-0.635140779311085
"E",382,"F","E382F",-0.101787927887392
"E",382,"G","E382G",-1.1762523478521
"E",382,"H","E382H",-0.306595495291854
"E",382,"I","E382I",-0.920456103033567
"E",382,"K","E382K",0.188191776448215
"E",382,"L","E382L",-0.275229067016566
"E",382,"M","E382M",1.22474871804518
"E",382,"N","E382N",-0.641229824463374
"E",382,"P","E382P",0.808819907322557
"E",382,"Q","E382Q",-0.136303421214831
"E",382,"R","E382R",-2.23108126184433
"E",382,"S","E382S",0.000829506594836632
"E",382,"T","E382T",-0.439634084106967
"E",382,"V","E382V",-0.332819230953267
"E",382,"W","E382W",-0.461219851442247
"E",382,"Y","E382Y",0.944996453464201
"S",383,"A","S383A",-0.56347199811034
"S",383,"C","S383C",-0.24038881186396
"S",383,"D","S383D",-0.190021513151502
"S",383,"E","S383E",-0.913216023408806
"S",383,"F","S383F",-0.223684199559235
"S",383,"G","S383G",-0.224735848986997
"S",383,"H","S383H",0.0670485376519813
"S",383,"I","S383I",0.342373021313562
"S",383,"K","S383K",0.445853308690657
"S",383,"L","S383L",0.802738240660853
"S",383,"M","S383M",1.14881025096587
"S",383,"N","S383N",0.611064132500183
"S",383,"P","S383P",-1.48323223476889
"S",383,"Q","S383Q",-0.463224961155174
"S",383,"R","S383R",-0.49280827719865
"S",383,"T","S383T",0.319303128217094
"S",383,"V","S383V",0.189427171250752
"S",383,"W","S383W",-0.384205580578571
"S",383,"Y","S383Y",-0.513143548748491
"N",384,"A","N384A",0.964065828877943
"N",384,"C","N384C",-1.62263687786227
"N",384,"D","N384D",-0.287510359398773
"N",384,"E","N384E",-1.37032636090711
"N",384,"F","N384F",-0.940559984312507
"N",384,"G","N384G",-0.0551446004839214
"N",384,"H","N384H",-0.0415586733998435
"N",384,"I","N384I",0.253141842616448
"N",384,"K","N384K",-1.03974933675052
"N",384,"L","N384L",0.330757716770244
"N",384,"M","N384M",1.18445963885604
"N",384,"P","N384P",-0.453517621582685
"N",384,"Q","N384Q",0.460983901376646
"N",384,"R","N384R",-0.531517953813032
"N",384,"S","N384S",-0.820143394655059
"N",384,"T","N384T",-0.462215020498853
"N",384,"V","N384V",-0.305460298960007
"N",384,"W","N384W",-0.283671031505371
"N",384,"Y","N384Y",1.17145355916267
"G",385,"A","G385A",-1.1385559942232
"G",385,"C","G385C",0.202099758202245
"G",385,"D","G385D",-0.421646521756211
"G",385,"E","G385E",2.53372494435054
"G",385,"F","G385F",-0.879946943870354
"G",385,"H","G385H",0.00838849480272446
"G",385,"I","G385I",-0.423855897642313
"G",385,"K","G385K",0.494966440460363
"G",385,"L","G385L",-1.73608077143716
"G",385,"M","G385M",-0.827525790533696
"G",385,"N","G385N",-0.28990072381105
"G",385,"P","G385P",-0.382270156789303
"G",385,"Q","G385Q",0.646264503022847
"G",385,"R","G385R",0.60286707618487
"G",385,"S","G385S",0.148844864582453
"G",385,"T","G385T",0.940648883094493
"G",385,"V","G385V",0.29355704921346
"G",385,"W","G385W",-0.761764783058781
"G",385,"Y","G385Y",0.430465930086177
"Q",386,"A","Q386A",-0.0596513209967764
"Q",386,"C","Q386C",0.687554851002745
"Q",386,"D","Q386D",-1.23128494923845
"Q",386,"E","Q386E",-0.313522660654397
"Q",386,"F","Q386F",0.0120022171081342
"Q",386,"G","Q386G",0.0509525062599609
"Q",386,"H","Q386H",-1.24594605837477
"Q",386,"I","Q386I",0.353487341650026
"Q",386,"K","Q386K",-0.989334042341787
"Q",386,"L","Q386L",0.600413981606574
"Q",386,"M","Q386M",-0.150278469613851
"Q",386,"N","Q386N",-0.00542949131727607
"Q",386,"P","Q386P",0.270541878545657
"Q",386,"R","Q386R",-0.460998873396944
"Q",386,"S","Q386S",-1.50997693736318
"Q",386,"V","Q386V",-0.613120343338908
"Q",386,"W","Q386W",-0.281252894507071
"Q",386,"Y","Q386Y",0.581866287965719
"P",387,"A","P387A",0.141005174397934
"P",387,"C","P387C",-0.850173155472583
"P",387,"D","P387D",0.0915655892960061
"P",387,"E","P387E",0.565733593055748
"P",387,"F","P387F",-1.48321447026617
"P",387,"G","P387G",-0.642128108199205
"P",387,"H","P387H",0.284283272599994
"P",387,"I","P387I",-1.04304469025712
"P",387,"K","P387K",0.976727672376042
"P",387,"L","P387L",-0.0856733154113488
"P",387,"M","P387M",0.609878588426398
"P",387,"N","P387N",-0.325434731146643
"P",387,"Q","P387Q",0.533097179274817
"P",387,"R","P387R",0.397489978602559
"P",387,"S","P387S",-0.59076553911825
"P",387,"T","P387T",-0.175896826775885
"P",387,"V","P387V",0.905923402552788
"P",387,"W","P387W",-0.508657186159926
"P",387,"Y","P387Y",0.0176459487149839
"E",388,"A","E388A",-0.864508049813886
"E",388,"C","E388C",1.19951084506937
"E",388,"D","E388D",-0.442011196909637
"E",388,"F","E388F",-0.409174611151634
"E",388,"G","E388G",-0.156444801251777
"E",388,"H","E388H",-3.5408383096253
"E",388,"I","E388I",0.0722260671145665
"E",388,"K","E388K",-0.132599866986562
"E",388,"L","E388L",0.426362085202761
"E",388,"M","E388M",0.197780782415471
"E",388,"N","E388N",-1.61610005898807
"E",388,"P","E388P",0.396932533510449
"E",388,"Q","E388Q",0.409526316971311
"E",388,"R","E388R",-0.426533787636199
"E",388,"S","E388S",0.0605106564168693
"E",388,"T","E388T",0.415977377776893
"E",388,"V","E388V",-2.03707965723309
"E",388,"W","E388W",-0.0983590126163284
"E",388,"Y","E388Y",0.236475681047959
"N",389,"A","N389A",0.25220150367704
"N",389,"C","N389C",0.83988879003491
"N",389,"D","N389D",-0.0427424326619997
"N",389,"E","N389E",-0.789593262034216
"N",389,"F","N389F",0.0705136928696512
"N",389,"G","N389G",-0.632577018548979
"N",389,"H","N389H",-1.09776995992774
"N",389,"I","N389I",-0.334686712794469
"N",389,"K","N389K",-0.189629801608737
"N",389,"L","N389L",0.720963265752608
"N",389,"M","N389M",1.48483513948668
"N",389,"P","N389P",1.84673342137826
"N",389,"Q","N389Q",-0.0263657536888079
"N",389,"R","N389R",-1.4686395559104
"N",389,"S","N389S",-0.858311396914539
"N",389,"T","N389T",0.841484751433944
"N",389,"V","N389V",-0.196955914229322
"N",389,"W","N389W",0.248079870300045
"N",389,"Y","N389Y",-0.714668683136832
"N",390,"A","N390A",0.023242498820461
"N",390,"C","N390C",-0.647340521956833
"N",390,"D","N390D",-0.325453986734757
"N",390,"E","N390E",1.39446592551046
"N",390,"F","N390F",0.136045291515871
"N",390,"G","N390G",0.070503168616922
"N",390,"H","N390H",1.07113752271061
"N",390,"I","N390I",0.562597367806809
"N",390,"K","N390K",0.993632178656855
"N",390,"L","N390L",4.38788436032912
"N",390,"M","N390M",-1.10468887246418
"N",390,"P","N390P",0.0472960069011538
"N",390,"Q","N390Q",0.57236885356991
"N",390,"R","N390R",0.666776747753006
"N",390,"S","N390S",-0.0130930083365706
"N",390,"T","N390T",0.971936624452007
"N",390,"V","N390V",0.0894015106319865
"N",390,"W","N390W",-0.196423425981473
"N",390,"Y","N390Y",-0.488098809802474
"Y",391,"A","Y391A",-0.570292843857458
"Y",391,"C","Y391C",-0.412262540358347
"Y",391,"D","Y391D",-0.0365357712246836
"Y",391,"E","Y391E",0.609130077186129
"Y",391,"F","Y391F",2.43636930480956
"Y",391,"G","Y391G",-0.175358641880345
"Y",391,"H","Y391H",-0.706433688448724
"Y",391,"I","Y391I",-0.230210118466815
"Y",391,"K","Y391K",-1.09051080747554
"Y",391,"L","Y391L",-0.410675856826681
"Y",391,"M","Y391M",-0.00302532749508344
"Y",391,"N","Y391N",1.0253841522862
"Y",391,"P","Y391P",-1.3570197930291
"Y",391,"Q","Y391Q",1.92865966586497
"Y",391,"R","Y391R",-0.0320758943960849
"Y",391,"S","Y391S",-0.334492685874067
"Y",391,"T","Y391T",-0.153500634398651
"Y",391,"V","Y391V",-1.99341084579669
"Y",391,"W","Y391W",0.313001821226848
"K",392,"A","K392A",0.0564155752235418
"K",392,"C","K392C",-0.124298943989983
"K",392,"D","K392D",0.529563471445746
"K",392,"E","K392E",-1.14473281634093
"K",392,"F","K392F",0.209761721194903
"K",392,"G","K392G",-0.839372137591996
"K",392,"H","K392H",0.193161530505995
"K",392,"I","K392I",-0.857649589361794
"K",392,"L","K392L",-0.439208430334371
"K",392,"M","K392M",0.908578452271249
"K",392,"N","K392N",0.205803512110324
"K",392,"P","K392P",-0.0697024002936687
"K",392,"Q","K392Q",0.201650204177266
"K",392,"R","K392R",0.581079321130548
"K",392,"S","K392S",-2.30768848137211
"K",392,"T","K392T",-1.95114302641693
"K",392,"V","K392V",-1.42305201115498
"K",392,"W","K392W",-0.351049411179689
"K",392,"Y","K392Y",0.859985557114717
"T",393,"A","T393A",-0.331363558280679
"T",393,"C","T393C",-0.451460292652585
"T",393,"D","T393D",-0.120442772821837
"T",393,"E","T393E",0.977458146393495
"T",393,"F","T393F",-1.19974299162389
"T",393,"G","T393G",-0.50054310031733
"T",393,"H","T393H",-0.518426102606427
"T",393,"I","T393I",0.697097490826053
"T",393,"K","T393K",0.00350439962066458
"T",393,"L","T393L",1.25904439093835
"T",393,"M","T393M",-0.478288429229675
"T",393,"N","T393N",-0.22598396834256
"T",393,"P","T393P",-1.17794923003681
"T",393,"Q","T393Q",-1.12500545396547
"T",393,"R","T393R",-0.865567022099059
"T",393,"S","T393S",2.182695520021
"T",393,"V","T393V",-0.458720688027507
"T",393,"W","T393W",-0.629636749654934
"T",393,"Y","T393Y",-1.01796888351111
"T",394,"A","T394A",-1.11595659537215
"T",394,"C","T394C",-1.10222393446711
"T",394,"D","T394D",-0.624255161916223
"T",394,"E","T394E",0.515201494128735
"T",394,"F","T394F",1.73675564541999
"T",394,"G","T394G",-0.75257611976712
"T",394,"H","T394H",-0.68193457860679
"T",394,"I","T394I",-0.54335943353901
"T",394,"K","T394K",-0.288646480998177
"T",394,"L","T394L",-0.760560582005888
"T",394,"M","T394M",0.0825329431488288
"T",394,"N","T394N",-0.28245597769833
"T",394,"P","T394P",0.506662221707632
"T",394,"Q","T394Q",0.421255960695537
"T",394,"R","T394R",0.809440969484098
"T",394,"S","T394S",-0.541381741599456
"T",394,"V","T394V",0.41948294257129
"T",394,"W","T394W",1.09972307659365
"T",394,"Y","T394Y",1.45932579452876
"P",395,"A","P395A",0.543920341397138
"P",395,"C","P395C",1.24033082110149
"P",395,"D","P395D",-0.370198401807503
"P",395,"E","P395E",-0.645945878355161
"P",395,"F","P395F",-0.17770953087336
"P",395,"G","P395G",0.296445040817837
"P",395,"H","P395H",-0.692275014539283
"P",395,"I","P395I",-1.30679127286274
"P",395,"K","P395K",-2.82065869485222
"P",395,"L","P395L",0.25038471588639
"P",395,"M","P395M",0.616259610123335
"P",395,"N","P395N",-0.101018382323647
"P",395,"Q","P395Q",0.0292208209303124
"P",395,"R","P395R",-0.788416424236223
"P",395,"S","P395S",0.062691461025639
"P",395,"T","P395T",-0.914016266005027
"P",395,"V","P395V",0.491696162456506
"P",395,"W","P395W",-2.16029385954582
"P",395,"Y","P395Y",-0.179687295064327
"P",396,"A","P396A",1.0410286964611
"P",396,"C","P396C",2.20489973093514
"P",396,"D","P396D",-0.752710977340614
"P",396,"E","P396E",-0.637772490423142
"P",396,"F","P396F",0.383335393742537
"P",396,"G","P396G",-0.981233376092193
"P",396,"H","P396H",0.851198970811706
"P",396,"I","P396I",0.110424112586251
"P",396,"K","P396K",1.42454908253678
"P",396,"L","P396L",-0.239542462684641
"P",396,"M","P396M",0.923100429961103
"P",396,"N","P396N",0.944039181356554
"P",396,"Q","P396Q",-0.354717288469357
"P",396,"R","P396R",-0.19506729128669
"P",396,"S","P396S",-1.24082151628482
"P",396,"T","P396T",-1.24987927645759
"P",396,"V","P396V",0.251909280035242
"P",396,"W","P396W",1.66703393016548
"P",396,"Y","P396Y",0.342294963903353
"V",397,"A","V397A",0.110997390189312
"V",397,"C","V397C",-0.436776435843119
"V",397,"D","V397D",-1.07712165492895
"V",397,"E","V397E",1.69953488537398
"V",397,"F","V397F",0.987189360979381
"V",397,"G","V397G",1.21244375230135
"V",397,"H","V397H",-0.485738854947237
"V",397,"I","V397I",0.842886807802656
"V",397,"K","V397K",-1.36963922179731
"V",397,"L","V397L",1.83614975244173
"V",397,"M","V397M",0.581461877760196
"V",397,"N","V397N",0.251210511176502
"V",397,"P","V397P",-0.106609798489382
"V",397,"Q","V397Q",-0.581998836979814
"V",397,"R","V397R",-1.28628514488615
"V",397,"S","V397S",1.56244917194955
"V",397,"T","V397T",-0.140458660764113
"V",397,"W","V397W",-0.997044774614654
"V",397,"Y","V397Y",0.119526789842831
"L",398,"A","L398A",-1.09103763749143
"L",398,"C","L398C",-0.0722041084737974
"L",398,"D","L398D",0.815846461425509
"L",398,"E","L398E",1.05577144205036
"L",398,"F","L398F",-0.373567541035061
"L",398,"G","L398G",0.526043622301678
"L",398,"H","L398H",-0.397213486962535
"L",398,"I","L398I",-0.789940903044293
"L",398,"K","L398K",-0.337650152059919
"L",398,"M","L398M",-0.945528688622163
"L",398,"N","L398N",1.17968237008112
"L",398,"P","L398P",0.61811719087742
"L",398,"Q","L398Q",-0.584522098949894
"L",398,"R","L398R",-2.18665477598645
"L",398,"S","L398S",0.686690729742057
"L",398,"T","L398T",-0.123109432933425
"L",398,"V","L398V",-1.07788389237415
"L",398,"W","L398W",1.42672630172212
"L",398,"Y","L398Y",0.0898737504191996
"D",399,"A","D399A",-0.132818247710103
"D",399,"C","D399C",0.619833687939068
"D",399,"E","D399E",-0.0570163913125492
"D",399,"F","D399F",-0.807407258386939
"D",399,"G","D399G",-0.54282824122186
"D",399,"H","D399H",-0.985356777785635
"D",399,"I","D399I",-0.786379853271593
"D",399,"K","D399K",0.272035911721808
"D",399,"L","D399L",0.420937093960408
"D",399,"M","D399M",-0.618488476522378
"D",399,"N","D399N",-0.587270218364027
"D",399,"P","D399P",-1.08148792880519
"D",399,"Q","D399Q",-0.427989595218638
"D",399,"R","D399R",2.26810517106545
"D",399,"S","D399S",0.224201895021853
"D",399,"T","D399T",-0.999071103408159
"D",399,"V","D399V",-0.695354261734007
"D",399,"W","D399W",-0.274043176736899
"D",399,"Y","D399Y",-1.86475588988283
"S",400,"A","S400A",0.775683517339968
"S",400,"C","S400C",-0.00402705116886288
"S",400,"D","S400D",1.17220449601852
"S",400,"E","S400E",0.0719890525944752
"S",400,"F","S400F",-0.78693819187828
"S",400,"G","S400G",-0.83387222953515
"S",400,"H","S400H",0.481414822050806
"S",400,"I","S400I",-0.368384957809424
"S",400,"K","S400K",0.40908956677211
"S",400,"L","S400L",-0.0113863627158358
"S",400,"M","S400M",-0.528931432282324
"S",400,"N","S400N",-1.3721240536685
"S",400,"P","S400P",-0.894899869078865
"S",400,"Q","S400Q",-1.59037917732664
"S",400,"R","S400R",-0.576070238536011
"S",400,"T","S400T",-0.133533211948501
"S",400,"V","S400V",-0.465236243954067
"S",400,"W","S400W",1.51468635682354
"S",400,"Y","S400Y",-0.469255303231087
"D",401,"A","D401A",0.139816710596194
"D",401,"C","D401C",0.407250218493673
"D",401,"E","D401E",-0.486275675860808
"D",401,"F","D401F",-0.933301059017152
"D",401,"G","D401G",-1.20042290196404
"D",401,"H","D401H",-0.819993017172035
"D",401,"I","D401I",0.481386392790283
"D",401,"K","D401K",0.9911063321878
"D",401,"L","D401L",-0.775255809107416
"D",401,"M","D401M",-0.0670180299891451
"D",401,"N","D401N",0.0396088716367931
"D",401,"P","D401P",-0.506540988532403
"D",401,"Q","D401Q",-0.362677773863621
"D",401,"R","D401R",0.896796997597414
"D",401,"S","D401S",0.281198318414526
"D",401,"T","D401T",0.847457148844387
"D",401,"V","D401V",0.051637064342412
"D",401,"W","D401W",-0.0372323450816724
"D",401,"Y","D401Y",-0.797591192898254
"G",402,"A","G402A",-0.232057074170873
"G",402,"C","G402C",0.505441776881418
"G",402,"D","G402D",-0.548623037093395
"G",402,"E","G402E",1.4463085685094
"G",402,"F","G402F",1.18903323754699
"G",402,"H","G402H",-0.130330449607253
"G",402,"I","G402I",1.22515084109768
"G",402,"K","G402K",-0.22869518410089
"G",402,"L","G402L",-0.463916940854277
"G",402,"M","G402M",-2.4765056080871
"G",402,"N","G402N",0.236280497924197
"G",402,"P","G402P",-0.0213839231627058
"G",402,"Q","G402Q",-0.120597167894974
"G",402,"R","G402R",-0.392673976630057
"G",402,"S","G402S",-0.637438729994465
"G",402,"T","G402T",0.109141377074439
"G",402,"V","G402V",0.57304452686525
"G",402,"W","G402W",-0.202067900761895
"G",402,"Y","G402Y",0.040824217849989
"S",403,"A","S403A",-0.0249352104481736
"S",403,"C","S403C",0.193324728452249
"S",403,"D","S403D",0.254530174729775
"S",403,"E","S403E",0.869330545139542
"S",403,"F","S403F",0.0346900060855569
"S",403,"G","S403G",2.27959655543474
"S",403,"H","S403H",0.514390036465602
"S",403,"I","S403I",0.7373987139422
"S",403,"K","S403K",1.77588793473283
"S",403,"L","S403L",-0.23810634832832
"S",403,"M","S403M",-1.05124477008183
"S",403,"N","S403N",0.0227715432351802
"S",403,"P","S403P",1.56280473896748
"S",403,"Q","S403Q",0.375723208579569
"S",403,"R","S403R",0.465774650578613
"S",403,"T","S403T",0.435967359290376
"S",403,"V","S403V",-0.872831763182603
"S",403,"W","S403W",0.0660048607703241
"S",403,"Y","S403Y",1.91177907408802
"F",404,"A","F404A",0.374264654407499
"F",404,"C","F404C",-0.2926299372917
"F",404,"D","F404D",-1.32655480021889
"F",404,"E","F404E",0.437598995802631
"F",404,"G","F404G",0.269910285953928
"F",404,"H","F404H",-0.0317025878254976
"F",404,"I","F404I",-0.487904947681943
"F",404,"K","F404K",0.389822137737716
"F",404,"L","F404L",-1.64116170426477
"F",404,"M","F404M",-0.941335054637593
"F",404,"N","F404N",0.39915502043716
"F",404,"P","F404P",2.7579063150051
"F",404,"Q","F404Q",-0.357671734643495
"F",404,"R","F404R",0.737168524529005
"F",404,"S","F404S",-0.666111811700041
"F",404,"T","F404T",0.0446460487126996
"F",404,"V","F404V",0.0705371363651234
"F",404,"W","F404W",-0.145856640271603
"F",404,"Y","F404Y",-1.43095197402386
"F",405,"A","F405A",-0.001624371397758
"F",405,"C","F405C",-0.115579193366535
"F",405,"D","F405D",0.19690852001411
"F",405,"E","F405E",0.992135984380776
"F",405,"G","F405G",0.0157157787945474
"F",405,"H","F405H",0.823629242874903
"F",405,"I","F405I",0.309262896978925
"F",405,"K","F405K",-3.39455025954202
"F",405,"L","F405L",0.965944280447927
"F",405,"M","F405M",-0.700683236908015
"F",405,"N","F405N",-0.948752096398452
"F",405,"P","F405P",-0.070653767580578
"F",405,"Q","F405Q",2.14326991601941
"F",405,"R","F405R",2.11880469768503
"F",405,"S","F405S",-0.620994603012089
"F",405,"T","F405T",0.498457974533679
"F",405,"V","F405V",0.195948978212426
"F",405,"W","F405W",0.461854340830827
"F",405,"Y","F405Y",0.0689810489935668
"L",406,"A","L406A",-0.0606257732075005
"L",406,"C","L406C",-0.389591477184317
"L",406,"D","L406D",0.427998369860642
"L",406,"E","L406E",-0.127348541810521
"L",406,"F","L406F",-1.4547848084852
"L",406,"G","L406G",0.560498327441983
"L",406,"H","L406H",0.140543592533938
"L",406,"I","L406I",0.497962233621687
"L",406,"K","L406K",0.65050907020041
"L",406,"M","L406M",-0.686203044569839
"L",406,"N","L406N",-0.993097515539126
"L",406,"P","L406P",0.352331132707503
"L",406,"Q","L406Q",-0.360294460783185
"L",406,"R","L406R",-0.646101393298641
"L",406,"S","L406S",0.518590009124861
"L",406,"T","L406T",0.527934636820815
"L",406,"V","L406V",0.0047386514712926
"L",406,"W","L406W",-0.579737903837109
"L",406,"Y","L406Y",1.28880317245644
"Y",407,"A","Y407A",0.560219449229162
"Y",407,"C","Y407C",0.693338419576364
"Y",407,"D","Y407D",-0.411695756993503
"Y",407,"E","Y407E",-0.778986616194921
"Y",407,"F","Y407F",0.145864813287386
"Y",407,"G","Y407G",0.25142747703376
"Y",407,"H","Y407H",-0.348395000910075
"Y",407,"I","Y407I",-1.00049741648237
"Y",407,"K","Y407K",-0.726815629028604
"Y",407,"L","Y407L",1.2789713217531
"Y",407,"M","Y407M",0.442119855565117
"Y",407,"N","Y407N",4.95434957828199
"Y",407,"P","Y407P",0.120533849206437
"Y",407,"Q","Y407Q",-1.20017543563113
"Y",407,"R","Y407R",0.256381320912104
"Y",407,"S","Y407S",0.171731134803124
"Y",407,"T","Y407T",-0.29334280901242
"Y",407,"V","Y407V",-0.575492311705754
"Y",407,"W","Y407W",-2.61000218467971
"S",408,"A","S408A",-0.379183726633148
"S",408,"C","S408C",0.110553500897884
"S",408,"D","S408D",-0.207264476491855
"S",408,"E","S408E",-0.445905130379846
"S",408,"F","S408F",-0.439978323876416
"S",408,"G","S408G",0.0393937589248658
"S",408,"H","S408H",0.269820221604252
"S",408,"I","S408I",-0.37497826123262
"S",408,"K","S408K",-0.139770080803317
"S",408,"L","S408L",1.32176842440515
"S",408,"M","S408M",0.241409992001998
"S",408,"N","S408N",0.490041435212075
"S",408,"P","S408P",-2.50147554058873
"S",408,"Q","S408Q",-0.811292900217009
"S",408,"R","S408R",-0.943639271809109
"S",408,"T","S408T",1.27090268351062
"S",408,"V","S408V",0.424626619826113
"S",408,"W","S408W",-0.44167603420073
"S",408,"Y","S408Y",2.46343759208656
"K",409,"A","K409A",-1.16586844623181
"K",409,"C","K409C",-0.169265519070977
"K",409,"D","K409D",0.478113869662558
"K",409,"E","K409E",0.106101673070239
"K",409,"F","K409F",-0.133717255940792
"K",409,"G","K409G",1.06957735376645
"K",409,"H","K409H",-1.18070390579709
"K",409,"I","K409I",0.127036283869714
"K",409,"L","K409L",-0.299476007827389
"K",409,"M","K409M",0.106506234752995
"K",409,"N","K409N",-1.64320879332902
"K",409,"P","K409P",1.25339170929448
"K",409,"Q","K409Q",-0.310769727132897
"K",409,"R","K409R",0.0810642674768394
"K",409,"S","K409S",0.165512601194701
"K",409,"T","K409T",0.479299966974283
"K",409,"V","K409V",-0.779880405793092
"K",409,"W","K409W",-0.164571618062009
"K",409,"Y","K409Y",-2.39908562979309
"L",410,"A","L410A",-0.680673939807086
"L",410,"C","L410C",0.0932545317739085
"L",410,"D","L410D",0.399626453222287
"L",410,"E","L410E",0.447282441128602
"L",410,"F","L410F",-0.00982079381390826
"L",410,"G","L410G",0.656048556728505
"L",410,"H","L410H",-0.763266177895053
"L",410,"I","L410I",-0.473642313522612
"L",410,"K","L410K",-0.0344092691304052
"L",410,"M","L410M",1.05552374711155
"L",410,"N","L410N",0.0349974481778244
"L",410,"P","L410P",-0.244640158532532
"L",410,"Q","L410Q",0.0922649996409812
"L",410,"R","L410R",-0.0700460882527616
"L",410,"S","L410S",0.569295410473829
"L",410,"T","L410T",-0.410199542225165
"L",410,"V","L410V",0.549088675888396
"L",410,"W","L410W",1.45212348118785
"L",410,"Y","L410Y",-0.808342284936312
"T",411,"A","T411A",-0.10294905670367
"T",411,"C","T411C",0.961092544561875
"T",411,"D","T411D",-0.620618699238725
"T",411,"E","T411E",-0.368186230357466
"T",411,"F","T411F",-0.402001546639655
"T",411,"G","T411G",-1.13529851516308
"T",411,"H","T411H",0.173625398636703
"T",411,"I","T411I",0.0686397124178359
"T",411,"K","T411K",-0.230341852255967
"T",411,"L","T411L",0.826098488181988
"T",411,"M","T411M",0.250830419545676
"T",411,"N","T411N",-0.499462024425274
"T",411,"P","T411P",-0.13184975263003
"T",411,"Q","T411Q",-0.324139780757123
"T",411,"R","T411R",0.432286517203789
"T",411,"S","T411S",-0.156407422027728
"T",411,"V","T411V",-0.147630394534868
"T",411,"W","T411W",0.131963500993888
"T",411,"Y","T411Y",-0.917433490199392
"V",412,"A","V412A",0.521886574237936
"V",412,"C","V412C",-0.537142706224167
"V",412,"D","V412D",-0.288471500520808
"V",412,"E","V412E",0.848562523659021
"V",412,"F","V412F",0.463318357225618
"V",412,"G","V412G",-0.592093525151156
"V",412,"H","V412H",0.0251470953090238
"V",412,"I","V412I",-0.0447818108305786
"V",412,"K","V412K",0.498541010586816
"V",412,"L","V412L",-0.850758196149345
"V",412,"M","V412M",0.818338240092892
"V",412,"N","V412N",-0.65354701011528
"V",412,"P","V412P",-0.223057501355542
"V",412,"Q","V412Q",0.328472837167678
"V",412,"R","V412R",1.65409044412598
"V",412,"S","V412S",-1.37563285945437
"V",412,"T","V412T",-0.13391457497183
"V",412,"W","V412W",-0.273357389961206
"V",412,"Y","V412Y",-0.609360364562222
"D",413,"A","D413A",0.389608181836658
"D",413,"C","D413C",-0.153048016192624
"D",413,"E","D413E",-0.247805251011992
"D",413,"F","D413F",-0.0987501571368305
"D",413,"G","D413G",-0.0155257414386554
"D",413,"H","D413H",0.328293820243639
"D",413,"I","D413I",1.39336634333164
"D",413,"K","D413K",0.143581657699513
"D",413,"L","D413L",-0.616409120511207
"D",413,"M","D413M",-0.750473796264163
"D",413,"N","D413N",-0.830553867257009
"D",413,"P","D413P",-0.150686002028251
"D",413,"Q","D413Q",0.65646981075361
"D",413,"R","D413R",0.190342558323484
"D",413,"S","D413S",0.901055537895681
"D",413,"T","D413T",-0.289133464790718
"D",413,"V","D413V",-0.00978088679324783
"D",413,"W","D413W",0.454799906551061
"D",413,"Y","D413Y",-0.0959795449910892
"K",414,"A","K414A",-0.340256700961963
"K",414,"C","K414C",0.325036924477595
"K",414,"D","K414D",-0.813301547208129
"K",414,"E","K414E",-0.215393600340768
"K",414,"F","K414F",-0.622133989533977
"K",414,"G","K414G",-1.76227367411734
"K",414,"H","K414H",1.20481968782816
"K",414,"I","K414I",-0.733378167129628
"K",414,"L","K414L",0.545860858949467
"K",414,"M","K414M",-0.0913832596559015
"K",414,"N","K414N",-1.72885412373558
"K",414,"P","K414P",-0.289664357623254
"K",414,"Q","K414Q",-0.850659485553866
"K",414,"R","K414R",-0.325188212501576
"K",414,"S","K414S",-0.125252002439181
"K",414,"T","K414T",0.183935749531889
"K",414,"V","K414V",-0.21918601500122
"K",414,"W","K414W",-0.103174917435399
"K",414,"Y","K414Y",0.183480498097175
"S",415,"A","S415A",0.687017185779252
"S",415,"C","S415C",-0.349629857970355
"S",415,"D","S415D",-0.00405250735383323
"S",415,"E","S415E",-2.10598752835994
"S",415,"F","S415F",0.769000402064954
"S",415,"G","S415G",-0.685379430507246
"S",415,"H","S415H",-0.022923271117119
"S",415,"I","S415I",-0.60023922458005
"S",415,"K","S415K",-0.154340857076254
"S",415,"L","S415L",-1.03937994201614
"S",415,"M","S415M",-0.312341866137111
"S",415,"N","S415N",-0.0831567800760951
"S",415,"P","S415P",0.0839261949274014
"S",415,"Q","S415Q",0.305797199947257
"S",415,"R","S415R",0.43456882281234
"S",415,"T","S415T",-1.84873588162881
"S",415,"V","S415V",0.449169686924619
"S",415,"W","S415W",0.25452227768035
"S",415,"Y","S415Y",0.947916476709699
"R",416,"A","R416A",-0.606671388357619
"R",416,"C","R416C",-0.739810432274366
"R",416,"D","R416D",0.423397013077624
"R",416,"E","R416E",-0.124228275644729
"R",416,"F","R416F",-0.388224119647436
"R",416,"G","R416G",-0.0151380694064338
"R",416,"H","R416H",0.152292510696053
"R",416,"I","R416I",1.06543193086745
"R",416,"K","R416K",0.224763911457612
"R",416,"L","R416L",0.364795097726617
"R",416,"M","R416M",-0.7603715595893
"R",416,"N","R416N",-0.592951531471874
"R",416,"P","R416P",-0.740130433650163
"R",416,"Q","R416Q",0.354631942510405
"R",416,"S","R416S",0.728054623672436
"R",416,"T","R416T",0.374987526892378
"R",416,"V","R416V",-0.711370916324777
"R",416,"W","R416W",-1.03669592786704
"R",416,"Y","R416Y",1.38265402145232
"W",417,"A","W417A",0.585907380843561
"W",417,"C","W417C",-0.772619400247156
"W",417,"D","W417D",-0.385138942016045
"W",417,"E","W417E",0.222577815086424
"W",417,"F","W417F",-0.0117316511859296
"W",417,"G","W417G",-0.188574286209771
"W",417,"H","W417H",0.06428569506894
"W",417,"I","W417I",-0.0338243170271263
"W",417,"K","W417K",0.262529327495654
"W",417,"L","W417L",0.487468266273612
"W",417,"M","W417M",-0.787876116196769
"W",417,"N","W417N",-0.444022354260529
"W",417,"P","W417P",-0.0161931068024208
"W",417,"Q","W417Q",-0.811820940793901
"W",417,"R","W417R",1.96363672643887
"W",417,"S","W417S",0.129896259937643
"W",417,"T","W417T",-2.103999878918
"W",417,"V","W417V",0.241179943134825
"W",417,"Y","W417Y",-0.568768926409285
"Q",418,"A","Q418A",-0.361171779372807
"Q",418,"C","Q418C",-0.313065563340275
"Q",418,"D","Q418D",0.220565818108238
"Q",418,"E","Q418E",-0.323590655119049
"Q",418,"F","Q418F",0.962697032767594
"Q",418,"G","Q418G",-0.196885526562283
"Q",418,"H","Q418H",1.30279450694276
"Q",418,"I","Q418I",-0.390401523084061
"Q",418,"K","Q418K",-0.492785157771922
"Q",418,"L","Q418L",0.0580141162270408
"Q",418,"M","Q418M",0.446860171512376
"Q",418,"N","Q418N",-0.655421247421405
"Q",418,"P","Q418P",-0.496853441768535
"Q",418,"R","Q418R",0.731006337328901
"Q",418,"S","Q418S",-0.406520829535883
"Q",418,"T","Q418T",-0.839156549533593
"Q",418,"V","Q418V",-1.15050872118108
"Q",418,"W","Q418W",0.0115415892683767
"Q",418,"Y","Q418Y",1.21686296657681
"Q",419,"A","Q419A",-0.173576112462966
"Q",419,"C","Q419C",0.26722067296752
"Q",419,"D","Q419D",-0.139544690970403
"Q",419,"E","Q419E",-0.18564300099821
"Q",419,"F","Q419F",0.325337306749129
"Q",419,"G","Q419G",-0.67610795533784
"Q",419,"H","Q419H",0.665367296901603
"Q",419,"I","Q419I",0.727998959343384
"Q",419,"K","Q419K",-0.386021189912091
"Q",419,"L","Q419L",-1.02406693241308
"Q",419,"M","Q419M",-0.297523096686254
"Q",419,"N","Q419N",0.132775653234061
"Q",419,"P","Q419P",-0.198250954102062
"Q",419,"R","Q419R",0.787252096169982
"Q",419,"S","Q419S",0.259198352949576
"Q",419,"T","Q419T",-0.016380375578238
"Q",419,"V","Q419V",0.499612495921757
"Q",419,"W","Q419W",-0.705232215387938
"Q",419,"Y","Q419Y",0.956495454327316
"G",420,"A","G420A",0.00239600457471867
"G",420,"C","G420C",0.506290685205393
"G",420,"D","G420D",-1.1477350755327
"G",420,"E","G420E",-0.252017566620248
"G",420,"F","G420F",1.92057905635062
"G",420,"H","G420H",1.40139424346033
"G",420,"I","G420I",-0.619366285278547
"G",420,"K","G420K",-0.7194930559888
"G",420,"L","G420L",0.847047525806252
"G",420,"M","G420M",1.43328523211406
"G",420,"N","G420N",-0.842565447103592
"G",420,"P","G420P",-0.144394908649632
"G",420,"Q","G420Q",0.084079391092914
"G",420,"R","G420R",-0.809216565105401
"G",420,"S","G420S",0.226509623803143
"G",420,"T","G420T",1.41707625728817
"G",420,"V","G420V",-0.171843282367658
"G",420,"W","G420W",0.314656353899299
"G",420,"Y","G420Y",-0.566358443148423
"N",421,"A","N421A",-0.730456045596481
"N",421,"C","N421C",-0.0586562058139681
"N",421,"D","N421D",0.543295718528717
"N",421,"E","N421E",-0.992288756981264
"N",421,"F","N421F",0.284398072060473
"N",421,"G","N421G",-0.0354791572469325
"N",421,"H","N421H",-0.123973829589098
"N",421,"I","N421I",1.51637499676742
"N",421,"K","N421K",-0.240044903455899
"N",421,"L","N421L",-0.424610634180213
"N",421,"M","N421M",-0.371958004931507
"N",421,"P","N421P",-0.153981533691286
"N",421,"Q","N421Q",0.129236589539686
"N",421,"R","N421R",-0.981630201860982
"N",421,"S","N421S",-0.0505533812704265
"N",421,"T","N421T",0.952500936798075
"N",421,"V","N421V",0.0762098125310474
"N",421,"W","N421W",-0.324324667683936
"N",421,"Y","N421Y",-0.321902862206249
"V",422,"A","V422A",-1.33472565370269
"V",422,"C","V422C",-0.0515760393473387
"V",422,"D","V422D",0.454923750553953
"V",422,"E","V422E",-0.655777107271405
"V",422,"F","V422F",-0.761641972514702
"V",422,"G","V422G",-0.288561031528683
"V",422,"H","V422H",-0.860481018119799
"V",422,"I","V422I",0.575655713957889
"V",422,"K","V422K",-0.489706560874634
"V",422,"L","V422L",0.142602496008597
"V",422,"M","V422M",0.543620300497501
"V",422,"N","V422N",-1.44259348253301
"V",422,"P","V422P",-1.32566945105909
"V",422,"Q","V422Q",-0.104045433379736
"V",422,"R","V422R",0.641912998054939
"V",422,"S","V422S",0.545494474346429
"V",422,"T","V422T",0.400997256141276
"V",422,"W","V422W",-0.139610698983331
"V",422,"Y","V422Y",-0.96678994164521
"F",423,"A","F423A",0.218476701283018
"F",423,"C","F423C",-0.713715253636149
"F",423,"D","F423D",-0.0147819681088922
"F",423,"E","F423E",-0.142855769883796
"F",423,"G","F423G",0.584245667686702
"F",423,"H","F423H",0.775138140612016
"F",423,"I","F423I",0.266002447541288
"F",423,"K","F423K",-2.40683829357125
"F",423,"L","F423L",0.177335589844821
"F",423,"M","F423M",-0.620979974725595
"F",423,"N","F423N",0.464863832984025
"F",423,"P","F423P",0.0388182833104999
"F",423,"Q","F423Q",-0.5652758320133
"F",423,"R","F423R",0.967321670882353
"F",423,"S","F423S",-1.0736148305941
"F",423,"T","F423T",-0.315725371372995
"F",423,"V","F423V",-0.407503234494426
"F",423,"W","F423W",0.178582938310218
"F",423,"Y","F423Y",-0.476870544615132
"S",424,"A","S424A",1.08696868420957
"S",424,"C","S424C",-0.657143220714337
"S",424,"D","S424D",1.36031158584362
"S",424,"E","S424E",2.41663334617037
"S",424,"F","S424F",0.0935144052413735
"S",424,"G","S424G",-0.371226440219264
"S",424,"H","S424H",-0.429196948744851
"S",424,"I","S424I",-0.0510827291443198
"S",424,"K","S424K",-0.360698429833413
"S",424,"L","S424L",-0.869016311127161
"S",424,"M","S424M",0.496145496987777
"S",424,"N","S424N",-0.543352066289584
"S",424,"P","S424P",0.569507412105025
"S",424,"Q","S424Q",0.18204545807766
"S",424,"R","S424R",-0.394091826843462
"S",424,"T","S424T",-0.733901348082904
"S",424,"V","S424V",-0.312885390137271
"S",424,"W","S424W",1.86594011134746
"S",424,"Y","S424Y",-0.074974570513402
"C",425,"A","C425A",0.0759788322523906
"C",425,"D","C425D",-1.45088682251524
"C",425,"E","C425E",0.624303072627678
"C",425,"F","C425F",-0.986553521544443
"C",425,"G","C425G",-3.5039149128511
"C",425,"H","C425H",-1.72085862573788
"C",425,"I","C425I",0.0207234647509311
"C",425,"K","C425K",-0.461522179830382
"C",425,"L","C425L",-0.5605757841971
"C",425,"M","C425M",-0.73385061208932
"C",425,"N","C425N",1.65434715522392
"C",425,"P","C425P",0.618417998439327
"C",425,"Q","C425Q",-0.0273407211102814
"C",425,"R","C425R",1.97669706016987
"C",425,"S","C425S",0.621295683285919
"C",425,"T","C425T",-1.35486561813401
"C",425,"V","C425V",-1.00011156286245
"C",425,"W","C425W",1.80621415161533
"C",425,"Y","C425Y",0.599059071993936
"S",426,"A","S426A",1.65010068094959
"S",426,"C","S426C",0.644110032767561
"S",426,"D","S426D",1.82017411558533
"S",426,"E","S426E",0.851250482437026
"S",426,"F","S426F",1.25221666317879
"S",426,"G","S426G",-0.146259720857438
"S",426,"H","S426H",-0.904050823837972
"S",426,"I","S426I",-0.845934444522631
"S",426,"K","S426K",0.0482859247578048
"S",426,"L","S426L",-1.20011717353012
"S",426,"M","S426M",-0.599329743718892
"S",426,"N","S426N",-2.48055190069009
"S",426,"P","S426P",0.306607125013024
"S",426,"Q","S426Q",0.933301815579264
"S",426,"R","S426R",0.292620261328123
"S",426,"T","S426T",-1.22377769297805
"S",426,"V","S426V",-0.41582605255685
"S",426,"W","S426W",-0.278177065501453
"S",426,"Y","S426Y",0.795721664225741
"V",427,"A","V427A",0.492208172739009
"V",427,"C","V427C",-0.502697525270451
"V",427,"D","V427D",-0.806403292265622
"V",427,"E","V427E",-0.363495641345435
"V",427,"F","V427F",1.99507682705099
"V",427,"G","V427G",-0.460241683505953
"V",427,"H","V427H",-0.200843370954712
"V",427,"I","V427I",-0.422215898075928
"V",427,"K","V427K",-1.54128984507252
"V",427,"L","V427L",0.334657132620026
"V",427,"M","V427M",0.0900905281901704
"V",427,"N","V427N",-0.639124872219849
"V",427,"P","V427P",-0.993275132562231
"V",427,"Q","V427Q",-0.202879876065414
"V",427,"R","V427R",-1.77883497864263
"V",427,"S","V427S",0.334669014197876
"V",427,"T","V427T",3.36076540743748
"V",427,"W","V427W",-0.560184967570012
"V",427,"Y","V427Y",0.90558035480686
"M",428,"A","M428A",-0.698802353623696
"M",428,"C","M428C",0.837618094134296
"M",428,"D","M428D",0.73861229634504
"M",428,"E","M428E",0.141974525170758
"M",428,"F","M428F",-0.0890439216393049
"M",428,"G","M428G",0.192169134297092
"M",428,"H","M428H",0.654352986579637
"M",428,"I","M428I",0.813258289484503
"M",428,"K","M428K",0.999996586217448
"M",428,"L","M428L",-0.565232017461827
"M",428,"N","M428N",-1.25759423692595
"M",428,"P","M428P",-0.337938363711826
"M",428,"Q","M428Q",0.00851362714339767
"M",428,"R","M428R",-1.33056460361003
"M",428,"S","M428S",-0.433119955221557
"M",428,"T","M428T",-0.0862641631619412
"M",428,"V","M428V",0.902984842062664
"M",428,"W","M428W",0.943615169295733
"M",428,"Y","M428Y",0.528733898525398
"H",429,"A","H429A",-0.114628164654095
"H",429,"C","H429C",0.215913490833882
"H",429,"D","H429D",0.600696873624129
"H",429,"E","H429E",0.167671877033036
"H",429,"F","H429F",0.722258450822172
"H",429,"G","H429G",0.475284821675572
"H",429,"I","H429I",-0.0256641501545936
"H",429,"K","H429K",-0.923257123020729
"H",429,"L","H429L",0.790306257988985
"H",429,"M","H429M",0.446405667142216
"H",429,"N","H429N",0.693044917059849
"H",429,"P","H429P",0.195230828594891
"H",429,"Q","H429Q",-0.183785621948804
"H",429,"R","H429R",2.46489111737719
"H",429,"S","H429S",1.53928351151633
"H",429,"T","H429T",-0.446305020596974
"H",429,"V","H429V",1.54074773452364
"H",429,"W","H429W",0.250014394920186
"H",429,"Y","H429Y",-1.23610599016692
"E",430,"A","E430A",-1.27441138952529
"E",430,"C","E430C",-0.939496972428026
"E",430,"D","E430D",0.623785498941236
"E",430,"F","E430F",-0.183523312036576
"E",430,"G","E430G",-0.396047001645996
"E",430,"H","E430H",-0.814876622017282
"E",430,"I","E430I",1.94643533738422
"E",430,"K","E430K",0.82033279745878
"E",430,"L","E430L",-1.27966408713468
"E",430,"M","E430M",-1.05772442166485
"E",430,"N","E430N",-0.0839657289798742
"E",430,"P","E430P",-1.71483927320619
"E",430,"Q","E430Q",-1.28767881382085
"E",430,"R","E430R",0.260455466724596
"E",430,"S","E430S",-1.25442188642329
"E",430,"T","E430T",2.48128133807965
"E",430,"V","E430V",-0.394890578969571
"E",430,"W","E430W",1.15337331069982
"E",430,"Y","E430Y",0.110950596344209
"L",432,"A","L432A",-0.689759981399881
"L",432,"C","L432C",0.583783620612513
"L",432,"D","L432D",0.283172325942779
"L",432,"E","L432E",1.83412150393914
"L",432,"F","L432F",0.0426189359352006
"L",432,"G","L432G",-1.08449976482588
"L",432,"H","L432H",-0.384304505524776
"L",432,"I","L432I",0.120265171110546
"L",432,"K","L432K",0.223000744780654
"L",432,"M","L432M",-0.767393056526063
"L",432,"N","L432N",-0.693876800960838
"L",432,"P","L432P",0.477683186204276
"L",432,"Q","L432Q",0.679082233436359
"L",432,"R","L432R",-0.112060241958865
"L",432,"S","L432S",0.781752428993216
"L",432,"T","L432T",-0.886782201235862
"L",432,"V","L432V",0.93119346189657
"L",432,"W","L432W",-0.36331041831821
"L",432,"Y","L432Y",1.28044964505558
"H",433,"A","H433A",1.19120488745092
"H",433,"C","H433C",-0.673195189386226
"H",433,"D","H433D",-0.136414761718894
"H",433,"E","H433E",-1.08356090778757
"H",433,"F","H433F",-0.0626363535885926
"H",433,"G","H433G",0.407168295726529
"H",433,"I","H433I",1.28252810097386
"H",433,"K","H433K",0.258717371484163
"H",433,"L","H433L",0.685476253103076
"H",433,"M","H433M",-0.0902699091377045
"H",433,"N","H433N",-1.48541703862743
"H",433,"P","H433P",0.141268753960325
"H",433,"Q","H433Q",0.255527265787121
"H",433,"R","H433R",0.0901796902502668
"H",433,"S","H433S",1.08004226018134
"H",433,"T","H433T",1.94570294848179
"H",433,"V","H433V",-0.555921856563564
"H",433,"W","H433W",-0.0936612396724043
"H",433,"Y","H433Y",-0.714878368995277
"N",434,"A","N434A",-0.274216437513182
"N",434,"C","N434C",-0.175145497230081
"N",434,"D","N434D",0.916249244370114
"N",434,"E","N434E",0.283384737387213
"N",434,"F","N434F",-0.17824572465226
"N",434,"G","N434G",1.32879416516436
"N",434,"H","N434H",0.0935884931115482
"N",434,"I","N434I",-0.0618688683011718
"N",434,"K","N434K",-1.05616216113577
"N",434,"L","N434L",1.36831053874199
"N",434,"P","N434P",0.361265806080355
"N",434,"Q","N434Q",-0.138724862841402
"N",434,"R","N434R",-1.19322785143583
"N",434,"S","N434S",2.81147720697945
"N",434,"T","N434T",-0.78007888708462
"N",434,"W","N434W",1.08005450222477
"N",434,"Y","N434Y",0.0255437022090496
"H",435,"A","H435A",-0.457287853498814
"H",435,"C","H435C",-0.213356700256384
"H",435,"D","H435D",0.46741243365996
"H",435,"E","H435E",0.309497010318321
"H",435,"F","H435F",0.728336375100491
"H",435,"G","H435G",-1.15806491841317
"H",435,"I","H435I",-0.108829179621891
"H",435,"K","H435K",-0.519113431717107
"H",435,"L","H435L",-0.704380103707471
"H",435,"M","H435M",0.284681805607747
"H",435,"N","H435N",0.44872364620477
"H",435,"P","H435P",0.0548093773904451
"H",435,"Q","H435Q",-0.214429282719594
"H",435,"R","H435R",-0.938894735885771
"H",435,"S","H435S",-1.54142336603975
"H",435,"T","H435T",2.22366494828236
"H",435,"V","H435V",0.604740416286921
"H",435,"W","H435W",-1.32119116551767
"H",435,"Y","H435Y",-0.203890825004391
"Y",436,"A","Y436A",-0.333178151108984
"Y",436,"C","Y436C",-0.281276591731268
"Y",436,"D","Y436D",0.411262203696074
"Y",436,"E","Y436E",0.570145831428162
"Y",436,"F","Y436F",-0.71762048676464
"Y",436,"G","Y436G",-0.970057600804223
"Y",436,"H","Y436H",0.0277224649759525
"Y",436,"I","Y436I",0.538066767583916
"Y",436,"K","Y436K",-0.587251221918143
"Y",436,"L","Y436L",0.241256126106546
"Y",436,"M","Y436M",0.718315266156529
"Y",436,"N","Y436N",-0.0331662912716772
"Y",436,"P","Y436P",1.45892506729427
"Y",436,"Q","Y436Q",-0.568337825595597
"Y",436,"R","Y436R",0.131182548428615
"Y",436,"S","Y436S",0.242709043714723
"Y",436,"T","Y436T",0.453780222706652
"Y",436,"V","Y436V",0.0733030850733257
"Y",436,"W","Y436W",0.0385041799222827
"T",437,"A","T437A",0.649283784658389
"T",437,"C","T437C",0.516886112514618
"T",437,"D","T437D",0.0567505360403203
"T",437,"E","T437E",0.0534131573873451
"T",437,"F","T437F",-0.0875069616769673
"T",437,"G","T437G",-1.52416692352711
"T",437,"H","T437H",-1.08429979786666
"T",437,"I","T437I",-0.473667191275839
"T",437,"K","T437K",0.998602639330577
"T",437,"L","T437L",-0.8167002228517
"T",437,"M","T437M",0.235225841771698
"T",437,"N","T437N",-0.74853853973111
"T",437,"P","T437P",0.151189201754668
"T",437,"Q","T437Q",-1.49254881535215
"T",437,"R","T437R",-0.52566994449555
"T",437,"S","T437S",-0.824972249499468
"T",437,"V","T437V",-0.0350088567353582
"T",437,"W","T437W",0.555746355676892
"T",437,"Y","T437Y",0.645116354323171
"Q",438,"A","Q438A",-0.679190684833022
"Q",438,"C","Q438C",-0.0603941320847099
"Q",438,"D","Q438D",0.0954540935208868
"Q",438,"E","Q438E",0.247100879458376
"Q",438,"F","Q438F",-0.307951957911569
"Q",438,"G","Q438G",0.258741258709705
"Q",438,"H","Q438H",1.1561830264809
"Q",438,"I","Q438I",-0.712847973482787
"Q",438,"K","Q438K",0.32824597907422
"Q",438,"L","Q438L",-0.951735077285312
"Q",438,"M","Q438M",-0.475258382178293
"Q",438,"N","Q438N",0.208249204261016
"Q",438,"P","Q438P",0.803338961086669
"Q",438,"R","Q438R",1.37917266114681
"Q",438,"S","Q438S",0.101704102411939
"Q",438,"T","Q438T",-0.245735679909476
"Q",438,"V","Q438V",1.44346140489167
"Q",438,"W","Q438W",0.263341667214668
"Q",438,"Y","Q438Y",-1.03864852871229
"K",439,"A","K439A",0.830525071775967
"K",439,"C","K439C",-1.04011448142847
"K",439,"D","K439D",1.02560391559052
"K",439,"E","K439E",-0.871011546423076
"K",439,"F","K439F",0.23422885100423
"K",439,"G","K439G",-0.36724094022609
"K",439,"H","K439H",0.338887578360747
"K",439,"I","K439I",1.53314075469779
"K",439,"L","K439L",0.118634217245723
"K",439,"M","K439M",-0.773323351277828
"K",439,"N","K439N",0.2701424120353
"K",439,"P","K439P",-0.92122315891037
"K",439,"Q","K439Q",1.43638095038655
"K",439,"R","K439R",2.61105241072749
"K",439,"S","K439S",-0.973884240852321
"K",439,"T","K439T",2.78957842878347
"K",439,"V","K439V",-0.216362323952014
"K",439,"W","K439W",0.538242796236502
"K",439,"Y","K439Y",1.50272734363519
"S",440,"A","S440A",-1.25568291612152
"S",440,"C","S440C",0.511247171734791
"S",440,"D","S440D",-0.551401758200367
"S",440,"E","S440E",-1.20205411854197
"S",440,"F","S440F",-0.049410884521269
"S",440,"G","S440G",0.48882155890909
"S",440,"H","S440H",-0.308880397383715
"S",440,"I","S440I",0.132969114019359
"S",440,"K","S440K",-0.133319573143492
"S",440,"L","S440L",-1.08635788004578
"S",440,"M","S440M",0.954547740240502
"S",440,"N","S440N",2.00798514472757
"S",440,"P","S440P",-0.465255282812634
"S",440,"Q","S440Q",0.18156301058636
"S",440,"R","S440R",-0.405277789608408
"S",440,"T","S440T",-0.179483886064276
"S",440,"V","S440V",-0.833095224613419
"S",440,"W","S440W",-0.521970006987363
"S",440,"Y","S440Y",-0.486033898277896
"L",441,"A","L441A",-0.508984901521932
"L",441,"C","L441C",-2.71470589221363
"L",441,"D","L441D",-0.201092974188769
"L",441,"E","L441E",0.364565545847098
"L",441,"F","L441F",-0.446316110032591
"L",441,"G","L441G",-0.585958973351441
"L",441,"H","L441H",-0.0331802351583707
"L",441,"I","L441I",0.0128214273974887
"L",441,"K","L441K",-0.537118851700564
"L",441,"M","L441M",0.541631900092143
"L",441,"N","L441N",-1.1479534400154
"L",441,"P","L441P",0.0802589063616139
"L",441,"Q","L441Q",-3.39850759324787
"L",441,"R","L441R",-1.46639145004883
"L",441,"S","L441S",-0.380482845518743
"L",441,"T","L441T",-0.691428513486878
"L",441,"V","L441V",0.0386699221010273
"L",441,"W","L441W",-0.0729698395354907
"L",441,"Y","L441Y",-0.0124024377404214
"S",442,"A","S442A",-0.790771156721875
"S",442,"C","S442C",-0.463099242082355
"S",442,"D","S442D",-0.234628874137819
"S",442,"E","S442E",-0.488736893856497
"S",442,"F","S442F",0.7902883917552
"S",442,"G","S442G",-0.985566896571628
"S",442,"H","S442H",-0.903094247097911
"S",442,"I","S442I",-0.554719501929369
"S",442,"K","S442K",-0.0577207652111546
"S",442,"L","S442L",-0.909034373698793
"S",442,"M","S442M",-0.0781424021923282
"S",442,"N","S442N",-1.015310914075
"S",442,"P","S442P",-0.351527794695463
"S",442,"Q","S442Q",0.53362138015935
"S",442,"R","S442R",-0.739736777818254
"S",442,"T","S442T",-0.479298358171551
"S",442,"V","S442V",0.509996201703916
"S",442,"W","S442W",-0.812371921909877
"S",442,"Y","S442Y",-0.706025231905216
"L",443,"A","L443A",-1.08812474817291
"L",443,"C","L443C",0.577725229092976
"L",443,"D","L443D",-0.0205085595494957
"L",443,"E","L443E",-0.0825659675479566
"L",443,"F","L443F",0.325579129879884
"L",443,"G","L443G",-1.16127559397507
"L",443,"H","L443H",0.104070784007459
"L",443,"I","L443I",-2.36430008428892
"L",443,"K","L443K",0.718570827490922
"L",443,"M","L443M",1.1592057595587
"L",443,"N","L443N",-0.504024958231775
"L",443,"P","L443P",0.333935518339097
"L",443,"Q","L443Q",-0.410306397458799
"L",443,"R","L443R",-0.46084361208641
"L",443,"S","L443S",-1.14752227682953
"L",443,"T","L443T",0.0586905289350251
"L",443,"V","L443V",0.275352073152454
"L",443,"W","L443W",0.113341487783667
"L",443,"Y","L443Y",-0.709599416311892
"S",444,"A","S444A",-1.564443371692
"S",444,"C","S444C",-1.48195411499461
"S",444,"D","S444D",-0.546768906049855
"S",444,"E","S444E",-0.696468581456188
"S",444,"F","S444F",0.459198753910284
"S",444,"G","S444G",-0.431298621103716
"S",444,"H","S444H",0.4921983516084
"S",444,"I","S444I",-0.357497635529139
"S",444,"K","S444K",0.436257304311762
"S",444,"L","S444L",-0.596808362470796
"S",444,"M","S444M",-0.490682452827345
"S",444,"N","S444N",-0.776946721766883
"S",444,"P","S444P",-0.218658037576391
"S",444,"Q","S444Q",-0.915426092031432
"S",444,"R","S444R",0.302526617754175
"S",444,"T","S444T",-0.958672831601174
"S",444,"V","S444V",-0.852370796422075
"S",444,"W","S444W",-0.528806264484868
"S",444,"Y","S444Y",-0.70194825338447
"P",445,"A","P445A",-0.859094704236587
"P",445,"C","P445C",0.563216880540881
"P",445,"D","P445D",0.193396688335453
"P",445,"E","P445E",-2.6283798939522
"P",445,"F","P445F",0.0913892528774163
"P",445,"G","P445G",-0.0257277045838489
"P",445,"H","P445H",-0.687432936481347
"P",445,"I","P445I",0.0363449786932918
"P",445,"K","P445K",0.421100965553138
"P",445,"L","P445L",0.33115771788934
"P",445,"M","P445M",0.230540901964671
"P",445,"N","P445N",-0.346926611578472
"P",445,"Q","P445Q",0.2794520633198
"P",445,"R","P445R",-0.177263125055313
"P",445,"S","P445S",1.27901363208625
"P",445,"V","P445V",0.0261533807074794
"P",445,"W","P445W",-0.769903788260676
"P",445,"Y","P445Y",-1.39517193920492
"G",446,"A","G446A",-0.632286718789165
"G",446,"C","G446C",-2.21586361219459
"G",446,"D","G446D",-0.673920842665523
"G",446,"E","G446E",2.22149142003451
"G",446,"F","G446F",-0.517512924360388
"G",446,"H","G446H",-0.0871781850407855
"G",446,"I","G446I",0.969162130461466
"G",446,"K","G446K",0.181169170259904
"G",446,"L","G446L",0.562850249102116
"G",446,"M","G446M",-1.44452364170948
"G",446,"N","G446N",-0.667731922861181
"G",446,"P","G446P",0.00170256153203102
"G",446,"Q","G446Q",0.41034827590443
"G",446,"R","G446R",0.256069153017656
"G",446,"S","G446S",-0.08180659537933
"G",446,"T","G446T",1.05611787936065
"G",446,"V","G446V",0.351040725693203
"G",446,"W","G446W",1.16418906449935
"G",446,"Y","G446Y",-0.535128780497811
"K",447,"A","K447A",1.30648786976248
"K",447,"C","K447C",-0.0385200439591135
"K",447,"D","K447D",1.87620126000944
"K",447,"E","K447E",-0.971171289527598
"K",447,"F","K447F",-0.386285481119181
"K",447,"G","K447G",-0.239415141661663
"K",447,"H","K447H",0.465559054309289
"K",447,"I","K447I",-0.372608559490243
"K",447,"L","K447L",-0.678528350142279
"K",447,"M","K447M",-0.220532127165968
"K",447,"N","K447N",-0.329386215504927
"K",447,"P","K447P",0.0602257845114878
"K",447,"Q","K447Q",0.128205712722069
"K",447,"R","K447R",-0.403089606512211
"K",447,"S","K447S",-0.182676683311355
"K",447,"T","K447T",-0.552295478710784
"K",447,"V","K447V",0.170598132946654
"K",447,"W","K447W",-0.792824334253069
"K",447,"Y","K447Y",-0.847696129318153
