"wildtype","site","mutation","name","scaledscore"
"E",216,"A","E216A",-0.352800996461292
"E",216,"C","E216C",0.663050229670489
"E",216,"D","E216D",1.72437119059045
"E",216,"F","E216F",-0.0374392081821691
"E",216,"G","E216G",0.0679751721119571
"E",216,"H","E216H",-0.37766620360851
"E",216,"I","E216I",-1.40183775108067
"E",216,"K","E216K",0.0929019290654483
"E",216,"L","E216L",0.610857451238996
"E",216,"M","E216M",1.52881796864061
"E",216,"N","E216N",-0.477174083504147
"E",216,"P","E216P",-0.492604537929097
"E",216,"Q","E216Q",-0.46334182596331
"E",216,"R","E216R",-1.10365835897297
"E",216,"S","E216S",1.60108158404408
"E",216,"T","E216T",-0.926090142443771
"E",216,"V","E216V",-1.29691587269371
"E",216,"W","E216W",0.584469283946131
"E",216,"Y","E216Y",-1.37544047307443
"P",217,"A","P217A",0.0179335263074301
"P",217,"C","P217C",-0.476601442689795
"P",217,"D","P217D",0.231213563720569
"P",217,"E","P217E",0.249099762985523
"P",217,"F","P217F",0.2026045762243
"P",217,"G","P217G",0.179239671862263
"P",217,"H","P217H",-0.481887281515413
"P",217,"I","P217I",-1.00461997253875
"P",217,"K","P217K",-1.34775041999215
"P",217,"L","P217L",-0.223476330424537
"P",217,"M","P217M",0.333046117093339
"P",217,"N","P217N",0.120549922173003
"P",217,"Q","P217Q",-0.947830004342565
"P",217,"R","P217R",-1.47392463020173
"P",217,"S","P217S",1.48560301555706
"P",217,"T","P217T",-0.769085878895863
"P",217,"V","P217V",0.16634811935364
"P",217,"W","P217W",1.14947572764119
"P",217,"Y","P217Y",-0.0469114228863115
"K",218,"A","K218A",-0.433159679472044
"K",218,"C","K218C",0.0135979684950421
"K",218,"D","K218D",-1.41882297684039
"K",218,"E","K218E",-0.14381331173375
"K",218,"F","K218F",1.16777810855302
"K",218,"G","K218G",0.355137338407982
"K",218,"H","K218H",-0.531667386286225
"K",218,"I","K218I",0.748068382420356
"K",218,"L","K218L",-0.407439883665409
"K",218,"M","K218M",-0.442969048398712
"K",218,"N","K218N",-0.603420886914782
"K",218,"P","K218P",0.176152917656972
"K",218,"Q","K218Q",0.239641705888181
"K",218,"R","K218R",1.32866744761678
"K",218,"S","K218S",0.533890748740306
"K",218,"T","K218T",-0.538357937734403
"K",218,"V","K218V",-0.239781586000328
"K",218,"W","K218W",-0.16519562138555
"K",218,"Y","K218Y",-0.917208730500646
"S",219,"A","S219A",0.181028685805027
"S",219,"C","S219C",0.0868211417487306
"S",219,"D","S219D",0.343586073906218
"S",219,"E","S219E",0.501659858895899
"S",219,"F","S219F",-0.98602498152676
"S",219,"G","S219G",0.44872469033857
"S",219,"H","S219H",-0.833618030017986
"S",219,"I","S219I",-0.0528955088274727
"S",219,"K","S219K",-0.053197450808732
"S",219,"L","S219L",0.369798095533432
"S",219,"M","S219M",-0.0598605787490693
"S",219,"N","S219N",-0.438872805083582
"S",219,"P","S219P",-0.14827678452403
"S",219,"Q","S219Q",-0.429374116150988
"S",219,"R","S219R",0.897556619499256
"S",219,"T","S219T",0.0191716008747717
"S",219,"V","S219V",-2.46759046355306
"S",219,"W","S219W",0.238170167875596
"S",219,"Y","S219Y",0.455147129045139
"C",220,"A","C220A",-0.781860211172033
"C",220,"D","C220D",0.755786827913131
"C",220,"E","C220E",-0.144094650456359
"C",220,"F","C220F",0.705774860273888
"C",220,"G","C220G",-0.293013154062041
"C",220,"H","C220H",-0.102343944204362
"C",220,"I","C220I",-1.70235257168539
"C",220,"K","C220K",-1.05060540541191
"C",220,"L","C220L",-0.0442693320455636
"C",220,"M","C220M",-0.657949946185423
"C",220,"N","C220N",-0.15226175605725
"C",220,"P","C220P",0.670943357802078
"C",220,"Q","C220Q",0.0178561959203855
"C",220,"R","C220R",0.48361059587211
"C",220,"S","C220S",0.022539412686036
"C",220,"T","C220T",-0.24840464357772
"C",220,"V","C220V",0.909831112614102
"C",220,"W","C220W",-1.09323496946152
"C",220,"Y","C220Y",-0.593258884194383
"D",221,"A","D221A",-0.498414014134822
"D",221,"C","D221C",0.67173783294048
"D",221,"E","D221E",-0.181418097637533
"D",221,"F","D221F",-0.238484557731873
"D",221,"G","D221G",0.25517493456433
"D",221,"H","D221H",0.769467006669139
"D",221,"I","D221I",-0.507887635906123
"D",221,"K","D221K",-1.22661451606355
"D",221,"L","D221L",-0.524399335458163
"D",221,"M","D221M",0.429794244344786
"D",221,"N","D221N",-1.48198480051623
"D",221,"P","D221P",-0.448111935044944
"D",221,"Q","D221Q",1.79582527282833
"D",221,"R","D221R",0.230342045535467
"D",221,"S","D221S",0.184270951542789
"D",221,"T","D221T",-0.713856276224494
"D",221,"V","D221V",-0.53406206605958
"D",221,"W","D221W",-0.906024165428707
"D",221,"Y","D221Y",0.159189928914555
"K",222,"A","K222A",-0.0838287633155162
"K",222,"C","K222C",-0.615989334795661
"K",222,"D","K222D",0.988005141022603
"K",222,"E","K222E",0.833070825508018
"K",222,"F","K222F",0.915359004905132
"K",222,"G","K222G",-0.0255864550064122
"K",222,"H","K222H",-0.80516040504614
"K",222,"I","K222I",-0.245486043916615
"K",222,"L","K222L",2.6521950001023
"K",222,"M","K222M",-0.940280818264439
"K",222,"N","K222N",-0.0563173419402707
"K",222,"P","K222P",0.0731427256027852
"K",222,"Q","K222Q",0.501261459859014
"K",222,"R","K222R",0.542214091297473
"K",222,"S","K222S",-0.898604983982013
"K",222,"T","K222T",-0.39668542145186
"K",222,"V","K222V",-0.989748006684369
"K",222,"W","K222W",-0.142175322042224
"K",222,"Y","K222Y",-0.660645271270526
"T",223,"A","T223A",-0.320865174713155
"T",223,"C","T223C",0.105735070984073
"T",223,"D","T223D",0.157915597569105
"T",223,"E","T223E",-0.177898784937604
"T",223,"F","T223F",-0.662577125648815
"T",223,"G","T223G",-0.402848240392789
"T",223,"H","T223H",-0.378318392488992
"T",223,"I","T223I",-0.384805556469912
"T",223,"K","T223K",-0.350141824158011
"T",223,"L","T223L",0.401204806663358
"T",223,"M","T223M",-1.28398302638867
"T",223,"N","T223N",0.694983644685865
"T",223,"P","T223P",-0.556162726541834
"T",223,"Q","T223Q",1.20389287762089
"T",223,"R","T223R",0.22367898336266
"T",223,"S","T223S",1.34983124221515
"T",223,"V","T223V",0.354984014343559
"T",223,"W","T223W",0.0807500890486247
"T",223,"Y","T223Y",0.105379804955927
"H",224,"A","H224A",0.556004328484177
"H",224,"C","H224C",0.541342704054
"H",224,"D","H224D",1.28857811482085
"H",224,"E","H224E",0.590606663804383
"H",224,"F","H224F",0.284046749095562
"H",224,"G","H224G",-0.892464938850499
"H",224,"I","H224I",-0.0467162169602138
"H",224,"K","H224K",1.49926807227037
"H",224,"L","H224L",-0.568250451061982
"H",224,"M","H224M",0.461470376059514
"H",224,"N","H224N",0.472488971239986
"H",224,"P","H224P",-0.12598617592235
"H",224,"Q","H224Q",-0.242443489538772
"H",224,"R","H224R",-0.767415670415881
"H",224,"S","H224S",-0.915269460319221
"H",224,"T","H224T",-0.831423677714879
"H",224,"V","H224V",-0.106019702386236
"H",224,"W","H224W",0.633415873717807
"H",224,"Y","H224Y",0.480244037313656
"T",225,"A","T225A",0.151179573034799
"T",225,"C","T225C",-1.13125082543383
"T",225,"D","T225D",-0.17661561342591
"T",225,"E","T225E",0.316905723446266
"T",225,"F","T225F",1.39664688893686
"T",225,"G","T225G",-1.80329723258153
"T",225,"H","T225H",0.0996998454957437
"T",225,"I","T225I",-0.724670251847258
"T",225,"K","T225K",-1.01114819212225
"T",225,"L","T225L",0.603460945041758
"T",225,"M","T225M",2.06625591303369
"T",225,"N","T225N",0.211061858171563
"T",225,"P","T225P",-0.479358515959563
"T",225,"Q","T225Q",0.0361011401695556
"T",225,"S","T225S",0.0385235250163242
"T",225,"V","T225V",-0.243213085129385
"T",225,"W","T225W",-0.231359539810901
"T",225,"Y","T225Y",-0.301733008557096
"C",226,"A","C226A",0.53588663603751
"C",226,"D","C226D",-0.0561754194335648
"C",226,"E","C226E",0.139383154553164
"C",226,"F","C226F",0.0703325268464807
"C",226,"G","C226G",1.37128452061243
"C",226,"H","C226H",0.162238533671882
"C",226,"I","C226I",2.24718205290681
"C",226,"K","C226K",0.0537946207827305
"C",226,"L","C226L",0.297621194046945
"C",226,"M","C226M",0.613358078761672
"C",226,"N","C226N",0.372599105662257
"C",226,"P","C226P",0.304515714267703
"C",226,"Q","C226Q",0.995370135598503
"C",226,"R","C226R",-0.242711222228215
"C",226,"S","C226S",-0.101716666300848
"C",226,"T","C226T",0.890839941016582
"C",226,"V","C226V",-0.173276500678119
"C",226,"W","C226W",-0.186487085411302
"C",226,"Y","C226Y",-0.04264732512047
"P",227,"A","P227A",-0.687500884652058
"P",227,"C","P227C",0.570427468872041
"P",227,"D","P227D",-1.2702264716499
"P",227,"E","P227E",0.447551492090953
"P",227,"F","P227F",0.986726070547506
"P",227,"G","P227G",-0.755986292768155
"P",227,"H","P227H",-0.548658504144863
"P",227,"I","P227I",-1.11767661463839
"P",227,"K","P227K",0.0509801970909627
"P",227,"L","P227L",-1.70691820142936
"P",227,"M","P227M",-0.317604768392985
"P",227,"N","P227N",-0.292142224867192
"P",227,"Q","P227Q",0.684648024160947
"P",227,"R","P227R",-0.991566396728603
"P",227,"S","P227S",0.273588510718844
"P",227,"T","P227T",1.13461971396004
"P",227,"V","P227V",-0.758845253671705
"P",227,"W","P227W",0.732281010490975
"P",227,"Y","P227Y",0.659381280735339
"P",228,"A","P228A",1.80387527532373
"P",228,"C","P228C",-0.0961216041969864
"P",228,"D","P228D",0.982343550731827
"P",228,"E","P228E",0.391012859960229
"P",228,"F","P228F",-0.146623656285476
"P",228,"G","P228G",-0.0518440581811497
"P",228,"H","P228H",0.323892733660185
"P",228,"I","P228I",0.642343056375711
"P",228,"K","P228K",-1.98027801470967
"P",228,"L","P228L",1.11112378562148
"P",228,"M","P228M",0.126671395371376
"P",228,"N","P228N",-0.139617546028453
"P",228,"Q","P228Q",0.545639230385205
"P",228,"R","P228R",-0.484500789448286
"P",228,"S","P228S",0.493346536975408
"P",228,"T","P228T",-1.23952886634506
"P",228,"V","P228V",-0.0612649078324264
"P",228,"W","P228W",0.000695990444708432
"P",228,"Y","P228Y",0.610706819496721
"C",229,"A","C229A",-0.729761164838136
"C",229,"D","C229D",0.539929090481658
"C",229,"E","C229E",1.93238699991095
"C",229,"F","C229F",0.234642344042021
"C",229,"G","C229G",0.0839927392733686
"C",229,"H","C229H",0.255252899878973
"C",229,"I","C229I",-0.230254926613801
"C",229,"K","C229K",1.77077409735206
"C",229,"L","C229L",0.792504998527891
"C",229,"M","C229M",0.362660809454416
"C",229,"N","C229N",1.04410498057299
"C",229,"P","C229P",0.515870682823698
"C",229,"Q","C229Q",0.670540604189805
"C",229,"R","C229R",0.443352979728721
"C",229,"S","C229S",1.60020672218622
"C",229,"T","C229T",2.13830104566213
"C",229,"V","C229V",1.75687795062002
"C",229,"W","C229W",-0.477090047913801
"C",229,"Y","C229Y",-0.801090675862335
"P",230,"A","P230A",-0.300470228988829
"P",230,"C","P230C",0.0237461740037491
"P",230,"D","P230D",-0.0894407400618521
"P",230,"E","P230E",-0.279512620402075
"P",230,"F","P230F",0.859956101901165
"P",230,"G","P230G",0.0895316798588696
"P",230,"H","P230H",0.206051832557831
"P",230,"I","P230I",-0.931010568870873
"P",230,"K","P230K",0.725595060600206
"P",230,"L","P230L",0.42230292894645
"P",230,"M","P230M",-0.0357955093252652
"P",230,"N","P230N",0.125945053182096
"P",230,"Q","P230Q",0.0421838621028045
"P",230,"R","P230R",0.0131080348363678
"P",230,"S","P230S",-0.567948968337801
"P",230,"T","P230T",0.189800396903175
"P",230,"V","P230V",1.21000803928795
"P",230,"W","P230W",0.439547210795818
"P",230,"Y","P230Y",-0.667927921795299
"A",231,"C","A231C",-0.642271988064152
"A",231,"D","A231D",-0.302882195513908
"A",231,"E","A231E",0.7331808847599
"A",231,"F","A231F",0.491105452729473
"A",231,"G","A231G",-0.0846855331294645
"A",231,"H","A231H",1.37487978755731
"A",231,"I","A231I",-0.465610068016464
"A",231,"K","A231K",0.105925860221798
"A",231,"L","A231L",0.618459969798529
"A",231,"M","A231M",-0.0477900036109908
"A",231,"N","A231N",-0.277162523356726
"A",231,"P","A231P",-0.274866642003647
"A",231,"Q","A231Q",-0.217284103415253
"A",231,"R","A231R",-0.95108527252545
"A",231,"S","A231S",-2.23173225725432
"A",231,"T","A231T",0.0451819928775779
"A",231,"V","A231V",-1.44525956688137
"A",231,"W","A231W",0.871696413165615
"A",231,"Y","A231Y",-0.443188302404917
"P",232,"A","P232A",1.77469335479003
"P",232,"C","P232C",0.448763465418553
"P",232,"D","P232D",0.593241135013147
"P",232,"E","P232E",-0.12016904103713
"P",232,"F","P232F",1.06841757672137
"P",232,"G","P232G",0.348621446312681
"P",232,"H","P232H",0.65469879075933
"P",232,"I","P232I",0.514803903823568
"P",232,"K","P232K",-1.02986391738999
"P",232,"L","P232L",0.474589337280883
"P",232,"M","P232M",0.150857143569612
"P",232,"N","P232N",0.828391888501256
"P",232,"Q","P232Q",-0.89313133002014
"P",232,"R","P232R",-1.30311147775936
"P",232,"S","P232S",0.251138558573474
"P",232,"T","P232T",-0.325852555632909
"P",232,"V","P232V",-0.187769828736711
"P",232,"W","P232W",1.9000367714416
"P",232,"Y","P232Y",0.83401666228409
"E",233,"A","E233A",-1.5701377221838
"E",233,"C","E233C",-1.96533164796629
"E",233,"D","E233D",0.479200535367102
"E",233,"F","E233F",-0.633124757045081
"E",233,"G","E233G",-0.573824578187777
"E",233,"H","E233H",0.0792326066663903
"E",233,"I","E233I",-1.68392529312789
"E",233,"K","E233K",-0.714540312958673
"E",233,"L","E233L",-2.51368083528938
"E",233,"M","E233M",-2.15409797961888
"E",233,"N","E233N",-0.94096369092841
"E",233,"P","E233P",-1.93578490057516
"E",233,"Q","E233Q",-4.06387795285441
"E",233,"R","E233R",-0.463131298820071
"E",233,"S","E233S",-0.651794861228722
"E",233,"T","E233T",0.0127370052423939
"E",233,"V","E233V",-1.69126097377219
"E",233,"W","E233W",0.35039471416913
"E",233,"Y","E233Y",-1.28831615480471
"L",234,"A","L234A",-0.120623602253259
"L",234,"C","L234C",1.42155486673692
"L",234,"D","L234D",2.36286216903386
"L",234,"E","L234E",2.20799718969578
"L",234,"F","L234F",-0.0951590671397806
"L",234,"G","L234G",-0.689427762791374
"L",234,"H","L234H",-0.896404331051104
"L",234,"I","L234I",-0.0103587006545629
"L",234,"K","L234K",-2.35979933127498
"L",234,"M","L234M",0.241020564265888
"L",234,"N","L234N",1.16332532241261
"L",234,"P","L234P",-0.292363994989434
"L",234,"Q","L234Q",2.31333384200611
"L",234,"R","L234R",-2.52270064736996
"L",234,"S","L234S",1.87559925768303
"L",234,"T","L234T",-1.04416742784907
"L",234,"W","L234W",-0.333723285635049
"L",234,"Y","L234Y",0.56840815437403
"L",235,"A","L235A",2.86569075488731
"L",235,"C","L235C",-1.60942583463865
"L",235,"D","L235D",0.619559617717871
"L",235,"E","L235E",0.364324590526093
"L",235,"F","L235F",0.221883373786979
"L",235,"G","L235G",-0.675832836469961
"L",235,"H","L235H",-0.646597451237221
"L",235,"I","L235I",1.57331109864963
"L",235,"K","L235K",0.629134938096965
"L",235,"M","L235M",0.185352039717883
"L",235,"N","L235N",-1.4089471190718
"L",235,"P","L235P",0.161107075639715
"L",235,"Q","L235Q",-0.933018406312869
"L",235,"R","L235R",-1.50893973791588
"L",235,"S","L235S",-1.44548195810666
"L",235,"T","L235T",-2.93395818450244
"L",235,"V","L235V",-0.0353665347482403
"L",235,"W","L235W",-0.601876517048474
"L",235,"Y","L235Y",0.0550709611568291
"G",236,"A","G236A",-0.770572400210999
"G",236,"C","G236C",-0.651745717422659
"G",236,"D","G236D",2.06639289913891
"G",236,"E","G236E",-1.00094689675096
"G",236,"F","G236F",-4.15485339268931
"G",236,"H","G236H",-3.84814019068892
"G",236,"I","G236I",-3.55556300956645
"G",236,"K","G236K",-0.333448141533629
"G",236,"L","G236L",0.439009152977455
"G",236,"M","G236M",-3.41431278977459
"G",236,"N","G236N",0.233492871927743
"G",236,"P","G236P",-1.09555953948883
"G",236,"Q","G236Q",-1.87973782938966
"G",236,"R","G236R",-0.238089833359245
"G",236,"S","G236S",-0.810028672751523
"G",236,"T","G236T",-3.79655854934261
"G",236,"V","G236V",-1.00255567976373
"G",236,"W","G236W",-2.87029126035669
"G",236,"Y","G236Y",-3.31952508302306
"G",237,"A","G237A",2.99768970587212
"G",237,"C","G237C",0.31342053217063
"G",237,"D","G237D",6.09060786605936
"G",237,"E","G237E",4.0730810613395
"G",237,"F","G237F",3.23993550400827
"G",237,"H","G237H",0.370842710925656
"G",237,"I","G237I",-0.409428239292668
"G",237,"K","G237K",0.11077042417979
"G",237,"L","G237L",3.69336783857043
"G",237,"M","G237M",0.781634521890902
"G",237,"N","G237N",3.00312855525616
"G",237,"P","G237P",0.15548971959723
"G",237,"Q","G237Q",1.41283278350791
"G",237,"R","G237R",-0.946366013739281
"G",237,"S","G237S",1.59145703454593
"G",237,"T","G237T",1.66924947487309
"G",237,"V","G237V",0.322683314875747
"G",237,"W","G237W",5.52736602521899
"G",237,"Y","G237Y",4.34856648181681
"P",238,"A","P238A",1.67660221401435
"P",238,"C","P238C",0.65512908560886
"P",238,"D","P238D",7.17964304704681
"P",238,"E","P238E",4.58205546731091
"P",238,"F","P238F",5.35609764391494
"P",238,"G","P238G",0.388460059047831
"P",238,"H","P238H",2.78599336631551
"P",238,"I","P238I",0.872305054368948
"P",238,"K","P238K",-0.759193846291897
"P",238,"L","P238L",1.94684617714922
"P",238,"M","P238M",3.92805334997118
"P",238,"N","P238N",0.0171551264884088
"P",238,"Q","P238Q",0.310333216172113
"P",238,"R","P238R",0.148928149919689
"P",238,"S","P238S",0.169943235590905
"P",238,"T","P238T",-0.172544203663524
"P",238,"V","P238V",2.88655364975778
"P",238,"W","P238W",1.93754868801324
"P",238,"Y","P238Y",3.57758510599651
"S",239,"A","S239A",0.60867772967502
"S",239,"C","S239C",0.433872981697632
"S",239,"D","S239D",0.208936265155689
"S",239,"E","S239E",0.84185102479488
"S",239,"F","S239F",-0.138701640843776
"S",239,"G","S239G",1.31596859068237
"S",239,"H","S239H",-2.3246634391313
"S",239,"I","S239I",0.633173186112197
"S",239,"K","S239K",-0.767074223005357
"S",239,"L","S239L",1.32994212436941
"S",239,"M","S239M",-0.312416138721517
"S",239,"N","S239N",-0.278608614506586
"S",239,"P","S239P",3.77162766848044
"S",239,"Q","S239Q",0.569540684497499
"S",239,"R","S239R",-1.06475466815926
"S",239,"T","S239T",-0.99136096219623
"S",239,"V","S239V",1.20473921167549
"S",239,"W","S239W",-0.67314141791177
"S",239,"Y","S239Y",-0.580750214449506
"V",240,"A","V240A",-0.221713687879071
"V",240,"C","V240C",0.296388438641639
"V",240,"D","V240D",0.309965431681019
"V",240,"E","V240E",-0.806054027694539
"V",240,"F","V240F",1.44538223944304
"V",240,"G","V240G",-0.413931846378339
"V",240,"H","V240H",0.986797099719893
"V",240,"I","V240I",0.480552497185073
"V",240,"K","V240K",-0.132335322413975
"V",240,"L","V240L",-0.277822409303708
"V",240,"M","V240M",-0.285472820410009
"V",240,"N","V240N",-2.17055004265924
"V",240,"P","V240P",-0.636738093772822
"V",240,"Q","V240Q",-0.723768874880386
"V",240,"R","V240R",0.483159284817705
"V",240,"S","V240S",-0.55606436644785
"V",240,"T","V240T",-0.509686366447599
"V",240,"W","V240W",0.874714654544359
"V",240,"Y","V240Y",2.33502479529002
"F",241,"A","F241A",-0.274538248110244
"F",241,"C","F241C",-0.939249579650687
"F",241,"D","F241D",-0.58243128068319
"F",241,"E","F241E",-0.4062963189018
"F",241,"G","F241G",-0.920609529749369
"F",241,"H","F241H",-0.66292841839716
"F",241,"I","F241I",-0.300307743723187
"F",241,"K","F241K",-0.833029121348596
"F",241,"L","F241L",-0.382464427801397
"F",241,"M","F241M",-1.31730733253345
"F",241,"N","F241N",0.117130807764936
"F",241,"P","F241P",-0.0244348124972184
"F",241,"Q","F241Q",-0.976554300937548
"F",241,"R","F241R",0.733268807382686
"F",241,"S","F241S",-0.96720852711838
"F",241,"T","F241T",-1.74623001841389
"F",241,"V","F241V",-0.950142872893058
"F",241,"W","F241W",-0.0793561560287587
"F",241,"Y","F241Y",-1.29005942443544
"L",242,"F","L242F",0.164957570342554
"F",243,"A","F243A",0.244849628954281
"F",243,"C","F243C",-1.39188400170579
"F",243,"D","F243D",-0.292624004499464
"F",243,"E","F243E",-0.0321413175849904
"F",243,"H","F243H",-0.664085568111891
"F",243,"I","F243I",-0.297872865409521
"F",243,"K","F243K",-0.586324004069666
"F",243,"L","F243L",-0.765968456098739
"F",243,"M","F243M",0.455658330226585
"F",243,"N","F243N",0.0140671351195798
"F",243,"P","F243P",0.784265512930351
"F",243,"Q","F243Q",-0.298548827689723
"F",243,"R","F243R",-0.549864570898785
"F",243,"S","F243S",-0.331719915570307
"F",243,"T","F243T",-0.375200419650834
"F",243,"V","F243V",-0.5419592722323
"F",243,"W","F243W",0.400821588574301
"F",243,"Y","F243Y",-0.168981804073037
"P",244,"A","P244A",0.542692332596273
"P",244,"C","P244C",-0.460214052709935
"P",244,"D","P244D",-0.353763223033807
"P",244,"E","P244E",0.434346605471392
"P",244,"F","P244F",-1.3630248436358
"P",244,"G","P244G",1.24228820836655
"P",244,"H","P244H",0.336547713648628
"P",244,"I","P244I",0.58534588215964
"P",244,"K","P244K",0.698640416084093
"P",244,"L","P244L",0.1152284911723
"P",244,"M","P244M",0.524009072658659
"P",244,"N","P244N",-0.13338268120328
"P",244,"Q","P244Q",0.681498949280629
"P",244,"R","P244R",-0.275562904622781
"P",244,"S","P244S",0.546922313427899
"P",244,"T","P244T",0.606196002520813
"P",244,"V","P244V",-0.218190378200882
"P",244,"W","P244W",0.330712221554407
"P",244,"Y","P244Y",1.32166347521387
"P",245,"A","P245A",1.1346489538841
"P",245,"C","P245C",0.210636276567671
"P",245,"D","P245D",0.0357920843851908
"P",245,"E","P245E",-2.90481250310171
"P",245,"F","P245F",0.712136033889547
"P",245,"G","P245G",0.283013218411827
"P",245,"H","P245H",1.31644799312282
"P",245,"I","P245I",1.3985298097905
"P",245,"K","P245K",1.58381372833908
"P",245,"L","P245L",0.539984787522833
"P",245,"M","P245M",1.20443560633213
"P",245,"N","P245N",-0.909785628164842
"P",245,"Q","P245Q",1.8421197017051
"P",245,"R","P245R",1.22084156519356
"P",245,"S","P245S",0.632314535076035
"P",245,"T","P245T",1.11835130162475
"P",245,"V","P245V",-0.0808826680969972
"P",245,"W","P245W",0.510013043234683
"P",245,"Y","P245Y",0.0283954327775733
"K",246,"A","K246A",0.264142897802219
"K",246,"C","K246C",0.0756303172518984
"K",246,"D","K246D",-0.262717309605976
"K",246,"E","K246E",0.524480529451321
"K",246,"F","K246F",-0.000158028503542252
"K",246,"G","K246G",-0.476887430847672
"K",246,"H","K246H",-0.608000987205883
"K",246,"I","K246I",-0.863136315303925
"K",246,"L","K246L",-0.249571130302546
"K",246,"M","K246M",0.104876342621492
"K",246,"N","K246N",1.14352913866238
"K",246,"P","K246P",-0.719842964758964
"K",246,"Q","K246Q",-0.657352230635318
"K",246,"R","K246R",-0.0937868984178412
"K",246,"S","K246S",-0.641450099664094
"K",246,"T","K246T",-0.466556735809996
"K",246,"V","K246V",0.205387499592659
"K",246,"W","K246W",-1.33140774482778
"K",246,"Y","K246Y",0.861688505171259
"P",247,"A","P247A",0.438726415296495
"P",247,"C","P247C",1.61206262650379
"P",247,"D","P247D",0.839445574618266
"P",247,"E","P247E",0.0633221683715923
"P",247,"F","P247F",1.03055763089412
"P",247,"G","P247G",-0.682396184078653
"P",247,"H","P247H",-0.237726768788125
"P",247,"I","P247I",-0.389285996123427
"P",247,"K","P247K",0.278917815980625
"P",247,"L","P247L",1.91711010235885
"P",247,"M","P247M",-0.0632089148039685
"P",247,"N","P247N",-0.0465899983361845
"P",247,"Q","P247Q",-2.44074997612768
"P",247,"R","P247R",-0.208148495827464
"P",247,"S","P247S",0.77564765941613
"P",247,"T","P247T",-1.2008318645279
"P",247,"V","P247V",-0.353036361811083
"P",247,"W","P247W",0.471269592089543
"P",247,"Y","P247Y",-0.641931279122421
"K",248,"A","K248A",-0.331468855026191
"K",248,"C","K248C",0.489821431791515
"K",248,"D","K248D",-0.0789679253671592
"K",248,"E","K248E",-0.720839299938379
"K",248,"F","K248F",0.184489907260532
"K",248,"G","K248G",-0.279624490721294
"K",248,"H","K248H",0.180625653876658
"K",248,"I","K248I",-0.457836514886823
"K",248,"L","K248L",-0.0940187054511656
"K",248,"M","K248M",1.10553649408979
"K",248,"N","K248N",0.401343126334129
"K",248,"P","K248P",0.466079363507118
"K",248,"Q","K248Q",0.991045189362675
"K",248,"R","K248R",0.363439595963892
"K",248,"S","K248S",0.274269701431899
"K",248,"T","K248T",-1.03779584481837
"K",248,"V","K248V",0.446506330658026
"K",248,"W","K248W",0.654185270894932
"K",248,"Y","K248Y",-0.0103836730442257
"D",249,"A","D249A",0.34706328028911
"D",249,"C","D249C",-0.103108997307789
"D",249,"E","D249E",1.26060365512059
"D",249,"F","D249F",-1.31780242448419
"D",249,"G","D249G",0.42715945288591
"D",249,"H","D249H",-0.44623098084936
"D",249,"I","D249I",-0.536835279899595
"D",249,"K","D249K",0.153176866176013
"D",249,"L","D249L",0.0216009320850991
"D",249,"M","D249M",1.2384193370191
"D",249,"N","D249N",0.444921398595971
"D",249,"P","D249P",-0.236151486751849
"D",249,"Q","D249Q",-0.228415946233928
"D",249,"R","D249R",-0.0864592046619666
"D",249,"S","D249S",1.2127879900587
"D",249,"T","D249T",0.126948775439427
"D",249,"V","D249V",0.444283505290948
"D",249,"W","D249W",0.0350632094924458
"D",249,"Y","D249Y",-0.17433092599028
"T",250,"A","T250A",-0.00273214039625493
"T",250,"C","T250C",-0.94367886943278
"T",250,"D","T250D",0.00397703451023688
"T",250,"E","T250E",-0.233186699752944
"T",250,"F","T250F",-0.586432691163539
"T",250,"G","T250G",-0.550380491168997
"T",250,"H","T250H",-0.964988790148866
"T",250,"I","T250I",-0.104011486565844
"T",250,"K","T250K",-0.325539459185522
"T",250,"L","T250L",1.19493515287451
"T",250,"M","T250M",-0.0643446778234882
"T",250,"N","T250N",0.0459725125866646
"T",250,"P","T250P",-0.234068489075524
"T",250,"Q","T250Q",-0.172620256898723
"T",250,"R","T250R",0.184944311277581
"T",250,"S","T250S",0.564895316167566
"T",250,"V","T250V",0.861953432797516
"T",250,"W","T250W",-0.929524771689066
"T",250,"Y","T250Y",0.372422175989755
"L",251,"A","L251A",-0.112358084749437
"L",251,"C","L251C",-0.802105558109021
"L",251,"D","L251D",0.205256905323663
"L",251,"E","L251E",0.57584313669832
"L",251,"F","L251F",0.677248464362534
"L",251,"G","L251G",-0.152358754603431
"L",251,"H","L251H",-1.17960985587846
"L",251,"I","L251I",1.10589049499692
"L",251,"K","L251K",-1.16060659627508
"L",251,"M","L251M",-0.025392532149187
"L",251,"N","L251N",-0.08645300019656
"L",251,"P","L251P",-0.751209635342436
"L",251,"Q","L251Q",-0.184643006567707
"L",251,"R","L251R",-1.82085036733046
"L",251,"S","L251S",1.74261010556787
"L",251,"T","L251T",-0.975353661625011
"L",251,"V","L251V",-0.0889804826778877
"L",251,"W","L251W",1.14889941650557
"L",251,"Y","L251Y",-1.6428382688637
"M",252,"A","M252A",-1.11789845120363
"M",252,"C","M252C",-0.606790115128524
"M",252,"D","M252D",-0.539102596379704
"M",252,"E","M252E",0.930603550379027
"M",252,"F","M252F",0.544574947458627
"M",252,"G","M252G",-0.424451894957695
"M",252,"H","M252H",0.0220056550021931
"M",252,"I","M252I",-1.45887017086387
"M",252,"K","M252K",0.520204046024225
"M",252,"L","M252L",0.206887609194654
"M",252,"N","M252N",-0.991186489970233
"M",252,"P","M252P",-0.549681258357105
"M",252,"Q","M252Q",-0.327349155113835
"M",252,"R","M252R",0.333074589013727
"M",252,"S","M252S",0.447379565949829
"M",252,"T","M252T",-1.1216521668352
"M",252,"V","M252V",-0.0430386621187603
"M",252,"W","M252W",-0.233923659498929
"M",252,"Y","M252Y",-0.606757646387361
"I",253,"A","I253A",-0.599489206818193
"I",253,"C","I253C",-0.304566638450495
"I",253,"D","I253D",0.872491159567916
"I",253,"E","I253E",-0.437917637484013
"I",253,"F","I253F",-0.466610561917416
"I",253,"G","I253G",-0.113901579570891
"I",253,"H","I253H",-1.17058655848648
"I",253,"K","I253K",0.255952919862492
"I",253,"L","I253L",0.494318619169933
"I",253,"M","I253M",-0.171204706268278
"I",253,"N","I253N",-1.03070046158326
"I",253,"P","I253P",-0.0407793509478527
"I",253,"Q","I253Q",-0.140793983336593
"I",253,"R","I253R",-1.3223678860831
"I",253,"S","I253S",-0.270303040174869
"I",253,"T","I253T",1.09535894639663
"I",253,"V","I253V",-0.45632814268745
"I",253,"W","I253W",0.827604426928762
"I",253,"Y","I253Y",-0.0965406463447887
"S",254,"A","S254A",-0.642875465192327
"S",254,"C","S254C",-0.334464000202229
"S",254,"D","S254D",-1.30148912525358
"S",254,"E","S254E",0.103764767608429
"S",254,"F","S254F",-0.0308573851084534
"S",254,"G","S254G",-0.563681519496905
"S",254,"H","S254H",-0.705025297426841
"S",254,"I","S254I",0.0622972367750265
"S",254,"K","S254K",-1.6818592033457
"S",254,"L","S254L",-0.419410607112567
"S",254,"M","S254M",-0.181144094597868
"S",254,"N","S254N",0.232173764129232
"S",254,"P","S254P",0.155080193290601
"S",254,"Q","S254Q",0.690546292288383
"S",254,"R","S254R",0.28584096449654
"S",254,"T","S254T",-0.963265077080844
"S",254,"V","S254V",1.44803077040209
"S",254,"W","S254W",0.77636613410226
"S",254,"Y","S254Y",0.154784618224029
"R",255,"A","R255A",0.0257653283162279
"R",255,"C","R255C",-0.907282945469426
"R",255,"D","R255D",-0.704899766660814
"R",255,"E","R255E",-0.77798365849947
"R",255,"F","R255F",-0.647139480483687
"R",255,"G","R255G",1.64656531858033
"R",255,"H","R255H",-0.0815662541417243
"R",255,"I","R255I",0.203079859571617
"R",255,"K","R255K",-0.185470009219952
"R",255,"L","R255L",0.459486348583658
"R",255,"M","R255M",0.479655258499508
"R",255,"N","R255N",0.914974974288225
"R",255,"P","R255P",0.101922544557848
"R",255,"Q","R255Q",-0.0713190651583459
"R",255,"S","R255S",0.398222144103459
"R",255,"T","R255T",0.385156844181342
"R",255,"V","R255V",-0.437698164448087
"R",255,"W","R255W",-1.28244565412639
"R",255,"Y","R255Y",1.15789463161695
"T",256,"A","T256A",0.00920293026211341
"T",256,"C","T256C",0.339109056687838
"T",256,"D","T256D",0.0562608258220405
"T",256,"E","T256E",-0.278564617380117
"T",256,"F","T256F",-0.0638331537427573
"T",256,"G","T256G",-1.6918972358491
"T",256,"H","T256H",0.338229307212988
"T",256,"I","T256I",0.470438048252816
"T",256,"K","T256K",0.080914096019241
"T",256,"L","T256L",-1.13015477943485
"T",256,"M","T256M",0.490145003254215
"T",256,"N","T256N",-0.61888430703636
"T",256,"P","T256P",-0.126361146171342
"T",256,"Q","T256Q",3.65658080506769
"T",256,"R","T256R",1.47605166756131
"T",256,"S","T256S",0.26230872011583
"T",256,"V","T256V",0.907897006684389
"T",256,"W","T256W",-0.308003179399672
"T",256,"Y","T256Y",-1.07707912534406
"P",257,"A","P257A",0.0465021226790904
"P",257,"C","P257C",-0.018883324619041
"P",257,"D","P257D",0.269212480532015
"P",257,"E","P257E",-0.410597936305044
"P",257,"F","P257F",-0.964114483381911
"P",257,"G","P257G",1.79366680589682
"P",257,"H","P257H",-0.493749119368035
"P",257,"I","P257I",0.0932052483181729
"P",257,"K","P257K",0.738390490564808
"P",257,"L","P257L",-0.138624555470306
"P",257,"M","P257M",-0.83133532825296
"P",257,"N","P257N",-1.6549121331848
"P",257,"Q","P257Q",0.661327547007688
"P",257,"R","P257R",-0.84225439687037
"P",257,"S","P257S",-0.374619024859362
"P",257,"T","P257T",-0.335396979130736
"P",257,"V","P257V",-0.878444117086618
"P",257,"W","P257W",-1.24384539952972
"P",257,"Y","P257Y",-0.258271856378868
"E",258,"A","E258A",0.981037836836276
"E",258,"C","E258C",-0.112611573095297
"E",258,"D","E258D",0.0120824499152274
"E",258,"F","E258F",0.458826700047402
"E",258,"G","E258G",-0.143063409637104
"E",258,"H","E258H",0.525834810594966
"E",258,"I","E258I",-0.22478302576458
"E",258,"K","E258K",0.739875529587379
"E",258,"L","E258L",-0.395065753248138
"E",258,"M","E258M",-0.20125591346574
"E",258,"N","E258N",-1.07653021111043
"E",258,"P","E258P",0.274771400180251
"E",258,"Q","E258Q",-0.716391940519754
"E",258,"R","E258R",0.0928944748769225
"E",258,"S","E258S",-0.00585528320602151
"E",258,"T","E258T",0.893096072684861
"E",258,"V","E258V",1.30717656012233
"E",258,"W","E258W",0.387301704750787
"E",258,"Y","E258Y",-0.856914374049499
"V",259,"A","V259A",0.0366646204411474
"V",259,"C","V259C",-0.29111513450178
"V",259,"D","V259D",0.295660487678244
"V",259,"E","V259E",-0.826963936803893
"V",259,"F","V259F",-0.193000921138656
"V",259,"G","V259G",-0.212106208170031
"V",259,"H","V259H",1.53960819711767
"V",259,"I","V259I",0.0924123854464869
"V",259,"K","V259K",-0.41575049653003
"V",259,"L","V259L",0.941368944876399
"V",259,"M","V259M",-0.775927060730834
"V",259,"N","V259N",-0.380734666456341
"V",259,"P","V259P",-0.992697807792419
"V",259,"Q","V259Q",0.350880488467719
"V",259,"R","V259R",-0.00805136381962558
"V",259,"S","V259S",-0.172360906932714
"V",259,"T","V259T",0.368081389382119
"V",259,"W","V259W",0.779493477809884
"V",259,"Y","V259Y",0.102001267154549
"T",260,"A","T260A",-0.0367453829130086
"T",260,"C","T260C",-0.2772673743857
"T",260,"D","T260D",-0.0366968481058242
"T",260,"E","T260E",-0.561137379566507
"T",260,"F","T260F",-0.0519663335422384
"T",260,"G","T260G",0.292809148438769
"T",260,"H","T260H",-1.01088967868433
"T",260,"I","T260I",-0.379247037867842
"T",260,"K","T260K",-0.504657077799778
"T",260,"L","T260L",1.24711652558861
"T",260,"M","T260M",-0.224864791453444
"T",260,"N","T260N",-0.457287223174067
"T",260,"P","T260P",0.240201536857842
"T",260,"Q","T260Q",0.41299705275487
"T",260,"R","T260R",0.799271193851772
"T",260,"S","T260S",-1.16855564856114
"T",260,"V","T260V",-0.0634226545948927
"T",260,"W","T260W",0.32328748909022
"T",260,"Y","T260Y",-0.920659222732189
"C",261,"A","C261A",-0.306090977977612
"C",261,"D","C261D",2.55539989893132
"C",261,"E","C261E",0.766150726911908
"C",261,"F","C261F",0.336355570825534
"C",261,"G","C261G",-0.692795282602076
"C",261,"H","C261H",-0.0110373934279098
"C",261,"I","C261I",-0.0539840319703178
"C",261,"K","C261K",0.564305059561736
"C",261,"L","C261L",-0.902190210781923
"C",261,"M","C261M",0.356450627642693
"C",261,"N","C261N",0.857061469984804
"C",261,"P","C261P",0.497574733595472
"C",261,"Q","C261Q",1.42439873271689
"C",261,"R","C261R",0.723768458000889
"C",261,"S","C261S",-0.251160207416996
"C",261,"T","C261T",-0.44870190747866
"C",261,"V","C261V",-0.328115746833013
"C",261,"W","C261W",0.319137646354811
"C",261,"Y","C261Y",0.628563306123634
"V",262,"A","V262A",1.27580828078395
"V",262,"C","V262C",-0.0489190906205464
"V",262,"D","V262D",-0.575492293035763
"V",262,"E","V262E",-0.314538518408051
"V",262,"F","V262F",0.0346951959153546
"V",262,"G","V262G",0.743689542307939
"V",262,"H","V262H",-0.727122891090836
"V",262,"I","V262I",-0.549998883918393
"V",262,"K","V262K",-0.934889768505324
"V",262,"L","V262L",-4.35661486161436
"V",262,"M","V262M",-1.69307067359409
"V",262,"N","V262N",-0.433319905226937
"V",262,"P","V262P",-0.309928656020125
"V",262,"Q","V262Q",-0.753522952425667
"V",262,"R","V262R",-0.890717344902283
"V",262,"S","V262S",0.061783479396078
"V",262,"T","V262T",1.1014529030013
"V",262,"W","V262W",0.727219812900737
"V",262,"Y","V262Y",2.29513173370576
"V",263,"A","V263A",-1.29618308805494
"V",263,"C","V263C",-0.534513178660863
"V",263,"D","V263D",1.61616423895896
"V",263,"E","V263E",1.74390367782426
"V",263,"F","V263F",-0.65668582829658
"V",263,"G","V263G",0.0907611768256715
"V",263,"H","V263H",-1.0484930713334
"V",263,"I","V263I",-0.290515102466009
"V",263,"K","V263K",-0.64389616182186
"V",263,"L","V263L",1.99409085554162
"V",263,"M","V263M",0.912736899814204
"V",263,"N","V263N",2.4087928638616
"V",263,"P","V263P",-0.0703276985651795
"V",263,"Q","V263Q",-0.358891285500807
"V",263,"R","V263R",-0.523524024464746
"V",263,"S","V263S",-0.637734540924443
"V",263,"T","V263T",0.146389870163001
"V",263,"W","V263W",0.427605303107948
"V",263,"Y","V263Y",1.23030138084536
"V",264,"A","V264A",0.0167799313566363
"V",264,"C","V264C",0.824485187444813
"V",264,"D","V264D",1.09118990538174
"V",264,"E","V264E",-1.78623675736086
"V",264,"F","V264F",0.0324924802604434
"V",264,"G","V264G",1.4195914265323
"V",264,"H","V264H",1.42707541059169
"V",264,"I","V264I",0.609822637058647
"V",264,"K","V264K",-0.422820298372411
"V",264,"L","V264L",1.00326303866502
"V",264,"M","V264M",1.22504220582456
"V",264,"N","V264N",0.656013277329288
"V",264,"P","V264P",1.91545580438409
"V",264,"Q","V264Q",-0.404526847385828
"V",264,"R","V264R",1.17753419576803
"V",264,"S","V264S",0.0627944939802541
"V",264,"T","V264T",-0.0612047500638273
"V",264,"W","V264W",-0.0367153846081249
"V",264,"Y","V264Y",0.537036146410036
"D",265,"A","D265A",2.56727662923828
"D",265,"C","D265C",-0.606864635069202
"D",265,"E","D265E",-0.803544837117912
"D",265,"F","D265F",-1.03802518185561
"D",265,"G","D265G",0.625411236133565
"D",265,"H","D265H",0.532422244805494
"D",265,"I","D265I",-0.420312551979971
"D",265,"K","D265K",-0.469338725922992
"D",265,"L","D265L",-2.28541260300114
"D",265,"M","D265M",-1.35948538203046
"D",265,"N","D265N",0.0715181944104834
"D",265,"P","D265P",-0.649073032849407
"D",265,"Q","D265Q",-0.6216692189157
"D",265,"R","D265R",-0.722248822185955
"D",265,"S","D265S",0.632572851489518
"D",265,"T","D265T",-1.50359848889942
"D",265,"V","D265V",-1.76724572140352
"D",265,"W","D265W",0.0824718917514522
"D",265,"Y","D265Y",1.02918346897601
"V",266,"A","V266A",-0.439687620703668
"V",266,"C","V266C",0.218937894107574
"V",266,"D","V266D",0.122206672948184
"V",266,"E","V266E",-0.128587371876931
"V",266,"F","V266F",4.54675329023586
"V",266,"G","V266G",2.46375660669167
"V",266,"H","V266H",1.04028610778936
"V",266,"I","V266I",1.28742736703031
"V",266,"K","V266K",-0.938516213602064
"V",266,"L","V266L",0.80288034285645
"V",266,"M","V266M",4.12241581439071
"V",266,"N","V266N",0.437436252936651
"V",266,"P","V266P",-0.167049291204212
"V",266,"Q","V266Q",1.46335446644981
"V",266,"R","V266R",-0.215908582076402
"V",266,"S","V266S",1.75465885745228
"V",266,"T","V266T",0.148928149919689
"V",266,"W","V266W",0.812370243538371
"V",266,"Y","V266Y",0.279574020288521
"S",267,"A","S267A",0.539386360014391
"S",267,"C","S267C",4.61633803850221
"S",267,"D","S267D",2.17637764317782
"S",267,"E","S267E",2.30329628619079
"S",267,"F","S267F",2.2788416872685
"S",267,"G","S267G",0.671023307606721
"S",267,"H","S267H",2.40597737817715
"S",267,"I","S267I",4.9103306329892
"S",267,"K","S267K",-0.161847718609293
"S",267,"L","S267L",5.77568975715473
"S",267,"M","S267M",4.01308496907235
"S",267,"N","S267N",0.180597225313712
"S",267,"P","S267P",-0.795886071964575
"S",267,"Q","S267Q",7.29490328306534
"S",267,"R","S267R",0.328644143795934
"S",267,"T","S267T",1.29744986922051
"S",267,"V","S267V",5.2338300657466
"S",267,"W","S267W",2.7452574440712
"S",267,"Y","S267Y",0.805439750206518
"H",268,"A","H268A",0.354901390355817
"H",268,"C","H268C",-0.798212522421556
"H",268,"D","H268D",0.802821693366629
"H",268,"E","H268E",0.3971346871017
"H",268,"F","H268F",-0.924538706638381
"H",268,"G","H268G",0.919947379385904
"H",268,"I","H268I",-0.0353423398460971
"H",268,"K","H268K",-0.788757616341527
"H",268,"L","H268L",-1.25210874010469
"H",268,"M","H268M",-1.27070224788326
"H",268,"N","H268N",0.378353929292499
"H",268,"P","H268P",1.06210579881249
"H",268,"Q","H268Q",-0.706993926700752
"H",268,"R","H268R",0.211888264198316
"H",268,"S","H268S",-1.41215486253807
"H",268,"T","H268T",0.00984263965910513
"H",268,"V","H268V",0.137988443859584
"H",268,"W","H268W",-0.10061705030759
"H",268,"Y","H268Y",-0.743587242404631
"E",269,"A","E269A",-1.06488236392516
"E",269,"C","E269C",-1.50299776001248
"E",269,"D","E269D",-0.17497436387554
"E",269,"F","E269F",-1.09963630944233
"E",269,"G","E269G",-0.62171375155857
"E",269,"H","E269H",0.223685096686246
"E",269,"I","E269I",-0.92217891370339
"E",269,"K","E269K",0.195872979241417
"E",269,"L","E269L",-3.17148929775472
"E",269,"M","E269M",-2.41174588627868
"E",269,"N","E269N",-1.31286069987828
"E",269,"P","E269P",0.835398998788796
"E",269,"Q","E269Q",-0.527345766912143
"E",269,"R","E269R",-0.0735793207160616
"E",269,"S","E269S",-2.54847430067226
"E",269,"T","E269T",-1.71081333591885
"E",269,"V","E269V",-1.94138126467053
"E",269,"W","E269W",0.357011187388768
"E",269,"Y","E269Y",-1.83866128654297
"D",270,"A","D270A",-1.42131110276461
"D",270,"C","D270C",-4.57907085032233
"D",270,"E","D270E",-1.86530581458773
"D",270,"F","D270F",-2.69761135236023
"D",270,"G","D270G",-1.55622095526877
"D",270,"H","D270H",-1.90868431264214
"D",270,"I","D270I",-1.86149328267254
"D",270,"K","D270K",-0.489548615776087
"D",270,"L","D270L",-3.64286199898201
"D",270,"M","D270M",-2.9445366549226
"D",270,"N","D270N",-1.43313687130094
"D",270,"P","D270P",-0.894391902577442
"D",270,"Q","D270Q",-3.87966350142856
"D",270,"R","D270R",1.45126648117081
"D",270,"S","D270S",-2.88176942749288
"D",270,"T","D270T",-2.58656042030459
"D",270,"V","D270V",-1.7563841708997
"D",270,"W","D270W",-1.34771898046553
"D",270,"Y","D270Y",-0.900200168118464
"P",271,"A","P271A",0.999475393392044
"P",271,"C","P271C",0.669907383034038
"P",271,"D","P271D",-0.0431342596576519
"P",271,"E","P271E",-0.962355458603029
"P",271,"F","P271F",0.339842810919301
"P",271,"G","P271G",-0.00483528831940629
"P",271,"H","P271H",-0.684408523775081
"P",271,"I","P271I",0.576464950287508
"P",271,"K","P271K",-0.287619600003055
"P",271,"L","P271L",0.815170587450371
"P",271,"M","P271M",0.958425001298084
"P",271,"N","P271N",-0.570382665529892
"P",271,"Q","P271Q",1.72797277091219
"P",271,"R","P271R",0.511140616482438
"P",271,"S","P271S",1.70400442441424
"P",271,"T","P271T",1.32034019588589
"P",271,"V","P271V",1.25935707181223
"P",271,"W","P271W",-1.21933113175529
"P",271,"Y","P271Y",-0.227307146990356
"E",272,"A","E272A",1.01705745529425
"E",272,"C","E272C",-0.0889337386061894
"E",272,"D","E272D",-0.68821425531867
"E",272,"F","E272F",-1.0508146939723
"E",272,"G","E272G",-0.467765642997897
"E",272,"I","E272I",-0.922864146058341
"E",272,"K","E272K",0.434073691751482
"E",272,"L","E272L",0.504072754051444
"E",272,"M","E272M",0.429988287352611
"E",272,"N","E272N",-3.16194406097487
"E",272,"P","E272P",1.9449363741501
"E",272,"Q","E272Q",0.414485345598207
"E",272,"R","E272R",-0.1655870235307
"E",272,"S","E272S",-0.283988811319049
"E",272,"T","E272T",0.869269762333468
"E",272,"V","E272V",0.262891318183516
"E",272,"W","E272W",0.0722218855421707
"E",272,"Y","E272Y",-0.155432100602734
"V",273,"A","V273A",1.75120467614555
"V",273,"C","V273C",0.49554830026223
"V",273,"D","V273D",4.73926167626178
"V",273,"E","V273E",1.08297292852187
"V",273,"F","V273F",1.37127275060604
"V",273,"G","V273G",1.56387290062639
"V",273,"H","V273H",1.60953303781643
"V",273,"I","V273I",0.727915059019192
"V",273,"K","V273K",1.68973041874799
"V",273,"L","V273L",1.76671749020413
"V",273,"M","V273M",3.68570465906156
"V",273,"N","V273N",1.30124220138992
"V",273,"P","V273P",0.95180850315493
"V",273,"Q","V273Q",1.26192501460634
"V",273,"R","V273R",1.17726359175543
"V",273,"S","V273S",0.496719065823204
"V",273,"T","V273T",1.68312595789445
"V",273,"W","V273W",5.00621327728496
"V",273,"Y","V273Y",2.69351515483963
"K",274,"A","K274A",0.267352911456306
"K",274,"C","K274C",0.63555775887775
"K",274,"D","K274D",-0.898562250259224
"K",274,"E","K274E",0.945288148475381
"K",274,"F","K274F",-0.297097599879455
"K",274,"G","K274G",-1.33379368134899
"K",274,"H","K274H",0.00421400764030093
"K",274,"I","K274I",0.0548756117011436
"K",274,"L","K274L",0.0422704247101384
"K",274,"M","K274M",0.0708722896854258
"K",274,"N","K274N",0.532952503410593
"K",274,"P","K274P",-0.837382485843445
"K",274,"Q","K274Q",0.159679398467936
"K",274,"R","K274R",0.237319555711482
"K",274,"S","K274S",-0.369333822317532
"K",274,"T","K274T",-0.480239718351439
"K",274,"V","K274V",0.105688673698784
"K",274,"W","K274W",-1.14155130824557
"K",274,"Y","K274Y",-0.850878731006213
"F",275,"A","F275A",0.218884388448487
"F",275,"C","F275C",2.07725416097042
"F",275,"D","F275D",0.707024921317743
"F",275,"E","F275E",-1.44471008378787
"F",275,"G","F275G",1.07626713645227
"F",275,"H","F275H",0.174728020691802
"F",275,"I","F275I",0.46619945445542
"F",275,"K","F275K",1.2019450665103
"F",275,"L","F275L",-0.479527488352842
"F",275,"M","F275M",0.472929423979704
"F",275,"N","F275N",-0.361096165611203
"F",275,"P","F275P",1.83449512029772
"F",275,"Q","F275Q",-0.331069996192548
"F",275,"R","F275R",-0.0249113083922249
"F",275,"S","F275S",0.191613124697608
"F",275,"T","F275T",-0.978599922029012
"F",275,"V","F275V",-0.205531008808353
"F",275,"W","F275W",0.364845631055237
"F",275,"Y","F275Y",0.0400901100089338
"N",276,"A","N276A",0.30680373524256
"N",276,"C","N276C",0.46616008072729
"N",276,"D","N276D",0.500210289619557
"N",276,"E","N276E",-0.316098216406538
"N",276,"F","N276F",0.0479897033247235
"N",276,"G","N276G",0.381678881810106
"N",276,"H","N276H",0.249495473409906
"N",276,"I","N276I",0.859882780588946
"N",276,"K","N276K",1.1183043413194
"N",276,"L","N276L",-0.428586261005344
"N",276,"M","N276M",0.445674455952111
"N",276,"P","N276P",0.226074568125472
"N",276,"Q","N276Q",1.34768780212127
"N",276,"R","N276R",0.715342644630046
"N",276,"S","N276S",0.999350548526349
"N",276,"T","N276T",0.963699541295847
"N",276,"V","N276V",-0.11934351429056
"N",276,"W","N276W",-1.40351330703818
"N",276,"Y","N276Y",0.662880907106722
"W",277,"A","W277A",0.208703612111919
"W",277,"C","W277C",0.12663649328556
"W",277,"D","W277D",1.50164648568615
"W",277,"E","W277E",-1.7136164209407
"W",277,"F","W277F",-0.241364425531792
"W",277,"G","W277G",0.602060933780557
"W",277,"H","W277H",0.470815336252179
"W",277,"I","W277I",-1.44342098898485
"W",277,"K","W277K",0.794780458320712
"W",277,"L","W277L",0.0663545335705565
"W",277,"M","W277M",-0.224985713367684
"W",277,"N","W277N",0.6123914415409
"W",277,"P","W277P",-0.735739184555988
"W",277,"Q","W277Q",0.254754164717721
"W",277,"R","W277R",-1.045541142037
"W",277,"S","W277S",1.10292760506283
"W",277,"T","W277T",0.708660473867275
"W",277,"V","W277V",0.835959771503981
"W",277,"Y","W277Y",0.21344465799421
"Y",278,"A","Y278A",-0.253680500575853
"Y",278,"C","Y278C",0.293852376866312
"Y",278,"D","Y278D",-0.866317272100717
"Y",278,"E","Y278E",-1.31241308372925
"Y",278,"F","Y278F",0.560570842658153
"Y",278,"G","Y278G",1.61466021374828
"Y",278,"H","Y278H",0.0813801053607741
"Y",278,"I","Y278I",-1.08043850820618
"Y",278,"K","Y278K",-0.681249482464283
"Y",278,"L","Y278L",-0.235193280894624
"Y",278,"M","Y278M",-0.179810081217624
"Y",278,"N","Y278N",0.501062550803608
"Y",278,"P","Y278P",0.0317188287811095
"Y",278,"Q","Y278Q",0.840819483597806
"Y",278,"R","Y278R",-0.477628210513054
"Y",278,"S","Y278S",-0.763234560033072
"Y",278,"T","Y278T",0.354254778877762
"Y",278,"V","Y278V",-0.19391252505481
"Y",278,"W","Y278W",-0.70551163488117
"V",279,"A","V279A",-0.860927110465022
"V",279,"C","V279C",0.129800702029392
"V",279,"D","V279D",-0.950573364808808
"V",279,"E","V279E",-0.696182404947114
"V",279,"F","V279F",0.828986424320175
"V",279,"G","V279G",-0.752037184231509
"V",279,"H","V279H",3.46333338882749
"V",279,"I","V279I",0.410788276276302
"V",279,"K","V279K",-0.499409342251121
"V",279,"L","V279L",-0.998149118280994
"V",279,"M","V279M",0.0412054190878544
"V",279,"N","V279N",0.264813503295554
"V",279,"P","V279P",0.0349404227411736
"V",279,"Q","V279Q",-0.736868248805887
"V",279,"R","V279R",0.0737306880974288
"V",279,"S","V279S",0.166726778300392
"V",279,"T","V279T",-0.548769978660175
"V",279,"W","V279W",-0.103987560589678
"V",279,"Y","V279Y",-0.0300552373250301
"D",280,"A","D280A",-0.032009682286513
"D",280,"C","D280C",0.277553016303152
"D",280,"E","D280E",0.0851878766065497
"D",280,"F","D280F",-0.181869769983714
"D",280,"G","D280G",0.222050936455447
"D",280,"H","D280H",-1.30695641638487
"D",280,"I","D280I",-0.628363886225894
"D",280,"K","D280K",-0.0690488719755664
"D",280,"L","D280L",0.516154935882688
"D",280,"M","D280M",-0.0563419581921356
"D",280,"N","D280N",-1.96253139068549
"D",280,"P","D280P",-2.15529334263767
"D",280,"Q","D280Q",-0.0970335327668079
"D",280,"R","D280R",-0.169392805174017
"D",280,"S","D280S",-0.588469999749047
"D",280,"T","D280T",0.230493899702221
"D",280,"V","D280V",0.566229784552927
"D",280,"W","D280W",-0.725360993588317
"D",280,"Y","D280Y",-0.327646976407849
"G",281,"A","G281A",1.13840776842154
"G",281,"C","G281C",0.068200838095562
"G",281,"D","G281D",0.306425199436244
"G",281,"E","G281E",-0.034503514683994
"G",281,"F","G281F",-0.230821869878187
"G",281,"H","G281H",0.250375155339297
"G",281,"I","G281I",1.03912309948656
"G",281,"K","G281K",0.518731855297156
"G",281,"L","G281L",-0.463658824951188
"G",281,"M","G281M",-0.825406525600707
"G",281,"N","G281N",-0.0216124567343341
"G",281,"P","G281P",1.03640256157215
"G",281,"Q","G281Q",0.0519170569163001
"G",281,"R","G281R",0.221401008846288
"G",281,"S","G281S",-0.303965363185346
"G",281,"T","G281T",-0.0847966733802663
"G",281,"V","G281V",-0.210658411720152
"G",281,"W","G281W",1.43906687200927
"G",281,"Y","G281Y",0.715890950182692
"V",282,"A","V282A",-0.822977756891336
"V",282,"C","V282C",0.307602692636951
"V",282,"D","V282D",0.595447993464998
"V",282,"E","V282E",0.390528790198277
"V",282,"F","V282F",-0.810571948269596
"V",282,"G","V282G",0.1465846681555
"V",282,"H","V282H",-0.426920955263263
"V",282,"I","V282I",0.236534839453847
"V",282,"K","V282K",1.88344074557616
"V",282,"L","V282L",0.223790929658215
"V",282,"M","V282M",-0.390810270817383
"V",282,"N","V282N",1.06985056172888
"V",282,"P","V282P",-0.385880861489497
"V",282,"Q","V282Q",0.408158021461988
"V",282,"R","V282R",0.722526868477754
"V",282,"S","V282S",-0.493899674014349
"V",282,"T","V282T",-1.52772700823767
"V",282,"W","V282W",-0.585055891111508
"V",282,"Y","V282Y",0.182640256584047
"E",283,"A","E283A",0.449099354355554
"E",283,"C","E283C",1.00378664451944
"E",283,"D","E283D",0.885919953112658
"E",283,"F","E283F",1.44606647476578
"E",283,"G","E283G",0.682466436388831
"E",283,"H","E283H",0.101597160768757
"E",283,"I","E283I",-0.611148964397095
"E",283,"K","E283K",-0.996044671227859
"E",283,"L","E283L",0.656563725299983
"E",283,"M","E283M",-0.116720804193939
"E",283,"N","E283N",-1.33708565392208
"E",283,"P","E283P",0.413013407598767
"E",283,"Q","E283Q",-0.464876452530191
"E",283,"R","E283R",0.414781575699359
"E",283,"S","E283S",0.870914248522916
"E",283,"T","E283T",0.861036827059225
"E",283,"V","E283V",-0.359575695672737
"E",283,"W","E283W",1.49677802439862
"E",283,"Y","E283Y",0.389405210067045
"V",284,"A","V284A",0.604894483984311
"V",284,"C","V284C",-0.280744138768514
"V",284,"D","V284D",0.282575783762749
"V",284,"E","V284E",-0.217703304272851
"V",284,"F","V284F",0.835468797092552
"V",284,"G","V284G",0.325239859017939
"V",284,"H","V284H",-0.862884503240557
"V",284,"I","V284I",-0.67175008644495
"V",284,"K","V284K",-0.515300040043646
"V",284,"L","V284L",0.699464139331355
"V",284,"M","V284M",-0.0957654129654478
"V",284,"N","V284N",0.216104699032834
"V",284,"P","V284P",-0.790918615739718
"V",284,"Q","V284Q",-0.232137385279693
"V",284,"R","V284R",-0.509020490703672
"V",284,"S","V284S",0.234417516134376
"V",284,"T","V284T",0.219274607289527
"V",284,"W","V284W",-0.908038408426572
"V",284,"Y","V284Y",-0.0942616514490765
"H",285,"A","H285A",-0.122333699933853
"H",285,"C","H285C",-0.0405427428043402
"H",285,"D","H285D",0.751301166343875
"H",285,"E","H285E",-1.89702629365661
"H",285,"F","H285F",-0.374755548357736
"H",285,"G","H285G",-0.254429788209509
"H",285,"I","H285I",0.657496709745453
"H",285,"K","H285K",-0.305158393220407
"H",285,"L","H285L",0.133451117638239
"H",285,"M","H285M",0.0265308502550069
"H",285,"N","H285N",0.453347625313716
"H",285,"P","H285P",0.556806464619279
"H",285,"Q","H285Q",0.696097801205295
"H",285,"R","H285R",0.0177971032408949
"H",285,"S","H285S",-0.160525398658706
"H",285,"T","H285T",1.09650136058106
"H",285,"V","H285V",0.166762173531989
"H",285,"W","H285W",2.42690025533801
"H",285,"Y","H285Y",-0.406535964568431
"N",286,"A","N286A",0.89928114825295
"N",286,"C","N286C",0.157662373516051
"N",286,"D","N286D",-0.340171044970125
"N",286,"E","N286E",-0.660354209536744
"N",286,"F","N286F",0.0816360620601119
"N",286,"G","N286G",-0.615926864314199
"N",286,"H","N286H",0.388373638941121
"N",286,"I","N286I",0.182378444522795
"N",286,"K","N286K",-0.143015334210601
"N",286,"L","N286L",-0.0940403667171242
"N",286,"M","N286M",-2.2888313716797
"N",286,"P","N286P",-1.56096635359938
"N",286,"Q","N286Q",-0.899820606146635
"N",286,"R","N286R",-0.813905992697974
"N",286,"S","N286S",0.644868857958279
"N",286,"T","N286T",0.802304894743475
"N",286,"V","N286V",-1.03020109242065
"N",286,"W","N286W",-0.978495107737313
"N",286,"Y","N286Y",0.745810331573585
"A",287,"C","A287C",-0.189029187511038
"A",287,"D","A287D",0.625367297302906
"A",287,"E","A287E",-0.75843383009875
"A",287,"F","A287F",0.329600766380491
"A",287,"G","A287G",-1.42097019622438
"A",287,"H","A287H",0.280685711664465
"A",287,"I","A287I",-2.20730944956746
"A",287,"K","A287K",0.472929799792462
"A",287,"L","A287L",0.682096531967639
"A",287,"M","A287M",-0.183426386244618
"A",287,"N","A287N",0.565840236295937
"A",287,"P","A287P",-1.65222471343511
"A",287,"Q","A287Q",-0.22299376629046
"A",287,"R","A287R",-0.407246456772636
"A",287,"S","A287S",-0.0345951612784378
"A",287,"T","A287T",1.06087709797061
"A",287,"V","A287V",-0.990571631809179
"A",287,"W","A287W",-0.99728324588824
"A",287,"Y","A287Y",-0.772927163226931
"K",288,"A","K288A",-0.0643594230861186
"K",288,"C","K288C",-0.514668632980747
"K",288,"D","K288D",-1.0734129463358
"K",288,"E","K288E",-0.36380146099931
"K",288,"F","K288F",-0.901403657176215
"K",288,"G","K288G",-0.0435846880937964
"K",288,"H","K288H",-2.32726368790509
"K",288,"I","K288I",-0.437471270537348
"K",288,"L","K288L",-0.649390175170425
"K",288,"M","K288M",0.576246873161571
"K",288,"N","K288N",1.59313984228668
"K",288,"P","K288P",-0.98212296102657
"K",288,"Q","K288Q",0.723392665680035
"K",288,"R","K288R",-0.239642539964486
"K",288,"S","K288S",-0.284105621638722
"K",288,"T","K288T",-0.0916800431422936
"K",288,"V","K288V",-1.13176436197925
"K",288,"W","K288W",0.653201885868078
"K",288,"Y","K288Y",-0.278707499493215
"T",289,"A","T289A",-0.980833339130027
"T",289,"C","T289C",2.69895720691823
"T",289,"D","T289D",-0.631134485111521
"T",289,"E","T289E",-2.01825934442514
"T",289,"F","T289F",-0.989260567020395
"T",289,"G","T289G",1.94611857940003
"T",289,"H","T289H",-0.89226903063388
"T",289,"I","T289I",-1.80154148178938
"T",289,"K","T289K",0.0812386249980711
"T",289,"L","T289L",-0.502319724509997
"T",289,"M","T289M",-1.58284764917347
"T",289,"N","T289N",-0.443785588554555
"T",289,"P","T289P",0.908558301284744
"T",289,"Q","T289Q",-0.827251175430315
"T",289,"R","T289R",0.298698278675979
"T",289,"S","T289S",0.133671660207367
"T",289,"V","T289V",-0.551698859446615
"T",289,"W","T289W",-0.570134661220576
"T",289,"Y","T289Y",0.246839697416403
"K",290,"A","K290A",-0.110095440249344
"K",290,"C","K290C",-1.072029105388
"K",290,"D","K290D",0.525607037408408
"K",290,"E","K290E",-0.510042855036523
"K",290,"F","K290F",-0.677335136015215
"K",290,"G","K290G",-0.103081687346959
"K",290,"H","K290H",0.267921529084793
"K",290,"I","K290I",0.640106872985805
"K",290,"L","K290L",0.104668020792686
"K",290,"M","K290M",0.00309193965275728
"K",290,"N","K290N",0.203007940063438
"K",290,"P","K290P",-0.298667353313293
"K",290,"Q","K290Q",0.413260167307612
"K",290,"R","K290R",-0.922458511129467
"K",290,"S","K290S",0.622373234826285
"K",290,"T","K290T",0.66180574090973
"K",290,"V","K290V",0.523321769532572
"K",290,"W","K290W",0.110725368823911
"K",290,"Y","K290Y",-0.347286996356534
"P",291,"A","P291A",-0.297096039121868
"P",291,"C","P291C",-0.60755024866766
"P",291,"D","P291D",-0.252697866216151
"P",291,"E","P291E",0.222915655372346
"P",291,"F","P291F",-0.656128397050531
"P",291,"G","P291G",0.179814665148596
"P",291,"H","P291H",-2.11700847128311
"P",291,"I","P291I",-0.481357543708452
"P",291,"K","P291K",-0.188166136159917
"P",291,"L","P291L",0.0922311608955419
"P",291,"M","P291M",-0.821095170884198
"P",291,"N","P291N",-1.5736082069878
"P",291,"Q","P291Q",-0.965991134020342
"P",291,"R","P291R",-0.0284307115984182
"P",291,"S","P291S",0.381714964345293
"P",291,"T","P291T",-0.15836876580616
"P",291,"V","P291V",0.762148268759908
"P",291,"W","P291W",-1.48406487502976
"P",291,"Y","P291Y",-1.65154937686736
"R",292,"A","R292A",-1.97383960885066
"R",292,"C","R292C",-2.00396462925087
"R",292,"D","R292D",-0.891772560491729
"R",292,"E","R292E",-0.822774855945306
"R",292,"F","R292F",-3.31710580849857
"R",292,"G","R292G",-1.96142807273859
"R",292,"H","R292H",-2.38744552276393
"R",292,"I","R292I",-1.08913658411205
"R",292,"K","R292K",-1.37161282678314
"R",292,"L","R292L",-1.28857990012906
"R",292,"M","R292M",-0.923859256954619
"R",292,"N","R292N",-2.26854184142437
"R",292,"P","R292P",-1.85536879005493
"R",292,"Q","R292Q",-1.71570087121015
"R",292,"S","R292S",-0.448348828559187
"R",292,"T","R292T",-0.37743610036091
"R",292,"V","R292V",-2.22745447524212
"R",292,"W","R292W",-2.24185027871158
"R",292,"Y","R292Y",-1.50808240992648
"E",293,"A","E293A",-1.13688852351232
"E",293,"C","E293C",0.00407453809001585
"E",293,"D","E293D",0.322040697986923
"E",293,"F","E293F",-0.80867601087693
"E",293,"G","E293G",-0.0988770771746792
"E",293,"H","E293H",-1.27834828489666
"E",293,"I","E293I",1.3088706458482
"E",293,"K","E293K",-0.505968930408902
"E",293,"L","E293L",0.182810109872237
"E",293,"M","E293M",0.140937893437482
"E",293,"N","E293N",0.778323387639736
"E",293,"P","E293P",-0.711959021584208
"E",293,"Q","E293Q",-0.0291131505610876
"E",293,"R","E293R",0.309944054860609
"E",293,"S","E293S",2.27970692482443
"E",293,"T","E293T",-0.351085527268712
"E",293,"V","E293V",-0.220297084277103
"E",293,"W","E293W",-0.647696926017618
"E",293,"Y","E293Y",0.148928149919689
"E",294,"A","E294A",-1.55723923666815
"E",294,"C","E294C",0.327721685990868
"E",294,"D","E294D",-1.51821479524857
"E",294,"F","E294F",0.0245537367772007
"E",294,"G","E294G",0.226913669210097
"E",294,"H","E294H",-0.959989394446086
"E",294,"I","E294I",-0.239442489239177
"E",294,"K","E294K",0.750523982551361
"E",294,"L","E294L",-0.405810093210028
"E",294,"M","E294M",2.07192407067813
"E",294,"N","E294N",-3.01217430219154
"E",294,"P","E294P",-0.595408010832458
"E",294,"Q","E294Q",0.201917063704591
"E",294,"R","E294R",0.401749232734957
"E",294,"S","E294S",-3.06501447786062
"E",294,"T","E294T",-1.17454028872754
"E",294,"V","E294V",0.135027908300755
"E",294,"W","E294W",-2.15348019296132
"E",294,"Y","E294Y",-0.232211351248536
"Q",295,"A","Q295A",-0.390565787788458
"Q",295,"C","Q295C",-0.738799463311391
"Q",295,"D","Q295D",-2.55942682457167
"Q",295,"E","Q295E",-1.45065538054278
"Q",295,"F","Q295F",-0.954296873182398
"Q",295,"G","Q295G",-1.4430217275325
"Q",295,"H","Q295H",-2.7922835099772
"Q",295,"I","Q295I",-1.29797176023735
"Q",295,"K","Q295K",-1.04897480828669
"Q",295,"L","Q295L",-1.19825642428722
"Q",295,"M","Q295M",-0.190704365829298
"Q",295,"N","Q295N",-0.521570297459657
"Q",295,"P","Q295P",-1.89693430383645
"Q",295,"R","Q295R",-1.5512273231262
"Q",295,"S","Q295S",-0.721110074414682
"Q",295,"T","Q295T",-0.751230477749692
"Q",295,"V","Q295V",-1.48850013128194
"Q",295,"W","Q295W",-1.67154580507355
"Q",295,"Y","Q295Y",-1.07255069884231
"Y",296,"A","Y296A",0.147930590478164
"Y",296,"C","Y296C",0.127442960328472
"Y",296,"D","Y296D",-0.79266910496348
"Y",296,"E","Y296E",-0.204402214033324
"Y",296,"F","Y296F",-0.0934254897123565
"Y",296,"G","Y296G",-0.430576403470896
"Y",296,"H","Y296H",-0.224150279472689
"Y",296,"I","Y296I",1.27661992034562
"Y",296,"K","Y296K",0.507723459614383
"Y",296,"L","Y296L",-0.27383684065874
"Y",296,"M","Y296M",0.282188965388021
"Y",296,"N","Y296N",-0.864718368404097
"Y",296,"P","Y296P",0.796168708778854
"Y",296,"Q","Y296Q",0.485671191124409
"Y",296,"R","Y296R",1.18935539875754
"Y",296,"S","Y296S",-0.514871046845815
"Y",296,"T","Y296T",-0.153083153526503
"Y",296,"V","Y296V",-0.457585220933631
"Y",296,"W","Y296W",1.59644974215158
"N",297,"A","N297A",0.322585198383827
"N",297,"C","N297C",0.250759690264993
"N",297,"D","N297D",0.787603765961122
"N",297,"E","N297E",-0.0464109692227204
"N",297,"F","N297F",-0.443507065570715
"N",297,"G","N297G",-1.10605264849266
"N",297,"H","N297H",-0.228047784530329
"N",297,"I","N297I",1.14875110914461
"N",297,"K","N297K",0.320403054553018
"N",297,"L","N297L",0.0256891669795692
"N",297,"M","N297M",0.638635950753436
"N",297,"P","N297P",-0.264449014316822
"N",297,"Q","N297Q",0.539876321097399
"N",297,"R","N297R",0.122157195142044
"N",297,"S","N297S",-1.06457482937011
"N",297,"T","N297T",0.440552339629381
"N",297,"V","N297V",-0.417191713713283
"N",297,"W","N297W",-1.0328872163703
"N",297,"Y","N297Y",-1.41432976769761
"S",298,"A","S298A",0.100276857300548
"S",298,"C","S298C",-0.437456615908775
"S",298,"D","S298D",0.235146639610703
"S",298,"E","S298E",0.449298232984106
"S",298,"F","S298F",-1.98480313760343
"S",298,"G","S298G",0.624593165358337
"S",298,"I","S298I",-2.51397378135909
"S",298,"K","S298K",0.84211774168248
"S",298,"L","S298L",-0.530393981304632
"S",298,"M","S298M",1.5282136976076
"S",298,"N","S298N",-0.337407363700757
"S",298,"P","S298P",-1.35115811412757
"S",298,"Q","S298Q",-0.913570806525119
"S",298,"R","S298R",-1.05790780777621
"S",298,"T","S298T",-0.952873161688706
"S",298,"V","S298V",-2.409132375759
"S",298,"W","S298W",0.611336298218734
"S",298,"Y","S298Y",-0.813692361585938
"T",299,"A","T299A",1.21739697140722
"T",299,"C","T299C",-1.04875089365949
"T",299,"D","T299D",-0.439436389249848
"T",299,"E","T299E",0.269212308395287
"T",299,"F","T299F",-0.499047503398162
"T",299,"G","T299G",1.30547592961661
"T",299,"H","T299H",0.261124546119784
"T",299,"I","T299I",-0.795722833220227
"T",299,"K","T299K",-0.491362058082537
"T",299,"L","T299L",0.254375111852875
"T",299,"M","T299M",0.114053379804585
"T",299,"N","T299N",-0.0302978761755203
"T",299,"P","T299P",-1.09531898694254
"T",299,"Q","T299Q",-0.0573120850968159
"T",299,"R","T299R",-1.64380145795969
"T",299,"S","T299S",1.3085853874285
"T",299,"V","T299V",0.862259220625998
"T",299,"W","T299W",0.340584694101526
"T",299,"Y","T299Y",0.466591620450835
"Y",300,"A","Y300A",-0.382647459186583
"Y",300,"C","Y300C",0.383923721800057
"Y",300,"D","Y300D",1.4589666376483
"Y",300,"E","Y300E",-0.198362038617048
"Y",300,"F","Y300F",0.62983068043057
"Y",300,"G","Y300G",-2.43057830669079
"Y",300,"H","Y300H",2.05552345614544
"Y",300,"I","Y300I",-1.02227213315298
"Y",300,"K","Y300K",-2.07197958027738
"Y",300,"L","Y300L",-0.322729993662057
"Y",300,"M","Y300M",-1.33751978453208
"Y",300,"N","Y300N",-0.260356175985604
"Y",300,"P","Y300P",-0.421494901628982
"Y",300,"Q","Y300Q",0.989005771921716
"Y",300,"R","Y300R",-0.411517497493375
"Y",300,"S","Y300S",0.252377159294208
"Y",300,"T","Y300T",-1.2399700803209
"Y",300,"V","Y300V",-0.493433480587908
"Y",300,"W","Y300W",0.719301504541346
"R",301,"A","R301A",0.514728379451183
"R",301,"C","R301C",1.33440605798545
"R",301,"D","R301D",-1.06316379375428
"R",301,"E","R301E",0.274981895813261
"R",301,"F","R301F",0.800776947456197
"R",301,"G","R301G",-0.0924741622321091
"R",301,"H","R301H",0.260205908072313
"R",301,"I","R301I",-0.147630773517016
"R",301,"K","R301K",-0.799792698606418
"R",301,"L","R301L",-0.666496358396591
"R",301,"M","R301M",0.423515387620491
"R",301,"N","R301N",0.0169189059895213
"R",301,"P","R301P",-2.01980466705751
"R",301,"Q","R301Q",0.685293017702963
"R",301,"S","R301S",-0.557906091667552
"R",301,"T","R301T",-0.23778170655847
"R",301,"V","R301V",0.185031887250894
"R",301,"W","R301W",-0.852953372761304
"R",301,"Y","R301Y",0.78359790862861
"V",302,"A","V302A",1.4838908507581
"V",302,"C","V302C",0.816366359510653
"V",302,"D","V302D",-1.86612257249882
"V",302,"E","V302E",0.913049487011667
"V",302,"F","V302F",-0.990988962274541
"V",302,"G","V302G",0.698496196590155
"V",302,"H","V302H",-0.51331338030135
"V",302,"I","V302I",-0.095943376592726
"V",302,"K","V302K",0.221644227888943
"V",302,"L","V302L",-0.18218227181308
"V",302,"M","V302M",-1.29182128978807
"V",302,"N","V302N",-1.5537227256208
"V",302,"P","V302P",1.04404474045305
"V",302,"Q","V302Q",0.651003973011711
"V",302,"R","V302R",-0.902022951440927
"V",302,"S","V302S",0.393411560335952
"V",302,"T","V302T",-0.139629433218175
"V",302,"W","V302W",-0.504718574945972
"V",302,"Y","V302Y",1.43896711290444
"V",303,"A","V303A",0.846814627314165
"V",303,"C","V303C",-0.0686541214514941
"V",303,"D","V303D",-0.580742792139222
"V",303,"E","V303E",0.628916184039211
"V",303,"F","V303F",0.034157362734012
"V",303,"G","V303G",-0.152328177233963
"V",303,"H","V303H",-0.238465009074929
"V",303,"I","V303I",0.088577250536018
"V",303,"K","V303K",1.60654412857526
"V",303,"L","V303L",1.26911010850161
"V",303,"M","V303M",0.354410808163651
"V",303,"N","V303N",0.135300344858223
"V",303,"P","V303P",-1.34357233301635
"V",303,"Q","V303Q",0.387280178168683
"V",303,"R","V303R",-0.865284737455573
"V",303,"S","V303S",0.187605332557197
"V",303,"T","V303T",0.165659399677948
"V",303,"W","V303W",0.749974513547914
"V",303,"Y","V303Y",0.302895969791835
"S",304,"A","S304A",-0.328238340178455
"S",304,"C","S304C",0.0407726277881024
"S",304,"D","S304D",0.179039317942604
"S",304,"E","S304E",-1.64297213799615
"S",304,"F","S304F",-0.647142428087407
"S",304,"G","S304G",-2.95003960585931
"S",304,"H","S304H",-1.23857732261813
"S",304,"I","S304I",-1.02091992516122
"S",304,"K","S304K",1.00223338934259
"S",304,"L","S304L",2.41055236683542
"S",304,"M","S304M",-1.37338641042184
"S",304,"N","S304N",-0.609548752327461
"S",304,"P","S304P",-0.323418549528458
"S",304,"Q","S304Q",-1.15565376259619
"S",304,"R","S304R",0.867382916931444
"S",304,"T","S304T",0.562266298901993
"S",304,"V","S304V",0.854414032078352
"S",304,"W","S304W",1.66152770638351
"S",304,"Y","S304Y",2.09755937050642
"V",305,"A","V305A",0.249469046438778
"V",305,"C","V305C",-0.910881831859309
"V",305,"D","V305D",-0.834736786354935
"V",305,"E","V305E",-0.366096144938309
"V",305,"F","V305F",-1.09660284183472
"V",305,"G","V305G",-0.153742904352828
"V",305,"H","V305H",0.539910130126273
"V",305,"I","V305I",-1.04127438188064
"V",305,"K","V305K",0.175075172360519
"V",305,"L","V305L",0.193516218305383
"V",305,"M","V305M",-1.34179692187339
"V",305,"N","V305N",-0.208858291189029
"V",305,"P","V305P",-0.308197905589434
"V",305,"Q","V305Q",2.4268788399926
"V",305,"R","V305R",0.249879592645907
"V",305,"S","V305S",1.10644150738472
"V",305,"T","V305T",-0.12860873489721
"V",305,"W","V305W",0.552127572527012
"V",305,"Y","V305Y",0.0390722291669857
"L",306,"A","L306A",0.504218578426148
"L",306,"C","L306C",0.590795885421223
"L",306,"D","L306D",-0.0842960848865628
"L",306,"E","L306E",0.321701616718049
"L",306,"F","L306F",-1.31440899371101
"L",306,"G","L306G",-0.417549015431943
"L",306,"H","L306H",-0.0434230571859641
"L",306,"I","L306I",-1.27416659445813
"L",306,"K","L306K",-0.0867396994272244
"L",306,"M","L306M",0.0233114052084712
"L",306,"N","L306N",-0.217029173620877
"L",306,"P","L306P",-1.45257576592248
"L",306,"Q","L306Q",0.377809338453354
"L",306,"R","L306R",0.759545401974708
"L",306,"S","L306S",0.381142668508493
"L",306,"T","L306T",-0.0978503191462367
"L",306,"V","L306V",1.05662646953976
"L",306,"W","L306W",0.0404252086972506
"L",306,"Y","L306Y",-0.0677923095435897
"T",307,"A","T307A",1.1989204756155
"T",307,"C","T307C",-2.11542048505264
"T",307,"D","T307D",1.01738258214888
"T",307,"E","T307E",0.0931863360823261
"T",307,"F","T307F",-0.679978230174547
"T",307,"G","T307G",-0.808180827426956
"T",307,"H","T307H",-1.01444662062942
"T",307,"I","T307I",0.660008176201565
"T",307,"K","T307K",0.29200726088278
"T",307,"L","T307L",-0.141664302264115
"T",307,"M","T307M",0.166418315735311
"T",307,"N","T307N",-0.584033866807839
"T",307,"P","T307P",-0.452650715780472
"T",307,"Q","T307Q",-0.891545531056755
"T",307,"R","T307R",-1.07576921698084
"T",307,"S","T307S",0.693634953568659
"T",307,"V","T307V",0.987213573592111
"T",307,"W","T307W",1.17053255769185
"T",307,"Y","T307Y",0.555524098629864
"V",308,"A","V308A",-0.572078231766267
"V",308,"C","V308C",0.739761095147837
"V",308,"D","V308D",0.767803732500536
"V",308,"E","V308E",1.19981901286988
"V",308,"F","V308F",-0.0374507826701746
"V",308,"G","V308G",0.294557066043476
"V",308,"H","V308H",0.365468256050069
"V",308,"I","V308I",0.764233847838275
"V",308,"K","V308K",0.671919487552741
"V",308,"L","V308L",0.595166605763232
"V",308,"M","V308M",-0.974363843343906
"V",308,"N","V308N",-0.301713885882753
"V",308,"P","V308P",1.35697849242903
"V",308,"Q","V308Q",0.936268567091631
"V",308,"R","V308R",-0.710315846477402
"V",308,"S","V308S",0.00700315484879289
"V",308,"T","V308T",0.167066920855955
"V",308,"W","V308W",0.285920240080826
"V",308,"Y","V308Y",-0.577913303232922
"L",309,"A","L309A",-0.391250709354318
"L",309,"C","L309C",-0.0150590671618172
"L",309,"D","L309D",-2.07913475896328
"L",309,"E","L309E",0.503260850938343
"L",309,"F","L309F",-0.700770168903316
"L",309,"G","L309G",0.873100772036706
"L",309,"H","L309H",-1.38094133885484
"L",309,"I","L309I",-0.359445776377858
"L",309,"K","L309K",-0.633895726495815
"L",309,"M","L309M",-1.02194069785056
"L",309,"N","L309N",-0.615833159940169
"L",309,"P","L309P",-1.02665827351226
"L",309,"Q","L309Q",0.567574884999422
"L",309,"R","L309R",-0.662654701224253
"L",309,"S","L309S",-0.350072219952744
"L",309,"T","L309T",-1.1102183232235
"L",309,"V","L309V",-1.66508385907412
"L",309,"W","L309W",-0.149733454514698
"L",309,"Y","L309Y",-0.0885823266660511
"H",310,"A","H310A",-0.22522996609271
"H",310,"C","H310C",0.197669042933641
"H",310,"D","H310D",0.443027950826238
"H",310,"E","H310E",-0.274895510309829
"H",310,"F","H310F",1.40858586275831
"H",310,"G","H310G",0.157981241446766
"H",310,"I","H310I",-0.316810247033422
"H",310,"K","H310K",-0.5342045706482
"H",310,"L","H310L",-1.69571695542283
"H",310,"M","H310M",0.178950327811083
"H",310,"N","H310N",0.116377626814586
"H",310,"P","H310P",-1.43585073819472
"H",310,"Q","H310Q",0.824205815352075
"H",310,"R","H310R",0.701558664710026
"H",310,"S","H310S",0.894026907010442
"H",310,"T","H310T",0.323889430837048
"H",310,"V","H310V",0.850403474713587
"H",310,"W","H310W",-0.6112470887424
"H",310,"Y","H310Y",0.609627945814514
"Q",311,"A","Q311A",-0.615701065727653
"Q",311,"C","Q311C",-0.430320911686711
"Q",311,"D","Q311D",-0.408058216073991
"Q",311,"E","Q311E",0.371034609134639
"Q",311,"F","Q311F",-0.341632224332637
"Q",311,"G","Q311G",-0.338399307466225
"Q",311,"H","Q311H",-1.15910124255301
"Q",311,"I","Q311I",-1.10378204755055
"Q",311,"K","Q311K",-0.92452025660258
"Q",311,"L","Q311L",-0.54366954790277
"Q",311,"M","Q311M",0.122772343663777
"Q",311,"N","Q311N",0.0767400600092298
"Q",311,"P","Q311P",1.87164587229741
"Q",311,"R","Q311R",-1.67528980254388
"Q",311,"S","Q311S",0.380253543719161
"Q",311,"T","Q311T",-1.26873137177836
"Q",311,"V","Q311V",-0.161248350469449
"Q",311,"W","Q311W",-1.03275361385308
"Q",311,"Y","Q311Y",-0.455993037465805
"D",312,"A","D312A",-0.473292741272163
"D",312,"C","D312C",-0.257588220879948
"D",312,"E","D312E",0.900420443405226
"D",312,"F","D312F",-0.256326585080966
"D",312,"G","D312G",-0.247402970863606
"D",312,"H","D312H",0.879267815661369
"D",312,"I","D312I",-0.388282185684418
"D",312,"K","D312K",0.382400516867752
"D",312,"L","D312L",0.101111273762928
"D",312,"M","D312M",-1.4746447312165
"D",312,"N","D312N",-1.98270688786979
"D",312,"P","D312P",0.0809202502512479
"D",312,"Q","D312Q",0.147360549141143
"D",312,"R","D312R",-0.400955669543826
"D",312,"S","D312S",0.447638691780539
"D",312,"T","D312T",1.19968354537936
"D",312,"V","D312V",0.287996022474749
"D",312,"W","D312W",-1.0997241911295
"D",312,"Y","D312Y",0.244217274433475
"W",313,"A","W313A",0.18172847349934
"W",313,"C","W313C",-0.600538463627443
"W",313,"D","W313D",1.85318711566406
"W",313,"E","W313E",0.118960914961153
"W",313,"F","W313F",0.175367951778629
"W",313,"H","W313H",1.07188157496446
"W",313,"I","W313I",1.00527130000606
"W",313,"K","W313K",2.25997161444989
"W",313,"L","W313L",1.38555607181848
"W",313,"M","W313M",1.23154136488052
"W",313,"N","W313N",1.30513049946173
"W",313,"P","W313P",0.226840912419643
"W",313,"Q","W313Q",-0.391569849168669
"W",313,"R","W313R",4.05056420553548
"W",313,"S","W313S",1.47474278946661
"W",313,"T","W313T",-0.116268935358269
"W",313,"V","W313V",0.0248784009661649
"W",313,"Y","W313Y",-1.67489136125356
"L",314,"A","L314A",-0.685944786084199
"L",314,"C","L314C",-0.743093116998311
"L",314,"D","L314D",-0.111313798526932
"L",314,"E","L314E",-0.412781868813984
"L",314,"F","L314F",0.850232889794694
"L",314,"G","L314G",-0.00476922830735073
"L",314,"H","L314H",0.182227943101542
"L",314,"I","L314I",1.40330707982122
"L",314,"K","L314K",0.251834146339223
"L",314,"M","L314M",-0.810138200194067
"L",314,"N","L314N",-0.976547638935956
"L",314,"P","L314P",-0.0441473006002023
"L",314,"Q","L314Q",0.661427220997557
"L",314,"R","L314R",0.973288547755042
"L",314,"S","L314S",0.180590310678003
"L",314,"T","L314T",-0.136123660121516
"L",314,"V","L314V",-0.0519212736999177
"L",314,"W","L314W",0.999041482481491
"L",314,"Y","L314Y",-0.0103200982084771
"N",315,"A","N315A",0.765766670790011
"N",315,"C","N315C",0.332187817448486
"N",315,"D","N315D",0.0583178515009111
"N",315,"E","N315E",-0.637610825975262
"N",315,"F","N315F",-0.175410302336474
"N",315,"G","N315G",-0.109392810669683
"N",315,"H","N315H",0.36232434323334
"N",315,"I","N315I",0.640437525773789
"N",315,"K","N315K",2.27289588624717
"N",315,"L","N315L",0.731603787611603
"N",315,"M","N315M",-1.16053157944938
"N",315,"P","N315P",-0.192586438337088
"N",315,"Q","N315Q",-0.452628933082276
"N",315,"R","N315R",0.272620029336335
"N",315,"S","N315S",1.31810687927956
"N",315,"T","N315T",-0.505470678932103
"N",315,"V","N315V",0.0375152342857155
"N",315,"W","N315W",0.522247353503435
"N",315,"Y","N315Y",-0.406505932056151
"G",316,"A","G316A",-0.355204199405004
"G",316,"C","G316C",-0.954297087454932
"G",316,"D","G316D",-1.41391185873985
"G",316,"E","G316E",-0.488140563148483
"G",316,"F","G316F",2.29383682230911
"G",316,"H","G316H",0.157374051436646
"G",316,"I","G316I",0.862498313890735
"G",316,"K","G316K",1.59520326015275
"G",316,"L","G316L",-0.44253060542829
"G",316,"M","G316M",-0.143089871872628
"G",316,"N","G316N",0.0760269250023711
"G",316,"P","G316P",-0.191216700227374
"G",316,"Q","G316Q",-0.157804633349824
"G",316,"R","G316R",1.1699087062423
"G",316,"S","G316S",0.228126820299484
"G",316,"T","G316T",0.278021200779001
"G",316,"V","G316V",-0.363088259498651
"G",316,"W","G316W",-0.556970430955633
"G",316,"Y","G316Y",-0.995597328432917
"K",317,"A","K317A",-0.557257475361094
"K",317,"C","K317C",-0.477527902133904
"K",317,"D","K317D",0.439550979963925
"K",317,"E","K317E",0.392240832718148
"K",317,"F","K317F",0.406967764271165
"K",317,"G","K317G",-0.915050665855565
"K",317,"H","K317H",-0.0702657026864061
"K",317,"I","K317I",-1.00693611782572
"K",317,"L","K317L",0.525681335201161
"K",317,"M","K317M",0.572508899959158
"K",317,"N","K317N",0.063491467832808
"K",317,"P","K317P",0.675519289850726
"K",317,"Q","K317Q",-1.29321057323165
"K",317,"R","K317R",1.28758542961097
"K",317,"S","K317S",-1.40747448317027
"K",317,"T","K317T",-0.426086822165784
"K",317,"V","K317V",0.830481532459264
"K",317,"W","K317W",-0.0374786059952447
"K",317,"Y","K317Y",0.959063238748241
"E",318,"A","E318A",-0.0329445998364997
"E",318,"C","E318C",-0.136108149303986
"E",318,"D","E318D",0.485011587319488
"E",318,"F","E318F",-1.01240298469062
"E",318,"G","E318G",0.557630985723523
"E",318,"H","E318H",0.288827614210047
"E",318,"I","E318I",-1.44393789329658
"E",318,"K","E318K",0.394096563341163
"E",318,"L","E318L",-0.107174433150684
"E",318,"M","E318M",-0.393990712649001
"E",318,"N","E318N",0.561822555275257
"E",318,"P","E318P",0.423710799417507
"E",318,"Q","E318Q",-0.711147473023607
"E",318,"R","E318R",1.40835370578066
"E",318,"S","E318S",-0.24878747714675
"E",318,"T","E318T",1.55903105575112
"E",318,"V","E318V",0.500671722258731
"E",318,"W","E318W",0.0239879446127223
"E",318,"Y","E318Y",-0.531082172067619
"Y",319,"A","Y319A",0.173002676360151
"Y",319,"C","Y319C",0.0243138075914212
"Y",319,"D","Y319D",-1.44118118022684
"Y",319,"E","Y319E",0.00950894339436936
"Y",319,"F","Y319F",0.0110527851858507
"Y",319,"G","Y319G",1.31188315085036
"Y",319,"H","Y319H",-0.375975187685748
"Y",319,"I","Y319I",0.735452810135641
"Y",319,"K","Y319K",-0.43973367298124
"Y",319,"L","Y319L",0.349551367768685
"Y",319,"M","Y319M",1.84338665765394
"Y",319,"N","Y319N",1.14610868662739
"Y",319,"P","Y319P",-0.174302014228692
"Y",319,"Q","Y319Q",0.300573029241259
"Y",319,"R","Y319R",0.21707162041688
"Y",319,"S","Y319S",-0.370314996996761
"Y",319,"T","Y319T",-0.373280989880595
"Y",319,"V","Y319V",0.548768861947107
"Y",319,"W","Y319W",0.101665607045624
"K",320,"A","K320A",-0.627221998346727
"K",320,"C","K320C",0.738866724899812
"K",320,"D","K320D",-0.364968759787587
"K",320,"E","K320E",1.55529760571869
"K",320,"F","K320F",-0.225554225321022
"K",320,"G","K320G",0.698382126821925
"K",320,"H","K320H",1.30512066610998
"K",320,"I","K320I",-0.191344549438606
"K",320,"L","K320L",-0.804846869575032
"K",320,"M","K320M",0.0602403062079766
"K",320,"N","K320N",0.106454885899646
"K",320,"P","K320P",-0.242183989278023
"K",320,"Q","K320Q",-0.306274792154284
"K",320,"R","K320R",1.0362454781262
"K",320,"S","K320S",-0.0870443331847736
"K",320,"T","K320T",1.23944977565442
"K",320,"V","K320V",0.448189320165149
"K",320,"W","K320W",0.296144009179649
"K",320,"Y","K320Y",1.00132325928866
"C",321,"A","C321A",-0.104908449021988
"C",321,"D","C321D",-0.308367232484677
"C",321,"E","C321E",-0.00855990659933828
"C",321,"F","C321F",1.2762963477064
"C",321,"G","C321G",0.118411543523206
"C",321,"H","C321H",0.758917547801637
"C",321,"I","C321I",-0.428368988114395
"C",321,"K","C321K",1.07637676419603
"C",321,"L","C321L",1.24738117129279
"C",321,"M","C321M",1.57569056916693
"C",321,"N","C321N",0.448478097397101
"C",321,"P","C321P",1.13588639589928
"C",321,"Q","C321Q",0.113248662370721
"C",321,"R","C321R",-0.79539391319281
"C",321,"S","C321S",-0.286570073947079
"C",321,"T","C321T",-0.599847858912771
"C",321,"V","C321V",0.0190687250357002
"C",321,"W","C321W",0.420578984088706
"C",321,"Y","C321Y",-0.995998450617053
"K",322,"A","K322A",-0.658803701934179
"K",322,"C","K322C",0.589440749984377
"K",322,"D","K322D",1.45801371895595
"K",322,"E","K322E",-0.593859788433786
"K",322,"F","K322F",1.39859777833893
"K",322,"G","K322G",0.972367045772276
"K",322,"H","K322H",0.758462863130884
"K",322,"I","K322I",1.77115387732621
"K",322,"L","K322L",-1.68378632373792
"K",322,"M","K322M",0.56142630851156
"K",322,"N","K322N",-1.13687819116527
"K",322,"P","K322P",0.538646788844058
"K",322,"Q","K322Q",0.445061866358593
"K",322,"R","K322R",-0.191516426254722
"K",322,"S","K322S",1.28198314556222
"K",322,"T","K322T",0.178759650045971
"K",322,"V","K322V",0.241548459377175
"K",322,"W","K322W",-0.52642140876276
"K",322,"Y","K322Y",0.271020197644781
"V",323,"A","V323A",-0.728612548399972
"V",323,"C","V323C",-0.000996234428751817
"V",323,"D","V323D",0.235560334126351
"V",323,"E","V323E",0.086576732759142
"V",323,"F","V323F",0.865472619188993
"V",323,"G","V323G",0.59724147984153
"V",323,"H","V323H",0.473379856609914
"V",323,"I","V323I",-0.0689323320680392
"V",323,"K","V323K",-0.646057048617237
"V",323,"L","V323L",0.962468383806167
"V",323,"M","V323M",1.28857306202996
"V",323,"N","V323N",0.718026677174794
"V",323,"P","V323P",0.150542890724555
"V",323,"Q","V323Q",1.28078311899981
"V",323,"R","V323R",-0.80539694295807
"V",323,"S","V323S",0.233259317030277
"V",323,"T","V323T",0.272851645464054
"V",323,"W","V323W",3.00597109691699
"V",323,"Y","V323Y",3.04214832299257
"S",324,"A","S324A",-0.802499629314062
"S",324,"C","S324C",-1.01831989060535
"S",324,"D","S324D",0.8122785319189
"S",324,"E","S324E",-0.552514561307154
"S",324,"F","S324F",-0.72756290905682
"S",324,"G","S324G",-0.838707874115723
"S",324,"H","S324H",-1.61794239229061
"S",324,"I","S324I",0.546981246880313
"S",324,"K","S324K",0.130538139984406
"S",324,"L","S324L",0.186832723993964
"S",324,"M","S324M",-1.13920482749426
"S",324,"N","S324N",0.55884464659026
"S",324,"P","S324P",1.09097001781703
"S",324,"Q","S324Q",-1.79590306752562
"S",324,"R","S324R",-1.93555389390593
"S",324,"T","S324T",0.626585378525124
"S",324,"V","S324V",-1.85716091556118
"S",324,"W","S324W",0.364191641994823
"S",324,"Y","S324Y",0.260500083433557
"N",325,"A","N325A",-0.32186678754344
"N",325,"C","N325C",3.03990513692133
"N",325,"D","N325D",2.10673085108593
"N",325,"E","N325E",1.81635594743329
"N",325,"F","N325F",4.13981864825121
"N",325,"G","N325G",0.765699016295666
"N",325,"H","N325H",1.10128150336736
"N",325,"I","N325I",3.11682204598997
"N",325,"K","N325K",-0.198376768006475
"N",325,"L","N325L",3.74872041277736
"N",325,"M","N325M",5.03121660853499
"N",325,"P","N325P",0.0382684166499901
"N",325,"Q","N325Q",0.615962469151968
"N",325,"R","N325R",0.152408067645331
"N",325,"S","N325S",2.13384190960703
"N",325,"T","N325T",1.23743151544489
"N",325,"V","N325V",2.43744666024683
"N",325,"W","N325W",0.147628244473384
"N",325,"Y","N325Y",3.56098094848664
"K",326,"A","K326A",1.11923142527602
"K",326,"C","K326C",0.173996318632804
"K",326,"D","K326D",1.91631639530712
"K",326,"E","K326E",0.583826927265772
"K",326,"F","K326F",-0.181503118999163
"K",326,"G","K326G",1.09979240387633
"K",326,"H","K326H",0.29288719776336
"K",326,"I","K326I",1.90113485523854
"K",326,"L","K326L",2.62209215829421
"K",326,"M","K326M",-0.271555844997487
"K",326,"N","K326N",0.301801853768463
"K",326,"P","K326P",-1.19348860115773
"K",326,"Q","K326Q",0.183392440445495
"K",326,"R","K326R",-0.373629550295227
"K",326,"S","K326S",-0.192784479836719
"K",326,"T","K326T",-0.213703076967554
"K",326,"V","K326V",1.23293988447323
"K",326,"W","K326W",2.78984275932086
"K",326,"Y","K326Y",0.2950726996038
"A",327,"C","A327C",-0.786557336293454
"A",327,"D","A327D",0.47141841259956
"A",327,"E","A327E",0.797042912725007
"A",327,"F","A327F",-1.55212003878159
"A",327,"G","A327G",0.219545972596209
"A",327,"H","A327H",0.819598244726389
"A",327,"I","A327I",3.89436483193094
"A",327,"K","A327K",1.60118257500139
"A",327,"L","A327L",1.98409959509125
"A",327,"M","A327M",-0.620922359182553
"A",327,"N","A327N",0.933734628435641
"A",327,"P","A327P",-0.0451051889547699
"A",327,"Q","A327Q",-0.506706266915637
"A",327,"R","A327R",-0.315065075593054
"A",327,"S","A327S",0.285584353093134
"A",327,"T","A327T",1.17779707924844
"A",327,"V","A327V",4.34584415547638
"A",327,"W","A327W",3.34779531833199
"A",327,"Y","A327Y",-0.884900909963486
"L",328,"A","L328A",-0.244540806777936
"L",328,"C","L328C",-2.49397940219828
"L",328,"D","L328D",2.50799216098198
"L",328,"E","L328E",3.44863374875513
"L",328,"F","L328F",2.05044002005051
"L",328,"G","L328G",0.381720310687531
"L",328,"H","L328H",0.411624351668591
"L",328,"I","L328I",1.24774640085242
"L",328,"K","L328K",-0.209571617604807
"L",328,"M","L328M",2.38705885016219
"L",328,"N","L328N",2.00481546220938
"L",328,"P","L328P",2.70980097363913
"L",328,"Q","L328Q",0.451749422446056
"L",328,"R","L328R",0.808344775335435
"L",328,"S","L328S",-0.31925394128711
"L",328,"T","L328T",1.10877792670221
"L",328,"V","L328V",1.19451646510893
"L",328,"W","L328W",1.65048289283143
"L",328,"Y","L328Y",2.63108302974912
"P",329,"A","P329A",-2.87459277534187
"P",329,"C","P329C",-0.280380185354499
"P",329,"D","P329D",-1.2400890499843
"P",329,"E","P329E",1.14588791720745
"P",329,"F","P329F",1.9621626463553
"P",329,"G","P329G",0.239051489585132
"P",329,"H","P329H",1.5720257882204
"P",329,"I","P329I",0.85478341326165
"P",329,"K","P329K",-1.05664037732799
"P",329,"L","P329L",0.209427393264569
"P",329,"M","P329M",1.0600516482524
"P",329,"N","P329N",0.73963693202045
"P",329,"Q","P329Q",0.753776795764227
"P",329,"R","P329R",0.351172286054519
"P",329,"S","P329S",-0.116967655008107
"P",329,"T","P329T",-0.488138383091562
"P",329,"V","P329V",-1.74876171756234
"P",329,"W","P329W",-0.680840247495641
"P",329,"Y","P329Y",0.566401557911652
"A",330,"C","A330C",-1.43054299094411
"A",330,"D","A330D",-1.88855009453151
"A",330,"E","A330E",0.0456039958399122
"A",330,"F","A330F",-0.232094496600175
"A",330,"G","A330G",0.930374422383693
"A",330,"H","A330H",-0.152865140614149
"A",330,"I","A330I",-0.354285823416345
"A",330,"K","A330K",-0.798986982971724
"A",330,"L","A330L",-0.451718541059066
"A",330,"M","A330M",-0.227858499475168
"A",330,"N","A330N",-0.204820294149327
"A",330,"P","A330P",-0.575902154091878
"A",330,"Q","A330Q",0.31110081018627
"A",330,"R","A330R",-0.460466172805914
"A",330,"S","A330S",-0.459878856100237
"A",330,"T","A330T",-1.75906817353165
"A",330,"V","A330V",-1.12828881906641
"A",330,"W","A330W",-1.13852349300382
"A",330,"Y","A330Y",1.08588547149391
"P",331,"A","P331A",1.06355547768076
"P",331,"C","P331C",1.66402089755429
"P",331,"D","P331D",0.872885939047107
"P",331,"E","P331E",-0.365550157431757
"P",331,"F","P331F",1.25453295104733
"P",331,"G","P331G",0.42977931870117
"P",331,"H","P331H",1.13329102975444
"P",331,"I","P331I",0.243545942495045
"P",331,"K","P331K",0.713661052402022
"P",331,"L","P331L",1.71234076622854
"P",331,"M","P331M",2.65638528027284
"P",331,"N","P331N",0.459940397544934
"P",331,"Q","P331Q",1.13874687879402
"P",331,"R","P331R",-1.39171726506182
"P",331,"S","P331S",-0.447360071939024
"P",331,"T","P331T",1.0013498682007
"P",331,"V","P331V",0.39945101504292
"P",331,"W","P331W",-0.416034188950408
"P",331,"Y","P331Y",0.141082325031006
"I",332,"C","I332C",-1.22501795644134
"I",332,"D","I332D",0.399658264442539
"I",332,"E","I332E",1.61622252509431
"I",332,"F","I332F",0.0289085417314335
"I",332,"G","I332G",-1.916310643624
"I",332,"H","I332H",0.228073934503142
"I",332,"K","I332K",-1.34867024002381
"I",332,"L","I332L",-0.784441994662253
"I",332,"M","I332M",-0.302411681031577
"I",332,"N","I332N",-1.38334688781643
"I",332,"P","I332P",0.314922466672235
"I",332,"Q","I332Q",0.702320946776153
"I",332,"R","I332R",-5.10992303492978
"I",332,"S","I332S",-1.3057305325408
"I",332,"T","I332T",0.151507034662368
"I",332,"V","I332V",-0.0740561739449552
"I",332,"W","I332W",0.506877362395221
"I",332,"Y","I332Y",-0.407180612462418
"E",333,"A","E333A",-0.695668535963818
"E",333,"C","E333C",0.71350532887311
"E",333,"D","E333D",-0.477169555487653
"E",333,"F","E333F",-0.230682058626189
"E",333,"G","E333G",-1.3909493176338
"E",333,"H","E333H",-1.07112996527802
"E",333,"I","E333I",0.505508749632148
"E",333,"K","E333K",-0.999468646548347
"E",333,"L","E333L",-1.21123918669218
"E",333,"M","E333M",-0.431358298716212
"E",333,"N","E333N",0.556184779904107
"E",333,"P","E333P",-0.380501687297865
"E",333,"Q","E333Q",-0.34196776366131
"E",333,"R","E333R",-0.147422997156128
"E",333,"S","E333S",-2.07019766022741
"E",333,"T","E333T",-0.115197542463577
"E",333,"V","E333V",-0.110130720549585
"E",333,"W","E333W",-0.586028801396234
"E",333,"Y","E333Y",0.198877703381149
"K",334,"A","K334A",1.35802583660955
"K",334,"C","K334C",-0.0487722569547351
"K",334,"D","K334D",0.215584912559031
"K",334,"E","K334E",2.20089893159601
"K",334,"F","K334F",1.10567819853441
"K",334,"G","K334G",0.674889477675052
"K",334,"H","K334H",-0.279152886426214
"K",334,"I","K334I",-0.543891326808468
"K",334,"L","K334L",0.358158389411586
"K",334,"M","K334M",0.494882597412343
"K",334,"N","K334N",-0.498691975293668
"K",334,"P","K334P",0.504328947843738
"K",334,"Q","K334Q",-0.536303606985071
"K",334,"R","K334R",0.276693627063219
"K",334,"S","K334S",-0.637968657950876
"K",334,"T","K334T",1.17522828762052
"K",334,"V","K334V",-0.485834200894166
"K",334,"W","K334W",1.06100805243373
"K",334,"Y","K334Y",-0.023974410111922
"T",335,"A","T335A",-1.19710701113064
"T",335,"C","T335C",0.644613822158587
"T",335,"D","T335D",0.997894811664595
"T",335,"E","T335E",-0.182674048454376
"T",335,"F","T335F",-0.708249397437293
"T",335,"G","T335G",-0.353161927537922
"T",335,"H","T335H",-0.31484907382641
"T",335,"I","T335I",-0.0511027440385526
"T",335,"K","T335K",0.71743703338761
"T",335,"L","T335L",-0.579440145314516
"T",335,"M","T335M",-0.209269294188793
"T",335,"N","T335N",0.469177502309102
"T",335,"P","T335P",-0.439965827088987
"T",335,"Q","T335Q",1.23804458255778
"T",335,"R","T335R",-0.209382849914017
"T",335,"S","T335S",0.0857251501603291
"T",335,"V","T335V",-0.456359761242127
"T",335,"W","T335W",-0.0583776949843386
"T",335,"Y","T335Y",-0.0866453035060861
"I",336,"A","I336A",-2.6410036394438
"I",336,"C","I336C",-0.243649656124721
"I",336,"D","I336D",0.375517426622338
"I",336,"E","I336E",0.14228600038091
"I",336,"F","I336F",0.336601100622232
"I",336,"G","I336G",0.0555140469931763
"I",336,"H","I336H",-0.188286910543025
"I",336,"K","I336K",-0.430253349531871
"I",336,"L","I336L",-0.0244318271299573
"I",336,"M","I336M",1.71455551185589
"I",336,"N","I336N",2.71798769174172
"I",336,"P","I336P",1.01713699892996
"I",336,"Q","I336Q",-1.00673182381349
"I",336,"R","I336R",1.02232591166627
"I",336,"S","I336S",0.192718114124756
"I",336,"T","I336T",0.21550134739062
"I",336,"V","I336V",-0.68421330998883
"I",336,"W","I336W",-0.18968085615376
"I",336,"Y","I336Y",-0.579850035139953
"S",337,"A","S337A",1.98045205939799
"S",337,"C","S337C",0.279444608189941
"S",337,"D","S337D",0.0945232933404018
"S",337,"E","S337E",1.53806866318181
"S",337,"F","S337F",0.865671006807243
"S",337,"G","S337G",0.26040938557291
"S",337,"H","S337H",1.31536467944981
"S",337,"I","S337I",-1.57007281277915
"S",337,"K","S337K",-0.217920764461797
"S",337,"L","S337L",-0.763784746935843
"S",337,"M","S337M",1.14021071109064
"S",337,"N","S337N",1.93994887793733
"S",337,"P","S337P",2.73402158974868
"S",337,"Q","S337Q",-0.394723799641726
"S",337,"R","S337R",0.166459141444123
"S",337,"T","S337T",-0.106838780953204
"S",337,"V","S337V",-0.183726297673016
"S",337,"W","S337W",-0.609621580104949
"S",337,"Y","S337Y",-1.62329965786688
"K",338,"A","K338A",-1.23687075023626
"K",338,"C","K338C",-0.221027044208119
"K",338,"D","K338D",2.31234488857393
"K",338,"E","K338E",0.378573769227668
"K",338,"F","K338F",-3.04182466528442
"K",338,"G","K338G",0.585560865999677
"K",338,"H","K338H",-0.067763892714873
"K",338,"I","K338I",0.085195895663435
"K",338,"L","K338L",0.467495605926118
"K",338,"M","K338M",0.0373306275491389
"K",338,"N","K338N",1.42759361973116
"K",338,"P","K338P",1.73567385523577
"K",338,"Q","K338Q",1.61848810056833
"K",338,"R","K338R",-0.062566415725567
"K",338,"S","K338S",0.493183682409112
"K",338,"T","K338T",0.0490551954092687
"K",338,"V","K338V",-1.72948853250571
"K",338,"W","K338W",0.668820782860839
"K",338,"Y","K338Y",-0.407426161058575
"A",339,"C","A339C",-0.146230662730627
"A",339,"D","A339D",0.486633068249399
"A",339,"E","A339E",-0.258047246369955
"A",339,"F","A339F",0.47534841689877
"A",339,"G","A339G",0.272587234880499
"A",339,"H","A339H",0.713773481472315
"A",339,"I","A339I",0.169248954932149
"A",339,"K","A339K",0.186841089223708
"A",339,"L","A339L",-0.591766802952706
"A",339,"M","A339M",0.353551004123096
"A",339,"N","A339N",0.229000051965605
"A",339,"P","A339P",-1.16074409247351
"A",339,"Q","A339Q",0.106729832055287
"A",339,"R","A339R",-0.758266497884156
"A",339,"S","A339S",-0.450094011548731
"A",339,"T","A339T",-0.530162745055095
"A",339,"V","A339V",-0.198949502310507
"A",339,"W","A339W",-0.622027265838637
"A",339,"Y","A339Y",-1.65654145795236
"K",340,"A","K340A",-0.0350739783990355
"K",340,"C","K340C",-0.494643300619972
"K",340,"D","K340D",-0.194941654369122
"K",340,"E","K340E",-0.14412960491355
"K",340,"F","K340F",-1.22508958786864
"K",340,"G","K340G",0.138394507345768
"K",340,"H","K340H",-0.245129031354483
"K",340,"I","K340I",-1.2241393816746
"K",340,"L","K340L",-1.46707589702683
"K",340,"M","K340M",0.326856287055893
"K",340,"N","K340N",0.158237896688707
"K",340,"P","K340P",1.18081086973965
"K",340,"Q","K340Q",0.378507213748407
"K",340,"R","K340R",0.590862049940008
"K",340,"S","K340S",-0.932915333262833
"K",340,"T","K340T",-0.184230677604615
"K",340,"V","K340V",-0.80803183103637
"K",340,"W","K340W",-0.448451312362339
"K",340,"Y","K340Y",-0.0748078861381025
"G",341,"A","G341A",0.433261209984074
"G",341,"C","G341C",0.556093203578853
"G",341,"D","G341D",0.50963748716557
"G",341,"E","G341E",-0.65664797746381
"G",341,"F","G341F",0.89091294623736
"G",341,"H","G341H",-0.358255758966791
"G",341,"I","G341I",0.173075211146457
"G",341,"K","G341K",-1.91311981721414
"G",341,"L","G341L",-0.193514917451948
"G",341,"M","G341M",-1.22478722800676
"G",341,"N","G341N",0.291944396536114
"G",341,"P","G341P",1.08713206668399
"G",341,"Q","G341Q",-0.214196601575149
"G",341,"R","G341R",0.482122905717534
"G",341,"S","G341S",-0.3927437054126
"G",341,"T","G341T",0.0512887380440055
"G",341,"V","G341V",0.991661821074438
"G",341,"W","G341W",0.0543220419436926
"G",341,"Y","G341Y",0.179997254982583
"Q",342,"A","Q342A",0.756290830493182
"Q",342,"C","Q342C",-0.859799902713244
"Q",342,"D","Q342D",-1.97101874285924
"Q",342,"E","Q342E",-0.352782684329041
"Q",342,"F","Q342F",-0.717966499913949
"Q",342,"G","Q342G",-0.334169486908594
"Q",342,"H","Q342H",-0.2031588600619
"Q",342,"I","Q342I",0.0932324214583781
"Q",342,"K","Q342K",-0.607144053555837
"Q",342,"L","Q342L",0.902170760517437
"Q",342,"M","Q342M",-0.167718551378825
"Q",342,"N","Q342N",0.379395935623596
"Q",342,"P","Q342P",0.746751483710074
"Q",342,"R","Q342R",0.113586132652953
"Q",342,"S","Q342S",0.28446394532093
"Q",342,"T","Q342T",0.234546849292555
"Q",342,"V","Q342V",-0.761937498159526
"Q",342,"W","Q342W",-0.659569878362495
"Q",342,"Y","Q342Y",0.362201180969522
"P",343,"A","P343A",-0.461097337358567
"P",343,"C","P343C",0.0487448861889098
"P",343,"D","P343D",0.530992792440345
"P",343,"E","P343E",0.312704263548988
"P",343,"F","P343F",-1.16274131902257
"P",343,"G","P343G",0.964143163858041
"P",343,"H","P343H",-2.63001872885314
"P",343,"I","P343I",-0.063158485573348
"P",343,"K","P343K",0.998712224482807
"P",343,"L","P343L",0.171883387760104
"P",343,"M","P343M",-0.498920721226506
"P",343,"N","P343N",0.088800370721428
"P",343,"Q","P343Q",0.697426253176402
"P",343,"R","P343R",0.718132105384209
"P",343,"S","P343S",0.304742594897739
"P",343,"T","P343T",1.54525060090264
"P",343,"V","P343V",0.247680166313471
"P",343,"W","P343W",0.58867148447408
"P",343,"Y","P343Y",-0.0358515532192796
"R",344,"A","R344A",-1.66171652333578
"R",344,"C","R344C",-1.1264030890089
"R",344,"D","R344D",0.308562608967245
"R",344,"E","R344E",-0.278803730614293
"R",344,"F","R344F",0.992202487072892
"R",344,"G","R344G",0.2444227154592
"R",344,"H","R344H",-0.16982466842484
"R",344,"I","R344I",1.2035735071472
"R",344,"K","R344K",-1.20173536427867
"R",344,"L","R344L",-0.953358157550033
"R",344,"M","R344M",-0.733562496022187
"R",344,"N","R344N",-0.79983147069605
"R",344,"P","R344P",-0.786060752582136
"R",344,"Q","R344Q",1.44023579801063
"R",344,"S","R344S",-0.0404911746861945
"R",344,"T","R344T",0.281820497696957
"R",344,"V","R344V",0.552248598555886
"R",344,"Y","R344Y",1.33129964058168
"E",345,"A","E345A",-0.126539475461532
"E",345,"C","E345C",1.56314160740003
"E",345,"D","E345D",-0.432861101800927
"E",345,"F","E345F",-0.0991893293407718
"E",345,"G","E345G",-0.273986536406655
"E",345,"H","E345H",0.148928149919689
"E",345,"I","E345I",0.753839016650121
"E",345,"K","E345K",-0.549170532797841
"E",345,"L","E345L",0.320822104968975
"E",345,"M","E345M",-0.766329408264362
"E",345,"N","E345N",-0.722348664374508
"E",345,"P","E345P",-0.509000358894069
"E",345,"Q","E345Q",0.376768531690626
"E",345,"R","E345R",1.27580538199452
"E",345,"S","E345S",-0.724676748861181
"E",345,"T","E345T",0.319320798693156
"E",345,"V","E345V",0.58281094744007
"E",345,"W","E345W",0.839661071895823
"E",345,"Y","E345Y",-0.226567706950557
"P",346,"A","P346A",-0.584965250403496
"P",346,"C","P346C",-0.552883869551913
"P",346,"D","P346D",0.50707740474514
"P",346,"E","P346E",0.19721593027243
"P",346,"F","P346F",1.11815149847712
"P",346,"G","P346G",-1.11432720961407
"P",346,"H","P346H",-0.21694804076677
"P",346,"I","P346I",2.01270430354246
"P",346,"K","P346K",0.355275764404279
"P",346,"L","P346L",-1.43075245474667
"P",346,"M","P346M",-0.930704398879004
"P",346,"N","P346N",0.537791551635662
"P",346,"Q","P346Q",0.507314347802312
"P",346,"R","P346R",0.236964665763822
"P",346,"S","P346S",0.977182557566978
"P",346,"T","P346T",0.330351408869085
"P",346,"V","P346V",0.0741471204381554
"P",346,"W","P346W",-1.07567789102611
"P",346,"Y","P346Y",1.03946133941124
"Q",347,"A","Q347A",0.0402484782083205
"Q",347,"C","Q347C",0.0938979727179634
"Q",347,"D","Q347D",1.81099495492092
"Q",347,"E","Q347E",-1.03094878223093
"Q",347,"F","Q347F",0.175710987568685
"Q",347,"G","Q347G",-0.108033898971516
"Q",347,"H","Q347H",-0.553985924346443
"Q",347,"I","Q347I",0.0447794484254189
"Q",347,"K","Q347K",0.411850667020397
"Q",347,"L","Q347L",-1.028672365375
"Q",347,"M","Q347M",-0.203218646732852
"Q",347,"N","Q347N",0.304047793434187
"Q",347,"P","Q347P",1.40818826814697
"Q",347,"R","Q347R",0.399779281525958
"Q",347,"S","Q347S",-0.0135589765022057
"Q",347,"T","Q347T",0.375588165439024
"Q",347,"V","Q347V",0.466051013017955
"Q",347,"W","Q347W",1.95628619057102
"Q",347,"Y","Q347Y",-0.827950107386252
"V",348,"A","V348A",-0.83139264698054
"V",348,"C","V348C",0.63513745350296
"V",348,"D","V348D",-0.931874081069507
"V",348,"E","V348E",-0.749619508155385
"V",348,"F","V348F",0.152823383324547
"V",348,"G","V348G",-0.456793636429353
"V",348,"H","V348H",-0.532916773280571
"V",348,"I","V348I",-0.534226329553017
"V",348,"K","V348K",-0.55809889009699
"V",348,"L","V348L",-0.51615753892593
"V",348,"M","V348M",1.00807952715015
"V",348,"N","V348N",-1.12393617408303
"V",348,"P","V348P",0.335786860301669
"V",348,"Q","V348Q",-0.694434878018649
"V",348,"R","V348R",0.835089248521191
"V",348,"S","V348S",-0.35937560243952
"V",348,"T","V348T",-0.0433673099378627
"V",348,"W","V348W",-0.525875624848401
"V",348,"Y","V348Y",0.869513675303569
"Y",349,"A","Y349A",0.567571294438885
"Y",349,"C","Y349C",-0.130469950181766
"Y",349,"D","Y349D",-0.937863949095354
"Y",349,"E","Y349E",-0.331524753130275
"Y",349,"F","Y349F",0.614441956684316
"Y",349,"G","Y349G",-0.639352678739811
"Y",349,"H","Y349H",0.50048971565698
"Y",349,"I","Y349I",-0.0471023990198104
"Y",349,"K","Y349K",0.580232551988488
"Y",349,"L","Y349L",-1.17075443832373
"Y",349,"M","Y349M",0.600377582223783
"Y",349,"N","Y349N",0.222398714304924
"Y",349,"P","Y349P",2.04919044264845
"Y",349,"Q","Y349Q",-0.206506476604117
"Y",349,"R","Y349R",0.142476783885523
"Y",349,"S","Y349S",0.0113027704487902
"Y",349,"T","Y349T",-0.516281485953105
"Y",349,"V","Y349V",-0.244821466727803
"Y",349,"W","Y349W",0.144625706027393
"T",350,"A","T350A",-0.363867953878877
"T",350,"C","T350C",1.18353480573339
"T",350,"D","T350D",-0.318065745133178
"T",350,"E","T350E",-0.981936864582581
"T",350,"F","T350F",-0.542122282688336
"T",350,"G","T350G",-0.121014639838087
"T",350,"H","T350H",2.37940193810871
"T",350,"I","T350I",-1.85852553474313
"T",350,"K","T350K",0.579835312873459
"T",350,"L","T350L",-0.468437557866057
"T",350,"M","T350M",0.41587248774666
"T",350,"N","T350N",0.714098004839792
"T",350,"P","T350P",-0.318131900589647
"T",350,"Q","T350Q",0.00605283900534057
"T",350,"R","T350R",2.61174810108607
"T",350,"S","T350S",0.153299911299077
"T",350,"V","T350V",-0.587960491494283
"T",350,"W","T350W",-0.340998780253093
"T",350,"Y","T350Y",-0.632025580599401
"L",351,"A","L351A",-0.760158968410842
"L",351,"C","L351C",0.511180706095693
"L",351,"D","L351D",-1.05798718981152
"L",351,"E","L351E",-0.176779885833495
"L",351,"F","L351F",-0.599167382212017
"L",351,"G","L351G",0.697451021811856
"L",351,"H","L351H",-0.0535611864729144
"L",351,"I","L351I",0.299745484680211
"L",351,"K","L351K",-0.414975268011772
"L",351,"M","L351M",-0.332513992928689
"L",351,"N","L351N",-1.06744092057904
"L",351,"P","L351P",0.221600215421322
"L",351,"Q","L351Q",-0.30379455197107
"L",351,"R","L351R",-0.483344746006354
"L",351,"S","L351S",-0.191600591135077
"L",351,"T","L351T",0.40989224003436
"L",351,"V","L351V",-0.161425288906084
"L",351,"W","L351W",0.538664398770212
"L",351,"Y","L351Y",0.244583493786993
"P",352,"A","P352A",0.432359980651429
"P",352,"C","P352C",0.250679020122154
"P",352,"D","P352D",1.24624292768874
"P",352,"E","P352E",0.62666980174582
"P",352,"F","P352F",0.422787331610604
"P",352,"G","P352G",1.52879041386772
"P",352,"H","P352H",1.64053439230467
"P",352,"I","P352I",-0.0400430513809693
"P",352,"K","P352K",0.277848843419986
"P",352,"L","P352L",-0.607937074012011
"P",352,"M","P352M",-0.0144651583896025
"P",352,"N","P352N",0.523545087648946
"P",352,"Q","P352Q",0.12150119356997
"P",352,"R","P352R",0.0414256939347392
"P",352,"S","P352S",-0.860992411260347
"P",352,"T","P352T",-0.579947753053398
"P",352,"V","P352V",-0.384279272243603
"P",352,"W","P352W",0.774967836506422
"P",352,"Y","P352Y",0.259399668537593
"P",353,"A","P353A",-0.875702487463949
"P",353,"C","P353C",-0.2097502943337
"P",353,"D","P353D",0.380373405770674
"P",353,"E","P353E",-1.06136884823157
"P",353,"F","P353F",-0.49313484422321
"P",353,"G","P353G",0.054807183436305
"P",353,"H","P353H",-0.221547734488943
"P",353,"I","P353I",0.248918872066561
"P",353,"K","P353K",0.475214069477771
"P",353,"L","P353L",-1.00132300624763
"P",353,"M","P353M",-0.242900572686006
"P",353,"N","P353N",0.831581778418218
"P",353,"Q","P353Q",-1.03258728722475
"P",353,"R","P353R",0.937401333355343
"P",353,"S","P353S",-1.19526744199146
"P",353,"T","P353T",-0.388232784056762
"P",353,"V","P353V",0.166965456943058
"P",353,"W","P353W",-0.6008381388663
"P",353,"Y","P353Y",-0.993216900739788
"S",354,"A","S354A",-0.0169208996986606
"S",354,"C","S354C",-0.1824127519558
"S",354,"D","S354D",-1.32379289403589
"S",354,"E","S354E",0.679851915231902
"S",354,"F","S354F",0.0417711843450116
"S",354,"G","S354G",-0.233496807278931
"S",354,"H","S354H",0.211124173699628
"S",354,"I","S354I",0.2026873219588
"S",354,"K","S354K",-0.475605375303338
"S",354,"L","S354L",0.543021057387442
"S",354,"M","S354M",-0.179773394783465
"S",354,"N","S354N",0.406164422801394
"S",354,"P","S354P",0.485852325907681
"S",354,"Q","S354Q",-0.99617178926335
"S",354,"R","S354R",0.108520566799012
"S",354,"T","S354T",0.45535664934594
"S",354,"V","S354V",-0.220996022940292
"S",354,"W","S354W",0.825039440758933
"S",354,"Y","S354Y",1.45450645664039
"R",355,"A","R355A",-0.777087255143247
"R",355,"C","R355C",0.588799055393727
"R",355,"D","R355D",-2.64616584537079
"R",355,"E","R355E",0.968169383539531
"R",355,"F","R355F",0.538779490517855
"R",355,"G","R355G",-1.08573716882831
"R",355,"H","R355H",-0.586280271787819
"R",355,"I","R355I",0.971684314877726
"R",355,"K","R355K",0.317997401661198
"R",355,"L","R355L",0.899762702846031
"R",355,"M","R355M",-0.767179426245903
"R",355,"N","R355N",-0.105694391917973
"R",355,"P","R355P",-1.32451275410941
"R",355,"Q","R355Q",0.401184285914048
"R",355,"S","R355S",0.493696309580715
"R",355,"T","R355T",0.219450605026661
"R",355,"V","R355V",-0.812224401820951
"R",355,"W","R355W",-0.423952853541955
"R",355,"Y","R355Y",-0.754476740270625
"D",356,"A","D356A",-1.07926471650425
"D",356,"C","D356C",-0.288403155001179
"D",356,"E","D356E",0.453432728869997
"D",356,"F","D356F",-0.0611731828663873
"D",356,"G","D356G",0.0116178290421708
"D",356,"H","D356H",-1.27847930879852
"D",356,"I","D356I",0.824815087266529
"D",356,"K","D356K",0.265644685786704
"D",356,"L","D356L",-0.0342792594554085
"D",356,"M","D356M",-1.06498120967972
"D",356,"N","D356N",1.19892780209434
"D",356,"P","D356P",-0.856461514440518
"D",356,"Q","D356Q",0.315003745943624
"D",356,"R","D356R",0.46386113742994
"D",356,"S","D356S",0.157066676263854
"D",356,"T","D356T",1.2715877582458
"D",356,"V","D356V",-0.946020765114079
"D",356,"W","D356W",0.604286781973178
"D",356,"Y","D356Y",0.0772452676020037
"E",357,"A","E357A",0.321156527372645
"E",357,"C","E357C",-0.524995885252793
"E",357,"D","E357D",0.502222453649959
"E",357,"F","E357F",-0.323276365273937
"E",357,"G","E357G",-1.52561198021161
"E",357,"H","E357H",0.530962994588413
"E",357,"I","E357I",0.156892960286445
"E",357,"K","E357K",-0.343574151798153
"E",357,"L","E357L",-0.18712798812666
"E",357,"M","E357M",0.114839320478882
"E",357,"N","E357N",-0.160299355542047
"E",357,"Q","E357Q",0.0584501576639971
"E",357,"R","E357R",-0.783146046939273
"E",357,"S","E357S",-0.183960245497275
"E",357,"T","E357T",-0.284032024921202
"E",357,"V","E357V",0.753052602025892
"E",357,"W","E357W",0.219999973994213
"E",357,"Y","E357Y",-0.175689631247294
"L",358,"A","L358A",-0.315581954831331
"L",358,"C","L358C",-0.0168835013319304
"L",358,"D","L358D",2.1570117191847
"L",358,"E","L358E",-0.195226963261919
"L",358,"F","L358F",-0.942858352318355
"L",358,"G","L358G",0.897801506960008
"L",358,"H","L358H",0.640670191773912
"L",358,"I","L358I",0.906786836172619
"L",358,"K","L358K",0.972534897933371
"L",358,"M","L358M",-0.237374356821223
"L",358,"N","L358N",-0.00707392658326551
"L",358,"P","L358P",-0.683437717103663
"L",358,"Q","L358Q",0.230532660545539
"L",358,"R","L358R",0.261179009521707
"L",358,"S","L358S",-0.0207509843956704
"L",358,"T","L358T",0.716945752507483
"L",358,"V","L358V",-0.100419221852224
"L",358,"W","L358W",0.487305921476356
"L",358,"Y","L358Y",-1.63858097663297
"T",359,"A","T359A",-0.425289989940036
"T",359,"C","T359C",0.703111273342147
"T",359,"D","T359D",-0.692259273042011
"T",359,"E","T359E",-0.527103366118002
"T",359,"F","T359F",1.554879148082
"T",359,"G","T359G",-0.109566003143088
"T",359,"H","T359H",-0.399421630746371
"T",359,"I","T359I",-0.238567399164843
"T",359,"K","T359K",0.214773829261637
"T",359,"L","T359L",-0.366341306812446
"T",359,"M","T359M",0.131226755964434
"T",359,"N","T359N",-0.00240847786349381
"T",359,"P","T359P",0.578853736356886
"T",359,"Q","T359Q",-0.166803124483328
"T",359,"R","T359R",-0.624220623374544
"T",359,"S","T359S",-0.858420950224834
"T",359,"V","T359V",0.215851213328458
"T",359,"W","T359W",0.335982651858818
"T",359,"Y","T359Y",-0.575385589317211
"K",360,"A","K360A",-0.665158343969626
"K",360,"C","K360C",2.00733104977099
"K",360,"D","K360D",-0.190523965479603
"K",360,"E","K360E",0.1997044983699
"K",360,"F","K360F",0.632256350667551
"K",360,"G","K360G",-0.408199571032383
"K",360,"H","K360H",-0.784609643344381
"K",360,"I","K360I",-0.259169217996863
"K",360,"L","K360L",0.316140992667696
"K",360,"M","K360M",-0.274321232821204
"K",360,"N","K360N",0.00995205834676063
"K",360,"P","K360P",2.07788074947967
"K",360,"Q","K360Q",0.318813325965693
"K",360,"R","K360R",0.984963444854862
"K",360,"S","K360S",0.72299505712088
"K",360,"T","K360T",0.869993410566805
"K",360,"V","K360V",-0.229176316605968
"K",360,"W","K360W",-0.185731189789187
"K",360,"Y","K360Y",0.513444658862888
"N",361,"A","N361A",0.255240174197505
"N",361,"C","N361C",0.0169125125216343
"N",361,"D","N361D",-0.132875940123134
"N",361,"E","N361E",0.914863617390771
"N",361,"F","N361F",-0.30917005170656
"N",361,"G","N361G",0.211574315368696
"N",361,"H","N361H",-0.0152891316468485
"N",361,"I","N361I",-0.14305011449959
"N",361,"K","N361K",-0.478729357292943
"N",361,"L","N361L",0.848306285729532
"N",361,"M","N361M",-0.529344336887247
"N",361,"P","N361P",-0.29661676770056
"N",361,"Q","N361Q",1.07282236750139
"N",361,"R","N361R",0.100958529632761
"N",361,"S","N361S",0.34585349383302
"N",361,"T","N361T",-0.146314171546725
"N",361,"V","N361V",-0.376270644919058
"N",361,"W","N361W",-0.300558294295128
"N",361,"Y","N361Y",-0.801344196815089
"Q",362,"A","Q362A",-0.453870837189676
"Q",362,"C","Q362C",-0.260228981942931
"Q",362,"D","Q362D",-1.3201168524632
"Q",362,"E","Q362E",-0.330713325818272
"Q",362,"F","Q362F",0.301534342394311
"Q",362,"G","Q362G",-0.254656872437209
"Q",362,"H","Q362H",-0.460551746682589
"Q",362,"I","Q362I",1.45965549115926
"Q",362,"K","Q362K",2.56923862449049
"Q",362,"L","Q362L",0.574433553404374
"Q",362,"M","Q362M",0.325248832302528
"Q",362,"N","Q362N",-1.33780295701346
"Q",362,"P","Q362P",0.0958454107482092
"Q",362,"R","Q362R",1.24985162054271
"Q",362,"S","Q362S",-0.499077582566893
"Q",362,"T","Q362T",-1.37772688968687
"Q",362,"V","Q362V",-0.0863049315155122
"Q",362,"W","Q362W",0.609291988660551
"Q",362,"Y","Q362Y",-0.661070573133564
"V",363,"A","V363A",-1.17989507083517
"V",363,"C","V363C",0.115098417379364
"V",363,"D","V363D",-0.15955061115054
"V",363,"E","V363E",0.780533660334315
"V",363,"F","V363F",0.0163896802224559
"V",363,"G","V363G",-0.841177721921992
"V",363,"H","V363H",1.03725542010807
"V",363,"I","V363I",0.596157324219274
"V",363,"K","V363K",0.971376470927521
"V",363,"L","V363L",-0.148994817879996
"V",363,"M","V363M",0.157406055638794
"V",363,"N","V363N",-0.57172475740877
"V",363,"P","V363P",0.0545591638211664
"V",363,"Q","V363Q",1.13177390584294
"V",363,"R","V363R",-0.0644970923171328
"V",363,"S","V363S",0.140332556816605
"V",363,"T","V363T",-0.601802729996947
"V",363,"W","V363W",0.0162123091465503
"V",363,"Y","V363Y",0.413630304959281
"S",364,"A","S364A",-0.729536054649847
"S",364,"C","S364C",0.161755468578707
"S",364,"D","S364D",0.032007297089394
"S",364,"E","S364E",-0.234989097268401
"S",364,"F","S364F",-0.136643250319104
"S",364,"G","S364G",0.863284465587361
"S",364,"H","S364H",-1.09354337542603
"S",364,"I","S364I",0.20994634919527
"S",364,"K","S364K",0.960316073557795
"S",364,"L","S364L",-0.397952699175705
"S",364,"M","S364M",-0.230157010598449
"S",364,"N","S364N",0.937369860003524
"S",364,"P","S364P",0.218890221444181
"S",364,"Q","S364Q",0.0775959620849369
"S",364,"R","S364R",0.273682669511363
"S",364,"T","S364T",-0.537305274297867
"S",364,"V","S364V",0.107748887298944
"S",364,"W","S364W",-0.173897860159911
"S",364,"Y","S364Y",1.60937340670651
"L",365,"A","L365A",-0.270160558328246
"L",365,"C","L365C",0.986111421834021
"L",365,"D","L365D",0.278979583498688
"L",365,"E","L365E",0.566448609721134
"L",365,"F","L365F",0.274013643028961
"L",365,"G","L365G",0.64019363140364
"L",365,"H","L365H",-0.0485487005508436
"L",365,"I","L365I",0.0243461394085242
"L",365,"K","L365K",-0.401888301353226
"L",365,"M","L365M",1.31263015011119
"L",365,"N","L365N",-0.436065053678203
"L",365,"P","L365P",0.0582468627648125
"L",365,"Q","L365Q",-0.786391559547041
"L",365,"R","L365R",-0.0768569486966207
"L",365,"S","L365S",-0.558657050277255
"L",365,"T","L365T",0.138710597581396
"L",365,"V","L365V",0.52856212691483
"L",365,"W","L365W",-0.234676339958026
"L",365,"Y","L365Y",-0.0312363143578417
"T",366,"A","T366A",-0.48860644557077
"T",366,"C","T366C",-0.398274636996762
"T",366,"D","T366D",0.720664686309269
"T",366,"E","T366E",1.44332637227449
"T",366,"F","T366F",-1.36790489906071
"T",366,"G","T366G",0.162563792180114
"T",366,"H","T366H",0.213694135516978
"T",366,"I","T366I",0.26294390554253
"T",366,"K","T366K",-0.616701840239124
"T",366,"L","T366L",-0.200990752992057
"T",366,"M","T366M",-0.424427602165939
"T",366,"N","T366N",-0.0211405870401137
"T",366,"P","T366P",-0.752555700208456
"T",366,"Q","T366Q",0.0950663082505703
"T",366,"R","T366R",0.311637751124605
"T",366,"S","T366S",0.434582152699409
"T",366,"V","T366V",-0.399959221911063
"T",366,"W","T366W",0.724598334576591
"T",366,"Y","T366Y",2.12875338275856
"C",367,"A","C367A",0.00672599249348562
"C",367,"D","C367D",0.622287525997155
"C",367,"E","C367E",0.155051340017404
"C",367,"F","C367F",0.132686756120901
"C",367,"G","C367G",0.2192071545244
"C",367,"H","C367H",0.433193767921792
"C",367,"I","C367I",-1.02988975220179
"C",367,"K","C367K",-0.0680117668141644
"C",367,"L","C367L",-0.880939867783246
"C",367,"M","C367M",0.301437383190595
"C",367,"N","C367N",0.186687344477745
"C",367,"P","C367P",0.894165369624747
"C",367,"Q","C367Q",0.743421030294408
"C",367,"R","C367R",1.92857716894746
"C",367,"S","C367S",1.36412297998372
"C",367,"T","C367T",-0.886477931432701
"C",367,"V","C367V",-0.998151386735083
"C",367,"W","C367W",-0.953846974108609
"C",367,"Y","C367Y",0.33328415418736
"L",368,"A","L368A",0.400141188602449
"L",368,"C","L368C",0.529977608050463
"L",368,"D","L368D",-0.85061031126697
"L",368,"E","L368E",1.14043937904365
"L",368,"F","L368F",0.541625407180616
"L",368,"G","L368G",-0.333021134909507
"L",368,"H","L368H",0.966221607418251
"L",368,"I","L368I",0.877689828786705
"L",368,"K","L368K",0.826648430280297
"L",368,"M","L368M",0.149819816467686
"L",368,"N","L368N",-0.59966030573327
"L",368,"P","L368P",-0.329008947376077
"L",368,"Q","L368Q",-1.35092363011135
"L",368,"R","L368R",-0.902392000028618
"L",368,"S","L368S",0.961623550567
"L",368,"T","L368T",-0.733488215756469
"L",368,"V","L368V",-1.56197697320314
"L",368,"W","L368W",-1.20092038514594
"L",368,"Y","L368Y",0.817852156514871
"V",369,"A","V369A",0.881786242852306
"V",369,"C","V369C",-0.733574850093818
"V",369,"D","V369D",-1.2157293526364
"V",369,"E","V369E",-1.12259860986437
"V",369,"F","V369F",-0.0936149711547565
"V",369,"G","V369G",0.57370941791516
"V",369,"H","V369H",0.944232757074084
"V",369,"I","V369I",-1.74378015635179
"V",369,"K","V369K",0.728925152901574
"V",369,"L","V369L",0.349097283019511
"V",369,"M","V369M",-0.986798223653576
"V",369,"N","V369N",-0.456839114184388
"V",369,"P","V369P",0.230574783128633
"V",369,"Q","V369Q",0.80591103088632
"V",369,"R","V369R",-1.31886089668882
"V",369,"S","V369S",-1.98155129149285
"V",369,"T","V369T",-0.431314298149261
"V",369,"W","V369W",-0.280722876351492
"V",369,"Y","V369Y",0.966734418650329
"K",370,"C","K370C",-0.80236689393554
"K",370,"D","K370D",0.077550621167838
"K",370,"E","K370E",0.665483932512839
"K",370,"F","K370F",-0.448092332931568
"K",370,"G","K370G",0.597963317016451
"K",370,"H","K370H",0.67934173466689
"K",370,"I","K370I",1.63011445506724
"K",370,"L","K370L",0.429856906687457
"K",370,"M","K370M",0.0845742321694555
"K",370,"N","K370N",-0.677130919560779
"K",370,"P","K370P",-0.371791309856222
"K",370,"Q","K370Q",0.260147343681243
"K",370,"R","K370R",0.479408042421805
"K",370,"S","K370S",-1.00679668274405
"K",370,"T","K370T",-0.436645326691531
"K",370,"V","K370V",1.39460740411339
"K",370,"W","K370W",0.10056098383063
"K",370,"Y","K370Y",-0.203647648451969
"G",371,"A","G371A",0.153764212381676
"G",371,"C","G371C",1.28420272613628
"G",371,"D","G371D",-0.0146076966894232
"G",371,"E","G371E",0.329751130861878
"G",371,"F","G371F",0.030582549227157
"G",371,"H","G371H",-0.656743975977903
"G",371,"I","G371I",1.00562597705378
"G",371,"K","G371K",0.639028010526292
"G",371,"L","G371L",-0.0237449505796281
"G",371,"M","G371M",0.131089454399365
"G",371,"N","G371N",-0.765499852233472
"G",371,"P","G371P",1.63762013005317
"G",371,"Q","G371Q",0.148442642199493
"G",371,"R","G371R",-0.481425926494166
"G",371,"S","G371S",0.4919888979892
"G",371,"T","G371T",-0.0452248945339815
"G",371,"V","G371V",-0.185437263538751
"G",371,"W","G371W",0.212892077419531
"G",371,"Y","G371Y",-1.4091003114487
"F",372,"A","F372A",0.368247151339127
"F",372,"C","F372C",-8.91980614027739
"F",372,"D","F372D",-0.770981829145372
"F",372,"E","F372E",-0.12734953075134
"F",372,"G","F372G",0.028307709937021
"F",372,"H","F372H",1.44833757589409
"F",372,"I","F372I",1.8801057299111
"F",372,"K","F372K",1.2595084896763
"F",372,"L","F372L",-0.696902937792962
"F",372,"M","F372M",1.42674283866976
"F",372,"N","F372N",1.44650831106948
"F",372,"P","F372P",-1.51397240215713
"F",372,"Q","F372Q",0.509914054225066
"F",372,"R","F372R",-0.606627956780561
"F",372,"S","F372S",-1.30706023897045
"F",372,"T","F372T",0.702327017906391
"F",372,"V","F372V",1.13163904069554
"F",372,"W","F372W",-1.70762522893317
"F",372,"Y","F372Y",-1.38278470468521
"Y",373,"A","Y373A",-1.2120625187587
"Y",373,"C","Y373C",-1.07972184653469
"Y",373,"D","Y373D",-0.682867372773429
"Y",373,"E","Y373E",0.085519654255392
"Y",373,"F","Y373F",0.3865830657598
"Y",373,"G","Y373G",0.366191500379121
"Y",373,"H","Y373H",1.41148733441812
"Y",373,"I","Y373I",1.58164340707186
"Y",373,"K","Y373K",0.16546020928819
"Y",373,"L","Y373L",-0.564622535300606
"Y",373,"M","Y373M",-0.258959611646085
"Y",373,"N","Y373N",0.277752733697321
"Y",373,"P","Y373P",-0.199027967050799
"Y",373,"Q","Y373Q",-0.745897624046643
"Y",373,"R","Y373R",1.32763331816553
"Y",373,"S","Y373S",-0.613430818205496
"Y",373,"T","Y373T",0.0713842064327026
"Y",373,"V","Y373V",-1.05693587879108
"Y",373,"W","Y373W",2.20155024576184
"P",374,"A","P374A",-0.842591815898567
"P",374,"C","P374C",-0.147457515094995
"P",374,"D","P374D",0.141957585698386
"P",374,"E","P374E",-0.890868382492121
"P",374,"F","P374F",-0.81136972016737
"P",374,"G","P374G",1.64690351442275
"P",374,"H","P374H",-0.062307149995995
"P",374,"I","P374I",-0.819167119615218
"P",374,"K","P374K",0.731032578835441
"P",374,"L","P374L",-1.39497199704354
"P",374,"M","P374M",0.703551010936477
"P",374,"N","P374N",0.251526501319808
"P",374,"Q","P374Q",-1.47243604388327
"P",374,"R","P374R",0.0378399215226299
"P",374,"S","P374S",0.481649655964087
"P",374,"T","P374T",-0.169603157000661
"P",374,"V","P374V",0.684232589476699
"P",374,"W","P374W",-0.0559306221851122
"P",374,"Y","P374Y",-0.889627990321402
"S",375,"A","S375A",-1.02736978310566
"S",375,"C","S375C",2.14282048418231
"S",375,"D","S375D",-0.69018785098981
"S",375,"E","S375E",1.19796170818431
"S",375,"F","S375F",0.601445317207584
"S",375,"G","S375G",-1.42518686253389
"S",375,"H","S375H",-0.447232634270912
"S",375,"I","S375I",-0.307023054857437
"S",375,"K","S375K",-0.519559433338981
"S",375,"L","S375L",-0.425443457495457
"S",375,"M","S375M",0.3213646709626
"S",375,"N","S375N",-0.0183011655307452
"S",375,"P","S375P",0.193433269853255
"S",375,"Q","S375Q",0.721196362583434
"S",375,"R","S375R",0.29243966619351
"S",375,"T","S375T",1.50390358719544
"S",375,"V","S375V",-1.19115396335747
"S",375,"W","S375W",-0.2403865567285
"S",375,"Y","S375Y",1.16758249761301
"D",376,"A","D376A",-0.41615130958486
"D",376,"C","D376C",0.466456318040726
"D",376,"E","D376E",-0.475064733270618
"D",376,"F","D376F",-1.06731034527152
"D",376,"G","D376G",0.847363159182702
"D",376,"H","D376H",0.740481136098093
"D",376,"I","D376I",-1.26912748914626
"D",376,"K","D376K",-0.333000405419945
"D",376,"L","D376L",-0.579795421910734
"D",376,"M","D376M",1.4760458991467
"D",376,"N","D376N",0.371226565571953
"D",376,"P","D376P",0.585184700327784
"D",376,"Q","D376Q",-1.24272535911727
"D",376,"R","D376R",1.02698215101828
"D",376,"S","D376S",0.10582817284392
"D",376,"T","D376T",-0.217042770984693
"D",376,"V","D376V",-0.893513262679754
"D",376,"W","D376W",-1.89016068378949
"D",376,"Y","D376Y",-0.595725056302723
"I",377,"A","I377A",-1.36188001982526
"I",377,"C","I377C",0.554116780853818
"I",377,"D","I377D",-0.824498993188517
"I",377,"E","I377E",0.10412658766507
"I",377,"F","I377F",1.15726727395053
"I",377,"G","I377G",-0.80301766092856
"I",377,"H","I377H",-0.71229104048
"I",377,"K","I377K",0.198206292157225
"I",377,"L","I377L",0.0292682351930846
"I",377,"M","I377M",-2.24794504896135
"I",377,"N","I377N",-0.984228330324137
"I",377,"P","I377P",-0.643617249003758
"I",377,"Q","I377Q",0.0177310190827305
"I",377,"R","I377R",0.82494014045147
"I",377,"S","I377S",0.693132248369475
"I",377,"T","I377T",-0.259803384778864
"I",377,"V","I377V",0.216058425437079
"I",377,"W","I377W",0.257531256067095
"I",377,"Y","I377Y",0.26764641016126
"A",378,"C","A378C",-0.178921612118636
"A",378,"D","A378D",0.198823188426659
"A",378,"E","A378E",1.06876281252741
"A",378,"F","A378F",1.05272568209188
"A",378,"G","A378G",0.377998214557312
"A",378,"H","A378H",-0.90919013546986
"A",378,"I","A378I",-0.18782672984078
"A",378,"K","A378K",-0.4135622109249
"A",378,"L","A378L",0.158687795506528
"A",378,"M","A378M",-0.487772560976363
"A",378,"N","A378N",-1.92940939869737
"A",378,"P","A378P",-0.280314537230699
"A",378,"Q","A378Q",4.00873106298311
"A",378,"R","A378R",0.0346431083459703
"A",378,"S","A378S",1.08949006175218
"A",378,"T","A378T",0.241436244560898
"A",378,"V","A378V",-0.282180730926751
"A",378,"W","A378W",-1.42459720138164
"A",378,"Y","A378Y",1.07484668137619
"V",379,"A","V379A",0.428912695944206
"V",379,"C","V379C",-0.397860150774692
"V",379,"D","V379D",-0.175436747023183
"V",379,"E","V379E",0.091975167520718
"V",379,"F","V379F",-1.75367712637336
"V",379,"G","V379G",0.932225826323524
"V",379,"H","V379H",0.0671111722234923
"V",379,"I","V379I",-2.02481681109651
"V",379,"K","V379K",0.348304182985019
"V",379,"L","V379L",1.79210164776458
"V",379,"M","V379M",1.69985966735115
"V",379,"N","V379N",0.71987154999455
"V",379,"P","V379P",0.0435570105681098
"V",379,"Q","V379Q",1.67938855353108
"V",379,"R","V379R",-0.702365831061358
"V",379,"S","V379S",-0.572590266661658
"V",379,"T","V379T",-0.118776552203589
"V",379,"W","V379W",-1.49858886339598
"V",379,"Y","V379Y",1.86076038707494
"E",380,"A","E380A",-0.308738251738501
"E",380,"C","E380C",0.88257274655844
"E",380,"D","E380D",0.126996502270867
"E",380,"F","E380F",-0.105555291467769
"E",380,"G","E380G",0.432402037713447
"E",380,"H","E380H",-0.541629508282993
"E",380,"I","E380I",0.0597328811678159
"E",380,"K","E380K",-0.418754985035055
"E",380,"L","E380L",0.548216047514797
"E",380,"M","E380M",-0.457886483299175
"E",380,"N","E380N",-0.527784452032145
"E",380,"P","E380P",0.805265553985558
"E",380,"Q","E380Q",-0.0803691735350451
"E",380,"R","E380R",-0.317288409539154
"E",380,"S","E380S",0.665614625826398
"E",380,"T","E380T",1.33350324007214
"E",380,"V","E380V",0.364868176410887
"E",380,"W","E380W",1.04127055598383
"E",380,"Y","E380Y",1.33648426615348
"W",381,"A","W381A",0.768929936636573
"W",381,"C","W381C",0.179187430676642
"W",381,"D","W381D",1.21533994006826
"W",381,"E","W381E",0.259320340772364
"W",381,"F","W381F",-1.02141963136513
"W",381,"G","W381G",1.0200908660764
"W",381,"H","W381H",0.824552200583404
"W",381,"I","W381I",0.0625866393759377
"W",381,"K","W381K",-0.555901545456318
"W",381,"L","W381L",0.534156813025883
"W",381,"M","W381M",-0.0913865076006742
"W",381,"N","W381N",0.365828527531155
"W",381,"P","W381P",0.10970699372487
"W",381,"Q","W381Q",2.14494321652511
"W",381,"R","W381R",1.28526649777824
"W",381,"S","W381S",0.742377189431415
"W",381,"T","W381T",-0.178094091280947
"W",381,"V","W381V",-0.563463432789379
"W",381,"Y","W381Y",-0.0200019817202308
"E",382,"A","E382A",0.254126012979891
"E",382,"C","E382C",1.06356948996391
"E",382,"D","E382D",-1.35822809412308
"E",382,"F","E382F",-0.988332834451598
"E",382,"G","E382G",-1.14168271386958
"E",382,"H","E382H",-1.00188886854741
"E",382,"I","E382I",-0.0321910584729209
"E",382,"K","E382K",-0.5182954535608
"E",382,"L","E382L",0.069145444070532
"E",382,"M","E382M",1.39121311403482
"E",382,"N","E382N",-2.04558301247757
"E",382,"P","E382P",0.935715364281591
"E",382,"Q","E382Q",0.226526779115748
"E",382,"R","E382R",0.665892400579897
"E",382,"S","E382S",-1.10182050269509
"E",382,"T","E382T",0.296854197314856
"E",382,"V","E382V",0.229944122635233
"E",382,"W","E382W",0.46703194385839
"E",382,"Y","E382Y",-0.885752512819382
"S",383,"A","S383A",-0.805985732236569
"S",383,"C","S383C",1.17528669171954
"S",383,"D","S383D",-1.33248276239273
"S",383,"E","S383E",0.759269201497524
"S",383,"F","S383F",-0.154144887288781
"S",383,"G","S383G",-0.383884950549881
"S",383,"H","S383H",0.112171822355154
"S",383,"I","S383I",-0.656058768927452
"S",383,"K","S383K",-0.0414379558724833
"S",383,"L","S383L",-0.0633164806020381
"S",383,"M","S383M",1.34155973549167
"S",383,"N","S383N",0.184360108524003
"S",383,"P","S383P",-0.829069900891869
"S",383,"Q","S383Q",-1.37973556585217
"S",383,"R","S383R",-2.17726735317503
"S",383,"T","S383T",0.616519976273417
"S",383,"V","S383V",-0.00444953289502985
"S",383,"W","S383W",-0.00582002560851322
"S",383,"Y","S383Y",-0.991181045388072
"N",384,"A","N384A",-0.0540908255158407
"N",384,"C","N384C",-2.13274571183019
"N",384,"D","N384D",-0.708814138461846
"N",384,"E","N384E",-0.214951596372341
"N",384,"F","N384F",-0.36840650356289
"N",384,"G","N384G",-1.06897527361305
"N",384,"H","N384H",-0.229865617569682
"N",384,"I","N384I",0.120146659833287
"N",384,"K","N384K",-0.58269219567248
"N",384,"L","N384L",-1.24107545185511
"N",384,"M","N384M",0.104371954552928
"N",384,"P","N384P",-1.25014764815704
"N",384,"Q","N384Q",0.639874403107697
"N",384,"R","N384R",-0.661999349363175
"N",384,"S","N384S",-0.285690926273744
"N",384,"T","N384T",1.11322574056492
"N",384,"V","N384V",-0.737328914300453
"N",384,"W","N384W",0.942859928333287
"N",384,"Y","N384Y",-0.0677835670859446
"G",385,"A","G385A",-0.190724219459896
"G",385,"C","G385C",0.592593367454322
"G",385,"D","G385D",-0.828363605249425
"G",385,"E","G385E",1.15246199336964
"G",385,"F","G385F",0.181548700504847
"G",385,"H","G385H",-0.485905574426785
"G",385,"I","G385I",0.227350824259854
"G",385,"K","G385K",0.479576143660275
"G",385,"L","G385L",-1.43568566317579
"G",385,"M","G385M",0.450879410177928
"G",385,"N","G385N",-0.00621586507929069
"G",385,"P","G385P",0.849167551210133
"G",385,"Q","G385Q",-0.342383526606438
"G",385,"R","G385R",-0.217497921445656
"G",385,"S","G385S",0.432212468225118
"G",385,"T","G385T",0.163552927229652
"G",385,"V","G385V",-0.418513266578792
"G",385,"W","G385W",-0.139452589145201
"G",385,"Y","G385Y",-0.0418205836925405
"Q",386,"A","Q386A",0.543637987557144
"Q",386,"C","Q386C",0.577513192530788
"Q",386,"D","Q386D",0.765418442070352
"Q",386,"E","Q386E",-0.476865536639451
"Q",386,"F","Q386F",-1.41917847497952
"Q",386,"G","Q386G",-0.500629147831296
"Q",386,"H","Q386H",-0.652984555209535
"Q",386,"I","Q386I",-0.530697769379873
"Q",386,"K","Q386K",0.729969875663011
"Q",386,"L","Q386L",-0.292864472154436
"Q",386,"M","Q386M",0.267553361489177
"Q",386,"N","Q386N",-0.863248609928442
"Q",386,"P","Q386P",-0.552808727061475
"Q",386,"R","Q386R",-0.076898053111781
"Q",386,"S","Q386S",0.0714960137884632
"Q",386,"V","Q386V",0.0230050969648669
"Q",386,"W","Q386W",-0.0742026996515606
"Q",386,"Y","Q386Y",-0.151109149734551
"P",387,"A","P387A",-0.286682876195152
"P",387,"C","P387C",1.00384946502735
"P",387,"D","P387D",-0.551022820590957
"P",387,"E","P387E",-0.906536874267114
"P",387,"F","P387F",-1.51519258390561
"P",387,"G","P387G",0.295881750128686
"P",387,"H","P387H",0.237180072295762
"P",387,"I","P387I",0.144290380855449
"P",387,"K","P387K",0.610552477744486
"P",387,"L","P387L",0.191125601722775
"P",387,"M","P387M",-0.712236610107607
"P",387,"N","P387N",0.982347287528322
"P",387,"Q","P387Q",0.837189761278177
"P",387,"R","P387R",-0.430123733790044
"P",387,"S","P387S",-0.731693495012957
"P",387,"T","P387T",-0.158607825112433
"P",387,"V","P387V",0.258665686240966
"P",387,"W","P387W",-0.518184822003446
"P",387,"Y","P387Y",1.63745645504148
"E",388,"A","E388A",-0.761123482396594
"E",388,"C","E388C",0.539911588613325
"E",388,"D","E388D",0.353167253490864
"E",388,"F","E388F",-1.12423894095732
"E",388,"G","E388G",-0.0829143779900182
"E",388,"H","E388H",-0.701810277268726
"E",388,"I","E388I",0.0167318299463519
"E",388,"K","E388K",-0.288532331657899
"E",388,"L","E388L",0.943908398811089
"E",388,"M","E388M",-0.731539020321447
"E",388,"N","E388N",-0.331874627272308
"E",388,"P","E388P",-0.291697001718148
"E",388,"Q","E388Q",0.179021002940671
"E",388,"R","E388R",1.29512195575634
"E",388,"S","E388S",0.372929368426901
"E",388,"T","E388T",0.132015352462404
"E",388,"V","E388V",-2.09997814169501
"E",388,"W","E388W",0.0298499059031361
"E",388,"Y","E388Y",0.461031479006249
"N",389,"A","N389A",-0.573414637878238
"N",389,"C","N389C",0.340081097443948
"N",389,"D","N389D",-0.446640776668974
"N",389,"E","N389E",0.0711905903676698
"N",389,"F","N389F",-1.28774299778344
"N",389,"G","N389G",-0.378429234962607
"N",389,"H","N389H",-1.3592254830526
"N",389,"I","N389I",0.102344782124144
"N",389,"K","N389K",0.148133023480777
"N",389,"L","N389L",-0.583770886812078
"N",389,"M","N389M",0.0497038461621911
"N",389,"P","N389P",1.22571520322707
"N",389,"Q","N389Q",-0.0658717071255996
"N",389,"R","N389R",1.07611628155929
"N",389,"S","N389S",-1.07122446213054
"N",389,"T","N389T",-1.45773304652543
"N",389,"V","N389V",0.142659338143693
"N",389,"W","N389W",0.60323866006117
"N",389,"Y","N389Y",0.68658173663058
"N",390,"A","N390A",-0.21235154167236
"N",390,"C","N390C",-0.249651430352481
"N",390,"D","N390D",0.122253577945873
"N",390,"E","N390E",0.467827691089051
"N",390,"F","N390F",-0.601295539427742
"N",390,"G","N390G",-0.458215334720082
"N",390,"H","N390H",-0.380206770479655
"N",390,"I","N390I",-0.00320380236375648
"N",390,"K","N390K",1.10604235427195
"N",390,"L","N390L",-0.669318039447532
"N",390,"M","N390M",0.11247224801351
"N",390,"P","N390P",-0.66413872399242
"N",390,"Q","N390Q",-0.124360404004881
"N",390,"R","N390R",-0.155186056441002
"N",390,"S","N390S",0.559459194231802
"N",390,"T","N390T",2.05268050215014
"N",390,"V","N390V",-0.0159512442717651
"N",390,"W","N390W",0.256708426577952
"N",390,"Y","N390Y",-0.340250336946467
"Y",391,"A","Y391A",0.110619271666642
"Y",391,"C","Y391C",-0.961223324158704
"Y",391,"D","Y391D",-0.153122116270176
"Y",391,"E","Y391E",1.69106582691907
"Y",391,"F","Y391F",-1.44140135353339
"Y",391,"G","Y391G",-0.824607622381376
"Y",391,"H","Y391H",0.183365860099998
"Y",391,"I","Y391I",0.372546568320809
"Y",391,"K","Y391K",0.104979849101816
"Y",391,"L","Y391L",0.365410233691547
"Y",391,"M","Y391M",1.32783047731135
"Y",391,"N","Y391N",0.376543202614765
"Y",391,"P","Y391P",-0.849894640673235
"Y",391,"Q","Y391Q",1.00960177016406
"Y",391,"R","Y391R",-1.07233016881999
"Y",391,"S","Y391S",-0.312535224218441
"Y",391,"T","Y391T",0.169496205565124
"Y",391,"V","Y391V",-0.183354782933312
"Y",391,"W","Y391W",-0.362232800084437
"K",392,"A","K392A",0.211678961679419
"K",392,"C","K392C",0.502663158934379
"K",392,"D","K392D",-0.301370020667528
"K",392,"E","K392E",1.00183112350897
"K",392,"F","K392F",0.185710350311195
"K",392,"G","K392G",-0.692521593145203
"K",392,"H","K392H",0.250080756728634
"K",392,"I","K392I",0.559714566661834
"K",392,"L","K392L",0.096502174014004
"K",392,"M","K392M",0.463346516586939
"K",392,"N","K392N",0.442725641818123
"K",392,"P","K392P",0.101211523989888
"K",392,"Q","K392Q",1.08518294288505
"K",392,"R","K392R",1.41938408456533
"K",392,"S","K392S",-0.0995916504735457
"K",392,"T","K392T",0.141960047885293
"K",392,"V","K392V",-0.551599714991725
"K",392,"W","K392W",-0.24329461421248
"K",392,"Y","K392Y",-2.20899130307811
"T",393,"A","T393A",0.795535012599594
"T",393,"C","T393C",-0.697376948281007
"T",393,"D","T393D",0.42960480035683
"T",393,"E","T393E",0.0104282833429148
"T",393,"F","T393F",-1.09269537572314
"T",393,"G","T393G",-0.969585441207877
"T",393,"H","T393H",0.249239985977034
"T",393,"I","T393I",0.442672837608189
"T",393,"K","T393K",-1.87759385633427
"T",393,"L","T393L",0.377527154384737
"T",393,"M","T393M",0.141245248478686
"T",393,"N","T393N",-0.0540625459502888
"T",393,"P","T393P",0.177424109353783
"T",393,"Q","T393Q",-0.596964423730708
"T",393,"R","T393R",0.254145697482446
"T",393,"S","T393S",-0.0699427308252638
"T",393,"V","T393V",-0.532469805841972
"T",393,"W","T393W",-0.496718364758066
"T",393,"Y","T393Y",-0.074562265630966
"T",394,"A","T394A",-1.22297209279848
"T",394,"C","T394C",-0.64619619740466
"T",394,"D","T394D",-0.938112582164431
"T",394,"E","T394E",-1.01318350591923
"T",394,"F","T394F",0.92423648745254
"T",394,"G","T394G",-0.259513690450669
"T",394,"H","T394H",-0.468952104277159
"T",394,"I","T394I",0.0939000512305152
"T",394,"K","T394K",0.680297217785975
"T",394,"L","T394L",0.294436041140494
"T",394,"M","T394M",0.351558619228477
"T",394,"N","T394N",-2.63126799571927
"T",394,"P","T394P",0.803871402375063
"T",394,"Q","T394Q",0.198969878726573
"T",394,"R","T394R",-0.330245315245992
"T",394,"S","T394S",-0.215610444591444
"T",394,"V","T394V",-1.07126610387243
"T",394,"W","T394W",-0.425737937868833
"T",394,"Y","T394Y",0.910336001859354
"P",395,"A","P395A",0.22572460051588
"P",395,"C","P395C",1.80036860239243
"P",395,"D","P395D",0.301657966788071
"P",395,"E","P395E",-1.17212192931607
"P",395,"F","P395F",-0.0374470254762909
"P",395,"G","P395G",-0.114008922603186
"P",395,"H","P395H",-1.17527935781014
"P",395,"I","P395I",-0.98888690685495
"P",395,"K","P395K",-1.21078779280169
"P",395,"L","P395L",-1.13998057887841
"P",395,"M","P395M",1.53308400697384
"P",395,"N","P395N",-1.18078974437472
"P",395,"Q","P395Q",0.158439474920417
"P",395,"R","P395R",0.178989351760305
"P",395,"S","P395S",0.0294559649601757
"P",395,"T","P395T",0.142278581464331
"P",395,"V","P395V",0.715544326333057
"P",395,"W","P395W",-1.39476326924495
"P",395,"Y","P395Y",-0.39785931128225
"P",396,"A","P396A",0.924585421791306
"P",396,"C","P396C",-0.499532821282102
"P",396,"D","P396D",-0.95500942059757
"P",396,"E","P396E",-0.357045020990245
"P",396,"F","P396F",-0.81847836426818
"P",396,"G","P396G",-0.475957537684583
"P",396,"H","P396H",-0.525171854789815
"P",396,"I","P396I",-0.922334121097611
"P",396,"K","P396K",-0.845186547591187
"P",396,"L","P396L",-0.760539273987908
"P",396,"M","P396M",-1.8421130435339
"P",396,"N","P396N",0.486361613014395
"P",396,"Q","P396Q",0.207448009425728
"P",396,"R","P396R",-0.193014579883064
"P",396,"S","P396S",-1.64614705071151
"P",396,"T","P396T",-0.147336363108812
"P",396,"V","P396V",-0.980271371001028
"P",396,"W","P396W",-1.52679979949397
"P",396,"Y","P396Y",0.223534392185591
"V",397,"A","V397A",-0.0683603737788602
"V",397,"C","V397C",-0.264671312509469
"V",397,"D","V397D",-0.50632782653936
"V",397,"E","V397E",0.119286851044349
"V",397,"F","V397F",0.883354013783283
"V",397,"G","V397G",-1.68643395339216
"V",397,"H","V397H",-0.386043015219304
"V",397,"I","V397I",-0.139196788118263
"V",397,"K","V397K",-0.350163792233106
"V",397,"L","V397L",-0.294982508809855
"V",397,"M","V397M",-1.07169084311479
"V",397,"N","V397N",0.299982936808587
"V",397,"P","V397P",-0.366551704894573
"V",397,"Q","V397Q",-1.04770848388301
"V",397,"R","V397R",0.348999910097171
"V",397,"S","V397S",0.23423902446011
"V",397,"T","V397T",0.395766407275909
"V",397,"W","V397W",-1.10230933950244
"V",397,"Y","V397Y",-0.0989302081029708
"L",398,"A","L398A",-0.609711697612279
"L",398,"C","L398C",-2.03728079428011
"L",398,"D","L398D",1.4029734434372
"L",398,"E","L398E",-0.312488391798064
"L",398,"F","L398F",1.67469724505387
"L",398,"G","L398G",0.802398346122953
"L",398,"H","L398H",1.88362993179925
"L",398,"I","L398I",-1.28614588696421
"L",398,"K","L398K",-0.266608003353376
"L",398,"M","L398M",0.109915757613223
"L",398,"N","L398N",0.776498378117047
"L",398,"P","L398P",-0.0513757276832087
"L",398,"Q","L398Q",0.142871511612144
"L",398,"R","L398R",0.475226285661407
"L",398,"S","L398S",0.0225754711526811
"L",398,"T","L398T",-0.275264871946108
"L",398,"V","L398V",0.350018373207713
"L",398,"W","L398W",-1.02548671296803
"L",398,"Y","L398Y",-1.04240791719837
"D",399,"A","D399A",-0.742246546084037
"D",399,"C","D399C",-0.465575741017913
"D",399,"E","D399E",-1.45704280223372
"D",399,"F","D399F",-0.0330910873298834
"D",399,"G","D399G",-2.24230361112069
"D",399,"H","D399H",0.386052414133878
"D",399,"I","D399I",-0.421959183244898
"D",399,"K","D399K",-0.121189646363241
"D",399,"L","D399L",-0.410494482022785
"D",399,"M","D399M",-0.172164924027704
"D",399,"N","D399N",-0.76434968695489
"D",399,"P","D399P",-1.67131503438062
"D",399,"Q","D399Q",0.113221664575225
"D",399,"R","D399R",0.373687148465213
"D",399,"S","D399S",-1.13905319121686
"D",399,"T","D399T",-1.27495879190293
"D",399,"V","D399V",-1.15514496989763
"D",399,"W","D399W",-0.359531802781532
"D",399,"Y","D399Y",0.187333357405257
"S",400,"A","S400A",0.159270871483093
"S",400,"C","S400C",0.0753289255314042
"S",400,"D","S400D",0.298398685269126
"S",400,"E","S400E",0.239936094015968
"S",400,"F","S400F",-2.09614961544714
"S",400,"G","S400G",-0.419639663250766
"S",400,"H","S400H",0.325254053467248
"S",400,"I","S400I",-0.449063543638098
"S",400,"K","S400K",1.12463083628353
"S",400,"L","S400L",-0.901686085479545
"S",400,"M","S400M",0.0091263168490504
"S",400,"N","S400N",-1.22749338658177
"S",400,"P","S400P",-1.7238464257255
"S",400,"Q","S400Q",-0.63286527313009
"S",400,"R","S400R",-0.0816922187801315
"S",400,"T","S400T",-0.0848153559883799
"S",400,"V","S400V",-0.307656311027791
"S",400,"W","S400W",1.1554450297165
"S",400,"Y","S400Y",0.377024193899687
"D",401,"A","D401A",0.558247419343647
"D",401,"C","D401C",0.394155361410316
"D",401,"E","D401E",1.23823243109678
"D",401,"F","D401F",0.0863820973306918
"D",401,"G","D401G",-1.18557747028984
"D",401,"H","D401H",-0.820522935180316
"D",401,"I","D401I",0.0251045885802179
"D",401,"K","D401K",1.58891605532637
"D",401,"L","D401L",-0.436960251095857
"D",401,"M","D401M",-0.148819090018578
"D",401,"N","D401N",-0.159233738508129
"D",401,"P","D401P",-4.31858007456021
"D",401,"Q","D401Q",0.64685242363982
"D",401,"R","D401R",-1.33216802794325
"D",401,"S","D401S",-0.925340456503667
"D",401,"T","D401T",0.43244361915372
"D",401,"V","D401V",0.91687791090838
"D",401,"W","D401W",0.404103918958106
"D",401,"Y","D401Y",-0.366608602988079
"G",402,"A","G402A",-1.01044962243145
"G",402,"C","G402C",-0.660193909116056
"G",402,"D","G402D",-1.40279859388536
"G",402,"E","G402E",-0.901288510696574
"G",402,"F","G402F",0.286727470089598
"G",402,"H","G402H",0.170565485651211
"G",402,"I","G402I",0.977022423980975
"G",402,"K","G402K",0.0251162281555768
"G",402,"L","G402L",-0.0305161794004057
"G",402,"M","G402M",-0.96517357595812
"G",402,"N","G402N",0.367511718187776
"G",402,"P","G402P",-0.972118842155438
"G",402,"Q","G402Q",-0.59054911304523
"G",402,"R","G402R",0.00669193938902031
"G",402,"S","G402S",-1.36039641190928
"G",402,"T","G402T",0.264599626688587
"G",402,"V","G402V",-0.523423602068822
"G",402,"W","G402W",0.368592574576063
"G",402,"Y","G402Y",0.459743033326966
"S",403,"A","S403A",-0.264401059123701
"S",403,"C","S403C",-0.594666303582853
"S",403,"D","S403D",-0.620812899917252
"S",403,"E","S403E",0.97434904756345
"S",403,"F","S403F",-1.42265156476815
"S",403,"G","S403G",0.425777373865568
"S",403,"H","S403H",0.258460276732175
"S",403,"I","S403I",-0.587698302530619
"S",403,"K","S403K",1.0638378242936
"S",403,"L","S403L",-0.0638842761711013
"S",403,"M","S403M",-2.32713756639968
"S",403,"N","S403N",-0.232952000394375
"S",403,"P","S403P",0.561706714223432
"S",403,"Q","S403Q",0.00963330662532362
"S",403,"R","S403R",-0.532965663832114
"S",403,"T","S403T",0.953072658011165
"S",403,"V","S403V",-0.025947676988813
"S",403,"W","S403W",1.02627075439894
"S",403,"Y","S403Y",0.607265554839809
"F",404,"A","F404A",0.515667691641614
"F",404,"C","F404C",0.812167920623839
"F",404,"D","F404D",-0.10950453143139
"F",404,"E","F404E",1.22418519114082
"F",404,"G","F404G",-0.188435193192605
"F",404,"H","F404H",1.19559210621585
"F",404,"I","F404I",0.383731571877141
"F",404,"K","F404K",-2.61293848366449
"F",404,"L","F404L",-1.23712046925567
"F",404,"M","F404M",-0.947127387952931
"F",404,"N","F404N",0.783614271441246
"F",404,"P","F404P",-2.10664522595293
"F",404,"Q","F404Q",1.13543100572575
"F",404,"R","F404R",-0.144005091900759
"F",404,"S","F404S",-0.369460863181729
"F",404,"T","F404T",-0.160102944017907
"F",404,"V","F404V",-0.294505386263209
"F",404,"W","F404W",-0.0344180323121358
"F",404,"Y","F404Y",-0.0990490737689069
"F",405,"A","F405A",0.652417590112067
"F",405,"C","F405C",0.174448382620799
"F",405,"D","F405D",1.93678354365039
"F",405,"E","F405E",-0.321523156803298
"F",405,"G","F405G",0.59513301433038
"F",405,"H","F405H",-1.32457437557557
"F",405,"I","F405I",-0.148442304677635
"F",405,"K","F405K",-0.0942779878178135
"F",405,"L","F405L",-0.24720371090863
"F",405,"M","F405M",-1.160970123378
"F",405,"N","F405N",0.240209126531795
"F",405,"P","F405P",-1.27114230099192
"F",405,"Q","F405Q",-0.0637251568848977
"F",405,"R","F405R",0.411395701456381
"F",405,"S","F405S",-0.610784620105698
"F",405,"T","F405T",0.471143334109309
"F",405,"V","F405V",-0.408244837228799
"F",405,"W","F405W",-0.597947383988583
"F",405,"Y","F405Y",-0.0323008060889033
"L",406,"A","L406A",0.469591180149875
"L",406,"C","L406C",-0.112042300086486
"L",406,"D","L406D",0.163026668396914
"L",406,"E","L406E",-0.221018559450834
"L",406,"F","L406F",-1.01069503866952
"L",406,"G","L406G",-0.240840235305632
"L",406,"H","L406H",0.0773193579252547
"L",406,"I","L406I",0.0515073553234087
"L",406,"K","L406K",0.416683638507627
"L",406,"M","L406M",-0.419685548588589
"L",406,"N","L406N",1.37808289619294
"L",406,"P","L406P",0.505797216388081
"L",406,"Q","L406Q",-0.899113749769325
"L",406,"R","L406R",0.650052608491244
"L",406,"S","L406S",-0.6188477222314
"L",406,"T","L406T",0.750358321478641
"L",406,"V","L406V",0.278031994169468
"L",406,"W","L406W",0.441388365778759
"L",406,"Y","L406Y",2.7939412545839
"Y",407,"A","Y407A",0.612471564656681
"Y",407,"C","Y407C",-0.377270394583994
"Y",407,"D","Y407D",-0.0858673691926629
"Y",407,"E","Y407E",1.25303436226692
"Y",407,"F","Y407F",0.225391782500916
"Y",407,"G","Y407G",1.26614607111414
"Y",407,"H","Y407H",-0.00292573721117451
"Y",407,"I","Y407I",0.135606486114629
"Y",407,"K","Y407K",1.22243362012694
"Y",407,"L","Y407L",1.23135630272248
"Y",407,"M","Y407M",0.682137671503464
"Y",407,"N","Y407N",-1.20548781391175
"Y",407,"P","Y407P",3.04165277234136
"Y",407,"Q","Y407Q",0.594666780930631
"Y",407,"R","Y407R",-0.535607118292079
"Y",407,"S","Y407S",-0.39338007535022
"Y",407,"T","Y407T",-0.234065258644522
"Y",407,"V","Y407V",-0.319118382555501
"Y",407,"W","Y407W",-0.406607131463189
"S",408,"A","S408A",-0.112217835245998
"S",408,"C","S408C",0.795455769091955
"S",408,"D","S408D",0.339041336385511
"S",408,"E","S408E",-0.136559601955624
"S",408,"F","S408F",0.441085963093137
"S",408,"G","S408G",-0.837499899855933
"S",408,"H","S408H",0.0368223091751479
"S",408,"I","S408I",-0.519995977048409
"S",408,"K","S408K",-0.0117074466531771
"S",408,"L","S408L",1.93617955041629
"S",408,"M","S408M",0.360086924158059
"S",408,"N","S408N",1.61291164801299
"S",408,"P","S408P",0.703801871988184
"S",408,"Q","S408Q",-0.0486026819866741
"S",408,"R","S408R",-0.999138798815811
"S",408,"T","S408T",-0.712799317907304
"S",408,"V","S408V",0.380399844603849
"S",408,"W","S408W",-0.33361994381063
"S",408,"Y","S408Y",0.738398103818581
"K",409,"A","K409A",-0.395490407402235
"K",409,"C","K409C",0.626863864013126
"K",409,"D","K409D",0.335919420397637
"K",409,"E","K409E",-0.0493806706359926
"K",409,"F","K409F",-0.328036181664378
"K",409,"G","K409G",0.0769567527668899
"K",409,"H","K409H",-0.363327241257453
"K",409,"I","K409I",-1.07112411309012
"K",409,"L","K409L",-0.920085833989962
"K",409,"M","K409M",-0.0353091133175377
"K",409,"N","K409N",-0.257493709166018
"K",409,"P","K409P",-0.475709742386835
"K",409,"Q","K409Q",0.218503868727247
"K",409,"R","K409R",0.524131097532059
"K",409,"S","K409S",0.68836359627341
"K",409,"T","K409T",-0.205662188687094
"K",409,"V","K409V",0.374427457736449
"K",409,"W","K409W",-1.13970424163406
"K",409,"Y","K409Y",-1.50288766074261
"L",410,"A","L410A",-1.01309568803962
"L",410,"C","L410C",0.56469841301267
"L",410,"D","L410D",0.59057722733882
"L",410,"E","L410E",-0.192974116149619
"L",410,"F","L410F",-0.557916737077606
"L",410,"G","L410G",0.658922696210288
"L",410,"H","L410H",-0.463120238306343
"L",410,"I","L410I",0.995819804870873
"L",410,"K","L410K",-2.2131864945595
"L",410,"M","L410M",2.49628751286477
"L",410,"N","L410N",0.32720696004667
"L",410,"P","L410P",0.278007134124056
"L",410,"Q","L410Q",-0.546343390160508
"L",410,"R","L410R",0.354805955756513
"L",410,"S","L410S",-0.223373345838708
"L",410,"T","L410T",1.12435365207758
"L",410,"V","L410V",-0.847646202698593
"L",410,"W","L410W",0.429341067680216
"L",410,"Y","L410Y",-0.111946486844871
"T",411,"A","T411A",-0.530655220219237
"T",411,"C","T411C",-1.36350420474563
"T",411,"D","T411D",-0.520438808672655
"T",411,"E","T411E",-0.899318797322882
"T",411,"F","T411F",-0.307719687879361
"T",411,"G","T411G",-0.829637530339172
"T",411,"H","T411H",-0.358126838515101
"T",411,"I","T411I",-0.0735053569380659
"T",411,"K","T411K",-1.27449565481278
"T",411,"L","T411L",0.808945050263318
"T",411,"M","T411M",-0.205088703435049
"T",411,"N","T411N",0.152635766553155
"T",411,"P","T411P",-0.213899495485621
"T",411,"Q","T411Q",0.338854626963192
"T",411,"R","T411R",0.427219697930256
"T",411,"S","T411S",0.613930126450179
"T",411,"V","T411V",-0.682408249875859
"T",411,"W","T411W",-0.760848948197204
"T",411,"Y","T411Y",-0.25348987438486
"V",412,"A","V412A",-2.11826186808605
"V",412,"C","V412C",0.235627268611247
"V",412,"D","V412D",-0.268015114307791
"V",412,"E","V412E",0.391571001018937
"V",412,"F","V412F",0.426062322060591
"V",412,"G","V412G",-0.466169637839289
"V",412,"H","V412H",-0.362572091656779
"V",412,"I","V412I",0.115047213159156
"V",412,"K","V412K",-0.139313801511847
"V",412,"L","V412L",-0.785040668384511
"V",412,"M","V412M",-0.18590751549858
"V",412,"N","V412N",0.400914888379403
"V",412,"P","V412P",-0.744933354719482
"V",412,"Q","V412Q",0.33852678818048
"V",412,"R","V412R",0.644518089054921
"V",412,"S","V412S",0.557305478788662
"V",412,"T","V412T",-0.664229355642346
"V",412,"W","V412W",2.39362526014948
"V",412,"Y","V412Y",-0.318106462191317
"D",413,"A","D413A",0.551490926523186
"D",413,"C","D413C",-0.495128206923093
"D",413,"E","D413E",0.167591150671378
"D",413,"F","D413F",-0.152727320702663
"D",413,"G","D413G",1.4562318277801
"D",413,"H","D413H",1.37524517452222
"D",413,"I","D413I",0.948888284259965
"D",413,"K","D413K",0.406503774288934
"D",413,"L","D413L",0.779416080815179
"D",413,"M","D413M",0.123280417734783
"D",413,"N","D413N",-0.200019031226722
"D",413,"P","D413P",0.358021069248481
"D",413,"Q","D413Q",1.78818019606617
"D",413,"R","D413R",-0.595922445599173
"D",413,"S","D413S",0.428165225776991
"D",413,"T","D413T",-0.245805035942705
"D",413,"V","D413V",0.245063472387173
"D",413,"W","D413W",0.301870895122778
"D",413,"Y","D413Y",-0.462974628086174
"K",414,"A","K414A",-0.340407559758195
"K",414,"C","K414C",-1.50354877835992
"K",414,"D","K414D",-1.02517313892963
"K",414,"E","K414E",0.766296387694641
"K",414,"F","K414F",-0.0686081718377039
"K",414,"G","K414G",0.0961628722147886
"K",414,"H","K414H",1.17877784633937
"K",414,"I","K414I",-0.0968977925102184
"K",414,"L","K414L",-0.716720683472763
"K",414,"M","K414M",-0.187758220587876
"K",414,"N","K414N",-0.291378778467075
"K",414,"P","K414P",0.14201542579126
"K",414,"Q","K414Q",0.0263133743764837
"K",414,"R","K414R",0.29663610133802
"K",414,"S","K414S",0.383366685329577
"K",414,"T","K414T",-0.383981411039771
"K",414,"V","K414V",0.85876932563243
"K",414,"W","K414W",-0.0600363504149428
"K",414,"Y","K414Y",0.63431283631636
"S",415,"A","S415A",1.07583133799736
"S",415,"C","S415C",-0.349514175583117
"S",415,"D","S415D",-0.476656524097723
"S",415,"E","S415E",-0.153384770014934
"S",415,"F","S415F",-0.121028996556492
"S",415,"G","S415G",-0.988992152472184
"S",415,"H","S415H",0.833645900363994
"S",415,"I","S415I",-1.58373683429516
"S",415,"K","S415K",0.16797235093911
"S",415,"L","S415L",0.726300184364087
"S",415,"M","S415M",0.120737910789273
"S",415,"N","S415N",-0.217608270754061
"S",415,"P","S415P",1.47717982636184
"S",415,"Q","S415Q",-1.83597227106047
"S",415,"R","S415R",-1.01266857509768
"S",415,"T","S415T",-0.0374364712485809
"S",415,"V","S415V",-0.310931078585433
"S",415,"W","S415W",-0.501573948406366
"S",415,"Y","S415Y",-0.358762711169508
"R",416,"A","R416A",0.490097316536098
"R",416,"C","R416C",-0.130005528642887
"R",416,"D","R416D",-0.589707845019024
"R",416,"E","R416E",0.00271631424555951
"R",416,"F","R416F",-0.103294660731735
"R",416,"G","R416G",0.0939107425937749
"R",416,"H","R416H",0.708861594007337
"R",416,"I","R416I",1.31153349091903
"R",416,"K","R416K",0.0154127479947907
"R",416,"L","R416L",-0.711235404261691
"R",416,"M","R416M",-0.559650947674956
"R",416,"N","R416N",-0.824737787229246
"R",416,"P","R416P",-0.18005965569404
"R",416,"Q","R416Q",-0.616971458311375
"R",416,"S","R416S",1.34272535453943
"R",416,"T","R416T",0.604990051790591
"R",416,"V","R416V",0.613776924465972
"R",416,"W","R416W",-0.780884015573334
"R",416,"Y","R416Y",0.507320984578224
"W",417,"A","W417A",0.160333288189847
"W",417,"C","W417C",-1.4065902244898
"W",417,"D","W417D",-0.42073928981202
"W",417,"E","W417E",-0.189471746231705
"W",417,"F","W417F",-0.331988578083911
"W",417,"G","W417G",0.191119612743826
"W",417,"H","W417H",-0.0439980132268668
"W",417,"I","W417I",-0.332244861184422
"W",417,"K","W417K",0.255517062177027
"W",417,"L","W417L",-0.260728947175745
"W",417,"M","W417M",-0.0221840697326937
"W",417,"N","W417N",-1.13152356660657
"W",417,"P","W417P",0.45566725105148
"W",417,"Q","W417Q",0.080495064232033
"W",417,"R","W417R",0.320784902259008
"W",417,"S","W417S",0.518394668276674
"W",417,"T","W417T",-2.09102563070849
"W",417,"V","W417V",0.274562256180136
"W",417,"Y","W417Y",-2.00642526458777
"Q",418,"A","Q418A",-0.441769880618199
"Q",418,"C","Q418C",-0.990106551020498
"Q",418,"D","Q418D",1.46831790646261
"Q",418,"E","Q418E",0.161498571173489
"Q",418,"F","Q418F",0.175016846600768
"Q",418,"G","Q418G",-0.0695907432882801
"Q",418,"H","Q418H",2.46213101994378
"Q",418,"I","Q418I",-0.965910027704261
"Q",418,"K","Q418K",-0.0541217000377167
"Q",418,"L","Q418L",0.45261161260152
"Q",418,"M","Q418M",-0.0388248438722153
"Q",418,"N","Q418N",-0.115157350173873
"Q",418,"P","Q418P",-0.53728526558926
"Q",418,"R","Q418R",-0.293148557205681
"Q",418,"S","Q418S",-0.137002170641369
"Q",418,"T","Q418T",0.220186914724486
"Q",418,"V","Q418V",-0.0367720599048668
"Q",418,"W","Q418W",-0.387507369771881
"Q",418,"Y","Q418Y",0.889118060008998
"Q",419,"A","Q419A",-0.648125078055552
"Q",419,"C","Q419C",1.18987756036574
"Q",419,"D","Q419D",0.219542273712526
"Q",419,"E","Q419E",-0.786396468519583
"Q",419,"F","Q419F",-0.561064805945868
"Q",419,"G","Q419G",0.252518950593645
"Q",419,"H","Q419H",0.562044746722643
"Q",419,"I","Q419I",-0.0232063746378315
"Q",419,"K","Q419K",-0.501434391854896
"Q",419,"L","Q419L",0.506259796681147
"Q",419,"M","Q419M",-0.971620470082028
"Q",419,"N","Q419N",0.249413072275548
"Q",419,"P","Q419P",-0.391645706123233
"Q",419,"R","Q419R",-0.219421277967218
"Q",419,"S","Q419S",0.534318926188081
"Q",419,"T","Q419T",-0.14493465898926
"Q",419,"V","Q419V",-0.754202236873265
"Q",419,"W","Q419W",-0.438172874083269
"Q",419,"Y","Q419Y",-0.198840437724345
"G",420,"A","G420A",-0.168330753614432
"G",420,"C","G420C",0.854890734085851
"G",420,"D","G420D",-0.197770234160194
"G",420,"E","G420E",0.370807030694285
"G",420,"F","G420F",1.00362717537841
"G",420,"H","G420H",1.53520299534075
"G",420,"I","G420I",-0.169949213820561
"G",420,"K","G420K",-0.987617994270785
"G",420,"L","G420L",0.425239248656182
"G",420,"M","G420M",0.802098978702535
"G",420,"N","G420N",-0.0987493168669202
"G",420,"P","G420P",0.198577247947771
"G",420,"Q","G420Q",-0.230235284048363
"G",420,"R","G420R",-0.0283271230463595
"G",420,"S","G420S",-0.0117898411584502
"G",420,"T","G420T",0.779690484388636
"G",420,"V","G420V",-0.353605863113768
"G",420,"W","G420W",-0.73587096981407
"G",420,"Y","G420Y",0.0888542826411953
"N",421,"A","N421A",-0.693613012784207
"N",421,"C","N421C",-0.0918475772892552
"N",421,"D","N421D",1.42678801777839
"N",421,"E","N421E",-0.557779012271364
"N",421,"F","N421F",-0.921549673011349
"N",421,"G","N421G",1.52210112881862
"N",421,"H","N421H",0.547728313225827
"N",421,"I","N421I",-0.871709154971336
"N",421,"K","N421K",-0.58749105330425
"N",421,"L","N421L",-0.438057582336349
"N",421,"M","N421M",-0.265732282876029
"N",421,"P","N421P",-0.824760231794146
"N",421,"Q","N421Q",0.17637382559797
"N",421,"R","N421R",-0.0216763935939012
"N",421,"S","N421S",0.0145491237428309
"N",421,"T","N421T",0.195917493129686
"N",421,"V","N421V",-0.59023617134612
"N",421,"W","N421W",0.455524071987181
"N",421,"Y","N421Y",0.0742636593336346
"V",422,"A","V422A",-0.680623888115231
"V",422,"C","V422C",-1.22072992206206
"V",422,"D","V422D",-0.198390467843736
"V",422,"E","V422E",0.121567568794988
"V",422,"F","V422F",0.126053160532811
"V",422,"G","V422G",-0.0467645478571901
"V",422,"H","V422H",0.27769783156095
"V",422,"I","V422I",0.366125811335204
"V",422,"K","V422K",-0.849354277200849
"V",422,"L","V422L",0.625350695471356
"V",422,"M","V422M",0.636291749287139
"V",422,"N","V422N",-0.551283155819906
"V",422,"P","V422P",-0.150320416147054
"V",422,"Q","V422Q",-0.811350370092297
"V",422,"R","V422R",0.601201109617508
"V",422,"S","V422S",0.132764433948301
"V",422,"T","V422T",-0.112840072290948
"V",422,"W","V422W",1.22228775766723
"V",422,"Y","V422Y",-0.146201001408863
"F",423,"A","F423A",0.572438315727153
"F",423,"C","F423C",0.237262302538956
"F",423,"D","F423D",0.261901136832125
"F",423,"E","F423E",0.511344237235656
"F",423,"G","F423G",-1.59549603070673
"F",423,"H","F423H",0.0457777323689593
"F",423,"I","F423I",-1.39948606680969
"F",423,"K","F423K",-1.5625083645847
"F",423,"L","F423L",0.253626107904463
"F",423,"M","F423M",-0.800705228167592
"F",423,"N","F423N",-0.216925787798894
"F",423,"P","F423P",0.0744023987019575
"F",423,"Q","F423Q",0.0679861110816283
"F",423,"R","F423R",-0.122104872681437
"F",423,"S","F423S",-0.530889521854407
"F",423,"T","F423T",-1.05917821430833
"F",423,"V","F423V",-1.24487657381357
"F",423,"W","F423W",0.890017528755993
"F",423,"Y","F423Y",-0.47986113090545
"S",424,"A","S424A",2.24459755164468
"S",424,"C","S424C",-0.324282617599875
"S",424,"D","S424D",-0.636475572154388
"S",424,"E","S424E",1.83282423158653
"S",424,"F","S424F",0.0482500644575572
"S",424,"G","S424G",-0.330099343083655
"S",424,"H","S424H",-0.102992395981859
"S",424,"I","S424I",0.61187046541301
"S",424,"K","S424K",0.616628724792951
"S",424,"L","S424L",-1.06217551171781
"S",424,"M","S424M",-0.814096632548531
"S",424,"N","S424N",-0.372584915610919
"S",424,"P","S424P",-1.3441125047482
"S",424,"Q","S424Q",0.442041758166076
"S",424,"R","S424R",-0.0031671037098032
"S",424,"T","S424T",-0.417254870889136
"S",424,"V","S424V",0.0871513626843031
"S",424,"W","S424W",0.0933136194462493
"S",424,"Y","S424Y",-1.01379222703541
"C",425,"A","C425A",0.116457608830059
"C",425,"D","C425D",1.02478216718912
"C",425,"E","C425E",1.00277977113345
"C",425,"F","C425F",-0.457995605469643
"C",425,"G","C425G",-1.09996477044575
"C",425,"H","C425H",-0.62548357924265
"C",425,"I","C425I",0.920254505215014
"C",425,"K","C425K",0.590492163692378
"C",425,"L","C425L",0.538925894647065
"C",425,"M","C425M",1.15928290561272
"C",425,"N","C425N",2.43115341527126
"C",425,"P","C425P",0.105814494172897
"C",425,"Q","C425Q",-0.0932959900697237
"C",425,"R","C425R",1.83020324432796
"C",425,"S","C425S",-0.767835391866067
"C",425,"T","C425T",0.838513454315353
"C",425,"V","C425V",-0.400411860305041
"C",425,"W","C425W",0.139372522514349
"C",425,"Y","C425Y",0.165124528965237
"S",426,"A","S426A",0.350578888083409
"S",426,"C","S426C",-0.495257416527259
"S",426,"D","S426D",0.272106175313908
"S",426,"E","S426E",-0.142947077157113
"S",426,"F","S426F",-1.43205160841271
"S",426,"G","S426G",-0.403912418525635
"S",426,"H","S426H",0.334959630753601
"S",426,"I","S426I",-0.0683489344019294
"S",426,"K","S426K",1.03888012930513
"S",426,"L","S426L",-0.361180353157634
"S",426,"M","S426M",-0.117336612561492
"S",426,"N","S426N",0.278107425291705
"S",426,"P","S426P",-1.08207478781172
"S",426,"Q","S426Q",-0.26953299819825
"S",426,"R","S426R",-0.0464400931463172
"S",426,"T","S426T",-1.0734171374067
"S",426,"V","S426V",0.142376193246585
"S",426,"W","S426W",-0.869895150902803
"S",426,"Y","S426Y",0.0900026168019434
"V",427,"A","V427A",-1.15898766341271
"V",427,"C","V427C",0.371443289007108
"V",427,"D","V427D",-0.0373955398174931
"V",427,"E","V427E",0.811637363576516
"V",427,"F","V427F",-0.0423547932831322
"V",427,"G","V427G",-0.624572150218749
"V",427,"H","V427H",0.0247557064649686
"V",427,"I","V427I",-0.229301552351281
"V",427,"K","V427K",-0.93749555922621
"V",427,"L","V427L",0.512032779197973
"V",427,"M","V427M",-0.228855789008081
"V",427,"N","V427N",-0.20499624976307
"V",427,"P","V427P",0.657490609112928
"V",427,"Q","V427Q",1.26609011915806
"V",427,"R","V427R",-0.132425956655727
"V",427,"S","V427S",0.334082753163533
"V",427,"T","V427T",-0.654337129798697
"V",427,"W","V427W",-0.385659984665033
"V",427,"Y","V427Y",0.336768154085016
"M",428,"A","M428A",1.67822798872163
"M",428,"C","M428C",-0.00238238435844492
"M",428,"D","M428D",-0.545189336241739
"M",428,"E","M428E",0.41346434578489
"M",428,"F","M428F",-0.513753499172551
"M",428,"G","M428G",0.678521137596356
"M",428,"H","M428H",0.533807972667932
"M",428,"I","M428I",-0.528403525211044
"M",428,"K","M428K",-0.160379101301137
"M",428,"L","M428L",-0.502853396195844
"M",428,"N","M428N",0.304832629793438
"M",428,"P","M428P",0.444085286908374
"M",428,"Q","M428Q",-0.174746348508913
"M",428,"R","M428R",-0.216324308709726
"M",428,"S","M428S",0.300253534019588
"M",428,"T","M428T",0.0754468568557229
"M",428,"V","M428V",-0.407706397463306
"M",428,"W","M428W",-1.03335991259103
"M",428,"Y","M428Y",-0.368685159313279
"H",429,"A","H429A",-3.45548602281424
"H",429,"C","H429C",-0.326141392891697
"H",429,"D","H429D",0.626714890155483
"H",429,"E","H429E",-0.752755938192867
"H",429,"F","H429F",-0.600809844094117
"H",429,"G","H429G",0.682380799015049
"H",429,"I","H429I",-0.299583574416434
"H",429,"K","H429K",-2.4640038817631
"H",429,"L","H429L",1.19622484302419
"H",429,"M","H429M",-0.616131615633659
"H",429,"N","H429N",-0.244043376818491
"H",429,"P","H429P",4.96779533541877
"H",429,"Q","H429Q",-0.0462839329542102
"H",429,"R","H429R",1.56286942407897
"H",429,"S","H429S",1.2512427173969
"H",429,"T","H429T",-0.529943877119886
"H",429,"V","H429V",-1.27938814784554
"H",429,"W","H429W",0.809174597058899
"H",429,"Y","H429Y",0.680157423631268
"E",430,"A","E430A",-0.073086713946877
"E",430,"C","E430C",0.372052650922402
"E",430,"D","E430D",-0.00583307943520936
"E",430,"F","E430F",0.666363642293145
"E",430,"G","E430G",0.76716696562133
"E",430,"H","E430H",-0.803507612493169
"E",430,"I","E430I",-0.237756577181429
"E",430,"K","E430K",0.936623506033088
"E",430,"L","E430L",0.419343719372509
"E",430,"M","E430M",0.130360476123244
"E",430,"N","E430N",-0.815963083536398
"E",430,"P","E430P",0.29612344382146
"E",430,"Q","E430Q",-0.214096497713627
"E",430,"R","E430R",0.630092814617059
"E",430,"S","E430S",-0.389593467272886
"E",430,"T","E430T",2.37164950697885
"E",430,"V","E430V",-1.38364268696897
"E",430,"W","E430W",0.456565933736851
"E",430,"Y","E430Y",-0.662263375186478
"L",432,"A","L432A",0.575039036307982
"L",432,"C","L432C",-0.176290055839564
"L",432,"D","L432D",0.753171074957555
"L",432,"E","L432E",0.941063833915758
"L",432,"F","L432F",0.265309514010296
"L",432,"G","L432G",0.456040559008486
"L",432,"H","L432H",0.145543852937759
"L",432,"I","L432I",1.27039476836477
"L",432,"K","L432K",0.397868417843142
"L",432,"M","L432M",-2.05611234191035
"L",432,"N","L432N",-0.272810896071547
"L",432,"P","L432P",-0.0337131094779055
"L",432,"Q","L432Q",0.467624644809473
"L",432,"R","L432R",-0.0471713235284427
"L",432,"S","L432S",-0.093160358954056
"L",432,"T","L432T",-0.908040608221232
"L",432,"V","L432V",0.371848227790416
"L",432,"W","L432W",-0.00463585814610159
"L",432,"Y","L432Y",0.393953690183623
"H",433,"A","H433A",-0.525310509358041
"H",433,"C","H433C",0.137744060421077
"H",433,"D","H433D",-0.718890140756216
"H",433,"E","H433E",-1.15856819161345
"H",433,"F","H433F",0.691591457240245
"H",433,"G","H433G",-1.10295946743102
"H",433,"I","H433I",-0.401253223896982
"H",433,"K","H433K",-0.0489514787245016
"H",433,"L","H433L",-0.384356864872493
"H",433,"M","H433M",-0.956989706218071
"H",433,"N","H433N",-0.978457516699207
"H",433,"P","H433P",-0.98578517542693
"H",433,"Q","H433Q",-1.24080496002182
"H",433,"R","H433R",0.295588140175258
"H",433,"S","H433S",-1.20150165417135
"H",433,"T","H433T",0.290972517587938
"H",433,"V","H433V",-0.309700400964808
"H",433,"W","H433W",0.678138079496695
"H",433,"Y","H433Y",0.22396308337081
"N",434,"A","N434A",-0.439937458762912
"N",434,"C","N434C",-0.0672764928103435
"N",434,"D","N434D",-0.631067290572181
"N",434,"E","N434E",-1.00413587463368
"N",434,"F","N434F",0.104949819318474
"N",434,"G","N434G",1.15154705538295
"N",434,"H","N434H",0.41594248565572
"N",434,"I","N434I",0.206351628569317
"N",434,"K","N434K",0.0806058750994988
"N",434,"L","N434L",-0.916621152688372
"N",434,"P","N434P",-0.144151571414848
"N",434,"Q","N434Q",0.625868543030484
"N",434,"R","N434R",-0.765728891676668
"N",434,"S","N434S",-0.617790344108352
"N",434,"T","N434T",-0.426907119408161
"N",434,"W","N434W",1.36787374984472
"N",434,"Y","N434Y",0.725756278194577
"H",435,"A","H435A",0.349951870693343
"H",435,"C","H435C",-0.484585806758423
"H",435,"D","H435D",-0.908103122401598
"H",435,"E","H435E",0.461544561556992
"H",435,"F","H435F",1.52866421576412
"H",435,"G","H435G",0.137701461362381
"H",435,"I","H435I",-0.596989940853595
"H",435,"K","H435K",-0.748988119576632
"H",435,"L","H435L",0.71927901048131
"H",435,"M","H435M",-0.0593269239224273
"H",435,"N","H435N",0.524295365833385
"H",435,"P","H435P",0.475142819380147
"H",435,"Q","H435Q",1.68391902402229
"H",435,"R","H435R",0.23588057481072
"H",435,"S","H435S",0.0224590650194284
"H",435,"T","H435T",-0.360142097885083
"H",435,"V","H435V",0.151674778796222
"H",435,"W","H435W",-1.00758328442069
"H",435,"Y","H435Y",-1.86725642748243
"Y",436,"A","Y436A",0.178431868562944
"Y",436,"C","Y436C",0.0484099752728241
"Y",436,"D","Y436D",0.578207776217846
"Y",436,"E","Y436E",0.461281543852855
"Y",436,"F","Y436F",0.445757148590014
"Y",436,"G","Y436G",-1.07874990350263
"Y",436,"H","Y436H",-0.438322516094216
"Y",436,"I","Y436I",-0.644332680401089
"Y",436,"K","Y436K",-0.430959854983912
"Y",436,"L","Y436L",-0.16132796013258
"Y",436,"M","Y436M",-1.06840504480192
"Y",436,"N","Y436N",-0.151359998281545
"Y",436,"P","Y436P",-0.607634023018762
"Y",436,"Q","Y436Q",-0.109649299084994
"Y",436,"R","Y436R",0.12488619403093
"Y",436,"S","Y436S",-0.455929614350852
"Y",436,"T","Y436T",-0.324700752050225
"Y",436,"V","Y436V",0.183804433191749
"Y",436,"W","Y436W",-0.636137104205148
"T",437,"A","T437A",1.28955942529964
"T",437,"C","T437C",0.805648115991645
"T",437,"D","T437D",-0.17116169337428
"T",437,"E","T437E",0.410437908035756
"T",437,"F","T437F",-0.771164394748958
"T",437,"G","T437G",0.790351908660807
"T",437,"H","T437H",-1.06898148548927
"T",437,"I","T437I",-1.1100535822267
"T",437,"K","T437K",-0.243419676277264
"T",437,"L","T437L",-0.310254415315942
"T",437,"M","T437M",-0.446249650606541
"T",437,"N","T437N",-2.07458929902815
"T",437,"P","T437P",0.446959733087338
"T",437,"Q","T437Q",-0.621218833376303
"T",437,"R","T437R",0.116000059449242
"T",437,"S","T437S",-0.769546256812061
"T",437,"V","T437V",-3.23761863987278
"T",437,"W","T437W",0.0241063455303826
"T",437,"Y","T437Y",-0.124315063548195
"Q",438,"A","Q438A",-0.0596247593834941
"Q",438,"C","Q438C",0.204478599801928
"Q",438,"D","Q438D",-0.348515342316684
"Q",438,"E","Q438E",-0.455780156443391
"Q",438,"F","Q438F",0.54349024503647
"Q",438,"G","Q438G",-0.273817304033891
"Q",438,"H","Q438H",0.248187434608396
"Q",438,"I","Q438I",0.115320273650107
"Q",438,"K","Q438K",1.24021905353583
"Q",438,"L","Q438L",-1.15107856087276
"Q",438,"M","Q438M",-1.04973444370012
"Q",438,"N","Q438N",0.465507338274359
"Q",438,"P","Q438P",-1.4227237045818
"Q",438,"R","Q438R",1.13719621167361
"Q",438,"S","Q438S",0.342162770754566
"Q",438,"T","Q438T",0.670795096064719
"Q",438,"V","Q438V",-1.22890610760811
"Q",438,"W","Q438W",0.118328692560408
"Q",438,"Y","Q438Y",-0.542272266940179
"K",439,"A","K439A",0.351376618511827
"K",439,"C","K439C",-0.444856117062811
"K",439,"D","K439D",-0.0576677043109647
"K",439,"E","K439E",-0.897233628113501
"K",439,"F","K439F",-0.0952055477977671
"K",439,"G","K439G",-1.2396000389587
"K",439,"H","K439H",0.588945636014189
"K",439,"I","K439I",0.613022242858109
"K",439,"L","K439L",0.2728243333187
"K",439,"M","K439M",-0.638419559643093
"K",439,"N","K439N",0.0679086263858281
"K",439,"P","K439P",-0.0613842851023106
"K",439,"Q","K439Q",-0.473619669550212
"K",439,"R","K439R",0.712770311623447
"K",439,"S","K439S",0.162858763619768
"K",439,"T","K439T",0.155940257171955
"K",439,"V","K439V",-0.768905991373589
"K",439,"W","K439W",0.490236649168138
"K",439,"Y","K439Y",0.784328075137008
"S",440,"A","S440A",-1.42673463332977
"S",440,"C","S440C",0.0733187277913811
"S",440,"D","S440D",-0.876732137584285
"S",440,"E","S440E",-0.211137620681169
"S",440,"F","S440F",-0.310035945288407
"S",440,"G","S440G",-0.939122557291819
"S",440,"H","S440H",-0.665225519829092
"S",440,"I","S440I",2.5426729517522
"S",440,"K","S440K",0.567232740942373
"S",440,"L","S440L",-1.2029834974008
"S",440,"M","S440M",0.0525711780322857
"S",440,"N","S440N",-0.882092863118035
"S",440,"P","S440P",0.321045033525587
"S",440,"Q","S440Q",-0.316349472853115
"S",440,"R","S440R",-1.6419522554208
"S",440,"T","S440T",0.221230146463749
"S",440,"V","S440V",-0.392012202846375
"S",440,"W","S440W",-0.45044249393386
"S",440,"Y","S440Y",-0.0311675689802885
"L",441,"A","L441A",0.874095074386653
"L",441,"C","L441C",0.175873819880021
"L",441,"D","L441D",-1.06341980081748
"L",441,"E","L441E",0.716224200814693
"L",441,"F","L441F",0.00658324939978565
"L",441,"G","L441G",-0.720584871510186
"L",441,"H","L441H",0.624585525064343
"L",441,"I","L441I",-0.393676276294712
"L",441,"K","L441K",-0.358978285468284
"L",441,"M","L441M",0.705290496556176
"L",441,"N","L441N",-0.520577628160086
"L",441,"P","L441P",0.758761065651279
"L",441,"Q","L441Q",0.353773260123952
"L",441,"R","L441R",0.645833558045099
"L",441,"S","L441S",-0.0440544088792873
"L",441,"T","L441T",-0.810936604837669
"L",441,"V","L441V",0.0197544588647152
"L",441,"W","L441W",0.908985505040671
"L",441,"Y","L441Y",0.288649429515801
"S",442,"A","S442A",-1.30040845858028
"S",442,"C","S442C",-0.427223392167131
"S",442,"D","S442D",0.0536925550429594
"S",442,"E","S442E",-0.0324618727703937
"S",442,"F","S442F",-0.254085838797657
"S",442,"G","S442G",1.2056643185181
"S",442,"H","S442H",0.153591841976461
"S",442,"I","S442I",0.241504549949735
"S",442,"K","S442K",0.58113314184964
"S",442,"L","S442L",-0.915240256292612
"S",442,"M","S442M",-0.961902960795993
"S",442,"N","S442N",-0.331874731073608
"S",442,"P","S442P",-1.32896074292231
"S",442,"Q","S442Q",-0.0803282954975924
"S",442,"R","S442R",-1.13510238555708
"S",442,"T","S442T",0.936248040546742
"S",442,"V","S442V",0.472880322945683
"S",442,"W","S442W",-0.774436052467009
"S",442,"Y","S442Y",-0.69582754562315
"L",443,"A","L443A",0.313188420807621
"L",443,"C","L443C",0.156796786906183
"L",443,"D","L443D",-0.63833817028977
"L",443,"E","L443E",0.0272581160646938
"L",443,"F","L443F",0.155152927283079
"L",443,"G","L443G",0.189833285634235
"L",443,"H","L443H",0.212545105631732
"L",443,"I","L443I",-0.502286122414088
"L",443,"K","L443K",0.964318049406092
"L",443,"M","L443M",0.0734856708716062
"L",443,"N","L443N",-0.47133247190852
"L",443,"P","L443P",-0.927869226070095
"L",443,"Q","L443Q",0.238112206505663
"L",443,"R","L443R",-0.916069727169011
"L",443,"S","L443S",-0.432870219669644
"L",443,"T","L443T",-0.0625271840158215
"L",443,"V","L443V",-0.246375519033277
"L",443,"W","L443W",-0.314868701197451
"L",443,"Y","L443Y",0.200542174638732
"S",444,"A","S444A",0.438998035464737
"S",444,"C","S444C",1.06270083925255
"S",444,"D","S444D",0.0585838535156174
"S",444,"E","S444E",-0.461704148624198
"S",444,"F","S444F",-0.075061737607575
"S",444,"G","S444G",0.136206080704511
"S",444,"H","S444H",0.0239221683387599
"S",444,"I","S444I",0.275871757725079
"S",444,"K","S444K",-0.25541245630796
"S",444,"L","S444L",-1.26098527985502
"S",444,"M","S444M",-1.22147991138535
"S",444,"N","S444N",-0.144023321997471
"S",444,"P","S444P",-0.502732745982735
"S",444,"Q","S444Q",-1.18665502646598
"S",444,"R","S444R",-0.848229076026521
"S",444,"T","S444T",0.0517934119208625
"S",444,"V","S444V",-1.212594821561
"S",444,"W","S444W",0.142753776139196
"S",444,"Y","S444Y",-1.30346068595674
"P",445,"A","P445A",-1.27058669600582
"P",445,"C","P445C",1.07572493276802
"P",445,"D","P445D",0.702717875858778
"P",445,"E","P445E",-1.45398695764204
"P",445,"F","P445F",-0.36125729204583
"P",445,"G","P445G",-1.28412609155716
"P",445,"H","P445H",0.301556138673847
"P",445,"I","P445I",0.498578475183998
"P",445,"K","P445K",0.833666366137037
"P",445,"L","P445L",-0.267925133823932
"P",445,"M","P445M",-0.434442321328323
"P",445,"N","P445N",-0.12067948631779
"P",445,"Q","P445Q",0.347401964958367
"P",445,"R","P445R",-1.70396754289681
"P",445,"S","P445S",0.237426842599829
"P",445,"V","P445V",-0.363703424812013
"P",445,"W","P445W",-1.43525560002821
"P",445,"Y","P445Y",0.7861620366976
"G",446,"A","G446A",-0.867637184206445
"G",446,"C","G446C",-0.678167059838673
"G",446,"D","G446D",-0.660733663068574
"G",446,"E","G446E",-0.364988001600573
"G",446,"F","G446F",0.227650107992594
"G",446,"H","G446H",-0.0168519025436496
"G",446,"I","G446I",0.137915352468023
"G",446,"K","G446K",0.0762727722553775
"G",446,"L","G446L",0.761714118426512
"G",446,"M","G446M",-0.496967190266897
"G",446,"N","G446N",-0.670050571734504
"G",446,"P","G446P",0.148928149919689
"G",446,"Q","G446Q",-0.139959791188327
"G",446,"R","G446R",-0.0598031916804405
"G",446,"S","G446S",0.844301660486844
"G",446,"T","G446T",-0.0589103343132741
"G",446,"V","G446V",0.597766728995723
"G",446,"W","G446W",-0.864313049242715
"G",446,"Y","G446Y",0.382547475900072
"K",447,"A","K447A",0.427469956522113
"K",447,"C","K447C",-0.506904667035947
"K",447,"D","K447D",0.318777589179442
"K",447,"E","K447E",0.235874347709279
"K",447,"F","K447F",0.0841510839725393
"K",447,"G","K447G",0.0331480044000498
"K",447,"H","K447H",0.904211088490634
"K",447,"I","K447I",-0.440456489061811
"K",447,"L","K447L",-0.483786095910801
"K",447,"M","K447M",0.330046510777559
"K",447,"N","K447N",1.22006398138024
"K",447,"P","K447P",-0.452395109209646
"K",447,"Q","K447Q",0.845162799499368
"K",447,"R","K447R",1.10455351461209
"K",447,"S","K447S",-0.46424948991659
"K",447,"T","K447T",-0.196642669650652
"K",447,"V","K447V",-0.185723851552826
"K",447,"W","K447W",-0.391150235204309
"K",447,"Y","K447Y",0.0907751367958485
