"wildtype","site","mutation","name","scaledscore"
"E",216,"A","E216A",1.42360193695612
"E",216,"C","E216C",-0.330784655002695
"E",216,"D","E216D",-0.243553464156744
"E",216,"F","E216F",1.10512544808615
"E",216,"G","E216G",0.751046499519919
"E",216,"H","E216H",0.915338972067881
"E",216,"I","E216I",0.5602074673043
"E",216,"K","E216K",0.618634916681658
"E",216,"L","E216L",0.991661016510937
"E",216,"M","E216M",0.430929447179183
"E",216,"N","E216N",0.161562719369128
"E",216,"P","E216P",1.2751185050987
"E",216,"Q","E216Q",1.27413077619359
"E",216,"R","E216R",1.40920643645288
"E",216,"S","E216S",0.960240637890213
"E",216,"T","E216T",0.550489475121674
"E",216,"V","E216V",1.45808739973607
"E",216,"W","E216W",0.0528810983271183
"E",216,"Y","E216Y",1.13398337865057
"P",217,"A","P217A",0.0997686714437474
"P",217,"C","P217C",0.306676406386356
"P",217,"D","P217D",0.36823582158478
"P",217,"E","P217E",-0.466550277514832
"P",217,"F","P217F",0.408203540203104
"P",217,"G","P217G",1.01266169923223
"P",217,"H","P217H",0.88770129885305
"P",217,"I","P217I",0.717021047485805
"P",217,"K","P217K",1.67040808124607
"P",217,"L","P217L",-0.202776538722602
"P",217,"M","P217M",0.418147182977639
"P",217,"N","P217N",1.40953994996994
"P",217,"Q","P217Q",1.99402329518699
"P",217,"R","P217R",1.46634260378223
"P",217,"S","P217S",0.412936437258972
"P",217,"T","P217T",0.928700682431682
"P",217,"V","P217V",0.304888915609041
"P",217,"W","P217W",-1.20873716115812
"P",217,"Y","P217Y",0.609686518857621
"K",218,"A","K218A",-0.771247743614462
"K",218,"C","K218C",-0.382783138196071
"K",218,"D","K218D",0.960733010772226
"K",218,"E","K218E",-0.256121018609739
"K",218,"F","K218F",-0.0309394920489079
"K",218,"G","K218G",-1.11943638848637
"K",218,"H","K218H",3.308426728588
"K",218,"I","K218I",-1.85177950275854
"K",218,"L","K218L",-0.126875060212893
"K",218,"M","K218M",-0.68592031960734
"K",218,"N","K218N",0.19647865387394
"K",218,"P","K218P",-1.05730350092335
"K",218,"Q","K218Q",-1.30535380137443
"K",218,"R","K218R",-0.123885513838044
"K",218,"S","K218S",0.324859548362881
"K",218,"T","K218T",0.425762788281602
"K",218,"V","K218V",-0.482024970127885
"K",218,"W","K218W",-0.573068518043813
"K",218,"Y","K218Y",-1.05670619542048
"S",219,"A","S219A",0.222698853217281
"S",219,"C","S219C",0.497985628870491
"S",219,"D","S219D",-0.132788238297208
"S",219,"E","S219E",-1.10660066077903
"S",219,"F","S219F",0.48109248618041
"S",219,"G","S219G",-0.403558325030442
"S",219,"H","S219H",0.464161930830717
"S",219,"I","S219I",0.550506961869124
"S",219,"K","S219K",0.688477551917027
"S",219,"L","S219L",0.13583991274478
"S",219,"M","S219M",0.801156597101247
"S",219,"N","S219N",0.523504747944837
"S",219,"P","S219P",0.768229886788585
"S",219,"Q","S219Q",0.753527070328006
"S",219,"R","S219R",0.981011141807031
"S",219,"T","S219T",0.201296075491666
"S",219,"V","S219V",1.33917824468186
"S",219,"W","S219W",-0.283084430762501
"S",219,"Y","S219Y",-0.782898960146942
"C",220,"A","C220A",2.19103967182567
"C",220,"D","C220D",-0.400823106369149
"C",220,"E","C220E",-0.050710186613975
"C",220,"F","C220F",-0.292795332457066
"C",220,"G","C220G",0.855070223669111
"C",220,"H","C220H",0.459121641333332
"C",220,"I","C220I",2.2480457481857
"C",220,"K","C220K",2.32548192400067
"C",220,"L","C220L",1.33263831131743
"C",220,"M","C220M",2.17456519246585
"C",220,"N","C220N",0.236200992816526
"C",220,"P","C220P",0.352885259582259
"C",220,"Q","C220Q",0.635546671545051
"C",220,"R","C220R",0.531545957419896
"C",220,"S","C220S",0.610505348870397
"C",220,"T","C220T",-0.145737136851192
"C",220,"V","C220V",0.0379938115757884
"C",220,"W","C220W",1.25203065823274
"C",220,"Y","C220Y",0.913091485890223
"D",221,"A","D221A",0.669681719426223
"D",221,"C","D221C",0.0699307848405126
"D",221,"E","D221E",0.411774109176736
"D",221,"F","D221F",1.51841978553081
"D",221,"G","D221G",1.0634867732285
"D",221,"H","D221H",0.513822324256723
"D",221,"I","D221I",0.328961202344532
"D",221,"K","D221K",1.7639748708835
"D",221,"L","D221L",0.461112189475192
"D",221,"M","D221M",0.0746479819033423
"D",221,"N","D221N",1.88858618072931
"D",221,"P","D221P",-1.17539619828819
"D",221,"Q","D221Q",0.0392730046111794
"D",221,"R","D221R",0.411937815107507
"D",221,"S","D221S",-0.0261922767878798
"D",221,"T","D221T",0.532896809193981
"D",221,"V","D221V",0.152166555040199
"D",221,"W","D221W",0.825645649219281
"D",221,"Y","D221Y",-0.333528412885613
"K",222,"A","K222A",-0.177036495326722
"K",222,"C","K222C",-0.019640964199844
"K",222,"D","K222D",-0.762822249529118
"K",222,"E","K222E",-0.250780237498324
"K",222,"F","K222F",-0.954183060351491
"K",222,"G","K222G",0.153229544535279
"K",222,"H","K222H",0.919314811347412
"K",222,"I","K222I",-0.598864142547703
"K",222,"L","K222L",-0.385787456124489
"K",222,"M","K222M",-0.252514511159608
"K",222,"N","K222N",0.653552636406854
"K",222,"P","K222P",-1.30176157458963
"K",222,"Q","K222Q",0.0542976423569831
"K",222,"R","K222R",-0.436933197520214
"K",222,"S","K222S",-0.495438600651593
"K",222,"T","K222T",0.225999815945642
"K",222,"V","K222V",-1.08811022177992
"K",222,"W","K222W",0.359405439861066
"K",222,"Y","K222Y",0.376270941011142
"T",223,"A","T223A",1.21245172196042
"T",223,"C","T223C",-0.358966593797823
"T",223,"D","T223D",0.0124777983846061
"T",223,"E","T223E",0.807262162914105
"T",223,"F","T223F",1.43635738260908
"T",223,"G","T223G",0.698527633457542
"T",223,"H","T223H",0.315120073255098
"T",223,"I","T223I",-0.139286713719567
"T",223,"K","T223K",0.405647164098364
"T",223,"L","T223L",-0.36690696536123
"T",223,"M","T223M",1.4967993667571
"T",223,"N","T223N",-0.503985339782945
"T",223,"P","T223P",0.219110369075818
"T",223,"Q","T223Q",-1.02712434138213
"T",223,"R","T223R",0.480405535562349
"T",223,"S","T223S",-0.590134417649731
"T",223,"V","T223V",-0.108889508454307
"T",223,"W","T223W",0.478001207618153
"T",223,"Y","T223Y",-0.265001639153325
"H",224,"A","H224A",-0.401951883767655
"H",224,"C","H224C",-0.307823794022418
"H",224,"D","H224D",-1.2049396803224
"H",224,"E","H224E",0.0543032646726206
"H",224,"F","H224F",0.419747882339366
"H",224,"G","H224G",0.496446171490168
"H",224,"I","H224I",0.0685371397390834
"H",224,"K","H224K",0.238249500329079
"H",224,"L","H224L",0.758145019630369
"H",224,"M","H224M",-0.259136956116553
"H",224,"N","H224N",0.693106842638276
"H",224,"P","H224P",0.501985282165197
"H",224,"Q","H224Q",-0.367949524930468
"H",224,"R","H224R",0.830846333464261
"H",224,"S","H224S",0.887153922798791
"H",224,"T","H224T",0.796138743117595
"H",224,"V","H224V",-0.132583364085638
"H",224,"W","H224W",0.0214812544381181
"H",224,"Y","H224Y",0.336472389879753
"T",225,"A","T225A",0.040255422250846
"T",225,"C","T225C",1.30961388654789
"T",225,"D","T225D",1.03535359731089
"T",225,"E","T225E",1.3724405649608
"T",225,"F","T225F",0.255465027371789
"T",225,"G","T225G",-0.181573354581452
"T",225,"H","T225H",0.470736871950249
"T",225,"I","T225I",0.0764683541619402
"T",225,"K","T225K",1.26561785300954
"T",225,"L","T225L",-0.299577930331974
"T",225,"M","T225M",-0.711091644752616
"T",225,"N","T225N",0.319879299869608
"T",225,"P","T225P",1.26573379196952
"T",225,"Q","T225Q",-0.575615301737735
"T",225,"S","T225S",0.654087194963119
"T",225,"V","T225V",-0.216306668885367
"T",225,"W","T225W",0.862862671661523
"T",225,"Y","T225Y",0.124741387021622
"C",226,"A","C226A",0.00177094953601388
"C",226,"D","C226D",-0.575157440026807
"C",226,"E","C226E",-0.818768011103867
"C",226,"F","C226F",0.0677934708568417
"C",226,"G","C226G",0.0293170430551324
"C",226,"H","C226H",0.106558252387657
"C",226,"I","C226I",-0.868260542576288
"C",226,"K","C226K",0.433111181431995
"C",226,"L","C226L",-0.188160851582132
"C",226,"M","C226M",-0.154444969187725
"C",226,"N","C226N",0.0871543925669418
"C",226,"P","C226P",-0.172334856488535
"C",226,"Q","C226Q",0.574768731348641
"C",226,"R","C226R",0.159538489253999
"C",226,"S","C226S",0.320677756557501
"C",226,"T","C226T",-0.173256096456809
"C",226,"V","C226V",0.14526838896225
"C",226,"W","C226W",-0.373330049483137
"C",226,"Y","C226Y",-0.721040538761997
"P",227,"A","P227A",1.0471894630776
"P",227,"C","P227C",0.227807565218361
"P",227,"D","P227D",1.05080118232085
"P",227,"E","P227E",-0.15526007329995
"P",227,"F","P227F",-0.756899591763511
"P",227,"G","P227G",0.691971702753046
"P",227,"H","P227H",0.659921160043946
"P",227,"I","P227I",2.06894413497219
"P",227,"K","P227K",0.592772204350292
"P",227,"L","P227L",0.579037837565591
"P",227,"M","P227M",0.24073477084406
"P",227,"N","P227N",0.943728520857705
"P",227,"Q","P227Q",-0.0654321419825665
"P",227,"R","P227R",2.41396410671137
"P",227,"S","P227S",-0.349215003097318
"P",227,"T","P227T",0.182945731953577
"P",227,"V","P227V",0.340351497781072
"P",227,"W","P227W",-0.682862515541343
"P",227,"Y","P227Y",-0.697898148879418
"P",228,"A","P228A",-0.206672723251452
"P",228,"C","P228C",0.903712742676333
"P",228,"D","P228D",0.521284295691903
"P",228,"E","P228E",0.415548160056836
"P",228,"F","P228F",0.304419454611152
"P",228,"G","P228G",0.19783431780282
"P",228,"H","P228H",0.472481645426883
"P",228,"I","P228I",0.227031503829878
"P",228,"K","P228K",2.41511961529809
"P",228,"L","P228L",-1.21848071132763
"P",228,"M","P228M",-0.473569781704647
"P",228,"N","P228N",-0.0178006773426875
"P",228,"Q","P228Q",0.581519163535421
"P",228,"R","P228R",1.31596490843116
"P",228,"S","P228S",-0.330695650322991
"P",228,"T","P228T",-0.0643033581956113
"P",228,"V","P228V",0.587152289525474
"P",228,"W","P228W",-0.28142881691287
"P",228,"Y","P228Y",-0.621315046585751
"C",229,"A","C229A",0.581419609279207
"C",229,"D","C229D",-0.375126235591461
"C",229,"E","C229E",-2.10693760086543
"C",229,"F","C229F",-0.390934847158101
"C",229,"G","C229G",0.01089663219496
"C",229,"H","C229H",-0.341065637291108
"C",229,"I","C229I",-1.12498849274845
"C",229,"K","C229K",-0.0212535631522018
"C",229,"L","C229L",0.786913009129081
"C",229,"M","C229M",-0.742099266675565
"C",229,"N","C229N",-0.475792295565836
"C",229,"P","C229P",-0.328401320335203
"C",229,"Q","C229Q",-0.610354588480538
"C",229,"R","C229R",-0.744636309141856
"C",229,"S","C229S",-0.607714312366418
"C",229,"T","C229T",-0.569770630247897
"C",229,"V","C229V",-0.748919233061338
"C",229,"W","C229W",0.00474384392739046
"C",229,"Y","C229Y",-0.398666160496392
"P",230,"A","P230A",0.960015473795012
"P",230,"C","P230C",-0.0388737131122469
"P",230,"D","P230D",0.0528749569905702
"P",230,"E","P230E",0.0116369437624196
"P",230,"F","P230F",-0.653176040828568
"P",230,"G","P230G",-0.2484986193912
"P",230,"H","P230H",0.000208689210207053
"P",230,"I","P230I",0.314802700803715
"P",230,"K","P230K",0.222250116958277
"P",230,"L","P230L",-0.228263781523852
"P",230,"M","P230M",-0.0140401479623885
"P",230,"N","P230N",0.314254723099311
"P",230,"Q","P230Q",-0.0296040066348484
"P",230,"R","P230R",-0.15344883900623
"P",230,"S","P230S",0.193891565808159
"P",230,"T","P230T",0.594729756543569
"P",230,"V","P230V",0.550916683063606
"P",230,"W","P230W",-1.61076249507278
"P",230,"Y","P230Y",0.361426320561251
"A",231,"C","A231C",0.261588750033953
"A",231,"D","A231D",2.19197625747203
"A",231,"E","A231E",-1.53359616369087
"A",231,"F","A231F",0.574600414898384
"A",231,"G","A231G",0.661117270552637
"A",231,"H","A231H",-1.56189851559411
"A",231,"I","A231I",1.89045986561379
"A",231,"K","A231K",-0.238820316901009
"A",231,"L","A231L",0.868325933506264
"A",231,"M","A231M",0.467347667712938
"A",231,"N","A231N",0.848293710270736
"A",231,"P","A231P",0.624062361492336
"A",231,"Q","A231Q",0.975793549745159
"A",231,"R","A231R",-0.109010682074592
"A",231,"S","A231S",1.77533495928425
"A",231,"T","A231T",0.192772827547798
"A",231,"V","A231V",1.86765008087766
"A",231,"W","A231W",0.597464419133919
"A",231,"Y","A231Y",-0.176007894642869
"P",232,"A","P232A",-0.790302439925972
"P",232,"C","P232C",0.330231531239076
"P",232,"D","P232D",-0.418924287218663
"P",232,"E","P232E",-1.46445375313231
"P",232,"F","P232F",0.607327995561846
"P",232,"G","P232G",0.0495698737254079
"P",232,"H","P232H",-0.340834562701652
"P",232,"I","P232I",0.486259766387571
"P",232,"K","P232K",-1.38621423896844
"P",232,"L","P232L",0.367315317023063
"P",232,"M","P232M",0.0323661458969497
"P",232,"N","P232N",-1.1655711318134
"P",232,"Q","P232Q",-0.459035119096494
"P",232,"R","P232R",-0.334306808221909
"P",232,"S","P232S",-0.441909099432165
"P",232,"T","P232T",-0.97185744018998
"P",232,"V","P232V",0.918637597951567
"P",232,"W","P232W",0.97244105852524
"P",232,"Y","P232Y",0.214766063019963
"E",233,"A","E233A",0.107822553395496
"E",233,"C","E233C",1.41477695707283
"E",233,"D","E233D",0.118302579843073
"E",233,"F","E233F",2.86384460639391
"E",233,"G","E233G",-0.673296875196399
"E",233,"H","E233H",0.292042464905759
"E",233,"I","E233I",-0.689452676873266
"E",233,"K","E233K",-1.69561398191129
"E",233,"L","E233L",-0.207442804606204
"E",233,"M","E233M",-0.379530158970507
"E",233,"N","E233N",-1.89444036467959
"E",233,"P","E233P",-0.0479203861537878
"E",233,"Q","E233Q",0.0201560271336648
"E",233,"R","E233R",-0.466992126254777
"E",233,"S","E233S",-0.615351747798892
"E",233,"T","E233T",-1.12633908059331
"E",233,"V","E233V",-0.0687168021596013
"E",233,"W","E233W",0.87065759704519
"E",233,"Y","E233Y",-0.724969520276421
"L",234,"A","L234A",-0.916679183152538
"L",234,"C","L234C",-2.06553056576977
"L",234,"D","L234D",-1.20930412374847
"L",234,"E","L234E",-1.40818644789123
"L",234,"F","L234F",0.868639553630133
"L",234,"G","L234G",0.391275089746768
"L",234,"H","L234H",-1.0059819539136
"L",234,"I","L234I",-0.617038892362884
"L",234,"K","L234K",-1.27037467464925
"L",234,"M","L234M",-0.524637066045886
"L",234,"N","L234N",-2.73667670867578
"L",234,"P","L234P",-0.822400482438552
"L",234,"Q","L234Q",-0.451523555271032
"L",234,"R","L234R",1.20081734427858
"L",234,"S","L234S",-1.81673043405979
"L",234,"T","L234T",-0.81068334547493
"L",234,"W","L234W",-0.367063165532776
"L",234,"Y","L234Y",-1.3181557960744
"L",235,"A","L235A",-1.13238499233555
"L",235,"C","L235C",0.199934650313948
"L",235,"D","L235D",0.0966646935160708
"L",235,"E","L235E",-0.208214501265337
"L",235,"F","L235F",2.45236704510887
"L",235,"G","L235G",-0.861070460219279
"L",235,"H","L235H",0.851873985060992
"L",235,"I","L235I",0.0930220267064456
"L",235,"K","L235K",-0.128290721087741
"L",235,"M","L235M",0.384776700569399
"L",235,"N","L235N",-0.0417370340539458
"L",235,"P","L235P",-0.994275721607019
"L",235,"Q","L235Q",0.518916715978495
"L",235,"R","L235R",0.96211637632287
"L",235,"S","L235S",-0.358223961420565
"L",235,"T","L235T",-0.0439647481799112
"L",235,"V","L235V",0.249074654938624
"L",235,"W","L235W",1.90751893973826
"L",235,"Y","L235Y",2.85483741798272
"G",236,"A","G236A",0.329364272981483
"G",236,"C","G236C",0.573000478958089
"G",236,"D","G236D",-0.544060386410581
"G",236,"E","G236E",0.787403413685516
"G",236,"F","G236F",0.897424450716505
"G",236,"H","G236H",2.02421901081664
"G",236,"I","G236I",2.96174217283946
"G",236,"K","G236K",-1.34540190945931
"G",236,"L","G236L",-0.730157149452086
"G",236,"M","G236M",2.62206777169176
"G",236,"N","G236N",-1.24534340180252
"G",236,"P","G236P",-1.26065819404007
"G",236,"Q","G236Q",2.3320144210314
"G",236,"R","G236R",0.322364903427373
"G",236,"S","G236S",1.79988423356011
"G",236,"T","G236T",4.47225041278378
"G",236,"V","G236V",1.46597193897329
"G",236,"W","G236W",-0.598818896048324
"G",236,"Y","G236Y",1.30854712714832
"G",237,"A","G237A",0.586268505412693
"G",237,"C","G237C",-1.10648763909942
"G",237,"D","G237D",-2.25962946948761
"G",237,"E","G237E",-1.29299989710581
"G",237,"F","G237F",-1.241512786011
"G",237,"H","G237H",-1.40558354865932
"G",237,"I","G237I",-0.890753680582871
"G",237,"K","G237K",1.47768009330782
"G",237,"L","G237L",-0.505745099871196
"G",237,"M","G237M",0.232749626300464
"G",237,"N","G237N",0.511959878665174
"G",237,"P","G237P",-1.4535790835981
"G",237,"Q","G237Q",0.563988015219271
"G",237,"R","G237R",-0.596564808022641
"G",237,"S","G237S",-0.660437033519698
"G",237,"T","G237T",-2.51430675219813
"G",237,"V","G237V",-0.0704456101271149
"G",237,"W","G237W",-0.652264600800464
"G",237,"Y","G237Y",-0.737747238735066
"P",238,"A","P238A",-0.822652979258317
"P",238,"C","P238C",-2.26777347461799
"P",238,"D","P238D",-2.77035845230581
"P",238,"E","P238E",-2.3991602882867
"P",238,"F","P238F",0.465583334401726
"P",238,"G","P238G",-1.69056919419081
"P",238,"H","P238H",-0.0538489575919462
"P",238,"I","P238I",-0.804175331098999
"P",238,"K","P238K",0.50848803154473
"P",238,"L","P238L",1.02973518835621
"P",238,"M","P238M",0.658460352795622
"P",238,"N","P238N",-0.731751185671878
"P",238,"Q","P238Q",-0.279656936273791
"P",238,"R","P238R",-1.38139226138124
"P",238,"S","P238S",-0.950626357543944
"P",238,"T","P238T",-2.32980339902339
"P",238,"V","P238V",1.66154076195855
"P",238,"W","P238W",1.3150449437961
"P",238,"Y","P238Y",0.0587265413952802
"S",239,"A","S239A",0.0262852898917478
"S",239,"C","S239C",0.493695234302396
"S",239,"D","S239D",-5.90426861644386
"S",239,"E","S239E",-3.51236887464637
"S",239,"F","S239F",0.0104854699136967
"S",239,"G","S239G",-0.115109849004824
"S",239,"H","S239H",1.38535857814096
"S",239,"I","S239I",-0.295096532614556
"S",239,"K","S239K",-0.616210045372559
"S",239,"L","S239L",0.513374361685674
"S",239,"M","S239M",0.771935717224848
"S",239,"N","S239N",-1.72282030140444
"S",239,"P","S239P",-1.05165574887391
"S",239,"Q","S239Q",-0.163229669497054
"S",239,"R","S239R",-1.37156326152263
"S",239,"T","S239T",0.493864852107842
"S",239,"V","S239V",0.873694502577194
"S",239,"W","S239W",-1.28655005447573
"S",239,"Y","S239Y",0.143959246910535
"V",240,"A","V240A",-0.0139701709771242
"V",240,"C","V240C",0.593535595757017
"V",240,"D","V240D",0.0557520073315937
"V",240,"E","V240E",-1.55347755254787
"V",240,"F","V240F",0.213116519908496
"V",240,"G","V240G",0.140381620443385
"V",240,"H","V240H",0.151783287827821
"V",240,"I","V240I",1.24401467727725
"V",240,"K","V240K",-0.328568768556258
"V",240,"L","V240L",0.883232355746169
"V",240,"M","V240M",0.148553031429444
"V",240,"N","V240N",1.41492545141379
"V",240,"P","V240P",-0.775170304436819
"V",240,"Q","V240Q",0.0237257842020355
"V",240,"R","V240R",-0.404512917973705
"V",240,"S","V240S",0.457186394070448
"V",240,"T","V240T",-0.121796971512757
"V",240,"W","V240W",-0.612386216497565
"V",240,"Y","V240Y",-1.68467055246122
"F",241,"A","F241A",0.28097995558451
"F",241,"C","F241C",1.6801932176033
"F",241,"D","F241D",-0.799193874455375
"F",241,"E","F241E",-0.594279895623141
"F",241,"G","F241G",1.04424606412265
"F",241,"H","F241H",0.654122528073531
"F",241,"I","F241I",-0.285410111097734
"F",241,"K","F241K",0.543950057237179
"F",241,"L","F241L",0.280397008436767
"F",241,"M","F241M",0.387062947875489
"F",241,"N","F241N",0.396020339949277
"F",241,"P","F241P",-1.15731918438916
"F",241,"Q","F241Q",0.0924864004075634
"F",241,"R","F241R",-0.481568730048265
"F",241,"S","F241S",-0.128033649613243
"F",241,"T","F241T",0.697473274806196
"F",241,"V","F241V",-0.466137878528998
"F",241,"W","F241W",0.279573307789367
"F",241,"Y","F241Y",0.766457462457846
"L",242,"F","L242F",-4.16823462858362
"F",243,"A","F243A",0.200040167047392
"F",243,"C","F243C",-0.51506536380655
"F",243,"D","F243D",-0.0348687008123944
"F",243,"E","F243E",0.885690600891321
"F",243,"H","F243H",-1.38548304317912
"F",243,"I","F243I",-0.0927755835041232
"F",243,"K","F243K",1.82251510335069
"F",243,"L","F243L",0.996726183267633
"F",243,"M","F243M",-0.207422810509091
"F",243,"N","F243N",-0.277583566449779
"F",243,"P","F243P",-0.95830195419515
"F",243,"Q","F243Q",0.00119191676702539
"F",243,"R","F243R",0.436164750095193
"F",243,"S","F243S",1.24576072094391
"F",243,"T","F243T",1.69852103575365
"F",243,"V","F243V",0.167900518976114
"F",243,"W","F243W",0.0401619341245766
"F",243,"Y","F243Y",-0.0453356832072116
"P",244,"A","P244A",-0.27985442195831
"P",244,"C","P244C",-1.00268705689346
"P",244,"D","P244D",0.748449437036233
"P",244,"E","P244E",-0.120207480297907
"P",244,"F","P244F",-0.564410352572435
"P",244,"G","P244G",-0.714597510165299
"P",244,"H","P244H",-1.06517909447006
"P",244,"I","P244I",-0.00903495431131483
"P",244,"K","P244K",1.06052805997001
"P",244,"L","P244L",-1.59441384909853
"P",244,"M","P244M",-0.0363846739379847
"P",244,"N","P244N",1.00206151090981
"P",244,"Q","P244Q",0.405358141778292
"P",244,"R","P244R",-0.338969217291433
"P",244,"S","P244S",-0.365536776611566
"P",244,"T","P244T",0.923221346468526
"P",244,"V","P244V",0.556795309072431
"P",244,"W","P244W",-0.930742065169747
"P",244,"Y","P244Y",-1.76343570811768
"P",245,"A","P245A",-1.0185769189842
"P",245,"C","P245C",-1.68512983498127
"P",245,"D","P245D",-0.913739751428374
"P",245,"E","P245E",2.00673340345981
"P",245,"F","P245F",-0.308895110537334
"P",245,"G","P245G",-0.493082097111182
"P",245,"H","P245H",-0.173686347052387
"P",245,"I","P245I",-0.948238690013736
"P",245,"K","P245K",-3.31285716001154
"P",245,"L","P245L",-1.12113772633734
"P",245,"M","P245M",-0.00907328704635963
"P",245,"N","P245N",1.50295728835434
"P",245,"Q","P245Q",-1.84283789084073
"P",245,"R","P245R",-0.872033488943727
"P",245,"S","P245S",-1.46327014610072
"P",245,"T","P245T",-2.03105473069378
"P",245,"V","P245V",-1.31716473858307
"P",245,"W","P245W",-0.877634638075034
"P",245,"Y","P245Y",-0.630530990242251
"K",246,"A","K246A",0.505106930272083
"K",246,"C","K246C",0.411227356362351
"K",246,"D","K246D",0.31671925755839
"K",246,"E","K246E",1.39199263333783
"K",246,"F","K246F",0.00715136721644216
"K",246,"G","K246G",0.103328667843638
"K",246,"H","K246H",0.488219375445106
"K",246,"I","K246I",-0.661906837929742
"K",246,"L","K246L",1.17654375854574
"K",246,"M","K246M",-0.576680901437463
"K",246,"N","K246N",-0.1676191891752
"K",246,"P","K246P",-1.41883549085957
"K",246,"Q","K246Q",1.1412958635749
"K",246,"R","K246R",0.501748538620908
"K",246,"S","K246S",0.946044272458594
"K",246,"T","K246T",0.270152300003129
"K",246,"V","K246V",-0.44730062190022
"K",246,"W","K246W",0.438373343369126
"K",246,"Y","K246Y",-0.644391283392358
"P",247,"A","P247A",-1.02534436509791
"P",247,"C","P247C",-4.84001731838079
"P",247,"D","P247D",-2.44542968493604
"P",247,"E","P247E",-2.09470209430799
"P",247,"F","P247F",-3.69540138281517
"P",247,"G","P247G",-0.199468839556538
"P",247,"H","P247H",-2.28390847563196
"P",247,"I","P247I",0.0791013378173472
"P",247,"K","P247K",-2.11761093884866
"P",247,"L","P247L",-2.14223367876559
"P",247,"M","P247M",0.151748429006834
"P",247,"N","P247N",-3.05179764923974
"P",247,"Q","P247Q",-0.157213022658162
"P",247,"R","P247R",-0.312941686166844
"P",247,"S","P247S",-1.38127377126691
"P",247,"T","P247T",-0.811137157220298
"P",247,"V","P247V",-0.620515086634851
"P",247,"W","P247W",-2.50879450759147
"P",247,"Y","P247Y",-1.52378443511375
"K",248,"A","K248A",1.73099124518438
"K",248,"C","K248C",-0.47393217517628
"K",248,"D","K248D",0.20102128857176
"K",248,"E","K248E",-0.176089400098968
"K",248,"F","K248F",-0.14049786853675
"K",248,"G","K248G",0.0490548239964177
"K",248,"H","K248H",-0.896291036771396
"K",248,"I","K248I",-0.660025267252456
"K",248,"L","K248L",0.441177163219358
"K",248,"M","K248M",0.448709434804602
"K",248,"N","K248N",-0.0302653593355002
"K",248,"P","K248P",-0.592503167006361
"K",248,"Q","K248Q",1.28288597593069
"K",248,"R","K248R",0.15633597363795
"K",248,"S","K248S",1.09067421541349
"K",248,"T","K248T",0.275301014764842
"K",248,"V","K248V",-0.707427476020477
"K",248,"W","K248W",0.0892893547255411
"K",248,"Y","K248Y",0.60394877312163
"D",249,"A","D249A",-0.37656943647152
"D",249,"C","D249C",0.269263772185154
"D",249,"E","D249E",-1.31676605337655
"D",249,"F","D249F",1.29635345443443
"D",249,"G","D249G",-0.294534716750057
"D",249,"H","D249H",1.07332709747193
"D",249,"I","D249I",-0.876588745834017
"D",249,"K","D249K",0.30993176024312
"D",249,"L","D249L",-0.975709774783964
"D",249,"M","D249M",-0.717927865678664
"D",249,"N","D249N",-0.770355442380271
"D",249,"P","D249P",-1.45179641957563
"D",249,"Q","D249Q",-0.421537279655009
"D",249,"R","D249R",-0.0241129216502408
"D",249,"S","D249S",-0.268695825616687
"D",249,"T","D249T",-0.374098980954919
"D",249,"V","D249V",-0.907424461034296
"D",249,"W","D249W",-0.0580672559365677
"D",249,"Y","D249Y",-0.147371205173269
"T",250,"A","T250A",1.47764082973021
"T",250,"C","T250C",0.483054259535092
"T",250,"D","T250D",-0.220417470739805
"T",250,"E","T250E",0.832510161660557
"T",250,"F","T250F",0.879964206508648
"T",250,"G","T250G",0.229547473646341
"T",250,"H","T250H",2.12276751618884
"T",250,"I","T250I",0.182481698877808
"T",250,"K","T250K",0.842253310674548
"T",250,"L","T250L",1.42560540658096
"T",250,"M","T250M",0.327734961109146
"T",250,"N","T250N",-0.137179581462398
"T",250,"P","T250P",0.175014976669772
"T",250,"Q","T250Q",0.493747987948966
"T",250,"R","T250R",0.30858729090725
"T",250,"S","T250S",0.332443788812306
"T",250,"V","T250V",0.502750388767046
"T",250,"W","T250W",1.36900269568589
"T",250,"Y","T250Y",-0.962814591071862
"L",251,"A","L251A",0.347320389657952
"L",251,"C","L251C",-0.367392349677706
"L",251,"D","L251D",-1.61700608084801
"L",251,"E","L251E",-1.42712816988629
"L",251,"F","L251F",-1.49675976568509
"L",251,"G","L251G",0.0954587555805999
"L",251,"H","L251H",1.45800000949192
"L",251,"I","L251I",0.223754999801469
"L",251,"K","L251K",-0.284136767102529
"L",251,"M","L251M",-1.24669975498549
"L",251,"N","L251N",0.186356978216089
"L",251,"P","L251P",-1.5196093193458
"L",251,"Q","L251Q",0.30139178540632
"L",251,"R","L251R",-0.68576854369468
"L",251,"S","L251S",1.58959692845385
"L",251,"T","L251T",0.169297191646708
"L",251,"V","L251V",-0.387795604189233
"L",251,"W","L251W",-0.946853699097838
"L",251,"Y","L251Y",-0.411834683105912
"M",252,"A","M252A",0.461753085897734
"M",252,"C","M252C",-0.086533264921006
"M",252,"D","M252D",0.280641239043675
"M",252,"E","M252E",0.0539915739695168
"M",252,"F","M252F",-0.433357075931295
"M",252,"G","M252G",0.878288496451292
"M",252,"H","M252H",0.33592612651204
"M",252,"I","M252I",2.05869631740452
"M",252,"K","M252K",-0.512659365463546
"M",252,"L","M252L",0.287171760001085
"M",252,"N","M252N",1.58431790226128
"M",252,"P","M252P",-0.385395066490341
"M",252,"Q","M252Q",-0.0846217168598933
"M",252,"R","M252R",0.529862548178976
"M",252,"S","M252S",0.464184827715881
"M",252,"T","M252T",1.25408373222033
"M",252,"V","M252V",0.503419525819273
"M",252,"W","M252W",0.511577369048581
"M",252,"Y","M252Y",1.92268864569811
"I",253,"A","I253A",0.223994030181007
"I",253,"C","I253C",0.529067739252624
"I",253,"D","I253D",-0.357050408070475
"I",253,"E","I253E",-0.419036068578336
"I",253,"F","I253F",-0.423244141275755
"I",253,"G","I253G",0.454259924136368
"I",253,"H","I253H",0.47989304222449
"I",253,"K","I253K",-0.0139684662649701
"I",253,"L","I253L",0.272985632353961
"I",253,"M","I253M",0.119344020242449
"I",253,"N","I253N",0.585859360339422
"I",253,"P","I253P",1.27211209190007
"I",253,"Q","I253Q",0.103295505338819
"I",253,"R","I253R",1.06278034158827
"I",253,"S","I253S",0.0694198422461827
"I",253,"T","I253T",0.771174018428366
"I",253,"V","I253V",0.589837966531216
"I",253,"W","I253W",-0.590426658153139
"I",253,"Y","I253Y",-1.22643577837542
"S",254,"A","S254A",0.447680186743211
"S",254,"C","S254C",0.260228194343691
"S",254,"D","S254D",0.924185749522089
"S",254,"E","S254E",1.18412140037834
"S",254,"F","S254F",-0.467059898076118
"S",254,"G","S254G",-0.108607372706908
"S",254,"H","S254H",0.520528121991575
"S",254,"I","S254I",0.269990045023058
"S",254,"K","S254K",0.702979280264189
"S",254,"L","S254L",0.381000065371096
"S",254,"M","S254M",0.0910448197343409
"S",254,"N","S254N",-0.956465259050023
"S",254,"P","S254P",1.1227293715057
"S",254,"Q","S254Q",-0.268356694121552
"S",254,"R","S254R",-1.70837953162521
"S",254,"T","S254T",0.939512550533842
"S",254,"V","S254V",0.175423139996438
"S",254,"W","S254W",0.164625095638267
"S",254,"Y","S254Y",0.372506454708432
"R",255,"A","R255A",-0.206581332970659
"R",255,"C","R255C",-0.310518290409316
"R",255,"D","R255D",-1.49277874186333
"R",255,"E","R255E",0.268872731033922
"R",255,"F","R255F",0.773621620931083
"R",255,"G","R255G",0.518533290833136
"R",255,"H","R255H",-0.551060521996082
"R",255,"I","R255I",-1.69803175112385
"R",255,"K","R255K",-0.345686722899427
"R",255,"L","R255L",-0.27915939739712
"R",255,"M","R255M",0.211144569933094
"R",255,"N","R255N",-1.16262696202212
"R",255,"P","R255P",0.505694592033755
"R",255,"Q","R255Q",0.507623026523071
"R",255,"S","R255S",-0.535444309952051
"R",255,"T","R255T",0.543390331075535
"R",255,"V","R255V",-1.78309466654113
"R",255,"W","R255W",0.801016643086886
"R",255,"Y","R255Y",-0.361685896738983
"T",256,"A","T256A",-0.192579276631254
"T",256,"C","T256C",0.916633613331894
"T",256,"D","T256D",0.506549449209991
"T",256,"E","T256E",-0.107783270809414
"T",256,"F","T256F",0.372932881869066
"T",256,"G","T256G",1.00673568988184
"T",256,"H","T256H",0.22915857237788
"T",256,"I","T256I",0.353446702167524
"T",256,"K","T256K",0.0630839265151989
"T",256,"L","T256L",-0.918499693899131
"T",256,"M","T256M",0.551260076620466
"T",256,"N","T256N",-0.427035724037516
"T",256,"P","T256P",0.332333280769427
"T",256,"Q","T256Q",1.07057324279961
"T",256,"R","T256R",0.0156989174793582
"T",256,"S","T256S",0.116428040183192
"T",256,"V","T256V",1.05913099831
"T",256,"W","T256W",-0.0235953632774592
"T",256,"Y","T256Y",0.791718106728808
"P",257,"A","P257A",-0.798636502411857
"P",257,"C","P257C",0.235394865515651
"P",257,"D","P257D",-1.20137606538633
"P",257,"E","P257E",-0.705247449949322
"P",257,"F","P257F",-0.358358714875375
"P",257,"G","P257G",-0.420860719188482
"P",257,"H","P257H",0.0960406513282899
"P",257,"I","P257I",-0.222208880852695
"P",257,"K","P257K",-0.17717331601385
"P",257,"L","P257L",0.462656215362321
"P",257,"M","P257M",-0.163712071433626
"P",257,"N","P257N",1.36257954273303
"P",257,"Q","P257Q",-0.372349614756261
"P",257,"R","P257R",-1.11096929116449
"P",257,"S","P257S",-0.281650433727261
"P",257,"T","P257T",0.573146792504534
"P",257,"V","P257V",-1.03447224774525
"P",257,"W","P257W",0.957774673325745
"P",257,"Y","P257Y",0.940694618234681
"E",258,"A","E258A",0.272399549887361
"E",258,"C","E258C",0.503615430465731
"E",258,"D","E258D",-0.265755954753165
"E",258,"F","E258F",0.0576265972241696
"E",258,"G","E258G",0.693842308545863
"E",258,"H","E258H",-1.80918081869516
"E",258,"I","E258I",-1.55246869541838
"E",258,"K","E258K",0.533647341214058
"E",258,"L","E258L",-0.79470656193267
"E",258,"M","E258M",-0.289014541265779
"E",258,"N","E258N",-1.30522141715005
"E",258,"P","E258P",-1.95072206339171
"E",258,"Q","E258Q",-0.0349486072806978
"E",258,"R","E258R",-0.489598132920329
"E",258,"S","E258S",1.33191151301922
"E",258,"T","E258T",0.0192437406319823
"E",258,"V","E258V",-0.883746120333547
"E",258,"W","E258W",-0.677526265396292
"E",258,"Y","E258Y",0.501486966096819
"V",259,"A","V259A",-0.274891800765855
"V",259,"C","V259C",-0.534480454039196
"V",259,"D","V259D",-1.43532313483816
"V",259,"E","V259E",0.306548540448437
"V",259,"F","V259F",0.247460403841694
"V",259,"G","V259G",-1.67829839621934
"V",259,"H","V259H",-0.862396751652329
"V",259,"I","V259I",-0.816447630452496
"V",259,"K","V259K",-0.135260078322744
"V",259,"L","V259L",-0.802024587333901
"V",259,"M","V259M",1.08928075733084
"V",259,"N","V259N",-0.233358168129916
"V",259,"P","V259P",-0.497384704873176
"V",259,"Q","V259Q",-0.584408199139246
"V",259,"R","V259R",1.12132765916449
"V",259,"S","V259S",-1.46646580151042
"V",259,"T","V259T",-1.13362976057371
"V",259,"W","V259W",-0.990913921885441
"V",259,"Y","V259Y",-0.54555947864803
"T",260,"A","T260A",-0.234755818155753
"T",260,"C","T260C",1.92936015883424
"T",260,"D","T260D",-0.544785680032192
"T",260,"E","T260E",0.185088241790313
"T",260,"F","T260F",-0.870732569283048
"T",260,"G","T260G",0.459704540964282
"T",260,"H","T260H",0.525813284444593
"T",260,"I","T260I",-0.206028803416285
"T",260,"K","T260K",0.743191192382919
"T",260,"L","T260L",0.0237957164389857
"T",260,"M","T260M",0.162794514127164
"T",260,"N","T260N",-0.0572509384482763
"T",260,"P","T260P",0.567876900415779
"T",260,"Q","T260Q",0.841505126999798
"T",260,"R","T260R",0.559754716476485
"T",260,"S","T260S",0.987022541399532
"T",260,"V","T260V",-0.317107415791744
"T",260,"W","T260W",2.20002101402877
"T",260,"Y","T260Y",0.332149842887006
"C",261,"A","C261A",0.803134311288308
"C",261,"D","C261D",-0.695744878074106
"C",261,"E","C261E",-0.219977879764017
"C",261,"F","C261F",-0.936532850582187
"C",261,"G","C261G",-0.461229374703115
"C",261,"H","C261H",-0.81776870699209
"C",261,"I","C261I",-0.0945818345646768
"C",261,"K","C261K",0.12804314947566
"C",261,"L","C261L",-0.6338627481075
"C",261,"M","C261M",-0.440863412008463
"C",261,"N","C261N",-0.667747801106557
"C",261,"P","C261P",0.180937687117864
"C",261,"Q","C261Q",-0.679895168574686
"C",261,"R","C261R",-0.646168838887848
"C",261,"S","C261S",0.741822198149208
"C",261,"T","C261T",0.000874696958359345
"C",261,"V","C261V",-0.0155445165117147
"C",261,"W","C261W",0.655755493432135
"C",261,"Y","C261Y",-1.29752763266823
"V",262,"A","V262A",-0.360444727907719
"V",262,"C","V262C",-0.23824577191333
"V",262,"D","V262D",-0.862085239492652
"V",262,"E","V262E",0.425268709226675
"V",262,"F","V262F",-0.0574313923382454
"V",262,"G","V262G",-0.187618265378764
"V",262,"H","V262H",-0.0425699443031402
"V",262,"I","V262I",1.29362583658247
"V",262,"K","V262K",0.344301488627001
"V",262,"L","V262L",2.04122513032613
"V",262,"M","V262M",0.549176037105433
"V",262,"N","V262N",-0.256651173682045
"V",262,"P","V262P",-0.343672406249586
"V",262,"Q","V262Q",2.02515128315122
"V",262,"R","V262R",-0.806182489470265
"V",262,"S","V262S",0.310838178361316
"V",262,"T","V262T",-0.995167278654572
"V",262,"W","V262W",-0.427644099106973
"V",262,"Y","V262Y",-3.04959184264312
"V",263,"A","V263A",0.0664099157586192
"V",263,"C","V263C",-0.225745320167577
"V",263,"D","V263D",-0.745940721832085
"V",263,"E","V263E",0.309841525513495
"V",263,"F","V263F",-0.764408078135608
"V",263,"G","V263G",-0.112871662219355
"V",263,"H","V263H",-0.113565526032676
"V",263,"I","V263I",-0.543302536736117
"V",263,"K","V263K",1.81130441425523
"V",263,"L","V263L",0.278581330894782
"V",263,"M","V263M",0.67777060494507
"V",263,"N","V263N",-0.529184243974466
"V",263,"P","V263P",-0.00937997490493758
"V",263,"Q","V263Q",0.683018017683023
"V",263,"R","V263R",0.352357609732359
"V",263,"S","V263S",-0.114808545277501
"V",263,"T","V263T",0.267801230153367
"V",263,"W","V263W",0.347454722865688
"V",263,"Y","V263Y",0.947541458190604
"V",264,"A","V264A",0.251343296142361
"V",264,"C","V264C",-2.25039762582871
"V",264,"D","V264D",-1.15551817121835
"V",264,"E","V264E",-0.112974549438338
"V",264,"F","V264F",-0.301446582983611
"V",264,"G","V264G",-2.17529137699966
"V",264,"H","V264H",0.447973420090935
"V",264,"I","V264I",0.0477203320187182
"V",264,"K","V264K",-1.48313255094567
"V",264,"L","V264L",0.431905132934637
"V",264,"M","V264M",1.01939341313116
"V",264,"N","V264N",-0.141672595900659
"V",264,"P","V264P",-0.842105098441897
"V",264,"Q","V264Q",0.555324013565532
"V",264,"R","V264R",-1.02803314638707
"V",264,"S","V264S",-0.0915612419828084
"V",264,"T","V264T",0.856304363472461
"V",264,"W","V264W",0.78144982242896
"V",264,"Y","V264Y",0.889378508825917
"D",265,"A","D265A",0.0905516635663711
"D",265,"C","D265C",-1.32488018006431
"D",265,"E","D265E",-0.588851911040071
"D",265,"F","D265F",-0.0983686673411001
"D",265,"G","D265G",-0.869505995242087
"D",265,"H","D265H",-0.857499786085812
"D",265,"I","D265I",0.41785673023555
"D",265,"K","D265K",-0.503673975135719
"D",265,"L","D265L",-0.292380372451068
"D",265,"M","D265M",-0.228224908590207
"D",265,"N","D265N",1.27028830647454
"D",265,"P","D265P",0.0903453683052969
"D",265,"Q","D265Q",0.994310562479848
"D",265,"R","D265R",3.6374129381935
"D",265,"S","D265S",-0.734713086485281
"D",265,"T","D265T",-0.702961881675577
"D",265,"V","D265V",0.0264681671783988
"D",265,"W","D265W",-1.08586594567423
"D",265,"Y","D265Y",0.345762502825122
"V",266,"A","V266A",-0.105043743165853
"V",266,"C","V266C",0.2969826850217
"V",266,"D","V266D",0.476154730886914
"V",266,"E","V266E",0.713302320775413
"V",266,"F","V266F",-1.44785931917879
"V",266,"G","V266G",-0.300993633553477
"V",266,"H","V266H",-1.71182410206377
"V",266,"I","V266I",-0.714475398761167
"V",266,"K","V266K",-1.25920840387297
"V",266,"L","V266L",1.1400164257551
"V",266,"M","V266M",-0.614969229889555
"V",266,"N","V266N",0.105646257625794
"V",266,"P","V266P",0.158567080644748
"V",266,"Q","V266Q",-0.709507015069109
"V",266,"R","V266R",-0.708526686039749
"V",266,"S","V266S",-1.37169935382913
"V",266,"T","V266T",-1.24049522979732
"V",266,"W","V266W",-0.524239854810451
"V",266,"Y","V266Y",-1.67318418794261
"S",267,"A","S267A",-0.407564797847818
"S",267,"C","S267C",-1.38406682467093
"S",267,"D","S267D",-3.53083705527864
"S",267,"E","S267E",1.05761317032747
"S",267,"F","S267F",-1.34146159585784
"S",267,"G","S267G",0.284316049084021
"S",267,"H","S267H",-1.11140408676345
"S",267,"I","S267I",1.34455089093766
"S",267,"K","S267K",-0.311252997728257
"S",267,"L","S267L",-1.22847637195025
"S",267,"M","S267M",-1.08561146060324
"S",267,"N","S267N",-2.18823444782214
"S",267,"P","S267P",0.33968136583761
"S",267,"Q","S267Q",-0.782960807209623
"S",267,"R","S267R",-0.938851147574676
"S",267,"T","S267T",-0.185876896390335
"S",267,"V","S267V",-0.897099098731986
"S",267,"W","S267W",0.403901986055231
"S",267,"Y","S267Y",-1.33773609024254
"H",268,"A","H268A",0.640823716346207
"H",268,"C","H268C",0.547049325926416
"H",268,"D","H268D",-1.86280846709606
"H",268,"E","H268E",-0.925432813651998
"H",268,"F","H268F",0.759475828616419
"H",268,"G","H268G",1.63971676979307
"H",268,"I","H268I",0.910317254591935
"H",268,"K","H268K",0.649363192816476
"H",268,"L","H268L",0.0304141755981943
"H",268,"M","H268M",0.209424236529048
"H",268,"N","H268N",0.82464171087079
"H",268,"P","H268P",0.556720081386101
"H",268,"Q","H268Q",0.582625248785336
"H",268,"R","H268R",0.114445876446214
"H",268,"S","H268S",-0.222338111085877
"H",268,"T","H268T",-0.00254073458651288
"H",268,"V","H268V",0.0535303955041575
"H",268,"W","H268W",0.252665456740868
"H",268,"Y","H268Y",0.49591968575745
"E",269,"A","E269A",0.448988913035237
"E",269,"C","E269C",-0.803599321195744
"E",269,"D","E269D",0.904262446708947
"E",269,"F","E269F",2.60163952982702
"E",269,"G","E269G",0.854315824345227
"E",269,"H","E269H",-1.62863503312196
"E",269,"I","E269I",-0.250373543795518
"E",269,"K","E269K",-0.435525831732817
"E",269,"L","E269L",-0.409050883285832
"E",269,"M","E269M",0.528807656913014
"E",269,"N","E269N",0.0102930277262934
"E",269,"P","E269P",-0.590228816573888
"E",269,"Q","E269Q",-0.531024526300408
"E",269,"R","E269R",0.512566240183916
"E",269,"S","E269S",-0.458764092293701
"E",269,"T","E269T",2.03964651131569
"E",269,"V","E269V",1.38223658371655
"E",269,"W","E269W",-1.18540833636281
"E",269,"Y","E269Y",0.213552000016688
"D",270,"A","D270A",0.338968878977068
"D",270,"C","D270C",0.0931429932570917
"D",270,"E","D270E",-0.455169234419534
"D",270,"F","D270F",3.42049696530006
"D",270,"G","D270G",-1.22395645314383
"D",270,"H","D270H",1.39529225215685
"D",270,"I","D270I",-0.111453967015144
"D",270,"K","D270K",0.0147361219574465
"D",270,"L","D270L",-0.184272624938832
"D",270,"M","D270M",-0.165371847323211
"D",270,"N","D270N",3.51228743221907
"D",270,"P","D270P",-0.285924304256093
"D",270,"Q","D270Q",0.000902102728928646
"D",270,"R","D270R",-1.06137477825403
"D",270,"S","D270S",2.00322847156203
"D",270,"T","D270T",1.41728855808783
"D",270,"V","D270V",0.95452437751432
"D",270,"W","D270W",0.414471306956909
"D",270,"Y","D270Y",1.00753917826207
"P",271,"A","P271A",0.00814211533357781
"P",271,"C","P271C",1.22398324606227
"P",271,"D","P271D",-0.445432260179631
"P",271,"E","P271E",-0.347410125301856
"P",271,"F","P271F",-0.559181665733278
"P",271,"G","P271G",0.988011326240613
"P",271,"H","P271H",0.64079036920505
"P",271,"I","P271I",0.532609141793613
"P",271,"K","P271K",1.22973368894289
"P",271,"L","P271L",0.987448124397389
"P",271,"M","P271M",-0.42230226323906
"P",271,"N","P271N",0.468435333226701
"P",271,"Q","P271Q",0.0552216443882085
"P",271,"R","P271R",0.327498862252657
"P",271,"S","P271S",0.0184520317546033
"P",271,"T","P271T",0.0669940776746833
"P",271,"V","P271V",-0.119215371107345
"P",271,"W","P271W",-0.040328664887939
"P",271,"Y","P271Y",0.208594551923292
"E",272,"A","E272A",0.470920114678077
"E",272,"C","E272C",-0.405444015104877
"E",272,"D","E272D",0.830550272353439
"E",272,"F","E272F",0.562417701092697
"E",272,"G","E272G",1.27266236790739
"E",272,"I","E272I",1.06901718696557
"E",272,"K","E272K",-0.590672493222731
"E",272,"L","E272L",0.309793647447401
"E",272,"M","E272M",0.824309638498892
"E",272,"N","E272N",1.29475798479459
"E",272,"P","E272P",-0.0904294519924785
"E",272,"Q","E272Q",-0.10392756001687
"E",272,"R","E272R",-0.431370218138415
"E",272,"S","E272S",0.162173981016473
"E",272,"T","E272T",0.672559804914305
"E",272,"V","E272V",-0.155578167291063
"E",272,"W","E272W",-0.240408857901634
"E",272,"Y","E272Y",-0.0170758349179574
"V",273,"A","V273A",0.0879890592844494
"V",273,"C","V273C",-0.293853377949759
"V",273,"D","V273D",-1.05111857877182
"V",273,"E","V273E",1.95039304440845
"V",273,"F","V273F",1.99175442230649
"V",273,"G","V273G",0.801138367247506
"V",273,"H","V273H",1.17564511296168
"V",273,"I","V273I",1.2090191430398
"V",273,"K","V273K",-4.19614487873404
"V",273,"L","V273L",0.528807918122343
"V",273,"M","V273M",-1.02325244670078
"V",273,"N","V273N",0.947953416542077
"V",273,"P","V273P",-0.883535558380606
"V",273,"Q","V273Q",-0.270344177362561
"V",273,"R","V273R",-1.11413459936099
"V",273,"S","V273S",0.195391725882206
"V",273,"T","V273T",0.0270467310550526
"V",273,"W","V273W",-1.84770682143928
"V",273,"Y","V273Y",2.76063024860443
"K",274,"A","K274A",-0.444611334245883
"K",274,"C","K274C",0.025058387618478
"K",274,"D","K274D",0.311584571396485
"K",274,"E","K274E",0.71602796082428
"K",274,"F","K274F",0.160187832472462
"K",274,"G","K274G",-0.660628143276629
"K",274,"H","K274H",0.996921597987492
"K",274,"I","K274I",-0.0227215208059634
"K",274,"L","K274L",0.405370966137509
"K",274,"M","K274M",0.252689929645854
"K",274,"N","K274N",-0.766870906598804
"K",274,"P","K274P",-1.82716260260641
"K",274,"Q","K274Q",0.499742921490657
"K",274,"R","K274R",0.595926013425766
"K",274,"S","K274S",0.336814209447585
"K",274,"T","K274T",0.200269854467665
"K",274,"V","K274V",-0.50923709397779
"K",274,"W","K274W",0.403238603530758
"K",274,"Y","K274Y",-0.0480675447049023
"F",275,"A","F275A",-0.653709498347622
"F",275,"C","F275C",-7.68348990675193
"F",275,"D","F275D",-0.352480308262851
"F",275,"E","F275E",0.579169340642825
"F",275,"G","F275G",-0.481001163128501
"F",275,"H","F275H",0.079102793750211
"F",275,"I","F275I",-3.51646938506519
"F",275,"K","F275K",-0.337500562292743
"F",275,"L","F275L",-1.40043864880785
"F",275,"M","F275M",-0.752770952068868
"F",275,"N","F275N",-0.596301171116312
"F",275,"P","F275P",-0.982596425966304
"F",275,"Q","F275Q",-0.305707728919419
"F",275,"R","F275R",-0.754042370065684
"F",275,"S","F275S",-0.0508349982548907
"F",275,"T","F275T",-1.00708910602633
"F",275,"V","F275V",-2.7223683333566
"F",275,"W","F275W",0.0525767217423214
"F",275,"Y","F275Y",0.210352238634981
"N",276,"A","N276A",-0.87528884636995
"N",276,"C","N276C",0.300802838329957
"N",276,"D","N276D",0.0454231817730314
"N",276,"E","N276E",0.419495992983151
"N",276,"F","N276F",-0.12319549672273
"N",276,"G","N276G",0.0273900962668383
"N",276,"H","N276H",-0.369853135818863
"N",276,"I","N276I",-0.0258647223284596
"N",276,"K","N276K",-0.564896718189438
"N",276,"L","N276L",0.645645074441303
"N",276,"M","N276M",-0.00663892494758481
"N",276,"P","N276P",-1.29935832283925
"N",276,"Q","N276Q",-0.0588908641123197
"N",276,"R","N276R",-0.543347708901386
"N",276,"S","N276S",-0.511358480817606
"N",276,"T","N276T",0.593653041080974
"N",276,"V","N276V",0.809461509164968
"N",276,"W","N276W",0.379396089155545
"N",276,"Y","N276Y",-0.0379432281623764
"W",277,"A","W277A",-0.25011771238557
"W",277,"C","W277C",-0.557588430711132
"W",277,"D","W277D",-3.12943059018235
"W",277,"E","W277E",-1.65750186401917
"W",277,"F","W277F",0.595803646053543
"W",277,"G","W277G",-1.78402785208944
"W",277,"H","W277H",-0.256730795102723
"W",277,"I","W277I",-1.33591544492766
"W",277,"K","W277K",-2.16280258516823
"W",277,"L","W277L",-0.264483693765648
"W",277,"M","W277M",-0.316859688492339
"W",277,"N","W277N",-0.628526919582609
"W",277,"P","W277P",0.253134206725609
"W",277,"Q","W277Q",-0.319063030559783
"W",277,"R","W277R",0.559550302984747
"W",277,"S","W277S",-1.63775034845214
"W",277,"T","W277T",-0.999405270137347
"W",277,"V","W277V",-0.589048569701912
"W",277,"Y","W277Y",0.779122440106515
"Y",278,"A","Y278A",0.584528701671542
"Y",278,"C","Y278C",0.492236034342187
"Y",278,"D","Y278D",1.15832058747274
"Y",278,"E","Y278E",0.454794371553466
"Y",278,"F","Y278F",0.548724664431647
"Y",278,"G","Y278G",0.594209685168816
"Y",278,"H","Y278H",-0.0975928812241401
"Y",278,"I","Y278I",0.165283811635296
"Y",278,"K","Y278K",0.131667631516318
"Y",278,"L","Y278L",-0.079471885951692
"Y",278,"M","Y278M",0.14782440388765
"Y",278,"N","Y278N",0.741222696592862
"Y",278,"P","Y278P",-0.223357442528512
"Y",278,"Q","Y278Q",1.03293759249304
"Y",278,"R","Y278R",-0.609875707474712
"Y",278,"S","Y278S",0.66722060665008
"Y",278,"T","Y278T",0.18391463070852
"Y",278,"V","Y278V",0.457090830632493
"Y",278,"W","Y278W",0.0438410138103308
"V",279,"A","V279A",0.405216875036752
"V",279,"C","V279C",-0.0917690322224566
"V",279,"D","V279D",0.630956946354785
"V",279,"E","V279E",0.147319115756947
"V",279,"F","V279F",-0.102685623161936
"V",279,"G","V279G",-0.769526986200131
"V",279,"H","V279H",1.50981846828315
"V",279,"I","V279I",1.06244011461064
"V",279,"K","V279K",0.650952314802751
"V",279,"L","V279L",0.720466164602569
"V",279,"M","V279M",0.770733761200984
"V",279,"N","V279N",-0.585020506222964
"V",279,"P","V279P",-0.389164734886798
"V",279,"Q","V279Q",0.840553450677223
"V",279,"R","V279R",0.40819592058401
"V",279,"S","V279S",-0.29586628266887
"V",279,"T","V279T",-0.00909880184350678
"V",279,"W","V279W",0.751124356385174
"V",279,"Y","V279Y",0.529264024869773
"D",280,"A","D280A",-1.37143229438847
"D",280,"C","D280C",0.0697176255426319
"D",280,"E","D280E",0.487920037517327
"D",280,"F","D280F",0.376735021283852
"D",280,"G","D280G",-2.07727530253094
"D",280,"H","D280H",-0.31247351058649
"D",280,"I","D280I",0.129211026660252
"D",280,"K","D280K",0.633110288276478
"D",280,"L","D280L",0.114541103315314
"D",280,"M","D280M",0.588420378921424
"D",280,"N","D280N",1.54433935100127
"D",280,"P","D280P",0.545312829786601
"D",280,"Q","D280Q",1.0321532984939
"D",280,"R","D280R",-0.823712043832044
"D",280,"S","D280S",-0.577179290050376
"D",280,"T","D280T",0.157788068321299
"D",280,"V","D280V",0.225617419448113
"D",280,"W","D280W",0.0228103931372925
"D",280,"Y","D280Y",1.00210347790973
"G",281,"A","G281A",-2.23844342476318
"G",281,"C","G281C",0.227456164659657
"G",281,"D","G281D",-0.822095019685951
"G",281,"E","G281E",0.344241436036643
"G",281,"F","G281F",-0.616873893169517
"G",281,"H","G281H",-0.229630595022687
"G",281,"I","G281I",-2.86675668464825
"G",281,"K","G281K",0.411588204334959
"G",281,"L","G281L",0.76247280680953
"G",281,"M","G281M",0.113601815668059
"G",281,"N","G281N",-0.438242394569131
"G",281,"P","G281P",-1.19418728575212
"G",281,"Q","G281Q",0.319269098700814
"G",281,"R","G281R",-0.574556824062682
"G",281,"S","G281S",-0.327944249430387
"G",281,"T","G281T",-1.0998905109896
"G",281,"V","G281V",-0.201025521572582
"G",281,"W","G281W",-0.728338497950611
"G",281,"Y","G281Y",-1.53403236409413
"V",282,"A","V282A",0.639614142662325
"V",282,"C","V282C",0.532306845892443
"V",282,"D","V282D",0.349725320530218
"V",282,"E","V282E",0.568677750114524
"V",282,"F","V282F",0.993750973084969
"V",282,"G","V282G",1.25688662028784
"V",282,"H","V282H",1.56253877583274
"V",282,"I","V282I",-0.026991478414299
"V",282,"K","V282K",0.0827590124084966
"V",282,"L","V282L",0.649457923502354
"V",282,"M","V282M",-0.000943786794827609
"V",282,"N","V282N",-0.333609861387001
"V",282,"P","V282P",0.775673808449142
"V",282,"Q","V282Q",-0.191807970623474
"V",282,"R","V282R",0.162166341655393
"V",282,"S","V282S",1.35355403291796
"V",282,"T","V282T",0.583304923887772
"V",282,"W","V282W",0.138755345652793
"V",282,"Y","V282Y",0.190406663406504
"E",283,"A","E283A",0.387186611071766
"E",283,"C","E283C",-0.489314543576217
"E",283,"D","E283D",-0.0985932728047336
"E",283,"F","E283F",-0.547145588938701
"E",283,"G","E283G",-0.289032960195595
"E",283,"H","E283H",-0.510725156172555
"E",283,"I","E283I",0.807596062523971
"E",283,"K","E283K",1.68778730988408
"E",283,"L","E283L",0.705519319692102
"E",283,"M","E283M",0.463973400523883
"E",283,"N","E283N",-0.137959493004889
"E",283,"P","E283P",-0.2145686612675
"E",283,"Q","E283Q",0.858897883535731
"E",283,"R","E283R",-0.435416992075828
"E",283,"S","E283S",0.394220803943492
"E",283,"T","E283T",-0.806457887842398
"E",283,"V","E283V",0.659179979471072
"E",283,"W","E283W",0.854012766720125
"E",283,"Y","E283Y",1.1882762797364
"V",284,"A","V284A",0.549012663998611
"V",284,"C","V284C",0.738821760183653
"V",284,"D","V284D",0.441859156328344
"V",284,"E","V284E",0.202413788602656
"V",284,"F","V284F",0.235957462968637
"V",284,"G","V284G",0.0826966972777187
"V",284,"H","V284H",0.0438359485423912
"V",284,"I","V284I",0.633141087104434
"V",284,"K","V284K",0.251266089126089
"V",284,"L","V284L",0.188923294067177
"V",284,"M","V284M",0.973685873715494
"V",284,"N","V284N",0.474633568472029
"V",284,"P","V284P",1.42268008993904
"V",284,"Q","V284Q",-0.247579105096263
"V",284,"R","V284R",0.594361425344977
"V",284,"S","V284S",-0.582785911920926
"V",284,"T","V284T",0.0437392801744243
"V",284,"W","V284W",0.899118254190695
"V",284,"Y","V284Y",0.530946222843035
"H",285,"A","H285A",0.571714534007013
"H",285,"C","H285C",0.0761220774206676
"H",285,"D","H285D",-0.317289310409229
"H",285,"E","H285E",0.407122954917939
"H",285,"F","H285F",0.375154058962055
"H",285,"G","H285G",0.462018321905864
"H",285,"I","H285I",-1.22613777014627
"H",285,"K","H285K",0.0560333366867359
"H",285,"L","H285L",-0.703735443962001
"H",285,"M","H285M",-0.414019081370636
"H",285,"N","H285N",0.0923606911915835
"H",285,"P","H285P",0.576054483838177
"H",285,"Q","H285Q",-0.542394129770705
"H",285,"R","H285R",-0.130273338274801
"H",285,"S","H285S",0.568541317317967
"H",285,"T","H285T",-0.158599833715814
"H",285,"V","H285V",0.993636666540506
"H",285,"W","H285W",1.12629864927086
"H",285,"Y","H285Y",0.854511618347988
"N",286,"A","N286A",0.0535115963042408
"N",286,"C","N286C",-0.106514616741091
"N",286,"D","N286D",1.17320311769857
"N",286,"E","N286E",0.753157629726324
"N",286,"F","N286F",0.796047990787247
"N",286,"G","N286G",0.981502138994497
"N",286,"H","N286H",0.623201195716924
"N",286,"I","N286I",-0.353119022621578
"N",286,"K","N286K",-0.558521058698993
"N",286,"L","N286L",0.63169390265264
"N",286,"M","N286M",0.617073169537822
"N",286,"P","N286P",0.788018593525266
"N",286,"Q","N286Q",0.146198853311772
"N",286,"R","N286R",0.379125857845499
"N",286,"S","N286S",0.162883604928639
"N",286,"T","N286T",0.131810697208393
"N",286,"V","N286V",1.35057063729412
"N",286,"W","N286W",0.0599435998773992
"N",286,"Y","N286Y",-0.617517355606096
"A",287,"C","A287C",1.05135862240454
"A",287,"D","A287D",1.98972590443469
"A",287,"E","A287E",0.318465847558216
"A",287,"F","A287F",-0.246467279905599
"A",287,"G","A287G",-0.162981251150596
"A",287,"H","A287H",-0.833727701323836
"A",287,"I","A287I",1.38065900965092
"A",287,"K","A287K",-1.04087981390917
"A",287,"L","A287L",0.182551536870283
"A",287,"M","A287M",0.496119546968371
"A",287,"N","A287N",-0.594000769664569
"A",287,"P","A287P",-0.772298264558597
"A",287,"Q","A287Q",-1.40377061061724
"A",287,"R","A287R",-0.535455901052894
"A",287,"S","A287S",0.304389311525233
"A",287,"T","A287T",-0.697462741694398
"A",287,"V","A287V",0.916220619315634
"A",287,"W","A287W",0.025791923869254
"A",287,"Y","A287Y",0.808146770316364
"K",288,"A","K288A",0.00808867083604491
"K",288,"C","K288C",0.942864746881333
"K",288,"D","K288D",0.285272391233677
"K",288,"E","K288E",0.423748579881348
"K",288,"F","K288F",1.22919583293416
"K",288,"G","K288G",0.777565094604203
"K",288,"H","K288H",0.276852808421478
"K",288,"I","K288I",0.235390963051659
"K",288,"L","K288L",0.761894195378829
"K",288,"M","K288M",-0.135429191950601
"K",288,"N","K288N",-0.0597753821469353
"K",288,"P","K288P",1.52973695165942
"K",288,"Q","K288Q",-1.83576824835146
"K",288,"R","K288R",0.267421506783276
"K",288,"S","K288S",0.766730831637642
"K",288,"T","K288T",-0.210974368977841
"K",288,"V","K288V",0.366907228314214
"K",288,"W","K288W",-0.305064646393413
"K",288,"Y","K288Y",0.101051949592764
"T",289,"A","T289A",0.908754693439581
"T",289,"C","T289C",-1.47263409422191
"T",289,"D","T289D",0.174087388372221
"T",289,"E","T289E",0.372961686153597
"T",289,"F","T289F",0.41997363365048
"T",289,"G","T289G",-0.00666395133957139
"T",289,"H","T289H",0.954628886480098
"T",289,"I","T289I",1.70872481929639
"T",289,"K","T289K",0.48064869674129
"T",289,"L","T289L",0.0419197490419395
"T",289,"M","T289M",1.20485870188425
"T",289,"N","T289N",0.568153256766852
"T",289,"P","T289P",-0.645695348308195
"T",289,"Q","T289Q",1.12783502027448
"T",289,"R","T289R",-0.0208167486719856
"T",289,"S","T289S",0.337195569185158
"T",289,"V","T289V",0.0185010441576425
"T",289,"W","T289W",0.846926693147749
"T",289,"Y","T289Y",0.345138914069985
"K",290,"A","K290A",-0.859576527696195
"K",290,"C","K290C",0.278727049304026
"K",290,"D","K290D",-1.58184101307616
"K",290,"E","K290E",-0.788850531509493
"K",290,"F","K290F",-0.95446160152199
"K",290,"G","K290G",-2.25374572591359
"K",290,"H","K290H",0.187704736736015
"K",290,"I","K290I",-0.41124438662019
"K",290,"L","K290L",0.252391064114352
"K",290,"M","K290M",0.787038073989709
"K",290,"N","K290N",-1.2949239980085
"K",290,"P","K290P",0.586322015672927
"K",290,"Q","K290Q",-1.29701274150788
"K",290,"R","K290R",-0.0697380621772641
"K",290,"S","K290S",-0.56916638274155
"K",290,"T","K290T",-2.69902158703804
"K",290,"V","K290V",-0.406709570792759
"K",290,"W","K290W",-1.08766748718871
"K",290,"Y","K290Y",-1.90814083577912
"P",291,"A","P291A",0.00207463802867
"P",291,"C","P291C",0.0582438124464253
"P",291,"D","P291D",0.180642567677085
"P",291,"E","P291E",-0.583282351617325
"P",291,"F","P291F",-0.157344747933652
"P",291,"G","P291G",0.690522254974002
"P",291,"H","P291H",0.609810056560554
"P",291,"I","P291I",0.128099758927717
"P",291,"K","P291K",0.17980323098122
"P",291,"L","P291L",-0.243613445894784
"P",291,"M","P291M",0.132715532200173
"P",291,"N","P291N",0.685654254799598
"P",291,"Q","P291Q",1.12276739177799
"P",291,"R","P291R",0.103773918413267
"P",291,"S","P291S",0.0690861578991361
"P",291,"T","P291T",0.136291647835273
"P",291,"V","P291V",0.108464564763778
"P",291,"W","P291W",0.299973697695577
"P",291,"Y","P291Y",0.726597463894922
"R",292,"A","R292A",0.0781734668148856
"R",292,"C","R292C",0.751782085547386
"R",292,"D","R292D",0.164257705834843
"R",292,"E","R292E",0.237662529995567
"R",292,"F","R292F",0.238561092574227
"R",292,"G","R292G",-0.418113368514638
"R",292,"H","R292H",-0.166781432571247
"R",292,"I","R292I",1.00529843056554
"R",292,"K","R292K",0.741665553062842
"R",292,"L","R292L",-0.921994669817736
"R",292,"M","R292M",-1.3872151838906
"R",292,"N","R292N",1.33865735408444
"R",292,"P","R292P",1.16596544053892
"R",292,"Q","R292Q",-0.0835203650636325
"R",292,"S","R292S",-0.133665172437516
"R",292,"T","R292T",-0.104187964446656
"R",292,"V","R292V",1.33339134119183
"R",292,"W","R292W",1.64671688437286
"R",292,"Y","R292Y",0.0939536592778379
"E",293,"A","E293A",0.389349710441782
"E",293,"C","E293C",-1.03525156262381
"E",293,"D","E293D",-0.219035914351
"E",293,"F","E293F",-0.113838993138104
"E",293,"G","E293G",0.350286679346845
"E",293,"H","E293H",-0.517255907610463
"E",293,"I","E293I",-0.122679532485477
"E",293,"K","E293K",0.390887884209926
"E",293,"L","E293L",-0.152601792181372
"E",293,"M","E293M",-0.643489928815808
"E",293,"N","E293N",-0.990611860311993
"E",293,"P","E293P",-0.128320896881966
"E",293,"Q","E293Q",0.549053429991275
"E",293,"R","E293R",-0.980679182012751
"E",293,"S","E293S",-0.150004962518159
"E",293,"T","E293T",0.455680778167793
"E",293,"V","E293V",-0.547315128945112
"E",293,"W","E293W",-0.550453965393739
"E",293,"Y","E293Y",-1.18162204138494
"E",294,"A","E294A",1.23021566451521
"E",294,"C","E294C",-0.707840550200436
"E",294,"D","E294D",1.24818848183124
"E",294,"F","E294F",0.0657807228742255
"E",294,"G","E294G",0.333682361661899
"E",294,"H","E294H",0.909261594046281
"E",294,"I","E294I",0.440805296987043
"E",294,"K","E294K",0.137391399672288
"E",294,"L","E294L",0.191223458306938
"E",294,"M","E294M",-0.160193431608378
"E",294,"N","E294N",0.33998145804894
"E",294,"P","E294P",0.354992694933724
"E",294,"Q","E294Q",-0.892713211601902
"E",294,"R","E294R",-0.0120840291704883
"E",294,"S","E294S",4.27426545816635
"E",294,"T","E294T",2.60486200002519
"E",294,"V","E294V",0.575962150689098
"E",294,"W","E294W",0.260901360669526
"E",294,"Y","E294Y",0.181953416437282
"Q",295,"A","Q295A",0.0587215111357663
"Q",295,"C","Q295C",0.697685984629044
"Q",295,"D","Q295D",4.11255152321657
"Q",295,"E","Q295E",0.5835312055682
"Q",295,"F","Q295F",-0.069290429673396
"Q",295,"G","Q295G",0.991046970493525
"Q",295,"H","Q295H",-0.379622379155086
"Q",295,"I","Q295I",1.3102896442978
"Q",295,"K","Q295K",1.25661148545505
"Q",295,"L","Q295L",0.34728670612161
"Q",295,"M","Q295M",0.409455012200007
"Q",295,"N","Q295N",0.546795637663528
"Q",295,"P","Q295P",1.27819215373201
"Q",295,"R","Q295R",0.53394160048829
"Q",295,"S","Q295S",0.219579411701033
"Q",295,"T","Q295T",-0.209064533594212
"Q",295,"V","Q295V",0.388122772191311
"Q",295,"W","Q295W",2.23393074613037
"Q",295,"Y","Q295Y",-0.393162031287277
"Y",296,"A","Y296A",3.03106069610268
"Y",296,"C","Y296C",0.0504010352630693
"Y",296,"D","Y296D",1.53155271782014
"Y",296,"E","Y296E",1.11585869622685
"Y",296,"F","Y296F",1.12827347789574
"Y",296,"G","Y296G",1.47005812243663
"Y",296,"H","Y296H",-0.81841474301143
"Y",296,"I","Y296I",1.23279645611317
"Y",296,"K","Y296K",1.63935895631556
"Y",296,"L","Y296L",-0.172320897526016
"Y",296,"M","Y296M",0.14493504606684
"Y",296,"N","Y296N",0.957492309335754
"Y",296,"P","Y296P",0.633176595810263
"Y",296,"Q","Y296Q",0.278371120538105
"Y",296,"R","Y296R",2.61479526049401
"Y",296,"S","Y296S",0.57776599876427
"Y",296,"T","Y296T",-0.965989751540677
"Y",296,"V","Y296V",0.900844687176787
"Y",296,"W","Y296W",-1.4846245453244
"N",297,"A","N297A",3.80657044771323
"N",297,"C","N297C",0.276730647140843
"N",297,"D","N297D",1.38610592081979
"N",297,"E","N297E",-0.0798766849402086
"N",297,"F","N297F",0.124461995456934
"N",297,"G","N297G",0.0285424312212269
"N",297,"H","N297H",-0.838977049803767
"N",297,"I","N297I",-0.791752838814032
"N",297,"K","N297K",-0.100364751578858
"N",297,"L","N297L",-1.96013680443747
"N",297,"M","N297M",-0.122497730906786
"N",297,"P","N297P",-0.85992243697411
"N",297,"Q","N297Q",0.974498837830672
"N",297,"R","N297R",-0.396464521902508
"N",297,"S","N297S",0.0536018264865594
"N",297,"T","N297T",-0.748644468019642
"N",297,"V","N297V",0.669564487710522
"N",297,"W","N297W",0.364806145923529
"N",297,"Y","N297Y",-0.770123221778711
"S",298,"A","S298A",-1.16250004111998
"S",298,"C","S298C",-0.300910632480839
"S",298,"D","S298D",-0.784169853225714
"S",298,"E","S298E",-0.910769574074448
"S",298,"F","S298F",-0.487005240324901
"S",298,"G","S298G",-0.159103267662993
"S",298,"I","S298I",0.974097801529804
"S",298,"K","S298K",1.49949657886302
"S",298,"L","S298L",0.643778969942608
"S",298,"M","S298M",-0.662866390460679
"S",298,"N","S298N",-1.22631758773405
"S",298,"P","S298P",-0.569022914640398
"S",298,"Q","S298Q",1.27256900277497
"S",298,"R","S298R",1.03090360770552
"S",298,"T","S298T",-0.137797123530148
"S",298,"V","S298V",-0.426455597421764
"S",298,"W","S298W",0.134241550525381
"S",298,"Y","S298Y",-1.24062746091862
"T",299,"A","T299A",1.49267662601296
"T",299,"C","T299C",0.118035670595725
"T",299,"D","T299D",1.11925994173532
"T",299,"E","T299E",-1.23604288475231
"T",299,"F","T299F",1.00419277092455
"T",299,"G","T299G",-0.322370878749259
"T",299,"H","T299H",-0.562281008724083
"T",299,"I","T299I",0.0338254776536496
"T",299,"K","T299K",-0.767984160093678
"T",299,"L","T299L",0.306859372361262
"T",299,"M","T299M",-0.604827044497314
"T",299,"N","T299N",-0.553132283187313
"T",299,"P","T299P",0.337068256660724
"T",299,"Q","T299Q",0.850106996702268
"T",299,"R","T299R",-0.389615291242503
"T",299,"S","T299S",1.1880803835053
"T",299,"V","T299V",-1.08856964801068
"T",299,"W","T299W",-1.7574799499654
"T",299,"Y","T299Y",0.357113849182763
"Y",300,"A","Y300A",1.63567771861379
"Y",300,"C","Y300C",0.417267913178036
"Y",300,"D","Y300D",0.496162017063711
"Y",300,"E","Y300E",0.803820529527604
"Y",300,"F","Y300F",-0.204897275144584
"Y",300,"G","Y300G",-0.669338324544153
"Y",300,"H","Y300H",-0.147437918711932
"Y",300,"I","Y300I",0.969063560972721
"Y",300,"K","Y300K",-0.730058596713259
"Y",300,"L","Y300L",-0.065218899534921
"Y",300,"M","Y300M",0.916770117430474
"Y",300,"N","Y300N",0.345650076857861
"Y",300,"P","Y300P",-1.69829918354093
"Y",300,"Q","Y300Q",0.0624970859143067
"Y",300,"R","Y300R",0.873025373874355
"Y",300,"S","Y300S",-1.91315925537268
"Y",300,"T","Y300T",0.309966747422725
"Y",300,"V","Y300V",1.07988529151461
"Y",300,"W","Y300W",0.363229567657828
"R",301,"A","R301A",0.64171766059824
"R",301,"C","R301C",-0.658002775255838
"R",301,"D","R301D",0.968207280743572
"R",301,"E","R301E",-1.13003667349815
"R",301,"F","R301F",0.276396678503084
"R",301,"G","R301G",-1.03334973423982
"R",301,"H","R301H",0.644600381729746
"R",301,"I","R301I",-0.318320398286672
"R",301,"K","R301K",2.66308779877793
"R",301,"L","R301L",1.21675037964991
"R",301,"M","R301M",-0.132579389805682
"R",301,"N","R301N",1.42550201578171
"R",301,"P","R301P",0.347844586919009
"R",301,"Q","R301Q",-0.247431186836797
"R",301,"S","R301S",-0.726796596656288
"R",301,"T","R301T",-0.168366200433018
"R",301,"V","R301V",0.1612553046228
"R",301,"W","R301W",0.624889789945101
"R",301,"Y","R301Y",0.0587260151930769
"V",302,"A","V302A",-1.12336781530838
"V",302,"C","V302C",-0.383980962162093
"V",302,"D","V302D",-0.268489268294245
"V",302,"E","V302E",-0.22952729849645
"V",302,"F","V302F",0.458259609566639
"V",302,"G","V302G",-0.30908576502484
"V",302,"H","V302H",0.0899419846266189
"V",302,"I","V302I",0.271428894571813
"V",302,"K","V302K",-0.428397606312434
"V",302,"L","V302L",0.10582656675035
"V",302,"M","V302M",-0.368545174028032
"V",302,"N","V302N",-1.79976151558934
"V",302,"P","V302P",-0.919251316686049
"V",302,"Q","V302Q",-2.63226854150961
"V",302,"R","V302R",1.28255330443503
"V",302,"S","V302S",0.290992604861811
"V",302,"T","V302T",-0.0431224949215382
"V",302,"W","V302W",0.956324209934762
"V",302,"Y","V302Y",-0.910730456254161
"V",303,"A","V303A",0.424888046688537
"V",303,"C","V303C",0.308857764494025
"V",303,"D","V303D",-0.752427337234556
"V",303,"E","V303E",1.5571298360264
"V",303,"F","V303F",-2.01405490674482
"V",303,"G","V303G",-0.484581822459498
"V",303,"H","V303H",0.501195113402236
"V",303,"I","V303I",0.243970196392794
"V",303,"K","V303K",-0.10694664637664
"V",303,"L","V303L",0.318172324504557
"V",303,"M","V303M",-0.43628550740533
"V",303,"N","V303N",1.39150223842713
"V",303,"P","V303P",0.880193284346903
"V",303,"Q","V303Q",-0.0439793094685494
"V",303,"R","V303R",0.323617519338011
"V",303,"S","V303S",-0.990235044924337
"V",303,"T","V303T",-0.0269552600252764
"V",303,"W","V303W",0.152775073896334
"V",303,"Y","V303Y",-1.97535374571514
"S",304,"A","S304A",0.450212532782636
"S",304,"C","S304C",0.123218427737544
"S",304,"D","S304D",-0.601041076113732
"S",304,"E","S304E",-0.19194668472986
"S",304,"F","S304F",0.612013690706644
"S",304,"G","S304G",2.43674737016973
"S",304,"H","S304H",0.0818598546860603
"S",304,"I","S304I",0.0892435969734253
"S",304,"K","S304K",-0.810397599322978
"S",304,"L","S304L",-1.78799868418596
"S",304,"M","S304M",-0.221746495479474
"S",304,"N","S304N",-0.0142178400838895
"S",304,"P","S304P",-0.253672936965985
"S",304,"Q","S304Q",-0.229377264406722
"S",304,"R","S304R",-0.924917652372684
"S",304,"T","S304T",0.347890527581901
"S",304,"V","S304V",-1.59555588051332
"S",304,"W","S304W",-1.05367060316577
"S",304,"Y","S304Y",-2.54887928290993
"V",305,"A","V305A",0.912587729942385
"V",305,"C","V305C",0.622108761112839
"V",305,"D","V305D",-0.813259841476277
"V",305,"E","V305E",-0.553757175048963
"V",305,"F","V305F",1.34466103094747
"V",305,"G","V305G",0.622110274701917
"V",305,"H","V305H",0.818547607679032
"V",305,"I","V305I",-0.655521761941848
"V",305,"K","V305K",-1.22908177752353
"V",305,"L","V305L",0.394915089417723
"V",305,"M","V305M",-0.164412198295305
"V",305,"N","V305N",-0.0849557838962737
"V",305,"P","V305P",0.755633279535687
"V",305,"Q","V305Q",1.01315274956353
"V",305,"R","V305R",-1.69637378168344
"V",305,"S","V305S",-0.151098808810394
"V",305,"T","V305T",1.27825721586817
"V",305,"W","V305W",-0.812533481612972
"V",305,"Y","V305Y",1.01916858376865
"L",306,"A","L306A",-0.0645977382624357
"L",306,"C","L306C",-0.52362752091089
"L",306,"D","L306D",-0.447035464676999
"L",306,"E","L306E",-1.30261066766069
"L",306,"F","L306F",0.334146051276206
"L",306,"G","L306G",0.439595831876971
"L",306,"H","L306H",0.52694895902558
"L",306,"I","L306I",0.103393111076687
"L",306,"K","L306K",0.621847357721303
"L",306,"M","L306M",-0.175315923934871
"L",306,"N","L306N",-0.557992998000752
"L",306,"P","L306P",1.52101162426364
"L",306,"Q","L306Q",-1.204542379693
"L",306,"R","L306R",-0.631292025173654
"L",306,"S","L306S",0.80322018592234
"L",306,"T","L306T",1.54964921729398
"L",306,"V","L306V",-0.0495812734211391
"L",306,"W","L306W",-1.32381642276664
"L",306,"Y","L306Y",0.0807785987083985
"T",307,"A","T307A",-0.819095999788014
"T",307,"C","T307C",3.56100740839907
"T",307,"D","T307D",-0.609020043602805
"T",307,"E","T307E",0.285754447225244
"T",307,"F","T307F",0.780180386158834
"T",307,"G","T307G",-0.173743994668684
"T",307,"H","T307H",1.21631853296118
"T",307,"I","T307I",-0.529359014735117
"T",307,"K","T307K",0.572172520617768
"T",307,"L","T307L",0.335740351421897
"T",307,"M","T307M",-0.0995784286050502
"T",307,"N","T307N",0.540018822581711
"T",307,"P","T307P",0.0982382614654566
"T",307,"Q","T307Q",0.169097358511328
"T",307,"R","T307R",0.854827970325533
"T",307,"S","T307S",-0.0112430939155169
"T",307,"V","T307V",0.121730792588631
"T",307,"W","T307W",-0.537104360812072
"T",307,"Y","T307Y",-0.517412717612841
"V",308,"A","V308A",0.233233490755439
"V",308,"C","V308C",0.133565505582815
"V",308,"D","V308D",0.172315578379435
"V",308,"E","V308E",-1.4950549635666
"V",308,"F","V308F",-1.01953312691487
"V",308,"G","V308G",0.340676653387497
"V",308,"H","V308H",-0.159523249459325
"V",308,"I","V308I",0.277554543126361
"V",308,"K","V308K",-1.27040567527429
"V",308,"L","V308L",-0.201370650514576
"V",308,"M","V308M",1.9457038164034
"V",308,"N","V308N",0.401225949289002
"V",308,"P","V308P",-1.74466666119115
"V",308,"Q","V308Q",-1.0356455792023
"V",308,"R","V308R",1.07867291343878
"V",308,"S","V308S",0.488187760576672
"V",308,"T","V308T",-0.391562262710462
"V",308,"W","V308W",-1.31487700067127
"V",308,"Y","V308Y",-0.0710540695432346
"L",309,"A","L309A",0.614571993355042
"L",309,"C","L309C",0.0909061381229993
"L",309,"D","L309D",3.34152983127564
"L",309,"E","L309E",0.0665567062964578
"L",309,"F","L309F",0.276669308911031
"L",309,"G","L309G",-0.239681761097744
"L",309,"H","L309H",0.266129227713631
"L",309,"I","L309I",-0.220439188372613
"L",309,"K","L309K",0.724636206460882
"L",309,"M","L309M",0.28678130267819
"L",309,"N","L309N",0.384164863314333
"L",309,"P","L309P",0.298195582894436
"L",309,"Q","L309Q",1.07705529789012
"L",309,"R","L309R",0.711345564041707
"L",309,"S","L309S",0.851059405472067
"L",309,"T","L309T",1.33163227747124
"L",309,"V","L309V",0.988731706937503
"L",309,"W","L309W",-0.881158442714649
"L",309,"Y","L309Y",0.787863575814445
"H",310,"A","H310A",-0.388923423267855
"H",310,"C","H310C",-0.121233249656602
"H",310,"D","H310D",-0.252428673342195
"H",310,"E","H310E",0.0319755541529668
"H",310,"F","H310F",1.22833647476543
"H",310,"G","H310G",0.644256119483799
"H",310,"I","H310I",-0.260503903111629
"H",310,"K","H310K",0.611573758014001
"H",310,"L","H310L",0.32909699574986
"H",310,"M","H310M",0.316146620831944
"H",310,"N","H310N",-0.249281506873526
"H",310,"P","H310P",0.382835147419192
"H",310,"Q","H310Q",-2.94240726230723
"H",310,"R","H310R",-0.219937008626644
"H",310,"S","H310S",-0.835819418140017
"H",310,"T","H310T",0.0210872705669039
"H",310,"V","H310V",0.6433765897777
"H",310,"W","H310W",0.904849803406404
"H",310,"Y","H310Y",0.270994951994973
"Q",311,"A","Q311A",0.458454352015954
"Q",311,"C","Q311C",0.999054303799653
"Q",311,"D","Q311D",0.511662606397915
"Q",311,"E","Q311E",1.32559507935688
"Q",311,"F","Q311F",-0.242617474907113
"Q",311,"G","Q311G",0.0322396551189229
"Q",311,"H","Q311H",1.04565576085725
"Q",311,"I","Q311I",0.816388828083077
"Q",311,"K","Q311K",0.204203163152903
"Q",311,"L","Q311L",1.12905324961462
"Q",311,"M","Q311M",-0.414452673627677
"Q",311,"N","Q311N",2.87007603306102
"Q",311,"P","Q311P",-0.671354961640392
"Q",311,"R","Q311R",0.570352468115371
"Q",311,"S","Q311S",-0.595063214151856
"Q",311,"T","Q311T",-0.235345605063138
"Q",311,"V","Q311V",-0.333103945556622
"Q",311,"W","Q311W",0.137268716023226
"Q",311,"Y","Q311Y",1.89790405883492
"D",312,"A","D312A",-0.179657569739927
"D",312,"C","D312C",-1.02985672711634
"D",312,"E","D312E",-0.106756016151154
"D",312,"F","D312F",-0.76707594339324
"D",312,"G","D312G",0.134590765661835
"D",312,"H","D312H",0.605646961310154
"D",312,"I","D312I",-1.63403619559849
"D",312,"K","D312K",-0.974809151013238
"D",312,"L","D312L",-3.53664016197797
"D",312,"M","D312M",0.454029649002862
"D",312,"N","D312N",1.67269621045009
"D",312,"P","D312P",-0.0806242012395259
"D",312,"Q","D312Q",-0.555240612925387
"D",312,"R","D312R",-0.0381723373302992
"D",312,"S","D312S",0.375250554264169
"D",312,"T","D312T",-0.9725377696929
"D",312,"V","D312V",-0.79160306893445
"D",312,"W","D312W",0.883752807144515
"D",312,"Y","D312Y",-1.72439932162666
"W",313,"A","W313A",-0.630269452561997
"W",313,"C","W313C",0.673051412214112
"W",313,"D","W313D",0.244306029264462
"W",313,"E","W313E",-1.26849939984737
"W",313,"F","W313F",0.804289396414683
"W",313,"H","W313H",-0.928127838877136
"W",313,"I","W313I",-1.47335629616363
"W",313,"K","W313K",-0.968183157013694
"W",313,"L","W313L",-1.67112958887291
"W",313,"M","W313M",-1.13706503894404
"W",313,"N","W313N",-0.564095455341191
"W",313,"P","W313P",-1.04073721036037
"W",313,"Q","W313Q",0.93606452627494
"W",313,"R","W313R",-3.07596482630437
"W",313,"S","W313S",-1.60136260015575
"W",313,"T","W313T",-0.262297425475363
"W",313,"V","W313V",0.267143987200949
"W",313,"Y","W313Y",1.08784885270604
"L",314,"A","L314A",-0.0623739576844271
"L",314,"C","L314C",-0.111824694489681
"L",314,"D","L314D",-0.0506414428259967
"L",314,"E","L314E",0.29547803790828
"L",314,"F","L314F",0.607415256530152
"L",314,"G","L314G",0.869377781892925
"L",314,"H","L314H",0.0471142853101667
"L",314,"I","L314I",0.137895520077799
"L",314,"K","L314K",-0.118130025815822
"L",314,"M","L314M",1.03342582811615
"L",314,"N","L314N",-0.0221217321627849
"L",314,"P","L314P",-0.670389373690247
"L",314,"Q","L314Q",0.846779920223604
"L",314,"R","L314R",-0.52124442512413
"L",314,"S","L314S",0.136848305345669
"L",314,"T","L314T",0.165242958296459
"L",314,"V","L314V",-0.569597661771996
"L",314,"W","L314W",0.516142860464321
"L",314,"Y","L314Y",0.212374295156896
"N",315,"A","N315A",0.614070415475696
"N",315,"C","N315C",0.15633160540453
"N",315,"D","N315D",-0.270054447697416
"N",315,"E","N315E",0.530555905199358
"N",315,"F","N315F",0.932750104503871
"N",315,"G","N315G",0.095721162067442
"N",315,"H","N315H",0.883352813605035
"N",315,"I","N315I",1.72631593106739
"N",315,"K","N315K",-0.729874330820491
"N",315,"L","N315L",0.688061401927775
"N",315,"M","N315M",-0.380516885224972
"N",315,"P","N315P",-0.230306826206047
"N",315,"Q","N315Q",0.25801235721834
"N",315,"R","N315R",-1.00969561850984
"N",315,"S","N315S",0.215799799597596
"N",315,"T","N315T",1.13672081116764
"N",315,"V","N315V",-0.0389097527855982
"N",315,"W","N315W",0.570399011662937
"N",315,"Y","N315Y",0.540938493455273
"G",316,"A","G316A",-0.109409077442773
"G",316,"C","G316C",0.661490922261039
"G",316,"D","G316D",-0.101889726993956
"G",316,"E","G316E",0.203210460191836
"G",316,"F","G316F",-0.60487986398193
"G",316,"H","G316H",-0.40009508297786
"G",316,"I","G316I",-0.418548222095579
"G",316,"K","G316K",0.17434261932582
"G",316,"L","G316L",1.56278843521169
"G",316,"M","G316M",0.260355323169147
"G",316,"N","G316N",0.663154087042233
"G",316,"P","G316P",0.00542957956415001
"G",316,"Q","G316Q",0.398582182912144
"G",316,"R","G316R",0.394564838767952
"G",316,"S","G316S",-0.178707197207057
"G",316,"T","G316T",0.95248721991164
"G",316,"V","G316V",-0.776189950664838
"G",316,"W","G316W",1.40830209282815
"G",316,"Y","G316Y",0.666632348874831
"K",317,"A","K317A",0.173835227957832
"K",317,"C","K317C",-0.267325449855229
"K",317,"D","K317D",-1.84892945400019
"K",317,"E","K317E",-0.295223341433764
"K",317,"F","K317F",-1.40574278750445
"K",317,"G","K317G",-0.465306259547332
"K",317,"H","K317H",0.189216152895666
"K",317,"I","K317I",0.266592649036048
"K",317,"L","K317L",-0.604435994675387
"K",317,"M","K317M",-0.26823719163228
"K",317,"N","K317N",0.0793881025561799
"K",317,"P","K317P",0.168909052130014
"K",317,"Q","K317Q",1.54686447427763
"K",317,"R","K317R",-0.287469960736241
"K",317,"S","K317S",1.44650523286785
"K",317,"T","K317T",0.69689046389813
"K",317,"V","K317V",0.331813613327692
"K",317,"W","K317W",-0.971582456984915
"K",317,"Y","K317Y",-1.64967342451077
"E",318,"A","E318A",-0.895709616968668
"E",318,"C","E318C",-0.555825449037723
"E",318,"D","E318D",-1.36123560467576
"E",318,"F","E318F",0.811329540334242
"E",318,"G","E318G",0.428477475708043
"E",318,"H","E318H",0.671300192457439
"E",318,"I","E318I",0.836662426301558
"E",318,"K","E318K",-0.234695216192868
"E",318,"L","E318L",0.746567900158206
"E",318,"M","E318M",-0.325887976340141
"E",318,"N","E318N",-0.296266719004333
"E",318,"P","E318P",-0.061496423757029
"E",318,"Q","E318Q",1.50318665260029
"E",318,"R","E318R",-0.267618809608057
"E",318,"S","E318S",0.0980219026333199
"E",318,"T","E318T",0.48458036182089
"E",318,"V","E318V",0.288838052871612
"E",318,"W","E318W",0.444264352388607
"E",318,"Y","E318Y",0.16161738963128
"Y",319,"A","Y319A",-1.14633056876636
"Y",319,"C","Y319C",-0.904117677561056
"Y",319,"D","Y319D",0.423798557031036
"Y",319,"E","Y319E",0.473159566941644
"Y",319,"F","Y319F",-0.0989566025246903
"Y",319,"G","Y319G",-1.22305684956403
"Y",319,"H","Y319H",-1.58005240040374
"Y",319,"I","Y319I",-1.32136386223173
"Y",319,"K","Y319K",-0.228582024999684
"Y",319,"L","Y319L",0.663941121373903
"Y",319,"M","Y319M",-0.466109367943719
"Y",319,"N","Y319N",-1.29956624711035
"Y",319,"P","Y319P",-0.543428821349566
"Y",319,"Q","Y319Q",-1.15724939844503
"Y",319,"R","Y319R",1.6995899074254
"Y",319,"S","Y319S",0.268149499016692
"Y",319,"T","Y319T",-2.30973089801891
"Y",319,"V","Y319V",0.856401188490682
"Y",319,"W","Y319W",0.285645930857208
"K",320,"A","K320A",1.72938690037981
"K",320,"C","K320C",-0.449757336973781
"K",320,"D","K320D",0.11637828482188
"K",320,"E","K320E",-1.76018786139056
"K",320,"F","K320F",1.75395491108742
"K",320,"G","K320G",0.669156638745118
"K",320,"H","K320H",0.0312464278757652
"K",320,"I","K320I",-0.971133462613591
"K",320,"L","K320L",-0.65990521600523
"K",320,"M","K320M",-0.196997089280072
"K",320,"N","K320N",-0.0708244195564774
"K",320,"P","K320P",-0.401837625340616
"K",320,"Q","K320Q",0.0846172543173693
"K",320,"R","K320R",-0.450936475854772
"K",320,"S","K320S",0.561345207326596
"K",320,"T","K320T",-1.08078746010752
"K",320,"V","K320V",-1.04236330703244
"K",320,"W","K320W",0.941295632361582
"K",320,"Y","K320Y",-0.369643857490573
"C",321,"A","C321A",-0.375546760958731
"C",321,"D","C321D",0.40885048792655
"C",321,"E","C321E",0.212083867772559
"C",321,"F","C321F",0.650031482511677
"C",321,"G","C321G",0.565007059994293
"C",321,"H","C321H",-0.24606944782114
"C",321,"I","C321I",-1.90165897328063
"C",321,"K","C321K",-0.59037468122518
"C",321,"L","C321L",-1.32123011485648
"C",321,"M","C321M",-1.21168175725485
"C",321,"N","C321N",-0.335211183601897
"C",321,"P","C321P",-0.764273330966296
"C",321,"Q","C321Q",-0.751932979082237
"C",321,"R","C321R",1.49913517512063
"C",321,"S","C321S",-0.306455692264069
"C",321,"T","C321T",0.553033196321699
"C",321,"V","C321V",0.531935342790148
"C",321,"W","C321W",-1.18066411250875
"C",321,"Y","C321Y",1.37593289270235
"K",322,"A","K322A",0.801457942558961
"K",322,"C","K322C",0.664676961290413
"K",322,"D","K322D",1.12221659153046
"K",322,"E","K322E",0.241082121804775
"K",322,"F","K322F",0.201708597318548
"K",322,"G","K322G",-0.589907698576647
"K",322,"H","K322H",-0.539748199592324
"K",322,"I","K322I",0.218906644616547
"K",322,"L","K322L",1.51558226475221
"K",322,"M","K322M",-0.462187958189041
"K",322,"N","K322N",2.70521874986555
"K",322,"P","K322P",0.0446173302761435
"K",322,"Q","K322Q",1.12399532123135
"K",322,"R","K322R",2.51982179638372
"K",322,"S","K322S",-0.752363408885136
"K",322,"T","K322T",0.769366634575622
"K",322,"V","K322V",0.340866743651198
"K",322,"W","K322W",1.05854146278533
"K",322,"Y","K322Y",-0.102886752729551
"V",323,"A","V323A",0.479285417150556
"V",323,"C","V323C",-0.460224381432596
"V",323,"D","V323D",-1.56240076687016
"V",323,"E","V323E",-0.75225804641784
"V",323,"F","V323F",-0.160147634756955
"V",323,"G","V323G",-0.230495196633673
"V",323,"H","V323H",0.275181394651133
"V",323,"I","V323I",-1.32079291744749
"V",323,"K","V323K",0.202465894690906
"V",323,"L","V323L",-0.400683015925421
"V",323,"M","V323M",1.35213527884175
"V",323,"N","V323N",-1.40953267802335
"V",323,"P","V323P",-1.1639909282305
"V",323,"Q","V323Q",0.0113388840793912
"V",323,"R","V323R",1.32453566034007
"V",323,"S","V323S",0.250388725243718
"V",323,"T","V323T",0.211405165074821
"V",323,"W","V323W",-1.09710867760961
"V",323,"Y","V323Y",-0.984405318401884
"S",324,"A","S324A",-0.193882075703422
"S",324,"C","S324C",-0.416865482532692
"S",324,"D","S324D",-1.45314727891247
"S",324,"E","S324E",0.0138090142020341
"S",324,"F","S324F",0.354801104653226
"S",324,"G","S324G",-0.667588580374657
"S",324,"H","S324H",3.50895353188314
"S",324,"I","S324I",-0.579667249345939
"S",324,"K","S324K",-0.482324811327999
"S",324,"L","S324L",0.220747527953533
"S",324,"M","S324M",-0.158148391288816
"S",324,"N","S324N",-0.766192204418564
"S",324,"P","S324P",-1.70132339116703
"S",324,"Q","S324Q",1.6042403715127
"S",324,"R","S324R",0.159510463785679
"S",324,"T","S324T",0.242368804183916
"S",324,"V","S324V",1.51755884938071
"S",324,"W","S324W",0.825265333275717
"S",324,"Y","S324Y",-0.0591357196040148
"N",325,"A","N325A",1.22922631580536
"N",325,"C","N325C",0.468106649814153
"N",325,"D","N325D",-0.40591766946502
"N",325,"E","N325E",1.12143898765747
"N",325,"F","N325F",0.587569388224534
"N",325,"G","N325G",-0.227133563123383
"N",325,"H","N325H",-3.04425552616904
"N",325,"I","N325I",-1.06062609754254
"N",325,"K","N325K",-0.959000804954161
"N",325,"L","N325L",-0.595187469919704
"N",325,"M","N325M",0.285573021212521
"N",325,"P","N325P",0.787794567807301
"N",325,"Q","N325Q",-1.01138893512402
"N",325,"R","N325R",0.839704311075015
"N",325,"S","N325S",1.2219124226219
"N",325,"T","N325T",1.8963589723967
"N",325,"V","N325V",-1.30791976418286
"N",325,"W","N325W",1.31099629158092
"N",325,"Y","N325Y",-0.566774796264039
"K",326,"A","K326A",-3.39514259792147
"K",326,"C","K326C",-1.3657274588156
"K",326,"D","K326D",-0.608405273444623
"K",326,"E","K326E",-1.37937188756193
"K",326,"F","K326F",1.43182369654017
"K",326,"G","K326G",-1.04342158890628
"K",326,"H","K326H",-0.349319077602566
"K",326,"I","K326I",-1.58828437923314
"K",326,"L","K326L",-0.441024262251099
"K",326,"M","K326M",-2.69579613523516
"K",326,"N","K326N",-2.88744431590692
"K",326,"P","K326P",0.155320438232314
"K",326,"Q","K326Q",-1.18836117555446
"K",326,"R","K326R",-0.0654052182320995
"K",326,"S","K326S",-1.99286731751857
"K",326,"T","K326T",-0.400069095107484
"K",326,"V","K326V",-2.13175005125368
"K",326,"W","K326W",-3.59256822250323
"K",326,"Y","K326Y",-1.29687461912922
"A",327,"C","A327C",0.0259599113675244
"A",327,"D","A327D",0.757627462029268
"A",327,"E","A327E",0.421812665221315
"A",327,"F","A327F",-0.91784979757717
"A",327,"G","A327G",1.11232495735998
"A",327,"H","A327H",0.315010735774131
"A",327,"I","A327I",-0.920783390006588
"A",327,"K","A327K",-2.21023100028128
"A",327,"L","A327L",-0.195283861153602
"A",327,"M","A327M",-0.170913437976546
"A",327,"N","A327N",-0.272546722599381
"A",327,"P","A327P",-0.208496243982174
"A",327,"Q","A327Q",0.305927575959113
"A",327,"R","A327R",1.10657166126021
"A",327,"S","A327S",-0.67492198679358
"A",327,"T","A327T",-1.18292729310106
"A",327,"V","A327V",-2.3565600100218
"A",327,"W","A327W",-2.46589445676072
"A",327,"Y","A327Y",-0.692936081399197
"L",328,"A","L328A",1.50088322771064
"L",328,"C","L328C",-0.862373716121287
"L",328,"D","L328D",2.56714315136478
"L",328,"E","L328E",-1.18292485491488
"L",328,"F","L328F",-0.00647904044283382
"L",328,"G","L328G",1.50929388123862
"L",328,"H","L328H",1.556518747009
"L",328,"I","L328I",0.0436289082848431
"L",328,"K","L328K",-1.50944866621179
"L",328,"M","L328M",1.40552186360105
"L",328,"N","L328N",-0.629881584176297
"L",328,"P","L328P",-0.949850868903037
"L",328,"Q","L328Q",0.150398717649334
"L",328,"R","L328R",-0.361782330839401
"L",328,"S","L328S",1.44686638217236
"L",328,"T","L328T",-0.368105788724462
"L",328,"V","L328V",0.486883825974592
"L",328,"W","L328W",5.2075207323768
"L",328,"Y","L328Y",0.284387256547588
"P",329,"A","P329A",-1.17878364780971
"P",329,"C","P329C",0.883397900270673
"P",329,"D","P329D",-1.41408731003333
"P",329,"E","P329E",-3.01056914337796
"P",329,"F","P329F",0.636604782258093
"P",329,"G","P329G",-4.18646662392877
"P",329,"H","P329H",-1.27131684709219
"P",329,"I","P329I",0.713586145511567
"P",329,"K","P329K",-1.93386385428797
"P",329,"L","P329L",-2.67453456151492
"P",329,"M","P329M",-0.6020581605482
"P",329,"N","P329N",-3.88569888123738
"P",329,"Q","P329Q",0.441273188482426
"P",329,"R","P329R",-0.141719615038446
"P",329,"S","P329S",0.583400867797936
"P",329,"T","P329T",0.150126755067177
"P",329,"V","P329V",0.392576496510691
"P",329,"W","P329W",2.00377183266694
"P",329,"Y","P329Y",-0.64021022192115
"A",330,"C","A330C",-0.804452219129321
"A",330,"D","A330D",-1.18007459350657
"A",330,"E","A330E",0.276343944135747
"A",330,"F","A330F",-3.40307570663415
"A",330,"G","A330G",0.980428234715856
"A",330,"H","A330H",0.0462934268780033
"A",330,"I","A330I",-0.791269868171458
"A",330,"K","A330K",1.81487065576855
"A",330,"L","A330L",-2.10407554782445
"A",330,"M","A330M",-2.27568437685279
"A",330,"N","A330N",-0.723279297672882
"A",330,"P","A330P",-0.169710942738296
"A",330,"Q","A330Q",0.846009443013007
"A",330,"R","A330R",0.94164037961311
"A",330,"S","A330S",1.53954073059082
"A",330,"T","A330T",1.222486948367
"A",330,"V","A330V",-0.355251032554827
"A",330,"W","A330W",-3.80016539538825
"A",330,"Y","A330Y",-3.44780576988796
"P",331,"A","P331A",-0.288921278745327
"P",331,"C","P331C",0.217320124347292
"P",331,"D","P331D",-0.1548780709206
"P",331,"E","P331E",0.352515353195188
"P",331,"F","P331F",-0.260918116772645
"P",331,"G","P331G",0.622454864291063
"P",331,"H","P331H",0.727902039369245
"P",331,"I","P331I",0.102824522751667
"P",331,"K","P331K",-0.697518558827962
"P",331,"L","P331L",-1.5639037192161
"P",331,"M","P331M",0.268470515529852
"P",331,"N","P331N",-0.397244939911774
"P",331,"Q","P331Q",0.439687675938311
"P",331,"R","P331R",1.5029822264595
"P",331,"S","P331S",0.558976641812738
"P",331,"T","P331T",-0.186071937459055
"P",331,"V","P331V",-1.56717363266549
"P",331,"W","P331W",0.468898161180757
"P",331,"Y","P331Y",0.474494743271201
"I",332,"C","I332C",0.165587299114905
"I",332,"D","I332D",-3.81501487925929
"I",332,"E","I332E",-2.82463418274624
"I",332,"F","I332F",-0.160855327451197
"I",332,"G","I332G",1.65970297789444
"I",332,"H","I332H",0.330372606279838
"I",332,"K","I332K",1.3018990566221
"I",332,"L","I332L",0.638444646228685
"I",332,"M","I332M",0.89002223465961
"I",332,"N","I332N",1.18012847957768
"I",332,"P","I332P",-1.38558101197811
"I",332,"Q","I332Q",-1.34690295483042
"I",332,"R","I332R",3.72175761359582
"I",332,"S","I332S",-0.85678270053763
"I",332,"T","I332T",-2.06020871076697
"I",332,"V","I332V",1.08963042596305
"I",332,"W","I332W",-1.27661983002311
"I",332,"Y","I332Y",-0.209738523701891
"E",333,"A","E333A",0.077551959781324
"E",333,"C","E333C",-0.185147675807179
"E",333,"D","E333D",-1.11885726475559
"E",333,"F","E333F",0.660522042034247
"E",333,"G","E333G",0.833094288869145
"E",333,"H","E333H",0.5376650935153
"E",333,"I","E333I",0.484859392041196
"E",333,"K","E333K",0.0518807575222999
"E",333,"L","E333L",-0.304902218177916
"E",333,"M","E333M",0.570394381655076
"E",333,"N","E333N",0.15925774939447
"E",333,"P","E333P",-1.1445881207783
"E",333,"Q","E333Q",0.262817627107041
"E",333,"R","E333R",-0.826963436190303
"E",333,"S","E333S",-0.705826001344909
"E",333,"T","E333T",-0.397761695402296
"E",333,"V","E333V",-0.531757748224756
"E",333,"W","E333W",-0.42238416317345
"E",333,"Y","E333Y",-0.567857514817
"K",334,"A","K334A",-3.05800333416555
"K",334,"C","K334C",-0.650889444782693
"K",334,"D","K334D",-3.8238731433529
"K",334,"E","K334E",-4.32850483983224
"K",334,"F","K334F",-3.18115829554174
"K",334,"G","K334G",-0.286697291361571
"K",334,"H","K334H",-1.6907729841279
"K",334,"I","K334I",-3.56417068694895
"K",334,"L","K334L",-3.83646292460089
"K",334,"M","K334M",-2.03208260302732
"K",334,"N","K334N",-2.05303290353614
"K",334,"P","K334P",-4.04530969724363
"K",334,"Q","K334Q",-1.49055181537562
"K",334,"R","K334R",0.888610126555133
"K",334,"S","K334S",-3.3897353536638
"K",334,"T","K334T",-3.66344934599113
"K",334,"V","K334V",-2.22445826120706
"K",334,"W","K334W",-2.07144643919487
"K",334,"Y","K334Y",-3.82379629734752
"T",335,"A","T335A",0.794107917744012
"T",335,"C","T335C",-0.429631545775609
"T",335,"D","T335D",-0.990413672843655
"T",335,"E","T335E",0.5553714090424
"T",335,"F","T335F",0.866906804276215
"T",335,"G","T335G",0.492927824442025
"T",335,"H","T335H",0.514266037385858
"T",335,"I","T335I",0.689540421962298
"T",335,"K","T335K",-0.423534801681375
"T",335,"L","T335L",0.600889210785298
"T",335,"M","T335M",0.0477564004866537
"T",335,"N","T335N",0.857437735049477
"T",335,"P","T335P",-1.54662960875776
"T",335,"Q","T335Q",-0.210272308964537
"T",335,"R","T335R",0.419868949843816
"T",335,"S","T335S",0.139593363981887
"T",335,"V","T335V",0.275103093357723
"T",335,"W","T335W",1.01089188157812
"T",335,"Y","T335Y",0.563080558894366
"I",336,"A","I336A",1.05270660590351
"I",336,"C","I336C",-2.51411764861379
"I",336,"D","I336D",-1.28648814833208
"I",336,"E","I336E",-2.18293266665638
"I",336,"F","I336F",0.114424682129308
"I",336,"G","I336G",-0.384132973514248
"I",336,"H","I336H",-1.15922684627809
"I",336,"K","I336K",0.437723271774438
"I",336,"L","I336L",-0.518278126727206
"I",336,"M","I336M",0.014018315343349
"I",336,"N","I336N",-1.45456130411309
"I",336,"P","I336P",-0.581605272996547
"I",336,"Q","I336Q",-0.204558223506272
"I",336,"R","I336R",0.200502055677082
"I",336,"S","I336S",-0.830298562395132
"I",336,"T","I336T",-1.16616652840143
"I",336,"V","I336V",-1.2378319476838
"I",336,"W","I336W",-0.553600972830023
"I",336,"Y","I336Y",-0.554589704951024
"S",337,"A","S337A",1.21883686176746
"S",337,"C","S337C",-0.52012210462846
"S",337,"D","S337D",-1.63699214692126
"S",337,"E","S337E",1.68913610026683
"S",337,"F","S337F",-0.0557954628801394
"S",337,"G","S337G",-0.123950324537282
"S",337,"H","S337H",-0.310351635853065
"S",337,"I","S337I",0.402484615437324
"S",337,"K","S337K",1.06763917633866
"S",337,"L","S337L",-0.353845167965374
"S",337,"M","S337M",0.266959708725408
"S",337,"N","S337N",-1.83220466579556
"S",337,"P","S337P",-1.80983873969545
"S",337,"Q","S337Q",0.778113467541162
"S",337,"R","S337R",1.04422539281088
"S",337,"T","S337T",0.189040203874661
"S",337,"V","S337V",0.386759304017095
"S",337,"W","S337W",1.26720092035745
"S",337,"Y","S337Y",1.91563942512907
"K",338,"A","K338A",1.17833863268695
"K",338,"C","K338C",0.498875485921623
"K",338,"D","K338D",-1.73571399434259
"K",338,"E","K338E",-0.136759849467503
"K",338,"F","K338F",1.44217522125805
"K",338,"G","K338G",-1.29265023802327
"K",338,"H","K338H",0.360775587902505
"K",338,"I","K338I",0.660739671698413
"K",338,"L","K338L",0.0518089540567743
"K",338,"M","K338M",-0.0778489495426719
"K",338,"N","K338N",-2.08952796830758
"K",338,"P","K338P",-2.58803667930204
"K",338,"Q","K338Q",0.403244300967541
"K",338,"R","K338R",-0.508864057820298
"K",338,"S","K338S",-0.21653568172329
"K",338,"T","K338T",-0.461244105556423
"K",338,"V","K338V",0.825860379322434
"K",338,"W","K338W",-0.336363389549141
"K",338,"Y","K338Y",1.26076479337408
"A",339,"C","A339C",0.344650730139532
"A",339,"D","A339D",-0.0526595884555958
"A",339,"E","A339E",0.217510513078001
"A",339,"F","A339F",0.134317685430457
"A",339,"G","A339G",0.362692421220385
"A",339,"H","A339H",-2.36708876461518
"A",339,"I","A339I",-1.86154308655816
"A",339,"K","A339K",-1.58976211753851
"A",339,"L","A339L",1.40743425759742
"A",339,"M","A339M",0.382505685856389
"A",339,"N","A339N",-0.895020124522969
"A",339,"P","A339P",0.00943352134487343
"A",339,"Q","A339Q",-0.870461972431747
"A",339,"R","A339R",-1.3003139111803
"A",339,"S","A339S",-0.656634625679241
"A",339,"T","A339T",-0.455239594964242
"A",339,"V","A339V",0.302036719686033
"A",339,"W","A339W",0.373889690401835
"A",339,"Y","A339Y",0.685833450786563
"K",340,"A","K340A",0.730013590110292
"K",340,"C","K340C",0.374169657933663
"K",340,"D","K340D",0.132250779948506
"K",340,"E","K340E",0.43134791153006
"K",340,"F","K340F",1.47756958132011
"K",340,"G","K340G",0.0737425221565503
"K",340,"H","K340H",0.950703322333772
"K",340,"I","K340I",0.532996041088379
"K",340,"L","K340L",1.9720377060142
"K",340,"M","K340M",0.0948456819552004
"K",340,"N","K340N",1.11993286660503
"K",340,"P","K340P",-0.97064127519979
"K",340,"Q","K340Q",0.514805449978776
"K",340,"R","K340R",1.51389217650513
"K",340,"S","K340S",0.73409479087372
"K",340,"T","K340T",0.432920386957142
"K",340,"V","K340V",1.47372262094197
"K",340,"W","K340W",-0.335350866590055
"K",340,"Y","K340Y",-0.940652687793347
"G",341,"A","G341A",-0.442350166750532
"G",341,"C","G341C",-0.497087118723802
"G",341,"D","G341D",-0.37774576499434
"G",341,"E","G341E",0.697837894842849
"G",341,"F","G341F",0.073320477565958
"G",341,"H","G341H",0.52608791633945
"G",341,"I","G341I",0.358162124451638
"G",341,"K","G341K",2.58666502708234
"G",341,"L","G341L",1.02538375597101
"G",341,"M","G341M",0.376547828770596
"G",341,"N","G341N",1.00482209682543
"G",341,"P","G341P",0.911160297237885
"G",341,"Q","G341Q",0.525186082478771
"G",341,"R","G341R",0.278465748364301
"G",341,"S","G341S",1.0010995533166
"G",341,"T","G341T",0.672963757461826
"G",341,"V","G341V",0.604662317887011
"G",341,"W","G341W",-0.451597693971317
"G",341,"Y","G341Y",-0.427856166816005
"Q",342,"A","Q342A",-0.89473617965932
"Q",342,"C","Q342C",-0.102765371205631
"Q",342,"D","Q342D",2.50898483776478
"Q",342,"E","Q342E",0.963663280533699
"Q",342,"F","Q342F",0.660545913571318
"Q",342,"G","Q342G",0.522053824639231
"Q",342,"H","Q342H",0.915278155702165
"Q",342,"I","Q342I",-0.730676721374835
"Q",342,"K","Q342K",0.455297839502041
"Q",342,"L","Q342L",0.316581240400046
"Q",342,"M","Q342M",0.217478057237356
"Q",342,"N","Q342N",-1.38053104489935
"Q",342,"P","Q342P",0.594434120679964
"Q",342,"R","Q342R",0.54315977441899
"Q",342,"S","Q342S",0.946869161756457
"Q",342,"T","Q342T",-0.301331470181625
"Q",342,"V","Q342V",0.183699401187152
"Q",342,"W","Q342W",0.456082812043794
"Q",342,"Y","Q342Y",-0.236351632928015
"P",343,"A","P343A",1.11135209765275
"P",343,"C","P343C",0.548017757668815
"P",343,"D","P343D",1.11354492754372
"P",343,"E","P343E",-0.545194415984777
"P",343,"F","P343F",0.322566506470392
"P",343,"G","P343G",0.486892258678789
"P",343,"H","P343H",3.23587375945141
"P",343,"I","P343I",-0.0873496623406966
"P",343,"K","P343K",0.0883019166940759
"P",343,"L","P343L",0.67450977024227
"P",343,"M","P343M",-0.0176032481547664
"P",343,"N","P343N",0.302894503393893
"P",343,"Q","P343Q",0.18259237902814
"P",343,"R","P343R",0.85812629066741
"P",343,"S","P343S",-0.242418838368467
"P",343,"T","P343T",-0.98681139112992
"P",343,"V","P343V",0.750506965087602
"P",343,"W","P343W",0.905975359790069
"P",343,"Y","P343Y",0.69411238911706
"R",344,"A","R344A",1.07501492758543
"R",344,"C","R344C",1.53259127032111
"R",344,"D","R344D",0.317843677618563
"R",344,"E","R344E",1.444469026282
"R",344,"F","R344F",-0.894504414185131
"R",344,"G","R344G",1.11190107308351
"R",344,"H","R344H",0.502924157554132
"R",344,"I","R344I",0.287620363855195
"R",344,"K","R344K",0.828749472932864
"R",344,"L","R344L",1.10142577686588
"R",344,"M","R344M",0.263379954776024
"R",344,"N","R344N",0.949537917510007
"R",344,"P","R344P",0.867216653408249
"R",344,"Q","R344Q",-0.484960041668791
"R",344,"S","R344S",0.0441761084649576
"R",344,"T","R344T",-0.310652444898139
"R",344,"V","R344V",-0.0453333380968377
"R",344,"Y","R344Y",3.24370616718807
"E",345,"A","E345A",0.440004174343521
"E",345,"C","E345C",-0.130280093689871
"E",345,"D","E345D",-0.304675923879925
"E",345,"F","E345F",0.477089507328854
"E",345,"G","E345G",1.29758982037025
"E",345,"H","E345H",-1.24049522979732
"E",345,"I","E345I",0.19321016669273
"E",345,"K","E345K",-0.188103500666831
"E",345,"L","E345L",0.322660522248312
"E",345,"M","E345M",0.128547290052019
"E",345,"N","E345N",2.05532210059121
"E",345,"P","E345P",0.313533078583742
"E",345,"Q","E345Q",-0.0431516050281082
"E",345,"R","E345R",-0.528369574052792
"E",345,"S","E345S",1.14255095451756
"E",345,"T","E345T",0.575531690401878
"E",345,"V","E345V",1.02762734589374
"E",345,"W","E345W",-0.327248021478093
"E",345,"Y","E345Y",0.749795771075184
"P",346,"A","P346A",0.392416724559232
"P",346,"C","P346C",0.869064454243798
"P",346,"D","P346D",-0.991101003697404
"P",346,"E","P346E",0.225330456410297
"P",346,"F","P346F",0.101218816880094
"P",346,"G","P346G",0.278449844443039
"P",346,"H","P346H",0.525122305043897
"P",346,"I","P346I",0.349576244407371
"P",346,"K","P346K",-0.519912853888788
"P",346,"L","P346L",1.09745920762224
"P",346,"M","P346M",1.06129499546283
"P",346,"N","P346N",-0.114495035140815
"P",346,"Q","P346Q",-0.145774500852322
"P",346,"R","P346R",-1.34394127238642
"P",346,"S","P346S",-0.468577613118783
"P",346,"T","P346T",0.400876592718732
"P",346,"V","P346V",-0.219973597641982
"P",346,"W","P346W",2.45007357021457
"P",346,"Y","P346Y",-0.0399065938648635
"Q",347,"A","Q347A",0.0392464649815192
"Q",347,"C","Q347C",-0.241380732289669
"Q",347,"D","Q347D",-0.288152081011094
"Q",347,"E","Q347E",1.61735072793849
"Q",347,"F","Q347F",0.462771336315032
"Q",347,"G","Q347G",-2.3423509063804
"Q",347,"H","Q347H",-0.385393011816943
"Q",347,"I","Q347I",0.491644085057509
"Q",347,"K","Q347K",-0.449054906428568
"Q",347,"L","Q347L",-0.00147803557743916
"Q",347,"M","Q347M",0.367391701054699
"Q",347,"N","Q347N",-0.0971346455489012
"Q",347,"P","Q347P",-0.915241835087744
"Q",347,"R","Q347R",-0.190476625903216
"Q",347,"S","Q347S",0.228781649737072
"Q",347,"T","Q347T",-0.273655649514971
"Q",347,"V","Q347V",-0.70895644240699
"Q",347,"W","Q347W",-0.935412718576655
"Q",347,"Y","Q347Y",0.692355777060295
"V",348,"A","V348A",0.703691484252093
"V",348,"C","V348C",-0.229199962309933
"V",348,"D","V348D",-1.81723245253437
"V",348,"E","V348E",1.59687076626172
"V",348,"F","V348F",0.0263426770383227
"V",348,"G","V348G",-0.341806663329548
"V",348,"H","V348H",-0.390394767323218
"V",348,"I","V348I",0.619181161253306
"V",348,"K","V348K",-0.449999518295281
"V",348,"L","V348L",0.599001719793419
"V",348,"M","V348M",0.313255875903705
"V",348,"N","V348N",-1.0544576719612
"V",348,"P","V348P",0.221220264347414
"V",348,"Q","V348Q",0.769796928363957
"V",348,"R","V348R",-1.38183037800823
"V",348,"S","V348S",-0.271235394746473
"V",348,"T","V348T",0.148932986706215
"V",348,"W","V348W",0.420040960984336
"V",348,"Y","V348Y",0.18690490524841
"Y",349,"A","Y349A",-0.409861579471096
"Y",349,"C","Y349C",-0.0554376843258654
"Y",349,"D","Y349D",-0.112324875520906
"Y",349,"E","Y349E",1.03969895682591
"Y",349,"F","Y349F",-0.653114209927198
"Y",349,"G","Y349G",0.00768981018822501
"Y",349,"H","Y349H",-1.34483597626434
"Y",349,"I","Y349I",0.163641690749165
"Y",349,"K","Y349K",-0.147887502363452
"Y",349,"L","Y349L",1.18816344911897
"Y",349,"M","Y349M",-0.500359529402565
"Y",349,"N","Y349N",0.564346375060083
"Y",349,"P","Y349P",-0.967156789655183
"Y",349,"Q","Y349Q",1.00308331672202
"Y",349,"R","Y349R",-0.265904141725002
"Y",349,"S","Y349S",0.553782903870773
"Y",349,"T","Y349T",0.379435807574994
"Y",349,"V","Y349V",0.29774803517629
"Y",349,"W","Y349W",0.384710520485385
"T",350,"A","T350A",-1.18637002066679
"T",350,"C","T350C",1.4146120390578
"T",350,"D","T350D",-1.35719522306299
"T",350,"E","T350E",-0.397310433646194
"T",350,"F","T350F",1.29129767615908
"T",350,"G","T350G",-1.91799742585923
"T",350,"H","T350H",-2.73939836954209
"T",350,"I","T350I",1.33156078166424
"T",350,"K","T350K",-1.19088450754859
"T",350,"L","T350L",-0.583412032470596
"T",350,"M","T350M",-0.227831590771006
"T",350,"N","T350N",-2.52699600387706
"T",350,"P","T350P",0.151634338078728
"T",350,"Q","T350Q",1.33276769291992
"T",350,"R","T350R",-0.596693990472407
"T",350,"S","T350S",-2.65005857648218
"T",350,"V","T350V",0.641537752482427
"T",350,"W","T350W",0.171157189666718
"T",350,"Y","T350Y",-0.443210490197292
"L",351,"A","L351A",-0.227307577870056
"L",351,"C","L351C",-0.462525334697341
"L",351,"D","L351D",0.597461803897421
"L",351,"E","L351E",-1.08162406157791
"L",351,"F","L351F",-1.38237823032736
"L",351,"G","L351G",-0.943288979680179
"L",351,"H","L351H",-0.716019004845797
"L",351,"I","L351I",0.00085375775483815
"L",351,"K","L351K",0.648079562031295
"L",351,"M","L351M",0.441427684214455
"L",351,"N","L351N",0.759234625282822
"L",351,"P","L351P",-1.00288667591072
"L",351,"Q","L351Q",0.12200367416688
"L",351,"R","L351R",-0.869262756743698
"L",351,"S","L351S",-0.523320225789443
"L",351,"T","L351T",-0.143938895312432
"L",351,"V","L351V",0.464220445620084
"L",351,"W","L351W",-1.16721675403714
"L",351,"Y","L351Y",-0.935800528397359
"P",352,"A","P352A",0.521099202376819
"P",352,"C","P352C",0.318580001346606
"P",352,"D","P352D",0.0753253992877581
"P",352,"E","P352E",-0.193853805028345
"P",352,"F","P352F",-0.0464030536924364
"P",352,"G","P352G",0.230511535830404
"P",352,"H","P352H",-0.607966457209677
"P",352,"I","P352I",0.722440237826167
"P",352,"K","P352K",0.711556374874943
"P",352,"L","P352L",-0.113626032529927
"P",352,"M","P352M",-0.12916940978695
"P",352,"N","P352N",0.176332155740737
"P",352,"Q","P352Q",0.901250074183168
"P",352,"R","P352R",-0.107625512523678
"P",352,"S","P352S",1.73872199092289
"P",352,"T","P352T",0.659829028015484
"P",352,"V","P352V",0.505138145462107
"P",352,"W","P352W",-0.963787946846147
"P",352,"Y","P352Y",-1.30158526143051
"P",353,"A","P353A",-0.0307646673346203
"P",353,"C","P353C",-1.17325184323842
"P",353,"D","P353D",-0.137784212124543
"P",353,"E","P353E",1.78469161542727
"P",353,"F","P353F",0.672263286952774
"P",353,"G","P353G",-0.500212754468315
"P",353,"H","P353H",-0.0933064999019964
"P",353,"I","P353I",0.38674067853468
"P",353,"K","P353K",0.500337432534329
"P",353,"L","P353L",1.68315666798609
"P",353,"M","P353M",0.885686379436321
"P",353,"N","P353N",-0.548393790908129
"P",353,"Q","P353Q",-0.199403413055529
"P",353,"R","P353R",-0.700964921738551
"P",353,"S","P353S",-0.0639860587998027
"P",353,"T","P353T",0.350390406861365
"P",353,"V","P353V",0.0587310953592746
"P",353,"W","P353W",0.282911428311144
"P",353,"Y","P353Y",0.414275599244929
"S",354,"A","S354A",-1.19550245645048
"S",354,"C","S354C",-0.0807170446271504
"S",354,"D","S354D",1.74410633598713
"S",354,"E","S354E",0.406391513415885
"S",354,"F","S354F",-0.559670387540798
"S",354,"G","S354G",0.540144954142464
"S",354,"H","S354H",-0.897630288268352
"S",354,"I","S354I",-0.144176371358731
"S",354,"K","S354K",1.56429694189509
"S",354,"L","S354L",-0.141574697095774
"S",354,"M","S354M",-1.72210877236629
"S",354,"N","S354N",1.12669497162339
"S",354,"P","S354P",0.0440927325531436
"S",354,"Q","S354Q",0.185836198319686
"S",354,"R","S354R",-0.226564910101555
"S",354,"T","S354T",-0.613041716665701
"S",354,"V","S354V",-0.248305536672177
"S",354,"W","S354W",-0.24333372124754
"S",354,"Y","S354Y",0.641040000686242
"R",355,"A","R355A",1.3638443634254
"R",355,"C","R355C",0.0658300479348917
"R",355,"D","R355D",1.50878829161226
"R",355,"E","R355E",-0.51284266382039
"R",355,"F","R355F",-0.370469413383772
"R",355,"G","R355G",0.736177177578562
"R",355,"H","R355H",0.158128565604244
"R",355,"I","R355I",0.0564665238963208
"R",355,"K","R355K",0.227243438690542
"R",355,"L","R355L",0.3303146490281
"R",355,"M","R355M",0.985028148316448
"R",355,"N","R355N",0.669817388755047
"R",355,"P","R355P",0.866326631289843
"R",355,"Q","R355Q",0.0801128062005476
"R",355,"S","R355S",-0.538219346102664
"R",355,"T","R355T",-0.0348438014881351
"R",355,"V","R355V",0.938237386833106
"R",355,"W","R355W",0.260625510798383
"R",355,"Y","R355Y",0.904598659264439
"D",356,"A","D356A",0.0630270863230815
"D",356,"C","D356C",-0.133798298383065
"D",356,"E","D356E",-0.334406389661968
"D",356,"F","D356F",0.316043531547411
"D",356,"G","D356G",-0.291617786549122
"D",356,"H","D356H",0.721708353776069
"D",356,"I","D356I",-0.333116667205811
"D",356,"K","D356K",1.1577424096653
"D",356,"L","D356L",-0.485991830640098
"D",356,"M","D356M",1.36894861695232
"D",356,"N","D356N",-0.637271133079132
"D",356,"P","D356P",-0.247820984155618
"D",356,"Q","D356Q",0.146186945770633
"D",356,"R","D356R",0.271095851790291
"D",356,"S","D356S",0.514451998610846
"D",356,"T","D356T",-0.528102307264749
"D",356,"V","D356V",0.39798930042486
"D",356,"W","D356W",0.271171142230077
"D",356,"Y","D356Y",-0.374745477308755
"E",357,"A","E357A",-0.651472000591274
"E",357,"C","E357C",0.929951568305928
"E",357,"D","E357D",0.214063146965832
"E",357,"F","E357F",0.186384776403876
"E",357,"G","E357G",0.682625449687303
"E",357,"H","E357H",-0.0179367926791797
"E",357,"I","E357I",0.15868216059744
"E",357,"K","E357K",0.07919727231918
"E",357,"L","E357L",0.040093900455948
"E",357,"M","E357M",0.300495430984087
"E",357,"N","E357N",0.0182458553203108
"E",357,"Q","E357Q",0.834556138734664
"E",357,"R","E357R",0.323520346450444
"E",357,"S","E357S",0.441538218982955
"E",357,"T","E357T",-0.262867796339803
"E",357,"V","E357V",0.561913874092927
"E",357,"W","E357W",0.39998391509325
"E",357,"Y","E357Y",0.0424377304876034
"L",358,"A","L358A",-0.0253371042702777
"L",358,"C","L358C",0.114167321562138
"L",358,"D","L358D",0.157957315374446
"L",358,"E","L358E",-0.357986401136307
"L",358,"F","L358F",0.19719811971515
"L",358,"G","L358G",-0.322584124886498
"L",358,"H","L358H",-0.679669702159469
"L",358,"I","L358I",0.95622289766086
"L",358,"K","L358K",0.0599349769607543
"L",358,"M","L358M",0.437559083031204
"L",358,"N","L358N",0.12950272860697
"L",358,"P","L358P",-0.13641467507552
"L",358,"Q","L358Q",-0.170564733874789
"L",358,"R","L358R",0.424196150333721
"L",358,"S","L358S",-0.000114318331288098
"L",358,"T","L358T",0.25104350196425
"L",358,"V","L358V",-0.63721072604771
"L",358,"W","L358W",-0.314984984769795
"L",358,"Y","L358Y",0.211886377861594
"T",359,"A","T359A",1.49882590660104
"T",359,"C","T359C",-0.33152610862214
"T",359,"D","T359D",1.29390927385176
"T",359,"E","T359E",0.39480262165827
"T",359,"F","T359F",0.436205862332061
"T",359,"G","T359G",0.0219029845960642
"T",359,"H","T359H",0.48700369755668
"T",359,"I","T359I",0.458185510502444
"T",359,"K","T359K",-0.197015812509384
"T",359,"L","T359L",0.044743140724566
"T",359,"M","T359M",0.733286665750988
"T",359,"N","T359N",-0.0542799800033446
"T",359,"P","T359P",0.144421707802089
"T",359,"Q","T359Q",1.6697124807534
"T",359,"R","T359R",0.101117495163759
"T",359,"S","T359S",0.5204693803093
"T",359,"V","T359V",1.21959261589934
"T",359,"W","T359W",0.262010974783619
"T",359,"Y","T359Y",1.59578269372057
"K",360,"A","K360A",0.407225208648959
"K",360,"C","K360C",-0.601535548856967
"K",360,"D","K360D",0.422599627804978
"K",360,"E","K360E",-0.1420793908951
"K",360,"F","K360F",-0.164397272576661
"K",360,"G","K360G",1.07983924700915
"K",360,"H","K360H",1.2173487801238
"K",360,"I","K360I",0.332773543876351
"K",360,"L","K360L",-0.194999344054037
"K",360,"M","K360M",0.337915984585413
"K",360,"N","K360N",0.441273429261045
"K",360,"P","K360P",-0.0204086150043393
"K",360,"Q","K360Q",-0.411484426027623
"K",360,"R","K360R",-0.0483376570850623
"K",360,"S","K360S",0.0981108306075734
"K",360,"T","K360T",-0.258076001236545
"K",360,"V","K360V",0.0630167943770182
"K",360,"W","K360W",0.35897694959842
"K",360,"Y","K360Y",0.289567980862733
"N",361,"A","N361A",0.328600993387775
"N",361,"C","N361C",0.280990051917835
"N",361,"D","N361D",0.101189402516462
"N",361,"E","N361E",0.0791560741004513
"N",361,"F","N361F",0.100854845285052
"N",361,"G","N361G",-0.430627762641213
"N",361,"H","N361H",-0.0686224604229046
"N",361,"I","N361I",0.137998951487183
"N",361,"K","N361K",0.389914345624625
"N",361,"L","N361L",0.022683701296352
"N",361,"M","N361M",-0.572597759320552
"N",361,"P","N361P",0.873781663811192
"N",361,"Q","N361Q",-0.447966279125983
"N",361,"R","N361R",-0.149960333021005
"N",361,"S","N361S",-0.229366644245353
"N",361,"T","N361T",0.41282699453152
"N",361,"V","N361V",-1.02063057430949
"N",361,"W","N361W",-0.678290483449282
"N",361,"Y","N361Y",0.400739812850131
"Q",362,"A","Q362A",0.361692639014442
"Q",362,"C","Q362C",0.163788684636032
"Q",362,"D","Q362D",0.677097367675525
"Q",362,"E","Q362E",-0.0577448921013224
"Q",362,"F","Q362F",-0.980351341194486
"Q",362,"G","Q362G",0.921355022578515
"Q",362,"H","Q362H",0.378834511226153
"Q",362,"I","Q362I",0.23032711077278
"Q",362,"K","Q362K",0.290972034543936
"Q",362,"L","Q362L",0.198640416513456
"Q",362,"M","Q362M",0.700803165433131
"Q",362,"N","Q362N",1.37412597402512
"Q",362,"P","Q362P",-0.0376033511173072
"Q",362,"R","Q362R",-0.370424161532661
"Q",362,"S","Q362S",1.20060018495198
"Q",362,"T","Q362T",1.03541631099056
"Q",362,"V","Q362V",-0.255523269127785
"Q",362,"W","Q362W",1.35901043574126
"Q",362,"Y","Q362Y",0.950491793179101
"V",363,"A","V363A",1.30726752114838
"V",363,"C","V363C",0.296872497890538
"V",363,"D","V363D",1.70466700396126
"V",363,"E","V363E",0.929899265404716
"V",363,"F","V363F",0.27108305669804
"V",363,"G","V363G",1.58563109367382
"V",363,"H","V363H",-0.433711541889016
"V",363,"I","V363I",0.293277093560676
"V",363,"K","V363K",0.461723171276391
"V",363,"L","V363L",-0.463154544642679
"V",363,"M","V363M",-0.52604491041542
"V",363,"N","V363N",-0.280210220075751
"V",363,"P","V363P",0.803869003023119
"V",363,"Q","V363Q",-0.962594370871579
"V",363,"R","V363R",-0.062568259783397
"V",363,"S","V363S",0.650395498570632
"V",363,"T","V363T",0.712363364722589
"V",363,"W","V363W",0.482987799696902
"V",363,"Y","V363Y",0.246213010454919
"S",364,"A","S364A",0.336677142083912
"S",364,"C","S364C",-0.29918962645062
"S",364,"D","S364D",0.178997681030427
"S",364,"E","S364E",0.301590350432065
"S",364,"F","S364F",-0.21937295047147
"S",364,"G","S364G",1.72681162367136
"S",364,"H","S364H",0.609297066282898
"S",364,"I","S364I",-0.164138662877505
"S",364,"K","S364K",-0.932544568407552
"S",364,"L","S364L",0.501289128288492
"S",364,"M","S364M",-0.239017767554937
"S",364,"N","S364N",-0.2017028953247
"S",364,"P","S364P",0.599340260470882
"S",364,"Q","S364Q",0.51081345401372
"S",364,"R","S364R",-0.996588689118436
"S",364,"T","S364T",0.161111209776626
"S",364,"V","S364V",0.224373303916406
"S",364,"W","S364W",0.327179081530797
"S",364,"Y","S364Y",-0.825845044625165
"L",365,"A","L365A",0.591652664570387
"L",365,"C","L365C",0.414346405431656
"L",365,"D","L365D",0.121754689956683
"L",365,"E","L365E",-0.109254644645837
"L",365,"F","L365F",-0.66963817556286
"L",365,"G","L365G",-0.155946274593771
"L",365,"H","L365H",-2.66676182005082
"L",365,"I","L365I",0.129729960261339
"L",365,"K","L365K",-0.57340258679668
"L",365,"M","L365M",-0.92276497699866
"L",365,"N","L365N",0.375257497870284
"L",365,"P","L365P",0.59700240769544
"L",365,"Q","L365Q",-0.383508134346105
"L",365,"R","L365R",0.753378905579259
"L",365,"S","L365S",0.36473363727688
"L",365,"T","L365T",0.0189526640304072
"L",365,"V","L365V",-0.565601386067667
"L",365,"W","L365W",0.630966121352147
"L",365,"Y","L365Y",0.448365090052979
"T",366,"A","T366A",0.315420714061556
"T",366,"C","T366C",0.715383264702425
"T",366,"D","T366D",-1.31012198434637
"T",366,"E","T366E",0.907310927386412
"T",366,"F","T366F",0.0114153316540518
"T",366,"G","T366G",-0.48867760555392
"T",366,"H","T366H",-1.15414226669628
"T",366,"I","T366I",-0.920974457441948
"T",366,"K","T366K",0.0274918212282221
"T",366,"L","T366L",-0.386173556220879
"T",366,"M","T366M",0.186572286053814
"T",366,"N","T366N",0.759782394625926
"T",366,"P","T366P",-0.362335665035854
"T",366,"Q","T366Q",-0.349934423017769
"T",366,"R","T366R",-1.20844838804906
"T",366,"S","T366S",-0.133184165578889
"T",366,"V","T366V",-1.95750632455892
"T",366,"W","T366W",-1.0020951938965
"T",366,"Y","T366Y",-0.346879996516048
"C",367,"A","C367A",-0.162510503229704
"C",367,"D","C367D",-1.60764882085015
"C",367,"E","C367E",-0.404819786960978
"C",367,"F","C367F",-1.35735943559351
"C",367,"G","C367G",0.953340084594779
"C",367,"H","C367H",-1.69963297995581
"C",367,"I","C367I",-0.994938507721783
"C",367,"K","C367K",-1.50141800982127
"C",367,"L","C367L",-1.00353226381576
"C",367,"M","C367M",-1.32594831657427
"C",367,"N","C367N",-1.76369784597129
"C",367,"P","C367P",-2.71478041518858
"C",367,"Q","C367Q",-0.909242796238171
"C",367,"R","C367R",-0.561685681563525
"C",367,"S","C367S",-0.293405880849122
"C",367,"T","C367T",-0.573667703330134
"C",367,"V","C367V",-0.311027686749276
"C",367,"W","C367W",0.106742676388388
"C",367,"Y","C367Y",-0.429821419009346
"L",368,"A","L368A",0.274408722251565
"L",368,"C","L368C",0.499912808852185
"L",368,"D","L368D",0.0840815806297324
"L",368,"E","L368E",-0.456439454676088
"L",368,"F","L368F",0.439252352242541
"L",368,"G","L368G",-0.758896147449031
"L",368,"H","L368H",-0.194687855723003
"L",368,"I","L368I",-0.894731247858198
"L",368,"K","L368K",-0.0865682276412257
"L",368,"M","L368M",-2.24576195364124
"L",368,"N","L368N",0.277035019740107
"L",368,"P","L368P",-0.833601228327166
"L",368,"Q","L368Q",0.275036124138844
"L",368,"R","L368R",-0.00494186218394034
"L",368,"S","L368S",-0.0867673997694923
"L",368,"T","L368T",0.000910560027291813
"L",368,"V","L368V",2.17038113054564
"L",368,"W","L368W",1.06323790602134
"L",368,"Y","L368Y",-0.237657305554702
"V",369,"A","V369A",0.418247962305222
"V",369,"C","V369C",0.0184853973579845
"V",369,"D","V369D",1.48588592527719
"V",369,"E","V369E",0.742100467348342
"V",369,"F","V369F",0.466915462201652
"V",369,"G","V369G",0.337813043568483
"V",369,"H","V369H",-0.128261033829409
"V",369,"I","V369I",1.34783930133749
"V",369,"K","V369K",-2.66552299439451
"V",369,"L","V369L",-0.0617557769372928
"V",369,"M","V369M",-0.325320861562225
"V",369,"N","V369N",0.794756835229201
"V",369,"P","V369P",-0.386726011799155
"V",369,"Q","V369Q",-0.320613692078906
"V",369,"R","V369R",-1.05398297504225
"V",369,"S","V369S",0.665732594632186
"V",369,"T","V369T",0.599845161981977
"V",369,"W","V369W",1.07580214799472
"V",369,"Y","V369Y",-0.388810214845424
"K",370,"C","K370C",0.765451110468773
"K",370,"D","K370D",-0.579131267539831
"K",370,"E","K370E",0.198106311339871
"K",370,"F","K370F",1.23959715190772
"K",370,"G","K370G",0.949036796282103
"K",370,"H","K370H",-1.76270293317442
"K",370,"I","K370I",-0.416867567100578
"K",370,"L","K370L",-0.443719559588498
"K",370,"M","K370M",1.39709525664057
"K",370,"N","K370N",-0.545052594803869
"K",370,"P","K370P",-0.276937869531832
"K",370,"Q","K370Q",-1.21059912794929
"K",370,"R","K370R",-1.39268021292795
"K",370,"S","K370S",0.337838936712659
"K",370,"T","K370T",0.2210959868127
"K",370,"V","K370V",-0.243345641171374
"K",370,"W","K370W",-0.0217901299057825
"K",370,"Y","K370Y",-0.501855574772935
"G",371,"A","G371A",-1.04431432863287
"G",371,"C","G371C",0.057096646634223
"G",371,"D","G371D",0.487684889644388
"G",371,"E","G371E",0.0852267193613754
"G",371,"F","G371F",0.197192287905928
"G",371,"H","G371H",0.199496240248504
"G",371,"I","G371I",-0.148471069153365
"G",371,"K","G371K",0.981365600755035
"G",371,"L","G371L",0.28596558203332
"G",371,"M","G371M",0.488378389891176
"G",371,"N","G371N",0.438737036441944
"G",371,"P","G371P",-0.558804251580117
"G",371,"Q","G371Q",-0.994367534150472
"G",371,"R","G371R",0.399222929698849
"G",371,"S","G371S",0.679072502038337
"G",371,"T","G371T",0.292997262012272
"G",371,"V","G371V",0.624486325296838
"G",371,"W","G371W",0.462278115330206
"G",371,"Y","G371Y",0.927717716542465
"F",372,"A","F372A",0.560842227619206
"F",372,"C","F372C",5.91645544241408
"F",372,"D","F372D",-0.910944284650673
"F",372,"E","F372E",0.794012039658992
"F",372,"G","F372G",0.447639452795597
"F",372,"H","F372H",-0.0203858814796722
"F",372,"I","F372I",-1.86645978396317
"F",372,"K","F372K",0.504594275679187
"F",372,"L","F372L",-1.70308457773249
"F",372,"M","F372M",-0.761983812168651
"F",372,"N","F372N",-0.0709538092109596
"F",372,"P","F372P",1.96607666439826
"F",372,"Q","F372Q",0.161696533458059
"F",372,"R","F372R",-0.157608210108596
"F",372,"S","F372S",1.66252215242602
"F",372,"T","F372T",-0.441817102048653
"F",372,"V","F372V",-1.21361073270044
"F",372,"W","F372W",-0.814480506845771
"F",372,"Y","F372Y",-0.806293377238079
"Y",373,"A","Y373A",1.25273566889041
"Y",373,"C","Y373C",-0.705775486093321
"Y",373,"D","Y373D",0.328658113437593
"Y",373,"E","Y373E",0.193902486057568
"Y",373,"F","Y373F",-0.959975978913397
"Y",373,"G","Y373G",-0.0626955814448878
"Y",373,"H","Y373H",0.809399498773882
"Y",373,"I","Y373I",0.607475224134642
"Y",373,"K","Y373K",0.0192825327195052
"Y",373,"L","Y373L",1.21071145131754
"Y",373,"M","Y373M",-0.21443724037686
"Y",373,"N","Y373N",0.48504871619769
"Y",373,"P","Y373P",-0.778579609821469
"Y",373,"Q","Y373Q",0.904698738307069
"Y",373,"R","Y373R",0.351608990939526
"Y",373,"S","Y373S",-1.06560238670254
"Y",373,"T","Y373T",-0.304227609869727
"Y",373,"V","Y373V",0.272294016881334
"Y",373,"W","Y373W",-0.0649440828543004
"P",374,"A","P374A",-0.279199257465625
"P",374,"C","P374C",-0.889590482106414
"P",374,"D","P374D",0.330970420824082
"P",374,"E","P374E",-0.311458620750827
"P",374,"F","P374F",-0.782208318594153
"P",374,"G","P374G",0.0946804947296322
"P",374,"H","P374H",-0.887672646139272
"P",374,"I","P374I",-0.68437214155416
"P",374,"K","P374K",-1.02639329204873
"P",374,"L","P374L",-0.659429641824999
"P",374,"M","P374M",-0.298259001513202
"P",374,"N","P374N",0.459755597058195
"P",374,"Q","P374Q",-0.414814402527324
"P",374,"R","P374R",0.650518153537179
"P",374,"S","P374S",-0.236187792713113
"P",374,"T","P374T",-0.0519081464150553
"P",374,"V","P374V",0.0826049529179435
"P",374,"W","P374W",-2.35632805566469
"P",374,"Y","P374Y",-0.315844516817243
"S",375,"A","S375A",-0.048239112231362
"S",375,"C","S375C",-0.397096652011896
"S",375,"D","S375D",0.220292381596025
"S",375,"E","S375E",1.24157941921525
"S",375,"F","S375F",-2.49583764251457
"S",375,"G","S375G",-0.0498809883214022
"S",375,"H","S375H",0.113529508667299
"S",375,"I","S375I",0.128411349161985
"S",375,"K","S375K",-0.877234250940029
"S",375,"L","S375L",-0.591483678716889
"S",375,"M","S375M",-1.68644837936412
"S",375,"N","S375N",-1.03700972821199
"S",375,"P","S375P",-0.63613431491622
"S",375,"Q","S375Q",-0.413832156165426
"S",375,"R","S375R",-2.34855511273329
"S",375,"T","S375T",-1.9291231029084
"S",375,"V","S375V",1.02146119117676
"S",375,"W","S375W",-0.236835457152799
"S",375,"Y","S375Y",-2.09939574189043
"D",376,"A","D376A",0.780148584857312
"D",376,"C","D376C",-2.97632013232034
"D",376,"E","D376E",1.42382231491968
"D",376,"F","D376F",0.877197354367752
"D",376,"G","D376G",-0.0562202511573051
"D",376,"H","D376H",-1.06610335281688
"D",376,"I","D376I",-2.5777292201721
"D",376,"K","D376K",-0.642279537856822
"D",376,"L","D376L",-0.215181422690901
"D",376,"M","D376M",-0.873575254649625
"D",376,"N","D376N",1.23212498192905
"D",376,"P","D376P",-0.0260937767792945
"D",376,"Q","D376Q",-1.23045656184427
"D",376,"R","D376R",-0.158712015727138
"D",376,"S","D376S",-2.43451070265581
"D",376,"T","D376T",-0.693070863732538
"D",376,"V","D376V",-1.35955763329478
"D",376,"W","D376W",-0.0647019568988382
"D",376,"Y","D376Y",-0.130428079687785
"I",377,"A","I377A",0.584978085349155
"I",377,"C","I377C",-0.364085444732231
"I",377,"D","I377D",-0.449804896185955
"I",377,"E","I377E",-2.40829365640083
"I",377,"F","I377F",-2.87332436575723
"I",377,"G","I377G",-2.856123995175
"I",377,"H","I377H",-0.918380397727936
"I",377,"K","I377K",-1.92268688147974
"I",377,"L","I377L",-0.355466359229426
"I",377,"M","I377M",0.418413507580368
"I",377,"N","I377N",-1.14085118174803
"I",377,"P","I377P",0.0623810393309044
"I",377,"Q","I377Q",-2.0178535727889
"I",377,"R","I377R",-2.43107664708264
"I",377,"S","I377S",-0.361534265697712
"I",377,"T","I377T",0.188834206768332
"I",377,"V","I377V",0.0788981638072886
"I",377,"W","I377W",-2.26492810171823
"I",377,"Y","I377Y",-1.91335242807562
"A",378,"C","A378C",-2.23482643347225
"A",378,"D","A378D",0.00394448396698354
"A",378,"E","A378E",-1.71147642336906
"A",378,"F","A378F",0.144258254578505
"A",378,"G","A378G",0.688970618679652
"A",378,"H","A378H",-0.0510257856353476
"A",378,"I","A378I",-0.382804004315581
"A",378,"K","A378K",-2.02598562235969
"A",378,"L","A378L",-3.28614950285241
"A",378,"M","A378M",-0.864530547315952
"A",378,"N","A378N",-0.0721620960068513
"A",378,"P","A378P",-1.03560268707362
"A",378,"Q","A378Q",-0.221732446723277
"A",378,"R","A378R",-0.468973485354031
"A",378,"S","A378S",0.143505913840765
"A",378,"T","A378T",-1.61985707976804
"A",378,"V","A378V",-2.55390256657863
"A",378,"W","A378W",0.828998822081913
"A",378,"Y","A378Y",-0.913869310792417
"V",379,"A","V379A",-0.424190619593935
"V",379,"C","V379C",0.496691076381851
"V",379,"D","V379D",0.412979256271168
"V",379,"E","V379E",-2.32299164392532
"V",379,"F","V379F",1.69286937927145
"V",379,"G","V379G",0.0274860491946554
"V",379,"H","V379H",-0.497440108649226
"V",379,"I","V379I",1.07143171260245
"V",379,"K","V379K",0.0215462268128402
"V",379,"L","V379L",-2.4458618771574
"V",379,"M","V379M",-1.27780159730679
"V",379,"N","V379N",-0.425162290091557
"V",379,"P","V379P",-0.500880533463575
"V",379,"Q","V379Q",-0.81890593515797
"V",379,"R","V379R",-1.14583196335743
"V",379,"S","V379S",0.172047768681461
"V",379,"T","V379T",-0.0295112918415631
"V",379,"W","V379W",-2.06115010970391
"V",379,"Y","V379Y",-2.55451081827242
"E",380,"A","E380A",-0.193233506890415
"E",380,"C","E380C",-0.470568265502622
"E",380,"D","E380D",0.323560216322535
"E",380,"F","E380F",-0.633710770933335
"E",380,"G","E380G",-0.243419015772354
"E",380,"H","E380H",0.30023798836222
"E",380,"I","E380I",-0.0500884696771534
"E",380,"K","E380K",-1.04662604340356
"E",380,"L","E380L",-0.456132028538539
"E",380,"M","E380M",-0.662901652850458
"E",380,"N","E380N",1.13796620914168
"E",380,"P","E380P",-1.00303478376179
"E",380,"Q","E380Q",-0.441414770581261
"E",380,"R","E380R",-0.675683226489959
"E",380,"S","E380S",0.0216929482394365
"E",380,"T","E380T",-0.129700962820042
"E",380,"V","E380V",0.117663163783928
"E",380,"W","E380W",-0.297229520687723
"E",380,"Y","E380Y",-0.0562269027597047
"W",381,"A","W381A",-1.35309554277892
"W",381,"C","W381C",-2.35807903456393
"W",381,"D","W381D",-3.7214122888511
"W",381,"E","W381E",0.337381017508538
"W",381,"F","W381F",1.42437310258644
"W",381,"G","W381G",-2.33809400614193
"W",381,"H","W381H",-0.972551290485049
"W",381,"I","W381I",0.527206076332369
"W",381,"K","W381K",-3.71125785707802
"W",381,"L","W381L",1.01488985530534
"W",381,"M","W381M",-0.0762714492731798
"W",381,"N","W381N",-1.14369224411305
"W",381,"P","W381P",-2.65488986942814
"W",381,"Q","W381Q",-2.88922125101888
"W",381,"R","W381R",-2.12367854927189
"W",381,"S","W381S",-3.04973141623921
"W",381,"T","W381T",0.310300276635929
"W",381,"V","W381V",-0.0475426205754188
"W",381,"Y","W381Y",0.322971600421506
"E",382,"A","E382A",-0.0606283480579823
"E",382,"C","E382C",-0.727756422263826
"E",382,"D","E382D",0.506063658152982
"E",382,"F","E382F",0.792663734820804
"E",382,"G","E382G",0.248368801323259
"E",382,"H","E382H",0.838771620472116
"E",382,"I","E382I",-0.0362052852151099
"E",382,"K","E382K",0.189043025488762
"E",382,"L","E382L",0.0672087632920889
"E",382,"M","E382M",-0.256895243168541
"E",382,"N","E382N",1.37036054775285
"E",382,"P","E382P",0.252504760189533
"E",382,"Q","E382Q",-0.183425953737369
"E",382,"R","E382R",-0.298538503738814
"E",382,"S","E382S",0.603302086669507
"E",382,"T","E382T",-0.483585925526679
"E",382,"V","E382V",-1.29062609280018
"E",382,"W","E382W",-0.926225432894146
"E",382,"Y","E382Y",1.58943735409069
"S",383,"A","S383A",1.32711122430799
"S",383,"C","S383C",0.191054334434071
"S",383,"D","S383D",0.215349721290583
"S",383,"E","S383E",-0.156641148701894
"S",383,"F","S383F",-0.0861746584695249
"S",383,"G","S383G",0.592697255118732
"S",383,"H","S383H",-0.0174397276675994
"S",383,"I","S383I",0.836962426233869
"S",383,"K","S383K",-0.331954871348555
"S",383,"L","S383L",0.727916311669517
"S",383,"M","S383M",0.867287158655992
"S",383,"N","S383N",0.938360465224962
"S",383,"P","S383P",0.539013488881489
"S",383,"Q","S383Q",1.18560294135212
"S",383,"R","S383R",0.889322811293082
"S",383,"T","S383T",-0.226526153786857
"S",383,"V","S383V",-0.0557124444614383
"S",383,"W","S383W",-0.244739989950084
"S",383,"Y","S383Y",0.627200003537404
"N",384,"A","N384A",0.36133059462928
"N",384,"C","N384C",0.854119698641182
"N",384,"D","N384D",0.518025351313128
"N",384,"E","N384E",-0.558318913363273
"N",384,"F","N384F",0.0902805092261982
"N",384,"G","N384G",1.18495312953681
"N",384,"H","N384H",-0.101880454775335
"N",384,"I","N384I",0.543621509386706
"N",384,"K","N384K",-0.04850597347195
"N",384,"L","N384L",1.97094721297192
"N",384,"M","N384M",-0.380748829937351
"N",384,"P","N384P",0.292300269421612
"N",384,"Q","N384Q",-0.281062097769039
"N",384,"R","N384R",-0.331202980226212
"N",384,"S","N384S",0.246034730009197
"N",384,"T","N384T",-0.146615426461736
"N",384,"V","N384V",0.308019763409257
"N",384,"W","N384W",-0.972929097630545
"N",384,"Y","N384Y",1.0648610457695
"G",385,"A","G385A",0.499592966113064
"G",385,"C","G385C",-0.168980999052088
"G",385,"D","G385D",0.184066422547939
"G",385,"E","G385E",0.947272698934814
"G",385,"F","G385F",0.181300935064284
"G",385,"H","G385H",1.38173617674111
"G",385,"I","G385I",-0.520672539738269
"G",385,"K","G385K",-0.0249235377881877
"G",385,"L","G385L",0.280112796584841
"G",385,"M","G385M",0.0830101179790828
"G",385,"N","G385N",0.527603943720593
"G",385,"P","G385P",-0.621537688010918
"G",385,"Q","G385Q",1.35386421696285
"G",385,"R","G385R",-0.348671322165552
"G",385,"S","G385S",-0.0708267611980515
"G",385,"T","G385T",-0.283406475435483
"G",385,"V","G385V",0.471273578408083
"G",385,"W","G385W",-0.029215283626852
"G",385,"Y","G385Y",0.673244970869666
"Q",386,"A","Q386A",-0.102850072770652
"Q",386,"C","Q386C",0.226709382786116
"Q",386,"D","Q386D",-0.414614425457893
"Q",386,"E","Q386E",0.40798062546001
"Q",386,"F","Q386F",1.1401848032085
"Q",386,"G","Q386G",0.672973972875779
"Q",386,"H","Q386H",0.0706070836129394
"Q",386,"I","Q386I",1.02243335875902
"Q",386,"K","Q386K",-0.736802582251631
"Q",386,"L","Q386L",0.326888558236749
"Q",386,"M","Q386M",0.200075423871359
"Q",386,"N","Q386N",0.919591718224644
"Q",386,"P","Q386P",0.711414991757521
"Q",386,"R","Q386R",0.158564840867763
"Q",386,"S","Q386S",-0.868771019854836
"Q",386,"V","Q386V",-0.0639780636797409
"Q",386,"W","Q386W",-0.0498084949177947
"Q",386,"Y","Q386Y",1.3673922746599
"P",387,"A","P387A",0.156219374902387
"P",387,"C","P387C",-0.812088873884895
"P",387,"D","P387D",0.792132006224313
"P",387,"E","P387E",0.449124567260795
"P",387,"F","P387F",0.519362226948323
"P",387,"G","P387G",0.0605698130550575
"P",387,"H","P387H",1.21184053996454
"P",387,"I","P387I",-0.27165103979649
"P",387,"K","P387K",-0.386542421657003
"P",387,"L","P387L",-0.914004370551741
"P",387,"M","P387M",1.07018008503199
"P",387,"N","P387N",-0.0507443226469078
"P",387,"Q","P387Q",0.427702720955539
"P",387,"R","P387R",0.23687475341701
"P",387,"S","P387S",-0.18832163289545
"P",387,"T","P387T",0.214631975379936
"P",387,"V","P387V",1.25256676846047
"P",387,"W","P387W",0.45225391154828
"P",387,"Y","P387Y",-1.27353346270858
"E",388,"A","E388A",0.403791983166263
"E",388,"C","E388C",-0.354864952797792
"E",388,"D","E388D",-0.336455327934966
"E",388,"F","E388F",0.927577589616351
"E",388,"G","E388G",0.247321870580577
"E",388,"H","E388H",-0.467862734883655
"E",388,"I","E388I",-0.0298655939768804
"E",388,"K","E388K",-0.521254287656407
"E",388,"L","E388L",-0.345127620435175
"E",388,"M","E388M",0.695305316516794
"E",388,"N","E388N",0.0408330245561498
"E",388,"P","E388P",0.531522641989048
"E",388,"Q","E388Q",-0.345397873890455
"E",388,"R","E388R",-1.13663656786342
"E",388,"S","E388S",0.337894161337685
"E",388,"T","E388T",0.713500047660276
"E",388,"V","E388V",1.86527891112776
"E",388,"W","E388W",-1.11464751021273
"E",388,"Y","E388Y",0.378167643066359
"N",389,"A","N389A",-0.285101575301371
"N",389,"C","N389C",0.410365651948759
"N",389,"D","N389D",0.219095432762639
"N",389,"E","N389E",-0.897061290370333
"N",389,"F","N389F",1.01791309702448
"N",389,"G","N389G",-0.241586814059214
"N",389,"H","N389H",1.54810549155612
"N",389,"I","N389I",-0.168421974919105
"N",389,"K","N389K",0.0167466212939961
"N",389,"L","N389L",0.327238415533984
"N",389,"M","N389M",0.350888339836833
"N",389,"P","N389P",0.795047585016762
"N",389,"Q","N389Q",0.470452828244932
"N",389,"R","N389R",-0.853940270361422
"N",389,"S","N389S",0.168746950475688
"N",389,"T","N389T",1.39110952705003
"N",389,"V","N389V",0.716299929573307
"N",389,"W","N389W",-0.493805707194711
"N",389,"Y","N389Y",-0.492664508828037
"N",390,"A","N390A",-0.209893304197844
"N",390,"C","N390C",0.369844850466675
"N",390,"D","N390D",-0.104578263770581
"N",390,"E","N390E",0.734507034375728
"N",390,"F","N390F",0.695178313692676
"N",390,"G","N390G",0.528623725673034
"N",390,"H","N390H",1.02939529676917
"N",390,"I","N390I",0.584807097950369
"N",390,"K","N390K",0.760283767452868
"N",390,"L","N390L",3.79574764955694
"N",390,"M","N390M",-0.772025500021728
"N",390,"P","N390P",1.34878084401648
"N",390,"Q","N390Q",0.604278070646137
"N",390,"R","N390R",0.548169855745248
"N",390,"S","N390S",-0.526537553830746
"N",390,"T","N390T",-0.455583964372523
"N",390,"V","N390V",0.136391184852183
"N",390,"W","N390W",0.141095293364896
"N",390,"Y","N390Y",0.767727375315861
"Y",391,"A","Y391A",-0.354505464029084
"Y",391,"C","Y391C",0.512828674218741
"Y",391,"D","Y391D",0.725216585917497
"Y",391,"E","Y391E",0.439199931634156
"Y",391,"F","Y391F",3.7059076461793
"Y",391,"G","Y391G",1.12710798467722
"Y",391,"H","Y391H",-0.42542373147408
"Y",391,"I","Y391I",0.259675093404892
"Y",391,"K","Y391K",-1.0580644450451
"Y",391,"L","Y391L",0.633692657969031
"Y",391,"M","Y391M",-0.468029579181327
"Y",391,"N","Y391N",0.793119310013021
"Y",391,"P","Y391P",0.534140291526355
"Y",391,"Q","Y391Q",0.337611297952954
"Y",391,"R","Y391R",0.152402151130695
"Y",391,"S","Y391S",0.0542769097206819
"Y",391,"T","Y391T",-1.33706000144682
"Y",391,"V","Y391V",0.282546842851213
"Y",391,"W","Y391W",0.807187479612112
"K",392,"A","K392A",-0.0220016273743374
"K",392,"C","K392C",-0.213981022413988
"K",392,"D","K392D",0.323238009014192
"K",392,"E","K392E",-0.183654258519702
"K",392,"F","K392F",0.0367873241111963
"K",392,"G","K392G",0.152454734265172
"K",392,"H","K392H",0.482063404217144
"K",392,"I","K392I",-1.67868892000203
"K",392,"L","K392L",-0.657444887730976
"K",392,"M","K392M",0.672609025891429
"K",392,"N","K392N",0.361940199586678
"K",392,"P","K392P",-0.0413802073430167
"K",392,"Q","K392Q",-0.565291374233784
"K",392,"R","K392R",-0.677463622983546
"K",392,"S","K392S",-0.607738118474534
"K",392,"T","K392T",-0.678872580154129
"K",392,"V","K392V",-0.39546059267487
"K",392,"W","K392W",0.102132783975373
"K",392,"Y","K392Y",2.36547567963711
"T",393,"A","T393A",-0.67219466839838
"T",393,"C","T393C",-0.59411097819622
"T",393,"D","T393D",-0.0239921822666524
"T",393,"E","T393E",0.725985997010699
"T",393,"F","T393F",0.216716957855909
"T",393,"G","T393G",0.539703196009733
"T",393,"H","T393H",-1.0837705658235
"T",393,"I","T393I",0.166817611188536
"T",393,"K","T393K",1.58592867267668
"T",393,"L","T393L",-0.639916075209009
"T",393,"M","T393M",0.154113690226219
"T",393,"N","T393N",0.736152953200067
"T",393,"P","T393P",0.187036237298179
"T",393,"Q","T393Q",-1.22829378663762
"T",393,"R","T393R",-0.479238882819645
"T",393,"S","T393S",2.26641859011808
"T",393,"V","T393V",0.0897924760958091
"T",393,"W","T393W",0.313670844581726
"T",393,"Y","T393Y",-0.755917785538853
"T",394,"A","T394A",0.225499648332527
"T",394,"C","T394C",-0.18152014718594
"T",394,"D","T394D",-1.7318833475577
"T",394,"E","T394E",0.760858636362248
"T",394,"F","T394F",-0.797858099905815
"T",394,"G","T394G",0.137756389913556
"T",394,"H","T394H",-0.648344485486521
"T",394,"I","T394I",-1.91410745367192
"T",394,"K","T394K",-1.85700851357497
"T",394,"L","T394L",-1.95727257011028
"T",394,"M","T394M",0.0279568671664797
"T",394,"N","T394N",-0.344787369707846
"T",394,"P","T394P",-1.33311089824
"T",394,"Q","T394Q",-0.636900157945853
"T",394,"R","T394R",-0.890437789220109
"T",394,"S","T394S",0.668082322663755
"T",394,"V","T394V",-0.941402623472827
"T",394,"W","T394W",-2.35499465723454
"T",394,"Y","T394Y",-1.99794353382442
"P",395,"A","P395A",0.0489881634715499
"P",395,"C","P395C",-0.183329752951461
"P",395,"D","P395D",-0.0265192330702078
"P",395,"E","P395E",0.619341718606747
"P",395,"F","P395F",0.110744660738883
"P",395,"G","P395G",0.739367059543879
"P",395,"H","P395H",0.60445661586124
"P",395,"I","P395I",0.107453706739959
"P",395,"K","P395K",-0.685790228132595
"P",395,"L","P395L",1.02581234231583
"P",395,"M","P395M",-0.0168491558089389
"P",395,"N","P395N",0.64595612480865
"P",395,"Q","P395Q",-0.175230398853999
"P",395,"R","P395R",-0.857221861401663
"P",395,"S","P395S",0.413207579558483
"P",395,"T","P395T",-0.55521753270623
"P",395,"V","P395V",-0.103181201995711
"P",395,"W","P395W",-0.0673723241990685
"P",395,"Y","P395Y",1.38500988220304
"P",396,"A","P396A",-0.571651740457771
"P",396,"C","P396C",-2.05477572288337
"P",396,"D","P396D",-1.01335381738079
"P",396,"E","P396E",-1.13876950012823
"P",396,"F","P396F",-1.22970294103532
"P",396,"G","P396G",-0.845364104419629
"P",396,"H","P396H",-1.60635596823531
"P",396,"I","P396I",-2.50217355870466
"P",396,"K","P396K",-0.121764062988374
"P",396,"L","P396L",-1.11360601834172
"P",396,"M","P396M",-0.642259953664668
"P",396,"N","P396N",-1.1056251585007
"P",396,"Q","P396Q",-3.14785865482859
"P",396,"R","P396R",-2.07566636845542
"P",396,"S","P396S",-0.0790308478092256
"P",396,"T","P396T",-1.3474989173873
"P",396,"V","P396V",-0.398574148201287
"P",396,"W","P396W",1.77049021768932
"P",396,"Y","P396Y",-1.34380144018649
"V",397,"A","V397A",0.378565736691985
"V",397,"C","V397C",-0.378607828670078
"V",397,"D","V397D",-0.837012482476903
"V",397,"E","V397E",-0.458762626473059
"V",397,"F","V397F",-0.723486249909434
"V",397,"G","V397G",1.05762623782867
"V",397,"H","V397H",-1.71715688068222
"V",397,"I","V397I",-0.858074318120158
"V",397,"K","V397K",-1.59389411480037
"V",397,"L","V397L",-0.62297683927136
"V",397,"M","V397M",-0.847997047546283
"V",397,"N","V397N",-1.57743737982351
"V",397,"P","V397P",-0.903895754919017
"V",397,"Q","V397Q",-1.1009368339806
"V",397,"R","V397R",-2.23129017001172
"V",397,"S","V397S",1.15110774868819
"V",397,"T","V397T",-0.509866308315506
"V",397,"W","V397W",-1.01887474026439
"V",397,"Y","V397Y",-1.30729071425774
"L",398,"A","L398A",0.348688545141701
"L",398,"C","L398C",1.49848236508183
"L",398,"D","L398D",-0.508774853500985
"L",398,"E","L398E",0.126237895874175
"L",398,"F","L398F",-0.862740237704077
"L",398,"G","L398G",-0.103507992933839
"L",398,"H","L398H",-0.393305382165995
"L",398,"I","L398I",-0.440074035289105
"L",398,"K","L398K",0.0677829305915601
"L",398,"M","L398M",-0.440271518363631
"L",398,"N","L398N",0.652786968022151
"L",398,"P","L398P",0.156754427411954
"L",398,"Q","L398Q",-0.603580976554245
"L",398,"R","L398R",-0.770468953983035
"L",398,"S","L398S",0.514088424184858
"L",398,"T","L398T",0.406319758598356
"L",398,"V","L398V",-1.85556852319747
"L",398,"W","L398W",1.20824920209913
"L",398,"Y","L398Y",1.00914506284035
"D",399,"A","D399A",0.171105469192868
"D",399,"C","D399C",-0.115481022650834
"D",399,"E","D399E",-0.341188799736342
"D",399,"F","D399F",-0.793848283268042
"D",399,"G","D399G",0.0240851111627554
"D",399,"H","D399H",-2.12106972791488
"D",399,"I","D399I",-1.26698634690568
"D",399,"K","D399K",-1.25251920941444
"D",399,"L","D399L",-0.673466839946956
"D",399,"M","D399M",-1.70344826954307
"D",399,"N","D399N",-0.137536833447815
"D",399,"P","D399P",-0.820704967035121
"D",399,"Q","D399Q",-0.820673242764342
"D",399,"R","D399R",1.53576870030667
"D",399,"S","D399S",1.09777631450744
"D",399,"T","D399T",-0.797457355235093
"D",399,"V","D399V",-1.69031487689897
"D",399,"W","D399W",-0.300938843190216
"D",399,"Y","D399Y",-1.17153232141604
"S",400,"A","S400A",0.479962484168713
"S",400,"C","S400C",0.352104436434645
"S",400,"D","S400D",0.00717748327223195
"S",400,"E","S400E",0.754292474569633
"S",400,"F","S400F",1.00074970338874
"S",400,"G","S400G",-0.0958183679149799
"S",400,"H","S400H",0.130613641444856
"S",400,"I","S400I",2.63762958171339
"S",400,"K","S400K",-0.929971511504849
"S",400,"L","S400L",0.419665403094558
"S",400,"M","S400M",-0.165792974648104
"S",400,"N","S400N",0.797936783379493
"S",400,"P","S400P",-0.767410018606894
"S",400,"Q","S400Q",0.0129856882171746
"S",400,"R","S400R",0.187457307365179
"S",400,"T","S400T",-0.16998995755906
"S",400,"V","S400V",-0.162293343714855
"S",400,"W","S400W",1.10188795409793
"S",400,"Y","S400Y",-0.371140157258176
"D",401,"A","D401A",-0.388268189412673
"D",401,"C","D401C",0.28912856443113
"D",401,"E","D401E",-0.396065794277438
"D",401,"F","D401F",0.197075484274479
"D",401,"G","D401G",0.0875762200280343
"D",401,"H","D401H",0.388543242146293
"D",401,"I","D401I",0.456769532714541
"D",401,"K","D401K",-0.897342989260084
"D",401,"L","D401L",-0.129702599691545
"D",401,"M","D401M",-0.200276178163517
"D",401,"N","D401N",-0.375519818986026
"D",401,"P","D401P",3.66564403447551
"D",401,"Q","D401Q",-0.360467112317001
"D",401,"R","D401R",1.68811901688696
"D",401,"S","D401S",0.681751445878195
"D",401,"T","D401T",1.4960276825388
"D",401,"V","D401V",0.423868264727521
"D",401,"W","D401W",0.145357927558478
"D",401,"Y","D401Y",0.449546798556014
"G",402,"A","G402A",0.758909689942133
"G",402,"C","G402C",-0.489028379836048
"G",402,"D","G402D",1.23986838071192
"G",402,"E","G402E",2.11188078701092
"G",402,"F","G402F",0.717851670628764
"G",402,"H","G402H",-0.62856338626015
"G",402,"I","G402I",0.886698440351574
"G",402,"K","G402K",-0.245546344222922
"G",402,"L","G402L",-0.00328188689919134
"G",402,"M","G402M",0.234906777808838
"G",402,"N","G402N",-0.246619817977056
"G",402,"P","G402P",0.152213284782098
"G",402,"Q","G402Q",-0.352867882252095
"G",402,"R","G402R",-0.160756053475799
"G",402,"S","G402S",1.1115722646736
"G",402,"T","G402T",-0.376502145307173
"G",402,"V","G402V",0.467463321407147
"G",402,"W","G402W",-0.422433501775209
"G",402,"Y","G402Y",0.195388148788885
"S",403,"A","S403A",0.750012185324858
"S",403,"C","S403C",0.595135112416449
"S",403,"D","S403D",0.836630810313962
"S",403,"E","S403E",0.00492546151959928
"S",403,"F","S403F",1.83982643539193
"S",403,"G","S403G",1.15501840791555
"S",403,"H","S403H",0.806198454421788
"S",403,"I","S403I",-0.0966827891372818
"S",403,"K","S403K",0.490347385341892
"S",403,"L","S403L",0.052433826866148
"S",403,"M","S403M",1.13165739782259
"S",403,"N","S403N",0.470041154820708
"S",403,"P","S403P",0.38511185445064
"S",403,"Q","S403Q",1.01438634458929
"S",403,"R","S403R",1.6593066406928
"S",403,"T","S403T",-0.219951869514574
"S",403,"V","S403V",0.0631259731493161
"S",403,"W","S403W",0.261935854420942
"S",403,"Y","S403Y",1.18442298154723
"F",404,"A","F404A",-1.62115921676812
"F",404,"C","F404C",0.16563966737648
"F",404,"D","F404D",-2.47873764979
"F",404,"E","F404E",-3.96911369391054
"F",404,"G","F404G",-1.00092120540252
"F",404,"H","F404H",-0.329478218843186
"F",404,"I","F404I",-0.533205457200858
"F",404,"K","F404K",0.272447788687347
"F",404,"L","F404L",-2.25817794327473
"F",404,"M","F404M",-1.6067317365216
"F",404,"N","F404N",-0.717271049413047
"F",404,"P","F404P",2.80513108671534
"F",404,"Q","F404Q",-0.821537647535355
"F",404,"R","F404R",-1.47573380742558
"F",404,"S","F404S",-0.917818809674242
"F",404,"T","F404T",-2.35960585589142
"F",404,"V","F404V",0.617796209370626
"F",404,"W","F404W",-0.788593194177689
"F",404,"Y","F404Y",-0.43981395136046
"F",405,"A","F405A",-0.0486840852221389
"F",405,"C","F405C",0.418880679694723
"F",405,"D","F405D",-2.66108030324021
"F",405,"E","F405E",-0.721784515398903
"F",405,"G","F405G",-1.95170183150818
"F",405,"H","F405H",1.0614698729278
"F",405,"I","F405I",0.0689314006160966
"F",405,"K","F405K",-2.16287688916963
"F",405,"L","F405L",1.21859380807184
"F",405,"M","F405M",1.20600262431799
"F",405,"N","F405N",-2.29700736820067
"F",405,"P","F405P",-0.360352876040899
"F",405,"Q","F405Q",-1.14912006145827
"F",405,"R","F405R",1.7555282608167
"F",405,"S","F405S",-1.12153337402473
"F",405,"T","F405T",0.193231237911718
"F",405,"V","F405V",0.205388180032715
"F",405,"W","F405W",-1.81870213378098
"F",405,"Y","F405Y",-0.122747087765086
"L",406,"A","L406A",-0.34132278312634
"L",406,"C","L406C",-0.249810339289398
"L",406,"D","L406D",0.504604991821009
"L",406,"E","L406E",0.674008868208043
"L",406,"F","L406F",-1.43291442217848
"L",406,"G","L406G",-0.107403369775125
"L",406,"H","L406H",-0.830230981916497
"L",406,"I","L406I",0.410081651831849
"L",406,"K","L406K",-0.331604213880256
"L",406,"M","L406M",-0.827282831294843
"L",406,"N","L406N",-1.31605023033006
"L",406,"P","L406P",-1.45521722887087
"L",406,"Q","L406Q",0.312633706566089
"L",406,"R","L406R",-1.66708684951733
"L",406,"S","L406S",1.17370110123361
"L",406,"T","L406T",0.143887442339964
"L",406,"V","L406V",-0.00165787662194325
"L",406,"W","L406W",-2.33384575826076
"L",406,"Y","L406Y",-2.42443483501114
"Y",407,"A","Y407A",-0.147065193193229
"Y",407,"C","Y407C",0.633824830011832
"Y",407,"D","Y407D",-0.733460029938541
"Y",407,"E","Y407E",-0.840949922430045
"Y",407,"F","Y407F",-0.585875327513141
"Y",407,"G","Y407G",0.0552863322084347
"Y",407,"H","Y407H",-0.144323493022209
"Y",407,"I","Y407I",-1.61920643646562
"Y",407,"K","Y407K",-3.90331240931568
"Y",407,"L","Y407L",0.902451617984465
"Y",407,"M","Y407M",-0.0368119558879177
"Y",407,"N","Y407N",1.55965472355967
"Y",407,"P","Y407P",-2.62470724491467
"Y",407,"Q","Y407Q",-2.00645257172554
"Y",407,"R","Y407R",-1.5886353518479
"Y",407,"S","Y407S",0.0857709683789682
"Y",407,"T","Y407T",1.2209016619658
"Y",407,"V","Y407V",-1.31266858719052
"Y",407,"W","Y407W",-2.88828605986687
"S",408,"A","S408A",-0.0842305556332353
"S",408,"C","S408C",0.111330758761562
"S",408,"D","S408D",-0.550207864204951
"S",408,"E","S408E",0.0673255657650946
"S",408,"F","S408F",-1.65411531291861
"S",408,"G","S408G",0.0992548683974398
"S",408,"H","S408H",-1.41462105513644
"S",408,"I","S408I",-1.31360607481611
"S",408,"K","S408K",-2.30901206424377
"S",408,"L","S408L",-1.68407580921842
"S",408,"M","S408M",-1.26631546794462
"S",408,"N","S408N",0.606086826187691
"S",408,"P","S408P",-2.39250012136043
"S",408,"Q","S408Q",-2.82294288921714
"S",408,"R","S408R",-2.1043759544564
"S",408,"T","S408T",-0.0997941020325087
"S",408,"V","S408V",-0.788069222742897
"S",408,"W","S408W",-0.676454557113861
"S",408,"Y","S408Y",-0.290034512410546
"K",409,"A","K409A",-1.27270996383974
"K",409,"C","K409C",-0.322524902342411
"K",409,"D","K409D",-0.979091489534766
"K",409,"E","K409E",-0.0337542194916756
"K",409,"F","K409F",-0.212236189961906
"K",409,"G","K409G",-0.392684032040931
"K",409,"H","K409H",-0.490392672812625
"K",409,"I","K409I",-0.704834710366246
"K",409,"L","K409L",-0.33750885631876
"K",409,"M","K409M",-0.641681922272564
"K",409,"N","K409N",-2.32847245857709
"K",409,"P","K409P",1.64693086165627
"K",409,"Q","K409Q",-0.586081482314973
"K",409,"R","K409R",0.160920076267121
"K",409,"S","K409S",-0.745175844324718
"K",409,"T","K409T",-0.904256097737873
"K",409,"V","K409V",-1.484714134503
"K",409,"W","K409W",-0.714195490982176
"K",409,"Y","K409Y",-0.146491488637022
"L",410,"A","L410A",1.00382609979373
"L",410,"C","L410C",-0.268258272580971
"L",410,"D","L410D",-0.356762120056589
"L",410,"E","L410E",0.479328568288093
"L",410,"F","L410F",0.262119746737356
"L",410,"G","L410G",-0.160405197577664
"L",410,"H","L410H",-0.157463658087232
"L",410,"I","L410I",-0.463106394112427
"L",410,"K","L410K",4.51518267016666
"L",410,"M","L410M",0.268264739111397
"L",410,"N","L410N",0.445171305127424
"L",410,"P","L410P",-0.978495142875473
"L",410,"Q","L410Q",0.161113548279716
"L",410,"R","L410R",-0.07954883177761
"L",410,"S","L410S",0.791801228763528
"L",410,"T","L410T",-0.733648826791865
"L",410,"V","L410V",0.435710850341155
"L",410,"W","L410W",0.390442206761092
"L",410,"Y","L410Y",0.781344914586518
"T",411,"A","T411A",0.396773300790486
"T",411,"C","T411C",1.47588702380751
"T",411,"D","T411D",0.474658018425162
"T",411,"E","T411E",1.33079288408162
"T",411,"F","T411F",0.150868489549674
"T",411,"G","T411G",0.78107229364807
"T",411,"H","T411H",0.793994467584425
"T",411,"I","T411I",0.306073024117241
"T",411,"K","T411K",-0.100481414468147
"T",411,"L","T411L",1.00681079022308
"T",411,"M","T411M",0.372860380368906
"T",411,"N","T411N",-0.284810317095031
"T",411,"P","T411P",0.409846865923401
"T",411,"Q","T411Q",0.42537767620728
"T",411,"R","T411R",-0.0496180360245263
"T",411,"S","T411S",-0.235709935304693
"T",411,"V","T411V",1.25084198866696
"T",411,"W","T411W",0.431063138938622
"T",411,"Y","T411Y",0.390274857251981
"V",412,"A","V412A",1.41216190530123
"V",412,"C","V412C",-1.25413387078981
"V",412,"D","V412D",0.202664638355276
"V",412,"E","V412E",0.3221710383426
"V",412,"F","V412F",0.831324006829867
"V",412,"G","V412G",0.30628474376394
"V",412,"H","V412H",0.153408945573173
"V",412,"I","V412I",1.83398545119165
"V",412,"K","V412K",0.740832328867369
"V",412,"L","V412L",0.0260968593586505
"V",412,"M","V412M",0.446018373803696
"V",412,"N","V412N",-0.480077671913295
"V",412,"P","V412P",-0.685104616625904
"V",412,"Q","V412Q",0.556420181449813
"V",412,"R","V412R",0.492125087817615
"V",412,"S","V412S",-0.188876233324418
"V",412,"T","V412T",1.01363875847726
"V",412,"W","V412W",-2.35914769238555
"V",412,"Y","V412Y",0.0192692225613582
"D",413,"A","D413A",0.442864866059855
"D",413,"C","D413C",-0.271427508847402
"D",413,"E","D413E",-0.0932363349763933
"D",413,"F","D413F",0.474378127909674
"D",413,"G","D413G",-0.779254688991585
"D",413,"H","D413H",-0.0538662544021596
"D",413,"I","D413I",0.845200489908048
"D",413,"K","D413K",0.217510901901982
"D",413,"L","D413L",-0.0402543587392613
"D",413,"M","D413M",-0.465825095389035
"D",413,"N","D413N",0.31813824429901
"D",413,"P","D413P",-1.03932765365049
"D",413,"Q","D413Q",0.523947089324825
"D",413,"R","D413R",0.58358949525696
"D",413,"S","D413S",0.566779744401274
"D",413,"T","D413T",0.213165154198813
"D",413,"V","D413V",0.00193406873500075
"D",413,"W","D413W",0.288284672083965
"D",413,"Y","D413Y",0.612352264774824
"K",414,"A","K414A",0.251598958424278
"K",414,"C","K414C",1.99043639500847
"K",414,"D","K414D",0.944298814528263
"K",414,"E","K414E",-0.127086010893381
"K",414,"F","K414F",0.317779545886408
"K",414,"G","K414G",-0.926964744256276
"K",414,"H","K414H",0.107738667099246
"K",414,"I","K414I",0.0654444349812668
"K",414,"L","K414L",1.29798064339966
"K",414,"M","K414M",1.34110959388921
"K",414,"N","K414N",-0.372884417020833
"K",414,"P","K414P",-0.422734015643557
"K",414,"Q","K414Q",0.175286774952317
"K",414,"R","K414R",0.361117979066833
"K",414,"S","K414S",-0.124307960313073
"K",414,"T","K414T",0.475771029761301
"K",414,"V","K414V",-1.33823279769515
"K",414,"W","K414W",0.683213801991072
"K",414,"Y","K414Y",0.53167236721328
"S",415,"A","S415A",0.278772313501573
"S",415,"C","S415C",-0.361188218982691
"S",415,"D","S415D",0.489928356710413
"S",415,"E","S415E",-1.34730026078929
"S",415,"F","S415F",0.843290178000165
"S",415,"G","S415G",0.282583979633323
"S",415,"H","S415H",0.227869943559019
"S",415,"I","S415I",1.0080725956119
"S",415,"K","S415K",0.0202100613834431
"S",415,"L","S415L",-0.412160002454266
"S",415,"M","S415M",0.73518077820028
"S",415,"N","S415N",0.616378408678562
"S",415,"P","S415P",0.392743087835937
"S",415,"Q","S415Q",1.21296251178822
"S",415,"R","S415R",0.742110472973402
"S",415,"T","S415T",-1.40890227722797
"S",415,"V","S415V",0.415213468623153
"S",415,"W","S415W",0.648832247889397
"S",415,"Y","S415Y",0.169410133696294
"R",416,"A","R416A",-0.61778691093662
"R",416,"C","R416C",0.23021256782881
"R",416,"D","R416D",0.780711664527343
"R",416,"E","R416E",-0.0507473039025379
"R",416,"F","R416F",0.437288096180979
"R",416,"G","R416G",0.438052400002641
"R",416,"H","R416H",0.321191965755962
"R",416,"I","R416I",-0.173690474313404
"R",416,"K","R416K",0.185530021292802
"R",416,"L","R416L",0.0209550973502971
"R",416,"M","R416M",0.00698603146108481
"R",416,"N","R416N",0.0104389093579512
"R",416,"P","R416P",0.122588927528985
"R",416,"Q","R416Q",0.472717137641447
"R",416,"S","R416S",-0.295438563883858
"R",416,"T","R416T",0.0197307978623327
"R",416,"V","R416V",-0.212001697914657
"R",416,"W","R416W",0.748401604394891
"R",416,"Y","R416Y",1.15893843142206
"W",417,"A","W417A",0.0164597773326061
"W",417,"C","W417C",0.630065209897228
"W",417,"D","W417D",-0.116429087743479
"W",417,"E","W417E",1.19412398476217
"W",417,"F","W417F",1.12340937861924
"W",417,"G","W417G",-0.724941887168777
"W",417,"H","W417H",1.17148373160595
"W",417,"I","W417I",-0.248352558572066
"W",417,"K","W417K",-0.656025262515277
"W",417,"L","W417L",-0.0608877057754251
"W",417,"M","W417M",0.0755585507061979
"W",417,"N","W417N",0.186659575885219
"W",417,"P","W417P",0.548634322192643
"W",417,"Q","W417Q",-0.385562588195249
"W",417,"R","W417R",-0.0299678574396553
"W",417,"S","W417S",0.632677763677778
"W",417,"T","W417T",1.07124339351746
"W",417,"V","W417V",0.686574117413275
"W",417,"Y","W417Y",0.780579476173009
"Q",418,"A","Q418A",0.465213106764366
"Q",418,"C","Q418C",0.603011053187602
"Q",418,"D","Q418D",0.0409503274848199
"Q",418,"E","Q418E",-0.0500560720318591
"Q",418,"F","Q418F",0.945231049293092
"Q",418,"G","Q418G",1.01744306642062
"Q",418,"H","Q418H",-0.256520517075182
"Q",418,"I","Q418I",0.431551250255362
"Q",418,"K","Q418K",0.0528634378942148
"Q",418,"L","Q418L",0.124559938825014
"Q",418,"M","Q418M",0.263006175440293
"Q",418,"N","Q418N",0.11116603966873
"Q",418,"P","Q418P",0.205652552509657
"Q",418,"R","Q418R",0.789517064172588
"Q",418,"S","Q418S",0.362546184760875
"Q",418,"T","Q418T",0.00142998861307328
"Q",418,"V","Q418V",0.572974927813429
"Q",418,"W","Q418W",0.759284316107384
"Q",418,"Y","Q418Y",0.0339305864714542
"Q",419,"A","Q419A",0.19912551382992
"Q",419,"C","Q419C",-0.471945106400391
"Q",419,"D","Q419D",-0.0380910390717322
"Q",419,"E","Q419E",0.74667665913945
"Q",419,"F","Q419F",1.01350738779254
"Q",419,"G","Q419G",0.811061686086183
"Q",419,"H","Q419H",0.703367234216077
"Q",419,"I","Q419I",0.652981544743204
"Q",419,"K","Q419K",0.897036316412586
"Q",419,"L","Q419L",-0.0447456694106428
"Q",419,"M","Q419M",0.622422482272898
"Q",419,"N","Q419N",0.0872369179339749
"Q",419,"P","Q419P",0.408801717250409
"Q",419,"R","Q419R",0.673092079199377
"Q",419,"S","Q419S",0.342178960837837
"Q",419,"T","Q419T",0.18390203217028
"Q",419,"V","Q419V",1.29566240609289
"Q",419,"W","Q419W",0.410631305438446
"Q",419,"Y","Q419Y",0.573839697876049
"G",420,"A","G420A",0.425701260888709
"G",420,"C","G420C",0.051690287748358
"G",420,"D","G420D",0.17983435394196
"G",420,"E","G420E",-0.289882434688215
"G",420,"F","G420F",0.296953509430012
"G",420,"H","G420H",0.583039721097414
"G",420,"I","G420I",0.116007159491061
"G",420,"K","G420K",0.525892694885708
"G",420,"L","G420L",0.409730835514022
"G",420,"M","G420M",0.766869501190817
"G",420,"N","G420N",0.162668498028098
"G",420,"P","G420P",-0.178380272813035
"G",420,"Q","G420Q",0.352439052621064
"G",420,"R","G420R",-0.423293114335678
"G",420,"S","G420S",-0.191079746871291
"G",420,"T","G420T",1.40965802138602
"G",420,"V","G420V",1.31131323399049
"G",420,"W","G420W",0.970094462567023
"G",420,"Y","G420Y",-0.452737995071875
"N",421,"A","N421A",0.243598307305932
"N",421,"C","N421C",0.118935473171139
"N",421,"D","N421D",0.209532489665903
"N",421,"E","N421E",-0.791380078140675
"N",421,"F","N421F",1.05797892080859
"N",421,"G","N421G",-1.24705204715732
"N",421,"H","N421H",0.130103643528466
"N",421,"I","N421I",1.39518204175096
"N",421,"K","N421K",0.285522542690915
"N",421,"L","N421L",0.661726016559621
"N",421,"M","N421M",0.188251962106431
"N",421,"P","N421P",0.120496984031617
"N",421,"Q","N421Q",-0.0114155875357546
"N",421,"R","N421R",-0.286491284733558
"N",421,"S","N421S",-0.0247055887847547
"N",421,"T","N421T",0.730849552274743
"N",421,"V","N421V",1.0203467862318
"N",421,"W","N421W",0.29621248472011
"N",421,"Y","N421Y",-0.42341660322629
"V",422,"A","V422A",0.241155854399911
"V",422,"C","V422C",1.35142916553963
"V",422,"D","V422D",0.64969311338237
"V",422,"E","V422E",-0.523660500835702
"V",422,"F","V422F",0.219867435772046
"V",422,"G","V422G",0.637489270888791
"V",422,"H","V422H",-0.719893375900737
"V",422,"I","V422I",-0.104232832296554
"V",422,"K","V422K",-0.192401874818806
"V",422,"L","V422L",-0.0596559633143764
"V",422,"M","V422M",0.0603605234127312
"V",422,"N","V422N",0.268772102489902
"V",422,"P","V422P",-0.233266408258472
"V",422,"Q","V422Q",0.42479883036607
"V",422,"R","V422R",0.776199902390274
"V",422,"S","V422S",0.299109831183963
"V",422,"T","V422T",0.170319987164383
"V",422,"W","V422W",-0.0220065976273134
"V",422,"Y","V422Y",-0.122187245231716
"F",423,"A","F423A",0.482799439464854
"F",423,"C","F423C",-1.98325850388074
"F",423,"D","F423D",-0.582999049396784
"F",423,"E","F423E",-0.485056872777889
"F",423,"G","F423G",2.32485389389146
"F",423,"H","F423H",0.441141371759224
"F",423,"I","F423I",-0.0672444753561445
"F",423,"K","F423K",-0.0252112798372533
"F",423,"L","F423L",-0.109740382542647
"F",423,"M","F423M",0.539128751969113
"F",423,"N","F423N",0.36779261338924
"F",423,"P","F423P",-0.519278572475316
"F",423,"Q","F423Q",0.897006578854971
"F",423,"R","F423R",0.0484642834984484
"F",423,"S","F423S",-1.21707970439481
"F",423,"T","F423T",0.22830509469237
"F",423,"V","F423V",0.943796866068627
"F",423,"W","F423W",-0.683316048493905
"F",423,"Y","F423Y",0.394510331783582
"S",424,"A","S424A",-0.174938081092157
"S",424,"C","S424C",-0.294610875010529
"S",424,"D","S424D",1.54246698763746
"S",424,"E","S424E",0.441505197751211
"S",424,"F","S424F",-0.243681716978773
"S",424,"G","S424G",-0.318604645413091
"S",424,"H","S424H",0.125341468984552
"S",424,"I","S424I",0.513726016552105
"S",424,"K","S424K",-0.329585531612982
"S",424,"L","S424L",0.806003260099483
"S",424,"M","S424M",1.16504277796967
"S",424,"N","S424N",0.403854134064005
"S",424,"P","S424P",0.897105913943869
"S",424,"Q","S424Q",1.11799502993757
"S",424,"R","S424R",0.106791763886529
"S",424,"T","S424T",0.751031530623797
"S",424,"V","S424V",0.307405608678608
"S",424,"W","S424W",1.05405363150425
"S",424,"Y","S424Y",0.38938218530688
"C",425,"A","C425A",0.73824515417094
"C",425,"D","C425D",-0.936712517783591
"C",425,"E","C425E",-1.35024074055786
"C",425,"F","C425F",-2.31391587958242
"C",425,"G","C425G",-0.680288591155924
"C",425,"H","C425H",-2.71822162027426
"C",425,"I","C425I",-0.0358547829281578
"C",425,"K","C425K",-0.949712644052528
"C",425,"L","C425L",-0.454088823004917
"C",425,"M","C425M",-0.765425556412341
"C",425,"N","C425N",-2.05895391791989
"C",425,"P","C425P",0.623300895232743
"C",425,"Q","C425Q",0.447646908798394
"C",425,"R","C425R",0.29838368436553
"C",425,"S","C425S",1.41413614922559
"C",425,"T","C425T",0.144987929593127
"C",425,"V","C425V",-0.575445297798302
"C",425,"W","C425W",2.1270952035965
"C",425,"Y","C425Y",-1.29466389131278
"S",426,"A","S426A",-0.119229851715258
"S",426,"C","S426C",0.921971407810729
"S",426,"D","S426D",1.29003694651633
"S",426,"E","S426E",0.0583170347380672
"S",426,"F","S426F",1.85209063015882
"S",426,"G","S426G",0.393069153217526
"S",426,"H","S426H",-0.445812714930733
"S",426,"I","S426I",0.375640171337905
"S",426,"K","S426K",-0.0362052878288187
"S",426,"L","S426L",0.0484199341581228
"S",426,"M","S426M",1.02477950004828
"S",426,"N","S426N",-0.237020136196248
"S",426,"P","S426P",0.804005213373121
"S",426,"Q","S426Q",0.314576030791733
"S",426,"R","S426R",0.909958355930067
"S",426,"T","S426T",0.335539950412856
"S",426,"V","S426V",-0.313066792276603
"S",426,"W","S426W",0.334921155816552
"S",426,"Y","S426Y",0.00235914980987558
"V",427,"A","V427A",1.32012996753155
"V",427,"C","V427C",-0.664847699447769
"V",427,"D","V427D",-0.938250833366528
"V",427,"E","V427E",-0.503767869251654
"V",427,"F","V427F",0.362183930961914
"V",427,"G","V427G",0.0731215862753168
"V",427,"H","V427H",-0.0479035065659648
"V",427,"I","V427I",-0.052137585831056
"V",427,"K","V427K",-1.38358769655479
"V",427,"L","V427L",0.314672886798262
"V",427,"M","V427M",0.157311092234598
"V",427,"N","V427N",0.308820626597358
"V",427,"P","V427P",-2.17260691001647
"V",427,"Q","V427Q",-2.28112740799182
"V",427,"R","V427R",-0.638086529823591
"V",427,"S","V427S",-0.283144583770684
"V",427,"T","V427T",1.05059536184613
"V",427,"W","V427W",-1.02093099122166
"V",427,"Y","V427Y",0.154028145202517
"M",428,"A","M428A",-0.543461355802456
"M",428,"C","M428C",0.620864561901304
"M",428,"D","M428D",0.392263365647616
"M",428,"E","M428E",-3.11469747126991
"M",428,"F","M428F",0.731162706149453
"M",428,"G","M428G",0.0821311266966729
"M",428,"H","M428H",0.111890135807363
"M",428,"I","M428I",0.694596862109841
"M",428,"K","M428K",0.43849943776099
"M",428,"L","M428L",-0.4051918585286
"M",428,"N","M428N",-0.184078681339631
"M",428,"P","M428P",0.288978640185264
"M",428,"Q","M428Q",0.132078686301132
"M",428,"R","M428R",-2.67272726073354
"M",428,"S","M428S",-0.122768110249562
"M",428,"T","M428T",-0.148654927677614
"M",428,"V","M428V",0.804638195630877
"M",428,"W","M428W",1.14138154937651
"M",428,"Y","M428Y",1.43139749342029
"H",429,"A","H429A",1.6860551737906
"H",429,"C","H429C",0.0689702592521647
"H",429,"D","H429D",0.221433178308607
"H",429,"E","H429E",1.73807497052293
"H",429,"F","H429F",1.47794846141665
"H",429,"G","H429G",0.622501912432446
"H",429,"I","H429I",-1.52259089964804
"H",429,"K","H429K",1.5249160031505
"H",429,"L","H429L",-1.49580607261914
"H",429,"M","H429M",0.916331556167
"H",429,"N","H429N",0.994426894397767
"H",429,"P","H429P",-2.8106202738897
"H",429,"Q","H429Q",0.667854654618084
"H",429,"R","H429R",-0.446556353683383
"H",429,"S","H429S",0.666433279864024
"H",429,"T","H429T",-0.144197395745456
"H",429,"V","H429V",3.08654516166351
"H",429,"W","H429W",-1.60203306709966
"H",429,"Y","H429Y",-1.05132914168137
"E",430,"A","E430A",-1.93220705674268
"E",430,"C","E430C",-0.764215204297729
"E",430,"D","E430D",0.617975896760983
"E",430,"F","E430F",0.0259531800372198
"E",430,"G","E430G",-0.716195065712722
"E",430,"H","E430H",0.468431813845557
"E",430,"I","E430I",1.47637538794375
"E",430,"K","E430K",0.928015834207078
"E",430,"L","E430L",-0.812599019651965
"E",430,"M","E430M",-1.68695031417598
"E",430,"N","E430N",0.0990147732094624
"E",430,"P","E430P",-2.70283615437133
"E",430,"Q","E430Q",-1.12393491572093
"E",430,"R","E430R",0.56238688076798
"E",430,"S","E430S",-1.16618055825147
"E",430,"T","E430T",-0.574312120431765
"E",430,"V","E430V",0.91336140113672
"E",430,"W","E430W",0.211056760078405
"E",430,"Y","E430Y",0.158499500440182
"L",432,"A","L432A",0.307162864134982
"L",432,"C","L432C",0.473069728735713
"L",432,"D","L432D",1.36509255882635
"L",432,"E","L432E",0.987341254482843
"L",432,"F","L432F",-0.98735077954584
"L",432,"G","L432G",-0.662850766887427
"L",432,"H","L432H",-0.00746505825724759
"L",432,"I","L432I",-0.373472177443315
"L",432,"K","L432K",0.382845696191185
"L",432,"M","L432M",1.39006693368975
"L",432,"N","L432N",0.29840935143359
"L",432,"P","L432P",0.49964056752965
"L",432,"Q","L432Q",0.592618358955218
"L",432,"R","L432R",0.312986800068254
"L",432,"S","L432S",0.51766838877563
"L",432,"T","L432T",0.299043988788776
"L",432,"V","L432V",1.67478375661433
"L",432,"W","L432W",0.504819689541248
"L",432,"Y","L432Y",0.762540138436885
"H",433,"A","H433A",1.39523090481343
"H",433,"C","H433C",-0.401226316723952
"H",433,"D","H433D",-0.123440694046231
"H",433,"E","H433E",1.76936428769815
"H",433,"F","H433F",-0.210594241917714
"H",433,"G","H433G",1.41421433310174
"H",433,"I","H433I",1.03349680769906
"H",433,"K","H433K",0.733771569877144
"H",433,"L","H433L",-0.721635192586095
"H",433,"M","H433M",0.49512642161897
"H",433,"N","H433N",0.33469633073621
"H",433,"P","H433P",0.807487800202005
"H",433,"Q","H433Q",1.02985645082878
"H",433,"R","H433R",0.761172168679919
"H",433,"S","H433S",1.99051210540914
"H",433,"T","H433T",1.50449259465475
"H",433,"V","H433V",0.0188322189020022
"H",433,"W","H433W",0.865356711716225
"H",433,"Y","H433Y",-0.367639629579933
"N",434,"A","N434A",0.421339213635196
"N",434,"C","N434C",0.547871366675528
"N",434,"D","N434D",1.30863582108742
"N",434,"E","N434E",1.24369740705838
"N",434,"F","N434F",0.344488418037457
"N",434,"G","N434G",-0.0807315185521916
"N",434,"H","N434H",0.0483680369682001
"N",434,"I","N434I",0.126279811485637
"N",434,"K","N434K",0.135029867029251
"N",434,"L","N434L",2.36830108425699
"N",434,"P","N434P",1.04536282616649
"N",434,"Q","N434Q",-0.0881782125948573
"N",434,"R","N434R",0.301770691543537
"N",434,"S","N434S",1.48415546115108
"N",434,"T","N434T",0.167207224462309
"N",434,"W","N434W",-0.0700679205953664
"N",434,"Y","N434Y",-0.0692911787780247
"H",435,"A","H435A",-0.479888392358103
"H",435,"C","H435C",-0.105078903886951
"H",435,"D","H435D",0.704414735395243
"H",435,"E","H435E",-0.839350562815812
"H",435,"F","H435F",0.506628322964261
"H",435,"G","H435G",-2.5123008968333
"H",435,"I","H435I",0.338822126509876
"H",435,"K","H435K",0.613289916701011
"H",435,"L","H435L",-0.601359528334059
"H",435,"M","H435M",0.460571342360506
"H",435,"N","H435N",-0.374393557280279
"H",435,"P","H435P",0.200237939269096
"H",435,"Q","H435Q",-1.10315971996775
"H",435,"R","H435R",-0.193483711980802
"H",435,"S","H435S",-0.765094485464054
"H",435,"T","H435T",1.62331115759611
"H",435,"V","H435V",0.270560901393741
"H",435,"W","H435W",-0.591206203616703
"H",435,"Y","H435Y",1.53299279924456
"Y",436,"A","Y436A",-0.307705541735815
"Y",436,"C","Y436C",-0.226582226685012
"Y",436,"D","Y436D",0.747712925734535
"Y",436,"E","Y436E",0.305978989377706
"Y",436,"F","Y436F",0.579277046131495
"Y",436,"G","Y436G",1.11812102111604
"Y",436,"H","Y436H",0.28426859600152
"Y",436,"I","Y436I",1.77389798404758
"Y",436,"K","Y436K",0.132629657119566
"Y",436,"L","Y436L",1.16034329551945
"Y",436,"M","Y436M",0.370586599360801
"Y",436,"N","Y436N",-0.123326549591836
"Y",436,"P","Y436P",0.2122568114315
"Y",436,"Q","Y436Q",0.204649819925768
"Y",436,"R","Y436R",0.284959434536534
"Y",436,"S","Y436S",1.03166471013787
"Y",436,"T","Y436T",0.694095561132775
"Y",436,"V","Y436V",0.0414944275508112
"Y",436,"W","Y436W",0.603516090454168
"T",437,"A","T437A",-0.332644649476277
"T",437,"C","T437C",-0.859819088517358
"T",437,"D","T437D",0.329760233989285
"T",437,"E","T437E",-0.036426561066783
"T",437,"F","T437F",0.315097394065169
"T",437,"G","T437G",-0.949654954177695
"T",437,"H","T437H",0.249015048056402
"T",437,"I","T437I",0.588622500168611
"T",437,"K","T437K",1.80242572988551
"T",437,"L","T437L",-0.442273105268758
"T",437,"M","T437M",0.653915746626398
"T",437,"N","T437N",1.2537599064676
"T",437,"P","T437P",0.087525237356434
"T",437,"Q","T437Q",-0.578147256368389
"T",437,"R","T437R",-0.307377934165628
"T",437,"S","T437S",-0.775388357120913
"T",437,"V","T437V",1.58872465589183
"T",437,"W","T437W",0.898167932191069
"T",437,"Y","T437Y",0.386907820061413
"Q",438,"A","Q438A",-0.223817795631153
"Q",438,"C","Q438C",-1.04920722208953
"Q",438,"D","Q438D",0.890288094844372
"Q",438,"E","Q438E",0.74883562214224
"Q",438,"F","Q438F",0.491582859239265
"Q",438,"G","Q438G",-0.23292151714089
"Q",438,"H","Q438H",-0.267778950075431
"Q",438,"I","Q438I",-1.58326081758112
"Q",438,"K","Q438K",-0.45142989975803
"Q",438,"L","Q438L",-0.457937528595952
"Q",438,"M","Q438M",0.906392579427981
"Q",438,"N","Q438N",0.668975083729776
"Q",438,"P","Q438P",1.23506374126165
"Q",438,"R","Q438R",-0.0705271639320718
"Q",438,"S","Q438S",0.195669397698351
"Q",438,"T","Q438T",0.548956236645611
"Q",438,"V","Q438V",2.33710545434092
"Q",438,"W","Q438W",0.649408564530848
"Q",438,"Y","Q438Y",0.150567520568936
"K",439,"A","K439A",-0.0379426425085994
"K",439,"C","K439C",-1.02770881463079
"K",439,"D","K439D",1.16558027338172
"K",439,"E","K439E",0.0743046104030894
"K",439,"F","K439F",0.273590657042623
"K",439,"G","K439G",0.668999640970859
"K",439,"H","K439H",-0.109136709812603
"K",439,"I","K439I",0.632887788408582
"K",439,"L","K439L",0.308481874881643
"K",439,"M","K439M",0.520262355698687
"K",439,"N","K439N",0.871878759881475
"K",439,"P","K439P",-1.23840879738852
"K",439,"Q","K439Q",0.865275827050645
"K",439,"R","K439R",2.14248441144997
"K",439,"S","K439S",-1.47288190840143
"K",439,"T","K439T",2.1996943318252
"K",439,"V","K439V",0.367815378202004
"K",439,"W","K439W",0.30974298394906
"K",439,"Y","K439Y",-0.569107819330888
"S",440,"A","S440A",0.987650432410074
"S",440,"C","S440C",-1.03711075697656
"S",440,"D","S440D",0.209672041239592
"S",440,"E","S440E",-0.488354279913881
"S",440,"F","S440F",1.30726327885323
"S",440,"G","S440G",0.64030986972657
"S",440,"H","S440H",-0.828935934057596
"S",440,"I","S440I",-0.450079486800241
"S",440,"K","S440K",0.289696759592866
"S",440,"L","S440L",1.35292089702241
"S",440,"M","S440M",1.31592488849843
"S",440,"N","S440N",2.79292265935372
"S",440,"P","S440P",-0.49138373362371
"S",440,"Q","S440Q",0.850173185568496
"S",440,"R","S440R",1.11232379960216
"S",440,"T","S440T",0.234634930743447
"S",440,"V","S440V",0.928838419646929
"S",440,"W","S440W",0.376748933002876
"S",440,"Y","S440Y",-0.939333968832977
"L",441,"A","L441A",-0.233423343545853
"L",441,"C","L441C",-0.515286828657931
"L",441,"D","L441D",1.21653906995648
"L",441,"E","L441E",-0.267533900473125
"L",441,"F","L441F",0.528511287681765
"L",441,"G","L441G",0.559311419375523
"L",441,"H","L441H",-0.0139468565372849
"L",441,"I","L441I",0.593585313414674
"L",441,"K","L441K",0.101565664297393
"L",441,"M","L441M",0.192049841924437
"L",441,"N","L441N",-0.464831709556063
"L",441,"P","L441P",-0.238206618549317
"L",441,"Q","L441Q",-1.52375206597751
"L",441,"R","L441R",-0.794758919654082
"L",441,"S","L441S",0.861580756699675
"L",441,"T","L441T",-1.15706462333437
"L",441,"V","L441V",0.392124748909172
"L",441,"W","L441W",-0.0500497740814451
"L",441,"Y","L441Y",0.692149347812305
"S",442,"A","S442A",0.23222984357843
"S",442,"C","S442C",-0.545310708612183
"S",442,"D","S442D",0.447109161222794
"S",442,"E","S442E",-0.0286424262373909
"S",442,"F","S442F",0.691571182481921
"S",442,"G","S442G",-1.16610357364252
"S",442,"H","S442H",-0.0923209551809375
"S",442,"I","S442I",-0.0919643242260036
"S",442,"K","S442K",-0.481494999808758
"S",442,"L","S442L",0.761693337000498
"S",442,"M","S442M",0.43238401588275
"S",442,"N","S442N",0.533629516702697
"S",442,"P","S442P",0.566860088555192
"S",442,"Q","S442Q",0.689735044033464
"S",442,"R","S442R",1.20691513990256
"S",442,"T","S442T",-0.724840094093952
"S",442,"V","S442V",0.377342999999971
"S",442,"W","S442W",0.221936614345563
"S",442,"Y","S442Y",0.217574185141389
"L",443,"A","L443A",-0.776086793678354
"L",443,"C","L443C",0.00220991319477528
"L",443,"D","L443D",0.0985387903608632
"L",443,"E","L443E",-0.106970856529772
"L",443,"F","L443F",0.236193174389642
"L",443,"G","L443G",-3.32590568699518
"L",443,"H","L443H",0.402045660221958
"L",443,"I","L443I",-0.711045952592393
"L",443,"K","L443K",0.221850036588701
"L",443,"M","L443M",1.248529767646
"L",443,"N","L443N",0.443021803517629
"L",443,"P","L443P",0.421346376099424
"L",443,"Q","L443Q",-0.193852958206533
"L",443,"R","L443R",0.225664457639847
"L",443,"S","L443S",-0.091630326845088
"L",443,"T","L443T",0.407407851171741
"L",443,"V","L443V",0.661006118712308
"L",443,"W","L443W",0.255819281881321
"L",443,"Y","L443Y",-0.275128746453145
"S",444,"A","S444A",-1.00714273015221
"S",444,"C","S444C",-2.15116054143852
"S",444,"D","S444D",-0.12842053777537
"S",444,"E","S444E",0.123559159145936
"S",444,"F","S444F",0.516781844197072
"S",444,"G","S444G",0.817952084666895
"S",444,"H","S444H",0.82090330438564
"S",444,"I","S444I",-0.43496839118917
"S",444,"K","S444K",0.541605926466526
"S",444,"L","S444L",0.690831031155229
"S",444,"M","S444M",0.843376494822175
"S",444,"N","S444N",0.31162303010054
"S",444,"P","S444P",-0.429251216713491
"S",444,"Q","S444Q",-0.0395115791441248
"S",444,"R","S444R",1.05809198507886
"S",444,"T","S444T",-0.278464113747054
"S",444,"V","S444V",0.733609393140155
"S",444,"W","S444W",-0.425933388765732
"S",444,"Y","S444Y",0.815962519667839
"P",445,"A","P445A",0.625985146962102
"P",445,"C","P445C",-0.855816902916485
"P",445,"D","P445D",-0.0544438728017877
"P",445,"E","P445E",0.685645618346635
"P",445,"F","P445F",0.4315818302054
"P",445,"G","P445G",0.83947176216486
"P",445,"H","P445H",-0.29667795292906
"P",445,"I","P445I",-0.280480128043441
"P",445,"K","P445K",-0.0900171041190907
"P",445,"L","P445L",0.599280756661598
"P",445,"M","P445M",-0.0951544585257768
"P",445,"N","P445N",-0.10278131574788
"P",445,"Q","P445Q",-0.205711402475057
"P",445,"R","P445R",1.69767784698854
"P",445,"S","P445S",0.69634768725125
"P",445,"V","P445V",1.74401268846382
"P",445,"W","P445W",0.558279722917376
"P",445,"Y","P445Y",-0.831456607161049
"G",446,"A","G446A",-0.0391891317669707
"G",446,"C","G446C",-0.0756603976286876
"G",446,"D","G446D",0.204925423132676
"G",446,"E","G446E",0.483900190418146
"G",446,"F","G446F",-0.834406830850533
"G",446,"H","G446H",0.3750082776057
"G",446,"I","G446I",1.10557095373045
"G",446,"K","G446K",-0.138572728375311
"G",446,"L","G446L",-1.11867719056604
"G",446,"M","G446M",0.175732853118055
"G",446,"N","G446N",-0.132262567245831
"G",446,"P","G446P",-1.18346182852282
"G",446,"Q","G446Q",1.06775273704086
"G",446,"R","G446R",0.283887086055824
"G",446,"S","G446S",-0.626349221974166
"G",446,"T","G446T",0.585716048968742
"G",446,"V","G446V",0.244323039837787
"G",446,"W","G446W",0.640127511297177
"G",446,"Y","G446Y",-0.156222552407292
"K",447,"A","K447A",1.24124258510972
"K",447,"C","K447C",0.976177768518938
"K",447,"D","K447D",1.05605900550748
"K",447,"E","K447E",-0.117110476035433
"K",447,"F","K447F",0.0434474672249127
"K",447,"G","K447G",0.852517743105507
"K",447,"H","K447H",-0.0929231981234002
"K",447,"I","K447I",0.690375285361019
"K",447,"L","K447L",0.51565971153043
"K",447,"M","K447M",0.73777683065968
"K",447,"N","K447N",-0.346802563058485
"K",447,"P","K447P",1.0363499655352
"K",447,"Q","K447Q",-0.136887864381781
"K",447,"R","K447R",-0.202337405845398
"K",447,"S","K447S",-0.00393733992012289
"K",447,"T","K447T",0.479262674231675
"K",447,"V","K447V",0.849532862407316
"K",447,"W","K447W",0.821470747442339
"K",447,"Y","K447Y",-0.238286752398004
