"wildtype","site","mutation","name","scaledscore"
"E",216,"A","E216A",0.885056501438572
"E",216,"C","E216C",0.223703966474148
"E",216,"D","E216D",1.12962956290412
"E",216,"F","E216F",0.448703195880606
"E",216,"G","E216G",0.425645393358765
"E",216,"H","E216H",0.184575636094655
"E",216,"I","E216I",-0.348610832893306
"E",216,"K","E216K",0.584121794696846
"E",216,"L","E216L",1.10169204416746
"E",216,"M","E216M",1.2716580531501
"E",216,"N","E216N",-0.292452694049877
"E",216,"P","E216P",0.819420037731212
"E",216,"Q","E216Q",0.761717400800752
"E",216,"R","E216R",0.392476034487708
"E",216,"S","E216S",1.77915147093491
"E",216,"T","E216T",-0.393410804622112
"E",216,"V","E216V",0.50403654691969
"E",216,"W","E216W",0.376936287835952
"E",216,"Y","E216Y",-0.145400625239241
"P",217,"A","P217A",0.417742556330327
"P",217,"C","P217C",-0.017698106799625
"P",217,"D","P217D",0.406540710280848
"P",217,"E","P217E",-0.101983192113248
"P",217,"F","P217F",0.407930772414211
"P",217,"G","P217G",1.07889327021539
"P",217,"H","P217H",0.251832462307611
"P",217,"I","P217I",0.152180440361336
"P",217,"K","P217K",0.29716156176359
"P",217,"L","P217L",0.507433429966666
"P",217,"M","P217M",0.640697191935172
"P",217,"N","P217N",1.41381878843751
"P",217,"Q","P217Q",1.27592027239208
"P",217,"R","P217R",0.124034964916962
"P",217,"S","P217S",1.62640710611185
"P",217,"T","P217T",0.426320277967547
"P",217,"V","P217V",0.607464515774567
"P",217,"W","P217W",0.28446226912907
"P",217,"Y","P217Y",0.394672672950547
"K",218,"A","K218A",-0.905692924301741
"K",218,"C","K218C",-0.116332500438867
"K",218,"D","K218D",0.00549194931766278
"K",218,"E","K218E",-0.341601676802619
"K",218,"F","K218F",0.591833684160302
"K",218,"G","K218G",-0.241453622339972
"K",218,"H","K218H",2.73307047457652
"K",218,"I","K218I",-0.101361572913507
"K",218,"L","K218L",-0.0811427734905761
"K",218,"M","K218M",-0.86388264760721
"K",218,"N","K218N",-0.232809095886435
"K",218,"P","K218P",-0.789324314264398
"K",218,"Q","K218Q",-0.552206349709181
"K",218,"R","K218R",0.690150617679885
"K",218,"S","K218S",0.989241932132227
"K",218,"T","K218T",-0.286661421902443
"K",218,"V","K218V",-0.314824019722542
"K",218,"W","K218W",-0.496962390412504
"K",218,"Y","K218Y",-1.15569542764169
"S",219,"A","S219A",0.309030068528559
"S",219,"C","S219C",0.387710694005052
"S",219,"D","S219D",0.325209171898068
"S",219,"E","S219E",-0.0472422139796863
"S",219,"F","S219F",0.0323336777672419
"S",219,"G","S219G",0.317970553147728
"S",219,"H","S219H",-0.277924755142342
"S",219,"I","S219I",0.683211538875527
"S",219,"K","S219K",0.675796019448529
"S",219,"L","S219L",0.629981542130896
"S",219,"M","S219M",0.222743313370521
"S",219,"N","S219N",0.322676902895482
"S",219,"P","S219P",0.155389878795351
"S",219,"Q","S219Q",0.699958694283721
"S",219,"R","S219R",1.3502980536133
"S",219,"T","S219T",0.167771222497193
"S",219,"V","S219V",-0.83435712018943
"S",219,"W","S219W",-0.154291745497668
"S",219,"Y","S219Y",-0.475813110642525
"C",220,"A","C220A",0.791562552771757
"C",220,"D","C220D",0.293419012422143
"C",220,"E","C220E",-0.316359209629185
"C",220,"F","C220F",0.460244885368136
"C",220,"G","C220G",0.5071546873874
"C",220,"H","C220H",0.46608592736388
"C",220,"I","C220I",-0.00499667440048897
"C",220,"K","C220K",0.0120825166110952
"C",220,"L","C220L",1.17999381465308
"C",220,"M","C220M",0.781223452285092
"C",220,"N","C220N",0.189305700313434
"C",220,"P","C220P",0.632944137481857
"C",220,"Q","C220Q",0.362100760423465
"C",220,"R","C220R",0.700715207426254
"C",220,"S","C220S",0.620018946694795
"C",220,"T","C220T",0.794286368938022
"C",220,"V","C220V",0.721403576823895
"C",220,"W","C220W",0.00453105673383102
"C",220,"Y","C220Y",0.257891202222368
"D",221,"A","D221A",0.156503439855137
"D",221,"C","D221C",0.410030068677383
"D",221,"E","D221E",0.305713358842528
"D",221,"F","D221F",0.434580321819685
"D",221,"G","D221G",0.888225253097353
"D",221,"H","D221H",0.904791368200345
"D",221,"I","D221I",-0.107952129081955
"D",221,"K","D221K",0.501510562891297
"D",221,"L","D221L",0.0888881268816634
"D",221,"M","D221M",0.164806651542726
"D",221,"N","D221N",-0.0865212107379634
"D",221,"P","D221P",-1.01798968844015
"D",221,"Q","D221Q",0.805017626179157
"D",221,"R","D221R",0.448894722353917
"D",221,"S","D221S",0.625671542689262
"D",221,"T","D221T",-0.243599098463148
"D",221,"V","D221V",0.0369777698580725
"D",221,"W","D221W",-0.128923461689235
"D",221,"Y","D221Y",0.0883539836910522
"K",222,"A","K222A",0.142492593836903
"K",222,"C","K222C",-0.421685422964945
"K",222,"D","K222D",0.438397575574688
"K",222,"E","K222E",0.838214266924374
"K",222,"F","K222F",0.104121126673039
"K",222,"G","K222G",0.324903667596627
"K",222,"H","K222H",0.344262427833788
"K",222,"I","K222I",-0.714703999046362
"K",222,"L","K222L",1.88506060054371
"K",222,"M","K222M",-0.543816303702882
"K",222,"N","K222N",0.599649749820728
"K",222,"P","K222P",-0.171477112637769
"K",222,"Q","K222Q",0.671681686018441
"K",222,"R","K222R",0.417068963304631
"K",222,"S","K222S",-0.780625530312713
"K",222,"T","K222T",-0.0819489453431095
"K",222,"V","K222V",-1.6527597185301
"K",222,"W","K222W",0.330689928016934
"K",222,"Y","K222Y",-0.463652615572127
"T",223,"A","T223A",0.46869574716402
"T",223,"C","T223C",0.161246222106451
"T",223,"D","T223D",0.734683917856121
"T",223,"E","T223E",0.610217859667848
"T",223,"F","T223F",0.409714999017654
"T",223,"G","T223G",0.549647943522819
"T",223,"H","T223H",-0.0832054005320992
"T",223,"I","T223I",-0.209833809608567
"T",223,"K","T223K",0.0833535913414581
"T",223,"L","T223L",0.253450969363123
"T",223,"M","T223M",0.481862908015744
"T",223,"N","T223N",0.149806567716938
"T",223,"P","T223P",0.126628914661379
"T",223,"Q","T223Q",0.100677217990701
"T",223,"R","T223R",0.399840474684047
"T",223,"S","T223S",0.315156583593854
"T",223,"V","T223V",0.264769703493263
"T",223,"W","T223W",0.822900943955974
"T",223,"Y","T223Y",-0.0302465026203647
"H",224,"A","H224A",-0.425573566108393
"H",224,"C","H224C",0.0860990768075037
"H",224,"D","H224D",0.57189998713523
"H",224,"E","H224E",0.990054042081042
"H",224,"F","H224F",0.563502913037694
"H",224,"G","H224G",-0.128296732888354
"H",224,"I","H224I",0.05601318182574
"H",224,"K","H224K",1.30747817423845
"H",224,"L","H224L",0.470392275711855
"H",224,"M","H224M",0.328214315771183
"H",224,"N","H224N",0.946010626151812
"H",224,"P","H224P",0.535630414385668
"H",224,"Q","H224Q",-0.0848964608143299
"H",224,"R","H224R",0.118250861924752
"H",224,"S","H224S",0.125041320394877
"H",224,"T","H224T",0.110465780994973
"H",224,"V","H224V",-0.122873078435072
"H",224,"W","H224W",0.626879295725258
"H",224,"Y","H224Y",0.535909397658537
"T",225,"A","T225A",0.283841293017857
"T",225,"C","T225C",0.303908035467456
"T",225,"D","T225D",1.18075976013548
"T",225,"E","T225E",1.57473238273565
"T",225,"F","T225F",1.12519750469313
"T",225,"G","T225G",-0.396258532019716
"T",225,"H","T225H",0.274988555106749
"T",225,"I","T225I",-0.264818029057315
"T",225,"K","T225K",0.376451424640135
"T",225,"L","T225L",0.804472515114781
"T",225,"M","T225M",1.21500323722312
"T",225,"N","T225N",0.395882136106255
"T",225,"P","T225P",0.745310441304032
"T",225,"Q","T225Q",-0.136265671736803
"T",225,"S","T225S",0.467389711445867
"T",225,"V","T225V",-0.172989281360797
"T",225,"W","T225W",0.0800739589040444
"T",225,"Y","T225Y",-0.10162369297014
"C",226,"A","C226A",0.0150627558878488
"C",226,"D","C226D",-0.977428476767209
"C",226,"E","C226E",-0.592922571228838
"C",226,"F","C226F",0.109982473244154
"C",226,"G","C226G",0.277483033129176
"C",226,"H","C226H",0.0805332225588197
"C",226,"I","C226I",0.463131696572352
"C",226,"K","C226K",0.233199989971109
"C",226,"L","C226L",-0.0968587883952747
"C",226,"M","C226M",0.0726541986658487
"C",226,"N","C226N",0.190643271181991
"C",226,"P","C226P",-0.0914642623628665
"C",226,"Q","C226Q",0.412219721285914
"C",226,"R","C226R",-0.0708522086456355
"C",226,"S","C226S",-0.0169619294796603
"C",226,"T","C226T",0.389746611000664
"C",226,"V","C226V",-0.165119776604382
"C",226,"W","C226W",0.0418576462591242
"C",226,"Y","C226Y",-0.912608276899257
"P",227,"A","P227A",0.493952785891869
"P",227,"C","P227C",0.474500019667816
"P",227,"D","P227D",-0.5163054577878
"P",227,"E","P227E",0.569067035484165
"P",227,"F","P227F",-0.157374029576709
"P",227,"G","P227G",0.142813587647943
"P",227,"H","P227H",0.307248258410126
"P",227,"I","P227I",1.1093050814195
"P",227,"K","P227K",0.112279670447935
"P",227,"L","P227L",-0.708783909185169
"P",227,"M","P227M",-0.173188681199499
"P",227,"N","P227N",0.32823559264244
"P",227,"Q","P227Q",0.737783925203816
"P",227,"R","P227R",0.490297088001145
"P",227,"S","P227S",0.245727999492645
"P",227,"T","P227T",0.759978078472755
"P",227,"V","P227V",-0.339685992615818
"P",227,"W","P227W",-0.10376654482785
"P",227,"Y","P227Y",-0.0787596983279022
"P",228,"A","P228A",1.10242219819625
"P",228,"C","P228C",0.50275844056572
"P",228,"D","P228D",1.0778051117196
"P",228,"E","P228E",0.66987147883356
"P",228,"F","P228F",-0.0266739258431421
"P",228,"G","P228G",0.0846625993437599
"P",228,"H","P228H",-0.424476246741824
"P",228,"I","P228I",0.495207051320096
"P",228,"K","P228K",0.489672124122771
"P",228,"L","P228L",0.27409781581063
"P",228,"M","P228M",-0.269400843873172
"P",228,"N","P228N",-0.494525617353784
"P",228,"Q","P228Q",0.63219041916127
"P",228,"R","P228R",0.772740185940991
"P",228,"S","P228S",0.395998269024401
"P",228,"T","P228T",-1.19112520363794
"P",228,"V","P228V",0.261774237103566
"P",228,"W","P228W",-0.400368371686837
"P",228,"Y","P228Y",0.0525235268356124
"C",229,"A","C229A",-0.376108197125655
"C",229,"D","C229D",-0.864188178261055
"C",229,"E","C229E",-1.08652414813423
"C",229,"F","C229F",-0.111264807071994
"C",229,"G","C229G",-0.685862868391562
"C",229,"H","C229H",-0.614305231369472
"C",229,"I","C229I",-1.00013944856275
"C",229,"K","C229K",-0.288785083160574
"C",229,"L","C229L",-0.672662093904775
"C",229,"M","C229M",-0.76076678214521
"C",229,"N","C229N",-0.00335430866757781
"C",229,"P","C229P",-0.192109989414153
"C",229,"Q","C229Q",-0.526442024877686
"C",229,"R","C229R",-0.878059082364335
"C",229,"S","C229S",-1.46281160856006
"C",229,"T","C229T",-0.820645666897246
"C",229,"V","C229V",0.34633706337774
"C",229,"W","C229W",-0.573334493939095
"C",229,"Y","C229Y",-0.957961122981396
"P",230,"A","P230A",0.456223540846845
"P",230,"C","P230C",-0.293086243900613
"P",230,"D","P230D",0.11005501141344
"P",230,"E","P230E",-0.118004773818285
"P",230,"F","P230F",0.317082982008416
"P",230,"G","P230G",0.00391735447371242
"P",230,"H","P230H",0.222137350681612
"P",230,"I","P230I",-0.689574146093769
"P",230,"K","P230K",0.467031808909089
"P",230,"L","P230L",0.00772310970511354
"P",230,"M","P230M",0.781632674836971
"P",230,"N","P230N",-0.0981955856123347
"P",230,"Q","P230Q",-0.00899476660909345
"P",230,"R","P230R",-0.577301114696856
"P",230,"S","P230S",-0.155171395349989
"P",230,"T","P230T",0.550834405388657
"P",230,"V","P230V",1.0146151403457
"P",230,"W","P230W",-0.506762129396014
"P",230,"Y","P230Y",-0.486541944780301
"A",231,"C","A231C",-0.237858349481029
"A",231,"D","A231D",-0.134008346895178
"A",231,"E","A231E",0.944472050879205
"A",231,"F","A231F",0.768661404844752
"A",231,"G","A231G",0.442774110440809
"A",231,"H","A231H",0.58682287383046
"A",231,"I","A231I",1.86184156226579
"A",231,"K","A231K",0.224732791209682
"A",231,"L","A231L",0.694363088328964
"A",231,"M","A231M",0.460796315465227
"A",231,"N","A231N",0.0541620977878061
"A",231,"P","A231P",-0.21225688468937
"A",231,"Q","A231Q",0.983516042293664
"A",231,"R","A231R",-0.923190308862907
"A",231,"S","A231S",-0.0798216710971631
"A",231,"T","A231T",0.299605911403133
"A",231,"V","A231V",0.83944892824794
"A",231,"W","A231W",1.05708481469547
"A",231,"Y","A231Y",-0.605626522308719
"P",232,"A","P232A",0.370320200709157
"P",232,"C","P232C",0.310248159591358
"P",232,"D","P232D",0.184128743583182
"P",232,"E","P232E",-2.03051991692472
"P",232,"F","P232F",0.769952407492836
"P",232,"G","P232G",-0.0355628257278475
"P",232,"H","P232H",0.0195682703307578
"P",232,"I","P232I",0.645040153744076
"P",232,"K","P232K",-2.56801913525607
"P",232,"L","P232L",0.72030724419565
"P",232,"M","P232M",-0.0679281136843075
"P",232,"N","P232N",-0.21690519135323
"P",232,"Q","P232Q",-0.806006560221668
"P",232,"R","P232R",-2.47518227557645
"P",232,"S","P232S",-0.488483668469029
"P",232,"T","P232T",-1.27438890364508
"P",232,"V","P232V",0.762965588679973
"P",232,"W","P232W",1.96673581741609
"P",232,"Y","P232Y",0.808351789990517
"E",233,"A","E233A",-1.63476178338201
"E",233,"C","E233C",-1.18453883678094
"E",233,"D","E233D",0.471601305415484
"E",233,"F","E233F",-1.36175874993865
"E",233,"G","E233G",-2.80160702083977
"E",233,"H","E233H",-2.31145952480507
"E",233,"I","E233I",-2.95895642224158
"E",233,"K","E233K",-3.37049342799874
"E",233,"L","E233L",-1.96169761188838
"E",233,"M","E233M",-2.28952193268846
"E",233,"N","E233N",-2.27677793122738
"E",233,"P","E233P",-1.74717671550657
"E",233,"Q","E233Q",-3.49308677691487
"E",233,"R","E233R",-3.1556700668217
"E",233,"S","E233S",-1.98109062832694
"E",233,"T","E233T",-1.98066254261846
"E",233,"V","E233V",-2.61008099581853
"E",233,"W","E233W",-0.894005105632079
"E",233,"Y","E233Y",-2.83613472878759
"L",234,"A","L234A",-1.39031071521736
"L",234,"C","L234C",-2.46502639941573
"L",234,"D","L234D",0.456263699154145
"L",234,"E","L234E",0.149750960248768
"L",234,"F","L234F",-0.439310128839313
"L",234,"G","L234G",-2.03213888173968
"L",234,"H","L234H",-2.18705182139057
"L",234,"I","L234I",-0.841051105037262
"L",234,"K","L234K",-4.16742137069042
"L",234,"M","L234M",-0.585752739671928
"L",234,"N","L234N",-1.94923298845608
"L",234,"P","L234P",-1.28624608098237
"L",234,"Q","L234Q",0.416132231505835
"L",234,"R","L234R",-3.39322026566363
"L",234,"S","L234S",-0.896505813999538
"L",234,"T","L234T",-1.77469058732716
"L",234,"W","L234W",-1.03957902051134
"L",234,"Y","L234Y",0.0405800018325878
"L",235,"A","L235A",0.911164697337695
"L",235,"C","L235C",-3.83280670694585
"L",235,"D","L235D",0.0331439268625574
"L",235,"E","L235E",-0.130678483374995
"L",235,"F","L235F",0.871693062141861
"L",235,"G","L235G",-3.12593665630894
"L",235,"H","L235H",-0.944485160270019
"L",235,"I","L235I",1.02449416823258
"L",235,"K","L235K",-2.28656224652693
"L",235,"M","L235M",0.0703174603068353
"L",235,"N","L235N",-1.55200941190225
"L",235,"P","L235P",-1.12615820758005
"L",235,"Q","L235Q",-0.460051441552296
"L",235,"R","L235R",-2.3517156871995
"L",235,"S","L235S",-1.78015780084176
"L",235,"T","L235T",-2.39912558633374
"L",235,"V","L235V",-0.186464498129719
"L",235,"W","L235W",0.983009593069386
"L",235,"Y","L235Y",1.08099463575798
"G",236,"A","G236A",0.0467640018077923
"G",236,"C","G236C",-3.40382527085532
"G",236,"D","G236D",1.01856341780625
"G",236,"E","G236E",-0.203579918574688
"G",236,"F","G236F",-3.53010518549259
"G",236,"H","G236H",-3.46132152862948
"G",236,"I","G236I",-2.35193137611483
"G",236,"K","G236K",-3.86999978828108
"G",236,"L","G236L",-0.94634273782198
"G",236,"M","G236M",-3.3975878409673
"G",236,"N","G236N",-1.08735290989809
"G",236,"P","G236P",-2.68588938779666
"G",236,"Q","G236Q",-1.5593352386714
"G",236,"R","G236R",-3.28856749563597
"G",236,"S","G236S",0.507487330420039
"G",236,"T","G236T",-1.50560100727854
"G",236,"V","G236V",-0.730952492768424
"G",236,"W","G236W",-2.02349630120629
"G",236,"Y","G236Y",-2.1880102472332
"G",237,"A","G237A",-1.04535348711741
"G",237,"C","G237C",-2.61771323599661
"G",237,"D","G237D",0.780126840071356
"G",237,"E","G237E",-0.168192739991444
"G",237,"F","G237F",-0.0540312429321103
"G",237,"H","G237H",-2.8267461394819
"G",237,"I","G237I",-1.46217093824733
"G",237,"K","G237K",-2.07525077668244
"G",237,"L","G237L",0.252821506755407
"G",237,"M","G237M",-2.04119442801027
"G",237,"N","G237N",-0.242759507934812
"G",237,"P","G237P",-2.92635432364532
"G",237,"Q","G237Q",-0.691418820310304
"G",237,"R","G237R",-3.0900935974963
"G",237,"S","G237S",-1.52673291857471
"G",237,"T","G237T",-2.34483305182221
"G",237,"V","G237V",-2.58642185904023
"G",237,"W","G237W",0.788307174497153
"G",237,"Y","G237Y",0.367779739253678
"P",238,"A","P238A",-1.54012957059207
"P",238,"C","P238C",-2.5467428516472
"P",238,"D","P238D",1.82406373497765
"P",238,"E","P238E",-0.554989415209752
"P",238,"F","P238F",1.63261119375147
"P",238,"G","P238G",-1.96035276204283
"P",238,"H","P238H",-0.250026215437042
"P",238,"I","P238I",-0.977827586069654
"P",238,"K","P238K",-3.22237834086488
"P",238,"L","P238L",0.0237016309326322
"P",238,"M","P238M",0.744218162679874
"P",238,"N","P238N",-1.45220188478686
"P",238,"Q","P238Q",-1.83069695106147
"P",238,"R","P238R",-1.08735290989809
"P",238,"S","P238S",-1.17455538592843
"P",238,"T","P238T",-3.34841085216776
"P",238,"V","P238V",2.48778340128848
"P",238,"W","P238W",0.04904973088795
"P",238,"Y","P238Y",0.825917286527045
"S",239,"A","S239A",0.209429669333312
"S",239,"C","S239C",-0.271769600412519
"S",239,"D","S239D",-0.826501241421603
"S",239,"E","S239E",0.912717019028705
"S",239,"F","S239F",-2.19296898047297
"S",239,"G","S239G",0.881617698704304
"S",239,"H","S239H",-2.95478777713937
"S",239,"I","S239I",-0.0402213836749551
"S",239,"K","S239K",-3.65245325230981
"S",239,"L","S239L",1.05830381569813
"S",239,"M","S239M",0.298058218838751
"S",239,"N","S239N",0.0689309889673802
"S",239,"P","S239P",0.140900817518269
"S",239,"Q","S239Q",-0.280722657165241
"S",239,"R","S239R",-2.07100563761006
"S",239,"T","S239T",-0.459401996338745
"S",239,"V","S239V",1.30318301191557
"S",239,"W","S239W",-1.73226905048404
"S",239,"Y","S239Y",-3.33227277330264
"V",240,"A","V240A",-0.0722148451188844
"V",240,"C","V240C",0.630455207039236
"V",240,"D","V240D",0.00738781078605379
"V",240,"E","V240E",-0.639818730997769
"V",240,"F","V240F",1.55027892802708
"V",240,"G","V240G",-0.320752243179042
"V",240,"H","V240H",-0.107010525929595
"V",240,"I","V240I",1.38237513924684
"V",240,"K","V240K",-0.454281602607684
"V",240,"L","V240L",0.548798301486817
"V",240,"M","V240M",-0.165982466709286
"V",240,"N","V240N",-0.388908195764276
"V",240,"P","V240P",-0.820741304078878
"V",240,"Q","V240Q",-0.0436306529367313
"V",240,"R","V240R",-0.181146850433739
"V",240,"S","V240S",-0.123001807789873
"V",240,"T","V240T",-0.377998154536697
"V",240,"W","V240W",-0.135146499597904
"V",240,"Y","V240Y",-0.398208331242737
"F",241,"A","F241A",-1.30819031264022
"F",241,"C","F241C",-2.79154802319489
"F",241,"D","F241D",-1.5607517618092
"F",241,"E","F241E",-0.977248804956425
"F",241,"G","F241G",-1.57422283424981
"F",241,"H","F241H",0.0210535398151007
"F",241,"I","F241I",-0.538062192402172
"F",241,"K","F241K",-2.6239081299158
"F",241,"L","F241L",0.183619704233001
"F",241,"M","F241M",-0.648577057440236
"F",241,"N","F241N",0.252900337790705
"F",241,"P","F241P",-0.906870046948835
"F",241,"Q","F241Q",-1.04243844728025
"F",241,"R","F241R",-1.96812700744583
"F",241,"S","F241S",-1.39830281880492
"F",241,"T","F241T",-1.85731365259324
"F",241,"V","F241V",-1.72601739026285
"F",241,"W","F241W",0.078853452580734
"F",241,"Y","F241Y",-0.753545660718035
"L",242,"F","L242F",0.262636369720012
"F",243,"A","F243A",-0.0692174369902031
"F",243,"C","F243C",-2.82044777354459
"F",243,"D","F243D",-0.610835804968821
"F",243,"E","F243E",-1.08527816903896
"F",243,"H","F243H",-0.0933704824648187
"F",243,"I","F243I",-0.616883459080122
"F",243,"K","F243K",-2.08799493133674
"F",243,"L","F243L",0.0656618004649177
"F",243,"M","F243M",-0.18814617769066
"F",243,"N","F243N",-0.678578823377826
"F",243,"P","F243P",-0.263896334551231
"F",243,"Q","F243Q",-0.953553117172968
"F",243,"R","F243R",-2.50609391505964
"F",243,"S","F243S",-0.713779667089345
"F",243,"T","F243T",0.742418204199498
"F",243,"V","F243V",-0.178987671812036
"F",243,"W","F243W",0.294819466778767
"F",243,"Y","F243Y",0.316504148468128
"P",244,"A","P244A",0.502947655400517
"P",244,"C","P244C",-0.161045275612427
"P",244,"D","P244D",0.287352914182906
"P",244,"E","P244E",0.373295951377027
"P",244,"F","P244F",0.112570335386498
"P",244,"G","P244G",0.981973095392531
"P",244,"H","P244H",0.301443333432048
"P",244,"I","P244I",0.109267054150729
"P",244,"K","P244K",1.08305201282365
"P",244,"L","P244L",0.243575165526139
"P",244,"M","P244M",0.453031785346547
"P",244,"N","P244N",0.770538532958934
"P",244,"Q","P244Q",0.851991649695793
"P",244,"R","P244R",-0.37216020053518
"P",244,"S","P244S",0.0642713019217713
"P",244,"T","P244T",1.14878047371833
"P",244,"V","P244V",0.57087747132506
"P",244,"W","P244W",0.567061988684741
"P",244,"Y","P244Y",0.63135637682596
"P",245,"A","P245A",1.48515598706309
"P",245,"C","P245C",0.359537899754476
"P",245,"D","P245D",-0.824221874088031
"P",245,"E","P245E",-0.883141057386233
"P",245,"F","P245F",0.321835840299733
"P",245,"G","P245G",0.0931436787969048
"P",245,"H","P245H",0.782481443759332
"P",245,"I","P245I",0.0306801392446572
"P",245,"K","P245K",-1.55288002748712
"P",245,"L","P245L",-0.676248796782149
"P",245,"M","P245M",1.38062147662649
"P",245,"N","P245N",-1.00691000031512
"P",245,"Q","P245Q",-0.106518138020643
"P",245,"R","P245R",0.0427544045596703
"P",245,"S","P245S",0.21510031378573
"P",245,"T","P245T",0.222114089430691
"P",245,"V","P245V",0.496821912456702
"P",245,"W","P245W",-0.753380203801343
"P",245,"Y","P245Y",-0.654189028475189
"K",246,"A","K246A",1.09631267011103
"K",246,"C","K246C",0.298675375878492
"K",246,"D","K246D",0.0980482179021232
"K",246,"E","K246E",1.28381039413904
"K",246,"F","K246F",-0.0197226176894545
"K",246,"G","K246G",-0.242558090953245
"K",246,"H","K246H",0.0811175140078164
"K",246,"I","K246I",-0.0110016721113539
"K",246,"L","K246L",0.69483746396983
"K",246,"M","K246M",-0.577679327820979
"K",246,"N","K246N",0.846403081445413
"K",246,"P","K246P",0.357494117471279
"K",246,"Q","K246Q",0.00779417036102515
"K",246,"R","K246R",0.284953452759585
"K",246,"S","K246S",0.142535512604044
"K",246,"T","K246T",0.485849674302179
"K",246,"V","K246V",0.643495405693187
"K",246,"W","K246W",-0.468244041103551
"K",246,"Y","K246Y",0.052709077940552
"P",247,"A","P247A",-0.14939418790616
"P",247,"C","P247C",0.896548119996236
"P",247,"D","P247D",0.558362760938834
"P",247,"E","P247E",0.0122897992080981
"P",247,"F","P247F",1.04969739793412
"P",247,"G","P247G",-0.729316271028643
"P",247,"H","P247H",0.174424302692521
"P",247,"I","P247I",1.91279455081401
"P",247,"K","P247K",-0.670447503553307
"P",247,"L","P247L",2.40035821192132
"P",247,"M","P247M",1.57452987606911
"P",247,"N","P247N",0.0107984327289214
"P",247,"Q","P247Q",-1.30589813439456
"P",247,"R","P247R",0.0196989094219223
"P",247,"S","P247S",0.615470807658534
"P",247,"T","P247T",-0.0714633739482182
"P",247,"V","P247V",1.57919900622102
"P",247,"W","P247W",-0.251558890061319
"P",247,"Y","P247Y",0.942248875124887
"K",248,"A","K248A",0.850846141551222
"K",248,"C","K248C",0.0982127752279821
"K",248,"D","K248D",0.00151968584145532
"K",248,"E","K248E",-0.372490475799695
"K",248,"F","K248F",-0.00433272221624417
"K",248,"G","K248G",-0.233423031168696
"K",248,"H","K248H",-0.584010766559416
"K",248,"I","K248I",0.146059532487445
"K",248,"L","K248L",-0.470249583102676
"K",248,"M","K248M",0.841879252681304
"K",248,"N","K248N",0.243188597125235
"K",248,"P","K248P",-0.119748639529589
"K",248,"Q","K248Q",1.61239700476474
"K",248,"R","K248R",0.291343781909124
"K",248,"S","K248S",1.23322065769544
"K",248,"T","K248T",-0.193215537696006
"K",248,"V","K248V",1.0427531553909
"K",248,"W","K248W",0.623261277560048
"K",248,"Y","K248Y",0.449321371566299
"D",249,"A","D249A",0.118015106021095
"D",249,"C","D249C",0.627578473763125
"D",249,"E","D249E",1.28095706495968
"D",249,"F","D249F",0.455385255095191
"D",249,"G","D249G",0.16158242673537
"D",249,"H","D249H",0.712233057901009
"D",249,"I","D249I",-1.14835978447901
"D",249,"K","D249K",0.133413921532751
"D",249,"L","D249L",0.051549336303023
"D",249,"M","D249M",0.741537395382324
"D",249,"N","D249N",0.307537586697472
"D",249,"P","D249P",-0.566155573920735
"D",249,"Q","D249Q",0.29402071566351
"D",249,"R","D249R",-0.46898760903326
"D",249,"S","D249S",0.544174948176567
"D",249,"T","D249T",-0.0339769364319352
"D",249,"V","D249V",0.484033665895004
"D",249,"W","D249W",0.375666304134254
"D",249,"Y","D249Y",0.098196799735799
"T",250,"A","T250A",1.11588817720348
"T",250,"C","T250C",-0.525845772978812
"T",250,"D","T250D",0.033633570561749
"T",250,"E","T250E",0.248723566368311
"T",250,"F","T250F",0.877111359047942
"T",250,"G","T250G",-0.252705250308865
"T",250,"H","T250H",0.994877909523441
"T",250,"I","T250I",0.0762900158726053
"T",250,"K","T250K",0.499428074859918
"T",250,"L","T250L",1.84375464967011
"T",250,"M","T250M",0.223750565118895
"T",250,"N","T250N",-0.252724645266684
"T",250,"P","T250P",0.401108459753226
"T",250,"Q","T250Q",0.273238426094233
"T",250,"R","T250R",0.582145750652287
"T",250,"S","T250S",0.791052893613656
"T",250,"V","T250V",0.901607258693314
"T",250,"W","T250W",0.835910746617712
"T",250,"Y","T250Y",1.15484597417433
"L",251,"A","L251A",0.690977315725334
"L",251,"C","L251C",-1.44901939508832
"L",251,"D","L251D",-3.21631969382272
"L",251,"E","L251E",-2.16651895450671
"L",251,"F","L251F",0.843789411207842
"L",251,"G","L251G",-0.429498186051733
"L",251,"H","L251H",0.316197419322996
"L",251,"I","L251I",0.75385840798661
"L",251,"K","L251K",-1.94660731691021
"L",251,"M","L251M",-0.48463795694785
"L",251,"N","L251N",0.450096482966469
"L",251,"P","L251P",-2.54341418866951
"L",251,"Q","L251Q",-0.635056563387872
"L",251,"R","L251R",-2.8808119978894
"L",251,"S","L251S",2.68352503571514
"L",251,"T","L251T",-0.0114290543548011
"L",251,"V","L251V",0.270403843891628
"L",251,"W","L251W",2.36907047949123
"L",251,"Y","L251Y",-0.368407828405434
"M",252,"A","M252A",-0.235808350142461
"M",252,"C","M252C",-0.0557740768376038
"M",252,"D","M252D",0.0472219101359088
"M",252,"E","M252E",0.658348351981277
"M",252,"F","M252F",0.0893483197846103
"M",252,"G","M252G",0.222180669358556
"M",252,"H","M252H",0.184408135335443
"M",252,"I","M252I",1.03603867472101
"M",252,"K","M252K",0.215472263478602
"M",252,"L","M252L",0.174571353233062
"M",252,"N","M252N",0.60444431199972
"M",252,"P","M252P",-1.21479026161023
"M",252,"Q","M252Q",-0.259306780241419
"M",252,"R","M252R",0.814723929217994
"M",252,"S","M252S",0.375973346906816
"M",252,"T","M252T",0.148210749880718
"M",252,"V","M252V",0.642403025116026
"M",252,"W","M252W",0.0759050700215281
"M",252,"Y","M252Y",0.617946830253094
"I",253,"A","I253A",-0.293389679759194
"I",253,"C","I253C",-0.589769785531996
"I",253,"D","I253D",0.395373514730921
"I",253,"E","I253E",-0.132331163566144
"I",253,"F","I253F",-0.582715554457353
"I",253,"G","I253G",0.136664477810371
"I",253,"H","I253H",-0.769297169106772
"I",253,"K","I253K",0.386974180537862
"I",253,"L","I253L",1.00420500529418
"I",253,"M","I253M",0.188826158972943
"I",253,"N","I253N",-0.0969405970625086
"I",253,"P","I253P",0.114833292694463
"I",253,"Q","I253Q",0.395084527887027
"I",253,"R","I253R",0.130983773594367
"I",253,"S","I253S",0.190195645085992
"I",253,"T","I253T",1.09090533920721
"I",253,"V","I253V",0.00684962397620865
"I",253,"W","I253W",0.755620779229865
"I",253,"Y","I253Y",-0.524457382363347
"S",254,"A","S254A",0.224364447843628
"S",254,"C","S254C",-0.180993895424319
"S",254,"D","S254D",-0.346895297516152
"S",254,"E","S254E",1.08463093951966
"S",254,"F","S254F",0.155921057899312
"S",254,"G","S254G",-0.437813188156439
"S",254,"H","S254H",-0.278576175421664
"S",254,"I","S254I",0.325396686640968
"S",254,"K","S254K",-0.636911183181101
"S",254,"L","S254L",-0.239643129493626
"S",254,"M","S254M",-0.0650401213104223
"S",254,"N","S254N",0.0996265832645424
"S",254,"P","S254P",0.933873010386792
"S",254,"Q","S254Q",0.242083438829516
"S",254,"R","S254R",-0.337962977903294
"S",254,"T","S254T",0.0540100927412794
"S",254,"V","S254V",1.49079950962944
"S",254,"W","S254W",0.498599549517548
"S",254,"Y","S254Y",0.40036163660627
"R",255,"A","R255A",0.138033082226609
"R",255,"C","R255C",-0.487222407551139
"R",255,"D","R255D",-0.327834554511336
"R",255,"E","R255E",1.40510042977752
"R",255,"F","R255F",0.388112459428107
"R",255,"G","R255G",1.51335425665942
"R",255,"H","R255H",-0.57393220466519
"R",255,"I","R255I",0.610247713149735
"R",255,"K","R255K",-0.0254056165814234
"R",255,"L","R255L",0.795350109234572
"R",255,"M","R255M",1.64841911006507
"R",255,"N","R255N",0.399078972742354
"R",255,"P","R255P",0.235598896452974
"R",255,"Q","R255Q",1.0355501100889
"R",255,"S","R255S",0.687746004713745
"R",255,"T","R255T",0.523624204693247
"R",255,"V","R255V",0.548920984713749
"R",255,"W","R255W",0.732797364839502
"R",255,"Y","R255Y",0.98465113580649
"T",256,"A","T256A",0.39566269188143
"T",256,"C","T256C",0.739127370732462
"T",256,"D","T256D",0.328072459664792
"T",256,"E","T256E",-0.16454873678793
"T",256,"F","T256F",0.473808296384123
"T",256,"G","T256G",0.0582184822601695
"T",256,"H","T256H",0.420132315878431
"T",256,"I","T256I",0.804176090834052
"T",256,"K","T256K",0.213867770754866
"T",256,"L","T256L",-0.711042412940614
"T",256,"M","T256M",0.81116546110409
"T",256,"N","T256N",-0.683095121650944
"T",256,"P","T256P",0.831614972350203
"T",256,"Q","T256Q",3.79381934834375
"T",256,"R","T256R",1.5072182067881
"T",256,"S","T256S",0.508049351254455
"T",256,"V","T256V",1.32462437377424
"T",256,"W","T256W",-0.240906010584072
"T",256,"Y","T256Y",-0.150159727400962
"P",257,"A","P257A",-0.399441280132258
"P",257,"C","P257C",0.0624565071101414
"P",257,"D","P257D",-2.22008489812698
"P",257,"E","P257E",-2.99053379739068
"P",257,"F","P257F",-2.66971548968821
"P",257,"G","P257G",1.05864568961194
"P",257,"H","P257H",-0.662082194345562
"P",257,"I","P257I",0.305075640520605
"P",257,"K","P257K",0.175367438785093
"P",257,"L","P257L",0.0297722746236886
"P",257,"M","P257M",-1.09979494173075
"P",257,"N","P257N",-0.402041746355085
"P",257,"Q","P257Q",-0.395218711855883
"P",257,"R","P257R",-1.75794997729003
"P",257,"S","P257S",-0.810124412843943
"P",257,"T","P257T",-0.653108033674261
"P",257,"V","P257V",-1.85230878067764
"P",257,"W","P257W",-3.26163480712936
"P",257,"Y","P257Y",-2.50823366900187
"E",258,"A","E258A",0.935150611389033
"E",258,"C","E258C",0.305655349652197
"E",258,"D","E258D",0.370630001248845
"E",258,"F","E258F",0.562125096251636
"E",258,"G","E258G",0.231979810145605
"E",258,"H","E258H",-0.752407945158685
"E",258,"I","E258I",-0.272131424679844
"E",258,"K","E258K",0.943763655419383
"E",258,"L","E258L",0.0960026360721085
"E",258,"M","E258M",-0.362807687236517
"E",258,"N","E258N",-0.563897999528244
"E",258,"P","E258P",0.68609576485521
"E",258,"Q","E258Q",-0.300715901766532
"E",258,"R","E258R",0.377327490472718
"E",258,"S","E258S",1.24091510606868
"E",258,"T","E258T",1.22527143686261
"E",258,"V","E258V",0.612551638656351
"E",258,"W","E258W",0.0731290025058813
"E",258,"Y","E258Y",-0.0404146651589148
"V",259,"A","V259A",0.440493723900767
"V",259,"C","V259C",-0.10410037416125
"V",259,"D","V259D",-0.656707405522619
"V",259,"E","V259E",-0.769309279797581
"V",259,"F","V259F",-0.0754950263172955
"V",259,"G","V259G",-0.38596621815777
"V",259,"H","V259H",0.494010296838553
"V",259,"I","V259I",0.050034062151226
"V",259,"K","V259K",-0.29497443855333
"V",259,"L","V259L",0.416115333452385
"V",259,"M","V259M",0.161939248950952
"V",259,"N","V259N",-0.324628216505567
"V",259,"P","V259P",-1.03452146849174
"V",259,"Q","V259Q",-0.329990396234408
"V",259,"R","V259R",0.629922258915214
"V",259,"S","V259S",-0.0278613766617031
"V",259,"T","V259T",0.849044914209749
"V",259,"W","V259W",-0.175952011217647
"V",259,"Y","V259Y",-0.17710630604622
"T",260,"A","T260A",-0.330008620435788
"T",260,"C","T260C",0.836149499924442
"T",260,"D","T260D",-0.832465696004731
"T",260,"E","T260E",0.260518821781215
"T",260,"F","T260F",-0.0560493156820008
"T",260,"G","T260G",0.587783267438275
"T",260,"H","T260H",-0.29794172536732
"T",260,"I","T260I",-0.0473790231338955
"T",260,"K","T260K",0.921410630870056
"T",260,"L","T260L",1.29860958275063
"T",260,"M","T260M",-0.0160911652857519
"T",260,"N","T260N",-0.409263697873659
"T",260,"P","T260P",0.554504841307057
"T",260,"Q","T260Q",0.706763239071301
"T",260,"R","T260R",1.11867183094715
"T",260,"S","T260S",-0.207558184140798
"T",260,"V","T260V",-0.0274559506082239
"T",260,"W","T260W",1.40674173609894
"T",260,"Y","T260Y",-0.41947511256276
"C",261,"A","C261A",0.618968853006266
"C",261,"D","C261D",0.523525307735314
"C",261,"E","C261E",0.232062851590806
"C",261,"F","C261F",-0.634182408284853
"C",261,"G","C261G",-0.507865574749801
"C",261,"H","C261H",-0.886935152028306
"C",261,"I","C261I",-0.264285952101288
"C",261,"K","C261K",-0.370578862166706
"C",261,"L","C261L",-1.37623690714446
"C",261,"M","C261M",0.165066593699853
"C",261,"N","C261N",0.0198072820491607
"C",261,"P","C261P",0.294794032196671
"C",261,"Q","C261Q",-0.311458981062577
"C",261,"R","C261R",-1.02713151982859
"C",261,"S","C261S",0.349609544594019
"C",261,"T","C261T",-0.175157509767164
"C",261,"V","C261V",-0.0442951835983545
"C",261,"W","C261W",0.438561477370601
"C",261,"Y","C261Y",-1.07106737576143
"V",262,"A","V262A",0.574172112938015
"V",262,"C","V262C",-0.596494048792294
"V",262,"D","V262D",-1.34201349842637
"V",262,"E","V262E",-2.26075962681678
"V",262,"F","V262F",-0.5458052553261
"V",262,"G","V262G",-0.715164050755668
"V",262,"H","V262H",-0.494839043755413
"V",262,"I","V262I",0.447599228974888
"V",262,"K","V262K",-1.81891521204236
"V",262,"L","V262L",-1.56521572263642
"V",262,"M","V262M",-1.59996613730966
"V",262,"N","V262N",-0.0964730937845107
"V",262,"P","V262P",-0.348328816333444
"V",262,"Q","V262Q",0.329064861685196
"V",262,"R","V262R",-1.95637427604042
"V",262,"S","V262S",0.179667307291639
"V",262,"T","V262T",0.182067778462657
"V",262,"W","V262W",0.0993267547633369
"V",262,"Y","V262Y",-0.063059993005578
"V",263,"A","V263A",-1.08017429233595
"V",263,"C","V263C",-0.402389912468772
"V",263,"D","V263D",-0.45821776265293
"V",263,"E","V263E",-1.92081366307715
"V",263,"F","V263F",-3.39060328845494
"V",263,"G","V263G",-0.277097251876652
"V",263,"H","V263H",-3.13093084240871
"V",263,"I","V263I",-0.897185976118529
"V",263,"K","V263K",-1.99846482979171
"V",263,"L","V263L",1.46029945697735
"V",263,"M","V263M",1.1844877272612
"V",263,"N","V263N",-1.35973195512257
"V",263,"P","V263P",-0.744923218696354
"V",263,"Q","V263Q",-1.93304777960513
"V",263,"R","V263R",-2.58470520183286
"V",263,"S","V263S",-0.503436809737829
"V",263,"T","V263T",0.45236127950156
"V",263,"W","V263W",-2.83360097253764
"V",263,"Y","V263Y",-1.26283915642515
"V",264,"A","V264A",-0.103380013830223
"V",264,"C","V264C",-2.0787552812622
"V",264,"D","V264D",-2.47283681766853
"V",264,"E","V264E",-4.13379452510756
"V",264,"F","V264F",-2.17107862776429
"V",264,"G","V264G",-0.10582168328243
"V",264,"H","V264H",-0.200309377020097
"V",264,"I","V264I",0.245684287390857
"V",264,"K","V264K",-3.30040632121867
"V",264,"L","V264L",1.07873137435871
"V",264,"M","V264M",0.269499555696771
"V",264,"N","V264N",0.214345758416786
"V",264,"P","V264P",-1.95104195054237
"V",264,"Q","V264Q",-0.3769012868812
"V",264,"R","V264R",-2.34049305577138
"V",264,"S","V264S",-0.260307143286981
"V",264,"T","V264T",-0.751427095382002
"V",264,"W","V264W",-1.0183887490725
"V",264,"Y","V264Y",-0.631009898474429
"D",265,"A","D265A",-0.314912849201113
"D",265,"C","D265C",-3.30071713672114
"D",265,"E","D265E",-3.31896396739001
"D",265,"F","D265F",-4.49780411450573
"D",265,"G","D265G",-1.92098745157626
"D",265,"H","D265H",-2.25520670586985
"D",265,"I","D265I",-3.10145140375641
"D",265,"K","D265K",-3.09114150709835
"D",265,"L","D265L",-3.58641879543297
"D",265,"M","D265M",-3.65365344992438
"D",265,"N","D265N",-2.64450155648213
"D",265,"P","D265P",-2.78704152190906
"D",265,"Q","D265Q",-3.01055611163977
"D",265,"R","D265R",-3.12340407071538
"D",265,"S","D265S",-2.65589555437311
"D",265,"T","D265T",-3.81264255620594
"D",265,"V","D265V",-3.93121356505354
"D",265,"W","D265W",-2.81781646927133
"D",265,"Y","D265Y",-2.42867611663284
"V",266,"A","V266A",-0.491405832463651
"V",266,"C","V266C",-2.87170993276502
"V",266,"D","V266D",-3.21119354169878
"V",266,"E","V266E",-2.69490308040644
"V",266,"F","V266F",-0.337586499186571
"V",266,"G","V266G",0.0215662732360775
"V",266,"H","V266H",-2.77477469804904
"V",266,"I","V266I",1.82182003295967
"V",266,"K","V266K",-3.58996878835173
"V",266,"L","V266L",1.21110273042292
"V",266,"M","V266M",2.52543806042251
"V",266,"N","V266N",-0.872438041760317
"V",266,"P","V266P",-3.05573531708616
"V",266,"Q","V266Q",-2.12500453299158
"V",266,"R","V266R",-3.27901498620655
"V",266,"S","V266S",-2.38756442946749
"V",266,"T","V266T",-1.08735290989809
"V",266,"W","V266W",-2.25341429069535
"V",266,"Y","V266Y",-2.83322775054291
"S",267,"A","S267A",1.28369755583974
"S",267,"C","S267C",0.770604924658113
"S",267,"D","S267D",1.9897088348779
"S",267,"E","S267E",2.13174132531147
"S",267,"F","S267F",-2.48667126027101
"S",267,"G","S267G",0.405896460252968
"S",267,"H","S267H",-0.934480125710325
"S",267,"I","S267I",0.98430018416988
"S",267,"K","S267K",-3.61316572773672
"S",267,"L","S267L",0.0102123090771147
"S",267,"M","S267M",1.25942363519674
"S",267,"N","S267N",-2.64392022518368
"S",267,"P","S267P",-3.41794212840206
"S",267,"Q","S267Q",4.55509963129888
"S",267,"R","S267R",-3.35561499251225
"S",267,"T","S267T",0.0951129214293634
"S",267,"V","S267V",1.45959517830636
"S",267,"W","S267W",-0.764897812755227
"S",267,"Y","S267Y",-2.42826778602123
"H",268,"A","H268A",1.46551423068028
"H",268,"C","H268C",-0.515831494735917
"H",268,"D","H268D",1.71441984020333
"H",268,"E","H268E",1.49969176747801
"H",268,"F","H268F",-0.318408378225607
"H",268,"G","H268G",1.92650351446601
"H",268,"I","H268I",0.389266050609152
"H",268,"K","H268K",-0.379398007008873
"H",268,"L","H268L",-1.17702239962313
"H",268,"M","H268M",-1.16936744819219
"H",268,"N","H268N",0.647072426479112
"H",268,"P","H268P",0.590073219938348
"H",268,"Q","H268Q",0.454327761253544
"H",268,"R","H268R",-0.0863546734981936
"H",268,"S","H268S",0.0228367428904092
"H",268,"T","H268T",-0.332619838827438
"H",268,"V","H268V",0.00168246871728875
"H",268,"W","H268W",-0.105555712372714
"H",268,"Y","H268Y",-0.119157567667103
"E",269,"A","E269A",-1.55474301524745
"E",269,"C","E269C",-4.16338647642983
"E",269,"D","E269D",0.344401771326719
"E",269,"F","E269F",-1.33191103192311
"E",269,"G","E269G",-0.969945691090719
"E",269,"H","E269H",-2.22877571581119
"E",269,"I","E269I",-2.71877061570607
"E",269,"K","E269K",-3.28553546396738
"E",269,"L","E269L",-3.76681032834049
"E",269,"M","E269M",-2.63858036469719
"E",269,"N","E269N",-2.30113819496967
"E",269,"P","E269P",-1.77218597465328
"E",269,"Q","E269Q",-1.09538377694549
"E",269,"R","E269R",-2.23882787955617
"E",269,"S","E269S",-3.10314137249224
"E",269,"T","E269T",-2.18688912060576
"E",269,"V","E269V",-1.95819467861903
"E",269,"W","E269W",-2.38179619654782
"E",269,"Y","E269Y",-3.2565665779706
"D",270,"A","D270A",-2.29868630991665
"D",270,"C","D270C",-3.7483660682829
"D",270,"E","D270E",-0.831008349055427
"D",270,"F","D270F",-2.14991234556442
"D",270,"G","D270G",-3.49046975601053
"D",270,"H","D270H",-2.20128381341752
"D",270,"I","D270I",-2.11946120607127
"D",270,"K","D270K",-3.67613996184619
"D",270,"L","D270L",-3.30189270146809
"D",270,"M","D270M",-2.74519025433356
"D",270,"N","D270N",-2.14697974709339
"D",270,"P","D270P",-3.04040473402671
"D",270,"Q","D270Q",-3.3469399419005
"D",270,"R","D270R",-2.05160786961101
"D",270,"S","D270S",-2.65610200600755
"D",270,"T","D270T",-2.71024121674684
"D",270,"V","D270V",-2.08487971858915
"D",270,"W","D270W",-1.62456010277349
"D",270,"Y","D270Y",-2.05798227857896
"P",271,"A","P271A",0.742165212128998
"P",271,"C","P271C",1.4102270165937
"P",271,"D","P271D",-0.621928266238068
"P",271,"E","P271E",-1.15383898428007
"P",271,"F","P271F",-0.316549200673226
"P",271,"G","P271G",1.24014350461211
"P",271,"H","P271H",-0.312087637961082
"P",271,"I","P271I",0.668449355150001
"P",271,"K","P271K",0.299136699883126
"P",271,"L","P271L",1.20192054464198
"P",271,"M","P271M",0.052950851467418
"P",271,"N","P271N",-0.248342255183437
"P",271,"Q","P271Q",0.795248920198045
"P",271,"R","P271R",0.107105528535552
"P",271,"S","P271S",1.09713382336019
"P",271,"T","P271T",0.459932845634236
"P",271,"V","P271V",0.5522800310136
"P",271,"W","P271W",-1.14371473712655
"P",271,"Y","P271Y",-0.167092706762507
"E",272,"A","E272A",1.13447115175304
"E",272,"C","E272C",-0.627083627181128
"E",272,"D","E272D",0.434062438493663
"E",272,"F","E272F",-0.500757925811586
"E",272,"G","E272G",0.544186256799556
"E",272,"I","E272I",0.176509630204519
"E",272,"K","E272K",-0.0368966468718063
"E",272,"L","E272L",0.491913499789957
"E",272,"M","E272M",0.747255782763067
"E",272,"N","E272N",-1.35588055855311
"E",272,"P","E272P",1.59633661913509
"E",272,"Q","E272Q",0.138400251177668
"E",272,"R","E272R",-0.578670242488424
"E",272,"S","E272S",-0.13067810516459
"E",272,"T","E272T",0.847913213599704
"E",272,"V","E272V",0.00366122909610535
"E",272,"W","E272W",-0.411311333923253
"E",272,"Y","E272Y",-0.332192149429645
"V",273,"A","V273A",1.27081630039791
"V",273,"C","V273C",0.247861647693295
"V",273,"D","V273D",0.732103881382124
"V",273,"E","V273E",2.0354950899815
"V",273,"F","V273F",0.940343965408673
"V",273,"G","V273G",1.50938298372427
"V",273,"H","V273H",0.277755408744943
"V",273,"I","V273I",1.07449527721626
"V",273,"K","V273K",-2.86099992812166
"V",273,"L","V273L",1.66894762200627
"V",273,"M","V273M",1.2555497940311
"V",273,"N","V273N",0.618126676273923
"V",273,"P","V273P",-0.571860466793068
"V",273,"Q","V273Q",0.466996333227416
"V",273,"R","V273R",-1.75245255297905
"V",273,"S","V273S",0.581409817054739
"V",273,"T","V273T",1.33719366508925
"V",273,"W","V273W",-0.0987828407708004
"V",273,"Y","V273Y",1.30002673484107
"K",274,"A","K274A",0.360946396031391
"K",274,"C","K274C",0.408926369485312
"K",274,"D","K274D",-0.235430972924708
"K",274,"E","K274E",1.51774991832083
"K",274,"F","K274F",0.0438128847779783
"K",274,"G","K274G",-0.302878082164201
"K",274,"H","K274H",1.00289200273851
"K",274,"I","K274I",0.251296880466253
"K",274,"L","K274L",0.876753507454788
"K",274,"M","K274M",0.113269349349956
"K",274,"N","K274N",0.370592949124759
"K",274,"P","K274P",-0.673820037695821
"K",274,"Q","K274Q",0.71578625840719
"K",274,"R","K274R",0.647943022621146
"K",274,"S","K274S",0.0581063866207526
"K",274,"T","K274T",0.115816411911304
"K",274,"V","K274V",-0.199839918445126
"K",274,"W","K274W",0.0647717878502547
"K",274,"Y","K274Y",-0.657255827118508
"F",275,"A","F275A",0.0111549782679272
"F",275,"C","F275C",-1.28668103971926
"F",275,"D","F275D",0.287613944165989
"F",275,"E","F275E",-1.15092271221467
"F",275,"G","F275G",0.173356858721487
"F",275,"H","F275H",0.38005785929746
"F",275,"I","F275I",0.614449495447418
"F",275,"K","F275K",-0.0357862373494032
"F",275,"L","F275L",-0.0366508405186429
"F",275,"M","F275M",0.968826123438374
"F",275,"N","F275N",-0.371616354429894
"F",275,"P","F275P",1.15676350880021
"F",275,"Q","F275Q",0.0529737185135515
"F",275,"R","F275R",-0.53677208774578
"F",275,"S","F275S",-0.32948092319118
"F",275,"T","F275T",0.347353548728645
"F",275,"V","F275V",0.214366966965137
"F",275,"W","F275W",0.181370391930723
"F",275,"Y","F275Y",0.795313142584109
"N",276,"A","N276A",-0.158064931256075
"N",276,"C","N276C",0.495512671683598
"N",276,"D","N276D",0.368165830060392
"N",276,"E","N276E",0.507350534578308
"N",276,"F","N276F",-0.355756327069694
"N",276,"G","N276G",0.601395834975691
"N",276,"H","N276H",-0.26538363077578
"N",276,"I","N276I",0.464048561008224
"N",276,"K","N276K",0.467968224696097
"N",276,"L","N276L",0.0690320879792817
"N",276,"M","N276M",0.708606616301387
"N",276,"P","N276P",-0.917131923753137
"N",276,"Q","N276Q",0.979977518986439
"N",276,"R","N276R",0.338874408799598
"N",276,"S","N276S",0.234733578495459
"N",276,"T","N276T",0.647349326873042
"N",276,"V","N276V",0.325904923616109
"N",276,"W","N276W",-0.769823299312935
"N",276,"Y","N276Y",0.329285593479328
"W",277,"A","W277A",-0.282513513331645
"W",277,"C","W277C",-0.634184173267917
"W",277,"D","W277D",-0.835550491126868
"W",277,"E","W277E",-1.66736409556881
"W",277,"F","W277F",-0.0626333290507592
"W",277,"G","W277G",-0.239860390044225
"W",277,"H","W277H",-0.11552261706538
"W",277,"I","W277I",-2.64597111344461
"W",277,"K","W277K",0.438285270583379
"W",277,"L","W277L",0.209244543533687
"W",277,"M","W277M",-0.255576390848628
"W",277,"N","W277N",0.218247600896862
"W",277,"P","W277P",-0.541326716813423
"W",277,"Q","W277Q",-0.203310591458732
"W",277,"R","W277R",-0.387209905787078
"W",277,"S","W277S",-0.560144354411353
"W",277,"T","W277T",-0.0358667254032648
"W",277,"V","W277V",-0.813735023105422
"W",277,"Y","W277Y",0.383164797121676
"Y",278,"A","Y278A",0.189709711099654
"Y",278,"C","Y278C",0.505398498383834
"Y",278,"D","Y278D",-0.0725607020854596
"Y",278,"E","Y278E",-0.270110117154334
"Y",278,"F","Y278F",0.810468129170781
"Y",278,"G","Y278G",1.70634203171549
"Y",278,"H","Y278H",-0.256260363457926
"Y",278,"I","Y278I",-0.285302850332641
"Y",278,"K","Y278K",-0.0984974487248889
"Y",278,"L","Y278L",-0.0648909382852271
"Y",278,"M","Y278M",-0.139440842991797
"Y",278,"N","Y278N",-0.0818109959411004
"Y",278,"P","Y278P",-0.368768137436604
"Y",278,"Q","Y278Q",0.545682759300378
"Y",278,"R","Y278R",-0.707311028104754
"Y",278,"S","Y278S",0.106888461036845
"Y",278,"T","Y278T",0.424936221814202
"Y",278,"V","Y278V",0.933660967770962
"Y",278,"W","Y278W",-0.433089787427962
"V",279,"A","V279A",-0.156982175818663
"V",279,"C","V279C",0.199195731037499
"V",279,"D","V279D",-0.202105298923055
"V",279,"E","V279E",-0.512503427299538
"V",279,"F","V279F",0.592406408330835
"V",279,"G","V279G",-0.613779533684949
"V",279,"H","V279H",3.72761079633035
"V",279,"I","V279I",1.15075406461584
"V",279,"K","V279K",-0.0614675583481507
"V",279,"L","V279L",-0.340256958517917
"V",279,"M","V279M",0.788519698423087
"V",279,"N","V279N",0.0387904678676179
"V",279,"P","V279P",-0.530155922818055
"V",279,"Q","V279Q",-0.148151381716012
"V",279,"R","V279R",0.546090214449661
"V",279,"S","V279S",-0.222031498420064
"V",279,"T","V279T",-0.391837816309692
"V",279,"W","V279W",0.566373052002504
"V",279,"Y","V279Y",0.410185939096021
"D",280,"A","D280A",0.818764711898712
"D",280,"C","D280C",0.524740492789568
"D",280,"E","D280E",0.761207783366984
"D",280,"F","D280F",0.398115953070567
"D",280,"G","D280G",0.192193100760733
"D",280,"H","D280H",0.158483873500935
"D",280,"I","D280I",-0.59624589621162
"D",280,"K","D280K",0.323505211010275
"D",280,"L","D280L",0.298476796598937
"D",280,"M","D280M",0.628905583743028
"D",280,"N","D280N",-0.195370294100803
"D",280,"P","D280P",-1.50285179317058
"D",280,"Q","D280Q",1.151967493004
"D",280,"R","D280R",-0.753686802615224
"D",280,"S","D280S",0.138844471378641
"D",280,"T","D280T",0.751956554263669
"D",280,"V","D280V",0.85930011579825
"D",280,"W","D280W",-0.208010161900241
"D",280,"Y","D280Y",0.332624969889001
"G",281,"A","G281A",0.339622376507093
"G",281,"C","G281C",0.0198809693660426
"G",281,"D","G281D",0.0418659040553766
"G",281,"E","G281E",0.469078726003796
"G",281,"F","G281F",-0.179854126384105
"G",281,"H","G281H",0.506100947250766
"G",281,"I","G281I",0.49461202381687
"G",281,"K","G281K",1.00198424986667
"G",281,"L","G281L",0.751057204560682
"G",281,"M","G281M",0.173598690869652
"G",281,"N","G281N",-0.0571101467318108
"G",281,"P","G281P",0.0577339023764888
"G",281,"Q","G281Q",1.07498586380064
"G",281,"R","G281R",0.35636189554707
"G",281,"S","G281S",-0.403164331010362
"G",281,"T","G281T",-0.128265418223883
"G",281,"V","G281V",0.403177809074805
"G",281,"W","G281W",0.943291318624755
"G",281,"Y","G281Y",0.301863044054678
"V",282,"A","V282A",-0.200044052512536
"V",282,"C","V282C",0.356147287829867
"V",282,"D","V282D",0.719384831714323
"V",282,"E","V282E",0.610771670121696
"V",282,"F","V282F",0.230241299056411
"V",282,"G","V282G",0.864888530242894
"V",282,"H","V282H",1.07654249684478
"V",282,"I","V282I",0.267518548296663
"V",282,"K","V282K",1.67365057167406
"V",282,"L","V282L",0.731205044582994
"V",282,"M","V282M",-0.237623226879179
"V",282,"N","V282N",0.782616277057664
"V",282,"P","V282P",-0.305684935185522
"V",282,"Q","V282Q",0.143798274013323
"V",282,"R","V282R",0.574985330435417
"V",282,"S","V282S",0.411689146372807
"V",282,"T","V282T",-0.792647082970592
"V",282,"W","V282W",-0.304797247560609
"V",282,"Y","V282Y",0.127404435588771
"E",283,"A","E283A",0.0745133064083302
"E",283,"C","E283C",0.203300502950906
"E",283,"D","E283D",0.397475280026718
"E",283,"F","E283F",0.570028360032279
"E",283,"G","E283G",0.207400842891735
"E",283,"H","E283H",0.126213828750644
"E",283,"I","E283I",0.421329361531836
"E",283,"K","E283K",0.525493386696477
"E",283,"L","E283L",0.406627534740363
"E",283,"M","E283M",0.320939927647434
"E",283,"N","E283N",-0.423868646185586
"E",283,"P","E283P",-0.272131240275765
"E",283,"Q","E283Q",0.0510787668042261
"E",283,"R","E283R",-0.332870645699214
"E",283,"S","E283S",1.05774547100883
"E",283,"T","E283T",0.0398136066354749
"E",283,"V","E283V",0.268727671157752
"E",283,"W","E283W",1.26274133246415
"E",283,"Y","E283Y",0.583009212474416
"V",284,"A","V284A",0.845371487890258
"V",284,"C","V284C",0.81631054826025
"V",284,"D","V284D",1.51814837463141
"V",284,"E","V284E",0.690399899822206
"V",284,"F","V284F",1.36813173962738
"V",284,"G","V284G",0.593658679533059
"V",284,"H","V284H",0.205973326347661
"V",284,"I","V284I",0.217077250798087
"V",284,"K","V284K",-0.217654834375754
"V",284,"L","V284L",1.16080856033193
"V",284,"M","V284M",0.0966313366287573
"V",284,"N","V284N",0.887561882774255
"V",284,"P","V284P",1.13984093655467
"V",284,"Q","V284Q",0.416359867795786
"V",284,"R","V284R",0.222560594825028
"V",284,"S","V284S",0.208879345775228
"V",284,"T","V284T",0.744510754408897
"V",284,"W","V284W",0.505783323333827
"V",284,"Y","V284Y",0.555452481810104
"H",285,"A","H285A",0.259531396187881
"H",285,"C","H285C",0.120996827957431
"H",285,"D","H285D",0.381190212644627
"H",285,"E","H285E",-0.381417585563014
"H",285,"F","H285F",0.186826488349823
"H",285,"G","H285G",0.290932341271043
"H",285,"I","H285I",-0.0198431657341093
"H",285,"K","H285K",-0.0985624300507979
"H",285,"L","H285L",0.0838773706735229
"H",285,"M","H285M",0.113679149902628
"H",285,"N","H285N",0.348390735944263
"H",285,"P","H285P",1.27015641697736
"H",285,"Q","H285Q",0.0721807054050004
"H",285,"R","H285R",0.0477213561890816
"H",285,"S","H285S",0.497628274692815
"H",285,"T","H285T",0.858946299434384
"H",285,"V","H285V",0.94701394855486
"H",285,"W","H285W",2.97552906234869
"H",285,"Y","H285Y",0.11004113953857
"N",286,"A","N286A",0.522838139571453
"N",286,"C","N286C",0.336001157008543
"N",286,"D","N286D",0.487224610605452
"N",286,"E","N286E",-0.00866510654994748
"N",286,"F","N286F",0.454511601571567
"N",286,"G","N286G",0.408743349739516
"N",286,"H","N286H",0.655259101163762
"N",286,"I","N286I",0.112770994151491
"N",286,"K","N286K",-0.719375643357841
"N",286,"L","N286L",0.394992205920886
"N",286,"M","N286M",-1.08597005837205
"N",286,"P","N286P",0.385265722545019
"N",286,"Q","N286Q",-0.360625531168176
"N",286,"R","N286R",-0.498581003404751
"N",286,"S","N286S",0.877007487543779
"N",286,"T","N286T",0.79317387230815
"N",286,"V","N286V",0.217401242161065
"N",286,"W","N286W",-0.404363618904046
"N",286,"Y","N286Y",0.846442096343123
"A",287,"C","A287C",0.760819979075414
"A",287,"D","A287D",2.22567008992285
"A",287,"E","A287E",0.806586878531819
"A",287,"F","A287F",-0.0910482783224323
"A",287,"G","A287G",-1.26156877240756
"A",287,"H","A287H",-0.46729621261111
"A",287,"I","A287I",0.150871051256855
"A",287,"K","A287K",0.564281309179446
"A",287,"L","A287L",1.83360095646058
"A",287,"M","A287M",0.370890681158547
"A",287,"N","A287N",0.161334309814658
"A",287,"P","A287P",-0.645475955382539
"A",287,"Q","A287Q",0.0952985738382901
"A",287,"R","A287R",0.0360560894829858
"A",287,"S","A287S",0.172331558622344
"A",287,"T","A287T",0.286734249015121
"A",287,"V","A287V",0.630774089451906
"A",287,"W","A287W",-0.647764677949387
"A",287,"Y","A287Y",-0.0400459532282229
"K",288,"A","K288A",0.728056434209488
"K",288,"C","K288C",0.0592436086387701
"K",288,"D","K288D",0.421187998424616
"K",288,"E","K288E",0.115058632405859
"K",288,"F","K288F",0.0877667363595584
"K",288,"G","K288G",0.597173761969794
"K",288,"H","K288H",-1.00643181039042
"K",288,"I","K288I",0.0687663945382148
"K",288,"L","K288L",0.0525821380682832
"K",288,"M","K288M",0.373237238052178
"K",288,"N","K288N",1.92331867311913
"K",288,"P","K288P",0.0992283580691345
"K",288,"Q","K288Q",0.593740556166137
"K",288,"R","K288R",0.120548825968889
"K",288,"S","K288S",0.673024307393276
"K",288,"T","K288T",-0.370502044495271
"K",288,"V","K288V",-0.207524432261808
"K",288,"W","K288W",0.524231311343771
"K",288,"Y","K288Y",-0.235447001433294
"T",289,"A","T289A",-0.409138853739689
"T",289,"C","T289C",0.672414759069599
"T",289,"D","T289D",-0.282648010527275
"T",289,"E","T289E",-1.09509423812448
"T",289,"F","T289F",-0.54495138785919
"T",289,"G","T289G",1.27253289200122
"T",289,"H","T289H",0.387786472088253
"T",289,"I","T289I",0.117552730566541
"T",289,"K","T289K",0.177885677907625
"T",289,"L","T289L",-0.529175894514599
"T",289,"M","T289M",-0.714147801751353
"T",289,"N","T289N",-0.0197875347977707
"T",289,"P","T289P",-0.348347360018996
"T",289,"Q","T289Q",0.216248878456569
"T",289,"R","T289R",-0.143367934649519
"T",289,"S","T289S",0.297139517403952
"T",289,"V","T289V",-0.55231091243719
"T",289,"W","T289W",0.198566359165153
"T",289,"Y","T289Y",0.320564581937865
"K",290,"A","K290A",0.467895232338481
"K",290,"C","K290C",-0.851004481053143
"K",290,"D","K290D",0.893839780673725
"K",290,"E","K290E",0.153385619047802
"K",290,"F","K290F",0.845679654483225
"K",290,"G","K290G",0.342376466099425
"K",290,"H","K290H",1.11287905361853
"K",290,"I","K290I",0.374589410555094
"K",290,"L","K290L",0.225563748550529
"K",290,"M","K290M",0.611091278085121
"K",290,"N","K290N",0.444121846946001
"K",290,"P","K290P",-0.294797981289972
"K",290,"Q","K290Q",0.134784172882314
"K",290,"R","K290R",-0.0628814969499003
"K",290,"S","K290S",1.44499345375186
"K",290,"T","K290T",1.04279150029948
"K",290,"V","K290V",1.15019800730719
"K",290,"W","K290W",0.698660054867455
"K",290,"Y","K290Y",-0.366884034954154
"P",291,"A","P291A",-0.165551402738908
"P",291,"C","P291C",-0.752850530604408
"P",291,"D","P291D",0.539566443089302
"P",291,"E","P291E",0.183374683502889
"P",291,"F","P291F",-0.653870664502614
"P",291,"G","P291G",0.434522491082201
"P",291,"H","P291H",-0.896994686808045
"P",291,"I","P291I",-0.389600485154497
"P",291,"K","P291K",0.171435999267036
"P",291,"L","P291L",-0.0494936203363249
"P",291,"M","P291M",0.489627950641262
"P",291,"N","P291N",0.0883196351420388
"P",291,"Q","P291Q",0.29886426759603
"P",291,"R","P291R",0.327924596463808
"P",291,"S","P291S",0.287448893306932
"P",291,"T","P291T",-0.179418600855236
"P",291,"V","P291V",0.520784174776135
"P",291,"W","P291W",-0.801117522929898
"P",291,"Y","P291Y",-0.693521014162432
"R",292,"A","R292A",-1.55353895837118
"R",292,"C","R292C",-0.366682168488287
"R",292,"D","R292D",-0.741268546312782
"R",292,"E","R292E",-0.455116504115719
"R",292,"F","R292F",-2.21166095218316
"R",292,"G","R292G",-2.03712561565281
"R",292,"H","R292H",-2.34069917214238
"R",292,"I","R292I",-0.289947666424508
"R",292,"K","R292K",-0.390564960393151
"R",292,"L","R292L",-0.602673717138023
"R",292,"M","R292M",0.0654413125708987
"R",292,"N","R292N",-0.42075823502554
"R",292,"P","R292P",-0.877803285322268
"R",292,"Q","R292Q",-0.663783814737258
"R",292,"S","R292S",-0.570934133834373
"R",292,"T","R292T",0.0381969405359272
"R",292,"V","R292V",-0.750784794196741
"R",292,"W","R292W",-0.480924482004084
"R",292,"Y","R292Y",-1.94629782359978
"E",293,"A","E293A",-0.204688141107919
"E",293,"C","E293C",-1.08894468434487
"E",293,"D","E293D",0.223014240150477
"E",293,"F","E293F",-0.755449530108347
"E",293,"G","E293G",0.0773404389942464
"E",293,"H","E293H",-0.888892513345672
"E",293,"I","E293I",0.845963545463931
"E",293,"K","E293K",0.358354230187471
"E",293,"L","E293L",0.0363908344744851
"E",293,"M","E293M",0.0344219111164849
"E",293,"N","E293N",0.352576743827454
"E",293,"P","E293P",-3.88764000391302
"E",293,"Q","E293Q",0.458454163666222
"E",293,"R","E293R",0.0642067508107488
"E",293,"S","E293S",2.21825278456708
"E",293,"T","E293T",0.0625106001755341
"E",293,"V","E293V",0.46535913404821
"E",293,"W","E293W",-1.18330932313254
"E",293,"Y","E293Y",-1.08735290989809
"E",294,"A","E294A",0.22764924569962
"E",294,"C","E294C",-0.167523300300434
"E",294,"D","E294D",-0.1251205346908
"E",294,"F","E294F",-0.228386549416814
"E",294,"G","E294G",-0.0761263692096653
"E",294,"H","E294H",-0.174137740984915
"E",294,"I","E294I",-0.350432002200788
"E",294,"K","E294K",0.361130109237457
"E",294,"L","E294L",-0.151244484628511
"E",294,"M","E294M",1.17940178662829
"E",294,"N","E294N",-2.16828093890913
"E",294,"P","E294P",-0.490636111587383
"E",294,"Q","E294Q",0.167090625160808
"E",294,"R","E294R",-0.336711895900447
"E",294,"S","E294S",-0.346315306709019
"E",294,"T","E294T",-0.457603113475546
"E",294,"V","E294V",0.164811579527114
"E",294,"W","E294W",-2.15102997393317
"E",294,"Y","E294Y",-0.482230549068041
"Q",295,"A","Q295A",-0.526699012634297
"Q",295,"C","Q295C",-0.0652015766851052
"Q",295,"D","Q295D",-1.10787723518343
"Q",295,"E","Q295E",-0.0546679979082164
"Q",295,"F","Q295F",-1.2438643654725
"Q",295,"G","Q295G",-1.34309176742821
"Q",295,"H","Q295H",-2.65538965251215
"Q",295,"I","Q295I",0.187981347740105
"Q",295,"K","Q295K",-0.0081942966403855
"Q",295,"L","Q295L",0.489542514575025
"Q",295,"M","Q295M",0.162311519272391
"Q",295,"N","Q295N",-0.345865852681642
"Q",295,"P","Q295P",-0.738255823823695
"Q",295,"R","Q295R",-0.81021658530936
"Q",295,"S","Q295S",-0.906086079927005
"Q",295,"T","Q295T",-1.02825592433983
"Q",295,"V","Q295V",-0.726447894578154
"Q",295,"W","Q295W",-2.32807325714008
"Q",295,"Y","Q295Y",-1.34482796869239
"Y",296,"A","Y296A",0.00620319511128899
"Y",296,"C","Y296C",-0.324294133008956
"Y",296,"D","Y296D",0.0268884362026007
"Y",296,"E","Y296E",-0.645372729739476
"Y",296,"F","Y296F",0.622153106743351
"Y",296,"G","Y296G",-1.03360820100626
"Y",296,"H","Y296H",-1.16105793127431
"Y",296,"I","Y296I",1.016268759041
"Y",296,"K","Y296K",-0.185969293062129
"Y",296,"L","Y296L",-1.15578146040011
"Y",296,"M","Y296M",-0.192124370627305
"Y",296,"N","Y296N",-0.209303857528725
"Y",296,"P","Y296P",-1.7011659101959
"Y",296,"Q","Y296Q",-0.308444705508314
"Y",296,"R","Y296R",0.455551535685309
"Y",296,"S","Y296S",-0.57267300359325
"Y",296,"T","Y296T",-0.961077928348414
"Y",296,"V","Y296V",-0.202364036392139
"Y",296,"W","Y296W",0.431298885138119
"N",297,"A","N297A",-1.37026610228376
"N",297,"C","N297C",-2.84074550431618
"N",297,"D","N297D",-1.64248363937971
"N",297,"E","N297E",-1.8720116374965
"N",297,"F","N297F",-2.66560133357639
"N",297,"G","N297G",-2.9158600828287
"N",297,"H","N297H",-3.1860418397246
"N",297,"I","N297I",-2.20301681785296
"N",297,"K","N297K",-3.0525475145278
"N",297,"L","N297L",-2.2803384330933
"N",297,"M","N297M",-2.40686441915205
"N",297,"P","N297P",-3.36517856895478
"N",297,"Q","N297Q",-2.6696722307245
"N",297,"R","N297R",-2.24796862001114
"N",297,"S","N297S",-3.75145074263503
"N",297,"T","N297T",-1.74548340329622
"N",297,"V","N297V",-2.48052034215744
"N",297,"W","N297W",-3.25226963511545
"N",297,"Y","N297Y",-3.10251037153785
"S",298,"A","S298A",0.354276591469783
"S",298,"C","S298C",-1.55828267722521
"S",298,"D","S298D",-2.60401851679819
"S",298,"E","S298E",-2.44192249215611
"S",298,"F","S298F",-2.3391257522618
"S",298,"G","S298G",-0.229308363513684
"S",298,"I","S298I",-1.21295148954487
"S",298,"K","S298K",-0.842549446893679
"S",298,"L","S298L",-0.809399390235027
"S",298,"M","S298M",0.54600009629348
"S",298,"N","S298N",-3.04857996093547
"S",298,"P","S298P",-3.12623072945061
"S",298,"Q","S298Q",-1.20548796635687
"S",298,"R","S298R",-2.40413364217608
"S",298,"T","S298T",0.102261689523135
"S",298,"V","S298V",-2.42356879000664
"S",298,"W","S298W",-3.44000401587519
"S",298,"Y","S298Y",-2.18464912696882
"T",299,"A","T299A",-0.422888082993321
"T",299,"C","T299C",-3.97793799335885
"T",299,"D","T299D",-2.91976865212676
"T",299,"E","T299E",-3.68793367382601
"T",299,"F","T299F",-1.81612102058477
"T",299,"G","T299G",-1.93095028887431
"T",299,"H","T299H",-2.68949869991538
"T",299,"I","T299I",-3.10451757354981
"T",299,"K","T299K",-2.84803236543031
"T",299,"L","T299L",-2.34053115252304
"T",299,"M","T299M",-2.97380191771281
"T",299,"N","T299N",-2.63923972515397
"T",299,"P","T299P",-3.11533553340334
"T",299,"Q","T299Q",-3.11904821120745
"T",299,"R","T299R",-3.70886112634319
"T",299,"S","T299S",-0.664213591372423
"T",299,"V","T299V",-2.53913876348264
"T",299,"W","T299W",-4.17298756938678
"T",299,"Y","T299Y",-1.4311993168104
"Y",300,"A","Y300A",0.865564846474903
"Y",300,"C","Y300C",0.206827560540228
"Y",300,"D","Y300D",1.28637204212874
"Y",300,"E","Y300E",0.803138173535622
"Y",300,"F","Y300F",0.815902067701113
"Y",300,"G","Y300G",-2.19945223508095
"Y",300,"H","Y300H",1.48024702456938
"Y",300,"I","Y300I",0.371755453042385
"Y",300,"K","Y300K",-1.80517232842256
"Y",300,"L","Y300L",-0.2350892868028
"Y",300,"M","Y300M",0.268677602414541
"Y",300,"N","Y300N",-0.0653474054768855
"Y",300,"P","Y300P",-3.79531169607544
"Y",300,"Q","Y300Q",0.543709563303234
"Y",300,"R","Y300R",-1.66785409596102
"Y",300,"S","Y300S",-1.11274023569386
"Y",300,"T","Y300T",-0.876416633308086
"Y",300,"V","Y300V",0.185169380532129
"Y",300,"W","Y300W",0.545115119285577
"R",301,"A","R301A",0.589767346103988
"R",301,"C","R301C",-0.024733789249072
"R",301,"D","R301D",-2.47789745938616
"R",301,"E","R301E",-1.00686771197686
"R",301,"F","R301F",0.426630681233938
"R",301,"G","R301G",-1.12806326473054
"R",301,"H","R301H",-0.355361180509983
"R",301,"I","R301I",-0.572023220133317
"R",301,"K","R301K",0.102741113176587
"R",301,"L","R301L",0.603216301397497
"R",301,"M","R301M",0.342290533524478
"R",301,"N","R301N",0.706578269462664
"R",301,"P","R301P",-3.37163989681069
"R",301,"Q","R301Q",0.441353677009377
"R",301,"S","R301S",0.765830657554477
"R",301,"T","R301T",0.262499353775257
"R",301,"V","R301V",0.219129950369951
"R",301,"W","R301W",-0.755680894430532
"R",301,"Y","R301Y",0.0101497766182479
"V",302,"A","V302A",0.0151283015229846
"V",302,"C","V302C",0.483680343726873
"V",302,"D","V302D",-1.2469293415775
"V",302,"E","V302E",1.06742460526984
"V",302,"F","V302F",-0.531627391210035
"V",302,"G","V302G",0.345671417273918
"V",302,"H","V302H",-0.38233030123043
"V",302,"I","V302I",0.428747553747614
"V",302,"K","V302K",1.05485444401907
"V",302,"L","V302L",-0.0557135482241273
"V",302,"M","V302M",-0.732575183635402
"V",302,"N","V302N",-4.45795563679602
"V",302,"P","V302P",-1.51421638270315
"V",302,"Q","V302Q",0.146714987154248
"V",302,"R","V302R",0.794423146168596
"V",302,"S","V302S",0.423387597219252
"V",302,"T","V302T",0.170378335577957
"V",302,"W","V302W",0.147498782529825
"V",302,"Y","V302Y",0.868488946239569
"V",303,"A","V303A",0.834231131880762
"V",303,"C","V303C",0.0498660560720353
"V",303,"D","V303D",-1.08735290989809
"V",303,"E","V303E",1.37818722210106
"V",303,"F","V303F",0.667401770752661
"V",303,"G","V303G",-0.523132605594152
"V",303,"H","V303H",0.0203757021838361
"V",303,"I","V303I",0.0426635274721827
"V",303,"K","V303K",1.1240357797361
"V",303,"L","V303L",0.830190611135735
"V",303,"M","V303M",-0.182754961938614
"V",303,"N","V303N",0.882969828155727
"V",303,"P","V303P",-0.0723582305363991
"V",303,"Q","V303Q",0.0181076268414255
"V",303,"R","V303R",-0.553386213609213
"V",303,"S","V303S",-0.817816364441228
"V",303,"T","V303T",-0.0912319537834781
"V",303,"W","V303W",0.792573052782615
"V",303,"Y","V303Y",0.68745790990579
"S",304,"A","S304A",-0.0572095260045728
"S",304,"C","S304C",0.105870255099048
"S",304,"D","S304D",-0.258297322682882
"S",304,"E","S304E",-1.537056144025
"S",304,"F","S304F",-0.921908338112535
"S",304,"G","S304G",-0.410176664314924
"S",304,"H","S304H",-1.27993941939212
"S",304,"I","S304I",-2.49341327137399
"S",304,"K","S304K",-0.800026473039003
"S",304,"L","S304L",-0.978163084314865
"S",304,"M","S304M",-1.49841808813904
"S",304,"N","S304N",-0.809752766804691
"S",304,"P","S304P",-0.238350696029587
"S",304,"Q","S304Q",-1.49783778428029
"S",304,"R","S304R",-0.258073815508674
"S",304,"T","S304T",0.765087787215025
"S",304,"V","S304V",-1.2877041489071
"S",304,"W","S304W",-0.477255879453943
"S",304,"Y","S304Y",-0.760123282412997
"V",305,"A","V305A",1.17520168268382
"V",305,"C","V305C",-0.0361282274997501
"V",305,"D","V305D",-0.456650754767696
"V",305,"E","V305E",-0.271036572515144
"V",305,"F","V305F",0.0309494075454958
"V",305,"G","V305G",0.413925364184385
"V",305,"H","V305H",1.36638518642552
"V",305,"I","V305I",-0.426103480625923
"V",305,"K","V305K",0.506416961772256
"V",305,"L","V305L",0.55175952595895
"V",305,"M","V305M",-1.13628259509506
"V",305,"N","V305N",0.921050293454842
"V",305,"P","V305P",0.174921176181785
"V",305,"Q","V305Q",2.91405023138773
"V",305,"R","V305R",-0.258085551678539
"V",305,"S","V305S",1.04683721683563
"V",305,"T","V305T",0.533646929054087
"V",305,"W","V305W",0.37195629232222
"V",305,"Y","V305Y",1.12003361160632
"L",306,"A","L306A",0.50321793079591
"L",306,"C","L306C",0.22585905007725
"L",306,"D","L306D",-0.481862134721738
"L",306,"E","L306E",-0.172851810504397
"L",306,"F","L306F",-0.345375182442328
"L",306,"G","L306G",0.473911194379751
"L",306,"H","L306H",0.518772289219576
"L",306,"I","L306I",-0.658353046332644
"L",306,"K","L306K",0.258796428629257
"L",306,"M","L306M",0.273377445304187
"L",306,"N","L306N",-0.129085360683898
"L",306,"P","L306P",-0.460250314259127
"L",306,"Q","L306Q",-0.151138745439805
"L",306,"R","L306R",0.0558559603579504
"L",306,"S","L306S",-0.148989104598921
"L",306,"T","L306T",1.16347523589365
"L",306,"V","L306V",1.14044520742191
"L",306,"W","L306W",0.313558885542794
"L",306,"Y","L306Y",0.124490724916151
"T",307,"A","T307A",0.0186853479377343
"T",307,"C","T307C",1.47529526593334
"T",307,"D","T307D",0.630112258033503
"T",307,"E","T307E",0.220059487677399
"T",307,"F","T307F",-0.255867873819921
"T",307,"G","T307G",-0.1904811513374
"T",307,"H","T307H",0.477207122226562
"T",307,"I","T307I",-0.0808236892714238
"T",307,"K","T307K",0.643492718514464
"T",307,"L","T307L",0.0960096027534644
"T",307,"M","T307M",0.0274954397108665
"T",307,"N","T307N",-0.362427965242849
"T",307,"P","T307P",-0.299581199412982
"T",307,"Q","T307Q",-0.40417094609759
"T",307,"R","T307R",0.0528735201504688
"T",307,"S","T307S",0.548013508106276
"T",307,"V","T307V",0.777405119667045
"T",307,"W","T307W",0.542057251020177
"T",307,"Y","T307Y",0.610974784564831
"V",308,"A","V308A",0.540333510207957
"V",308,"C","V308C",0.776534638166233
"V",308,"D","V308D",0.511725890103966
"V",308,"E","V308E",-0.225595593319312
"V",308,"F","V308F",0.271428046517263
"V",308,"G","V308G",0.365245570971132
"V",308,"H","V308H",0.198545032926493
"V",308,"I","V308I",0.703384918696971
"V",308,"K","V308K",-0.569503589057378
"V",308,"L","V308L",0.814780575133215
"V",308,"M","V308M",0.580859505511352
"V",308,"N","V308N",0.0843724083230882
"V",308,"P","V308P",1.56935878773022
"V",308,"Q","V308Q",0.475197355919679
"V",308,"R","V308R",0.186905723158908
"V",308,"S","V308S",0.441169982362053
"V",308,"T","V308T",-0.155374579240871
"V",308,"W","V308W",-2.3618292397584
"V",308,"Y","V308Y",-0.0372787700270812
"L",309,"A","L309A",0.225868510385024
"L",309,"C","L309C",0.809979141903307
"L",309,"D","L309D",1.47506572826545
"L",309,"E","L309E",0.868879168880421
"L",309,"F","L309F",-0.318638742860272
"L",309,"G","L309G",0.0921909720119219
"L",309,"H","L309H",-0.625266395480539
"L",309,"I","L309I",0.695106243400636
"L",309,"K","L309K",-0.0241607423116607
"L",309,"M","L309M",-0.629138887019647
"L",309,"N","L309N",0.0390155027474199
"L",309,"P","L309P",-0.83651684627247
"L",309,"Q","L309Q",0.926206537629659
"L",309,"R","L309R",-0.200231563356882
"L",309,"S","L309S",0.323691890058093
"L",309,"T","L309T",0.311158551364077
"L",309,"V","L309V",0.479474692792999
"L",309,"W","L309W",0.0389230315559164
"L",309,"Y","L309Y",0.743623523203419
"H",310,"A","H310A",-0.535212582457046
"H",310,"C","H310C",0.127165594791482
"H",310,"D","H310D",0.132995949477524
"H",310,"E","H310E",-0.295828075628122
"H",310,"F","H310F",1.9963592031085
"H",310,"G","H310G",0.424156249374401
"H",310,"I","H310I",-0.675192495135721
"H",310,"K","H310K",0.00627771787051103
"H",310,"L","H310L",-1.51540929214036
"H",310,"M","H310M",0.441397118578256
"H",310,"N","H310N",-0.227430291442145
"H",310,"P","H310P",-0.657799462695857
"H",310,"Q","H310Q",-0.623617429483076
"H",310,"R","H310R",0.180356231911108
"H",310,"S","H310S",0.0411857273217282
"H",310,"T","H310T",0.485743094074281
"H",310,"V","H310V",1.19228529390534
"H",310,"W","H310W",0.066056521741347
"H",310,"Y","H310Y",0.441128245542496
"Q",311,"A","Q311A",0.0874898439092799
"Q",311,"C","Q311C",0.352329496285978
"Q",311,"D","Q311D",0.0847548726732786
"Q",311,"E","Q311E",0.518270056083679
"Q",311,"F","Q311F",0.0952064957037964
"Q",311,"G","Q311G",-0.0564149659124825
"Q",311,"H","Q311H",0.0706591921256167
"Q",311,"I","Q311I",0.118367400547014
"Q",311,"K","Q311K",-0.281048634492774
"Q",311,"L","Q311L",0.235930410909679
"Q",311,"M","Q311M",0.164152858872511
"Q",311,"N","Q311N",1.91313289051257
"Q",311,"P","Q311P",0.821571481967802
"Q",311,"R","Q311R",-0.583455738271633
"Q",311,"S","Q311S",0.107936430281708
"Q",311,"T","Q311T",-0.894705311736059
"Q",311,"V","Q311V",0.248968664921559
"Q",311,"W","Q311W",-0.707397182108985
"Q",311,"Y","Q311Y",1.38840140422643
"D",312,"A","D312A",-0.45236944037963
"D",312,"C","D312C",-0.31353079547825
"D",312,"E","D312E",1.04632759635196
"D",312,"F","D312F",0.508917530302435
"D",312,"G","D312G",-0.0360879332708484
"D",312,"H","D312H",1.22883623718165
"D",312,"I","D312I",0.17033404477357
"D",312,"K","D312K",0.687289613783461
"D",312,"L","D312L",-0.329111632846711
"D",312,"M","D312M",0.832651900901868
"D",312,"N","D312N",0.348437821354788
"D",312,"P","D312P",0.44565517542067
"D",312,"Q","D312Q",-0.0513443848506797
"D",312,"R","D312R",-0.0263619126941837
"D",312,"S","D312S",0.621393923121738
"D",312,"T","D312T",1.44388415994147
"D",312,"V","D312V",0.900409372001098
"D",312,"W","D312W",0.167414086832498
"D",312,"Y","D312Y",0.258188561855926
"W",313,"A","W313A",-0.982620346359533
"W",313,"C","W313C",-0.689738591343558
"W",313,"D","W313D",-0.31047159440965
"W",313,"E","W313E",-1.37561509961015
"W",313,"F","W313F",0.714775188669031
"W",313,"H","W313H",-0.208467334236297
"W",313,"I","W313I",-0.43107104385595
"W",313,"K","W313K",0.374339513676434
"W",313,"L","W313L",-0.657493152550516
"W",313,"M","W313M",-0.202464143541719
"W",313,"N","W313N",0.369929666453675
"W",313,"P","W313P",-1.14954331525215
"W",313,"Q","W313Q",0.29242813244059
"W",313,"R","W313R",0.0117802253084082
"W",313,"S","W313S",-0.212475401485866
"W",313,"T","W313T",-1.22082644030061
"W",313,"V","W313V",-0.375583502285317
"W",313,"Y","W313Y",-0.502646279372511
"L",314,"A","L314A",-0.792345315160571
"L",314,"C","L314C",-0.96305611398485
"L",314,"D","L314D",-0.305737939393312
"L",314,"E","L314E",-0.35975215936356
"L",314,"F","L314F",0.961464804219338
"L",314,"G","L314G",0.293101887680946
"L",314,"H","L314H",-0.141000288792392
"L",314,"I","L314I",1.26854986989446
"L",314,"K","L314K",-0.0103534099401383
"L",314,"M","L314M",0.0901157536815082
"L",314,"N","L314N",-1.08393574609275
"L",314,"P","L314P",-0.364590396104495
"L",314,"Q","L314Q",0.877404443933262
"L",314,"R","L314R",-0.0264969922239353
"L",314,"S","L314S",0.102486959874909
"L",314,"T","L314T",-0.315615813624407
"L",314,"V","L314V",-0.132124933124358
"L",314,"W","L314W",0.968055836031215
"L",314,"Y","L314Y",0.355756984074148
"N",315,"A","N315A",1.4210478419008
"N",315,"C","N315C",0.687215538464844
"N",315,"D","N315D",0.589183200439934
"N",315,"E","N315E",0.354083714992077
"N",315,"F","N315F",0.81609107029748
"N",315,"G","N315G",0.124839050406121
"N",315,"H","N315H",0.867703308714012
"N",315,"I","N315I",2.04136828920699
"N",315,"K","N315K",1.80898211722059
"N",315,"L","N315L",1.4973059199491
"N",315,"M","N315M",-0.967397616758463
"N",315,"P","N315P",-0.756456043322992
"N",315,"Q","N315Q",-0.252057248720937
"N",315,"R","N315R",0.0860564148697882
"N",315,"S","N315S",1.16074645978058
"N",315,"T","N315T",0.60369826790251
"N",315,"V","N315V",-0.123330514252319
"N",315,"W","N315W",0.577845412629417
"N",315,"Y","N315Y",-0.15772231492216
"G",316,"A","G316A",-0.475622457329881
"G",316,"C","G316C",-0.301035055835499
"G",316,"D","G316D",0.482026111467372
"G",316,"E","G316E",0.0315244639665556
"G",316,"F","G316F",0.976183749771651
"G",316,"H","G316H",-0.337682220071911
"G",316,"I","G316I",0.148817504106729
"G",316,"K","G316K",1.21976463451635
"G",316,"L","G316L",0.447795348859454
"G",316,"M","G316M",0.000526483734339387
"G",316,"N","G316N",0.603002677793072
"G",316,"P","G316P",-0.255894418572819
"G",316,"Q","G316Q",0.0992965727862122
"G",316,"R","G316R",1.35737066529916
"G",316,"S","G316S",0.014748411172295
"G",316,"T","G316T",0.222785159575147
"G",316,"V","G316V",-0.292200812381497
"G",316,"W","G316W",1.01050551338186
"G",316,"Y","G316Y",0.0735208898487738
"K",317,"A","K317A",-0.195919619173905
"K",317,"C","K317C",0.168430516072799
"K",317,"D","K317D",0.2032877065023
"K",317,"E","K317E",0.534378038122377
"K",317,"F","K317F",0.736534721473929
"K",317,"G","K317G",0.487780478314843
"K",317,"H","K317H",-0.185549859655595
"K",317,"I","K317I",-0.290278924197988
"K",317,"L","K317L",0.517208699277923
"K",317,"M","K317M",0.397315719888825
"K",317,"N","K317N",0.415544697355364
"K",317,"P","K317P",0.531878526059252
"K",317,"Q","K317Q",0.600242450035133
"K",317,"R","K317R",0.405525632891647
"K",317,"S","K317S",-0.0564343656606234
"K",317,"T","K317T",0.148687190334939
"K",317,"V","K317V",0.954428378048506
"K",317,"W","K317W",0.736813282887457
"K",317,"Y","K317Y",0.792760503384086
"E",318,"A","E318A",0.0847823744282391
"E",318,"C","E318C",-0.727391332269506
"E",318,"D","E318D",0.309072903889039
"E",318,"F","E318F",-0.212403739503307
"E",318,"G","E318G",1.12802822811217
"E",318,"H","E318H",0.69265318530545
"E",318,"I","E318I",-0.276152716192408
"E",318,"K","E318K",-0.158152207184113
"E",318,"L","E318L",0.00522716105552286
"E",318,"M","E318M",-0.284725105327467
"E",318,"N","E318N",0.317113690714923
"E",318,"P","E318P",1.09147454634514
"E",318,"Q","E318Q",0.067269417622268
"E",318,"R","E318R",0.738109522707775
"E",318,"S","E318S",-0.215524922781054
"E",318,"T","E318T",1.5723665555591
"E",318,"V","E318V",0.758797518075484
"E",318,"W","E318W",0.396214259441699
"E",318,"Y","E318Y",-0.375101291105553
"Y",319,"A","Y319A",0.742684311926597
"Y",319,"C","Y319C",0.75967016663576
"Y",319,"D","Y319D",-0.626563640789767
"Y",319,"E","Y319E",0.0940605424124648
"Y",319,"F","Y319F",-0.378488791746814
"Y",319,"G","Y319G",-0.0719769900938325
"Y",319,"H","Y319H",0.738817423969001
"Y",319,"I","Y319I",-0.20248090448533
"Y",319,"K","Y319K",-0.213880559476885
"Y",319,"L","Y319L",0.860786001294752
"Y",319,"M","Y319M",1.30919417522716
"Y",319,"N","Y319N",0.574591561943861
"Y",319,"P","Y319P",-0.7722656522959
"Y",319,"Q","Y319Q",-0.375482745320189
"Y",319,"R","Y319R",0.423571462079844
"Y",319,"S","Y319S",0.087515421471303
"Y",319,"T","Y319T",0.483760876395855
"Y",319,"V","Y319V",2.22123096324179
"Y",319,"W","Y319W",0.28554712546722
"K",320,"A","K320A",0.727601692261707
"K",320,"C","K320C",0.817796234224773
"K",320,"D","K320D",0.340237240712997
"K",320,"E","K320E",0.908555758461032
"K",320,"F","K320F",0.883570066598138
"K",320,"G","K320G",0.759353960476402
"K",320,"H","K320H",0.705894594853481
"K",320,"I","K320I",0.333501439779579
"K",320,"L","K320L",0.442687610370949
"K",320,"M","K320M",1.00665435113113
"K",320,"N","K320N",0.0451040640465591
"K",320,"P","K320P",-0.621229940357951
"K",320,"Q","K320Q",-0.239442837714345
"K",320,"R","K320R",0.377425026993183
"K",320,"S","K320S",0.361517939455463
"K",320,"T","K320T",0.833759936886068
"K",320,"V","K320V",0.343360063159346
"K",320,"W","K320W",0.215748586119965
"K",320,"Y","K320Y",0.75956434130307
"C",321,"A","C321A",-0.102141263456467
"C",321,"D","C321D",-0.0537952745388642
"C",321,"E","C321E",0.543399854257114
"C",321,"F","C321F",0.401393195345478
"C",321,"G","C321G",0.00203586201859162
"C",321,"H","C321H",0.261192960538984
"C",321,"I","C321I",-0.729034404195779
"C",321,"K","C321K",0.26256419924838
"C",321,"L","C321L",1.17324022773978
"C",321,"M","C321M",-0.0708912875014848
"C",321,"N","C321N",-0.668593716367571
"C",321,"P","C321P",0.247044156423364
"C",321,"Q","C321Q",-0.438498134687704
"C",321,"R","C321R",0.383772892005568
"C",321,"S","C321S",-0.324040018693705
"C",321,"T","C321T",-0.0664933066728773
"C",321,"V","C321V",0.266083251000432
"C",321,"W","C321W",-0.433597060936576
"C",321,"Y","C321Y",0.154397032936314
"K",322,"A","K322A",-0.0269013960525892
"K",322,"C","K322C",0.38248662376998
"K",322,"D","K322D",1.72548402703954
"K",322,"E","K322E",-0.0274232911573091
"K",322,"F","K322F",1.04890864688369
"K",322,"G","K322G",0.0624163269714404
"K",322,"H","K322H",-0.0760504151720816
"K",322,"I","K322I",1.10513004917641
"K",322,"L","K322L",0.214154056788728
"K",322,"M","K322M",-0.098859153044343
"K",322,"N","K322N",-0.746893505876826
"K",322,"P","K322P",0.0818568551324717
"K",322,"Q","K322Q",1.32097554446177
"K",322,"R","K322R",1.67481153457948
"K",322,"S","K322S",0.122480872695593
"K",322,"T","K322T",0.723158705267142
"K",322,"V","K322V",0.453941785232044
"K",322,"W","K322W",0.121821055271052
"K",322,"Y","K322Y",0.154855485755029
"V",323,"A","V323A",-0.314960407115523
"V",323,"C","V323C",-0.433795248812953
"V",323,"D","V323D",-0.0896031970458355
"V",323,"E","V323E",-0.537215276155631
"V",323,"F","V323F",-0.165208826887242
"V",323,"G","V323G",-0.0878912925294998
"V",323,"H","V323H",-1.11106928221578
"V",323,"I","V323I",0.388896593685074
"V",323,"K","V323K",-0.831003351389127
"V",323,"L","V323L",0.896258053823705
"V",323,"M","V323M",1.14517987277503
"V",323,"N","V323N",-0.184058154970125
"V",323,"P","V323P",-1.90339749213222
"V",323,"Q","V323Q",0.866112788872748
"V",323,"R","V323R",-0.717122834565363
"V",323,"S","V323S",-0.271062460008286
"V",323,"T","V323T",0.502587822340944
"V",323,"W","V323W",-0.524230919036307
"V",323,"Y","V323Y",0.212533630949495
"S",324,"A","S324A",-0.336270802703171
"S",324,"C","S324C",-0.782248832200746
"S",324,"D","S324D",0.194137988527843
"S",324,"E","S324E",-0.60974932250347
"S",324,"F","S324F",-0.172238871311987
"S",324,"G","S324G",-0.0568575718296459
"S",324,"H","S324H",1.59217663317094
"S",324,"I","S324I",0.0763817780996078
"S",324,"K","S324K",-0.513463788208771
"S",324,"L","S324L",0.50310338480242
"S",324,"M","S324M",0.506905928390046
"S",324,"N","S324N",-0.358078705582773
"S",324,"P","S324P",-1.2666154703224
"S",324,"Q","S324Q",-0.454017610868586
"S",324,"R","S324R",-1.23620303353252
"S",324,"T","S324T",0.573974344638631
"S",324,"V","S324V",-0.263896864438711
"S",324,"W","S324W",1.06513367656342
"S",324,"Y","S324Y",0.203439454328327
"N",325,"A","N325A",-1.83993104299184
"N",325,"C","N325C",1.32087576001723
"N",325,"D","N325D",0.482462199400094
"N",325,"E","N325E",-1.01680055319157
"N",325,"F","N325F",0.134042062160094
"N",325,"G","N325G",-2.8404500809253
"N",325,"H","N325H",-2.66156655447501
"N",325,"I","N325I",0.139263052365677
"N",325,"K","N325K",-3.83237050972633
"N",325,"L","N325L",0.620757595245792
"N",325,"M","N325M",1.99456224271284
"N",325,"P","N325P",-2.81154509025931
"N",325,"Q","N325Q",-1.75243956783957
"N",325,"R","N325R",-3.10519166959243
"N",325,"S","N325S",0.972962766098263
"N",325,"T","N325T",-0.348468033785743
"N",325,"V","N325V",-1.42132904922183
"N",325,"W","N325W",-0.214548404912142
"N",325,"Y","N325Y",-1.05358232016608
"K",326,"A","K326A",0.616125285767104
"K",326,"C","K326C",0.579007358724727
"K",326,"D","K326D",1.10520162370421
"K",326,"E","K326E",1.46233191240123
"K",326,"F","K326F",1.19187901319353
"K",326,"G","K326G",0.733404745278642
"K",326,"H","K326H",0.326476264383731
"K",326,"I","K326I",1.2663720197595
"K",326,"L","K326L",0.948724903226187
"K",326,"M","K326M",0.552724663606404
"K",326,"N","K326N",-0.114364772183625
"K",326,"P","K326P",-0.296230160014366
"K",326,"Q","K326Q",0.555394759708165
"K",326,"R","K326R",-1.06818374110884
"K",326,"S","K326S",0.472521665064027
"K",326,"T","K326T",1.59646426372929
"K",326,"V","K326V",0.798193004222852
"K",326,"W","K326W",-1.59137755180231
"K",326,"Y","K326Y",1.40992506381452
"A",327,"C","A327C",-1.95537765745777
"A",327,"D","A327D",1.04564745696753
"A",327,"E","A327E",0.860110518006364
"A",327,"F","A327F",-2.81261171647454
"A",327,"G","A327G",0.64306938368603
"A",327,"H","A327H",-0.910300618684889
"A",327,"I","A327I",-0.441421383687914
"A",327,"K","A327K",-3.25766826803669
"A",327,"L","A327L",-0.724700008511102
"A",327,"M","A327M",-1.23288582132733
"A",327,"N","A327N",0.301599519354254
"A",327,"P","A327P",-2.35747556273981
"A",327,"Q","A327Q",-1.41986259800599
"A",327,"R","A327R",-2.94261291033922
"A",327,"S","A327S",-1.24146076863971
"A",327,"T","A327T",-2.15643983691026
"A",327,"V","A327V",0.289382572847132
"A",327,"W","A327W",-0.674521301398447
"A",327,"Y","A327Y",-2.76609915317849
"L",328,"A","L328A",0.865170091824993
"L",328,"C","L328C",-2.62866334919451
"L",328,"D","L328D",0.765314106744713
"L",328,"E","L328E",1.00598103290186
"L",328,"F","L328F",1.32401411894189
"L",328,"G","L328G",-0.689508582717262
"L",328,"H","L328H",-0.432796415889187
"L",328,"I","L328I",0.978973533526766
"L",328,"K","L328K",-3.77625510184216
"L",328,"M","L328M",3.00908425863594
"L",328,"N","L328N",0.274550561805132
"L",328,"P","L328P",-1.93149488727403
"L",328,"Q","L328Q",0.641234745590343
"L",328,"R","L328R",-3.2213069527467
"L",328,"S","L328S",0.406362837112721
"L",328,"T","L328T",0.318156944946977
"L",328,"V","L328V",1.00163927174462
"L",328,"W","L328W",1.81411169932573
"L",328,"Y","L328Y",1.92608435814398
"P",329,"A","P329A",-3.35478407752854
"P",329,"C","P329C",-2.86324135428482
"P",329,"D","P329D",-3.89891573433616
"P",329,"E","P329E",-2.87152747157651
"P",329,"F","P329F",-1.70887735172639
"P",329,"G","P329G",-4.27465225965614
"P",329,"H","P329H",-1.94699748515355
"P",329,"I","P329I",-1.74938988281998
"P",329,"K","P329K",-4.3748720844207
"P",329,"L","P329L",-3.60229989417842
"P",329,"M","P329M",-2.21327906968518
"P",329,"N","P329N",-3.44233031927529
"P",329,"Q","P329Q",-1.88655284096492
"P",329,"R","P329R",-3.03336239429298
"P",329,"S","P329S",-2.02395590618224
"P",329,"T","P329T",-2.21352649906636
"P",329,"V","P329V",-3.66938389092088
"P",329,"W","P329W",-2.72242000118606
"P",329,"Y","P329Y",-3.78724965836634
"A",330,"C","A330C",-1.51968868913641
"A",330,"D","A330D",-2.62374380794657
"A",330,"E","A330E",0.00982982341790779
"A",330,"F","A330F",-0.589217987857139
"A",330,"G","A330G",1.56426487454698
"A",330,"H","A330H",-0.183970790192714
"A",330,"I","A330I",-1.05012628082799
"A",330,"K","A330K",0.44218048371512
"A",330,"L","A330L",-0.822208474690504
"A",330,"M","A330M",0.0190638243165387
"A",330,"N","A330N",-0.835354039852917
"A",330,"P","A330P",-2.60131950112268
"A",330,"Q","A330Q",0.648454539670239
"A",330,"R","A330R",0.225453859379862
"A",330,"S","A330S",0.650527063668748
"A",330,"T","A330T",-0.379994478351254
"A",330,"V","A330V",-1.04061910216031
"A",330,"W","A330W",-1.57730574507487
"A",330,"Y","A330Y",0.150131480186252
"P",331,"A","P331A",0.624715900355915
"P",331,"C","P331C",1.44152807678066
"P",331,"D","P331D",0.409625842599226
"P",331,"E","P331E",-0.168520418335313
"P",331,"F","P331F",0.673073351006038
"P",331,"G","P331G",-2.16262422216433
"P",331,"H","P331H",1.09863927456645
"P",331,"I","P331I",-0.273079006651444
"P",331,"K","P331K",-0.32497127387198
"P",331,"L","P331L",-0.0770000308418525
"P",331,"M","P331M",1.80664611140044
"P",331,"N","P331N",-0.0950552954177723
"P",331,"Q","P331Q",0.580822294824062
"P",331,"R","P331R",-0.184590374832369
"P",331,"S","P331S",-0.0262660128438949
"P",331,"T","P331T",0.425291069235258
"P",331,"V","P331V",-0.761792717621189
"P",331,"W","P331W",-0.267696120994499
"P",331,"Y","P331Y",0.24754477356666
"I",332,"C","I332C",-1.31411513940054
"I",332,"D","I332D",1.06871347739079
"I",332,"E","I332E",2.14460645268326
"I",332,"F","I332F",0.427858171752957
"I",332,"G","I332G",0.197215968158351
"I",332,"H","I332H",0.418539230628734
"I",332,"K","I332K",-1.63464949128283
"I",332,"L","I332L",-0.515692027620188
"I",332,"M","I332M",0.504501636371747
"I",332,"N","I332N",-0.0384893519135464
"I",332,"P","I332P",-1.0939361450029
"I",332,"Q","I332Q",0.778888739262913
"I",332,"R","I332R",-4.32127035469609
"I",332,"S","I332S",0.19757305826197
"I",332,"T","I332T",-0.881978127819523
"I",332,"V","I332V",0.367096327947478
"I",332,"W","I332W",-0.488125659850556
"I",332,"Y","I332Y",0.488237199055429
"E",333,"A","E333A",-0.351345208779767
"E",333,"C","E333C",0.294709981673066
"E",333,"D","E333D",0.0290492685991096
"E",333,"F","E333F",-0.0666275472490414
"E",333,"G","E333G",-1.24294318850231
"E",333,"H","E333H",-0.481885166944473
"E",333,"I","E333I",0.525310326532348
"E",333,"K","E333K",-1.17009711839495
"E",333,"L","E333L",-1.31404247484031
"E",333,"M","E333M",0.0750973894357969
"E",333,"N","E333N",-0.289538275807828
"E",333,"P","E333P",-0.98618031449459
"E",333,"Q","E333Q",-0.161365914987925
"E",333,"R","E333R",-0.925946191740668
"E",333,"S","E333S",-2.1695339585746
"E",333,"T","E333T",-0.632403574260606
"E",333,"V","E333V",-0.288272892511086
"E",333,"W","E333W",-0.887542310913492
"E",333,"Y","E333Y",-0.0804125356565862
"K",334,"A","K334A",1.6924153719487
"K",334,"C","K334C",-0.401951802185787
"K",334,"D","K334D",-0.442863450115647
"K",334,"E","K334E",1.53690628324198
"K",334,"F","K334F",0.617979509871696
"K",334,"G","K334G",0.0750552400403585
"K",334,"H","K334H",0.285439912410624
"K",334,"I","K334I",-0.14415421304463
"K",334,"L","K334L",-0.436573136403881
"K",334,"M","K334M",0.738661552479647
"K",334,"N","K334N",0.486442832981468
"K",334,"P","K334P",0.210207000511457
"K",334,"Q","K334Q",0.378714376122427
"K",334,"R","K334R",0.641582475200614
"K",334,"S","K334S",0.0635934729074502
"K",334,"T","K334T",1.26499042301317
"K",334,"V","K334V",0.00391111672157261
"K",334,"W","K334W",1.2639012441928
"K",334,"Y","K334Y",0.137201476320975
"T",335,"A","T335A",-0.223716264692732
"T",335,"C","T335C",-0.0919717049845449
"T",335,"D","T335D",1.09282549935735
"T",335,"E","T335E",-0.070497026918321
"T",335,"F","T335F",-0.177484000417368
"T",335,"G","T335G",0.0907480644778827
"T",335,"H","T335H",0.148351715020279
"T",335,"I","T335I",0.370573484641413
"T",335,"K","T335K",-0.0312738481495245
"T",335,"L","T335L",0.316631141259146
"T",335,"M","T335M",-0.0648046130469258
"T",335,"N","T335N",0.452252244234874
"T",335,"P","T335P",-0.299954512840923
"T",335,"Q","T335Q",0.703352871008678
"T",335,"R","T335R",0.128150139258619
"T",335,"S","T335S",0.255707885470945
"T",335,"V","T335V",0.631613420452937
"T",335,"W","T335W",0.622761813817789
"T",335,"Y","T335Y",0.222089336343252
"I",336,"A","I336A",-0.182034372130409
"I",336,"C","I336C",-0.162282276006275
"I",336,"D","I336D",-0.961990391900023
"I",336,"E","I336E",-0.0320949616734413
"I",336,"F","I336F",0.237258327094071
"I",336,"G","I336G",-0.132915063274722
"I",336,"H","I336H",-0.376460910714764
"I",336,"K","I336K",0.27337303703064
"I",336,"L","I336L",-0.0255886367018661
"I",336,"M","I336M",1.57072044698333
"I",336,"N","I336N",1.28600975523083
"I",336,"P","I336P",-0.1446674164635
"I",336,"Q","I336Q",-1.1583082258621
"I",336,"R","I336R",1.12940827475297
"I",336,"S","I336S",0.759425782723896
"I",336,"T","I336T",0.266891137111748
"I",336,"V","I336V",-0.504507906543857
"I",336,"W","I336W",-0.672671862355432
"I",336,"Y","I336Y",-0.910013017058277
"S",337,"A","S337A",2.29159785575944
"S",337,"C","S337C",-0.199357094667351
"S",337,"D","S337D",-0.476856432114932
"S",337,"E","S337E",1.79851099093164
"S",337,"F","S337F",0.482791887636306
"S",337,"G","S337G",0.0586829327564381
"S",337,"H","S337H",1.28238165106378
"S",337,"I","S337I",-0.723356430725183
"S",337,"K","S337K",0.247801794010947
"S",337,"L","S337L",-1.05017082606107
"S",337,"M","S337M",0.894869161457035
"S",337,"N","S337N",0.477218731548144
"S",337,"P","S337P",0.964131414498009
"S",337,"Q","S337Q",0.23760830662762
"S",337,"R","S337R",1.30315922082715
"S",337,"T","S337T",0.0108490134519474
"S",337,"V","S337V",0.32983141019179
"S",337,"W","S337W",0.421267344716248
"S",337,"Y","S337Y",0.612946430530884
"K",338,"A","K338A",-0.0748166316804537
"K",338,"C","K338C",0.227301526299116
"K",338,"D","K338D",0.837008671638031
"K",338,"E","K338E",-0.482275483288093
"K",338,"F","K338F",-1.22922049369179
"K",338,"G","K338G",-0.3443859687717
"K",338,"H","K338H",0.703314267041046
"K",338,"I","K338I",0.307779444013235
"K",338,"L","K338L",0.180569597236036
"K",338,"M","K338M",-0.109403151533852
"K",338,"N","K338N",1.57305749580526
"K",338,"P","K338P",1.36129741050635
"K",338,"Q","K338Q",1.18512741960352
"K",338,"R","K338R",-0.433222919768552
"K",338,"S","K338S",0.577835163695287
"K",338,"T","K338T",-0.19614279184544
"K",338,"V","K338V",-0.597312283349398
"K",338,"W","K338W",-0.194786098868129
"K",338,"Y","K338Y",0.737285744108692
"A",339,"C","A339C",0.863358819426175
"A",339,"D","A339D",0.798719552019053
"A",339,"E","A339E",0.0931686545159901
"A",339,"F","A339F",1.38623406128257
"A",339,"G","A339G",0.279220439885943
"A",339,"H","A339H",0.409923614262269
"A",339,"I","A339I",0.289094261796063
"A",339,"K","A339K",0.476754397502496
"A",339,"L","A339L",0.722996728328177
"A",339,"M","A339M",0.319426289816076
"A",339,"N","A339N",0.708964663313538
"A",339,"P","A339P",0.0335717921623217
"A",339,"Q","A339Q",-0.117799049235999
"A",339,"R","A339R",-0.0569639497282853
"A",339,"S","A339S",0.313048544708245
"A",339,"T","A339T",1.01818288366119
"A",339,"V","A339V",0.736950353602019
"A",339,"W","A339W",0.715277567664395
"A",339,"Y","A339Y",0.305045742885594
"K",340,"A","K340A",0.500526074365463
"K",340,"C","K340C",0.147650265198287
"K",340,"D","K340D",0.139209451601058
"K",340,"E","K340E",0.500528366608857
"K",340,"F","K340F",0.951982581927484
"K",340,"G","K340G",0.890564981518563
"K",340,"H","K340H",1.1274409188104
"K",340,"I","K340I",-0.728482906632669
"K",340,"L","K340L",0.18822773787916
"K",340,"M","K340M",0.273342283054107
"K",340,"N","K340N",0.682065196732015
"K",340,"P","K340P",0.531280835558188
"K",340,"Q","K340Q",0.861625930081489
"K",340,"R","K340R",1.5108269198501
"K",340,"S","K340S",-0.0620578103078418
"K",340,"T","K340T",0.348987583087287
"K",340,"V","K340V",0.475772836752416
"K",340,"W","K340W",-0.0659128606197298
"K",340,"Y","K340Y",-0.768000607192736
"G",341,"A","G341A",-0.274029922210569
"G",341,"C","G341C",-0.267056842389736
"G",341,"D","G341D",0.138518373824437
"G",341,"E","G341E",0.228385084124214
"G",341,"F","G341F",0.599342167594177
"G",341,"H","G341H",0.063264802902898
"G",341,"I","G341I",-0.178297055592017
"G",341,"K","G341K",0.683110951290856
"G",341,"L","G341L",0.584195999972946
"G",341,"M","G341M",-0.877520366471929
"G",341,"N","G341N",0.806147542231253
"G",341,"P","G341P",0.314291158256759
"G",341,"Q","G341Q",-0.129068216063456
"G",341,"R","G341R",0.367995552195522
"G",341,"S","G341S",0.0680568058905647
"G",341,"T","G341T",0.0608867738219648
"G",341,"V","G341V",0.0818352149219488
"G",341,"W","G341W",-0.356796397522053
"G",341,"Y","G341Y",-0.0229630924956494
"Q",342,"A","Q342A",0.167213652080867
"Q",342,"C","Q342C",-0.650086810471857
"Q",342,"D","Q342D",0.439649962527209
"Q",342,"E","Q342E",0.565376110183578
"Q",342,"F","Q342F",0.0175151036942343
"Q",342,"G","Q342G",0.180086960548039
"Q",342,"H","Q342H",0.594967618167101
"Q",342,"I","Q342I",-0.630530751114433
"Q",342,"K","Q342K",0.105832242164256
"Q",342,"L","Q342L",0.92871738960235
"Q",342,"M","Q342M",0.311832117423972
"Q",342,"N","Q342N",-0.192051650680023
"Q",342,"P","Q342P",0.552376952813507
"Q",342,"R","Q342R",0.37770766273978
"Q",342,"S","Q342S",0.638291278656524
"Q",342,"T","Q342T",0.509825664076941
"Q",342,"V","Q342V",-0.123138177324769
"Q",342,"W","Q342W",-0.132986212144014
"Q",342,"Y","Q342Y",0.11535405021069
"P",343,"A","P343A",0.993002061356884
"P",343,"C","P343C",0.360690728339306
"P",343,"D","P343D",1.04313307484638
"P",343,"E","P343E",-0.0831389651064892
"P",343,"F","P343F",-0.526710027437458
"P",343,"G","P343G",0.688207857006736
"P",343,"H","P343H",0.886895683977138
"P",343,"I","P343I",-0.343411837356721
"P",343,"K","P343K",0.884289772848286
"P",343,"L","P343L",0.368443991954642
"P",343,"M","P343M",-0.12938156078633
"P",343,"N","P343N",0.406859694418418
"P",343,"Q","P343Q",0.645290845092134
"P",343,"R","P343R",0.992491117192799
"P",343,"S","P343S",0.221314088767885
"P",343,"T","P343T",0.222481455520546
"P",343,"V","P343V",0.416270320764926
"P",343,"W","P343W",1.08763786948764
"P",343,"Y","P343Y",0.369325882861098
"R",344,"A","R344A",-0.198657556108554
"R",344,"C","R344C",0.172162585728008
"R",344,"D","R344D",0.322084133819666
"R",344,"E","R344E",1.0301496352441
"R",344,"F","R344F",0.649400375875656
"R",344,"G","R344G",-0.173133755879862
"R",344,"H","R344H",0.224196215141988
"R",344,"I","R344I",0.852843522390879
"R",344,"K","R344K",-0.227715655307544
"R",344,"L","R344L",0.642287351211676
"R",344,"M","R344M",-0.0320533275346315
"R",344,"N","R344N",0.124505817459589
"R",344,"P","R344P",-0.171995174274888
"R",344,"Q","R344Q",0.703967945884687
"R",344,"S","R344S",0.00527301331662207
"R",344,"T","R344T",0.417895064817425
"R",344,"V","R344V",0.0972951502844796
"R",344,"Y","R344Y",2.63827259691561
"E",345,"A","E345A",0.165322318550015
"E",345,"C","E345C",0.760646577792496
"E",345,"D","E345D",-0.161800847549177
"E",345,"F","E345F",0.301617074180022
"E",345,"G","E345G",0.710874379351818
"E",345,"H","E345H",-1.08735290989809
"E",345,"I","E345I",0.608440301433312
"E",345,"K","E345K",-0.696487758719403
"E",345,"L","E345L",0.223028028388636
"E",345,"M","E345M",-0.211147593907784
"E",345,"N","E345N",1.4188404880881
"E",345,"P","E345P",-0.0294373773160174
"E",345,"Q","E345Q",0.166536523334921
"E",345,"R","E345R",0.643191222395586
"E",345,"S","E345S",0.386171383795129
"E",345,"T","E345T",0.519158571922792
"E",345,"V","E345V",1.01126160196845
"E",345,"W","E345W",0.39030334972771
"E",345,"Y","E345Y",-0.214316835050583
"P",346,"A","P346A",0.370314123725986
"P",346,"C","P346C",0.15925798581452
"P",346,"D","P346D",-0.793882687612157
"P",346,"E","P346E",-0.643528589780114
"P",346,"F","P346F",0.965497287562837
"P",346,"G","P346G",-0.174922461617448
"P",346,"H","P346H",0.363644023574034
"P",346,"I","P346I",1.65110025539801
"P",346,"K","P346K",-1.2962308040232
"P",346,"L","P346L",0.626401082582916
"P",346,"M","P346M",0.258086702507844
"P",346,"N","P346N",0.0865681440968091
"P",346,"Q","P346Q",-0.405936621322809
"P",346,"R","P346R",-3.04935291005396
"P",346,"S","P346S",0.697625150016428
"P",346,"T","P346T",0.967351499447442
"P",346,"V","P346V",0.503918557911952
"P",346,"W","P346W",-1.89197177494447
"P",346,"Y","P346Y",-1.48868557950585
"Q",347,"A","Q347A",0.0609719776864428
"Q",347,"C","Q347C",-0.141389455519126
"Q",347,"D","Q347D",1.09250470483541
"Q",347,"E","Q347E",0.311735036812491
"Q",347,"F","Q347F",0.465334637953731
"Q",347,"G","Q347G",0.480475095414884
"Q",347,"H","Q347H",-0.540245575484028
"Q",347,"I","Q347I",0.158499021118577
"Q",347,"K","Q347K",0.117950958055161
"Q",347,"L","Q347L",-1.08336469841072
"Q",347,"M","Q347M",0.0637723658709169
"Q",347,"N","Q347N",0.44082431909479
"Q",347,"P","Q347P",0.623943458393326
"Q",347,"R","Q347R",-0.0181918232492034
"Q",347,"S","Q347S",0.422757007048886
"Q",347,"T","Q347T",-0.0146621211160744
"Q",347,"V","Q347V",-0.569822653790424
"Q",347,"W","Q347W",0.722334187953936
"Q",347,"Y","Q347Y",-0.132649844381052
"V",348,"A","V348A",0.217845059780972
"V",348,"C","V348C",0.622764498656758
"V",348,"D","V348D",-2.59801431374734
"V",348,"E","V348E",0.450007434006772
"V",348,"F","V348F",-0.168095575034814
"V",348,"G","V348G",-0.688260873713034
"V",348,"H","V348H",-0.781409213947087
"V",348,"I","V348I",0.859270039432929
"V",348,"K","V348K",-0.946362273480247
"V",348,"L","V348L",-0.0907014952275496
"V",348,"M","V348M",0.952747533565132
"V",348,"N","V348N",-2.94487577647109
"V",348,"P","V348P",0.0641725604922347
"V",348,"Q","V348Q",-0.232491700217111
"V",348,"R","V348R",-0.453450983667146
"V",348,"S","V348S",-0.506701173589529
"V",348,"T","V348T",-0.233564803744346
"V",348,"W","V348W",-0.311915312725486
"V",348,"Y","V348Y",0.724172828560493
"Y",349,"A","Y349A",-0.0780316309268483
"Y",349,"C","Y349C",-0.263907241990551
"Y",349,"D","Y349D",-0.846542559779763
"Y",349,"E","Y349E",0.00254138181220423
"Y",349,"F","Y349F",-0.273213521784834
"Y",349,"G","Y349G",-0.319876795531863
"Y",349,"H","Y349H",-0.618715577368974
"Y",349,"I","Y349I",0.114812507343517
"Y",349,"K","Y349K",0.106261120454464
"Y",349,"L","Y349L",0.0795724448718922
"Y",349,"M","Y349M",-0.0364975052596459
"Y",349,"N","Y349N",0.735333265124541
"Y",349,"P","Y349P",0.437176539378052
"Y",349,"Q","Y349Q",0.419428483398878
"Y",349,"R","Y349R",-0.054056639608378
"Y",349,"S","Y349S",0.490582826536145
"Y",349,"T","Y349T",-0.197879191436579
"Y",349,"V","Y349V",-0.250270388179073
"Y",349,"W","Y349W",-0.174777078676408
"T",350,"A","T350A",0.832872455599624
"T",350,"C","T350C",2.56554371464519
"T",350,"D","T350D",0.942509341073102
"T",350,"E","T350E",1.59371472896711
"T",350,"F","T350F",1.29507734927984
"T",350,"G","T350G",0.71862953998717
"T",350,"H","T350H",1.55612418411766
"T",350,"I","T350I",-0.0888811270792065
"T",350,"K","T350K",0.316017409956984
"T",350,"L","T350L",-0.0448235656364734
"T",350,"M","T350M",-0.206662441997917
"T",350,"N","T350N",0.694706553025402
"T",350,"P","T350P",0.352121110254313
"T",350,"Q","T350Q",1.55706558291487
"T",350,"R","T350R",0.929296923495489
"T",350,"S","T350S",-0.065359377766224
"T",350,"V","T350V",0.620471449107671
"T",350,"W","T350W",0.265743533768229
"T",350,"Y","T350Y",0.437460472808309
"L",351,"A","L351A",0.373558668521593
"L",351,"C","L351C",-0.0744333248154209
"L",351,"D","L351D",0.343756253501856
"L",351,"E","L351E",0.107363526537475
"L",351,"F","L351F",-0.0196540719484876
"L",351,"G","L351G",0.957628230975006
"L",351,"H","L351H",0.407796507313356
"L",351,"I","L351I",0.393667783666812
"L",351,"K","L351K",0.956864294164201
"L",351,"M","L351M",0.0746359787222564
"L",351,"N","L351N",0.382133338574569
"L",351,"P","L351P",0.928687381181759
"L",351,"Q","L351Q",0.330775740669013
"L",351,"R","L351R",-0.834532336923019
"L",351,"S","L351S",0.270859973062206
"L",351,"T","L351T",0.410997088339336
"L",351,"V","L351V",0.0272462728890065
"L",351,"W","L351W",1.02208016731975
"L",351,"Y","L351Y",0.397703700657712
"P",352,"A","P352A",0.882002477048789
"P",352,"C","P352C",0.720859782160495
"P",352,"D","P352D",1.65488148504019
"P",352,"E","P352E",0.5373365914882
"P",352,"F","P352F",0.807136006125554
"P",352,"G","P352G",1.24666059835737
"P",352,"H","P352H",0.932484521186068
"P",352,"I","P352I",0.617008148958291
"P",352,"K","P352K",0.84885685511276
"P",352,"L","P352L",-0.207029742313704
"P",352,"M","P352M",0.431047557456144
"P",352,"N","P352N",0.820459657322586
"P",352,"Q","P352Q",0.979422496948498
"P",352,"R","P352R",-0.162154058036794
"P",352,"S","P352S",0.386549589597024
"P",352,"T","P352T",0.562650125552689
"P",352,"V","P352V",0.68523599815781
"P",352,"W","P352W",0.364080477562678
"P",352,"Y","P352Y",0.146509600492005
"P",353,"A","P353A",-0.156667783772178
"P",353,"C","P353C",0.393788755511162
"P",353,"D","P353D",0.221857456217826
"P",353,"E","P353E",0.584421848449964
"P",353,"F","P353F",0.358045713402739
"P",353,"G","P353G",0.58453867156919
"P",353,"H","P353H",-0.0651566071429826
"P",353,"I","P353I",0.639960936591741
"P",353,"K","P353K",0.466622380960781
"P",353,"L","P353L",1.07953264350241
"P",353,"M","P353M",0.452917120211575
"P",353,"N","P353N",1.01855249950451
"P",353,"Q","P353Q",-0.76902590004296
"P",353,"R","P353R",0.1626563429506
"P",353,"S","P353S",-0.0887927343920742
"P",353,"T","P353T",0.274934967391544
"P",353,"V","P353V",0.376162152482334
"P",353,"W","P353W",-0.00583602731222384
"P",353,"Y","P353Y",-0.220979472432049
"S",354,"A","S354A",-1.05349082023862
"S",354,"C","S354C",0.162944708216177
"S",354,"D","S354D",0.689616700984334
"S",354,"E","S354E",0.930688965799813
"S",354,"F","S354F",0.461374182258168
"S",354,"G","S354G",0.397936994295041
"S",354,"H","S354H",0.310027537577207
"S",354,"I","S354I",0.616438594576143
"S",354,"K","S354K",0.983424911737406
"S",354,"L","S354L",0.563125166254069
"S",354,"M","S354M",-0.199191232470569
"S",354,"N","S354N",1.16231895626123
"S",354,"P","S354P",0.296987785492842
"S",354,"Q","S354Q",-0.0724530089693123
"S",354,"R","S354R",0.371667820306187
"S",354,"T","S354T",-0.193583215824282
"S",354,"V","S354V",-0.190377439772499
"S",354,"W","S354W",0.732407073632191
"S",354,"Y","S354Y",1.7580700890008
"R",355,"A","R355A",0.118301711525276
"R",355,"C","R355C",0.547278189197372
"R",355,"D","R355D",0.0370014146072801
"R",355,"E","R355E",0.577950560381612
"R",355,"F","R355F",0.429696566266081
"R",355,"G","R355G",-0.15164833373285
"R",355,"H","R355H",-0.0532340167474336
"R",355,"I","R355I",1.08174244834161
"R",355,"K","R355K",0.449673424752737
"R",355,"L","R355L",0.875292432419068
"R",355,"M","R355M",0.136542957230099
"R",355,"N","R355N",0.438165835653544
"R",355,"P","R355P",-0.0627785482404398
"R",355,"Q","R355Q",0.335879388864278
"R",355,"S","R355S",0.272495756862171
"R",355,"T","R355T",-0.0171153876254688
"R",355,"V","R355V",0.00698080972813483
"R",355,"W","R355W",0.142774333925118
"R",355,"Y","R355Y",0.0725664845941186
"D",356,"A","D356A",-0.613065299320835
"D",356,"C","D356C",-0.46408911696311
"D",356,"E","D356E",0.164870520730213
"D",356,"F","D356F",0.0631766583199976
"D",356,"G","D356G",-0.406656383900491
"D",356,"H","D356H",-0.305530140779124
"D",356,"I","D356I",0.325844430222432
"D",356,"K","D356K",1.08665487891461
"D",356,"L","D356L",-0.417154593150222
"D",356,"M","D356M",0.637842093932878
"D",356,"N","D356N",0.324454919329247
"D",356,"P","D356P",-1.00195881197557
"D",356,"Q","D356Q",-0.23957896588842
"D",356,"R","D356R",0.104507534716714
"D",356,"S","D356S",0.430262754999818
"D",356,"T","D356T",0.398430625016276
"D",356,"V","D356V",-0.256046431061297
"D",356,"W","D356W",0.655175876627567
"D",356,"Y","D356Y",-0.0810573001502348
"E",357,"A","E357A",-0.457564929915185
"E",357,"C","E357C",0.479211349677085
"E",357,"D","E357D",0.238393462062905
"E",357,"F","E357F",-0.0777368199254132
"E",357,"G","E357G",-0.653598388863258
"E",357,"H","E357H",0.305797619930102
"E",357,"I","E357I",0.00593917474538978
"E",357,"K","E357K",-0.193285484469565
"E",357,"L","E357L",-0.337773019544097
"E",357,"M","E357M",0.396624749954816
"E",357,"N","E357N",0.0237702104446111
"E",357,"Q","E357Q",0.426287411018193
"E",357,"R","E357R",-0.442970345382761
"E",357,"S","E357S",0.188692471407503
"E",357,"T","E357T",-0.407012662073013
"E",357,"V","E357V",0.750090177196375
"E",357,"W","E357W",0.338621253340832
"E",357,"Y","E357Y",-0.0301652104755027
"L",358,"A","L358A",-0.276586584367898
"L",358,"C","L358C",0.0293609780793002
"L",358,"D","L358D",1.37032220959549
"L",358,"E","L358E",-0.0594303983687954
"L",358,"F","L358F",-0.45883745946455
"L",358,"G","L358G",0.444026580610418
"L",358,"H","L358H",-0.352389143043358
"L",358,"I","L358I",1.29655137175982
"L",358,"K","L358K",0.706192015216945
"L",358,"M","L358M",0.0355912217660728
"L",358,"N","L358N",0.174391336187473
"L",358,"P","L358P",-0.806431955286716
"L",358,"Q","L358Q",0.223025280841616
"L",358,"R","L358R",0.155178255337026
"L",358,"S","L358S",0.16118051722229
"L",358,"T","L358T",0.706430053401423
"L",358,"V","L358V",-0.230439888515432
"L",358,"W","L358W",0.678162567457599
"L",358,"Y","L358Y",-0.487483039125639
"T",359,"A","T359A",0.89396825534975
"T",359,"C","T359C",0.38709018838407
"T",359,"D","T359D",0.612762535086052
"T",359,"E","T359E",0.298804728169891
"T",359,"F","T359F",1.62578050476743
"T",359,"G","T359G",-0.091261714200809
"T",359,"H","T359H",-0.26056540020369
"T",359,"I","T359I",0.336267500278357
"T",359,"K","T359K",-0.172550155947947
"T",359,"L","T359L",-0.209402434602256
"T",359,"M","T359M",0.053784318553111
"T",359,"N","T359N",-0.267308738010582
"T",359,"P","T359P",0.35485025592458
"T",359,"Q","T359Q",0.749531324136991
"T",359,"R","T359R",-0.62396445721245
"T",359,"S","T359S",-0.134552911629543
"T",359,"V","T359V",0.688763870061878
"T",359,"W","T359W",0.346546873711811
"T",359,"Y","T359Y",0.227045652136339
"K",360,"A","K360A",-0.0416651943579225
"K",360,"C","K360C",0.988459219215946
"K",360,"D","K360D",0.211941017082647
"K",360,"E","K360E",0.12345160510558
"K",360,"F","K360F",0.321925393267082
"K",360,"G","K360G",0.712790596104927
"K",360,"H","K360H",0.772174964344341
"K",360,"I","K360I",0.020195963703974
"K",360,"L","K360L",-0.124258638682683
"K",360,"M","K360M",0.0136463826707532
"K",360,"N","K360N",0.323277658220002
"K",360,"P","K360P",1.60138358281686
"K",360,"Q","K360Q",0.132249388692692
"K",360,"R","K360R",0.659756855671481
"K",360,"S","K360S",0.171374758666568
"K",360,"T","K360T",0.676994613158288
"K",360,"V","K360V",0.254486802646911
"K",360,"W","K360W",0.599179069159362
"K",360,"Y","K360Y",0.43485991646217
"N",361,"A","N361A",0.735515863117182
"N",361,"C","N361C",-0.113630767633738
"N",361,"D","N361D",0.303783367500267
"N",361,"E","N361E",0.769128825792353
"N",361,"F","N361F",-0.232958732601017
"N",361,"G","N361G",0.0216623807741933
"N",361,"H","N361H",0.207512883714854
"N",361,"I","N361I",0.16779848676998
"N",361,"K","N361K",-0.0743649506113067
"N",361,"L","N361L",0.344752497468564
"N",361,"M","N361M",-0.732315406701038
"N",361,"P","N361P",0.369196945402872
"N",361,"Q","N361Q",0.530157279470918
"N",361,"R","N361R",0.013557297102267
"N",361,"S","N361S",0.407229217893493
"N",361,"T","N361T",-0.0231316939394715
"N",361,"V","N361V",-0.826959875878779
"N",361,"W","N361W",-0.76238454276172
"N",361,"Y","N361Y",-0.42083307404168
"Q",362,"A","Q362A",-0.0222404003069277
"Q",362,"C","Q362C",-0.582291285851781
"Q",362,"D","Q362D",-0.183879724193296
"Q",362,"E","Q362E",-0.0898108780644492
"Q",362,"F","Q362F",-0.427302375649708
"Q",362,"G","Q362G",0.759013949765169
"Q",362,"H","Q362H",0.206669361511551
"Q",362,"I","Q362I",1.41135754277672
"Q",362,"K","Q362K",2.40647928546558
"Q",362,"L","Q362L",0.355661468429977
"Q",362,"M","Q362M",0.929878137405569
"Q",362,"N","Q362N",0.285707971842839
"Q",362,"P","Q362P",0.0629697396961271
"Q",362,"R","Q362R",0.889765247952378
"Q",362,"S","Q362S",0.27144448538854
"Q",362,"T","Q362T",0.135158228998152
"Q",362,"V","Q362V",0.267492703118888
"Q",362,"W","Q362W",1.38928462340239
"Q",362,"Y","Q362Y",0.445249813239584
"V",363,"A","V363A",-0.219569722579861
"V",363,"C","V363C",0.151884273111784
"V",363,"D","V363D",0.897771204861192
"V",363,"E","V363E",1.71118256221184
"V",363,"F","V363F",0.147731284485224
"V",363,"G","V363G",0.0476285452478764
"V",363,"H","V363H",0.77818285763288
"V",363,"I","V363I",-0.154445234362028
"V",363,"K","V363K",0.845177641308856
"V",363,"L","V363L",-0.028667444034366
"V",363,"M","V363M",-0.139626009049729
"V",363,"N","V363N",-0.595256703124767
"V",363,"P","V363P",0.245651903418392
"V",363,"Q","V363Q",0.566417544871662
"V",363,"R","V363R",-0.0800001145652759
"V",363,"S","V363S",0.457114251870784
"V",363,"T","V363T",0.731306398964189
"V",363,"W","V363W",0.445570489553821
"V",363,"Y","V363Y",0.735462053404255
"S",364,"A","S364A",-0.520626819791984
"S",364,"C","S364C",-0.0796216114528406
"S",364,"D","S364D",-0.0528928105797237
"S",364,"E","S364E",0.0587301180504359
"S",364,"F","S364F",-0.410396986075361
"S",364,"G","S364G",1.97184620541766
"S",364,"H","S364H",-0.531165215915069
"S",364,"I","S364I",-0.397078516584887
"S",364,"K","S364K",-0.387166052151234
"S",364,"L","S364L",0.0850442670029358
"S",364,"M","S364M",-0.717194559035065
"S",364,"N","S364N",-1.89397729470374
"S",364,"P","S364P",0.657134274187172
"S",364,"Q","S364Q",0.431439232484909
"S",364,"R","S364R",-1.12599009629052
"S",364,"T","S364T",-0.212307116733599
"S",364,"V","S364V",0.293361835789064
"S",364,"W","S364W",-0.0716808775770106
"S",364,"Y","S364Y",0.746872793855559
"L",365,"A","L365A",0.358939037036861
"L",365,"C","L365C",1.24924884534228
"L",365,"D","L365D",-0.700208440570604
"L",365,"E","L365E",0.785183174800688
"L",365,"F","L365F",0.540951702614829
"L",365,"G","L365G",0.411759739370625
"L",365,"H","L365H",-0.19463901912673
"L",365,"I","L365I",0.223189578559779
"L",365,"K","L365K",-0.85086285240227
"L",365,"M","L365M",0.2191975398005
"L",365,"N","L365N",0.102438441534034
"L",365,"P","L365P",0.378799288992594
"L",365,"Q","L365Q",-0.435464023349471
"L",365,"R","L365R",0.35449302274765
"L",365,"S","L365S",0.224109537298623
"L",365,"T","L365T",0.0516561491293025
"L",365,"V","L365V",-0.248978872872149
"L",365,"W","L365W",0.360032013806509
"L",365,"Y","L365Y",0.211652109616679
"T",366,"A","T366A",-0.158791016315208
"T",366,"C","T366C",-0.203000253996385
"T",366,"D","T366D",1.01172414049348
"T",366,"E","T366E",2.20091202538577
"T",366,"F","T366F",-0.372884447577366
"T",366,"G","T366G",-0.0964828302391055
"T",366,"H","T366H",-1.04985834570018
"T",366,"I","T366I",1.60614584614581
"T",366,"K","T366K",-0.826945693076903
"T",366,"L","T366L",0.370491251457093
"T",366,"M","T366M",-0.000858271140859558
"T",366,"N","T366N",0.831540855571406
"T",366,"P","T366P",-0.722504224912196
"T",366,"Q","T366Q",0.012377413543948
"T",366,"R","T366R",-1.32016386710243
"T",366,"S","T366S",0.047547381125116
"T",366,"V","T366V",1.09676028896141
"T",366,"W","T366W",0.287283618023646
"T",366,"Y","T366Y",0.763670765157045
"C",367,"A","C367A",0.21002047713843
"C",367,"D","C367D",-1.52019008748092
"C",367,"E","C367E",0.00786004235634591
"C",367,"F","C367F",-0.0551217010081566
"C",367,"G","C367G",0.975604482600564
"C",367,"H","C367H",1.12270973116834
"C",367,"I","C367I",0.201645683875666
"C",367,"K","C367K",-1.22303556522849
"C",367,"L","C367L",-0.108631738407113
"C",367,"M","C367M",0.558729152170799
"C",367,"N","C367N",0.026915262177038
"C",367,"P","C367P",-1.52384575433545
"C",367,"Q","C367Q",0.38166497858426
"C",367,"R","C367R",-0.395048271746659
"C",367,"S","C367S",0.564101220068438
"C",367,"T","C367T",-0.174661076730802
"C",367,"V","C367V",0.166096684977202
"C",367,"W","C367W",-0.12656980189566
"C",367,"Y","C367Y",-0.249863679988891
"L",368,"A","L368A",0.639103026153521
"L",368,"C","L368C",0.738464985449721
"L",368,"D","L368D",0.0785373570101285
"L",368,"E","L368E",0.360851331465843
"L",368,"F","L368F",0.237714587438406
"L",368,"G","L368G",-1.45993870762627
"L",368,"H","L368H",0.674305640401908
"L",368,"I","L368I",0.201260632022905
"L",368,"K","L368K",0.814981835266552
"L",368,"M","L368M",-1.00974412610999
"L",368,"N","L368N",0.16556330616384
"L",368,"P","L368P",-1.14142429351627
"L",368,"Q","L368Q",-0.37639273440178
"L",368,"R","L368R",-0.918732698685803
"L",368,"S","L368S",0.810765141860995
"L",368,"T","L368T",-0.61222903393109
"L",368,"V","L368V",-0.0487329863289432
"L",368,"W","L368W",-0.263324560780418
"L",368,"Y","L368Y",0.331879628090155
"V",369,"A","V369A",0.484668876495627
"V",369,"C","V369C",-0.446245720731304
"V",369,"D","V369D",-0.258370193918828
"V",369,"E","V369E",-0.790681026188055
"V",369,"F","V369F",0.287240385156115
"V",369,"G","V369G",0.170994647213472
"V",369,"H","V369H",0.346908244740062
"V",369,"I","V369I",-0.322750053464664
"V",369,"K","V369K",-1.97709296440694
"V",369,"L","V369L",0.00506567689117107
"V",369,"M","V369M",-1.1296488739011
"V",369,"N","V369N",-0.02249447666115
"V",369,"P","V369P",-0.200323415909308
"V",369,"Q","V369Q",0.310226600595877
"V",369,"R","V369R",-1.61286096070456
"V",369,"S","V369S",-0.949357454838368
"V",369,"T","V369T",-0.00600410314122675
"V",369,"W","V369W",0.26330387767115
"V",369,"Y","V369Y",0.40461081091741
"K",370,"C","K370C",-0.0691988224691616
"K",370,"D","K370D",0.446835077805002
"K",370,"E","K370E",1.72102007817885
"K",370,"F","K370F",0.654839183481588
"K",370,"G","K370G",1.97969158107767
"K",370,"H","K370H",0.708732658736652
"K",370,"I","K370I",0.674518650269554
"K",370,"L","K370L",0.503406447190096
"K",370,"M","K370M",0.484196071263256
"K",370,"N","K370N",0.0374662715661033
"K",370,"P","K370P",-0.382719060439382
"K",370,"Q","K370Q",-0.36320338175362
"K",370,"R","K370R",-0.459528724851427
"K",370,"S","K370S",-0.601411345416862
"K",370,"T","K370T",0.156847892736958
"K",370,"V","K370V",1.22384678846272
"K",370,"W","K370W",0.154513038926931
"K",370,"Y","K370Y",-0.531214581316163
"G",371,"A","G371A",0.295199837965132
"G",371,"C","G371C",0.798321358981641
"G",371,"D","G371D",0.56662850172246
"G",371,"E","G371E",-0.0498797017570158
"G",371,"F","G371F",-0.0293446945853146
"G",371,"H","G371H",0.357743220704226
"G",371,"I","G371I",0.568865918121877
"G",371,"K","G371K",0.775236370197577
"G",371,"L","G371L",0.284954252016247
"G",371,"M","G371M",0.55172783551652
"G",371,"N","G371N",-0.0273513750403269
"G",371,"P","G371P",1.3554569158699
"G",371,"Q","G371Q",-0.437887218577635
"G",371,"R","G371R",-0.436811579679595
"G",371,"S","G371S",0.935938487788629
"G",371,"T","G371T",0.539115086001314
"G",371,"V","G371V",0.186677494310428
"G",371,"W","G371W",0.45357540425998
"G",371,"Y","G371Y",-0.322791478537761
"F",372,"A","F372A",0.46773073529066
"F",372,"C","F372C",-1.47727731947623
"F",372,"D","F372D",0.626151388378785
"F",372,"E","F372E",0.989523082948286
"F",372,"G","F372G",0.328306791778725
"F",372,"H","F372H",2.0831494981143
"F",372,"I","F372I",2.11569852409288
"F",372,"K","F372K",2.14119759959845
"F",372,"L","F372L",-0.0934139635583368
"F",372,"M","F372M",0.78805389282111
"F",372,"N","F372N",1.78108685751232
"F",372,"P","F372P",1.07271239143813
"F",372,"Q","F372Q",1.10025991589653
"F",372,"R","F372R",-0.812415483140783
"F",372,"S","F372S",0.130535267790114
"F",372,"T","F372T",-0.034577207140511
"F",372,"V","F372V",1.09657528527173
"F",372,"W","F372W",0.552797403201098
"F",372,"Y","F372Y",0.714992159817796
"Y",373,"A","Y373A",-0.107059670352906
"Y",373,"C","Y373C",-1.6435394749851
"Y",373,"D","Y373D",0.230945548554865
"Y",373,"E","Y373E",0.0903309929523603
"Y",373,"F","Y373F",0.284874012416001
"Y",373,"G","Y373G",-0.207118889168165
"Y",373,"H","Y373H",1.38257244492766
"Y",373,"I","Y373I",1.2312185473767
"Y",373,"K","Y373K",-0.084884523861703
"Y",373,"L","Y373L",0.481580793531809
"Y",373,"M","Y373M",-0.278844769490595
"Y",373,"N","Y373N",0.245444492309783
"Y",373,"P","Y373P",0.525295474061145
"Y",373,"Q","Y373Q",-0.0272117372914635
"Y",373,"R","Y373R",0.932786977668219
"Y",373,"S","Y373S",-1.04943252132889
"Y",373,"T","Y373T",-0.341952666328237
"Y",373,"V","Y373V",-0.697010141957731
"Y",373,"W","Y373W",3.13320975138776
"P",374,"A","P374A",0.00434133956943307
"P",374,"C","P374C",0.320943234981866
"P",374,"D","P374D",0.242254651571174
"P",374,"E","P374E",0.660690320031042
"P",374,"F","P374F",0.84603200280423
"P",374,"G","P374G",1.46168619707897
"P",374,"H","P374H",0.741466570397171
"P",374,"I","P374I",0.69262590611841
"P",374,"K","P374K",0.591134515568317
"P",374,"L","P374L",0.861323127191887
"P",374,"M","P374M",1.17386961692796
"P",374,"N","P374N",0.211443205949726
"P",374,"Q","P374Q",-0.466793321686545
"P",374,"R","P374R",0.90571778580821
"P",374,"S","P374S",0.373658701939546
"P",374,"T","P374T",0.239294585940248
"P",374,"V","P374V",1.02613751633458
"P",374,"W","P374W",0.880948810141179
"P",374,"Y","P374Y",0.900952126606238
"S",375,"A","S375A",-0.206652314787464
"S",375,"C","S375C",1.85535027290292
"S",375,"D","S375D",-0.374465168808103
"S",375,"E","S375E",2.4638636915225
"S",375,"F","S375F",-0.172865855518617
"S",375,"G","S375G",-1.32938111321895
"S",375,"H","S375H",0.0578522309030226
"S",375,"I","S375I",0.479994573112979
"S",375,"K","S375K",0.582839110878181
"S",375,"L","S375L",0.915658587606171
"S",375,"M","S375M",0.910033372594964
"S",375,"N","S375N",0.0407782072089353
"S",375,"P","S375P",-0.190589339129132
"S",375,"Q","S375Q",0.473203007147071
"S",375,"R","S375R",0.302153733166768
"S",375,"T","S375T",1.03071275021987
"S",375,"V","S375V",1.22682937464319
"S",375,"W","S375W",0.108875283191234
"S",375,"Y","S375Y",1.10615421380334
"D",376,"A","D376A",0.597042782167007
"D",376,"C","D376C",0.191510767140746
"D",376,"E","D376E",0.754708024655303
"D",376,"F","D376F",0.0685521754088265
"D",376,"G","D376G",0.191996392461865
"D",376,"H","D376H",-0.100753904793986
"D",376,"I","D376I",0.730018710518556
"D",376,"K","D376K",-0.447369346945803
"D",376,"L","D376L",0.502899900933745
"D",376,"M","D376M",0.24891859071866
"D",376,"N","D376N",1.40301236953793
"D",376,"P","D376P",1.28362113528849
"D",376,"Q","D376Q",-0.433219326369846
"D",376,"R","D376R",1.4344702931961
"D",376,"S","D376S",-0.193280288779708
"D",376,"T","D376T",0.949143187557594
"D",376,"V","D376V",0.594000115536435
"D",376,"W","D376W",-1.46114455666622
"D",376,"Y","D376Y",-0.381170663239463
"I",377,"A","I377A",-0.743566516402491
"I",377,"C","I377C",-0.160596508996986
"I",377,"D","I377D",-0.284501749819903
"I",377,"E","I377E",0.425658971043333
"I",377,"F","I377F",1.66837836067104
"I",377,"G","I377G",-0.462470283925239
"I",377,"H","I377H",1.09927341864087
"I",377,"K","I377K",0.586338386819304
"I",377,"L","I377L",-0.214164726788838
"I",377,"M","I377M",0.0308980012494518
"I",377,"N","I377N",1.32733789617537
"I",377,"P","I377P",0.924608804289338
"I",377,"Q","I377Q",0.459318768659037
"I",377,"R","I377R",1.1738830987841
"I",377,"S","I377S",0.633777044042466
"I",377,"T","I377T",-0.205026202889247
"I",377,"V","I377V",-0.00496204773961303
"I",377,"W","I377W",1.87935074733002
"I",377,"Y","I377Y",1.44307895414428
"A",378,"C","A378C",0.0841433974072399
"A",378,"D","A378D",0.0995552730330621
"A",378,"E","A378E",0.844056706996344
"A",378,"F","A378F",0.122464128297473
"A",378,"G","A378G",0.723767577526205
"A",378,"H","A378H",-0.498471169991184
"A",378,"I","A378I",0.347173334883181
"A",378,"K","A378K",-0.284375770475742
"A",378,"L","A378L",0.00275337253751415
"A",378,"M","A378M",-0.0175216665124087
"A",378,"N","A378N",-1.21429030433426
"A",378,"P","A378P",1.18117855775764
"A",378,"Q","A378Q",2.83676738236293
"A",378,"R","A378R",0.907700858472518
"A",378,"S","A378S",0.789097324203146
"A",378,"T","A378T",0.21835819248153
"A",378,"V","A378V",0.661184265503606
"A",378,"W","A378W",-0.675595545595165
"A",378,"Y","A378Y",0.317338702123725
"V",379,"A","V379A",-0.254407462792003
"V",379,"C","V379C",0.248590128888561
"V",379,"D","V379D",0.192667965687512
"V",379,"E","V379E",0.242672546244772
"V",379,"F","V379F",0.472641846430225
"V",379,"G","V379G",0.391239734400128
"V",379,"H","V379H",1.15920661659747
"V",379,"I","V379I",-0.0280118890850232
"V",379,"K","V379K",0.144277303730848
"V",379,"L","V379L",0.439695007433618
"V",379,"M","V379M",1.06970550929263
"V",379,"N","V379N",0.690362697252624
"V",379,"P","V379P",-0.272703755812991
"V",379,"Q","V379Q",1.43822419474862
"V",379,"R","V379R",-1.33747694044635
"V",379,"S","V379S",-0.429062681885049
"V",379,"T","V379T",0.0296214527653482
"V",379,"W","V379W",0.915746333206516
"V",379,"Y","V379Y",1.8603026174296
"E",380,"A","E380A",-0.318556465300988
"E",380,"C","E380C",0.360786862812163
"E",380,"D","E380D",0.159950455041425
"E",380,"F","E380F",-0.48923039010083
"E",380,"G","E380G",0.0430684891963076
"E",380,"H","E380H",0.561202002095359
"E",380,"I","E380I",0.133104462604613
"E",380,"K","E380K",-0.329095616472522
"E",380,"L","E380L",0.232068306472791
"E",380,"M","E380M",-0.492041289343674
"E",380,"N","E380N",-0.420739936172116
"E",380,"P","E380P",-0.532678616598143
"E",380,"Q","E380Q",0.1259191796575
"E",380,"R","E380R",-0.0350110133292252
"E",380,"S","E380S",0.625960067727489
"E",380,"T","E380T",0.727242351009206
"E",380,"V","E380V",0.179467459827261
"E",380,"W","E380W",0.448489432500587
"E",380,"Y","E380Y",0.848479706182027
"W",381,"A","W381A",-1.06603895287431
"W",381,"C","W381C",-2.06977303426688
"W",381,"D","W381D",-3.00370207940116
"W",381,"E","W381E",-2.17944541449433
"W",381,"F","W381F",0.429631782296498
"W",381,"G","W381G",-2.94175978777462
"W",381,"H","W381H",-0.0676029433048472
"W",381,"I","W381I",0.0187708111009965
"W",381,"K","W381K",-3.6159010581485
"W",381,"L","W381L",0.655859164179592
"W",381,"M","W381M",-0.028123415811749
"W",381,"N","W381N",-2.6160440468738
"W",381,"P","W381P",-3.51121888115793
"W",381,"Q","W381Q",-2.61490179514763
"W",381,"R","W381R",-1.98767156492302
"W",381,"S","W381S",-2.53947422917431
"W",381,"T","W381T",-2.40268626557143
"W",381,"V","W381V",-0.601843593624786
"W",381,"Y","W381Y",0.328649931795546
"E",382,"A","E382A",0.0269096687735119
"E",382,"C","E382C",0.0479603440827156
"E",382,"D","E382D",-0.289935840988047
"E",382,"F","E382F",-0.305816292834284
"E",382,"G","E382G",-0.588847602459563
"E",382,"H","E382H",0.148442942068811
"E",382,"I","E382I",-0.0985859753388031
"E",382,"K","E382K",-0.269022040640229
"E",382,"L","E382L",0.0232153645699581
"E",382,"M","E382M",0.607304735595776
"E",382,"N","E382N",-0.186336718272293
"E",382,"P","E382P",0.706285897701143
"E",382,"Q","E382Q",0.175951603149114
"E",382,"R","E382R",0.349040938698276
"E",382,"S","E382S",0.205115755525412
"E",382,"T","E382T",-0.0807430650678944
"E",382,"V","E382V",-0.387961283278727
"E",382,"W","E382W",-0.0284031777081241
"E",382,"Y","E382Y",0.200918472625503
"S",383,"A","S383A",0.776289061602582
"S",383,"C","S383C",0.709947808532727
"S",383,"D","S383D",-0.436133301058976
"S",383,"E","S383E",0.671530858111474
"S",383,"F","S383F",-0.341232417471702
"S",383,"G","S383G",0.272083574043097
"S",383,"H","S383H",0.407848295937224
"S",383,"I","S383I",-0.0220583671970058
"S",383,"K","S383K",-0.477687078342618
"S",383,"L","S383L",0.555406514493796
"S",383,"M","S383M",1.65711141312302
"S",383,"N","S383N",0.799704057631843
"S",383,"P","S383P",-0.0323493723724529
"S",383,"Q","S383Q",-0.0568781152570439
"S",383,"R","S383R",-0.610383641912597
"S",383,"T","S383T",0.372097828299693
"S",383,"V","S383V",-0.16350562081787
"S",383,"W","S383W",0.0844705998818873
"S",383,"Y","S383Y",0.23931876407378
"N",384,"A","N384A",-0.00560403977541295
"N",384,"C","N384C",-0.41472824356832
"N",384,"D","N384D",0.228829713484532
"N",384,"E","N384E",-0.498750618687603
"N",384,"F","N384F",-0.0717503745823694
"N",384,"G","N384G",0.346447752458623
"N",384,"H","N384H",-0.303096970170429
"N",384,"I","N384I",0.601891304537747
"N",384,"K","N384K",-0.506874978768428
"N",384,"L","N384L",0.946056025245274
"N",384,"M","N384M",0.354671730206626
"N",384,"P","N384P",-0.111806062645942
"N",384,"Q","N384Q",0.20944894902731
"N",384,"R","N384R",-0.771877254795189
"N",384,"S","N384S",0.148433840354791
"N",384,"T","N384T",1.03410987195253
"N",384,"V","N384V",-0.261764967773653
"N",384,"W","N384W",0.0669529379696547
"N",384,"Y","N384Y",0.965536615930605
"G",385,"A","G385A",0.0188187625768657
"G",385,"C","G385C",0.480857984182052
"G",385,"D","G385D",-0.260809833698463
"G",385,"E","G385E",1.8019952696875
"G",385,"F","G385F",0.30994288791242
"G",385,"H","G385H",0.946357803333056
"G",385,"I","G385I",-0.104610486856786
"G",385,"K","G385K",0.702306803481233
"G",385,"L","G385L",-0.321261327306498
"G",385,"M","G385M",0.240190437209031
"G",385,"N","G385N",0.915492892804306
"G",385,"P","G385P",0.770059842869965
"G",385,"Q","G385Q",0.139197500248261
"G",385,"R","G385R",-0.0714963601305824
"G",385,"S","G385S",0.326354464722294
"G",385,"T","G385T",0.153288539166555
"G",385,"V","G385V",-0.153038989923439
"G",385,"W","G385W",-0.102079933487069
"G",385,"Y","G385Y",0.450545724599271
"Q",386,"A","Q386A",0.198358851317736
"Q",386,"C","Q386C",0.738665658777393
"Q",386,"D","Q386D",0.549937977340186
"Q",386,"E","Q386E",0.0441879285504454
"Q",386,"F","Q386F",0.23524424143562
"Q",386,"G","Q386G",0.221925515362994
"Q",386,"H","Q386H",-0.386628789299529
"Q",386,"I","Q386I",0.362080505722904
"Q",386,"K","Q386K",0.177991125437459
"Q",386,"L","Q386L",0.169438960583001
"Q",386,"M","Q386M",0.363491725718492
"Q",386,"N","Q386N",0.262492876513348
"Q",386,"P","Q386P",0.37782347455176
"Q",386,"R","Q386R",0.191062828355685
"Q",386,"S","Q386S",-0.527746888230852
"Q",386,"V","Q386V",0.0860180213956964
"Q",386,"W","Q386W",-0.0827203749416626
"Q",386,"Y","Q386Y",1.0661161762884
"P",387,"A","P387A",0.0177230166301541
"P",387,"C","P387C",0.487672127934123
"P",387,"D","P387D",0.0859314098953503
"P",387,"E","P387E",-0.476507097055388
"P",387,"F","P387F",-0.502498059801105
"P",387,"G","P387G",0.703918293324389
"P",387,"H","P387H",0.798086440819523
"P",387,"I","P387I",-0.0745052407264099
"P",387,"K","P387K",0.485147338340684
"P",387,"L","P387L",-0.52204907826594
"P",387,"M","P387M",0.0201450123751242
"P",387,"N","P387N",0.658586369886934
"P",387,"Q","P387Q",0.627482320845807
"P",387,"R","P387R",-0.202331409611712
"P",387,"S","P387S",-0.379931126660072
"P",387,"T","P387T",-0.0726876680738732
"P",387,"V","P387V",0.197973994372088
"P",387,"W","P387W",-0.0713961374447711
"P",387,"Y","P387Y",0.170726025027881
"E",388,"A","E388A",-0.14715581719446
"E",388,"C","E388C",0.557685854680272
"E",388,"D","E388D",0.151469865070279
"E",388,"F","E388F",-0.0623813211136679
"E",388,"G","E388G",0.103067280093061
"E",388,"H","E388H",-0.747183922405364
"E",388,"I","E388I",0.0630031997301396
"E",388,"K","E388K",-0.561623316026177
"E",388,"L","E388L",0.0905101201038119
"E",388,"M","E388M",0.155412136636122
"E",388,"N","E388N",0.342869152914846
"E",388,"P","E388P",0.437389653565069
"E",388,"Q","E388Q",-0.219054612944051
"E",388,"R","E388R",-0.129706221151747
"E",388,"S","E388S",0.85985498041065
"E",388,"T","E388T",0.244131203165386
"E",388,"V","E388V",0.49847639884645
"E",388,"W","E388W",-1.08735290989809
"E",388,"Y","E388Y",1.00109049680602
"N",389,"A","N389A",-0.385713220555569
"N",389,"C","N389C",0.30097540218016
"N",389,"D","N389D",0.105729304814799
"N",389,"E","N389E",-0.798129972571731
"N",389,"F","N389F",-0.134666444691769
"N",389,"G","N389G",-0.702396774645975
"N",389,"H","N389H",0.00934107638934172
"N",389,"I","N389I",-0.221730518798135
"N",389,"K","N389K",0.136040247995937
"N",389,"L","N389L",0.260896613543508
"N",389,"M","N389M",0.532474475769579
"N",389,"P","N389P",1.56624873578623
"N",389,"Q","N389Q",0.438849493372185
"N",389,"R","N389R",0.587022195174947
"N",389,"S","N389S",-0.513922363429143
"N",389,"T","N389T",0.492686514408551
"N",389,"V","N389V",0.556499572977144
"N",389,"W","N389W",-0.038878695478326
"N",389,"Y","N389Y",-0.164723506066467
"N",390,"A","N390A",0.217804473772563
"N",390,"C","N390C",-0.182169144583395
"N",390,"D","N390D",-0.121898119165904
"N",390,"E","N390E",1.05274340460668
"N",390,"F","N390F",0.243493076597053
"N",390,"G","N390G",0.635777489120369
"N",390,"H","N390H",0.764614391299099
"N",390,"I","N390I",0.64086522317984
"N",390,"K","N390K",1.42606577091868
"N",390,"L","N390L",0.526760601430219
"N",390,"M","N390M",0.258869212830273
"N",390,"P","N390P",0.320602236680334
"N",390,"Q","N390Q",0.368748264175449
"N",390,"R","N390R",0.432644200451438
"N",390,"S","N390S",0.0247984799982496
"N",390,"T","N390T",1.44483614573647
"N",390,"V","N390V",-0.08343413802788
"N",390,"W","N390W",-0.0992097272629855
"N",390,"Y","N390Y",0.185127331511407
"Y",391,"A","Y391A",-0.304259960260891
"Y",391,"C","Y391C",-0.621946898602362
"Y",391,"D","Y391D",0.422183682573978
"Y",391,"E","Y391E",1.91014037309865
"Y",391,"F","Y391F",-0.692287929451937
"Y",391,"G","Y391G",0.144150781306483
"Y",391,"H","Y391H",-0.237518668529131
"Y",391,"I","Y391I",0.782696623657295
"Y",391,"K","Y391K",0.178765386395137
"Y",391,"L","Y391L",1.23006307641096
"Y",391,"M","Y391M",1.02828316374597
"Y",391,"N","Y391N",1.0556028181424
"Y",391,"P","Y391P",0.368364116289178
"Y",391,"Q","Y391Q",0.0398323458985749
"Y",391,"R","Y391R",0.260563584264384
"Y",391,"S","Y391S",0.14782523450038
"Y",391,"T","Y391T",-1.07476921832948
"Y",391,"V","Y391V",0.513539168930388
"Y",391,"W","Y391W",0.35400865430992
"K",392,"A","K392A",0.494815612073828
"K",392,"C","K392C",0.424187052927802
"K",392,"D","K392D",-0.0308552828941315
"K",392,"E","K392E",0.915176185269464
"K",392,"F","K392F",0.512086031423481
"K",392,"G","K392G",-0.114330588080502
"K",392,"H","K392H",0.388838205635551
"K",392,"I","K392I",0.740024472597903
"K",392,"L","K392L",0.531547011715335
"K",392,"M","K392M",0.778637401761815
"K",392,"N","K392N",0.571463500654067
"K",392,"P","K392P",0.392427814847993
"K",392,"Q","K392Q",0.431559884794137
"K",392,"R","K392R",0.509581162899967
"K",392,"S","K392S",-0.228332266651686
"K",392,"T","K392T",-0.177714839029568
"K",392,"V","K392V",-0.0530258331993627
"K",392,"W","K392W",-0.0162056433022282
"K",392,"Y","K392Y",-0.127880583352191
"T",393,"A","T393A",0.72163613957102
"T",393,"C","T393C",-0.134070248496438
"T",393,"D","T393D",0.51254266126002
"T",393,"E","T393E",1.53832102822484
"T",393,"F","T393F",-0.531118483995428
"T",393,"G","T393G",-0.396838946667334
"T",393,"H","T393H",1.2909211618032
"T",393,"I","T393I",0.819661184237264
"T",393,"K","T393K",-0.0131370176518381
"T",393,"L","T393L",0.369275551135628
"T",393,"M","T393M",0.912918354393724
"T",393,"N","T393N",0.368751796619402
"T",393,"P","T393P",0.461459857639218
"T",393,"Q","T393Q",0.524237586709556
"T",393,"R","T393R",0.145909733195491
"T",393,"S","T393S",1.53984670411989
"T",393,"V","T393V",-0.240392965113516
"T",393,"W","T393W",0.0159391777482925
"T",393,"Y","T393Y",-0.923957440643682
"T",394,"A","T394A",-0.560623407763743
"T",394,"C","T394C",0.0590567470749658
"T",394,"D","T394D",0.730856324181043
"T",394,"E","T394E",0.19404576504327
"T",394,"F","T394F",1.49382277538807
"T",394,"G","T394G",-0.219932269955168
"T",394,"H","T394H",0.567635370426423
"T",394,"I","T394I",0.405637695126511
"T",394,"K","T394K",1.18756441464123
"T",394,"L","T394L",0.896872644409216
"T",394,"M","T394M",0.696594225546833
"T",394,"N","T394N",0.423411377663147
"T",394,"P","T394P",1.34688304947375
"T",394,"Q","T394Q",0.814505766121957
"T",394,"R","T394R",1.30892324120465
"T",394,"S","T394S",0.167285946367707
"T",394,"V","T394V",0.660599467971739
"T",394,"W","T394W",1.07448077988357
"T",394,"Y","T394Y",1.28196677735631
"P",395,"A","P395A",0.478882621986813
"P",395,"C","P395C",0.818964367973552
"P",395,"D","P395D",0.0559855721494495
"P",395,"E","P395E",-0.111898143589738
"P",395,"F","P395F",0.263311627442014
"P",395,"G","P395G",-0.284139077708145
"P",395,"H","P395H",0.044530459147154
"P",395,"I","P395I",-0.424370459906059
"P",395,"K","P395K",-0.322729821441515
"P",395,"L","P395L",-0.322715103713065
"P",395,"M","P395M",1.06212448955064
"P",395,"N","P395N",-0.256742718294718
"P",395,"Q","P395Q",-0.0840912503031295
"P",395,"R","P395R",0.27153458829251
"P",395,"S","P395S",0.769546943053493
"P",395,"T","P395T",0.112865580387074
"P",395,"V","P395V",1.25197126618599
"P",395,"W","P395W",-1.0003643700629
"P",395,"Y","P395Y",1.04447886820599
"P",396,"A","P396A",0.924552202157167
"P",396,"C","P396C",0.181704324193279
"P",396,"D","P396D",0.135708330747176
"P",396,"E","P396E",0.525099472945588
"P",396,"F","P396F",0.042514361761352
"P",396,"G","P396G",0.171340524684042
"P",396,"H","P396H",1.43973537583988
"P",396,"I","P396I",1.15676408490567
"P",396,"K","P396K",1.59681457726537
"P",396,"L","P396L",1.6135816719911
"P",396,"M","P396M",-0.0590627955964281
"P",396,"N","P396N",0.646525453428267
"P",396,"Q","P396Q",0.519823749973966
"P",396,"R","P396R",-0.723847732008094
"P",396,"S","P396S",-0.408404531088197
"P",396,"T","P396T",0.611297747999821
"P",396,"V","P396V",0.696151987732204
"P",396,"W","P396W",1.46620697518474
"P",396,"Y","P396Y",1.6515187418317
"V",397,"A","V397A",0.589519626244297
"V",397,"C","V397C",0.00785663373084702
"V",397,"D","V397D",1.28705528965671
"V",397,"E","V397E",0.582199915521376
"V",397,"F","V397F",1.86998848636233
"V",397,"G","V397G",0.773356648176205
"V",397,"H","V397H",0.323152283226236
"V",397,"I","V397I",0.751641119795715
"V",397,"K","V397K",0.120292136833407
"V",397,"L","V397L",0.998431575595061
"V",397,"M","V397M",0.577075665989083
"V",397,"N","V397N",0.962213918167865
"V",397,"P","V397P",0.0172436436259536
"V",397,"Q","V397Q",1.0806011060881
"V",397,"R","V397R",0.861597191467075
"V",397,"S","V397S",0.844325702629289
"V",397,"T","V397T",-0.158279862281186
"V",397,"W","V397W",-0.2964218662616
"V",397,"Y","V397Y",0.995816389302084
"L",398,"A","L398A",0.0460119074051628
"L",398,"C","L398C",0.680305392471049
"L",398,"D","L398D",1.26311988214665
"L",398,"E","L398E",0.0338682142492294
"L",398,"F","L398F",0.661577316743205
"L",398,"G","L398G",0.413444362636977
"L",398,"H","L398H",1.34708647227827
"L",398,"I","L398I",-0.0924090747320595
"L",398,"K","L398K",0.150482840238158
"L",398,"M","L398M",0.206876601161044
"L",398,"N","L398N",0.956408886426243
"L",398,"P","L398P",0.285937865754046
"L",398,"Q","L398Q",-0.603056612958003
"L",398,"R","L398R",0.51174763779072
"L",398,"S","L398S",0.108399604273205
"L",398,"T","L398T",0.679678100955127
"L",398,"V","L398V",-0.0668615366256342
"L",398,"W","L398W",-0.455134709417285
"L",398,"Y","L398Y",0.186506611160919
"D",399,"A","D399A",0.307890280436657
"D",399,"C","D399C",0.176683889541687
"D",399,"E","D399E",-0.153612531598745
"D",399,"F","D399F",-0.296690877579152
"D",399,"G","D399G",-1.0759003252899
"D",399,"H","D399H",-0.757290460700655
"D",399,"I","D399I",0.592805537653863
"D",399,"K","D399K",0.699905307367458
"D",399,"L","D399L",0.0769152555908607
"D",399,"M","D399M",0.794331978648856
"D",399,"N","D399N",0.524547632951284
"D",399,"P","D399P",-0.141746929078265
"D",399,"Q","D399Q",0.154034480397084
"D",399,"R","D399R",1.0886794282176
"D",399,"S","D399S",0.220338620635669
"D",399,"T","D399T",-0.389006353918429
"D",399,"V","D399V",-0.48400130010501
"D",399,"W","D399W",0.0109073702103401
"D",399,"Y","D399Y",-0.0551083427114542
"S",400,"A","S400A",0.580769770723532
"S",400,"C","S400C",0.538626254220614
"S",400,"D","S400D",0.518568998547873
"S",400,"E","S400E",0.936625732905454
"S",400,"F","S400F",-0.797699802826796
"S",400,"G","S400G",0.0185012232748101
"S",400,"H","S400H",0.322309683671185
"S",400,"I","S400I",1.84170880930149
"S",400,"K","S400K",0.952199641045837
"S",400,"L","S400L",-0.437160341026617
"S",400,"M","S400M",0.527919175506374
"S",400,"N","S400N",-0.0712516294850807
"S",400,"P","S400P",-0.528200663052223
"S",400,"Q","S400Q",-0.305010322972313
"S",400,"R","S400R",0.56519544860181
"S",400,"T","S400T",-0.0502851108773532
"S",400,"V","S400V",0.0265651427555727
"S",400,"W","S400W",1.00063653411819
"S",400,"Y","S400Y",0.0385268947033523
"D",401,"A","D401A",0.265001909489881
"D",401,"C","D401C",0.496655103306563
"D",401,"E","D401E",0.887426198363494
"D",401,"F","D401F",0.254270479029728
"D",401,"G","D401G",-0.789481712926509
"D",401,"H","D401H",-0.110856806323852
"D",401,"I","D401I",0.839393551259611
"D",401,"K","D401K",0.964362715737802
"D",401,"L","D401L",-0.217467730275065
"D",401,"M","D401M",-0.183667769364993
"D",401,"N","D401N",-0.257111509276934
"D",401,"P","D401P",0.450582280241763
"D",401,"Q","D401Q",0.483397205017723
"D",401,"R","D401R",0.116108347995977
"D",401,"S","D401S",0.0426186483183132
"D",401,"T","D401T",0.921738575786091
"D",401,"V","D401V",1.25957063396395
"D",401,"W","D401W",0.253766577421631
"D",401,"Y","D401Y",0.171681337723589
"G",402,"A","G402A",0.130572930348406
"G",402,"C","G402C",0.175628862766829
"G",402,"D","G402D",0.39818741385874
"G",402,"E","G402E",1.13318192941256
"G",402,"F","G402F",0.57713776666901
"G",402,"H","G402H",0.15413028385715
"G",402,"I","G402I",1.63964695615073
"G",402,"K","G402K",0.248569951328528
"G",402,"L","G402L",0.875657698775168
"G",402,"M","G402M",0.0435911494595814
"G",402,"N","G402N",0.112091247410819
"G",402,"P","G402P",0.016860130434787
"G",402,"Q","G402Q",0.061260788005569
"G",402,"R","G402R",0.105559413385167
"G",402,"S","G402S",-0.0397865201273329
"G",402,"T","G402T",-0.0447662126188954
"G",402,"V","G402V",0.618165954744283
"G",402,"W","G402W",0.496836459459125
"G",402,"Y","G402Y",1.07739472309185
"S",403,"A","S403A",0.719752505612799
"S",403,"C","S403C",-0.123042364501762
"S",403,"D","S403D",0.446954423663912
"S",403,"E","S403E",1.27927337132062
"S",403,"F","S403F",0.583260841315588
"S",403,"G","S403G",1.53803866050381
"S",403,"H","S403H",1.02389091217011
"S",403,"I","S403I",0.229453755348935
"S",403,"K","S403K",1.0379778455713
"S",403,"L","S403L",-0.182318213127485
"S",403,"M","S403M",0.209157756040383
"S",403,"N","S403N",0.1208542993184
"S",403,"P","S403P",0.320886140891561
"S",403,"Q","S403Q",0.833932809926049
"S",403,"R","S403R",1.00767519448697
"S",403,"T","S403T",0.622822543341771
"S",403,"V","S403V",0.569607871794253
"S",403,"W","S403W",1.03770384745302
"S",403,"Y","S403Y",1.33470755363958
"F",404,"A","F404A",-0.312062501303738
"F",404,"C","F404C",0.656827670378855
"F",404,"D","F404D",0.551670942878105
"F",404,"E","F404E",1.09430377192615
"F",404,"G","F404G",1.00693193145817
"F",404,"H","F404H",1.06257213423318
"F",404,"I","F404I",1.04478492785104
"F",404,"K","F404K",0.802795389080316
"F",404,"L","F404L",-0.127182339906741
"F",404,"M","F404M",-0.206967548385007
"F",404,"N","F404N",1.47429957477878
"F",404,"P","F404P",2.92209105721142
"F",404,"Q","F404Q",2.21490891658704
"F",404,"R","F404R",1.49489841245747
"F",404,"S","F404S",0.953140689224055
"F",404,"T","F404T",-0.622783109767219
"F",404,"V","F404V",1.82312692038442
"F",404,"W","F404W",0.525434540138396
"F",404,"Y","F404Y",-0.548361183849065
"F",405,"A","F405A",0.78428490743721
"F",405,"C","F405C",0.195396074707434
"F",405,"D","F405D",1.1675526092856
"F",405,"E","F405E",1.52982794864551
"F",405,"G","F405G",0.304202834668653
"F",405,"H","F405H",0.276329870856759
"F",405,"I","F405I",0.614739360805521
"F",405,"K","F405K",-2.76740708336644
"F",405,"L","F405L",0.730945670988652
"F",405,"M","F405M",0.111206650112809
"F",405,"N","F405N",0.354949964892686
"F",405,"P","F405P",-3.30933114714811
"F",405,"Q","F405Q",0.385677545623408
"F",405,"R","F405R",-1.14544023755611
"F",405,"S","F405S",0.79985786004023
"F",405,"T","F405T",1.68577776766125
"F",405,"V","F405V",0.083854087204745
"F",405,"W","F405W",0.270394545262201
"F",405,"Y","F405Y",0.468831041087166
"L",406,"A","L406A",-0.21242323355111
"L",406,"C","L406C",-0.234288223055519
"L",406,"D","L406D",0.180963213871925
"L",406,"E","L406E",0.19887884110878
"L",406,"F","L406F",0.740875256223165
"L",406,"G","L406G",-0.481835009067174
"L",406,"H","L406H",0.707261780609581
"L",406,"I","L406I",0.126811004713088
"L",406,"K","L406K",-0.0185833673342502
"L",406,"M","L406M",-0.391824250346981
"L",406,"N","L406N",-0.389190466395625
"L",406,"P","L406P",-2.68829371550896
"L",406,"Q","L406Q",0.0329555244809333
"L",406,"R","L406R",0.171999013966236
"L",406,"S","L406S",0.282813723732022
"L",406,"T","L406T",0.442607868017068
"L",406,"V","L406V",-0.336043308572703
"L",406,"W","L406W",1.11281967914875
"L",406,"Y","L406Y",2.3249412540861
"Y",407,"A","Y407A",0.425827251788494
"Y",407,"C","Y407C",0.00163410986707646
"Y",407,"D","Y407D",-0.777794456023375
"Y",407,"E","Y407E",-0.48770163300297
"Y",407,"F","Y407F",0.330397842732509
"Y",407,"G","Y407G",0.388536563130702
"Y",407,"H","Y407H",0.361539626053202
"Y",407,"I","Y407I",0.08740664606791
"Y",407,"K","Y407K",-3.65691992536424
"Y",407,"L","Y407L",1.50814105248807
"Y",407,"M","Y407M",0.537192422672601
"Y",407,"N","Y407N",-0.899854398840024
"Y",407,"P","Y407P",-1.30164635631195
"Y",407,"Q","Y407Q",-0.952410267694553
"Y",407,"R","Y407R",-2.71348574969697
"Y",407,"S","Y407S",-0.281192040067183
"Y",407,"T","Y407T",0.748732297903085
"Y",407,"V","Y407V",-0.183736596039045
"Y",407,"W","Y407W",0.0990920462696231
"S",408,"A","S408A",-0.199748949268226
"S",408,"C","S408C",0.593673947899703
"S",408,"D","S408D",0.354574712437326
"S",408,"E","S408E",1.02420494456488
"S",408,"F","S408F",1.0516451193432
"S",408,"G","S408G",-0.594629371878944
"S",408,"H","S408H",0.756881392103195
"S",408,"I","S408I",0.979809975784653
"S",408,"K","S408K",0.982532580292866
"S",408,"L","S408L",2.02822560465387
"S",408,"M","S408M",-0.757672567334157
"S",408,"N","S408N",1.1517619384395
"S",408,"P","S408P",-2.3707946086269
"S",408,"Q","S408Q",-0.0669870486383844
"S",408,"R","S408R",0.508523876684882
"S",408,"T","S408T",0.485616965522979
"S",408,"V","S408V",0.653397735913036
"S",408,"W","S408W",0.0217371663537042
"S",408,"Y","S408Y",2.47818286930238
"K",409,"A","K409A",-0.0239391729396563
"K",409,"C","K409C",0.405323072963511
"K",409,"D","K409D",0.586717168233415
"K",409,"E","K409E",0.200547625700435
"K",409,"F","K409F",0.83967362563558
"K",409,"G","K409G",0.576104112900559
"K",409,"H","K409H",0.174587852305681
"K",409,"I","K409I",0.258532188025075
"K",409,"L","K409L",0.119644973996894
"K",409,"M","K409M",0.789599954188626
"K",409,"N","K409N",-4.11798575163495
"K",409,"P","K409P",0.740452289659658
"K",409,"Q","K409Q",0.488721643594921
"K",409,"R","K409R",0.0795699980732927
"K",409,"S","K409S",0.611518862894283
"K",409,"T","K409T",0.674100139127507
"K",409,"V","K409V",1.07451633379
"K",409,"W","K409W",0.38119684561323
"K",409,"Y","K409Y",-0.000413590932883719
"L",410,"A","L410A",0.0584520155323264
"L",410,"C","L410C",-0.00889251152439792
"L",410,"D","L410D",0.337736467370541
"L",410,"E","L410E",0.121493105087621
"L",410,"F","L410F",0.0964550062173284
"L",410,"G","L410G",0.187426094314618
"L",410,"H","L410H",-0.0536405896945099
"L",410,"I","L410I",0.0557135020237067
"L",410,"K","L410K",2.09728530531584
"L",410,"M","L410M",2.28147745012187
"L",410,"N","L410N",0.445555200777032
"L",410,"P","L410P",-2.9199176215712
"L",410,"Q","L410Q",-0.119909500957804
"L",410,"R","L410R",0.0494042085875797
"L",410,"S","L410S",0.110653555398684
"L",410,"T","L410T",0.281995805646911
"L",410,"V","L410V",-0.282671681546507
"L",410,"W","L410W",0.835181667589296
"L",410,"Y","L410Y",0.631486766158898
"T",411,"A","T411A",-0.101522209672796
"T",411,"C","T411C",0.51781882631345
"T",411,"D","T411D",0.106161974964329
"T",411,"E","T411E",0.471627630081899
"T",411,"F","T411F",-0.290293459250244
"T",411,"G","T411G",-0.0753086566170767
"T",411,"H","T411H",0.153754126301435
"T",411,"I","T411I",-0.0212564952734519
"T",411,"K","T411K",-0.737031894872826
"T",411,"L","T411L",1.03819278706831
"T",411,"M","T411M",0.341205817890617
"T",411,"N","T411N",-0.281786015177412
"T",411,"P","T411P",0.221702970915027
"T",411,"Q","T411Q",0.433361823037141
"T",411,"R","T411R",0.31295609870899
"T",411,"S","T411S",0.41729097944586
"T",411,"V","T411V",0.511519984240594
"T",411,"W","T411W",-0.0344164342066547
"T",411,"Y","T411Y",0.0742029371503288
"V",412,"A","V412A",0.103450935475824
"V",412,"C","V412C",-1.01999361898803
"V",412,"D","V412D",0.179416913936838
"V",412,"E","V412E",1.16644281435097
"V",412,"F","V412F",1.20057860193878
"V",412,"G","V412G",0.0207856817248942
"V",412,"H","V412H",-0.707150718639666
"V",412,"I","V412I",1.59086769842207
"V",412,"K","V412K",0.0312563918836329
"V",412,"L","V412L",-0.324334246948754
"V",412,"M","V412M",0.458528453303355
"V",412,"N","V412N",-0.171314972254161
"V",412,"P","V412P",-0.649615756928575
"V",412,"Q","V412Q",0.58620137668866
"V",412,"R","V412R",0.937698261315221
"V",412,"S","V412S",0.192773447110857
"V",412,"T","V412T",0.106339230607726
"V",412,"W","V412W",-0.424655919238222
"V",412,"Y","V412Y",-0.261251844329264
"D",413,"A","D413A",0.788027957973366
"D",413,"C","D413C",-0.995957145654076
"D",413,"E","D413E",0.0873015880379053
"D",413,"F","D413F",-0.0709346311469844
"D",413,"G","D413G",0.116302426591273
"D",413,"H","D413H",0.892576718157558
"D",413,"I","D413I",1.39847463713903
"D",413,"K","D413K",0.356623146720953
"D",413,"L","D413L",0.72067173908198
"D",413,"M","D413M",-0.203028859370246
"D",413,"N","D413N",0.321269069611575
"D",413,"P","D413P",-0.126645761529264
"D",413,"Q","D413Q",1.5910861087924
"D",413,"R","D413R",-0.119984107476523
"D",413,"S","D413S",0.473339090660353
"D",413,"T","D413T",-0.416925798981566
"D",413,"V","D413V",0.128876620595755
"D",413,"W","D413W",0.0097548201143131
"D",413,"Y","D413Y",-0.0129314721532862
"K",414,"A","K414A",0.489592008738719
"K",414,"C","K414C",0.482622322458817
"K",414,"D","K414D",0.0459982687431353
"K",414,"E","K414E",0.53524617265975
"K",414,"F","K414F",0.164119535507706
"K",414,"G","K414G",0.334831798247479
"K",414,"H","K414H",0.882182082120335
"K",414,"I","K414I",0.21245163148137
"K",414,"L","K414L",0.675862807266198
"K",414,"M","K414M",1.32022198710277
"K",414,"N","K414N",-0.051271203205316
"K",414,"P","K414P",0.124632625094613
"K",414,"Q","K414Q",0.339713680486347
"K",414,"R","K414R",0.572187139988477
"K",414,"S","K414S",0.821221920222492
"K",414,"T","K414T",0.12449950961709
"K",414,"V","K414V",-0.415705502899119
"K",414,"W","K414W",0.539600887165765
"K",414,"Y","K414Y",0.968055079457006
"S",415,"A","S415A",0.929809330965707
"S",415,"C","S415C",-1.14541998812652
"S",415,"D","S415D",0.247605374641818
"S",415,"E","S415E",-0.552999046915585
"S",415,"F","S415F",0.520116712870202
"S",415,"G","S415G",0.079224633923674
"S",415,"H","S415H",0.605625304905424
"S",415,"I","S415I",-0.0267165017725642
"S",415,"K","S415K",0.0804865026307293
"S",415,"L","S415L",0.461119286738915
"S",415,"M","S415M",0.801084145320276
"S",415,"N","S415N",0.181184491602525
"S",415,"P","S415P",1.29502795396973
"S",415,"Q","S415Q",-0.211337376365967
"S",415,"R","S415R",-0.162101619557913
"S",415,"T","S415T",-0.425891502676915
"S",415,"V","S415V",0.218832398702954
"S",415,"W","S415W",-0.0551442920846826
"S",415,"Y","S415Y",-0.277967330211361
"R",416,"A","R416A",0.149159154747785
"R",416,"C","R416C",0.181414281694981
"R",416,"D","R416D",0.250369443634378
"R",416,"E","R416E",0.0913148311342761
"R",416,"F","R416F",0.0953085794094062
"R",416,"G","R416G",0.536304062624935
"R",416,"H","R416H",0.750536344491118
"R",416,"I","R416I",1.21606686703548
"R",416,"K","R416K",0.26166026442543
"R",416,"L","R416L",-0.653686998837977
"R",416,"M","R416M",-0.0655058022439598
"R",416,"N","R416N",-0.374509126898817
"R",416,"P","R416P",0.294900359661836
"R",416,"Q","R416Q",0.0121676958182513
"R",416,"S","R416S",0.796210267608621
"R",416,"T","R416T",0.730681254801118
"R",416,"V","R416V",0.883851265111407
"R",416,"W","R416W",-0.110634084677081
"R",416,"Y","R416Y",0.941928004268729
"W",417,"A","W417A",0.0843347255786537
"W",417,"C","W417C",-0.48864130282463
"W",417,"D","W417D",-0.112272793271907
"W",417,"E","W417E",0.572364091002271
"W",417,"F","W417F",0.622798463395403
"W",417,"G","W417G",-0.503079432429924
"W",417,"H","W417H",0.828056305629029
"W",417,"I","W417I",-0.385916026116631
"W",417,"K","W417K",-0.188293903458563
"W",417,"L","W417L",0.0539892426965697
"W",417,"M","W417M",0.153990245093398
"W",417,"N","W417N",-0.567133922794536
"W",417,"P","W417P",0.696495575303768
"W",417,"Q","W417Q",-0.0525636234341234
"W",417,"R","W417R",0.353898798212608
"W",417,"S","W417S",0.649680409904579
"W",417,"T","W417T",-0.617824001076346
"W",417,"V","W417V",0.611488396543759
"W",417,"Y","W417Y",-0.98732198101044
"Q",418,"A","Q418A",0.64752217916309
"Q",418,"C","Q418C",-0.0242459652014182
"Q",418,"D","Q418D",0.610879815738182
"Q",418,"E","Q418E",0.264474736863733
"Q",418,"F","Q418F",0.0754041367351585
"Q",418,"G","Q418G",0.49005692693026
"Q",418,"H","Q418H",1.62582675757382
"Q",418,"I","Q418I",-0.83586640589373
"Q",418,"K","Q418K",0.221404132540524
"Q",418,"L","Q418L",0.199131755150601
"Q",418,"M","Q418M",0.291264966899715
"Q",418,"N","Q418N",0.187643383467097
"Q",418,"P","Q418P",-0.295777660144492
"Q",418,"R","Q418R",0.311273342581062
"Q",418,"S","Q418S",-0.216595385617933
"Q",418,"T","Q418T",0.554005874268183
"Q",418,"V","Q418V",0.623520121008936
"Q",418,"W","Q418W",0.288510916203614
"Q",418,"Y","Q418Y",0.803375939101131
"Q",419,"A","Q419A",-0.186273655209927
"Q",419,"C","Q419C",0.610932514793975
"Q",419,"D","Q419D",0.0483237043357879
"Q",419,"E","Q419E",0.10630636377839
"Q",419,"F","Q419F",0.265669021067646
"Q",419,"G","Q419G",0.647701993183137
"Q",419,"H","Q419H",0.809522104507988
"Q",419,"I","Q419I",0.665232269991901
"Q",419,"K","Q419K",-0.200329463011986
"Q",419,"L","Q419L",0.250801348316318
"Q",419,"M","Q419M",0.0401524214684507
"Q",419,"N","Q419N",0.288442507147481
"Q",419,"P","Q419P",0.117996235870378
"Q",419,"R","Q419R",0.0780497412771964
"Q",419,"S","Q419S",0.968651376267857
"Q",419,"T","Q419T",-0.0836316520455561
"Q",419,"V","Q419V",0.3758691893888
"Q",419,"W","Q419W",0.0103965274882878
"Q",419,"Y","Q419Y",-0.0120442882472046
"G",420,"A","G420A",0.128861824560983
"G",420,"C","G420C",0.69233575673695
"G",420,"D","G420D",0.0738088837058727
"G",420,"E","G420E",0.0551437038447845
"G",420,"F","G420F",0.8786825840153
"G",420,"H","G420H",1.91228908816452
"G",420,"I","G420I",-0.0210026278641342
"G",420,"K","G420K",-0.249081737373801
"G",420,"L","G420L",0.713102947449657
"G",420,"M","G420M",1.15603410040256
"G",420,"N","G420N",0.104543739328024
"G",420,"P","G420P",0.25720577957009
"G",420,"Q","G420Q",0.123210888416674
"G",420,"R","G420R",-0.240862546212922
"G",420,"S","G420S",0.0663932861222549
"G",420,"T","G420T",1.71754981443864
"G",420,"V","G420V",0.590091218590878
"G",420,"W","G420W",0.0775191848273319
"G",420,"Y","G420Y",-0.317738563571005
"N",421,"A","N421A",0.0158691281888463
"N",421,"C","N421C",0.100119635314705
"N",421,"D","N421D",1.20184731034893
"N",421,"E","N421E",-0.178274656321322
"N",421,"F","N421F",-0.0495063114041959
"N",421,"G","N421G",-0.0875819935459977
"N",421,"H","N421H",0.592672406696792
"N",421,"I","N421I",0.2357919465485
"N",421,"K","N421K",-0.00579384298579201
"N",421,"L","N421L",0.278355139252185
"N",421,"M","N421M",-0.286070953071642
"N",421,"P","N421P",-0.590729017851796
"N",421,"Q","N421Q",0.168766436451034
"N",421,"R","N421R",0.0367477814142981
"N",421,"S","N421S",0.0412671598901616
"N",421,"T","N421T",0.747005696191312
"N",421,"V","N421V",-0.114555303624454
"N",421,"W","N421W",0.44716551102819
"N",421,"Y","N421Y",0.0433197776684921
"V",422,"A","V422A",-0.29464275596776
"V",422,"C","V422C",0.445370281217851
"V",422,"D","V422D",0.204432942233225
"V",422,"E","V422E",-0.178098089981807
"V",422,"F","V422F",0.486461524775167
"V",422,"G","V422G",0.225467438191485
"V",422,"H","V422H",-0.30594895849585
"V",422,"I","V422I",0.349762247813562
"V",422,"K","V422K",-0.500374896218086
"V",422,"L","V422L",0.457616368113118
"V",422,"M","V422M",0.613957907455182
"V",422,"N","V422N",-0.0582656382717831
"V",422,"P","V422P",-0.191488890928921
"V",422,"Q","V422Q",-0.290507005549984
"V",422,"R","V422R",0.823268086342011
"V",422,"S","V422S",0.527951715369374
"V",422,"T","V422T",-0.0547928881280306
"V",422,"W","V422W",0.787405757745952
"V",422,"Y","V422Y",-0.175421236741628
"F",423,"A","F423A",0.624839530735488
"F",423,"C","F423C",-1.43303702194749
"F",423,"D","F423D",-0.548340092988247
"F",423,"E","F423E",0.0497544213245614
"F",423,"G","F423G",0.0855940036504524
"F",423,"H","F423H",0.423066827019806
"F",423,"I","F423I",0.155887819627259
"F",423,"K","F423K",-0.84222839156165
"F",423,"L","F423L",0.233688450276375
"F",423,"M","F423M",0.290936508262926
"F",423,"N","F423N",-0.0374533668336937
"F",423,"P","F423P",0.254877122655392
"F",423,"Q","F423Q",0.717159272773038
"F",423,"R","F423R",0.0499643375616299
"F",423,"S","F423S",-0.26068426015017
"F",423,"T","F423T",-0.0975659771410979
"F",423,"V","F423V",-0.106851099073549
"F",423,"W","F423W",0.14076798574231
"F",423,"Y","F423Y",-0.144262455135429
"S",424,"A","S424A",1.7954806535462
"S",424,"C","S424C",-0.602376533217602
"S",424,"D","S424D",-0.132093582723598
"S",424,"E","S424E",1.80845380072924
"S",424,"F","S424F",0.198568498076244
"S",424,"G","S424G",-0.182640231517456
"S",424,"H","S424H",0.0107550983200925
"S",424,"I","S424I",0.677790572919069
"S",424,"K","S424K",0.0708204878179309
"S",424,"L","S424L",-0.583052216763633
"S",424,"M","S424M",0.325502204943265
"S",424,"N","S424N",0.336811251715949
"S",424,"P","S424P",-0.210404807785114
"S",424,"Q","S424Q",1.15422828299951
"S",424,"R","S424R",0.0688490758417435
"S",424,"T","S424T",0.245238844367293
"S",424,"V","S424V",0.185335231795191
"S",424,"W","S424W",0.0315415591002215
"S",424,"Y","S424Y",-0.721287208559789
"C",425,"A","C425A",0.729745908745567
"C",425,"D","C425D",-1.40686440630511
"C",425,"E","C425E",-1.4666689707297
"C",425,"F","C425F",0.263338394704241
"C",425,"G","C425G",-0.344772289309791
"C",425,"H","C425H",-0.828102634484293
"C",425,"I","C425I",1.08674578409028
"C",425,"K","C425K",-2.16562277615449
"C",425,"L","C425L",0.135450628595158
"C",425,"M","C425M",0.88358722627322
"C",425,"N","C425N",-0.564576073744176
"C",425,"P","C425P",0.710212994437578
"C",425,"Q","C425Q",-0.477955152614831
"C",425,"R","C425R",-0.348604487279457
"C",425,"S","C425S",0.543891847959857
"C",425,"T","C425T",0.678972714915729
"C",425,"V","C425V",-0.632544705501035
"C",425,"W","C425W",0.658593563691142
"C",425,"Y","C425Y",0.917863508875112
"S",426,"A","S426A",-0.0415785698223947
"S",426,"C","S426C",0.172912537837929
"S",426,"D","S426D",0.974034939790279
"S",426,"E","S426E",-0.211143976435946
"S",426,"F","S426F",0.388376437658141
"S",426,"G","S426G",0.00446914244716138
"S",426,"H","S426H",-0.10197215631153
"S",426,"I","S426I",0.217955766531687
"S",426,"K","S426K",1.03358606853643
"S",426,"L","S426L",0.0969134037173317
"S",426,"M","S426M",0.863442279562643
"S",426,"N","S426N",0.314354137570277
"S",426,"P","S426P",-0.039723515034712
"S",426,"Q","S426Q",-0.14382295630746
"S",426,"R","S426R",0.798890636221496
"S",426,"T","S426T",-0.298930253158687
"S",426,"V","S426V",-0.1733133231055
"S",426,"W","S426W",-0.582410644588175
"S",426,"Y","S426Y",-0.170137963730155
"V",427,"A","V427A",0.0816497576203981
"V",427,"C","V427C",-0.196525118099971
"V",427,"D","V427D",-1.10023612393442
"V",427,"E","V427E",-0.342753478683942
"V",427,"F","V427F",-0.000174165418008564
"V",427,"G","V427G",-0.423811154025291
"V",427,"H","V427H",-0.0433416709480937
"V",427,"I","V427I",-0.277833364368891
"V",427,"K","V427K",-1.94701315655398
"V",427,"L","V427L",0.315523042326694
"V",427,"M","V427M",-0.220845131525218
"V",427,"N","V427N",-0.142552735335402
"V",427,"P","V427P",-0.487741202200555
"V",427,"Q","V427Q",-1.42203897449775
"V",427,"R","V427R",-1.20313597646606
"V",427,"S","V427S",-0.245651872800095
"V",427,"T","V427T",-0.37183806572467
"V",427,"W","V427W",0.185254808152313
"V",427,"Y","V427Y",-0.176779923380916
"M",428,"A","M428A",2.31808422654529
"M",428,"C","M428C",0.358299030513878
"M",428,"D","M428D",1.01458208016272
"M",428,"E","M428E",-0.497955791761693
"M",428,"F","M428F",0.21255483589152
"M",428,"G","M428G",0.394624530298687
"M",428,"H","M428H",0.741448668747445
"M",428,"I","M428I",0.511411886692995
"M",428,"K","M428K",-0.2920309300263
"M",428,"L","M428L",0.397133716767793
"M",428,"N","M428N",0.330942855814015
"M",428,"P","M428P",0.637563505194784
"M",428,"Q","M428Q",0.406478252423813
"M",428,"R","M428R",-0.327230132638241
"M",428,"S","M428S",0.200679342734012
"M",428,"T","M428T",-0.100370166446988
"M",428,"V","M428V",0.210415592413871
"M",428,"W","M428W",1.0184726059797
"M",428,"Y","M428Y",0.376484872342261
"H",429,"A","H429A",-1.20364943014769
"H",429,"C","H429C",-0.353868282451899
"H",429,"D","H429D",0.137974860625409
"H",429,"E","H429E",-0.923913941633121
"H",429,"F","H429F",-0.104271102176083
"H",429,"G","H429G",1.01463058347657
"H",429,"I","H429I",-3.28164790576544
"H",429,"K","H429K",-3.38351685185457
"H",429,"L","H429L",-3.54323796922361
"H",429,"M","H429M",-0.0128787263598382
"H",429,"N","H429N",0.461393111487121
"H",429,"P","H429P",-2.58430216726107
"H",429,"Q","H429Q",0.334926095543476
"H",429,"R","H429R",-2.35172179596873
"H",429,"S","H429S",1.09806521757455
"H",429,"T","H429T",-0.985905243133178
"H",429,"V","H429V",-1.05737054748744
"H",429,"W","H429W",-3.68311195068269
"H",429,"Y","H429Y",-3.01397424337815
"E",430,"A","E430A",0.78197942510575
"E",430,"C","E430C",-0.870357027188589
"E",430,"D","E430D",0.495556719681046
"E",430,"F","E430F",0.317867412004075
"E",430,"G","E430G",0.907494832947804
"E",430,"H","E430H",-0.563929341849933
"E",430,"I","E430I",0.619113308098483
"E",430,"K","E430K",0.901306584580368
"E",430,"L","E430L",-0.162837017435064
"E",430,"M","E430M",0.781609713325209
"E",430,"N","E430N",0.282028577718853
"E",430,"P","E430P",0.0382604247768234
"E",430,"Q","E430Q",0.11254753522639
"E",430,"R","E430R",0.822463280337207
"E",430,"S","E430S",-0.599615903310312
"E",430,"T","E430T",1.21920248564695
"E",430,"V","E430V",-0.12257072765153
"E",430,"W","E430W",0.169456873839435
"E",430,"Y","E430Y",-0.599553670066122
"L",432,"A","L432A",0.562318197661981
"L",432,"C","L432C",-0.0931091429756993
"L",432,"D","L432D",1.49137691513734
"L",432,"E","L432E",1.33573082502172
"L",432,"F","L432F",-0.812758316284017
"L",432,"G","L432G",0.163582752990351
"L",432,"H","L432H",-0.101086610321791
"L",432,"I","L432I",0.577241158188225
"L",432,"K","L432K",0.315250229645398
"L",432,"M","L432M",-0.526739248990937
"L",432,"N","L432N",-0.180621535123052
"L",432,"P","L432P",0.184744611174017
"L",432,"Q","L432Q",0.54901494300492
"L",432,"R","L432R",-0.134255817564333
"L",432,"S","L432S",-0.0630286648705701
"L",432,"T","L432T",-0.0518508433628009
"L",432,"V","L432V",1.68270513040245
"L",432,"W","L432W",0.22349142416627
"L",432,"Y","L432Y",0.33000860342707
"H",433,"A","H433A",0.450584995642877
"H",433,"C","H433C",0.346608653979193
"H",433,"D","H433D",-0.532208331821585
"H",433,"E","H433E",0.661413264847716
"H",433,"F","H433F",0.539252814838615
"H",433,"G","H433G",0.511507304013936
"H",433,"I","H433I",0.598790283290303
"H",433,"K","H433K",0.606130111487663
"H",433,"L","H433L",-0.266777757809194
"H",433,"M","H433M",0.344755797910471
"H",433,"N","H433N",-0.330304715204002
"H",433,"P","H433P",-0.0324569724455711
"H",433,"Q","H433Q",0.0668561893935977
"H",433,"R","H433R",0.433284057510733
"H",433,"S","H433S",0.0881141591596664
"H",433,"T","H433T",0.498572959668713
"H",433,"V","H433V",-0.0823756181574156
"H",433,"W","H433W",1.33939919156727
"H",433,"Y","H433Y",-0.0882884940570868
"N",434,"A","N434A",0.129658847854508
"N",434,"C","N434C",0.602807121696497
"N",434,"D","N434D",0.675624292177161
"N",434,"E","N434E",0.38240429336543
"N",434,"F","N434F",0.777336488867382
"N",434,"G","N434G",1.07214190808136
"N",434,"H","N434H",0.360256509519734
"N",434,"I","N434I",0.145188283209172
"N",434,"K","N434K",-0.00514013668415495
"N",434,"L","N434L",1.07341361773912
"N",434,"P","N434P",0.203158910857004
"N",434,"Q","N434Q",0.386187610004669
"N",434,"R","N434R",-0.0798006806488436
"N",434,"S","N434S",0.187485707665652
"N",434,"T","N434T",0.130514810006742
"N",434,"W","N434W",0.78135887649634
"N",434,"Y","N434Y",0.404857661186664
"H",435,"A","H435A",-0.376890993729195
"H",435,"C","H435C",-0.557341397158688
"H",435,"D","H435D",-0.73120810705163
"H",435,"E","H435E",-0.603035145433638
"H",435,"F","H435F",1.52020507493154
"H",435,"G","H435G",-0.619603934819794
"H",435,"I","H435I",-0.643966835084059
"H",435,"K","H435K",-0.0212639626449571
"H",435,"L","H435L",-0.14485309895786
"H",435,"M","H435M",-0.187547325065603
"H",435,"N","H435N",-0.744778020219576
"H",435,"P","H435P",0.160991613041494
"H",435,"Q","H435Q",0.100218810409822
"H",435,"R","H435R",0.259542599613242
"H",435,"S","H435S",-0.988536465810563
"H",435,"T","H435T",0.116872208482557
"H",435,"V","H435V",0.00730291612773324
"H",435,"W","H435W",-0.479287039278151
"H",435,"Y","H435Y",0.183165059543306
"Y",436,"A","Y436A",0.421337957050967
"Y",436,"C","Y436C",-0.217146406166758
"Y",436,"D","Y436D",0.773716875541272
"Y",436,"E","Y436E",0.304804856323855
"Y",436,"F","Y436F",1.0054924200528
"Y",436,"G","Y436G",0.665738565367211
"Y",436,"H","Y436H",-0.423601665127371
"Y",436,"I","Y436I",0.207644831072165
"Y",436,"K","Y436K",-0.412708070273671
"Y",436,"L","Y436L",0.398310735721159
"Y",436,"M","Y436M",-0.0192892395749033
"Y",436,"N","Y436N",-0.10392640214584
"Y",436,"P","Y436P",-0.710331994159612
"Y",436,"Q","Y436Q",0.124471526990484
"Y",436,"R","Y436R",0.220640874543518
"Y",436,"S","Y436S",0.812247022064714
"Y",436,"T","Y436T",0.321586915730921
"Y",436,"V","Y436V",0.0502325033036333
"Y",436,"W","Y436W",-0.211561119560642
"T",437,"A","T437A",0.973091502179615
"T",437,"C","T437C",-0.0323766768396461
"T",437,"D","T437D",0.725737810686346
"T",437,"E","T437E",1.32586322999425
"T",437,"F","T437F",-0.384392643863148
"T",437,"G","T437G",-0.107024726319555
"T",437,"H","T437H",-0.729154571125541
"T",437,"I","T437I",-0.0403086056862453
"T",437,"K","T437K",1.4120042008987
"T",437,"L","T437L",0.164163321336468
"T",437,"M","T437M",0.222887858432544
"T",437,"N","T437N",-0.700864043555814
"T",437,"P","T437P",-0.0714169583047066
"T",437,"Q","T437Q",0.363724920125859
"T",437,"R","T437R",-0.0184446872507581
"T",437,"S","T437S",-0.790740009512696
"T",437,"V","T437V",-0.0790163349830184
"T",437,"W","T437W",0.0413259493640354
"T",437,"Y","T437Y",0.338539334151944
"Q",438,"A","Q438A",-0.459480549146558
"Q",438,"C","Q438C",-0.87563239735337
"Q",438,"D","Q438D",0.218588973471899
"Q",438,"E","Q438E",0.303207697462864
"Q",438,"F","Q438F",0.844527191772618
"Q",438,"G","Q438G",0.414392221876083
"Q",438,"H","Q438H",-0.202498544412198
"Q",438,"I","Q438I",-0.389513515312135
"Q",438,"K","Q438K",1.13625580423678
"Q",438,"L","Q438L",-0.672569371732895
"Q",438,"M","Q438M",0.106596012135802
"Q",438,"N","Q438N",1.04906509764015
"Q",438,"P","Q438P",0.246423115805568
"Q",438,"R","Q438R",1.14466240043288
"Q",438,"S","Q438S",0.343391285195324
"Q",438,"T","Q438T",0.855028194516556
"Q",438,"V","Q438V",-0.48332062631938
"Q",438,"W","Q438W",0.394098222293756
"Q",438,"Y","Q438Y",-0.3812624742963
"K",439,"A","K439A",0.282428964792867
"K",439,"C","K439C",-0.370624730530954
"K",439,"D","K439D",0.487414495092645
"K",439,"E","K439E",-0.99338322545205
"K",439,"F","K439F",-0.0508979713173101
"K",439,"G","K439G",-0.378705297638439
"K",439,"H","K439H",0.294561358532132
"K",439,"I","K439I",1.43071865279271
"K",439,"L","K439L",0.362911454504943
"K",439,"M","K439M",-0.00593543087340652
"K",439,"N","K439N",0.649216930040938
"K",439,"P","K439P",1.10142223361131
"K",439,"Q","K439Q",0.143088535009509
"K",439,"R","K439R",1.22500219067035
"K",439,"S","K439S",-0.370019896624316
"K",439,"T","K439T",1.68266628043557
"K",439,"V","K439V",-0.0540968099135908
"K",439,"W","K439W",0.347604030434707
"K",439,"Y","K439Y",-0.0815946591587569
"S",440,"A","S440A",-0.168458731944372
"S",440,"C","S440C",-0.208810052698933
"S",440,"D","S440D",-0.637503207953722
"S",440,"E","S440E",-0.465297716331147
"S",440,"F","S440F",1.06134190344576
"S",440,"G","S440G",-0.653078277152747
"S",440,"H","S440H",-1.10170337604386
"S",440,"I","S440I",2.00974274422142
"S",440,"K","S440K",0.731665790917693
"S",440,"L","S440L",0.112915226177634
"S",440,"M","S440M",0.734374191467122
"S",440,"N","S440N",0.430501441416027
"S",440,"P","S440P",0.271107964112982
"S",440,"Q","S440Q",0.3473332907994
"S",440,"R","S440R",-0.39809496322909
"S",440,"T","S440T",0.44647863323445
"S",440,"V","S440V",0.510831001673021
"S",440,"W","S440W",0.111041843620769
"S",440,"Y","S440Y",0.378297277652233
"L",441,"A","L441A",0.882656784666527
"L",441,"C","L441C",0.00606560635374834
"L",441,"D","L441D",0.316942965762413
"L",441,"E","L441E",0.613956470770965
"L",441,"F","L441F",0.847991237117907
"L",441,"G","L441G",0.212534782711409
"L",441,"H","L441H",0.481348434124754
"L",441,"I","L441I",-0.342428986693724
"L",441,"K","L441K",-0.494661721340182
"L",441,"M","L441M",0.895620750645061
"L",441,"N","L441N",-0.677716589154281
"L",441,"P","L441P",0.797022198684347
"L",441,"Q","L441Q",-0.353149857453513
"L",441,"R","L441R",0.220447532957628
"L",441,"S","L441S",1.03395156546222
"L",441,"T","L441T",-0.149158075797934
"L",441,"V","L441V",0.301251004806043
"L",441,"W","L441W",0.544041450291432
"L",441,"Y","L441Y",0.431088180997985
"S",442,"A","S442A",-0.535403219724151
"S",442,"C","S442C",-0.923274666483833
"S",442,"D","S442D",0.292025963637108
"S",442,"E","S442E",-0.023519907159158
"S",442,"F","S442F",0.0791655973090295
"S",442,"G","S442G",0.976778378761622
"S",442,"H","S442H",0.105803731617491
"S",442,"I","S442I",0.52294912622428
"S",442,"K","S442K",0.128092207296883
"S",442,"L","S442L",0.240438353295763
"S",442,"M","S442M",-0.0392087771381365
"S",442,"N","S442N",0.641621582483226
"S",442,"P","S442P",0.0570606674022169
"S",442,"Q","S442Q",0.406762136283873
"S",442,"R","S442R",0.10287529763954
"S",442,"T","S442T",0.225336008453088
"S",442,"V","S442V",0.779803333163405
"S",442,"W","S442W",0.0775939721312627
"S",442,"Y","S442Y",-0.219944643357634
"L",443,"A","L443A",0.229008917296979
"L",443,"C","L443C",0.241796367093188
"L",443,"D","L443D",0.401102611068469
"L",443,"E","L443E",0.551813478487927
"L",443,"F","L443F",0.403918678585258
"L",443,"G","L443G",0.225891875375685
"L",443,"H","L443H",0.735772380731248
"L",443,"I","L443I",0.608461422441406
"L",443,"K","L443K",0.288517472727419
"L",443,"M","L443M",1.14082184732533
"L",443,"N","L443N",0.143797955378345
"L",443,"P","L443P",0.145983063449983
"L",443,"Q","L443Q",0.262259650040781
"L",443,"R","L443R",-0.241675161699103
"L",443,"S","L443S",0.231940229289246
"L",443,"T","L443T",0.842379835667876
"L",443,"V","L443V",0.546812262244707
"L",443,"W","L443W",0.307855977612491
"L",443,"Y","L443Y",0.412770760368447
"S",444,"A","S444A",0.051933186978079
"S",444,"C","S444C",0.954667147542995
"S",444,"D","S444D",0.255627342567309
"S",444,"E","S444E",-0.29721481515521
"S",444,"F","S444F",0.299426419127964
"S",444,"G","S444G",1.14834309858911
"S",444,"H","S444H",0.804272666592898
"S",444,"I","S444I",-0.279713483684043
"S",444,"K","S444K",-0.111843215927267
"S",444,"L","S444L",-0.215973158466959
"S",444,"M","S444M",0.0361381988137712
"S",444,"N","S444N",0.396594187519768
"S",444,"P","S444P",-0.607028193882896
"S",444,"Q","S444Q",-0.620755595669829
"S",444,"R","S444R",-0.151073013768348
"S",444,"T","S444T",0.0954604247963938
"S",444,"V","S444V",-0.242990510070408
"S",444,"W","S444W",-0.06604106783408
"S",444,"Y","S444Y",-0.304001866805311
"P",445,"A","P445A",-0.396370678939496
"P",445,"C","P445C",0.71816824390558
"P",445,"D","P445D",0.610143257629833
"P",445,"E","P445E",-0.419024184420111
"P",445,"F","P445F",0.295502451625634
"P",445,"G","P445G",-0.0432469523826431
"P",445,"H","P445H",0.239926055350403
"P",445,"I","P445I",0.280413549531642
"P",445,"K","P445K",0.344573010717515
"P",445,"L","P445L",0.256734074890254
"P",445,"M","P445M",-0.300047840729425
"P",445,"N","P445N",0.142039727909591
"P",445,"Q","P445Q",0.120194528554308
"P",445,"R","P445R",0.122267196037523
"P",445,"S","P445S",0.720145013788816
"P",445,"V","P445V",0.651111278789448
"P",445,"W","P445W",-0.169550799560642
"P",445,"Y","P445Y",0.560515816389053
"G",446,"A","G446A",-0.6266238761786
"G",446,"C","G446C",-0.461008595654457
"G",446,"D","G446D",-0.403864952258107
"G",446,"E","G446E",0.148214045087986
"G",446,"F","G446F",-0.392317496591772
"G",446,"H","G446H",0.344865011717365
"G",446,"I","G446I",0.923532524654103
"G",446,"K","G446K",0.0337472052422549
"G",446,"L","G446L",-0.480704501539242
"G",446,"M","G446M",-0.00221668168836663
"G",446,"N","G446N",-0.367543250119999
"G",446,"P","G446P",-1.08735290989809
"G",446,"Q","G446Q",1.02436713586657
"G",446,"R","G446R",0.0411083529323093
"G",446,"S","G446S",0.223739757813703
"G",446,"T","G446T",0.251760379089012
"G",446,"V","G446V",0.539007043206854
"G",446,"W","G446W",-0.297158406825528
"G",446,"Y","G446Y",0.130196711538359
"K",447,"A","K447A",1.05820337666995
"K",447,"C","K447C",0.759072729959325
"K",447,"D","K447D",0.306248394504807
"K",447,"E","K447E",0.432549709243024
"K",447,"F","K447F",0.907028311943853
"K",447,"G","K447G",0.907826864555802
"K",447,"H","K447H",0.562986573633828
"K",447,"I","K447I",0.459295474878227
"K",447,"L","K447L",0.134151224879254
"K",447,"M","K447M",0.408780110542297
"K",447,"N","K447N",1.23586354822387
"K",447,"P","K447P",0.724562638358519
"K",447,"Q","K447Q",0.608884008748762
"K",447,"R","K447R",0.760794677657291
"K",447,"S","K447S",0.0114775579036046
"K",447,"T","K447T",0.405148941727577
"K",447,"V","K447V",0.333326907771473
"K",447,"W","K447W",0.598644896475487
"K",447,"Y","K447Y",0.217167763897554
