"wildtype","site","mutation","name","scaledscore"
"E",216,"A","E216A",0.0465961542784016
"E",216,"C","E216C",-0.728101309327664
"E",216,"D","E216D",0.256543193722058
"E",216,"F","E216F",1.06779894923743
"E",216,"G","E216G",1.01412737069084
"E",216,"H","E216H",0.223542730451921
"E",216,"I","E216I",0.45946498474916
"E",216,"K","E216K",-0.586481699136914
"E",216,"L","E216L",0.668357853035734
"E",216,"M","E216M",-2.36134657374156
"E",216,"N","E216N",-0.363686327143449
"E",216,"P","E216P",-0.135395216148622
"E",216,"Q","E216Q",-1.37131267718696
"E",216,"R","E216R",-0.509757459275824
"E",216,"S","E216S",0.213681260651485
"E",216,"T","E216T",0.161935417438301
"E",216,"V","E216V",-0.314212465043276
"E",216,"W","E216W",0.602495345646678
"E",216,"Y","E216Y",-0.168376132254918
"P",217,"A","P217A",0.12273678486785
"P",217,"C","P217C",-0.180246327608732
"P",217,"D","P217D",0.574357072785384
"P",217,"E","P217E",0.00293548039662343
"P",217,"F","P217F",0.249258216097603
"P",217,"G","P217G",1.10814996501311
"P",217,"H","P217H",0.262441099710286
"P",217,"I","P217I",-1.64266580550837
"P",217,"K","P217K",-0.021797297481108
"P",217,"L","P217L",-1.19340865032474
"P",217,"M","P217M",0.350028304616213
"P",217,"N","P217N",-0.0409288856604947
"P",217,"Q","P217Q",0.681051776128707
"P",217,"R","P217R",-0.876630394156762
"P",217,"S","P217S",-0.205050161294613
"P",217,"T","P217T",0.123723068577816
"P",217,"V","P217V",-0.918938375625041
"P",217,"W","P217W",-0.147366632402261
"P",217,"Y","P217Y",0.139965782079631
"K",218,"A","K218A",-0.552400705306883
"K",218,"C","K218C",-0.00932815388472467
"K",218,"D","K218D",0.0934291163367579
"K",218,"E","K218E",1.01922593301152
"K",218,"F","K218F",0.466066821470754
"K",218,"G","K218G",-0.685525435718993
"K",218,"H","K218H",0.665683797734917
"K",218,"I","K218I",0.0401474726770009
"K",218,"L","K218L",0.291793076120242
"K",218,"M","K218M",0.061967614541461
"K",218,"N","K218N",0.0573630483146532
"K",218,"P","K218P",0.684376394197046
"K",218,"Q","K218Q",0.0771702108080115
"K",218,"R","K218R",0.725153894070409
"K",218,"S","K218S",0.454894096486962
"K",218,"T","K218T",0.664907054707501
"K",218,"V","K218V",0.519504723429683
"K",218,"W","K218W",0.0586750610557132
"K",218,"Y","K218Y",0.290733561279934
"S",219,"A","S219A",-0.168390809709971
"S",219,"C","S219C",0.422821371326792
"S",219,"D","S219D",-0.049310724408662
"S",219,"E","S219E",0.0154166990288263
"S",219,"F","S219F",-0.761589284445449
"S",219,"G","S219G",-0.232257323648282
"S",219,"H","S219H",-0.833746570381736
"S",219,"I","S219I",-0.691153552564377
"S",219,"K","S219K",1.01667424269289
"S",219,"L","S219L",-1.19860376622837
"S",219,"M","S219M",-0.226581780142689
"S",219,"N","S219N",0.259021504975684
"S",219,"P","S219P",-0.791717668851367
"S",219,"Q","S219Q",1.63007712016529
"S",219,"R","S219R",0.664315317365843
"S",219,"T","S219T",0.0659869323598773
"S",219,"V","S219V",0.562986087703634
"S",219,"W","S219W",1.32679854093593
"S",219,"Y","S219Y",-0.0759712508816368
"C",220,"A","C220A",0.108810127717236
"C",220,"D","C220D",0.427311164406042
"C",220,"E","C220E",0.408698821677762
"C",220,"F","C220F",-0.725896902828208
"C",220,"G","C220G",0.0793530080941861
"C",220,"H","C220H",-0.225004974074865
"C",220,"I","C220I",2.21479598544711
"C",220,"K","C220K",1.14551474865574
"C",220,"L","C220L",-0.838671576364074
"C",220,"M","C220M",0.700042304041861
"C",220,"N","C220N",-1.31197729065015
"C",220,"P","C220P",0.294458866851018
"C",220,"Q","C220Q",0.295717938887942
"C",220,"R","C220R",-1.05417404175609
"C",220,"S","C220S",-0.252232158343147
"C",220,"T","C220T",-3.48443621097116
"C",220,"V","C220V",-0.403352191515871
"C",220,"W","C220W",0.212402527644601
"C",220,"Y","C220Y",-0.288782903663925
"D",221,"A","D221A",0.565073152121591
"D",221,"C","D221C",0.0298338910342613
"D",221,"E","D221E",-0.660217439998845
"D",221,"F","D221F",-0.115083144294464
"D",221,"G","D221G",0.19780001434388
"D",221,"H","D221H",-0.650046425874041
"D",221,"I","D221I",1.12186482856969
"D",221,"K","D221K",-0.685367884002823
"D",221,"L","D221L",-1.33125041171337
"D",221,"M","D221M",-0.898948230260888
"D",221,"N","D221N",0.439248837592525
"D",221,"P","D221P",0.0676625823616625
"D",221,"Q","D221Q",1.45388471524739
"D",221,"R","D221R",-0.688414187692906
"D",221,"S","D221S",-0.0732699124246199
"D",221,"T","D221T",0.186698756878296
"D",221,"V","D221V",-0.671747243014861
"D",221,"W","D221W",0.365289936291426
"D",221,"Y","D221Y",-0.6493955363333
"K",222,"A","K222A",-0.579662002230963
"K",222,"C","K222C",-0.541192901121729
"K",222,"D","K222D",-0.345976562803585
"K",222,"E","K222E",0.105615671008701
"K",222,"F","K222F",-1.11014250593851
"K",222,"G","K222G",0.440346142863593
"K",222,"H","K222H",-0.52732196404365
"K",222,"I","K222I",1.20772398494176
"K",222,"L","K222L",0.77812335194799
"K",222,"M","K222M",0.311270792336089
"K",222,"N","K222N",-0.937135561678448
"K",222,"P","K222P",-0.144866122673732
"K",222,"Q","K222Q",-0.809790405142784
"K",222,"R","K222R",-1.00959019643128
"K",222,"S","K222S",-0.147782718531065
"K",222,"T","K222T",1.62333170053403
"K",222,"V","K222V",0.552437279947453
"K",222,"W","K222W",0.002110097785254
"K",222,"Y","K222Y",-0.144861637687847
"T",223,"A","T223A",1.19842449002991
"T",223,"C","T223C",0.811636729251984
"T",223,"D","T223D",-0.101777895159909
"T",223,"E","T223E",0.555395002691438
"T",223,"F","T223F",0.728343058882444
"T",223,"G","T223G",-0.0921865315241638
"T",223,"H","T223H",0.371144433808382
"T",223,"I","T223I",-0.674281389403003
"T",223,"K","T223K",-0.196803484786612
"T",223,"L","T223L",0.580552623455197
"T",223,"M","T223M",-0.00552352168135569
"T",223,"N","T223N",0.219007977727484
"T",223,"P","T223P",-0.0338034444184344
"T",223,"Q","T223Q",2.18378705506693
"T",223,"R","T223R",-0.209494322312001
"T",223,"S","T223S",0.750607204338241
"T",223,"V","T223V",0.942548840832482
"T",223,"W","T223W",-0.593761411787002
"T",223,"Y","T223Y",-1.18176245037994
"H",224,"A","H224A",0.705701672910537
"H",224,"C","H224C",1.10373057487982
"H",224,"D","H224D",-0.414730807964583
"H",224,"E","H224E",-1.21263578225597
"H",224,"F","H224F",0.260452058171306
"H",224,"G","H224G",-0.0399510132766068
"H",224,"I","H224I",-1.70129497331969
"H",224,"K","H224K",-0.0105041739366483
"H",224,"L","H224L",0.437526228306889
"H",224,"M","H224M",-0.160023751983519
"H",224,"N","H224N",-0.130851176989816
"H",224,"P","H224P",0.14872591453307
"H",224,"Q","H224Q",-0.302658446551223
"H",224,"R","H224R",0.807524782030902
"H",224,"S","H224S",1.80175009730372
"H",224,"T","H224T",-0.301214790340744
"H",224,"V","H224V",-1.18004423963014
"H",224,"W","H224W",-0.51042374156188
"H",224,"Y","H224Y",0.489808378269962
"T",225,"A","T225A",0.50722166352292
"T",225,"C","T225C",0.543424875159117
"T",225,"D","T225D",0.38849760195426
"T",225,"E","T225E",1.52368014291972
"T",225,"F","T225F",0.165494633511568
"T",225,"G","T225G",-1.62399663833301
"T",225,"H","T225H",1.14213110255815
"T",225,"I","T225I",-0.0516413764079349
"T",225,"K","T225K",-0.370706458750936
"T",225,"L","T225L",-0.369742440331324
"T",225,"M","T225M",-0.372870798080851
"T",225,"N","T225N",0.0116656009582628
"T",225,"P","T225P",-0.338537273074893
"T",225,"Q","T225Q",-1.59303848891876
"T",225,"S","T225S",1.53124010029433
"T",225,"V","T225V",-1.59136819396948
"T",225,"W","T225W",0.335913717944266
"T",225,"Y","T225Y",-0.0228407049157343
"C",226,"A","C226A",0.876213250562004
"C",226,"D","C226D",0.608157464716661
"C",226,"E","C226E",1.00186084200105
"C",226,"F","C226F",0.678456778433545
"C",226,"G","C226G",2.31403758933864
"C",226,"H","C226H",-1.05411269998028
"C",226,"I","C226I",-0.189323055306249
"C",226,"K","C226K",0.315351248873933
"C",226,"L","C226L",0.0665284131426575
"C",226,"M","C226M",0.00249393805914888
"C",226,"N","C226N",0.629325831854345
"C",226,"P","C226P",0.0851860154866266
"C",226,"Q","C226Q",0.153986668158414
"C",226,"R","C226R",-0.726525987789725
"C",226,"S","C226S",0.255834808425601
"C",226,"T","C226T",-0.29334105017003
"C",226,"V","C226V",-0.414326717404176
"C",226,"W","C226W",0.801784438478787
"C",226,"Y","C226Y",-0.608379006157156
"P",227,"A","P227A",0.316170941353121
"P",227,"C","P227C",0.404753792156761
"P",227,"D","P227D",2.72256528620958
"P",227,"E","P227E",-0.141575205253909
"P",227,"F","P227F",0.475977010381697
"P",227,"G","P227G",0.250846077174395
"P",227,"H","P227H",0.063681812483982
"P",227,"I","P227I",0.824117919780907
"P",227,"K","P227K",1.04504173008482
"P",227,"L","P227L",0.45179870535709
"P",227,"M","P227M",-0.656905182715982
"P",227,"N","P227N",0.677080352621494
"P",227,"Q","P227Q",-0.106006820345191
"P",227,"R","P227R",0.655546196154318
"P",227,"S","P227S",-0.401047576489393
"P",227,"T","P227T",-0.162225422298372
"P",227,"V","P227V",-0.343764662802947
"P",227,"W","P227W",-0.0732878658927858
"P",227,"Y","P227Y",-0.136502594973384
"P",228,"A","P228A",-0.0965940716328604
"P",228,"C","P228C",0.334473798717405
"P",228,"D","P228D",-0.0807766076655041
"P",228,"E","P228E",0.356796893735257
"P",228,"F","P228F",0.657722838427192
"P",228,"G","P228G",-0.876721576150097
"P",228,"H","P228H",1.3484118457923
"P",228,"I","P228I",-0.612428240965373
"P",228,"K","P228K",1.57623051888011
"P",228,"L","P228L",1.19704785006913
"P",228,"M","P228M",-0.830119342016329
"P",228,"N","P228N",0.0883197048253042
"P",228,"Q","P228Q",-0.716231987725543
"P",228,"R","P228R",-0.673662981867254
"P",228,"S","P228S",0.264923734054187
"P",228,"T","P228T",-0.322897056655477
"P",228,"V","P228V",0.127384745895419
"P",228,"W","P228W",0.258558533965158
"P",228,"Y","P228Y",-0.093719865853898
"C",229,"A","C229A",0.124467850032629
"C",229,"D","C229D",-0.756291286837687
"C",229,"E","C229E",-1.02701869999555
"C",229,"F","C229F",-0.971354422050492
"C",229,"G","C229G",-0.0263279796033503
"C",229,"H","C229H",0.619493002454543
"C",229,"I","C229I",-0.619457409039226
"C",229,"K","C229K",0.185021471712567
"C",229,"L","C229L",0.439608337114879
"C",229,"M","C229M",0.395762681049276
"C",229,"N","C229N",-0.141319028700102
"C",229,"P","C229P",0.719841722695381
"C",229,"Q","C229Q",0.526242825167004
"C",229,"R","C229R",-0.460362280251001
"C",229,"S","C229S",-0.979508243578852
"C",229,"T","C229T",-1.82114127753563
"C",229,"V","C229V",-0.43804284143454
"C",229,"W","C229W",0.0558642152977969
"C",229,"Y","C229Y",-0.384491511084663
"P",230,"A","P230A",-0.436594082603286
"P",230,"C","P230C",0.240196507240236
"P",230,"D","P230D",0.477314326103446
"P",230,"E","P230E",0.165987087141718
"P",230,"F","P230F",-1.00111413457534
"P",230,"G","P230G",0.108387732697444
"P",230,"H","P230H",-0.186354634291505
"P",230,"I","P230I",0.149770926035383
"P",230,"K","P230K",-0.166701739378946
"P",230,"L","P230L",-0.0491010692496073
"P",230,"M","P230M",-0.605378222142343
"P",230,"N","P230N",1.2870939370048
"P",230,"Q","P230Q",-0.957141426286357
"P",230,"R","P230R",0.195118383597884
"P",230,"S","P230S",0.169087544973354
"P",230,"T","P230T",-0.27871893197385
"P",230,"V","P230V",0.586915287803036
"P",230,"W","P230W",-1.36787853283386
"P",230,"Y","P230Y",0.486912277632524
"A",231,"C","A231C",0.422765299426064
"A",231,"D","A231D",2.82788855279984
"A",231,"E","A231E",1.43280291761713
"A",231,"F","A231F",0.353738463904391
"A",231,"G","A231G",0.266939798159767
"A",231,"H","A231H",-2.7144925576197
"A",231,"I","A231I",0.485332969058995
"A",231,"K","A231K",-0.777132166288613
"A",231,"L","A231L",2.05073091437893
"A",231,"M","A231M",-0.714336760250928
"A",231,"N","A231N",0.363149953473358
"A",231,"P","A231P",1.36137746223019
"A",231,"Q","A231Q",-0.60125666035
"A",231,"R","A231R",0.163567479210082
"A",231,"S","A231S",0.134170625462956
"A",231,"T","A231T",-0.124582863592109
"A",231,"V","A231V",-0.49061825808419
"A",231,"W","A231W",0.0848081248525292
"A",231,"Y","A231Y",-1.74665070695437
"P",232,"A","P232A",0.542318322815447
"P",232,"C","P232C",-0.216612104991001
"P",232,"D","P232D",0.697269501510941
"P",232,"E","P232E",0.0910999414319964
"P",232,"F","P232F",1.1392211618733
"P",232,"G","P232G",0.176789081969538
"P",232,"H","P232H",1.01010201802623
"P",232,"I","P232I",0.0696250393279856
"P",232,"K","P232K",-2.23866229606192
"P",232,"L","P232L",1.14418928657525
"P",232,"M","P232M",0.0355119268243558
"P",232,"N","P232N",0.187288821723565
"P",232,"Q","P232Q",-0.831435099467786
"P",232,"R","P232R",-0.963464835419606
"P",232,"S","P232S",0.410935051059015
"P",232,"T","P232T",0.111651491658938
"P",232,"V","P232V",-0.0747833026130934
"P",232,"W","P232W",-0.61120087591091
"P",232,"Y","P232Y",-0.093215998232256
"E",233,"A","E233A",-1.06919651749579
"E",233,"C","E233C",0.878430833563514
"E",233,"D","E233D",0.325320499521576
"E",233,"F","E233F",-0.82819703354761
"E",233,"G","E233G",-1.93366581495024
"E",233,"H","E233H",-1.32031512509128
"E",233,"I","E233I",-1.56883004477449
"E",233,"K","E233K",-1.76636779588293
"E",233,"L","E233L",-0.88403141029526
"E",233,"M","E233M",-0.830027822426379
"E",233,"N","E233N",-1.4616540635283
"E",233,"P","E233P",-0.555008124663454
"E",233,"Q","E233Q",-0.240111445111948
"E",233,"R","E233R",-0.265620865832054
"E",233,"S","E233S",-0.267975004146231
"E",233,"T","E233T",-1.46815922064752
"E",233,"V","E233V",-0.0931363944321411
"E",233,"W","E233W",-2.60065296478193
"E",233,"Y","E233Y",-0.665649880856378
"L",234,"A","L234A",-1.17242438485916
"L",234,"C","L234C",-0.418732376618753
"L",234,"D","L234D",1.69114530644676
"L",234,"E","L234E",1.53423877081679
"L",234,"F","L234F",1.20229885085759
"L",234,"G","L234G",-2.33158654986856
"L",234,"H","L234H",-0.0804012176925318
"L",234,"I","L234I",-0.505402213960845
"L",234,"K","L234K",-3.31101504139414
"L",234,"M","L234M",-0.232906927248063
"L",234,"N","L234N",0.783761354557042
"L",234,"P","L234P",-0.00692176120524187
"L",234,"Q","L234Q",0.436350013395951
"L",234,"R","L234R",1.01797805862384
"L",234,"S","L234S",0.620145331423048
"L",234,"T","L234T",0.0919249987084435
"L",234,"W","L234W",0.0106908931383051
"L",234,"Y","L234Y",-1.24190770293048
"L",235,"A","L235A",-0.874691780523751
"L",235,"C","L235C",2.9880251888813
"L",235,"D","L235D",1.23687227909399
"L",235,"E","L235E",0.233395716053668
"L",235,"F","L235F",2.77122581134932
"L",235,"G","L235G",-3.00216277248034
"L",235,"H","L235H",-1.28597399064792
"L",235,"I","L235I",0.420788605686835
"L",235,"K","L235K",-1.17104971025795
"L",235,"M","L235M",-0.235823166234523
"L",235,"N","L235N",-0.956179377166383
"L",235,"P","L235P",0.698912436688968
"L",235,"Q","L235Q",-0.791697548826822
"L",235,"R","L235R",-1.58053185238333
"L",235,"S","L235S",-0.0806585243938994
"L",235,"T","L235T",0.741533483946205
"L",235,"V","L235V",0.0666376967707321
"L",235,"W","L235W",-0.580339840426994
"L",235,"Y","L235Y",2.87660255842212
"G",236,"A","G236A",-0.388532719949863
"G",236,"C","G236C",-2.02083625087452
"G",236,"D","G236D",0.182868520779581
"G",236,"E","G236E",-0.542552062521952
"G",236,"F","G236F",-1.96855193956197
"G",236,"H","G236H",-0.48246735593986
"G",236,"I","G236I",0.636117127193049
"G",236,"K","G236K",-0.19267062059692
"G",236,"L","G236L",-2.68931262479323
"G",236,"M","G236M",-0.720635300519487
"G",236,"N","G236N",-0.614717864608327
"G",236,"P","G236P",-3.2960676393957
"G",236,"Q","G236Q",-2.45403643182472
"G",236,"R","G236R",0.449543001863748
"G",236,"S","G236S",0.789895221170704
"G",236,"T","G236T",0.064628444974582
"G",236,"V","G236V",-1.61020764260003
"G",236,"W","G236W",-1.46633972567662
"G",236,"Y","G236Y",1.70621005446832
"G",237,"A","G237A",0.288632356458682
"G",237,"C","G237C",-1.83785536969996
"G",237,"D","G237D",-1.10652535423951
"G",237,"E","G237E",-2.38079855014463
"G",237,"F","G237F",-2.83863270549563
"G",237,"H","G237H",-2.40341580531166
"G",237,"I","G237I",-0.423772589122882
"G",237,"K","G237K",1.89397253401594
"G",237,"L","G237L",-1.72693328838587
"G",237,"M","G237M",1.1432270223074
"G",237,"N","G237N",-0.245284979218915
"G",237,"P","G237P",-1.05463029763307
"G",237,"Q","G237Q",0.699540590942884
"G",237,"R","G237R",-0.557671782773526
"G",237,"S","G237S",-0.865674051979171
"G",237,"T","G237T",-1.03905853480485
"G",237,"V","G237V",-1.19336821411478
"G",237,"W","G237W",1.10578676449025
"G",237,"Y","G237Y",-0.762587972937579
"P",238,"A","P238A",-0.637394296384332
"P",238,"C","P238C",-2.26606202515704
"P",238,"D","P238D",-0.921278183291892
"P",238,"E","P238E",-1.88458075632385
"P",238,"F","P238F",0.869226128140337
"P",238,"G","P238G",-1.31525651574155
"P",238,"H","P238H",1.33082002469792
"P",238,"I","P238I",-1.45299406893985
"P",238,"K","P238K",0.0934275726113807
"P",238,"L","P238L",-1.09656277088478
"P",238,"M","P238M",-0.37124324316706
"P",238,"N","P238N",-1.39030958499413
"P",238,"Q","P238Q",-0.587322009694779
"P",238,"R","P238R",-1.11345857452901
"P",238,"S","P238S",-0.340120075033995
"P",238,"T","P238T",-3.34964749677135
"P",238,"V","P238V",-2.00292509875523
"P",238,"W","P238W",1.28358872815584
"P",238,"Y","P238Y",-1.06374731485204
"S",239,"A","S239A",0.149998083966957
"S",239,"C","S239C",-0.935086490405658
"S",239,"D","S239D",-7.71069593603332
"S",239,"E","S239E",0.190243465205036
"S",239,"F","S239F",0.252471169578412
"S",239,"G","S239G",-1.07693666447458
"S",239,"H","S239H",0.748430897172954
"S",239,"I","S239I",0.356694420963246
"S",239,"K","S239K",0.25093261888713
"S",239,"L","S239L",0.600638889518263
"S",239,"M","S239M",-0.664658620729457
"S",239,"N","S239N",-1.00382188917255
"S",239,"P","S239P",-1.1896777105205
"S",239,"Q","S239Q",-0.31300084792474
"S",239,"R","S239R",-1.61501264345498
"S",239,"T","S239T",-0.879451037138588
"S",239,"V","S239V",0.128962319771462
"S",239,"W","S239W",1.38059891012773
"S",239,"Y","S239Y",0.348291809900167
"V",240,"A","V240A",0.513935121087795
"V",240,"C","V240C",-0.0833502176350913
"V",240,"D","V240D",1.13966510616231
"V",240,"E","V240E",-0.155354034411524
"V",240,"F","V240F",-0.0221084999163294
"V",240,"G","V240G",1.12675418433712
"V",240,"H","V240H",2.68424510370564
"V",240,"I","V240I",0.010183358696966
"V",240,"K","V240K",0.959065694836145
"V",240,"L","V240L",-0.316771179326969
"V",240,"M","V240M",0.233238902335387
"V",240,"N","V240N",0.404731788003011
"V",240,"P","V240P",-1.25283177156664
"V",240,"Q","V240Q",3.42837209684368
"V",240,"R","V240R",0.391470875512407
"V",240,"S","V240S",0.34792843367402
"V",240,"T","V240T",-0.372834765539562
"V",240,"W","V240W",-0.853590892204602
"V",240,"Y","V240Y",-1.06981635309778
"F",241,"A","F241A",0.787081189897881
"F",241,"C","F241C",0.39039655417255
"F",241,"D","F241D",-0.0938676676245564
"F",241,"E","F241E",0.224114079134444
"F",241,"G","F241G",0.330684335851359
"F",241,"H","F241H",-0.00424100985897018
"F",241,"I","F241I",0.0871678865526643
"F",241,"K","F241K",-0.320977046275971
"F",241,"L","F241L",-2.15912363347288
"F",241,"M","F241M",-0.21079518960446
"F",241,"N","F241N",-0.528988386335898
"F",241,"P","F241P",-2.28031238144069
"F",241,"Q","F241Q",-0.754374584305869
"F",241,"R","F241R",-2.01322447251049
"F",241,"S","F241S",-0.94289214715634
"F",241,"T","F241T",-0.370020794809908
"F",241,"V","F241V",-1.10177206878865
"F",241,"W","F241W",-0.0738821523687625
"F",241,"Y","F241Y",0.765722773779775
"L",242,"F","L242F",1.35204960792791
"F",243,"A","F243A",0.474415707827542
"F",243,"C","F243C",-1.50131437030674
"F",243,"D","F243D",-0.473187569779212
"F",243,"E","F243E",0.48848622624533
"F",243,"H","F243H",-0.155317763267977
"F",243,"I","F243I",0.579788175099895
"F",243,"K","F243K",1.39802004830502
"F",243,"L","F243L",0.122156490441103
"F",243,"M","F243M",0.21470207988506
"F",243,"N","F243N",0.653996909014727
"F",243,"P","F243P",-0.277280470209313
"F",243,"Q","F243Q",-0.470420993485297
"F",243,"R","F243R",-0.789682345390101
"F",243,"S","F243S",1.34162550282619
"F",243,"T","F243T",-0.237266916473687
"F",243,"V","F243V",0.230285812614695
"F",243,"W","F243W",1.47748710752577
"F",243,"Y","F243Y",1.42126795222358
"P",244,"A","P244A",-0.810967439744043
"P",244,"C","P244C",-0.00146907274164222
"P",244,"D","P244D",0.0770535691654649
"P",244,"E","P244E",0.347583030360256
"P",244,"F","P244F",1.63915283080442
"P",244,"G","P244G",0.290993446310695
"P",244,"H","P244H",0.130679234914771
"P",244,"I","P244I",0.19189320496106
"P",244,"K","P244K",0.416283582444067
"P",244,"L","P244L",-0.366083310617138
"P",244,"M","P244M",1.41049846643344
"P",244,"N","P244N",0.233354606599167
"P",244,"Q","P244Q",-0.251299665245195
"P",244,"R","P244R",-0.610291395219452
"P",244,"S","P244S",-0.000236453232233795
"P",244,"T","P244T",-0.0807932599730432
"P",244,"V","P244V",-0.273866136200817
"P",244,"W","P244W",1.25446424386383
"P",244,"Y","P244Y",1.24494809932524
"P",245,"A","P245A",-0.614867273132338
"P",245,"C","P245C",0.471845966259149
"P",245,"D","P245D",-0.686249329030308
"P",245,"E","P245E",0.311005038252626
"P",245,"F","P245F",-0.395921823540642
"P",245,"G","P245G",-0.170347472358868
"P",245,"H","P245H",0.45099062173913
"P",245,"I","P245I",1.34515800277736
"P",245,"K","P245K",-0.728209320743757
"P",245,"L","P245L",-0.964538155839036
"P",245,"M","P245M",-0.0794412022377061
"P",245,"N","P245N",0.396744959747874
"P",245,"Q","P245Q",-1.3392304908275
"P",245,"R","P245R",0.704747491079355
"P",245,"S","P245S",0.834629039942202
"P",245,"T","P245T",-0.623373892074309
"P",245,"V","P245V",-1.16197476604118
"P",245,"W","P245W",2.52028012059784
"P",245,"Y","P245Y",-0.733171707852194
"K",246,"A","K246A",-0.308833143719701
"K",246,"C","K246C",0.965992676614118
"K",246,"D","K246D",-0.936357662292595
"K",246,"E","K246E",-0.0430094356675848
"K",246,"F","K246F",0.145377844347867
"K",246,"G","K246G",1.3832054581291
"K",246,"H","K246H",0.10881280429145
"K",246,"I","K246I",0.0739231699916459
"K",246,"L","K246L",-0.373758306673925
"K",246,"M","K246M",-0.704708622403861
"K",246,"N","K246N",-0.254102910597557
"K",246,"P","K246P",-0.342970591062047
"K",246,"Q","K246Q",2.31582010804416
"K",246,"R","K246R",-0.0606103931092095
"K",246,"S","K246S",-0.143076668145132
"K",246,"T","K246T",-0.340277476000754
"K",246,"V","K246V",0.583745422858289
"K",246,"W","K246W",-0.130955058800852
"K",246,"Y","K246Y",0.278279164313232
"P",247,"A","P247A",-0.723278568792136
"P",247,"C","P247C",-1.7879711676293
"P",247,"D","P247D",-0.340396920704363
"P",247,"E","P247E",-0.427191536479854
"P",247,"F","P247F",-1.61724330084298
"P",247,"G","P247G",-0.859852302706649
"P",247,"H","P247H",1.60644285440711
"P",247,"I","P247I",-0.388790552210075
"P",247,"K","P247K",-2.03348802367636
"P",247,"L","P247L",0.342252660306898
"P",247,"M","P247M",1.09099991380667
"P",247,"N","P247N",1.45946169874806
"P",247,"Q","P247Q",0.566389285660776
"P",247,"R","P247R",0.255396830111399
"P",247,"S","P247S",-0.329190470549996
"P",247,"T","P247T",1.91724080883589
"P",247,"V","P247V",2.43152804458804
"P",247,"W","P247W",0.869770970376773
"P",247,"Y","P247Y",1.7534588714389
"K",248,"A","K248A",-0.69156922219379
"K",248,"C","K248C",0.743336289836911
"K",248,"D","K248D",-0.364913412675749
"K",248,"E","K248E",-1.19207667573428
"K",248,"F","K248F",-0.897852592529656
"K",248,"G","K248G",-0.563662061728755
"K",248,"H","K248H",-0.609219539771078
"K",248,"I","K248I",0.66816975843517
"K",248,"L","K248L",1.78069402368678
"K",248,"M","K248M",0.881678264506562
"K",248,"N","K248N",0.222623866079484
"K",248,"P","K248P",-1.04455821521988
"K",248,"Q","K248Q",-0.32848994768014
"K",248,"R","K248R",-0.576017451491101
"K",248,"S","K248S",-0.942642893280146
"K",248,"T","K248T",0.674093183762708
"K",248,"V","K248V",-0.337090473493568
"K",248,"W","K248W",-0.115606422668399
"K",248,"Y","K248Y",0.368406395085878
"D",249,"A","D249A",-0.694871264038169
"D",249,"C","D249C",0.397683466796977
"D",249,"E","D249E",0.336409854710257
"D",249,"F","D249F",-0.164360405823989
"D",249,"G","D249G",0.420763573009018
"D",249,"H","D249H",0.231154978762449
"D",249,"I","D249I",-0.244986529902901
"D",249,"K","D249K",-0.0733242437242637
"D",249,"L","D249L",0.26319987815536
"D",249,"M","D249M",-0.188326446724235
"D",249,"N","D249N",0.66128831984824
"D",249,"P","D249P",-1.14285309667883
"D",249,"Q","D249Q",0.887927917376546
"D",249,"R","D249R",-0.679994345895981
"D",249,"S","D249S",0.457846994760476
"D",249,"T","D249T",-0.298471063540998
"D",249,"V","D249V",-0.304184560947444
"D",249,"W","D249W",-0.240427550955517
"D",249,"Y","D249Y",1.60813262726258
"T",250,"A","T250A",-0.125827791886951
"T",250,"C","T250C",0.307146856626233
"T",250,"D","T250D",-0.276443524499856
"T",250,"E","T250E",-0.544119438993518
"T",250,"F","T250F",0.464395822235338
"T",250,"G","T250G",-0.9530648890212
"T",250,"H","T250H",1.60476646197867
"T",250,"I","T250I",0.105359411253009
"T",250,"K","T250K",-0.0848978380652139
"T",250,"L","T250L",-0.131113813551128
"T",250,"M","T250M",0.430135009571856
"T",250,"N","T250N",0.614615005608759
"T",250,"P","T250P",0.509093863601518
"T",250,"Q","T250Q",-0.202735997080576
"T",250,"R","T250R",-0.37812673903578
"T",250,"S","T250S",-0.660980916993858
"T",250,"V","T250V",-0.347758086683476
"T",250,"W","T250W",-0.475820522234754
"T",250,"Y","T250Y",2.08853037813256
"L",251,"A","L251A",-1.6688131748726
"L",251,"C","L251C",1.61051083751021
"L",251,"D","L251D",0.762974346777891
"L",251,"E","L251E",-2.03748050028873
"L",251,"F","L251F",-0.0210267343627098
"L",251,"G","L251G",-0.803127465883051
"L",251,"H","L251H",-0.637894057886813
"L",251,"I","L251I",-0.387657359869137
"L",251,"K","L251K",-2.75130091786492
"L",251,"M","L251M",0.837696344315631
"L",251,"N","L251N",-0.558586359118268
"L",251,"P","L251P",-3.23326990239827
"L",251,"Q","L251Q",0.269929710280695
"L",251,"R","L251R",-4.95442992378651
"L",251,"S","L251S",0.077321465368387
"L",251,"T","L251T",-0.641773213740536
"L",251,"V","L251V",0.619204102952554
"L",251,"W","L251W",-0.44569478934902
"L",251,"Y","L251Y",1.98782172315815
"M",252,"A","M252A",0.704058872204686
"M",252,"C","M252C",1.01468517716337
"M",252,"D","M252D",0.187581794364909
"M",252,"E","M252E",-0.296116754007804
"M",252,"F","M252F",-0.397621378984843
"M",252,"G","M252G",0.136141848246591
"M",252,"H","M252H",-0.101815483359144
"M",252,"I","M252I",0.547274492692411
"M",252,"K","M252K",-0.989766422252091
"M",252,"L","M252L",-1.52582475243466
"M",252,"N","M252N",0.194616533141344
"M",252,"P","M252P",-0.483284215119073
"M",252,"Q","M252Q",-0.794617779072098
"M",252,"R","M252R",-0.0357059271983875
"M",252,"S","M252S",-0.187714656675954
"M",252,"T","M252T",0.353592569537904
"M",252,"V","M252V",-0.593107546398148
"M",252,"W","M252W",0.368186639551434
"M",252,"Y","M252Y",0.785966018426471
"I",253,"A","I253A",0.105684425887018
"I",253,"C","I253C",1.28771845868103
"I",253,"D","I253D",0.47174531851962
"I",253,"E","I253E",-0.65989198257057
"I",253,"F","I253F",0.425460912201035
"I",253,"G","I253G",0.552183806014019
"I",253,"H","I253H",0.607940964467268
"I",253,"K","I253K",0.180784996744556
"I",253,"L","I253L",-0.115207067505601
"I",253,"M","I253M",-0.512552519706668
"I",253,"N","I253N",-1.02550465528041
"I",253,"P","I253P",2.47142238927529
"I",253,"Q","I253Q",0.780053962917858
"I",253,"R","I253R",-0.138634009510898
"I",253,"S","I253S",-0.462792094447831
"I",253,"T","I253T",0.745891689442023
"I",253,"V","I253V",-0.031048199483444
"I",253,"W","I253W",-0.697735162902198
"I",253,"Y","I253Y",0.417760692719467
"S",254,"A","S254A",0.24741344054377
"S",254,"C","S254C",-0.230874987796686
"S",254,"D","S254D",0.275654077119566
"S",254,"E","S254E",-0.0619363938979051
"S",254,"F","S254F",-1.83549264163726
"S",254,"G","S254G",-0.247337923795531
"S",254,"H","S254H",0.759414968293474
"S",254,"I","S254I",-0.516798548493083
"S",254,"K","S254K",0.507237073145527
"S",254,"L","S254L",-0.122261260475602
"S",254,"M","S254M",0.0297075169657864
"S",254,"N","S254N",-0.581328439572292
"S",254,"P","S254P",0.54540599473021
"S",254,"Q","S254Q",-0.127003572527275
"S",254,"R","S254R",-1.00145036750997
"S",254,"T","S254T",0.291824026282552
"S",254,"V","S254V",-0.600709315176787
"S",254,"W","S254W",-0.0877974723459432
"S",254,"Y","S254Y",0.341375558271854
"R",255,"A","R255A",0.340814640363687
"R",255,"C","R255C",-0.770478813396596
"R",255,"D","R255D",-1.34552819370862
"R",255,"E","R255E",0.114237507612183
"R",255,"F","R255F",0.51416467214709
"R",255,"G","R255G",0.386051677096104
"R",255,"H","R255H",1.02882620205643
"R",255,"I","R255I",-0.992233116330428
"R",255,"K","R255K",-0.293589372252311
"R",255,"L","R255L",-1.1244462176527
"R",255,"M","R255M",-0.163424600082329
"R",255,"N","R255N",1.2902974045737
"R",255,"P","R255P",-0.502506618884822
"R",255,"Q","R255Q",-0.356867950929924
"R",255,"S","R255S",-0.696429716149657
"R",255,"T","R255T",0.265408472474973
"R",255,"V","R255V",-1.69674593289424
"R",255,"W","R255W",-0.154705326530242
"R",255,"Y","R255Y",0.421601266133787
"T",256,"A","T256A",0.361534349815629
"T",256,"C","T256C",-0.317696336171806
"T",256,"D","T256D",0.490965377005871
"T",256,"E","T256E",1.03501004057698
"T",256,"F","T256F",0.701604713665426
"T",256,"G","T256G",-0.839787659641099
"T",256,"H","T256H",0.548218415192048
"T",256,"I","T256I",0.885810598310406
"T",256,"K","T256K",-1.51767182317457
"T",256,"L","T256L",-2.03144951179245
"T",256,"M","T256M",0.219570757151282
"T",256,"N","T256N",-1.06306560871914
"T",256,"P","T256P",0.27505456603429
"T",256,"Q","T256Q",-0.271981624907847
"T",256,"R","T256R",-0.965835921519046
"T",256,"S","T256S",0.0125705323349181
"T",256,"V","T256V",2.37630240310146
"T",256,"W","T256W",0.241510331025473
"T",256,"Y","T256Y",-0.40981960961176
"P",257,"A","P257A",-0.240575457022022
"P",257,"C","P257C",-0.0171194177885869
"P",257,"D","P257D",-1.0191919020391
"P",257,"E","P257E",-2.43312934233847
"P",257,"F","P257F",-1.44500356020733
"P",257,"G","P257G",-1.2700519185317
"P",257,"H","P257H",-0.347480344655921
"P",257,"I","P257I",-1.48047509763815
"P",257,"K","P257K",-0.36633221600678
"P",257,"L","P257L",-0.245562568016599
"P",257,"M","P257M",0.0886479087476352
"P",257,"N","P257N",0.518125723089074
"P",257,"Q","P257Q",-0.525648257809285
"P",257,"R","P257R",-1.06985331950459
"P",257,"S","P257S",-0.0840567363878316
"P",257,"T","P257T",0.918177886861022
"P",257,"V","P257V",-0.259986424445022
"P",257,"W","P257W",-0.443785341054568
"P",257,"Y","P257Y",-0.0576582284942706
"E",258,"A","E258A",0.836141391137805
"E",258,"C","E258C",-0.234252622850442
"E",258,"D","E258D",-0.672726467529493
"E",258,"F","E258F",0.307278992594501
"E",258,"G","E258G",0.806508224056417
"E",258,"H","E258H",-2.06469030766005
"E",258,"I","E258I",-0.531185149540674
"E",258,"K","E258K",2.01416961255819
"E",258,"L","E258L",0.328757133726613
"E",258,"M","E258M",0.33306919617729
"E",258,"N","E258N",0.46328470061845
"E",258,"P","E258P",1.21637775275831
"E",258,"Q","E258Q",0.603459489957765
"E",258,"R","E258R",0.0571920485839049
"E",258,"S","E258S",-0.317639396695468
"E",258,"T","E258T",0.801686037318209
"E",258,"V","E258V",0.19257236876214
"E",258,"W","E258W",0.514265735452663
"E",258,"Y","E258Y",0.410445496450713
"V",259,"A","V259A",0.550029550099583
"V",259,"C","V259C",-0.0650655690177243
"V",259,"D","V259D",-1.32701627636449
"V",259,"E","V259E",0.0382602220675908
"V",259,"F","V259F",-0.210008139539247
"V",259,"G","V259G",0.530041777231432
"V",259,"H","V259H",0.638327566835897
"V",259,"I","V259I",-0.345530317509698
"V",259,"K","V259K",-1.19480793735148
"V",259,"L","V259L",-0.922314747049922
"V",259,"M","V259M",0.758100242513636
"V",259,"N","V259N",0.531989872366939
"V",259,"P","V259P",-0.925748207196008
"V",259,"Q","V259Q",-0.0912745938780595
"V",259,"R","V259R",-0.898356891624662
"V",259,"S","V259S",0.511164661386208
"V",259,"T","V259T",0.931389991663524
"V",259,"W","V259W",-0.497742564925663
"V",259,"Y","V259Y",-0.0353763846265698
"T",260,"A","T260A",0.91098059010396
"T",260,"C","T260C",1.7636952588265
"T",260,"D","T260D",-0.607431449813664
"T",260,"E","T260E",-0.0852639650853321
"T",260,"F","T260F",-0.587218419428255
"T",260,"G","T260G",0.209980757271792
"T",260,"H","T260H",-0.98768348574202
"T",260,"I","T260I",-0.0632108489694202
"T",260,"K","T260K",-0.296338458624038
"T",260,"L","T260L",-1.44774718636905
"T",260,"M","T260M",0.0206389550159443
"T",260,"N","T260N",-0.37380489453092
"T",260,"P","T260P",1.09276591593902
"T",260,"Q","T260Q",0.875802097533978
"T",260,"R","T260R",-0.478940038494931
"T",260,"S","T260S",-0.280300406160486
"T",260,"V","T260V",0.532070848191066
"T",260,"W","T260W",1.32018764668251
"T",260,"Y","T260Y",-0.434268160111448
"C",261,"A","C261A",-0.550321690624649
"C",261,"D","C261D",0.171356583803806
"C",261,"E","C261E",1.03758321182805
"C",261,"F","C261F",-0.926896638806525
"C",261,"G","C261G",-0.870196208434235
"C",261,"H","C261H",-0.714285535376217
"C",261,"I","C261I",-0.000857669239924212
"C",261,"K","C261K",-0.856468625605775
"C",261,"L","C261L",-0.206701646173917
"C",261,"M","C261M",-1.46671526551219
"C",261,"N","C261N",-1.41664924015296
"C",261,"P","C261P",-0.801331206366516
"C",261,"Q","C261Q",-0.336678341458661
"C",261,"R","C261R",-1.19181776381451
"C",261,"S","C261S",0.395171817017844
"C",261,"T","C261T",-0.0895279458169787
"C",261,"V","C261V",0.660145330458418
"C",261,"W","C261W",1.19559363136356
"C",261,"Y","C261Y",1.17370174139747
"V",262,"A","V262A",1.35955325401707
"V",262,"C","V262C",0.145132401981538
"V",262,"D","V262D",-0.262313066030111
"V",262,"E","V262E",-2.02467851097904
"V",262,"F","V262F",1.00664432911415
"V",262,"G","V262G",0.173656990250314
"V",262,"H","V262H",-0.623696177567962
"V",262,"I","V262I",-0.321700154807389
"V",262,"K","V262K",0.394769351998674
"V",262,"L","V262L",-0.944238243786178
"V",262,"M","V262M",1.92578293247894
"V",262,"N","V262N",1.0530944450207
"V",262,"P","V262P",0.0396520889381163
"V",262,"Q","V262Q",3.53717844582744
"V",262,"R","V262R",-0.173985230199736
"V",262,"S","V262S",-0.795101635742219
"V",262,"T","V262T",-0.107330996009644
"V",262,"W","V262W",0.050190849463299
"V",262,"Y","V262Y",-0.696358953660973
"V",263,"A","V263A",0.328792275123633
"V",263,"C","V263C",-0.184818799563273
"V",263,"D","V263D",0.410011199425676
"V",263,"E","V263E",2.11131752680215
"V",263,"F","V263F",-1.01509414007145
"V",263,"G","V263G",0.281722827413804
"V",263,"H","V263H",-0.544776108508481
"V",263,"I","V263I",-0.362398789198815
"V",263,"K","V263K",1.31768703174232
"V",263,"L","V263L",-0.986808879254558
"V",263,"M","V263M",-0.20186721857507
"V",263,"N","V263N",0.828012522605191
"V",263,"P","V263P",0.771898738665062
"V",263,"Q","V263Q",-0.284272703497502
"V",263,"R","V263R",-1.78676493350817
"V",263,"S","V263S",0.00863953569726714
"V",263,"T","V263T",-1.94657083827592
"V",263,"W","V263W",0.883943450643832
"V",263,"Y","V263Y",0.352672603810725
"V",264,"A","V264A",0.309696578248317
"V",264,"C","V264C",-3.72772133278985
"V",264,"D","V264D",-0.723094051410841
"V",264,"E","V264E",0.808571030722289
"V",264,"F","V264F",-1.73497370864058
"V",264,"G","V264G",-0.510101480106091
"V",264,"H","V264H",0.275577614565528
"V",264,"I","V264I",0.582362998617159
"V",264,"K","V264K",-1.90585234969902
"V",264,"L","V264L",-0.460522330819342
"V",264,"M","V264M",0.116792384049197
"V",264,"N","V264N",0.874457572884922
"V",264,"P","V264P",-1.00847314941675
"V",264,"Q","V264Q",1.00890111073911
"V",264,"R","V264R",2.45630803434976
"V",264,"S","V264S",0.170937879613265
"V",264,"T","V264T",2.52027631680908
"V",264,"W","V264W",-1.10173831337175
"V",264,"Y","V264Y",0.332405740536095
"D",265,"A","D265A",1.38632340988335
"D",265,"C","D265C",-0.476063310846574
"D",265,"E","D265E",0.988744059730346
"D",265,"F","D265F",2.30360914366598
"D",265,"G","D265G",-0.947858185537133
"D",265,"H","D265H",-1.44142583252839
"D",265,"I","D265I",-1.14993365591996
"D",265,"K","D265K",0.642465383738867
"D",265,"L","D265L",-1.95481931053173
"D",265,"M","D265M",-0.749808185157756
"D",265,"N","D265N",5.22019307630579
"D",265,"P","D265P",-1.6693739909159
"D",265,"Q","D265Q",2.07995608345494
"D",265,"R","D265R",3.413670621764
"D",265,"S","D265S",0.345237197118806
"D",265,"T","D265T",-0.394870640351471
"D",265,"V","D265V",0.0597936970349376
"D",265,"W","D265W",-2.26528361590603
"D",265,"Y","D265Y",3.49733580968012
"V",266,"A","V266A",-0.41184402946697
"V",266,"C","V266C",2.5299038867647
"V",266,"D","V266D",2.1130805601072
"V",266,"E","V266E",0.201105675163535
"V",266,"F","V266F",-0.561457905644316
"V",266,"G","V266G",-1.79588884332057
"V",266,"H","V266H",-0.764045454463705
"V",266,"I","V266I",-0.29967063075281
"V",266,"K","V266K",-0.831003516206709
"V",266,"L","V266L",1.14149423436701
"V",266,"M","V266M",0.498633823548529
"V",266,"N","V266N",-0.305647344673363
"V",266,"P","V266P",0.520876208622957
"V",266,"Q","V266Q",1.12153433470229
"V",266,"R","V266R",0.583090802191507
"V",266,"S","V266S",-0.991259216035714
"V",266,"T","V266T",-0.642609696932692
"V",266,"W","V266W",0.290237990964744
"V",266,"Y","V266Y",-2.55453634441179
"S",267,"A","S267A",0.999004427772701
"S",267,"C","S267C",-1.6292804718853
"S",267,"D","S267D",-0.76851596535936
"S",267,"E","S267E",0.794423421346933
"S",267,"F","S267F",0.295443640132613
"S",267,"G","S267G",-0.289693923102697
"S",267,"H","S267H",-1.9984124556813
"S",267,"I","S267I",-0.463126750230894
"S",267,"K","S267K",-0.777510061668672
"S",267,"L","S267L",0.862044317771724
"S",267,"M","S267M",0.391451345337879
"S",267,"N","S267N",-0.1341210014615
"S",267,"P","S267P",1.0609194736877
"S",267,"Q","S267Q",-1.03388595818571
"S",267,"R","S267R",-0.417945828059581
"S",267,"T","S267T",-2.67437655009853
"S",267,"V","S267V",-3.592858912918
"S",267,"W","S267W",-1.56201732312529
"S",267,"Y","S267Y",-1.16718175547616
"H",268,"A","H268A",0.253890564467923
"H",268,"C","H268C",0.838329742548933
"H",268,"D","H268D",1.27403828923906
"H",268,"E","H268E",0.282204854612925
"H",268,"F","H268F",0.862998048295985
"H",268,"G","H268G",0.497013977753779
"H",268,"I","H268I",-0.0840831017141241
"H",268,"K","H268K",0.324232538665956
"H",268,"L","H268L",-0.912955143615327
"H",268,"M","H268M",0.262351758196419
"H",268,"N","H268N",0.504726853906995
"H",268,"P","H268P",0.708913106093174
"H",268,"Q","H268Q",0.697546581307568
"H",268,"R","H268R",-0.00498245746094038
"H",268,"S","H268S",0.558374587232579
"H",268,"T","H268T",-0.722460787356207
"H",268,"V","H268V",0.433096063616119
"H",268,"W","H268W",0.0877635442727675
"H",268,"Y","H268Y",-0.191135093382065
"E",269,"A","E269A",-0.128462479827884
"E",269,"C","E269C",0.759680096852542
"E",269,"D","E269D",0.552573262061416
"E",269,"F","E269F",-0.622343474409826
"E",269,"G","E269G",-0.526202526906054
"E",269,"H","E269H",-0.984736238140853
"E",269,"I","E269I",-2.05353197634329
"E",269,"K","E269K",1.82726509129072
"E",269,"L","E269L",-1.56937837725613
"E",269,"M","E269M",-0.774945506267765
"E",269,"N","E269N",-1.99372565988789
"E",269,"P","E269P",-2.16216192331355
"E",269,"Q","E269Q",-0.937416552951362
"E",269,"R","E269R",-1.17343716211841
"E",269,"S","E269S",-2.44955330221554
"E",269,"T","E269T",0.190641427847351
"E",269,"V","E269V",-2.20138242099465
"E",269,"W","E269W",-1.96903134939718
"E",269,"Y","E269Y",-2.55733143003495
"D",270,"A","D270A",-1.3669428074633
"D",270,"C","D270C",-0.997479134028636
"D",270,"E","D270E",-0.178274756245093
"D",270,"F","D270F",-2.00353439863356
"D",270,"G","D270G",-1.88107791762177
"D",270,"H","D270H",-1.43900249117102
"D",270,"I","D270I",-1.09461821243554
"D",270,"K","D270K",-1.15284778879656
"D",270,"L","D270L",-0.033322283618017
"D",270,"M","D270M",-1.11987507911244
"D",270,"N","D270N",-0.989018794011128
"D",270,"P","D270P",0.954299189878607
"D",270,"Q","D270Q",0.493958119505358
"D",270,"R","D270R",-1.34091186339972
"D",270,"S","D270S",-1.99688077521301
"D",270,"T","D270T",-1.95412939781665
"D",270,"V","D270V",-1.72438822309295
"D",270,"W","D270W",-1.58476908153509
"D",270,"Y","D270Y",-2.29082145181425
"P",271,"A","P271A",0.810969368468734
"P",271,"C","P271C",0.376432392777067
"P",271,"D","P271D",0.0527927644486162
"P",271,"E","P271E",-0.0920644642719827
"P",271,"F","P271F",1.11552682383773
"P",271,"G","P271G",-0.0465056461008571
"P",271,"H","P271H",0.857154622036413
"P",271,"I","P271I",0.1342587230383
"P",271,"K","P271K",0.754060927366149
"P",271,"L","P271L",0.252402798335776
"P",271,"M","P271M",-0.934869690230009
"P",271,"N","P271N",0.353922915055359
"P",271,"Q","P271Q",0.682645309364729
"P",271,"R","P271R",0.355942776390459
"P",271,"S","P271S",0.91020925511035
"P",271,"T","P271T",0.688128184505862
"P",271,"V","P271V",1.1764650112833
"P",271,"W","P271W",0.385677049519024
"P",271,"Y","P271Y",0.575792932293913
"E",272,"A","E272A",0.387267765524191
"E",272,"C","E272C",0.624718530567313
"E",272,"D","E272D",-0.686793147841108
"E",272,"F","E272F",-0.63199283542258
"E",272,"G","E272G",-0.0430408214475382
"E",272,"I","E272I",-1.31447300561369
"E",272,"K","E272K",-0.156840346275051
"E",272,"L","E272L",0.278580712661151
"E",272,"M","E272M",0.751136039145112
"E",272,"N","E272N",-0.171506219644389
"E",272,"P","E272P",0.104524649931117
"E",272,"Q","E272Q",-0.531235865847278
"E",272,"R","E272R",-0.346991666940644
"E",272,"S","E272S",-0.278658914770745
"E",272,"T","E272T",1.2256631866542
"E",272,"V","E272V",-1.00270697480204
"E",272,"W","E272W",-0.0606236594732394
"E",272,"Y","E272Y",-0.113326213056021
"V",273,"A","V273A",-0.261105223283776
"V",273,"C","V273C",-0.620011664929109
"V",273,"D","V273D",4.60926731316765
"V",273,"E","V273E",1.13172516358328
"V",273,"F","V273F",-2.07676377148554
"V",273,"G","V273G",1.08270662543885
"V",273,"H","V273H",-1.69438402453611
"V",273,"I","V273I",0.851823578463159
"V",273,"K","V273K",-3.16069275581044
"V",273,"L","V273L",0.716855672705974
"V",273,"M","V273M",-1.58708642305597
"V",273,"N","V273N",2.0715806596787
"V",273,"P","V273P",-0.444048529744105
"V",273,"Q","V273Q",-0.782274404428228
"V",273,"R","V273R",-1.35936568783271
"V",273,"S","V273S",-0.0647023562318175
"V",273,"T","V273T",0.0180881720538667
"V",273,"W","V273W",-2.05095384893628
"V",273,"Y","V273Y",-0.728227816284381
"K",274,"A","K274A",-0.735682059639996
"K",274,"C","K274C",0.186130424114312
"K",274,"D","K274D",0.678528242847665
"K",274,"E","K274E",-0.166656364501761
"K",274,"F","K274F",-0.593446194032419
"K",274,"G","K274G",1.57526821934222
"K",274,"H","K274H",-0.615954999056732
"K",274,"I","K274I",-0.30978410512347
"K",274,"L","K274L",0.216394537672055
"K",274,"M","K274M",-0.084051434451625
"K",274,"N","K274N",-0.926065404691817
"K",274,"P","K274P",1.51254265446276
"K",274,"Q","K274Q",-0.382892047894154
"K",274,"R","K274R",-0.461192433261767
"K",274,"S","K274S",0.00799461091785909
"K",274,"T","K274T",0.3750976465299
"K",274,"V","K274V",-1.45619324941741
"K",274,"W","K274W",-0.621804921224767
"K",274,"Y","K274Y",-0.0945998591319896
"F",275,"A","F275A",-1.32389684785859
"F",275,"C","F275C",-0.142539077702609
"F",275,"D","F275D",-1.71873209372235
"F",275,"E","F275E",-0.799872510085721
"F",275,"G","F275G",0.639670065850154
"F",275,"H","F275H",-0.684083895079158
"F",275,"I","F275I",-1.12282459029881
"F",275,"K","F275K",3.02778349544857
"F",275,"L","F275L",0.867634832463862
"F",275,"M","F275M",0.730249531488548
"F",275,"N","F275N",-0.448098346870261
"F",275,"P","F275P",-0.176944876929038
"F",275,"Q","F275Q",0.533634482540633
"F",275,"R","F275R",-0.35398727186572
"F",275,"S","F275S",-0.478525627584946
"F",275,"T","F275T",-1.45711572521936
"F",275,"V","F275V",0.729416282167306
"F",275,"W","F275W",0.222461089290828
"F",275,"Y","F275Y",-0.0120728686789002
"N",276,"A","N276A",-0.856340672716223
"N",276,"C","N276C",0.257400545831158
"N",276,"D","N276D",-0.120365150369902
"N",276,"E","N276E",0.821776700916126
"N",276,"F","N276F",-0.018879313663229
"N",276,"G","N276G",-0.485048704849084
"N",276,"H","N276H",0.353897476629671
"N",276,"I","N276I",0.355772896727496
"N",276,"K","N276K",0.158413729833729
"N",276,"L","N276L",0.651696603883343
"N",276,"M","N276M",0.00103319039865896
"N",276,"P","N276P",-0.19597888492578
"N",276,"Q","N276Q",0.212620323642287
"N",276,"R","N276R",0.0209177762447732
"N",276,"S","N276S",0.255071492945578
"N",276,"T","N276T",1.049273892397
"N",276,"V","N276V",0.891355036891435
"N",276,"W","N276W",-0.314332125314814
"N",276,"Y","N276Y",0.193434137238425
"W",277,"A","W277A",0.498602832889072
"W",277,"C","W277C",0.156619996968538
"W",277,"D","W277D",-1.61748859510183
"W",277,"E","W277E",-3.62944463363353
"W",277,"F","W277F",0.686995752447653
"W",277,"G","W277G",-3.39853889252724
"W",277,"H","W277H",0.437686457368755
"W",277,"I","W277I",3.74986291426316
"W",277,"K","W277K",-0.714583079304572
"W",277,"L","W277L",0.698097139956429
"W",277,"M","W277M",-0.222042741438329
"W",277,"N","W277N",-1.3738467224822
"W",277,"P","W277P",0.277655813097738
"W",277,"Q","W277Q",-0.538849093194842
"W",277,"R","W277R",-0.582674640417177
"W",277,"S","W277S",-0.493612600167205
"W",277,"T","W277T",0.343978997142949
"W",277,"V","W277V",-1.94385114485997
"W",277,"Y","W277Y",0.146934152557961
"Y",278,"A","Y278A",-0.0973092871859061
"Y",278,"C","Y278C",-0.321891919824721
"Y",278,"D","Y278D",2.09681902827601
"Y",278,"E","Y278E",-1.32978792899558
"Y",278,"F","Y278F",-0.618366828729355
"Y",278,"G","Y278G",0.197735755337464
"Y",278,"H","Y278H",0.223476719105688
"Y",278,"I","Y278I",-0.484324848451184
"Y",278,"K","Y278K",-0.433740605978627
"Y",278,"L","Y278L",-0.282182231942978
"Y",278,"M","Y278M",-0.649841873220639
"Y",278,"N","Y278N",1.41230619806999
"Y",278,"P","Y278P",0.457195605972481
"Y",278,"Q","Y278Q",0.278431970617883
"Y",278,"R","Y278R",-0.576992649651157
"Y",278,"S","Y278S",0.0119375936830373
"Y",278,"T","Y278T",-1.13189399865122
"Y",278,"V","Y278V",-1.2433781326781
"Y",278,"W","Y278W",-0.780414011891789
"V",279,"A","V279A",-1.13536132180126
"V",279,"C","V279C",-0.314322883329311
"V",279,"D","V279D",0.124102944234396
"V",279,"E","V279E",-0.667679470859672
"V",279,"F","V279F",-0.00689990928702384
"V",279,"G","V279G",0.024327140591996
"V",279,"H","V279H",0.0460134540971116
"V",279,"I","V279I",-0.244477680507161
"V",279,"K","V279K",0.839924503178692
"V",279,"L","V279L",0.253587632060247
"V",279,"M","V279M",0.872947692685325
"V",279,"N","V279N",-1.35741058795471
"V",279,"P","V279P",-0.551784313120836
"V",279,"Q","V279Q",0.94821848239134
"V",279,"R","V279R",-0.478797794906548
"V",279,"S","V279S",0.205989926943208
"V",279,"T","V279T",0.624831904861064
"V",279,"W","V279W",0.261760210900378
"V",279,"Y","V279Y",1.14701553640403
"D",280,"A","D280A",-1.37341847752649
"D",280,"C","D280C",-0.240380899204292
"D",280,"E","D280E",-0.54644781279179
"D",280,"F","D280F",-0.908563691816084
"D",280,"G","D280G",-1.00548766314935
"D",280,"H","D280H",0.210525763126772
"D",280,"I","D280I",1.47957387261765
"D",280,"K","D280K",1.27126377640666
"D",280,"L","D280L",0.177333318813838
"D",280,"M","D280M",-0.452939692301928
"D",280,"N","D280N",-1.18096295232793
"D",280,"P","D280P",-1.24154890671421
"D",280,"Q","D280Q",-0.811320024838998
"D",280,"R","D280R",0.599525842390512
"D",280,"S","D280S",0.449728625696933
"D",280,"T","D280T",-1.00957654523208
"D",280,"V","D280V",-0.168842916873749
"D",280,"W","D280W",-0.395169683471843
"D",280,"Y","D280Y",0.644108174987012
"G",281,"A","G281A",-0.0400538672303555
"G",281,"C","G281C",0.933574150489473
"G",281,"D","G281D",-0.652157258899428
"G",281,"E","G281E",-0.173921933869976
"G",281,"F","G281F",-0.0447700491864387
"G",281,"H","G281H",0.244545399911424
"G",281,"I","G281I",-1.31523611988549
"G",281,"K","G281K",0.808979247983987
"G",281,"L","G281L",0.567809508840492
"G",281,"M","G281M",-0.0420332973847806
"G",281,"N","G281N",0.223178859112291
"G",281,"P","G281P",-0.382491118457739
"G",281,"Q","G281Q",-0.567834693633401
"G",281,"R","G281R",-0.616526329650532
"G",281,"S","G281S",0.788754114082781
"G",281,"T","G281T",-0.575740635024285
"G",281,"V","G281V",1.44213367435921
"G",281,"W","G281W",-0.00565601073564415
"G",281,"Y","G281Y",0.146687441225354
"V",282,"A","V282A",0.703668732473096
"V",282,"C","V282C",1.18396162077318
"V",282,"D","V282D",1.55490157161904
"V",282,"E","V282E",-1.03030420893918
"V",282,"F","V282F",-0.326273488320217
"V",282,"G","V282G",0.321149363093306
"V",282,"H","V282H",1.15425713416851
"V",282,"I","V282I",0.758387257513093
"V",282,"K","V282K",0.139670638608048
"V",282,"L","V282L",-0.582359273800277
"V",282,"M","V282M",0.702575689161941
"V",282,"N","V282N",0.607550175218551
"V",282,"P","V282P",1.09505206861935
"V",282,"Q","V282Q",-0.0970337829045098
"V",282,"R","V282R",0.325246599237146
"V",282,"S","V282S",0.675035044137705
"V",282,"T","V282T",-0.30188447776562
"V",282,"W","V282W",0.561683735804506
"V",282,"Y","V282Y",1.14057354564425
"E",283,"A","E283A",1.02783711089662
"E",283,"C","E283C",-0.481521326738829
"E",283,"D","E283D",-0.800767131603384
"E",283,"F","E283F",-0.236355228044063
"E",283,"G","E283G",0.238617917909509
"E",283,"H","E283H",0.426276224323241
"E",283,"I","E283I",-0.76574114476905
"E",283,"K","E283K",-0.177848713439249
"E",283,"L","E283L",0.955036999003948
"E",283,"M","E283M",-0.537581162001546
"E",283,"N","E283N",-1.42747239194184
"E",283,"P","E283P",-0.327878603285871
"E",283,"Q","E283Q",1.21860626876421
"E",283,"R","E283R",0.0590504220210086
"E",283,"S","E283S",0.612889897335509
"E",283,"T","E283T",-0.702741469093559
"E",283,"V","E283V",-0.033390392601937
"E",283,"W","E283W",0.113501286918532
"E",283,"Y","E283Y",0.194122883282268
"V",284,"A","V284A",0.36196833120944
"V",284,"C","V284C",-0.377003755703551
"V",284,"D","V284D",0.879610245576322
"V",284,"E","V284E",0.389098764029439
"V",284,"F","V284F",0.321563555300162
"V",284,"G","V284G",0.0928289862337245
"V",284,"H","V284H",-1.5890820399468
"V",284,"I","V284I",0.313795585659865
"V",284,"K","V284K",0.0320113031273425
"V",284,"L","V284L",-0.351617542997773
"V",284,"M","V284M",0.835614019426741
"V",284,"N","V284N",-0.92310200402164
"V",284,"P","V284P",1.48485888499413
"V",284,"Q","V284Q",-0.465327384616766
"V",284,"R","V284R",0.113634130316633
"V",284,"S","V284S",0.728077419012275
"V",284,"T","V284T",0.467528348448349
"V",284,"W","V284W",0.593342374914645
"V",284,"Y","V284Y",0.457843003477844
"H",285,"A","H285A",0.275980034445496
"H",285,"C","H285C",-0.0823910029266986
"H",285,"D","H285D",1.19870228641417
"H",285,"E","H285E",-0.0286254555370785
"H",285,"F","H285F",-0.306587025499616
"H",285,"G","H285G",-0.486185598436877
"H",285,"I","H285I",-0.313396185504723
"H",285,"K","H285K",-0.00833583888990149
"H",285,"L","H285L",-0.644261881352964
"H",285,"M","H285M",-1.12379129196318
"H",285,"N","H285N",0.962446184136398
"H",285,"P","H285P",-0.732102709460244
"H",285,"Q","H285Q",0.350969451781046
"H",285,"R","H285R",-0.575675063722681
"H",285,"S","H285S",-1.19837529462868
"H",285,"T","H285T",-0.714803481951091
"H",285,"V","H285V",0.0884617144124536
"H",285,"W","H285W",0.556021461477345
"H",285,"Y","H285Y",1.28263199468115
"N",286,"A","N286A",0.342605559538166
"N",286,"C","N286C",0.304265149895387
"N",286,"D","N286D",0.65383433163406
"N",286,"E","N286E",0.476458896600899
"N",286,"F","N286F",1.61560261730409
"N",286,"G","N286G",0.215020245995698
"N",286,"H","N286H",0.903382512184892
"N",286,"I","N286I",0.307598021632625
"N",286,"K","N286K",0.490412342944418
"N",286,"L","N286L",0.601187613820992
"N",286,"M","N286M",0.331596150976991
"N",286,"P","N286P",-0.16613002086393
"N",286,"Q","N286Q",-0.27950064755274
"N",286,"R","N286R",0.0522429716070788
"N",286,"S","N286S",-0.489320955420314
"N",286,"T","N286T",-0.425844220207884
"N",286,"V","N286V",0.471322954377454
"N",286,"W","N286W",0.0423006306733739
"N",286,"Y","N286Y",-1.84053809316802
"A",287,"C","A287C",0.960955327409229
"A",287,"D","A287D",-0.0136621359905057
"A",287,"E","A287E",3.42186066542725
"A",287,"F","A287F",1.30521928830131
"A",287,"G","A287G",-0.177639631215824
"A",287,"H","A287H",0.308615434651122
"A",287,"I","A287I",-0.370187595072406
"A",287,"K","A287K",-2.25872608788884
"A",287,"L","A287L",-0.0224820692475195
"A",287,"M","A287M",0.675836791560771
"A",287,"N","A287N",0.0350337108905892
"A",287,"P","A287P",0.0312326614522682
"A",287,"Q","A287Q",0.164802970146479
"A",287,"R","A287R",-1.99606193355761
"A",287,"S","A287S",0.481404036434433
"A",287,"T","A287T",-0.545045466287679
"A",287,"V","A287V",-0.557811465792129
"A",287,"W","A287W",0.455263247196054
"A",287,"Y","A287Y",-0.41207205547739
"K",288,"A","K288A",1.54909555048824
"K",288,"C","K288C",2.30855736079863
"K",288,"D","K288D",0.586709537530379
"K",288,"E","K288E",-0.135919235370832
"K",288,"F","K288F",0.245169456677831
"K",288,"G","K288G",0.867513485414772
"K",288,"H","K288H",-0.214186766179094
"K",288,"I","K288I",-0.766811386089237
"K",288,"L","K288L",0.692158006435441
"K",288,"M","K288M",1.28695617421024
"K",288,"N","K288N",-0.328607410019988
"K",288,"P","K288P",2.10667044895027
"K",288,"Q","K288Q",-2.4912096810543
"K",288,"R","K288R",0.0739072982241192
"K",288,"S","K288S",0.126564716044341
"K",288,"T","K288T",0.0111115537163577
"K",288,"V","K288V",-0.154566965694208
"K",288,"W","K288W",-0.403803243971688
"K",288,"Y","K288Y",0.772438627772297
"T",289,"A","T289A",0.764329938906883
"T",289,"C","T289C",0.156877105628128
"T",289,"D","T289D",-1.19118769719383
"T",289,"E","T289E",0.302731315218205
"T",289,"F","T289F",0.587585309781641
"T",289,"G","T289G",0.766508297324409
"T",289,"H","T289H",-0.00381452178053636
"T",289,"I","T289I",-0.577152239180568
"T",289,"K","T289K",0.0157479258763543
"T",289,"L","T289L",0.692020764503739
"T",289,"M","T289M",-0.480359486810672
"T",289,"N","T289N",0.117083377136957
"T",289,"P","T289P",1.64775925361141
"T",289,"Q","T289Q",0.0117538307066652
"T",289,"R","T289R",0.185708259302768
"T",289,"S","T289S",1.09647210047654
"T",289,"V","T289V",-0.0306493330102348
"T",289,"W","T289W",0.833528759185932
"T",289,"Y","T289Y",0.31596755539415
"K",290,"A","K290A",-0.987399315323061
"K",290,"C","K290C",-0.440192928712362
"K",290,"D","K290D",0.100657170353354
"K",290,"E","K290E",1.4712867345668
"K",290,"F","K290F",0.547212757357828
"K",290,"G","K290G",1.5007915045969
"K",290,"H","K290H",1.208977376477
"K",290,"I","K290I",-0.187290911970664
"K",290,"L","K290L",0.125725518274475
"K",290,"M","K290M",0.566614387795235
"K",290,"N","K290N",-1.64389900878606
"K",290,"P","K290P",0.6149765634007
"K",290,"Q","K290Q",0.204536469814473
"K",290,"R","K290R",-0.354472757490455
"K",290,"S","K290S",0.968008435326509
"K",290,"T","K290T",0.219381516638371
"K",290,"V","K290V",-1.31039423396542
"K",290,"W","K290W",1.87227142715214
"K",290,"Y","K290Y",-0.103382451346727
"P",291,"A","P291A",-0.0805281884376257
"P",291,"C","P291C",0.154164266710852
"P",291,"D","P291D",1.22130300334439
"P",291,"E","P291E",-1.41777740034995
"P",291,"F","P291F",-0.126328918155404
"P",291,"G","P291G",0.518481700378824
"P",291,"H","P291H",-0.0102739154793739
"P",291,"I","P291I",0.440986422704898
"P",291,"K","P291K",-1.02674316759906
"P",291,"L","P291L",-0.497377227158421
"P",291,"M","P291M",-0.450981676533383
"P",291,"N","P291N",-0.826073373714225
"P",291,"Q","P291Q",-0.26258352155195
"P",291,"R","P291R",-0.613306099537041
"P",291,"S","P291S",0.600939362762491
"P",291,"T","P291T",0.226200214463936
"P",291,"V","P291V",-0.729387423618962
"P",291,"W","P291W",-0.592907515902321
"P",291,"Y","P291Y",-0.497461327828569
"R",292,"A","R292A",0.429110733506484
"R",292,"C","R292C",-0.383752314188039
"R",292,"D","R292D",-0.0823098835427578
"R",292,"E","R292E",-0.214897704090571
"R",292,"F","R292F",-0.22633886068898
"R",292,"G","R292G",0.532921548324214
"R",292,"H","R292H",2.00480377172779
"R",292,"I","R292I",-0.286374782990357
"R",292,"K","R292K",0.300701779443746
"R",292,"L","R292L",-0.118216821001446
"R",292,"M","R292M",0.304226756742032
"R",292,"N","R292N",0.61755659058107
"R",292,"P","R292P",0.575607947755042
"R",292,"Q","R292Q",-0.0753536756532417
"R",292,"S","R292S",0.555239686643877
"R",292,"T","R292T",-0.700555359039369
"R",292,"V","R292V",0.990118783362827
"R",292,"W","R292W",-0.367064305103995
"R",292,"Y","R292Y",0.490206821070523
"E",293,"A","E293A",-0.20165154599708
"E",293,"C","E293C",0.115070846519651
"E",293,"D","E293D",-0.900219543984985
"E",293,"F","E293F",-0.38590578466557
"E",293,"G","E293G",-0.44688474521524
"E",293,"H","E293H",-0.482542631259159
"E",293,"I","E293I",0.501457005167668
"E",293,"K","E293K",-0.405176353162573
"E",293,"L","E293L",0.15964250604646
"E",293,"M","E293M",0.197507379293028
"E",293,"N","E293N",-1.54242607597471
"E",293,"P","E293P",0.132303916804354
"E",293,"Q","E293Q",-0.712308400421519
"E",293,"R","E293R",-1.29229592964147
"E",293,"S","E293S",-0.176263938078042
"E",293,"T","E293T",-0.430868922631968
"E",293,"V","E293V",-0.414424472053278
"E",293,"W","E293W",-1.93423677065537
"E",293,"Y","E293Y",-0.471442073053979
"E",294,"A","E294A",-0.233133022811948
"E",294,"C","E294C",-0.24409394765785
"E",294,"D","E294D",-0.316684316387807
"E",294,"F","E294F",-0.566618021806883
"E",294,"G","E294G",-0.090169621954528
"E",294,"H","E294H",-0.279361873729894
"E",294,"I","E294I",1.30536767790771
"E",294,"K","E294K",0.0740825238168542
"E",294,"L","E294L",0.492848769503562
"E",294,"M","E294M",0.0282815975213379
"E",294,"N","E294N",0.245054748655097
"E",294,"P","E294P",0.128251700221177
"E",294,"Q","E294Q",-1.68524857318143
"E",294,"R","E294R",0.912204517141492
"E",294,"S","E294S",0.919389363151423
"E",294,"T","E294T",3.05784711315589
"E",294,"V","E294V",-0.0397126953251441
"E",294,"W","E294W",-0.0906850246511647
"E",294,"Y","E294Y",0.15055629920065
"Q",295,"A","Q295A",0.847566450236088
"Q",295,"C","Q295C",0.855709701217657
"Q",295,"D","Q295D",0.11006508597105
"Q",295,"E","Q295E",-0.874467605968028
"Q",295,"F","Q295F",0.37045341580476
"Q",295,"G","Q295G",-2.09756381071312
"Q",295,"H","Q295H",0.762560947784481
"Q",295,"I","Q295I",0.0534877192332729
"Q",295,"K","Q295K",-0.181751067886865
"Q",295,"L","Q295L",-0.438567515600653
"Q",295,"M","Q295M",0.204215175848434
"Q",295,"N","Q295N",0.263421080672032
"Q",295,"P","Q295P",0.297006041737971
"Q",295,"R","Q295R",-0.855259565608524
"Q",295,"S","Q295S",0.248871853195751
"Q",295,"T","Q295T",1.28841696499579
"Q",295,"V","Q295V",-0.322747607759026
"Q",295,"W","Q295W",-1.29704151222113
"Q",295,"Y","Q295Y",-0.592689046329893
"Y",296,"A","Y296A",-0.0610262700847986
"Y",296,"C","Y296C",0.524863716159811
"Y",296,"D","Y296D",-0.119747780747523
"Y",296,"E","Y296E",1.12158688398709
"Y",296,"F","Y296F",0.410383300008254
"Y",296,"G","Y296G",-1.8347062749289
"Y",296,"H","Y296H",-0.107294205583301
"Y",296,"I","Y296I",0.829007858165972
"Y",296,"K","Y296K",0.333472580440776
"Y",296,"L","Y296L",0.236695174514659
"Y",296,"M","Y296M",0.93329133915431
"Y",296,"N","Y296N",-0.21528273303803
"Y",296,"P","Y296P",0.644673914932064
"Y",296,"Q","Y296Q",-0.589357509381702
"Y",296,"R","Y296R",0.91266391481107
"Y",296,"S","Y296S",-0.683676987178758
"Y",296,"T","Y296T",-0.421251580209261
"Y",296,"V","Y296V",0.138418058381379
"Y",296,"W","Y296W",0.575904147050539
"N",297,"A","N297A",0.548662304127011
"N",297,"C","N297C",-0.0735198058604523
"N",297,"D","N297D",-1.1331758088116
"N",297,"E","N297E",-1.50323297590178
"N",297,"F","N297F",0.498901835432729
"N",297,"G","N297G",-4.33201009254224
"N",297,"H","N297H",-0.0766964448252854
"N",297,"I","N297I",2.39817691157969
"N",297,"K","N297K",0.815329301726459
"N",297,"L","N297L",-2.36576883088576
"N",297,"M","N297M",1.16662202979183
"N",297,"P","N297P",-0.892372801721449
"N",297,"Q","N297Q",-0.493785258612873
"N",297,"R","N297R",-1.2391398546971
"N",297,"S","N297S",-0.827610664062805
"N",297,"T","N297T",-4.00926004116096
"N",297,"V","N297V",2.34843195614459
"N",297,"W","N297W",2.04044257849313
"N",297,"Y","N297Y",-0.858339788226077
"S",298,"A","S298A",1.25783751575928
"S",298,"C","S298C",1.05285475679943
"S",298,"D","S298D",-0.679096856405709
"S",298,"E","S298E",-0.834627702147165
"S",298,"F","S298F",-0.434175724422919
"S",298,"G","S298G",0.101598903131864
"S",298,"I","S298I",0.571165197316346
"S",298,"K","S298K",-1.14298100391906
"S",298,"L","S298L",-1.46842387331289
"S",298,"M","S298M",-0.304747177108115
"S",298,"N","S298N",-1.61243618417353
"S",298,"P","S298P",-1.70821870318577
"S",298,"Q","S298Q",-1.48331654319894
"S",298,"R","S298R",-1.20519847263859
"S",298,"T","S298T",-0.883080896214063
"S",298,"V","S298V",0.917392903731074
"S",298,"W","S298W",-1.10816838709467
"S",298,"Y","S298Y",0.329107085933408
"T",299,"A","T299A",0.282627624248717
"T",299,"C","T299C",-1.26015453928111
"T",299,"D","T299D",0.943414561091894
"T",299,"E","T299E",-1.08821358796655
"T",299,"F","T299F",2.22761669233851
"T",299,"G","T299G",0.506655623631976
"T",299,"H","T299H",-2.35161147978371
"T",299,"I","T299I",-3.27467041024219
"T",299,"K","T299K",-0.309016494051606
"T",299,"L","T299L",-0.115860793345294
"T",299,"M","T299M",2.9858909647853
"T",299,"N","T299N",-1.76731544703838
"T",299,"P","T299P",0.12100379079776
"T",299,"Q","T299Q",1.74480925437514
"T",299,"R","T299R",1.06624436300938
"T",299,"S","T299S",-1.04503847041538
"T",299,"V","T299V",-0.613273141307472
"T",299,"W","T299W",1.220410299391
"T",299,"Y","T299Y",0.278883665117997
"Y",300,"A","Y300A",0.697146541208781
"Y",300,"C","Y300C",0.161616614515198
"Y",300,"D","Y300D",1.39490148998881
"Y",300,"E","Y300E",1.82726967555235
"Y",300,"F","Y300F",0.182607783698007
"Y",300,"G","Y300G",-0.326880282352752
"Y",300,"H","Y300H",-0.363564557214822
"Y",300,"I","Y300I",-0.0332567993663006
"Y",300,"K","Y300K",-0.84037570865271
"Y",300,"L","Y300L",0.389210588041412
"Y",300,"M","Y300M",-0.457428344224272
"Y",300,"N","Y300N",-0.341621967841999
"Y",300,"P","Y300P",0.297447904653296
"Y",300,"Q","Y300Q",-0.487035014427616
"Y",300,"R","Y300R",-0.673126788238933
"Y",300,"S","Y300S",-0.303721711699564
"Y",300,"T","Y300T",1.20232729174887
"Y",300,"V","Y300V",-0.0759434870038841
"Y",300,"W","Y300W",0.382754831257498
"R",301,"A","R301A",0.534401208047716
"R",301,"C","R301C",-0.584356938147205
"R",301,"D","R301D",-0.0530389013797759
"R",301,"E","R301E",-1.68399410514061
"R",301,"F","R301F",1.075990283292
"R",301,"G","R301G",-0.405073779166463
"R",301,"H","R301H",0.817111819391728
"R",301,"I","R301I",0.225781513391584
"R",301,"K","R301K",1.95925020028325
"R",301,"L","R301L",0.830928130107405
"R",301,"M","R301M",2.97625925857593
"R",301,"N","R301N",0.376580962665107
"R",301,"P","R301P",0.352086129874467
"R",301,"Q","R301Q",-1.42661830376439
"R",301,"S","R301S",0.76314575325932
"R",301,"T","R301T",0.762773440730858
"R",301,"V","R301V",0.571894152432817
"R",301,"W","R301W",0.370458770475706
"R",301,"Y","R301Y",0.881090847151387
"V",302,"A","V302A",-0.48473748379145
"V",302,"C","V302C",-0.851049327262571
"V",302,"D","V302D",2.1726922389291
"V",302,"E","V302E",1.44379522211292
"V",302,"F","V302F",-0.145171576787445
"V",302,"G","V302G",-0.821823694533777
"V",302,"H","V302H",0.598215746044014
"V",302,"I","V302I",0.140016605902109
"V",302,"K","V302K",0.178061259407107
"V",302,"L","V302L",-0.300054242800627
"V",302,"M","V302M",0.424727788934935
"V",302,"N","V302N",-0.03323454940586
"V",302,"P","V302P",0.505968409007378
"V",302,"Q","V302Q",-0.490569964587888
"V",302,"R","V302R",-1.39813976929471
"V",302,"S","V302S",-0.962537302304096
"V",302,"T","V302T",-0.189727440830832
"V",302,"W","V302W",-1.68819565097664
"V",302,"Y","V302Y",1.25425843621465
"V",303,"A","V303A",0.173127878273692
"V",303,"C","V303C",0.323771101105789
"V",303,"D","V303D",-0.486112376155149
"V",303,"E","V303E",0.526155890683366
"V",303,"F","V303F",0.0650976023129459
"V",303,"G","V303G",-0.33007279647594
"V",303,"H","V303H",-0.236589893976875
"V",303,"I","V303I",1.85610794744332
"V",303,"K","V303K",1.13022340184256
"V",303,"L","V303L",0.581612007900977
"V",303,"M","V303M",-0.679254273744599
"V",303,"N","V303N",0.846606113293707
"V",303,"P","V303P",-0.599777443782178
"V",303,"Q","V303Q",0.535685487007846
"V",303,"R","V303R",0.223810180481008
"V",303,"S","V303S",0.0600581810937832
"V",303,"T","V303T",0.0991578345977114
"V",303,"W","V303W",-0.25652309605323
"V",303,"Y","V303Y",-0.547838561677048
"S",304,"A","S304A",0.401913976878703
"S",304,"C","S304C",-0.284487572627569
"S",304,"D","S304D",0.400670977011082
"S",304,"E","S304E",-0.88249239653799
"S",304,"F","S304F",-2.37396072892581
"S",304,"G","S304G",-0.190206922830688
"S",304,"H","S304H",0.266268019768869
"S",304,"I","S304I",-2.99904477458274
"S",304,"K","S304K",0.451434807095205
"S",304,"L","S304L",1.35077260059022
"S",304,"M","S304M",-0.315962258982467
"S",304,"N","S304N",0.278317351766145
"S",304,"P","S304P",-1.04324225630515
"S",304,"Q","S304Q",1.62008449485113
"S",304,"R","S304R",0.0448531981485265
"S",304,"T","S304T",-0.0186158310678321
"S",304,"V","S304V",-1.40970493819426
"S",304,"W","S304W",-1.48249494677554
"S",304,"Y","S304Y",-1.23504585609235
"V",305,"A","V305A",-0.9449614305962
"V",305,"C","V305C",-0.00375328566110587
"V",305,"D","V305D",-0.456626658269978
"V",305,"E","V305E",2.69403420093194
"V",305,"F","V305F",0.747892898073948
"V",305,"G","V305G",-0.200987913002148
"V",305,"H","V305H",-0.180196533840361
"V",305,"I","V305I",0.428009779694123
"V",305,"K","V305K",-1.41782155613314
"V",305,"L","V305L",-0.0724763773849016
"V",305,"M","V305M",-0.811805298489782
"V",305,"N","V305N",1.10192855204603
"V",305,"P","V305P",0.112833869289112
"V",305,"Q","V305Q",1.18146896875832
"V",305,"R","V305R",0.402190642923113
"V",305,"S","V305S",0.0241849478157721
"V",305,"T","V305T",2.5311256171396
"V",305,"W","V305W",0.0689928304247804
"V",305,"Y","V305Y",0.22394376766877
"L",306,"A","L306A",0.59896619296542
"L",306,"C","L306C",1.09461010365124
"L",306,"D","L306D",0.0257700181491575
"L",306,"E","L306E",-0.796756413056237
"L",306,"F","L306F",-0.0234475044947943
"L",306,"G","L306G",-0.217971311394034
"L",306,"H","L306H",0.557328918046695
"L",306,"I","L306I",-0.133822346119912
"L",306,"K","L306K",0.647388866100583
"L",306,"M","L306M",0.158332221222867
"L",306,"N","L306N",-0.950297881783067
"L",306,"P","L306P",3.00344098202436
"L",306,"Q","L306Q",-0.568309601324304
"L",306,"R","L306R",-0.359175387374858
"L",306,"S","L306S",0.831618009279601
"L",306,"T","L306T",0.128616132233843
"L",306,"V","L306V",-0.368369947402999
"L",306,"W","L306W",0.126271035842494
"L",306,"Y","L306Y",0.0575756564336882
"T",307,"A","T307A",-1.14729606050499
"T",307,"C","T307C",0.194443460238075
"T",307,"D","T307D",0.00267248476618576
"T",307,"E","T307E",1.88668846150476
"T",307,"F","T307F",-0.32595479404946
"T",307,"G","T307G",-0.565057974556346
"T",307,"H","T307H",-0.816310493508944
"T",307,"I","T307I",0.73053418673363
"T",307,"K","T307K",-0.592584738811198
"T",307,"L","T307L",1.28016308357703
"T",307,"M","T307M",-0.411715483237541
"T",307,"N","T307N",2.39236642026005
"T",307,"P","T307P",0.460113007465664
"T",307,"Q","T307Q",0.840216738478013
"T",307,"R","T307R",0.129132224117388
"T",307,"S","T307S",0.282867601459241
"T",307,"V","T307V",0.646479837519185
"T",307,"W","T307W",0.212903482050739
"T",307,"Y","T307Y",-1.11457866962608
"V",308,"A","V308A",-0.338465283692399
"V",308,"C","V308C",-1.06384796384402
"V",308,"D","V308D",0.392012738567256
"V",308,"E","V308E",-0.58921507540485
"V",308,"F","V308F",-0.126498136947706
"V",308,"G","V308G",-0.44446398828862
"V",308,"H","V308H",0.931435132380861
"V",308,"I","V308I",0.338989418457653
"V",308,"K","V308K",0.564213824564774
"V",308,"L","V308L",-0.00724752762276485
"V",308,"M","V308M",1.6320366774059
"V",308,"N","V308N",0.500038792837092
"V",308,"P","V308P",-0.188286659646818
"V",308,"Q","V308Q",-0.994443465675361
"V",308,"R","V308R",-0.638064388951343
"V",308,"S","V308S",-0.784877329121192
"V",308,"T","V308T",0.373489419732356
"V",308,"W","V308W",-0.713516777264907
"V",308,"Y","V308Y",-1.06842182965592
"L",309,"A","L309A",-0.0367637017164506
"L",309,"C","L309C",-0.476053445817643
"L",309,"D","L309D",0.245018086918087
"L",309,"E","L309E",0.160426176705799
"L",309,"F","L309F",0.242827257436443
"L",309,"G","L309G",0.52940114363183
"L",309,"H","L309H",0.504292185041354
"L",309,"I","L309I",0.326663400675406
"L",309,"K","L309K",1.0482031653955
"L",309,"M","L309M",0.160184183588834
"L",309,"N","L309N",0.637865450874249
"L",309,"P","L309P",1.79786055760342
"L",309,"Q","L309Q",-0.0156328797050071
"L",309,"R","L309R",0.838960156171433
"L",309,"S","L309S",1.25779349583196
"L",309,"T","L309T",0.893607369526525
"L",309,"V","L309V",1.21586799417121
"L",309,"W","L309W",-0.11822936490393
"L",309,"Y","L309Y",0.00886318838992276
"H",310,"A","H310A",-0.00420933468931894
"H",310,"C","H310C",-1.08348339940187
"H",310,"D","H310D",0.4665131293551
"H",310,"E","H310E",-0.885187341180953
"H",310,"F","H310F",0.330771179370837
"H",310,"G","H310G",-0.430156645037413
"H",310,"I","H310I",-0.447918451754579
"H",310,"K","H310K",0.229622554953267
"H",310,"L","H310L",-0.792169580255436
"H",310,"M","H310M",-0.33330287636136
"H",310,"N","H310N",1.1805657478852
"H",310,"P","H310P",-1.39431691271931
"H",310,"Q","H310Q",-1.49451851358604
"H",310,"R","H310R",-0.832862537080722
"H",310,"S","H310S",-0.723551523135907
"H",310,"T","H310T",-0.886639356063227
"H",310,"V","H310V",0.170437828953947
"H",310,"W","H310W",0.0814020774750136
"H",310,"Y","H310Y",-0.0476751537042782
"Q",311,"A","Q311A",-0.0401250968000097
"Q",311,"C","Q311C",0.664884957598411
"Q",311,"D","Q311D",0.100602606795089
"Q",311,"E","Q311E",2.52017543751941
"Q",311,"F","Q311F",0.322344439616498
"Q",311,"G","Q311G",-0.447183654460884
"Q",311,"H","Q311H",-0.589817785262908
"Q",311,"I","Q311I",1.88542325328048
"Q",311,"K","Q311K",-0.11890397326741
"Q",311,"L","Q311L",-0.439048256230674
"Q",311,"M","Q311M",-0.813122445739903
"Q",311,"N","Q311N",0.261024116607709
"Q",311,"P","Q311P",-0.972787297060974
"Q",311,"R","Q311R",-0.785849651908694
"Q",311,"S","Q311S",0.0767335626702832
"Q",311,"T","Q311T",-2.05255505445844
"Q",311,"V","Q311V",0.293452993395766
"Q",311,"W","Q311W",-0.113356132417369
"Q",311,"Y","Q311Y",0.844608847315905
"D",312,"A","D312A",-0.430341396690229
"D",312,"C","D312C",-1.32455821638375
"D",312,"E","D312E",-0.408827846472163
"D",312,"F","D312F",-0.768508246243822
"D",312,"G","D312G",-0.112353265037964
"D",312,"H","D312H",0.0845702597887622
"D",312,"I","D312I",0.293495976889928
"D",312,"K","D312K",0.226434120657065
"D",312,"L","D312L",-1.01665264080259
"D",312,"M","D312M",-0.0552991234574809
"D",312,"N","D312N",-0.299432681108322
"D",312,"P","D312P",0.383427074663223
"D",312,"Q","D312Q",-0.564868933100309
"D",312,"R","D312R",0.757213443641019
"D",312,"S","D312S",-0.505148593532886
"D",312,"T","D312T",2.12423808547893
"D",312,"V","D312V",1.66449239743633
"D",312,"W","D312W",1.9009373387656
"D",312,"Y","D312Y",0.104269019426421
"W",313,"A","W313A",-0.596810572668249
"W",313,"C","W313C",2.66424804238063
"W",313,"D","W313D",1.27933592256481
"W",313,"E","W313E",-0.0071023017595803
"W",313,"F","W313F",1.31381042324831
"W",313,"H","W313H",0.0569668745739681
"W",313,"I","W313I",0.576873027553134
"W",313,"K","W313K",0.317867617604805
"W",313,"L","W313L",0.834488400718156
"W",313,"M","W313M",-0.585304541501531
"W",313,"N","W313N",-0.578269552090163
"W",313,"P","W313P",-0.669551480188475
"W",313,"Q","W313Q",-0.591467035628736
"W",313,"R","W313R",-4.17467180769304
"W",313,"S","W313S",-0.64148360632585
"W",313,"T","W313T",-0.358534389997227
"W",313,"V","W313V",1.04883909087741
"W",313,"Y","W313Y",0.328213493201286
"L",314,"A","L314A",0.492264280596957
"L",314,"C","L314C",-0.29028256995517
"L",314,"D","L314D",0.125701884231762
"L",314,"E","L314E",0.535857722092323
"L",314,"F","L314F",-0.203896030933815
"L",314,"G","L314G",0.482544045978365
"L",314,"H","L314H",0.188194629633134
"L",314,"I","L314I",-1.03070231205292
"L",314,"K","L314K",0.135888200387117
"L",314,"M","L314M",0.591311624649547
"L",314,"N","L314N",-0.550156405614564
"L",314,"P","L314P",-1.08078300932082
"L",314,"Q","L314Q",-0.20067435167189
"L",314,"R","L314R",-0.565217920590655
"L",314,"S","L314S",-0.528234477617103
"L",314,"T","L314T",0.434985631217895
"L",314,"V","L314V",-0.469004849178761
"L",314,"W","L314W",0.22090882658806
"L",314,"Y","L314Y",-1.08349347352177
"N",315,"A","N315A",1.31108049544924
"N",315,"C","N315C",0.507991714048003
"N",315,"D","N315D",0.158974221868133
"N",315,"E","N315E",1.41970726058416
"N",315,"F","N315F",-0.292501329115513
"N",315,"G","N315G",-0.181753227872885
"N",315,"H","N315H",-0.692562043181393
"N",315,"I","N315I",-0.246847042584402
"N",315,"K","N315K",-0.783254785280941
"N",315,"L","N315L",0.256908949077297
"N",315,"M","N315M",0.088700645572505
"N",315,"P","N315P",-0.605174351543468
"N",315,"Q","N315Q",-1.25375374073646
"N",315,"R","N315R",0.534716146798014
"N",315,"S","N315S",0.908202662188471
"N",315,"T","N315T",0.761808541136188
"N",315,"V","N315V",0.749750159894722
"N",315,"W","N315W",-0.428234677101717
"N",315,"Y","N315Y",4.56647929794299
"G",316,"A","G316A",-0.331504493672216
"G",316,"C","G316C",-0.40395592516894
"G",316,"D","G316D",-0.410793089635077
"G",316,"E","G316E",-0.123182087187317
"G",316,"F","G316F",0.322809414563193
"G",316,"H","G316H",-0.0398367234121872
"G",316,"I","G316I",-0.0072610832209904
"G",316,"K","G316K",0.670551881690209
"G",316,"L","G316L",2.25895476441713
"G",316,"M","G316M",-0.278331546620933
"G",316,"N","G316N",-0.456901327942844
"G",316,"P","G316P",0.146927301724058
"G",316,"Q","G316Q",0.735297209016685
"G",316,"R","G316R",-1.015835283983
"G",316,"S","G316S",0.457333517194767
"G",316,"T","G316T",2.64115541505781
"G",316,"V","G316V",-0.136740480391419
"G",316,"W","G316W",-0.28995361327531
"G",316,"Y","G316Y",-1.39296676455873
"K",317,"A","K317A",1.30368095350419
"K",317,"C","K317C",-0.0342747599143208
"K",317,"D","K317D",-0.270618282099807
"K",317,"E","K317E",-1.08119835463648
"K",317,"F","K317F",0.626363297232808
"K",317,"G","K317G",0.137285348445796
"K",317,"H","K317H",-0.480869452734886
"K",317,"I","K317I",-0.580830880513786
"K",317,"L","K317L",1.26095420782713
"K",317,"M","K317M",0.0341907345986434
"K",317,"N","K317N",0.403739244430747
"K",317,"P","K317P",1.01262508186831
"K",317,"Q","K317Q",0.558347206349389
"K",317,"R","K317R",0.477276700556439
"K",317,"S","K317S",1.08625910267824
"K",317,"T","K317T",0.0627121044418272
"K",317,"V","K317V",1.10912881999494
"K",317,"W","K317W",1.21102612299854
"K",317,"Y","K317Y",0.152565375422825
"E",318,"A","E318A",-0.775762141011752
"E",318,"C","E318C",-0.331063603189518
"E",318,"D","E318D",-0.0615617729143249
"E",318,"F","E318F",0.48465956085178
"E",318,"G","E318G",0.454676787704884
"E",318,"H","E318H",0.851191643708861
"E",318,"I","E318I",0.138955847684974
"E",318,"K","E318K",0.17536055093338
"E",318,"L","E318L",1.3338382428486
"E",318,"M","E318M",0.930732688626867
"E",318,"N","E318N",1.04228061755931
"E",318,"P","E318P",0.538813476521572
"E",318,"Q","E318Q",0.0500570334251864
"E",318,"R","E318R",-0.0897013843622865
"E",318,"S","E318S",0.996643200387995
"E",318,"T","E318T",1.51005481919626
"E",318,"V","E318V",-0.53058008693587
"E",318,"W","E318W",0.540365565162494
"E",318,"Y","E318Y",1.41097654855928
"Y",319,"A","Y319A",0.37284081780091
"Y",319,"C","Y319C",0.203252248301811
"Y",319,"D","Y319D",-0.745825276659056
"Y",319,"E","Y319E",2.7296160002843
"Y",319,"F","Y319F",-0.672705899529905
"Y",319,"G","Y319G",-0.0826543666880679
"Y",319,"H","Y319H",0.702231906928821
"Y",319,"I","Y319I",0.211927647885027
"Y",319,"K","Y319K",-0.598927336923575
"Y",319,"L","Y319L",0.646412397348326
"Y",319,"M","Y319M",-0.207619461127734
"Y",319,"N","Y319N",-0.690167178680866
"Y",319,"P","Y319P",1.01202711134363
"Y",319,"Q","Y319Q",2.71065795372632
"Y",319,"R","Y319R",1.34752426171341
"Y",319,"S","Y319S",-1.01538077110515
"Y",319,"T","Y319T",-0.385926781054546
"Y",319,"V","Y319V",2.10685760052429
"Y",319,"W","Y319W",-1.0015225509351
"K",320,"A","K320A",0.294496530427247
"K",320,"C","K320C",0.540372343369038
"K",320,"D","K320D",0.178275162729483
"K",320,"E","K320E",0.201631711979535
"K",320,"F","K320F",1.28743765277123
"K",320,"G","K320G",0.0690671654311333
"K",320,"H","K320H",0.324561061163109
"K",320,"I","K320I",-0.156084284767333
"K",320,"L","K320L",0.216312657643211
"K",320,"M","K320M",0.178519014155047
"K",320,"N","K320N",0.791274528029511
"K",320,"P","K320P",-0.00635418082281598
"K",320,"Q","K320Q",-0.170655260565799
"K",320,"R","K320R",-0.975578403331266
"K",320,"S","K320S",0.027372995974504
"K",320,"T","K320T",-0.862635717623864
"K",320,"V","K320V",-0.716425705556397
"K",320,"W","K320W",0.601964928343031
"K",320,"Y","K320Y",-0.427479118747485
"C",321,"A","C321A",0.697175965418734
"C",321,"D","C321D",-0.390390313724192
"C",321,"E","C321E",0.805217408940685
"C",321,"F","C321F",0.452040683093413
"C",321,"G","C321G",1.9665220067085
"C",321,"H","C321H",-1.44790702206926
"C",321,"I","C321I",0.751327766234118
"C",321,"K","C321K",-0.740570540894414
"C",321,"L","C321L",0.400237769975794
"C",321,"M","C321M",-0.570596346338773
"C",321,"N","C321N",-0.100312837967245
"C",321,"P","C321P",-0.263004677038688
"C",321,"Q","C321Q",-0.0962970826397332
"C",321,"R","C321R",0.697530472959098
"C",321,"S","C321S",0.429798851198215
"C",321,"T","C321T",0.49153581930079
"C",321,"V","C321V",1.72881165871849
"C",321,"W","C321W",-0.146535461065089
"C",321,"Y","C321Y",-0.206346780193718
"K",322,"A","K322A",-0.552064517050612
"K",322,"C","K322C",0.77034082925435
"K",322,"D","K322D",0.436589790307299
"K",322,"E","K322E",-0.170923100444334
"K",322,"F","K322F",0.649525884572343
"K",322,"G","K322G",0.667163515516874
"K",322,"H","K322H",-0.235803236726554
"K",322,"I","K322I",-0.0099844774971471
"K",322,"L","K322L",-0.210549657586071
"K",322,"M","K322M",1.30050857976802
"K",322,"N","K322N",0.838753622914497
"K",322,"P","K322P",-0.232097839788601
"K",322,"Q","K322Q",-0.347428042631504
"K",322,"R","K322R",0.769181556539978
"K",322,"S","K322S",-0.312352384090955
"K",322,"T","K322T",0.26453976386381
"K",322,"V","K322V",0.542290177349915
"K",322,"W","K322W",2.07004086169902
"K",322,"Y","K322Y",-0.739778685726359
"V",323,"A","V323A",0.997034764553273
"V",323,"C","V323C",-0.779254155374397
"V",323,"D","V323D",-1.24080905108666
"V",323,"E","V323E",-0.0313929122451251
"V",323,"F","V323F",-0.658114595697175
"V",323,"G","V323G",0.760827337847199
"V",323,"H","V323H",-0.914450127406065
"V",323,"I","V323I",-0.446766723088902
"V",323,"K","V323K",-0.708087235166731
"V",323,"L","V323L",-0.882815946125139
"V",323,"M","V323M",0.841277855501294
"V",323,"N","V323N",-0.213020717467711
"V",323,"P","V323P",-2.95527893660143
"V",323,"Q","V323Q",0.324224159523135
"V",323,"R","V323R",0.154008509988284
"V",323,"S","V323S",0.478948552165402
"V",323,"T","V323T",-0.497571553258086
"V",323,"W","V323W",-1.5789019831957
"V",323,"Y","V323Y",-2.34947170338254
"S",324,"A","S324A",-0.534940824602154
"S",324,"C","S324C",-0.514561229900862
"S",324,"D","S324D",-1.08596196523676
"S",324,"E","S324E",-0.151657734932545
"S",324,"F","S324F",-0.42331520279245
"S",324,"G","S324G",0.00425022181984449
"S",324,"H","S324H",-0.73129536791172
"S",324,"I","S324I",-1.23953788633527
"S",324,"K","S324K",-0.390234373874081
"S",324,"L","S324L",-0.253671454357924
"S",324,"M","S324M",0.600919619067483
"S",324,"N","S324N",0.604170070261223
"S",324,"P","S324P",0.505002248464856
"S",324,"Q","S324Q",1.34613417452347
"S",324,"R","S324R",0.312458437622539
"S",324,"T","S324T",0.19361795522413
"S",324,"V","S324V",-0.445136144972023
"S",324,"W","S324W",-0.485882418132011
"S",324,"Y","S324Y",-0.248630008475186
"N",325,"A","N325A",-0.761978252329589
"N",325,"C","N325C",-0.631812716116097
"N",325,"D","N325D",-1.7311765490047
"N",325,"E","N325E",-2.52213084948376
"N",325,"F","N325F",1.44591770459191
"N",325,"G","N325G",0.86971580476584
"N",325,"H","N325H",0.839335816059501
"N",325,"I","N325I",-5.80027483590782
"N",325,"K","N325K",0.572894196132209
"N",325,"L","N325L",-3.03687269696156
"N",325,"M","N325M",0.402609430141756
"N",325,"P","N325P",0.75400010912511
"N",325,"Q","N325Q",-3.02005657178236
"N",325,"R","N325R",1.83728036273602
"N",325,"S","N325S",0.614585010838123
"N",325,"T","N325T",-2.89295875827042
"N",325,"V","N325V",0.768353353228175
"N",325,"W","N325W",-0.679603109718241
"N",325,"Y","N325Y",-0.321279909398386
"K",326,"A","K326A",3.68540954235072
"K",326,"C","K326C",0.43416040563957
"K",326,"D","K326D",1.91656021365185
"K",326,"E","K326E",2.69196002136929
"K",326,"F","K326F",3.71811865139442
"K",326,"G","K326G",1.30864100205095
"K",326,"H","K326H",-0.500047461613973
"K",326,"I","K326I",1.73982346236631
"K",326,"L","K326L",1.55867520057091
"K",326,"M","K326M",0.0863291282381664
"K",326,"N","K326N",0.604975861856925
"K",326,"P","K326P",0.853494285359671
"K",326,"Q","K326Q",2.97277384562306
"K",326,"R","K326R",1.81966525390555
"K",326,"S","K326S",-0.910010174751764
"K",326,"T","K326T",1.69378049442821
"K",326,"V","K326V",0.828614941445628
"K",326,"W","K326W",0.578613509592702
"K",326,"Y","K326Y",1.14268592607641
"A",327,"C","A327C",0.997439193867141
"A",327,"D","A327D",-0.41099252143959
"A",327,"E","A327E",-0.295806479506487
"A",327,"F","A327F",-2.09375097667772
"A",327,"G","A327G",-0.0215833823006897
"A",327,"H","A327H",-1.57677076938631
"A",327,"I","A327I",-1.35165139181569
"A",327,"K","A327K",-1.23635883980424
"A",327,"L","A327L",-3.00781813509376
"A",327,"M","A327M",-0.502488823749731
"A",327,"N","A327N",-1.03072895256045
"A",327,"P","A327P",-2.26237646444782
"A",327,"Q","A327Q",-1.09980489014814
"A",327,"R","A327R",0.62419111621575
"A",327,"S","A327S",1.32204982352539
"A",327,"T","A327T",-1.78229247033493
"A",327,"V","A327V",-1.59803556049725
"A",327,"W","A327W",-1.67173758265064
"A",327,"Y","A327Y",-1.51444448976053
"L",328,"A","L328A",0.829732263522098
"L",328,"C","L328C",-0.493067528269914
"L",328,"D","L328D",1.64522197174224
"L",328,"E","L328E",-2.04316203609893
"L",328,"F","L328F",0.465866045739946
"L",328,"G","L328G",-1.10600889550148
"L",328,"H","L328H",-1.29620559568705
"L",328,"I","L328I",-0.392973473423294
"L",328,"K","L328K",0.592410360860322
"L",328,"M","L328M",-0.865823484985833
"L",328,"N","L328N",0.0689040760030693
"L",328,"P","L328P",-0.747692796039897
"L",328,"Q","L328Q",0.437239981744072
"L",328,"R","L328R",0.879967701275791
"L",328,"S","L328S",-0.647777308065318
"L",328,"T","L328T",1.70387971444537
"L",328,"V","L328V",0.378365643746256
"L",328,"W","L328W",0.0356517307907986
"L",328,"Y","L328Y",-0.0680449330620362
"P",329,"A","P329A",-0.470908503586039
"P",329,"C","P329C",1.30850913756595
"P",329,"D","P329D",-1.6710761325623
"P",329,"E","P329E",-2.24510386720691
"P",329,"F","P329F",1.8733994429167
"P",329,"G","P329G",-1.83455090184425
"P",329,"H","P329H",-1.14271252499428
"P",329,"I","P329I",-0.24712420076634
"P",329,"K","P329K",-1.74137816490775
"P",329,"L","P329L",-1.00518695686225
"P",329,"M","P329M",1.3006990544042
"P",329,"N","P329N",-5.63597732750887
"P",329,"Q","P329Q",0.579806619657209
"P",329,"R","P329R",0.764583545202067
"P",329,"S","P329S",1.59324672831859
"P",329,"T","P329T",-1.65937708886026
"P",329,"V","P329V",0.1216774504057
"P",329,"W","P329W",2.69835203891563
"P",329,"Y","P329Y",-0.0789459582472188
"A",330,"C","A330C",0.384669145647219
"A",330,"D","A330D",-2.32539644880324
"A",330,"E","A330E",0.0649910588109517
"A",330,"F","A330F",-0.428249912829885
"A",330,"G","A330G",-0.595557368130729
"A",330,"H","A330H",-0.146487070737453
"A",330,"I","A330I",-0.478391265314457
"A",330,"K","A330K",1.00801702329878
"A",330,"L","A330L",-0.312100330616671
"A",330,"M","A330M",1.32329380042249
"A",330,"N","A330N",-0.598557810877379
"A",330,"P","A330P",1.492725007326
"A",330,"Q","A330Q",-0.477734739669565
"A",330,"R","A330R",-0.231139338928763
"A",330,"S","A330S",-0.0673355692378042
"A",330,"T","A330T",0.594188537808578
"A",330,"V","A330V",0.0815687728111571
"A",330,"W","A330W",-1.96635619967494
"A",330,"Y","A330Y",-0.321542180993461
"P",331,"A","P331A",0.0847292825254845
"P",331,"C","P331C",-0.3900042176731
"P",331,"D","P331D",-0.275219664214679
"P",331,"E","P331E",-0.133226272182318
"P",331,"F","P331F",-0.0591384807525786
"P",331,"G","P331G",-1.39380463819062
"P",331,"H","P331H",1.28494323409999
"P",331,"I","P331I",-0.565465527574724
"P",331,"K","P331K",-0.677842127334243
"P",331,"L","P331L",0.114804144766578
"P",331,"M","P331M",-0.0471258751303023
"P",331,"N","P331N",-0.224638291699412
"P",331,"Q","P331Q",0.849037189910155
"P",331,"R","P331R",-0.573975986223667
"P",331,"S","P331S",0.513753563331187
"P",331,"T","P331T",-0.0458355377161781
"P",331,"V","P331V",-1.21398188043073
"P",331,"W","P331W",0.4072789877205
"P",331,"Y","P331Y",0.698903527688599
"I",332,"C","I332C",0.562474376679557
"I",332,"D","I332D",-1.40038797449788
"I",332,"E","I332E",-1.99389632310342
"I",332,"F","I332F",-0.126936761536243
"I",332,"G","I332G",1.26187915637512
"I",332,"H","I332H",0.170302606351666
"I",332,"K","I332K",-0.901065831995582
"I",332,"L","I332L",-0.436316473399832
"I",332,"M","I332M",0.227218313377812
"I",332,"N","I332N",-1.01384904876222
"I",332,"P","I332P",-0.554596190654801
"I",332,"Q","I332Q",-0.877026338884561
"I",332,"R","I332R",-2.23733872283734
"I",332,"S","I332S",3.12568113325979
"I",332,"T","I332T",-0.81414166646318
"I",332,"V","I332V",1.59586660847178
"I",332,"W","I332W",1.13716348756468
"I",332,"Y","I332Y",0.576171960167885
"E",333,"A","E333A",0.297258295384266
"E",333,"C","E333C",0.280337588352417
"E",333,"D","E333D",0.0123754487811119
"E",333,"F","E333F",1.01063453550265
"E",333,"G","E333G",0.580862704445896
"E",333,"H","E333H",0.904272916233448
"E",333,"I","E333I",0.263289288929516
"E",333,"K","E333K",0.359802360753406
"E",333,"L","E333L",0.0458746760151625
"E",333,"M","E333M",-0.148345861100447
"E",333,"N","E333N",1.31754609907415
"E",333,"P","E333P",0.539817518632948
"E",333,"Q","E333Q",0.19271388878072
"E",333,"R","E333R",-0.151996699965245
"E",333,"S","E333S",1.28428438558371
"E",333,"T","E333T",-0.255671158709801
"E",333,"V","E333V",-0.347345882913405
"E",333,"W","E333W",-0.0768129874225914
"E",333,"Y","E333Y",0.263860107198552
"K",334,"A","K334A",1.43261869837893
"K",334,"C","K334C",0.259325492408327
"K",334,"D","K334D",0.0545517695424388
"K",334,"E","K334E",0.111627994072938
"K",334,"F","K334F",-0.160467797851249
"K",334,"G","K334G",0.555209075512357
"K",334,"H","K334H",0.807030682997897
"K",334,"I","K334I",0.598872774314442
"K",334,"L","K334L",0.782816387112538
"K",334,"M","K334M",0.0388405930716625
"K",334,"N","K334N",-1.03355462631954
"K",334,"P","K334P",1.05964137184151
"K",334,"Q","K334Q",1.02447040720709
"K",334,"R","K334R",0.474726945831113
"K",334,"S","K334S",1.02326701306594
"K",334,"T","K334T",-0.628919203223622
"K",334,"V","K334V",-0.358292446507295
"K",334,"W","K334W",1.68082078207312
"K",334,"Y","K334Y",-1.25852854251334
"T",335,"A","T335A",0.433621002943895
"T",335,"C","T335C",0.304970799321897
"T",335,"D","T335D",-0.940742902927003
"T",335,"E","T335E",0.686169941277031
"T",335,"F","T335F",0.300391272398496
"T",335,"G","T335G",0.44975940835569
"T",335,"H","T335H",0.143168481719419
"T",335,"I","T335I",0.874786170485573
"T",335,"K","T335K",-0.512824168605155
"T",335,"L","T335L",0.220445222638548
"T",335,"M","T335M",0.160825763503865
"T",335,"N","T335N",1.53518057120596
"T",335,"P","T335P",0.703064788523444
"T",335,"Q","T335Q",-1.43639365449112
"T",335,"R","T335R",-0.306567535274096
"T",335,"S","T335S",0.399558686824773
"T",335,"V","T335V",-0.0878251103276799
"T",335,"W","T335W",0.949904500631024
"T",335,"Y","T335Y",1.06191520266706
"I",336,"A","I336A",-0.0716084530627021
"I",336,"C","I336C",-1.3340362278127
"I",336,"D","I336D",-0.224818835806936
"I",336,"E","I336E",-1.39227641168999
"I",336,"F","I336F",0.908050281808538
"I",336,"G","I336G",-0.0791190955432997
"I",336,"H","I336H",0.297041381970294
"I",336,"K","I336K",0.410747084305979
"I",336,"L","I336L",-0.198068164505471
"I",336,"M","I336M",0.843343544106829
"I",336,"N","I336N",1.02315588475887
"I",336,"P","I336P",-0.723774284944435
"I",336,"Q","I336Q",0.754418733924285
"I",336,"R","I336R",0.542368396922472
"I",336,"S","I336S",-1.34999487807611
"I",336,"T","I336T",-0.0307854354920494
"I",336,"V","I336V",-1.52687836552212
"I",336,"W","I336W",0.617664456289449
"I",336,"Y","I336Y",-0.477259679169382
"S",337,"A","S337A",0.477311915451213
"S",337,"C","S337C",0.952057888397376
"S",337,"D","S337D",-1.22757885637054
"S",337,"E","S337E",1.11630736820446
"S",337,"F","S337F",-0.223223720522917
"S",337,"G","S337G",-0.171317899476238
"S",337,"H","S337H",-0.434798387275722
"S",337,"I","S337I",-0.203365304331988
"S",337,"K","S337K",0.501599593535967
"S",337,"L","S337L",-1.0399659857046
"S",337,"M","S337M",0.37717403463238
"S",337,"N","S337N",1.33668498477629
"S",337,"P","S337P",-0.323726513551751
"S",337,"Q","S337Q",-0.262246809120054
"S",337,"R","S337R",0.0311541042708574
"S",337,"T","S337T",1.57735382800403
"S",337,"V","S337V",-0.342511153433652
"S",337,"W","S337W",1.6299672739267
"S",337,"Y","S337Y",1.67259403790982
"K",338,"A","K338A",0.724884411198472
"K",338,"C","K338C",0.145756099618086
"K",338,"D","K338D",-0.685437085323071
"K",338,"E","K338E",1.04428794257007
"K",338,"F","K338F",-0.530477346575919
"K",338,"G","K338G",1.48412399443513
"K",338,"H","K338H",0.0670000845241163
"K",338,"I","K338I",-0.56626955399092
"K",338,"L","K338L",0.172108253720333
"K",338,"M","K338M",1.90540824042571
"K",338,"N","K338N",-0.606191532265181
"K",338,"P","K338P",-1.05096958952179
"K",338,"Q","K338Q",0.909028657483872
"K",338,"R","K338R",-0.122762660939108
"K",338,"S","K338S",0.885963778921627
"K",338,"T","K338T",-0.467942116527205
"K",338,"V","K338V",-0.283038592907302
"K",338,"W","K338W",1.13796959998955
"K",338,"Y","K338Y",-0.303053896412335
"A",339,"C","A339C",0.801057963120978
"A",339,"D","A339D",-0.378074084853044
"A",339,"E","A339E",1.30245610203272
"A",339,"F","A339F",0.28958910565471
"A",339,"G","A339G",-0.351575994339605
"A",339,"H","A339H",-0.272790194463385
"A",339,"I","A339I",-1.65404077175631
"A",339,"K","A339K",-0.208840209850302
"A",339,"L","A339L",1.18184797356155
"A",339,"M","A339M",1.84643512778152
"A",339,"N","A339N",0.0859560716302263
"A",339,"P","A339P",1.37085455995519
"A",339,"Q","A339Q",-1.25314965039913
"A",339,"R","A339R",-1.71503318165425
"A",339,"S","A339S",-1.30394007838206
"A",339,"T","A339T",-0.18926501182645
"A",339,"V","A339V",0.692965606176434
"A",339,"W","A339W",-0.271332497433331
"A",339,"Y","A339Y",-1.27192112682554
"K",340,"A","K340A",0.311750795675131
"K",340,"C","K340C",-0.753964874298793
"K",340,"D","K340D",0.240611312173293
"K",340,"E","K340E",0.134365614932369
"K",340,"F","K340F",-0.564170565241361
"K",340,"G","K340G",-0.0592949860930058
"K",340,"H","K340H",-0.0248371596130274
"K",340,"I","K340I",0.821612240312466
"K",340,"L","K340L",1.30169709046712
"K",340,"M","K340M",-0.0311041289805906
"K",340,"N","K340N",-0.734612067859244
"K",340,"P","K340P",-1.16002429889421
"K",340,"Q","K340Q",-0.696250331672107
"K",340,"R","K340R",0.96856010498907
"K",340,"S","K340S",0.28983865918881
"K",340,"T","K340T",0.80169276673524
"K",340,"V","K340V",-0.00271990328308535
"K",340,"W","K340W",-0.293742480508113
"K",340,"Y","K340Y",0.250205360721536
"G",341,"A","G341A",0.345000484683383
"G",341,"C","G341C",0.250896178493044
"G",341,"D","G341D",-0.745599052580719
"G",341,"E","G341E",-0.149138630977969
"G",341,"F","G341F",-0.531762788173839
"G",341,"H","G341H",0.629487169090042
"G",341,"I","G341I",0.691845410975587
"G",341,"K","G341K",-0.419016715483912
"G",341,"L","G341L",-1.37549282656396
"G",341,"M","G341M",0.537318757763087
"G",341,"N","G341N",0.541745021524648
"G",341,"P","G341P",2.45813552268604
"G",341,"Q","G341Q",0.181870279251051
"G",341,"R","G341R",-1.04496660796689
"G",341,"S","G341S",-0.185566066704387
"G",341,"T","G341T",-0.249091207983436
"G",341,"V","G341V",1.10339919609375
"G",341,"W","G341W",1.0678018878737
"G",341,"Y","G341Y",-0.474440725244458
"Q",342,"A","Q342A",1.73488988307475
"Q",342,"C","Q342C",-0.205238976295472
"Q",342,"D","Q342D",-0.0603926992806835
"Q",342,"E","Q342E",-0.11521784136897
"Q",342,"F","Q342F",0.765576548473079
"Q",342,"G","Q342G",1.24255937736034
"Q",342,"H","Q342H",0.100079677280644
"Q",342,"I","Q342I",-0.276425718904914
"Q",342,"K","Q342K",-0.433838984633833
"Q",342,"L","Q342L",-0.153079124034432
"Q",342,"M","Q342M",-0.11178012996496
"Q",342,"N","Q342N",-0.701564335693578
"Q",342,"P","Q342P",0.808178461377815
"Q",342,"R","Q342R",-0.366986604419505
"Q",342,"S","Q342S",-0.17515780749575
"Q",342,"T","Q342T",0.30690553615069
"Q",342,"V","Q342V",-0.727858050097349
"Q",342,"W","Q342W",0.286110889352512
"Q",342,"Y","Q342Y",0.902680290076182
"P",343,"A","P343A",0.756484882077198
"P",343,"C","P343C",0.117949171491511
"P",343,"D","P343D",-0.72229515786199
"P",343,"E","P343E",-0.251987501554961
"P",343,"F","P343F",-0.355322161605947
"P",343,"G","P343G",-0.62089627101007
"P",343,"H","P343H",-0.688508073584428
"P",343,"I","P343I",-0.402524960317085
"P",343,"K","P343K",0.136981704088515
"P",343,"L","P343L",0.214936774800145
"P",343,"M","P343M",0.891742491937266
"P",343,"N","P343N",-1.41000194783705
"P",343,"Q","P343Q",-0.0855187434532434
"P",343,"R","P343R",2.48927424320267
"P",343,"S","P343S",-0.988182658755621
"P",343,"T","P343T",-0.0747200093751995
"P",343,"V","P343V",-0.49445767306899
"P",343,"W","P343W",0.119835480386956
"P",343,"Y","P343Y",-0.17186711798607
"R",344,"A","R344A",-0.660936241867859
"R",344,"C","R344C",1.42156732734874
"R",344,"D","R344D",1.21668473732056
"R",344,"E","R344E",0.222781771004022
"R",344,"F","R344F",0.287283379766189
"R",344,"G","R344G",2.57230599452839
"R",344,"H","R344H",1.88286856217681
"R",344,"I","R344I",0.683418795685976
"R",344,"K","R344K",0.193159229833656
"R",344,"L","R344L",0.578374596748209
"R",344,"M","R344M",-1.09188813300231
"R",344,"N","R344N",0.0843860405652299
"R",344,"P","R344P",0.797128932204515
"R",344,"Q","R344Q",0.502061830776339
"R",344,"S","R344S",0.669388690689353
"R",344,"T","R344T",1.0503749161357
"R",344,"V","R344V",-1.73290847278612
"R",344,"Y","R344Y",3.29962236176444
"E",345,"A","E345A",-0.203429961160393
"E",345,"C","E345C",-0.619297833186553
"E",345,"D","E345D",-0.343334245577595
"E",345,"F","E345F",-0.989127208828903
"E",345,"G","E345G",-0.106119683402227
"E",345,"H","E345H",-0.316274628298256
"E",345,"I","E345I",-1.27976049377393
"E",345,"K","E345K",-0.49494383255091
"E",345,"L","E345L",0.698276095391015
"E",345,"M","E345M",-0.340718159874134
"E",345,"N","E345N",-0.880032220669792
"E",345,"P","E345P",-0.49058862654866
"E",345,"Q","E345Q",-0.295046051636885
"E",345,"R","E345R",-0.290278180572638
"E",345,"S","E345S",-0.524138772325364
"E",345,"T","E345T",1.68954411375571
"E",345,"V","E345V",0.729068912778741
"E",345,"W","E345W",-1.49201227671463
"E",345,"Y","E345Y",0.751298561486009
"P",346,"A","P346A",0.28953521346544
"P",346,"C","P346C",0.807677566887842
"P",346,"D","P346D",0.0868333356381368
"P",346,"E","P346E",0.401707383161367
"P",346,"F","P346F",0.145119614782803
"P",346,"G","P346G",-0.676548169726826
"P",346,"H","P346H",0.227051312329444
"P",346,"I","P346I",2.71527822455978
"P",346,"K","P346K",-3.81492989770648
"P",346,"L","P346L",-2.87139682952866
"P",346,"M","P346M",-0.519937554701406
"P",346,"N","P346N",0.699601639727115
"P",346,"Q","P346Q",1.1600753935069
"P",346,"R","P346R",0.660302087160093
"P",346,"S","P346S",-0.370704664871798
"P",346,"T","P346T",-0.565452690662416
"P",346,"V","P346V",0.220175752573159
"P",346,"W","P346W",-0.287045232304838
"P",346,"Y","P346Y",0.0155183163420412
"Q",347,"A","Q347A",-0.18453881059555
"Q",347,"C","Q347C",0.266889014950118
"Q",347,"D","Q347D",-0.102845668228653
"Q",347,"E","Q347E",-0.0660317967130731
"Q",347,"F","Q347F",1.13246764733866
"Q",347,"G","Q347G",-0.433951004785785
"Q",347,"H","Q347H",0.0268105108989072
"Q",347,"I","Q347I",0.0314418222292923
"Q",347,"K","Q347K",-0.184474240773043
"Q",347,"L","Q347L",0.994533855714773
"Q",347,"M","Q347M",-0.0785309843298453
"Q",347,"N","Q347N",-0.710533240391425
"Q",347,"P","Q347P",0.37042689228238
"Q",347,"R","Q347R",0.550301412800345
"Q",347,"S","Q347S",-0.476904378022107
"Q",347,"T","Q347T",-0.262391521316744
"Q",347,"V","Q347V",0.285762488993077
"Q",347,"W","Q347W",0.0932032238334593
"Q",347,"Y","Q347Y",0.335561733605809
"V",348,"A","V348A",-0.211349748911681
"V",348,"C","V348C",-0.582946663579035
"V",348,"D","V348D",-2.03851076924638
"V",348,"E","V348E",0.816710515554715
"V",348,"F","V348F",0.384583930290796
"V",348,"G","V348G",-0.532924765287279
"V",348,"H","V348H",0.497673103874553
"V",348,"I","V348I",-0.850605004190661
"V",348,"K","V348K",0.239328037611578
"V",348,"L","V348L",0.419796097461315
"V",348,"M","V348M",0.177112574327068
"V",348,"N","V348N",-1.6967343133769
"V",348,"P","V348P",-0.0919435596998902
"V",348,"Q","V348Q",0.785181651613097
"V",348,"R","V348R",-1.53684939440119
"V",348,"S","V348S",-0.55986896926244
"V",348,"T","V348T",0.55150433839427
"V",348,"W","V348W",0.60012243355341
"V",348,"Y","V348Y",-0.130134631770231
"Y",349,"A","Y349A",-0.23977887161872
"Y",349,"C","Y349C",2.08687118702254
"Y",349,"D","Y349D",-0.1933404468478
"Y",349,"E","Y349E",0.0518759705287321
"Y",349,"F","Y349F",-0.641507476078367
"Y",349,"G","Y349G",-0.401756244424162
"Y",349,"H","Y349H",-0.961802448844103
"Y",349,"I","Y349I",0.219526056514294
"Y",349,"K","Y349K",0.312229736736655
"Y",349,"L","Y349L",-0.122095760611521
"Y",349,"M","Y349M",0.131368220195051
"Y",349,"N","Y349N",-0.21812602272422
"Y",349,"P","Y349P",-0.376909956397824
"Y",349,"Q","Y349Q",0.174454898477234
"Y",349,"R","Y349R",-0.639141072478381
"Y",349,"S","Y349S",0.338198089352831
"Y",349,"T","Y349T",0.657957703327855
"Y",349,"V","Y349V",-0.121009863215936
"Y",349,"W","Y349W",2.35880498576994
"T",350,"A","T350A",-0.229572116567729
"T",350,"C","T350C",1.15631876468469
"T",350,"D","T350D",-0.614575034891077
"T",350,"E","T350E",0.0811963051885092
"T",350,"F","T350F",-0.0122983252656578
"T",350,"G","T350G",1.12547074102011
"T",350,"H","T350H",0.481735913338835
"T",350,"I","T350I",0.197240446240532
"T",350,"K","T350K",0.315616714531881
"T",350,"L","T350L",-1.05140236513277
"T",350,"M","T350M",0.209845992975448
"T",350,"N","T350N",-1.63429932295469
"T",350,"P","T350P",0.0351453620444575
"T",350,"Q","T350Q",0.406055118403201
"T",350,"R","T350R",-0.37567102481289
"T",350,"S","T350S",-1.12995800278954
"T",350,"V","T350V",0.695348938931756
"T",350,"W","T350W",-0.668804682954242
"T",350,"Y","T350Y",1.57006610462378
"L",351,"A","L351A",0.291278993098911
"L",351,"C","L351C",0.652534206496631
"L",351,"D","L351D",0.257905813907815
"L",351,"E","L351E",-0.896594706937899
"L",351,"F","L351F",0.513414479577649
"L",351,"G","L351G",0.0901617199751136
"L",351,"H","L351H",-2.05457209705498
"L",351,"I","L351I",-1.56863111433475
"L",351,"K","L351K",-0.53866156010535
"L",351,"M","L351M",0.460851472001743
"L",351,"N","L351N",0.447435362710143
"L",351,"P","L351P",1.18938929392661
"L",351,"Q","L351Q",-0.776661367791041
"L",351,"R","L351R",-1.57192900014327
"L",351,"S","L351S",1.69793044310622
"L",351,"T","L351T",0.940524569270212
"L",351,"V","L351V",-0.0665594895651158
"L",351,"W","L351W",-2.19922820108743
"L",351,"Y","L351Y",-0.0482445894777274
"P",352,"A","P352A",0.124932988883198
"P",352,"C","P352C",0.955564923641226
"P",352,"D","P352D",0.113827246738661
"P",352,"E","P352E",0.673834756305141
"P",352,"F","P352F",-0.551347719386903
"P",352,"G","P352G",-0.248583641831525
"P",352,"H","P352H",0.211588522567297
"P",352,"I","P352I",0.238516415997265
"P",352,"K","P352K",-0.581714003077974
"P",352,"L","P352L",-0.316252391314473
"P",352,"M","P352M",-1.0251651686627
"P",352,"N","P352N",-0.183361399666005
"P",352,"Q","P352Q",-0.219215267410318
"P",352,"R","P352R",0.403105733431411
"P",352,"S","P352S",-0.754916634020045
"P",352,"T","P352T",0.540201018686583
"P",352,"V","P352V",-1.11964159709941
"P",352,"W","P352W",-1.15715258771453
"P",352,"Y","P352Y",-1.06112441006785
"P",353,"A","P353A",-0.741153109165315
"P",353,"C","P353C",0.602213671872393
"P",353,"D","P353D",-1.238457519058
"P",353,"E","P353E",-0.0300417532342497
"P",353,"F","P353F",0.811886432513039
"P",353,"G","P353G",-1.07766763135275
"P",353,"H","P353H",-1.00168614112365
"P",353,"I","P353I",0.0549721723343892
"P",353,"K","P353K",0.81399098540404
"P",353,"L","P353L",0.239945174739451
"P",353,"M","P353M",1.02346300732503
"P",353,"N","P353N",-0.206602178072996
"P",353,"Q","P353Q",0.352177721930918
"P",353,"R","P353R",-0.366048583258897
"P",353,"S","P353S",-1.04408453097659
"P",353,"T","P353T",0.0264425384628192
"P",353,"V","P353V",0.198609681733623
"P",353,"W","P353W",0.0309586602023961
"P",353,"Y","P353Y",0.632622694153338
"S",354,"A","S354A",-0.857425654077013
"S",354,"C","S354C",-0.495016593109122
"S",354,"D","S354D",-0.206964285959261
"S",354,"E","S354E",0.196385577591738
"S",354,"F","S354F",-0.480845420465613
"S",354,"G","S354G",-0.912829334966507
"S",354,"H","S354H",2.52521523303169
"S",354,"I","S354I",-0.105048264246978
"S",354,"K","S354K",-0.109295754068389
"S",354,"L","S354L",-0.381793786132067
"S",354,"M","S354M",-0.0142435504998002
"S",354,"N","S354N",-0.191069200048216
"S",354,"P","S354P",-0.0725872798559103
"S",354,"Q","S354Q",0.11891141868912
"S",354,"R","S354R",0.0136648525563228
"S",354,"T","S354T",-0.132236145580902
"S",354,"V","S354V",-0.291630513856633
"S",354,"W","S354W",-0.755092951374921
"S",354,"Y","S354Y",1.92140160118367
"R",355,"A","R355A",1.48076958434842
"R",355,"C","R355C",-0.104312285748839
"R",355,"D","R355D",-0.797478252964718
"R",355,"E","R355E",0.0916900498193276
"R",355,"F","R355F",-0.45990507466974
"R",355,"G","R355G",0.490783441124231
"R",355,"H","R355H",-0.365840179548666
"R",355,"I","R355I",-0.158868076626424
"R",355,"K","R355K",-0.0118384410031717
"R",355,"L","R355L",0.137486651823182
"R",355,"M","R355M",0.403891109815573
"R",355,"N","R355N",1.45449581273226
"R",355,"P","R355P",0.615389792960013
"R",355,"Q","R355Q",-1.56400971564205
"R",355,"S","R355S",-0.595170902478955
"R",355,"T","R355T",0.551718620835166
"R",355,"V","R355V",-0.304603331864677
"R",355,"W","R355W",0.734816236562018
"R",355,"Y","R355Y",0.532053838314219
"D",356,"A","D356A",-0.109062009658361
"D",356,"C","D356C",0.248361209260388
"D",356,"E","D356E",0.0296850690580362
"D",356,"F","D356F",0.659826983647324
"D",356,"G","D356G",0.279727037323226
"D",356,"H","D356H",0.49686757378333
"D",356,"I","D356I",0.144870064026405
"D",356,"K","D356K",-0.240788621085879
"D",356,"L","D356L",-0.292989278859623
"D",356,"M","D356M",-1.26770595578879
"D",356,"N","D356N",0.722593850335245
"D",356,"P","D356P",-0.615575315607704
"D",356,"Q","D356Q",1.45417900468567
"D",356,"R","D356R",-0.0136035361393105
"D",356,"S","D356S",0.394807307518051
"D",356,"T","D356T",1.34159906572539
"D",356,"V","D356V",-0.241816460070822
"D",356,"W","D356W",-0.45952853530237
"D",356,"Y","D356Y",0.0155204724235604
"E",357,"A","E357A",-0.965668119342599
"E",357,"C","E357C",0.337564251059529
"E",357,"D","E357D",0.0703441506889204
"E",357,"F","E357F",-0.127449130079305
"E",357,"G","E357G",-0.0687087390737483
"E",357,"H","E357H",-0.45345004755293
"E",357,"I","E357I",0.618169533465473
"E",357,"K","E357K",-0.153404435937644
"E",357,"L","E357L",0.000942675374765212
"E",357,"M","E357M",0.41141654178304
"E",357,"N","E357N",0.0791517100318707
"E",357,"Q","E357Q",0.704005709275164
"E",357,"R","E357R",-0.655800484616102
"E",357,"S","E357S",0.50245522478842
"E",357,"T","E357T",-0.486635932185585
"E",357,"V","E357V",-0.0212961123160255
"E",357,"W","E357W",0.643388983323645
"E",357,"Y","E357Y",-0.624416031097854
"L",358,"A","L358A",-0.913356085163754
"L",358,"C","L358C",0.441762145447241
"L",358,"D","L358D",0.606538490451884
"L",358,"E","L358E",-0.244309121867092
"L",358,"F","L358F",-0.03282421051242
"L",358,"G","L358G",-1.24841452667557
"L",358,"H","L358H",0.114901076727485
"L",358,"I","L358I",0.216712503585081
"L",358,"K","L358K",-0.282812135397143
"L",358,"M","L358M",-0.603909921942226
"L",358,"N","L358N",0.234734214236024
"L",358,"P","L358P",0.507052915911132
"L",358,"Q","L358Q",-0.611503620509244
"L",358,"R","L358R",0.567843068870904
"L",358,"S","L358S",-0.919862549442732
"L",358,"T","L358T",-1.02662545181754
"L",358,"V","L358V",-0.370884993046482
"L",358,"W","L358W",0.154779244262905
"L",358,"Y","L358Y",-1.28402209020754
"T",359,"A","T359A",0.184754517365993
"T",359,"C","T359C",0.161803280863487
"T",359,"D","T359D",-0.942539025560739
"T",359,"E","T359E",0.235852513264252
"T",359,"F","T359F",-0.791921566497335
"T",359,"G","T359G",0.17127518489734
"T",359,"H","T359H",1.13179248056244
"T",359,"I","T359I",0.0469359085636364
"T",359,"K","T359K",-0.0708751060266157
"T",359,"L","T359L",0.441100284711553
"T",359,"M","T359M",1.50151624354182
"T",359,"N","T359N",1.40721345111993
"T",359,"P","T359P",-0.171066447593256
"T",359,"Q","T359Q",0.309719965144748
"T",359,"R","T359R",0.445411679867626
"T",359,"S","T359S",0.741870723991583
"T",359,"V","T359V",2.25074713910731
"T",359,"W","T359W",0.684607034904801
"T",359,"Y","T359Y",0.0462910441168086
"K",360,"A","K360A",-0.229808211656032
"K",360,"C","K360C",0.188232625965629
"K",360,"D","K360D",0.133581451811599
"K",360,"E","K360E",0.405457767412731
"K",360,"F","K360F",0.267099426080922
"K",360,"G","K360G",0.0633958069569865
"K",360,"H","K360H",0.618929225170689
"K",360,"I","K360I",0.746175048299951
"K",360,"L","K360L",1.4345011089561
"K",360,"M","K360M",0.0901135470543229
"K",360,"N","K360N",2.00710797618742
"K",360,"P","K360P",-0.747729489829553
"K",360,"Q","K360Q",-0.571580428294895
"K",360,"R","K360R",-0.00953025262367561
"K",360,"S","K360S",1.41565403968841
"K",360,"T","K360T",0.280321175236449
"K",360,"V","K360V",-0.392391371294751
"K",360,"W","K360W",0.141478383019118
"K",360,"Y","K360Y",-0.781949627943572
"N",361,"A","N361A",-0.6559184854494
"N",361,"C","N361C",0.375566293541511
"N",361,"D","N361D",-0.236851223563568
"N",361,"E","N361E",-0.0589749971006319
"N",361,"F","N361F",0.310676963692553
"N",361,"G","N361G",-1.81252759865707
"N",361,"H","N361H",-0.200391380100844
"N",361,"I","N361I",-1.08099365510152
"N",361,"K","N361K",0.442931117462508
"N",361,"L","N361L",0.00173372961416946
"N",361,"M","N361M",0.0561625373266086
"N",361,"P","N361P",-0.743440774076384
"N",361,"Q","N361Q",0.138359912487717
"N",361,"R","N361R",-0.897519233622497
"N",361,"S","N361S",-0.260714142331274
"N",361,"T","N361T",0.144487063841113
"N",361,"V","N361V",-1.35139015435713
"N",361,"W","N361W",-0.171378866721454
"N",361,"Y","N361Y",0.0899235715439797
"Q",362,"A","Q362A",0.448492573369291
"Q",362,"C","Q362C",0.977592295256402
"Q",362,"D","Q362D",0.890139060495798
"Q",362,"E","Q362E",0.468777998074892
"Q",362,"F","Q362F",-0.6334690158037
"Q",362,"G","Q362G",-0.279343751775107
"Q",362,"H","Q362H",-0.113622537357823
"Q",362,"I","Q362I",0.0284468249703421
"Q",362,"K","Q362K",-0.45205746855427
"Q",362,"L","Q362L",-0.833941626893413
"Q",362,"M","Q362M",0.206802285868664
"Q",362,"N","Q362N",0.300953576669273
"Q",362,"P","Q362P",-0.153566372761962
"Q",362,"R","Q362R",-0.876453237483993
"Q",362,"S","Q362S",0.762343136717141
"Q",362,"T","Q362T",1.63149735413962
"Q",362,"V","Q362V",-0.600699966261621
"Q",362,"W","Q362W",-0.187785575023059
"Q",362,"Y","Q362Y",1.00910515575746
"V",363,"A","V363A",0.326157219313444
"V",363,"C","V363C",0.220901112801407
"V",363,"D","V363D",-0.743908820024556
"V",363,"E","V363E",-1.84424435315906
"V",363,"F","V363F",-0.139981141044769
"V",363,"G","V363G",1.07285465763615
"V",363,"H","V363H",-0.583701377615869
"V",363,"I","V363I",2.27979783652966
"V",363,"K","V363K",0.0034222477535478
"V",363,"L","V363L",0.891739052743742
"V",363,"M","V363M",1.20374886858595
"V",363,"N","V363N",0.29400122128433
"V",363,"P","V363P",0.213202229717942
"V",363,"Q","V363Q",-0.178825679674449
"V",363,"R","V363R",-1.33562213835787
"V",363,"S","V363S",0.564362466629653
"V",363,"T","V363T",-1.2136170099564
"V",363,"W","V363W",0.432019585920478
"V",363,"Y","V363Y",0.468964461097745
"S",364,"A","S364A",1.07391064031419
"S",364,"C","S364C",-0.840487458783755
"S",364,"D","S364D",1.15180996261133
"S",364,"E","S364E",0.126182876614306
"S",364,"F","S364F",-0.600595966139426
"S",364,"G","S364G",0.28890651053886
"S",364,"H","S364H",-0.768275976207494
"S",364,"I","S364I",0.653463001012099
"S",364,"K","S364K",0.722055107343483
"S",364,"L","S364L",-0.370759675137965
"S",364,"M","S364M",-0.14761112367252
"S",364,"N","S364N",1.11402318199033
"S",364,"P","S364P",0.0936999447459528
"S",364,"Q","S364Q",-0.0143888879927668
"S",364,"R","S364R",0.160233578900445
"S",364,"T","S364T",0.150070228273669
"S",364,"V","S364V",-0.768438073658498
"S",364,"W","S364W",0.639530215779403
"S",364,"Y","S364Y",-0.386253071954157
"L",365,"A","L365A",0.566582513462938
"L",365,"C","L365C",0.351373491843378
"L",365,"D","L365D",-0.777166572210564
"L",365,"E","L365E",-1.4762832625252
"L",365,"F","L365F",-0.427890430110712
"L",365,"G","L365G",-0.178401558504914
"L",365,"H","L365H",-0.596925264642513
"L",365,"I","L365I",0.375715450862593
"L",365,"K","L365K",0.184979934893255
"L",365,"M","L365M",-0.990625186828409
"L",365,"N","L365N",-0.357702484704284
"L",365,"P","L365P",-0.438047761922331
"L",365,"Q","L365Q",1.16240434261164
"L",365,"R","L365R",0.515848584176219
"L",365,"S","L365S",-0.175273386634055
"L",365,"T","L365T",0.554302767115789
"L",365,"V","L365V",-0.0627786832361788
"L",365,"W","L365W",0.784409356523127
"L",365,"Y","L365Y",0.0238322666892064
"T",366,"A","T366A",0.221274098593104
"T",366,"C","T366C",0.468253799932921
"T",366,"D","T366D",0.59973845087117
"T",366,"E","T366E",0.547293652579955
"T",366,"F","T366F",-1.20935677567823
"T",366,"G","T366G",-0.862390236687607
"T",366,"H","T366H",0.0439327854046993
"T",366,"I","T366I",-0.794162238617038
"T",366,"K","T366K",0.839319757465673
"T",366,"L","T366L",0.20387985081593
"T",366,"M","T366M",-0.569942855292249
"T",366,"N","T366N",0.915718644973765
"T",366,"P","T366P",-0.167771692360578
"T",366,"Q","T366Q",-0.99877023660432
"T",366,"R","T366R",0.552542069382441
"T",366,"S","T366S",0.979666934628876
"T",366,"V","T366V",-0.793218732424467
"T",366,"W","T366W",0.159907730029091
"T",366,"Y","T366Y",0.555024836143716
"C",367,"A","C367A",-1.11986437594593
"C",367,"D","C367D",-3.69214749869699
"C",367,"E","C367E",0.290745123327176
"C",367,"F","C367F",-0.798888826253253
"C",367,"G","C367G",0.0577611008878563
"C",367,"H","C367H",-0.922521195887791
"C",367,"I","C367I",-0.275124471471309
"C",367,"K","C367K",-0.731396470739352
"C",367,"L","C367L",-0.489794696732346
"C",367,"M","C367M",-0.259304717596776
"C",367,"N","C367N",-1.70891603374339
"C",367,"P","C367P",-3.70724643436422
"C",367,"Q","C367Q",-0.181140949959421
"C",367,"R","C367R",-1.10908368594426
"C",367,"S","C367S",-0.28974679813507
"C",367,"T","C367T",-1.28908837943007
"C",367,"V","C367V",1.39319272397169
"C",367,"W","C367W",-0.416583205517134
"C",367,"Y","C367Y",-0.841405238290301
"L",368,"A","L368A",1.08234340621897
"L",368,"C","L368C",-0.226812128640683
"L",368,"D","L368D",-0.285672838957593
"L",368,"E","L368E",-0.235725317501167
"L",368,"F","L368F",1.3254981429358
"L",368,"G","L368G",-0.113008031772895
"L",368,"H","L368H",0.727112201436621
"L",368,"I","L368I",-0.7206259900934
"L",368,"K","L368K",-0.0780129870325969
"L",368,"M","L368M",0.413395531665496
"L",368,"N","L368N",0.13150170256531
"L",368,"P","L368P",0.44592908029784
"L",368,"Q","L368Q",0.502887714739823
"L",368,"R","L368R",-0.962492153566239
"L",368,"S","L368S",-0.943686270644447
"L",368,"T","L368T",-0.29273918810007
"L",368,"V","L368V",1.59486552607419
"L",368,"W","L368W",-0.336538701070963
"L",368,"Y","L368Y",-0.0604440999974198
"V",369,"A","V369A",-0.0625212894147052
"V",369,"C","V369C",0.0965281375210676
"V",369,"D","V369D",-0.278125579753143
"V",369,"E","V369E",0.461072210222597
"V",369,"F","V369F",-0.00324787202333115
"V",369,"G","V369G",0.548946853461644
"V",369,"H","V369H",0.890787554423531
"V",369,"I","V369I",1.19147895721358
"V",369,"K","V369K",-1.8714458039182
"V",369,"L","V369L",-1.63170172626712
"V",369,"M","V369M",0.142654234025846
"V",369,"N","V369N",0.437311495219336
"V",369,"P","V369P",0.0782319927888639
"V",369,"Q","V369Q",-0.0697343262737937
"V",369,"R","V369R",-4.20014756436788
"V",369,"S","V369S",-0.595195485253816
"V",369,"T","V369T",0.523895184223642
"V",369,"W","V369W",-0.110526485581576
"V",369,"Y","V369Y",-0.458788658784796
"K",370,"C","K370C",1.0218673903796
"K",370,"D","K370D",-0.616487191281068
"K",370,"E","K370E",0.379327310591422
"K",370,"F","K370F",-0.231839740866923
"K",370,"G","K370G",-1.05264263271458
"K",370,"H","K370H",-1.75821345299536
"K",370,"I","K370I",-0.856885068797455
"K",370,"L","K370L",0.661873493946954
"K",370,"M","K370M",-0.357665914483017
"K",370,"N","K370N",0.275300743988673
"K",370,"P","K370P",-0.595828047128322
"K",370,"Q","K370Q",-0.228274192753732
"K",370,"R","K370R",0.533969671531386
"K",370,"S","K370S",-1.02659576260009
"K",370,"T","K370T",-0.0329591347080277
"K",370,"V","K370V",0.165349177568575
"K",370,"W","K370W",-0.21023051160275
"K",370,"Y","K370Y",-0.0101366890855291
"G",371,"A","G371A",-0.988335759658734
"G",371,"C","G371C",0.228265586777139
"G",371,"D","G371D",0.20954199944395
"G",371,"E","G371E",-0.134386017773162
"G",371,"F","G371F",0.1261667608991
"G",371,"H","G371H",0.348951107494473
"G",371,"I","G371I",0.603734742968192
"G",371,"K","G371K",-0.533674388810431
"G",371,"L","G371L",0.458831012554645
"G",371,"M","G371M",0.0691878227573488
"G",371,"N","G371N",-0.5665358395073
"G",371,"P","G371P",-0.742340843008685
"G",371,"Q","G371Q",0.789398179890225
"G",371,"R","G371R",0.608748860800457
"G",371,"S","G371S",-0.323538001656259
"G",371,"T","G371T",-0.284065552141554
"G",371,"V","G371V",-1.24633404752209
"G",371,"W","G371W",0.56400035718665
"G",371,"Y","G371Y",0.613090797663054
"F",372,"A","F372A",-0.543890075815585
"F",372,"C","F372C",0.0389387103642467
"F",372,"D","F372D",-1.90260428217601
"F",372,"E","F372E",-1.14951334757295
"F",372,"G","F372G",0.12129210202036
"F",372,"H","F372H",0.344377772121962
"F",372,"I","F372I",-0.135569556735087
"F",372,"K","F372K",1.88662718061116
"F",372,"L","F372L",-0.665394053720091
"F",372,"M","F372M",0.580549084038164
"F",372,"N","F372N",-1.23349228002658
"F",372,"P","F372P",0.889499548214377
"F",372,"Q","F372Q",-0.354238781201535
"F",372,"R","F372R",0.0243285162863205
"F",372,"S","F372S",-0.393382341237655
"F",372,"T","F372T",1.10390103644396
"F",372,"V","F372V",0.101220256370808
"F",372,"W","F372W",2.66760072640284
"F",372,"Y","F372Y",0.651013081889613
"Y",373,"A","Y373A",0.127754506361204
"Y",373,"C","Y373C",-0.777398617230809
"Y",373,"D","Y373D",-1.49796605319304
"Y",373,"E","Y373E",0.285528144644351
"Y",373,"F","Y373F",0.732534635746313
"Y",373,"G","Y373G",0.474651344208635
"Y",373,"H","Y373H",1.09528619067741
"Y",373,"I","Y373I",0.702155331858765
"Y",373,"K","Y373K",-0.147468462763824
"Y",373,"L","Y373L",-0.159461839337893
"Y",373,"M","Y373M",0.854122317537501
"Y",373,"N","Y373N",-0.542397784723449
"Y",373,"P","Y373P",-0.351768547343617
"Y",373,"Q","Y373Q",-0.705761593975297
"Y",373,"R","Y373R",-0.741870392469883
"Y",373,"S","Y373S",-0.688314524867823
"Y",373,"T","Y373T",-0.392588896561012
"Y",373,"V","Y373V",-0.40720735374036
"Y",373,"W","Y373W",1.10556837247029
"P",374,"A","P374A",-0.665429384932745
"P",374,"C","P374C",-3.01058267962773
"P",374,"D","P374D",1.1868811379505
"P",374,"E","P374E",-1.43006534847835
"P",374,"F","P374F",-2.02687969442403
"P",374,"G","P374G",-0.522194518092782
"P",374,"H","P374H",0.589500626571546
"P",374,"I","P374I",0.260843115705836
"P",374,"K","P374K",-0.963109128869735
"P",374,"L","P374L",0.237113776626461
"P",374,"M","P374M",-0.268098799235853
"P",374,"N","P374N",0.649326625294455
"P",374,"Q","P374Q",-2.33849967546292
"P",374,"R","P374R",0.0458142323831944
"P",374,"S","P374S",-0.68456835517916
"P",374,"T","P374T",0.491557159497815
"P",374,"V","P374V",-0.0011392156442994
"P",374,"W","P374W",-1.05334225882607
"P",374,"Y","P374Y",0.234771820212117
"S",375,"A","S375A",1.072779926246
"S",375,"C","S375C",1.44457736334202
"S",375,"D","S375D",0.187905109113137
"S",375,"E","S375E",0.304359288456374
"S",375,"F","S375F",-0.65153834651927
"S",375,"G","S375G",-0.568636498707334
"S",375,"H","S375H",-0.193096550694625
"S",375,"I","S375I",0.99396153680985
"S",375,"K","S375K",-0.616686329042962
"S",375,"L","S375L",-0.827090577164755
"S",375,"M","S375M",-0.790969641115199
"S",375,"N","S375N",0.3857089606789
"S",375,"P","S375P",0.107705526335099
"S",375,"Q","S375Q",1.18774280688687
"S",375,"R","S375R",-0.570647125527868
"S",375,"T","S375T",1.79004460206173
"S",375,"V","S375V",0.992466773556637
"S",375,"W","S375W",0.319466427871068
"S",375,"Y","S375Y",-0.292726116616425
"D",376,"A","D376A",-0.112521447840667
"D",376,"C","D376C",-1.26751730734918
"D",376,"E","D376E",0.62181446036343
"D",376,"F","D376F",1.73503416815935
"D",376,"G","D376G",0.709719416241138
"D",376,"H","D376H",-1.42506998100439
"D",376,"I","D376I",-1.16943669462862
"D",376,"K","D376K",-1.38369099321227
"D",376,"L","D376L",0.690197080783465
"D",376,"M","D376M",-0.576608713476634
"D",376,"N","D376N",-0.625304066732363
"D",376,"P","D376P",0.305690112478858
"D",376,"Q","D376Q",-1.13735228772798
"D",376,"R","D376R",0.546814435908731
"D",376,"S","D376S",-1.47542579120652
"D",376,"T","D376T",0.497408382185932
"D",376,"V","D376V",0.513627420187344
"D",376,"W","D376W",-0.223296319888003
"D",376,"Y","D376Y",0.422616132821502
"I",377,"A","I377A",0.526151050837391
"I",377,"C","I377C",0.349111349747743
"I",377,"D","I377D",0.302008300296529
"I",377,"E","I377E",0.528977213534821
"I",377,"F","I377F",1.66137504279534
"I",377,"G","I377G",-1.79571659500706
"I",377,"H","I377H",-2.7485015627594
"I",377,"K","I377K",1.12284324208303
"I",377,"L","I377L",0.420429616724164
"I",377,"M","I377M",0.387427396834329
"I",377,"N","I377N",-0.206649308554419
"I",377,"P","I377P",2.29537397089575
"I",377,"Q","I377Q",0.342158682716108
"I",377,"R","I377R",-0.417049448416948
"I",377,"S","I377S",-0.309737666933051
"I",377,"T","I377T",0.38155419671978
"I",377,"V","I377V",0.197505709957021
"I",377,"W","I377W",-0.256361537433337
"I",377,"Y","I377Y",0.391715841576074
"A",378,"C","A378C",0.121518506981318
"A",378,"D","A378D",-0.972852910726918
"A",378,"E","A378E",1.33653041227129
"A",378,"F","A378F",1.17446705677161
"A",378,"G","A378G",-0.406965780514046
"A",378,"H","A378H",-0.135402529001012
"A",378,"I","A378I",6.08687011584883
"A",378,"K","A378K",-1.21317099674885
"A",378,"L","A378L",-0.169620253456389
"A",378,"M","A378M",0.668562389384563
"A",378,"N","A378N",0.0865513875960537
"A",378,"P","A378P",0.685605992263977
"A",378,"Q","A378Q",0.917824088895062
"A",378,"R","A378R",-0.365419700376907
"A",378,"S","A378S",-0.00854408441906704
"A",378,"T","A378T",1.39855116726283
"A",378,"V","A378V",-0.289617938538486
"A",378,"W","A378W",0.834845115109138
"A",378,"Y","A378Y",-0.874510710245391
"V",379,"A","V379A",0.329117752474368
"V",379,"C","V379C",-0.790883137979912
"V",379,"D","V379D",1.04526695860092
"V",379,"E","V379E",-0.670570607883445
"V",379,"F","V379F",1.47343030047331
"V",379,"G","V379G",-0.30967915826793
"V",379,"H","V379H",3.77731844849335
"V",379,"I","V379I",-0.4164430376074
"V",379,"K","V379K",0.677764307243977
"V",379,"L","V379L",-0.511609033525921
"V",379,"M","V379M",-0.381218671018367
"V",379,"N","V379N",-1.31280868641274
"V",379,"P","V379P",-0.209852281672586
"V",379,"Q","V379Q",-0.421513843717224
"V",379,"R","V379R",-0.470985656724413
"V",379,"S","V379S",-0.306482265143608
"V",379,"T","V379T",-0.0220730120472334
"V",379,"W","V379W",-2.80635507636418
"V",379,"Y","V379Y",-0.466883900218871
"E",380,"A","E380A",0.0976793754748654
"E",380,"C","E380C",0.379548798757579
"E",380,"D","E380D",0.456500587097502
"E",380,"F","E380F",0.0537946462902118
"E",380,"G","E380G",-0.476850760305534
"E",380,"H","E380H",0.869887081903539
"E",380,"I","E380I",-0.387348591229044
"E",380,"K","E380K",-0.687816023625002
"E",380,"L","E380L",-0.572781300246885
"E",380,"M","E380M",1.64833738803471
"E",380,"N","E380N",0.670472165434853
"E",380,"P","E380P",0.339226768979034
"E",380,"Q","E380Q",0.338865664859833
"E",380,"R","E380R",-0.58200230158363
"E",380,"S","E380S",0.772266249260579
"E",380,"T","E380T",1.95943661476241
"E",380,"V","E380V",1.47325480243283
"E",380,"W","E380W",-0.144409402677508
"E",380,"Y","E380Y",0.316741288573567
"W",381,"A","W381A",-1.57813293900138
"W",381,"C","W381C",-2.39006471775796
"W",381,"D","W381D",-1.27537640198512
"W",381,"E","W381E",-0.172188029550494
"W",381,"F","W381F",-0.109250984928375
"W",381,"G","W381G",-1.45801750143724
"W",381,"H","W381H",-1.7660426964352
"W",381,"I","W381I",0.930870873485047
"W",381,"K","W381K",-5.04923509345883
"W",381,"L","W381L",0.0270571424723185
"W",381,"M","W381M",0.0649599580022969
"W",381,"N","W381N",-1.37236082142955
"W",381,"P","W381P",-1.79666674326638
"W",381,"Q","W381Q",-1.84308970736461
"W",381,"R","W381R",-3.18907807411401
"W",381,"S","W381S",-1.89327358565856
"W",381,"T","W381T",-0.608379325161522
"W",381,"V","W381V",0.932197927127244
"W",381,"Y","W381Y",-0.498216859880622
"E",382,"A","E382A",-0.27858978674892
"E",382,"C","E382C",0.273523814268061
"E",382,"D","E382D",0.457304043231742
"E",382,"F","E382F",0.023629894476326
"E",382,"G","E382G",-0.589246246140037
"E",382,"H","E382H",0.61528786389379
"E",382,"I","E382I",-0.761889172917906
"E",382,"K","E382K",0.204020346947968
"E",382,"L","E382L",-0.835704665923926
"E",382,"M","E382M",0.742154708955768
"E",382,"N","E382N",0.720285430566057
"E",382,"P","E382P",2.14517107030219
"E",382,"Q","E382Q",0.926588596661048
"E",382,"R","E382R",-2.49703712033756
"E",382,"S","E382S",0.101366362608574
"E",382,"T","E382T",0.0948792130220071
"E",382,"V","E382V",0.381908593968573
"E",382,"W","E382W",-1.33774556735885
"E",382,"Y","E382Y",1.77815665331966
"S",383,"A","S383A",-1.19978968110463
"S",383,"C","S383C",0.67108972671627
"S",383,"D","S383D",0.855254324336405
"S",383,"E","S383E",-1.25749838687216
"S",383,"F","S383F",-0.0145684313288203
"S",383,"G","S383G",0.256040633864426
"S",383,"H","S383H",-0.101942980098688
"S",383,"I","S383I",0.561612827940745
"S",383,"K","S383K",0.417690912885582
"S",383,"L","S383L",0.235966886346474
"S",383,"M","S383M",-0.294002997738687
"S",383,"N","S383N",0.0935138059793164
"S",383,"P","S383P",-0.456133898507821
"S",383,"Q","S383Q",0.609712224962017
"S",383,"R","S383R",-0.427379910542146
"S",383,"T","S383T",0.590269173670701
"S",383,"V","S383V",-0.153452866160715
"S",383,"W","S383W",-0.970156659724385
"S",383,"Y","S383Y",-0.112191234577065
"N",384,"A","N384A",2.32968342716039
"N",384,"C","N384C",-0.072161282895444
"N",384,"D","N384D",-0.652261321174466
"N",384,"E","N384E",-0.328343091116425
"N",384,"F","N384F",0.427964383095353
"N",384,"G","N384G",0.05223230478743
"N",384,"H","N384H",-0.383986051045729
"N",384,"I","N384I",-1.01999685816392
"N",384,"K","N384K",0.0201874144959541
"N",384,"L","N384L",-0.0229064070851281
"N",384,"M","N384M",0.0976364929662583
"N",384,"P","N384P",0.0501606454410271
"N",384,"Q","N384Q",0.34238778315831
"N",384,"R","N384R",-0.568255770221481
"N",384,"S","N384S",-0.571285036134173
"N",384,"T","N384T",-0.63733465616626
"N",384,"V","N384V",0.097332114229837
"N",384,"W","N384W",0.0217346466531138
"N",384,"Y","N384Y",0.413291247602277
"G",385,"A","G385A",-1.20553548982581
"G",385,"C","G385C",-0.0629636988835034
"G",385,"D","G385D",-0.346233468147679
"G",385,"E","G385E",0.00619109793410407
"G",385,"F","G385F",-0.918853823833328
"G",385,"H","G385H",0.935180388990143
"G",385,"I","G385I",0.0603599164635119
"G",385,"K","G385K",-0.270469243166359
"G",385,"L","G385L",-0.881640997886725
"G",385,"M","G385M",-0.500749461534725
"G",385,"N","G385N",-0.139651838033591
"G",385,"P","G385P",-0.989351359248691
"G",385,"Q","G385Q",1.71380134560259
"G",385,"R","G385R",0.337832219125555
"G",385,"S","G385S",0.467099511543193
"G",385,"T","G385T",1.07169390107456
"G",385,"V","G385V",-0.0541394959373312
"G",385,"W","G385W",-0.775178892686926
"G",385,"Y","G385Y",-0.0404589931656737
"Q",386,"A","Q386A",0.0397793529546578
"Q",386,"C","Q386C",-0.048860564954116
"Q",386,"D","Q386D",-0.896287129475459
"Q",386,"E","Q386E",0.744757683703461
"Q",386,"F","Q386F",0.672865291267236
"Q",386,"G","Q386G",0.533337457301342
"Q",386,"H","Q386H",-0.637867295463649
"Q",386,"I","Q386I",0.253395378366956
"Q",386,"K","Q386K",-1.06225701721979
"Q",386,"L","Q386L",0.975073343146615
"Q",386,"M","Q386M",0.310637309635693
"Q",386,"N","Q386N",0.479261593303001
"Q",386,"P","Q386P",0.446504414749166
"Q",386,"R","Q386R",-1.00057449883769
"Q",386,"S","Q386S",0.990328390363195
"Q",386,"V","Q386V",-0.729965993687105
"Q",386,"W","Q386W",-0.336297947307555
"Q",386,"Y","Q386Y",-0.164063133674186
"P",387,"A","P387A",0.24799915957811
"P",387,"C","P387C",-0.287931758609797
"P",387,"D","P387D",1.47591500523394
"P",387,"E","P387E",-0.302416319568242
"P",387,"F","P387F",0.0431887887325709
"P",387,"G","P387G",-1.06795217444287
"P",387,"H","P387H",0.679640949074871
"P",387,"I","P387I",0.543230690441366
"P",387,"K","P387K",0.884481286879737
"P",387,"L","P387L",-0.600420283884783
"P",387,"M","P387M",1.16785353166489
"P",387,"N","P387N",0.432107722631277
"P",387,"Q","P387Q",-0.116959878608365
"P",387,"R","P387R",0.322299439557319
"P",387,"S","P387S",0.512726906764847
"P",387,"T","P387T",-0.329170621942838
"P",387,"V","P387V",1.87356758861134
"P",387,"W","P387W",-1.20588183996317
"P",387,"Y","P387Y",-0.548246917404082
"E",388,"A","E388A",-1.11483429038292
"E",388,"C","E388C",2.08420105094501
"E",388,"D","E388D",-0.476410879466434
"E",388,"F","E388F",-0.0624392125372571
"E",388,"G","E388G",0.895019673290935
"E",388,"H","E388H",-1.10312795726636
"E",388,"I","E388I",-0.259856164879185
"E",388,"K","E388K",1.23036286427314
"E",388,"L","E388L",-0.180501717471645
"E",388,"M","E388M",-0.117291269074101
"E",388,"N","E388N",-1.19711663087694
"E",388,"P","E388P",-0.0829503259838913
"E",388,"Q","E388Q",1.17704629038983
"E",388,"R","E388R",0.129615435923955
"E",388,"S","E388S",-0.893309118831401
"E",388,"T","E388T",0.247662180733755
"E",388,"V","E388V",-3.05029861808275
"E",388,"W","E388W",-0.524155501239684
"E",388,"Y","E388Y",-0.173857273131661
"N",389,"A","N389A",0.523950892334517
"N",389,"C","N389C",0.788850056595853
"N",389,"D","N389D",-0.0200805931890804
"N",389,"E","N389E",0.0482550558598297
"N",389,"F","N389F",0.514550680079157
"N",389,"G","N389G",-1.36414549015457
"N",389,"H","N389H",-0.00614132144888875
"N",389,"I","N389I",-0.0376193332661623
"N",389,"K","N389K",-0.281234483730699
"N",389,"L","N389L",-0.761457896285424
"N",389,"M","N389M",-0.148762755277351
"N",389,"P","N389P",0.382446482672865
"N",389,"Q","N389Q",-0.524557429455657
"N",389,"R","N389R",-1.97892127748364
"N",389,"S","N389S",-1.02925609455208
"N",389,"T","N389T",1.5445295837103
"N",389,"V","N389V",0.294775353826638
"N",389,"W","N389W",0.551387088689677
"N",389,"Y","N389Y",0.211126004332994
"N",390,"A","N390A",0.968515060868226
"N",390,"C","N390C",-0.341059213153221
"N",390,"D","N390D",-0.200168885048493
"N",390,"E","N390E",1.34181033481721
"N",390,"F","N390F",0.167653352100419
"N",390,"G","N390G",-0.467138441090229
"N",390,"H","N390H",0.489204366681508
"N",390,"I","N390I",-0.0394272664217365
"N",390,"K","N390K",0.272029930950391
"N",390,"L","N390L",6.29195480214676
"N",390,"M","N390M",-1.21932243177368
"N",390,"P","N390P",0.862119803673489
"N",390,"Q","N390Q",0.0215002243978579
"N",390,"R","N390R",0.248916364301865
"N",390,"S","N390S",0.109105134456589
"N",390,"T","N390T",-0.231426953404873
"N",390,"V","N390V",0.644509005812646
"N",390,"W","N390W",0.247928464280378
"N",390,"Y","N390Y",-0.747049298656108
"Y",391,"A","Y391A",0.0129235235245532
"Y",391,"C","Y391C",-0.225611367510721
"Y",391,"D","Y391D",0.461318526503183
"Y",391,"E","Y391E",0.760939910747096
"Y",391,"F","Y391F",3.64367880148043
"Y",391,"G","Y391G",-1.19918849733211
"Y",391,"H","Y391H",-0.639120468088662
"Y",391,"I","Y391I",-0.247624254202851
"Y",391,"K","Y391K",-0.953012418679234
"Y",391,"L","Y391L",-0.15193711864377
"Y",391,"M","Y391M",0.00679806859408961
"Y",391,"N","Y391N",1.12429169780321
"Y",391,"P","Y391P",-0.178377540630713
"Y",391,"Q","Y391Q",1.52849289602377
"Y",391,"R","Y391R",-0.254992028119173
"Y",391,"S","Y391S",-1.01622495636923
"Y",391,"T","Y391T",-0.537085931898412
"Y",391,"V","Y391V",-0.760030212117196
"Y",391,"W","Y391W",0.812362327123931
"K",392,"A","K392A",-0.692571735478147
"K",392,"C","K392C",-0.44950662718986
"K",392,"D","K392D",-0.375335606897217
"K",392,"E","K392E",-1.13425215024075
"K",392,"F","K392F",-0.647279854914952
"K",392,"G","K392G",-1.59888566177984
"K",392,"H","K392H",-0.205747146484803
"K",392,"I","K392I",-0.605841000949898
"K",392,"L","K392L",-0.17109171543604
"K",392,"M","K392M",1.33728687684323
"K",392,"N","K392N",0.130719917473244
"K",392,"P","K392P",-0.254036112462789
"K",392,"Q","K392Q",-0.154148008309592
"K",392,"R","K392R",-1.22144707025771
"K",392,"S","K392S",-1.38810359081937
"K",392,"T","K392T",-1.25480041955622
"K",392,"V","K392V",-0.619870451165458
"K",392,"W","K392W",-0.627899891174128
"K",392,"Y","K392Y",1.46749815774951
"T",393,"A","T393A",-0.228703124394458
"T",393,"C","T393C",-1.24862505185393
"T",393,"D","T393D",1.10660661189858
"T",393,"E","T393E",-0.58146465325879
"T",393,"F","T393F",-0.111823332559186
"T",393,"G","T393G",0.279894679711273
"T",393,"H","T393H",-0.616203965037927
"T",393,"I","T393I",0.106678792808445
"T",393,"K","T393K",-0.270146855155341
"T",393,"L","T393L",1.45722794738166
"T",393,"M","T393M",-0.585419389898962
"T",393,"N","T393N",0.398646753166031
"T",393,"P","T393P",-0.462125071917621
"T",393,"Q","T393Q",-0.0980951934790563
"T",393,"R","T393R",0.900589315104947
"T",393,"S","T393S",0.309792487203563
"T",393,"V","T393V",-0.0377648838308763
"T",393,"W","T393W",0.941772104691128
"T",393,"Y","T393Y",1.44995307254313
"T",394,"A","T394A",-0.592947183736471
"T",394,"C","T394C",-0.236427053408472
"T",394,"D","T394D",-0.890931434095655
"T",394,"E","T394E",0.721064478679691
"T",394,"F","T394F",3.03951570993127
"T",394,"G","T394G",-0.271048183704676
"T",394,"H","T394H",-1.37091031780537
"T",394,"I","T394I",-0.186738149014731
"T",394,"K","T394K",1.04500366942052
"T",394,"L","T394L",0.0318669398710119
"T",394,"M","T394M",-0.812284104262906
"T",394,"N","T394N",-1.02967317378912
"T",394,"P","T394P",-0.743187905501151
"T",394,"Q","T394Q",-0.158883143035903
"T",394,"R","T394R",0.778561509489324
"T",394,"S","T394S",0.670352682389802
"T",394,"V","T394V",0.753847765595467
"T",394,"W","T394W",3.49633428583646
"T",394,"Y","T394Y",2.65356156494473
"P",395,"A","P395A",0.193279667124381
"P",395,"C","P395C",0.0527174604070079
"P",395,"D","P395D",0.0914817804558701
"P",395,"E","P395E",0.0830142244531456
"P",395,"F","P395F",0.36940643109497
"P",395,"G","P395G",1.44828475697981
"P",395,"H","P395H",-0.217908121069
"P",395,"I","P395I",-0.448583629503572
"P",395,"K","P395K",-0.851681649841962
"P",395,"L","P395L",0.257028695551686
"P",395,"M","P395M",1.73747746975691
"P",395,"N","P395N",1.46561075125105
"P",395,"Q","P395Q",-0.311608949170361
"P",395,"R","P395R",-0.0947782599522081
"P",395,"S","P395S",-0.464155423182185
"P",395,"T","P395T",0.0953652955054629
"P",395,"V","P395V",-0.126289951409919
"P",395,"W","P395W",0.834950463995926
"P",395,"Y","P395Y",-0.193022529398325
"P",396,"A","P396A",1.05578998987589
"P",396,"C","P396C",1.22404422558528
"P",396,"D","P396D",-0.521224048867024
"P",396,"E","P396E",-0.156221019777013
"P",396,"F","P396F",1.46801639718646
"P",396,"G","P396G",0.163649551439618
"P",396,"H","P396H",-0.0903693892616722
"P",396,"I","P396I",-0.883258380138639
"P",396,"K","P396K",1.6232141861436
"P",396,"L","P396L",0.18524527397133
"P",396,"M","P396M",1.55303982991706
"P",396,"N","P396N",1.60074174847296
"P",396,"Q","P396Q",1.00603760585523
"P",396,"R","P396R",0.497822386511719
"P",396,"S","P396S",-0.3218188820652
"P",396,"T","P396T",0.0856280436202365
"P",396,"V","P396V",1.23775366925232
"P",396,"W","P396W",1.68887002281175
"P",396,"Y","P396Y",-1.59322987625502
"V",397,"A","V397A",0.146944612974295
"V",397,"C","V397C",-0.57159507050744
"V",397,"D","V397D",-1.28473779814576
"V",397,"E","V397E",1.0056652526081
"V",397,"F","V397F",1.52207748776338
"V",397,"G","V397G",0.844449650035385
"V",397,"H","V397H",-0.594467107978667
"V",397,"I","V397I",1.58760130006173
"V",397,"K","V397K",-1.689874168272
"V",397,"L","V397L",2.73000190421763
"V",397,"M","V397M",1.18156827094895
"V",397,"N","V397N",0.541957701545622
"V",397,"P","V397P",-0.274292597202866
"V",397,"Q","V397Q",-0.615164009983961
"V",397,"R","V397R",-1.16554221541252
"V",397,"S","V397S",1.1532233573528
"V",397,"T","V397T",0.223929818385997
"V",397,"W","V397W",-0.999444329029345
"V",397,"Y","V397Y",-0.193550598598066
"L",398,"A","L398A",-0.481284797484031
"L",398,"C","L398C",0.239148376869611
"L",398,"D","L398D",-0.433030056000888
"L",398,"E","L398E",0.693463805417339
"L",398,"F","L398F",-0.691172277240076
"L",398,"G","L398G",0.257128067790167
"L",398,"H","L398H",-1.62185583148687
"L",398,"I","L398I",-0.783576273951749
"L",398,"K","L398K",-0.340808395702933
"L",398,"M","L398M",-0.950171172563808
"L",398,"N","L398N",1.05707305215186
"L",398,"P","L398P",0.144027273713546
"L",398,"Q","L398Q",-0.0258515667357186
"L",398,"R","L398R",-3.2625969295565
"L",398,"S","L398S",0.165835568996081
"L",398,"T","L398T",0.251302491136577
"L",398,"V","L398V",-1.20277908567993
"L",398,"W","L398W",1.97806354032274
"L",398,"Y","L398Y",0.290790908888497
"D",399,"A","D399A",-0.00615501561726254
"D",399,"C","D399C",1.12061125784512
"D",399,"E","D399E",1.77968014905555
"D",399,"F","D399F",-0.62973012250707
"D",399,"G","D399G",-0.0667872502446766
"D",399,"H","D399H",-1.02415848340478
"D",399,"I","D399I",-0.71284470237616
"D",399,"K","D399K",-0.358094765638249
"D",399,"L","D399L",0.53028902323781
"D",399,"M","D399M",-0.781684112702325
"D",399,"N","D399N",-0.383319699906925
"D",399,"P","D399P",0.0452589153757051
"D",399,"Q","D399Q",0.155432082797502
"D",399,"R","D399R",3.48954782873263
"D",399,"S","D399S",0.554851530167133
"D",399,"T","D399T",0.191049441085744
"D",399,"V","D399V",2.24302662675763
"D",399,"W","D399W",-0.226873961465942
"D",399,"Y","D399Y",-1.2255711594936
"S",400,"A","S400A",-0.298564663706016
"S",400,"C","S400C",0.047004888368367
"S",400,"D","S400D",1.05627748573058
"S",400,"E","S400E",0.166595634087979
"S",400,"F","S400F",-0.0969359298994372
"S",400,"G","S400G",-0.223178530375625
"S",400,"H","S400H",-1.14985895700105
"S",400,"I","S400I",-0.760741595541756
"S",400,"K","S400K",-0.226740314357482
"S",400,"L","S400L",0.0841104661642237
"S",400,"M","S400M",-0.216461480716745
"S",400,"N","S400N",-1.1025312910838
"S",400,"P","S400P",-0.10646472980736
"S",400,"Q","S400Q",-0.620613898642284
"S",400,"R","S400R",-1.869585557985
"S",400,"T","S400T",-0.473864380292634
"S",400,"V","S400V",-0.744349841667809
"S",400,"W","S400W",2.27686448562695
"S",400,"Y","S400Y",-0.140519932686875
"D",401,"A","D401A",-0.568546612434817
"D",401,"C","D401C",-0.136327022203516
"D",401,"E","D401E",-0.501463359692833
"D",401,"F","D401F",-0.500628729974267
"D",401,"G","D401G",-0.524444861813349
"D",401,"H","D401H",-0.0158774629135034
"D",401,"I","D401I",-0.247424150672991
"D",401,"K","D401K",-0.103125760779359
"D",401,"L","D401L",-0.390931946923956
"D",401,"M","D401M",0.215575267795183
"D",401,"N","D401N",-0.467258070241387
"D",401,"P","D401P",-0.0945492272648093
"D",401,"Q","D401Q",-0.428531154391901
"D",401,"R","D401R",0.00338297949818351
"D",401,"S","D401S",-0.479899415379679
"D",401,"T","D401T",1.23963188750081
"D",401,"V","D401V",-0.29234715582549
"D",401,"W","D401W",-1.05531587009146
"D",401,"Y","D401Y",-0.771293665666801
"G",402,"A","G402A",-0.168352549501714
"G",402,"C","G402C",1.76445782073187
"G",402,"D","G402D",-0.828772973523981
"G",402,"E","G402E",1.84794018372999
"G",402,"F","G402F",0.406799447328246
"G",402,"H","G402H",0.180185245255049
"G",402,"I","G402I",0.363026010441289
"G",402,"K","G402K",-0.0293495028662424
"G",402,"L","G402L",-1.06680061050898
"G",402,"M","G402M",-1.39801088542988
"G",402,"N","G402N",0.885952012251086
"G",402,"P","G402P",-0.931258553357061
"G",402,"Q","G402Q",0.569916390405349
"G",402,"R","G402R",0.581823025104181
"G",402,"S","G402S",-0.173778049860876
"G",402,"T","G402T",0.353337510162951
"G",402,"V","G402V",-0.359363776661144
"G",402,"W","G402W",-0.0785221452594674
"G",402,"Y","G402Y",-0.0717073114851963
"S",403,"A","S403A",-0.80981649349154
"S",403,"C","S403C",0.256430916673376
"S",403,"D","S403D",0.661698289419948
"S",403,"E","S403E",-0.339289052175268
"S",403,"F","S403F",0.414460601271
"S",403,"G","S403G",1.65732331105117
"S",403,"H","S403H",-0.0284901990609769
"S",403,"I","S403I",0.121528117197442
"S",403,"K","S403K",0.369564156123482
"S",403,"L","S403L",-0.42910723622515
"S",403,"M","S403M",-0.879624762316489
"S",403,"N","S403N",-0.134836322354875
"S",403,"P","S403P",2.07732801908942
"S",403,"Q","S403Q",0.0192157393877894
"S",403,"R","S403R",1.12021400891078
"S",403,"T","S403T",1.55106704283626
"S",403,"V","S403V",-1.03662850991882
"S",403,"W","S403W",-0.836428682001246
"S",403,"Y","S403Y",-0.0156759700657445
"F",404,"A","F404A",-1.05579268879489
"F",404,"C","F404C",-1.15338598363186
"F",404,"D","F404D",-0.755813068302871
"F",404,"E","F404E",0.697914999541236
"F",404,"G","F404G",0.313514830803451
"F",404,"H","F404H",-0.667605554706843
"F",404,"I","F404I",-2.52953917142529
"F",404,"K","F404K",1.26482361862389
"F",404,"L","F404L",-1.96104412631231
"F",404,"M","F404M",-0.696102432730378
"F",404,"N","F404N",0.252938272884053
"F",404,"P","F404P",1.48967127490953
"F",404,"Q","F404Q",0.66500643832678
"F",404,"R","F404R",-0.33811744716118
"F",404,"S","F404S",-1.45551312732435
"F",404,"T","F404T",0.68987572745451
"F",404,"V","F404V",0.761560995981958
"F",404,"W","F404W",0.100627517549926
"F",404,"Y","F404Y",-0.700701584949677
"F",405,"A","F405A",0.820134145980801
"F",405,"C","F405C",0.165848274545601
"F",405,"D","F405D",1.21043282892885
"F",405,"E","F405E",1.52281883284724
"F",405,"G","F405G",-0.88817306844608
"F",405,"H","F405H",0.445976921237688
"F",405,"I","F405I",0.981297876527132
"F",405,"K","F405K",-4.76956082518165
"F",405,"L","F405L",0.764014158263583
"F",405,"M","F405M",0.162866074177244
"F",405,"N","F405N",-0.921896996354414
"F",405,"P","F405P",1.21727490962061
"F",405,"Q","F405Q",2.50204859546504
"F",405,"R","F405R",3.29670991271473
"F",405,"S","F405S",0.900037645434955
"F",405,"T","F405T",-0.682151699455265
"F",405,"V","F405V",-0.419579818125071
"F",405,"W","F405W",1.10947510952448
"F",405,"Y","F405Y",-1.22875465308448
"L",406,"A","L406A",0.248739408523959
"L",406,"C","L406C",-1.09118593393041
"L",406,"D","L406D",0.50259048168005
"L",406,"E","L406E",0.201825514862908
"L",406,"F","L406F",-1.82738627297427
"L",406,"G","L406G",-0.133627868056516
"L",406,"H","L406H",-0.414690294077186
"L",406,"I","L406I",0.569430437884037
"L",406,"K","L406K",-0.147845771884388
"L",406,"M","L406M",1.38116026281438
"L",406,"N","L406N",-1.47080156001695
"L",406,"P","L406P",-0.917354103682542
"L",406,"Q","L406Q",0.0453857269365487
"L",406,"R","L406R",-0.298009235867451
"L",406,"S","L406S",0.484639202160563
"L",406,"T","L406T",-0.105530903504204
"L",406,"V","L406V",0.100965541137799
"L",406,"W","L406W",-1.35800452391837
"L",406,"Y","L406Y",0.352103675048066
"Y",407,"A","Y407A",-0.0256444091785171
"Y",407,"C","Y407C",0.63855005346079
"Y",407,"D","Y407D",2.53595789609174
"Y",407,"E","Y407E",-1.91837059728446
"Y",407,"F","Y407F",-0.591373321930639
"Y",407,"G","Y407G",0.082074884775322
"Y",407,"H","Y407H",-0.524657442525303
"Y",407,"I","Y407I",-0.157191915384821
"Y",407,"K","Y407K",0.229025325633622
"Y",407,"L","Y407L",-0.509223002504253
"Y",407,"M","Y407M",-0.204174114742605
"Y",407,"N","Y407N",6.22719398929583
"Y",407,"P","Y407P",0.518127474598996
"Y",407,"Q","Y407Q",-0.812028471344899
"Y",407,"R","Y407R",-0.58225201130443
"Y",407,"S","Y407S",0.100397468124677
"Y",407,"T","Y407T",-0.403524360594082
"Y",407,"V","Y407V",0.683714504598436
"Y",407,"W","Y407W",-2.60619696143033
"S",408,"A","S408A",-0.43136571232434
"S",408,"C","S408C",0.268543867528356
"S",408,"D","S408D",-0.382121172213622
"S",408,"E","S408E",-3.23993879279703
"S",408,"F","S408F",-0.401856498174819
"S",408,"G","S408G",0.43898677582506
"S",408,"H","S408H",0.523301384916528
"S",408,"I","S408I",0.181871673055658
"S",408,"K","S408K",-0.779425052091326
"S",408,"L","S408L",-0.525257965519968
"S",408,"M","S408M",-0.333761536970846
"S",408,"N","S408N",-0.235863628767857
"S",408,"P","S408P",-1.91214481667324
"S",408,"Q","S408Q",-0.939336601470754
"S",408,"R","S408R",-0.435270830665853
"S",408,"T","S408T",-0.0993103589798458
"S",408,"V","S408V",0.327997461111393
"S",408,"W","S408W",0.340819286746284
"S",408,"Y","S408Y",3.10270700470717
"K",409,"A","K409A",-0.770320689068395
"K",409,"C","K409C",-0.49715625579309
"K",409,"D","K409D",-0.236241025385123
"K",409,"E","K409E",0.819319341408837
"K",409,"F","K409F",-0.786967107249364
"K",409,"G","K409G",0.707817142826431
"K",409,"H","K409H",-0.112444012623483
"K",409,"I","K409I",1.97509670170227
"K",409,"L","K409L",-0.12480877310189
"K",409,"M","K409M",0.706992895729855
"K",409,"N","K409N",0.831676128755
"K",409,"P","K409P",1.67607221542786
"K",409,"Q","K409Q",0.668053934991844
"K",409,"R","K409R",0.915872476532448
"K",409,"S","K409S",0.0221261803094642
"K",409,"T","K409T",-0.733047616810223
"K",409,"V","K409V",0.137912360348573
"K",409,"W","K409W",0.514711373560536
"K",409,"Y","K409Y",-0.596905786481393
"L",410,"A","L410A",0.0849691902270468
"L",410,"C","L410C",0.0769968343126485
"L",410,"D","L410D",-0.650676229412996
"L",410,"E","L410E",0.765329461332284
"L",410,"F","L410F",-0.323279374740205
"L",410,"G","L410G",0.804167606043311
"L",410,"H","L410H",-0.718100553691346
"L",410,"I","L410I",-0.130084831149831
"L",410,"K","L410K",0.0692226453011068
"L",410,"M","L410M",0.381278593625776
"L",410,"N","L410N",-0.365661668431524
"L",410,"P","L410P",1.37802795688307
"L",410,"Q","L410Q",0.85745908681433
"L",410,"R","L410R",-0.169187530759824
"L",410,"S","L410S",0.0830154178547627
"L",410,"T","L410T",0.608858003987496
"L",410,"V","L410V",-0.305120430819847
"L",410,"W","L410W",1.74411141352601
"L",410,"Y","L410Y",-1.24591244893423
"T",411,"A","T411A",0.0204239130903465
"T",411,"C","T411C",-0.24143024718855
"T",411,"D","T411D",-0.133103437740233
"T",411,"E","T411E",0.438359721506688
"T",411,"F","T411F",0.0523282782888831
"T",411,"G","T411G",-0.322911611481723
"T",411,"H","T411H",0.521946443252021
"T",411,"I","T411I",0.127208682808482
"T",411,"K","T411K",0.460388915116929
"T",411,"L","T411L",1.26002524248901
"T",411,"M","T411M",0.36591697887697
"T",411,"N","T411N",-0.133753933364678
"T",411,"P","T411P",-0.607822665822715
"T",411,"Q","T411Q",1.0341422209601
"T",411,"R","T411R",0.499449983332135
"T",411,"S","T411S",0.28003125085034
"T",411,"V","T411V",-0.329764242606239
"T",411,"W","T411W",1.0424700672736
"T",411,"Y","T411Y",-1.09075320943635
"V",412,"A","V412A",-0.715289648538725
"V",412,"C","V412C",-0.365329132670388
"V",412,"D","V412D",0.695435245495642
"V",412,"E","V412E",-1.22517873288367
"V",412,"F","V412F",0.293857839307841
"V",412,"G","V412G",-0.012514916953024
"V",412,"H","V412H",0.947480150685918
"V",412,"I","V412I",-0.0235979651818065
"V",412,"K","V412K",-0.611482040355368
"V",412,"L","V412L",-0.479883092749515
"V",412,"M","V412M",0.26687058403631
"V",412,"N","V412N",-0.0585100321948649
"V",412,"P","V412P",0.334279558666827
"V",412,"Q","V412Q",0.344143976637009
"V",412,"R","V412R",0.719476413784624
"V",412,"S","V412S",-2.19430148721152
"V",412,"T","V412T",0.241576882934267
"V",412,"W","V412W",0.878075432044749
"V",412,"Y","V412Y",0.647993829601102
"D",413,"A","D413A",0.144245248159246
"D",413,"C","D413C",-0.387002791246193
"D",413,"E","D413E",0.728180245995343
"D",413,"F","D413F",0.211771337828396
"D",413,"G","D413G",1.02503031649284
"D",413,"H","D413H",0.226048929106094
"D",413,"I","D413I",0.770021334721988
"D",413,"K","D413K",-0.208437321423381
"D",413,"L","D413L",-0.676078271688812
"D",413,"M","D413M",-0.222648550186046
"D",413,"N","D413N",-0.16878206703754
"D",413,"P","D413P",0.078655836053798
"D",413,"Q","D413Q",-0.26634043695738
"D",413,"R","D413R",-0.0178024529304418
"D",413,"S","D413S",0.763172002395812
"D",413,"T","D413T",0.585252541363909
"D",413,"V","D413V",0.0136895073971533
"D",413,"W","D413W",0.0125516812600151
"D",413,"Y","D413Y",0.380932584169174
"K",414,"A","K414A",-0.466193640950342
"K",414,"C","K414C",0.184795089921718
"K",414,"D","K414D",-1.04203566474721
"K",414,"E","K414E",-0.213897003190035
"K",414,"F","K414F",0.0708685400185325
"K",414,"G","K414G",-2.01585871299894
"K",414,"H","K414H",0.628431094852458
"K",414,"I","K414I",-0.658303732323597
"K",414,"L","K414L",0.805763719034043
"K",414,"M","K414M",-0.567711870483619
"K",414,"N","K414N",-3.2004518886809
"K",414,"P","K414P",-0.693638077680619
"K",414,"Q","K414Q",0.0135094383537006
"K",414,"R","K414R",-0.0530411246912424
"K",414,"S","K414S",-0.307218772141585
"K",414,"T","K414T",-0.342432853642204
"K",414,"V","K414V",0.282895759111225
"K",414,"W","K414W",-0.187951954236846
"K",414,"Y","K414Y",0.318702066657077
"S",415,"A","S415A",-0.897825086840106
"S",415,"C","S415C",-0.376871714192375
"S",415,"D","S415D",0.43193738886261
"S",415,"E","S415E",-1.58575820138837
"S",415,"F","S415F",0.692527873004426
"S",415,"G","S415G",-0.112798472370641
"S",415,"H","S415H",0.740859906230782
"S",415,"I","S415I",-0.12988860781731
"S",415,"K","S415K",-0.354001226396042
"S",415,"L","S415L",-0.581294733225062
"S",415,"M","S415M",0.418242342168563
"S",415,"N","S415N",-0.125792888982676
"S",415,"P","S415P",-0.336715901584014
"S",415,"Q","S415Q",0.0460773329182097
"S",415,"R","S415R",0.294727046466802
"S",415,"T","S415T",-0.930269802325006
"S",415,"V","S415V",-0.374000409428073
"S",415,"W","S415W",0.466200335556762
"S",415,"Y","S415Y",0.29417361751006
"R",416,"A","R416A",-0.768347288179024
"R",416,"C","R416C",-0.936699107788258
"R",416,"D","R416D",-0.0905113685033729
"R",416,"E","R416E",0.6752548557596
"R",416,"F","R416F",0.409655547620336
"R",416,"G","R416G",-0.487577757842968
"R",416,"H","R416H",0.0223829550145154
"R",416,"I","R416I",-0.272056394898794
"R",416,"K","R416K",0.505065949012466
"R",416,"L","R416L",0.559339104256163
"R",416,"M","R416M",-0.386198286838476
"R",416,"N","R416N",0.278727374219995
"R",416,"P","R416P",-0.435300554148896
"R",416,"Q","R416Q",1.60904708696884
"R",416,"S","R416S",0.789255330456245
"R",416,"T","R416T",0.01724953056024
"R",416,"V","R416V",-0.56584674661503
"R",416,"W","R416W",-1.5064019016899
"R",416,"Y","R416Y",1.14735768717324
"W",417,"A","W417A",1.19509671206204
"W",417,"C","W417C",-0.612388700408195
"W",417,"D","W417D",0.687658232797906
"W",417,"E","W417E",-0.356570018855424
"W",417,"F","W417F",-0.0530505299657944
"W",417,"G","W417G",0.184093748637844
"W",417,"H","W417H",-0.250182201408279
"W",417,"I","W417I",-0.013350509674271
"W",417,"K","W417K",0.415260872473717
"W",417,"L","W417L",-0.0229590552526188
"W",417,"M","W417M",0.363751774586344
"W",417,"N","W417N",0.542695315494887
"W",417,"P","W417P",0.0315385950154428
"W",417,"Q","W417Q",-0.628783500422843
"W",417,"R","W417R",0.250709404988656
"W",417,"S","W417S",0.149982444641155
"W",417,"T","W417T",-0.0267218124511141
"W",417,"V","W417V",-0.341822502258206
"W",417,"Y","W417Y",0.212978986765133
"Q",418,"A","Q418A",-0.558496223222642
"Q",418,"C","Q418C",0.114205366105504
"Q",418,"D","Q418D",0.797396411215692
"Q",418,"E","Q418E",-0.132740473758674
"Q",418,"F","Q418F",0.83496298605048
"Q",418,"G","Q418G",0.4102834463754
"Q",418,"H","Q418H",-0.415773346466973
"Q",418,"I","Q418I",2.48187380337183
"Q",418,"K","Q418K",-0.848460643904828
"Q",418,"L","Q418L",0.285949050354221
"Q",418,"M","Q418M",0.507822931375648
"Q",418,"N","Q418N",-0.343177561832222
"Q",418,"P","Q418P",-0.118073932250711
"Q",418,"R","Q418R",-0.0611776752278353
"Q",418,"S","Q418S",-0.25762906545344
"Q",418,"T","Q418T",-0.483473417137259
"Q",418,"V","Q418V",-1.23132693495107
"Q",418,"W","Q418W",-0.661979319448261
"Q",418,"Y","Q418Y",0.0570916135902088
"Q",419,"A","Q419A",-0.029594946858085
"Q",419,"C","Q419C",-0.590634580044743
"Q",419,"D","Q419D",0.845423964447666
"Q",419,"E","Q419E",0.279427310993121
"Q",419,"F","Q419F",-0.448836695216493
"Q",419,"G","Q419G",0.045885590258625
"Q",419,"H","Q419H",0.18021627978173
"Q",419,"I","Q419I",0.391471474843288
"Q",419,"K","Q419K",0.483682075453555
"Q",419,"L","Q419L",-0.518083294254151
"Q",419,"M","Q419M",-0.0945844706711317
"Q",419,"N","Q419N",0.835927279514538
"Q",419,"P","Q419P",0.212650662073156
"Q",419,"R","Q419R",0.359093327901624
"Q",419,"S","Q419S",0.828968526585585
"Q",419,"T","Q419T",0.370694938538511
"Q",419,"V","Q419V",0.837650846869924
"Q",419,"W","Q419W",-0.955150293170074
"Q",419,"Y","Q419Y",1.16140923239036
"G",420,"A","G420A",0.542221579543439
"G",420,"C","G420C",0.334758608031211
"G",420,"D","G420D",-0.181686251648626
"G",420,"E","G420E",0.23038076575903
"G",420,"F","G420F",0.916224525928208
"G",420,"H","G420H",0.872200490522051
"G",420,"I","G420I",-0.289554076685899
"G",420,"K","G420K",-0.409099968035425
"G",420,"L","G420L",0.192530967662103
"G",420,"M","G420M",0.118378328304215
"G",420,"N","G420N",-0.734027773720704
"G",420,"P","G420P",-0.193365315049433
"G",420,"Q","G420Q",-0.218173227002816
"G",420,"R","G420R",-0.220043048460427
"G",420,"S","G420S",0.922076851487926
"G",420,"T","G420T",0.728608784853054
"G",420,"V","G420V",-0.603860641366215
"G",420,"W","G420W",0.778037615041404
"G",420,"Y","G420Y",0.154295335499623
"N",421,"A","N421A",0.12617627908604
"N",421,"C","N421C",-0.464367575727605
"N",421,"D","N421D",1.13794936104384
"N",421,"E","N421E",-0.408625265481266
"N",421,"F","N421F",0.176952238062658
"N",421,"G","N421G",-0.778333923044591
"N",421,"H","N421H",-0.306526106312871
"N",421,"I","N421I",2.57771501318258
"N",421,"K","N421K",-0.388940257162715
"N",421,"L","N421L",0.547386254146799
"N",421,"M","N421M",0.13398874043347
"N",421,"P","N421P",0.421152834610039
"N",421,"Q","N421Q",-0.13837313447886
"N",421,"R","N421R",-0.75797994819317
"N",421,"S","N421S",-0.555440187879771
"N",421,"T","N421T",0.00546106229303776
"N",421,"V","N421V",0.546262993450852
"N",421,"W","N421W",0.229272554261628
"N",421,"Y","N421Y",-0.0145511213239707
"V",422,"A","V422A",0.262305408571148
"V",422,"C","V422C",0.309625927761085
"V",422,"D","V422D",0.671174672768581
"V",422,"E","V422E",-0.785294573859637
"V",422,"F","V422F",-0.211502030698525
"V",422,"G","V422G",-0.0393060617088007
"V",422,"H","V422H",-0.344436562960605
"V",422,"I","V422I",0.0884506725356799
"V",422,"K","V422K",-0.260921722331102
"V",422,"L","V422L",0.268153235500939
"V",422,"M","V422M",-0.334757512048167
"V",422,"N","V422N",0.874557792951042
"V",422,"P","V422P",-0.247899035321187
"V",422,"Q","V422Q",-2.19524282130281
"V",422,"R","V422R",0.50025396282652
"V",422,"S","V422S",0.946310338313054
"V",422,"T","V422T",0.645019923128739
"V",422,"W","V422W",0.319260211144524
"V",422,"Y","V422Y",-0.0791913881851941
"F",423,"A","F423A",0.940826910457838
"F",423,"C","F423C",0.0232240831623765
"F",423,"D","F423D",0.485189694509877
"F",423,"E","F423E",0.146091367743737
"F",423,"G","F423G",1.01571901381103
"F",423,"H","F423H",0.768250023272443
"F",423,"I","F423I",0.783765002292235
"F",423,"K","F423K",0.160940986073762
"F",423,"L","F423L",0.885891788001744
"F",423,"M","F423M",-0.910769480294841
"F",423,"N","F423N",0.615273983838657
"F",423,"P","F423P",1.17753674617288
"F",423,"Q","F423Q",0.0037453651283199
"F",423,"R","F423R",1.01386540285223
"F",423,"S","F423S",-0.284580420291289
"F",423,"T","F423T",0.164721654028284
"F",423,"V","F423V",-0.450094483519414
"F",423,"W","F423W",0.542895133876516
"F",423,"Y","F423Y",0.149208542255845
"S",424,"A","S424A",-0.45437870453149
"S",424,"C","S424C",-0.400551303145779
"S",424,"D","S424D",1.18494193597903
"S",424,"E","S424E",-0.471803811438617
"S",424,"F","S424F",-0.291778033884755
"S",424,"G","S424G",-0.0835071126858683
"S",424,"H","S424H",0.417327386158259
"S",424,"I","S424I",0.529638924772039
"S",424,"K","S424K",-0.191666233277147
"S",424,"L","S424L",0.628684816271454
"S",424,"M","S424M",0.29165083650545
"S",424,"N","S424N",0.678212926215524
"S",424,"P","S424P",-0.432191886157871
"S",424,"Q","S424Q",0.210240441195738
"S",424,"R","S424R",0.635437415543885
"S",424,"T","S424T",0.00576124628860902
"S",424,"V","S424V",-0.794664155265212
"S",424,"W","S424W",3.8311849465732
"S",424,"Y","S424Y",1.50083391666814
"C",425,"A","C425A",-0.416197012856939
"C",425,"D","C425D",-1.72565819628241
"C",425,"E","C425E",-1.28042247797254
"C",425,"F","C425F",0.325333992837898
"C",425,"G","C425G",-4.9087550169403
"C",425,"H","C425H",-0.680729129796907
"C",425,"I","C425I",0.234348928951184
"C",425,"K","C425K",1.09765163546497
"C",425,"L","C425L",-0.487476647688199
"C",425,"M","C425M",-0.265118368951033
"C",425,"N","C425N",1.20424683794902
"C",425,"P","C425P",0.620836018877773
"C",425,"Q","C425Q",0.124645763308101
"C",425,"R","C425R",0.207105154438388
"C",425,"S","C425S",1.21368463255343
"C",425,"T","C425T",-1.28925585032054
"C",425,"V","C425V",-0.367752470757184
"C",425,"W","C425W",1.82117557782004
"C",425,"Y","C425Y",0.374140334622942
"S",426,"A","S426A",2.59511463125409
"S",426,"C","S426C",0.639628925818775
"S",426,"D","S426D",2.51810717710054
"S",426,"E","S426E",1.23340142306558
"S",426,"F","S426F",0.254103225066562
"S",426,"G","S426G",0.593872952492915
"S",426,"H","S426H",-0.537813135881443
"S",426,"I","S426I",-1.88901497849788
"S",426,"K","S426K",0.281622810004372
"S",426,"L","S426L",-0.633072637969486
"S",426,"M","S426M",-1.13666731642397
"S",426,"N","S426N",-1.42886501158384
"S",426,"P","S426P",0.269317776301307
"S",426,"Q","S426Q",0.542187577511708
"S",426,"R","S426R",0.180593482791999
"S",426,"T","S426T",-0.737092131056002
"S",426,"V","S426V",0.180055365280203
"S",426,"W","S426W",0.222690358393521
"S",426,"Y","S426Y",1.26976336365557
"V",427,"A","V427A",2.56511236313097
"V",427,"C","V427C",-0.412330206352013
"V",427,"D","V427D",0.0171519370548497
"V",427,"E","V427E",0.151081475701922
"V",427,"F","V427F",4.6101724133756
"V",427,"G","V427G",0.61210904357076
"V",427,"H","V427H",0.0777625229725978
"V",427,"I","V427I",0.148435898803668
"V",427,"K","V427K",-0.967362054597863
"V",427,"L","V427L",0.274463090431635
"V",427,"M","V427M",0.408395452458203
"V",427,"N","V427N",-0.10209258848682
"V",427,"P","V427P",-1.05185598852484
"V",427,"Q","V427Q",-0.988654864767396
"V",427,"R","V427R",-1.93000905982523
"V",427,"S","V427S",1.06437485467887
"V",427,"T","V427T",4.20333223160621
"V",427,"W","V427W",0.27075187974135
"V",427,"Y","V427Y",0.450440991854656
"M",428,"A","M428A",-1.91940138650947
"M",428,"C","M428C",-0.103248506759172
"M",428,"D","M428D",0.230207131904167
"M",428,"E","M428E",1.09422411164169
"M",428,"F","M428F",0.601673964601912
"M",428,"G","M428G",-0.0941560792347787
"M",428,"H","M428H",0.496019268473978
"M",428,"I","M428I",0.138735087198827
"M",428,"K","M428K",2.18552802509677
"M",428,"L","M428L",-0.259850081403094
"M",428,"N","M428N",-0.436488653696902
"M",428,"P","M428P",-1.03304504143318
"M",428,"Q","M428Q",-0.111073517455504
"M",428,"R","M428R",-1.08763045909326
"M",428,"S","M428S",0.649459728301146
"M",428,"T","M428T",0.168208715303161
"M",428,"V","M428V",0.187041688457006
"M",428,"W","M428W",1.21191488615187
"M",428,"Y","M428Y",0.0559948194568442
"H",429,"A","H429A",-0.233130350172865
"H",429,"C","H429C",0.730794872015757
"H",429,"D","H429D",-0.821687521433459
"H",429,"E","H429E",-1.24419782407162
"H",429,"F","H429F",0.401545222045967
"H",429,"G","H429G",-0.297922053435515
"H",429,"I","H429I",-3.44331015644091
"H",429,"K","H429K",-1.94287558833418
"H",429,"L","H429L",2.15423329993673
"H",429,"M","H429M",0.40592014474512
"H",429,"N","H429N",1.47920596586516
"H",429,"P","H429P",-0.978668184673379
"H",429,"Q","H429Q",-0.182530437692006
"H",429,"R","H429R",0.095109489670616
"H",429,"S","H429S",0.592435123591699
"H",429,"T","H429T",-1.44416443584786
"H",429,"V","H429V",-0.983117590715441
"H",429,"W","H429W",-0.909232141395541
"H",429,"Y","H429Y",-1.31003594396577
"E",430,"A","E430A",-2.4914668227053
"E",430,"C","E430C",0.540004933745061
"E",430,"D","E430D",1.71437174998022
"E",430,"F","E430F",-0.763640319379722
"E",430,"G","E430G",0.424278646255601
"E",430,"H","E430H",-0.385095682551932
"E",430,"I","E430I",0.781703883652108
"E",430,"K","E430K",0.142596888255581
"E",430,"L","E430L",-1.46001265413821
"E",430,"M","E430M",0.367869158372491
"E",430,"N","E430N",0.240728951263991
"E",430,"P","E430P",-2.3444991056892
"E",430,"Q","E430Q",-1.34596391143245
"E",430,"R","E430R",-1.09141490746885
"E",430,"S","E430S",0.768243957839324
"E",430,"T","E430T",-0.57538121501539
"E",430,"V","E430V",-1.03744056318249
"E",430,"W","E430W",0.366135221620377
"E",430,"Y","E430Y",-0.499973174007604
"L",432,"A","L432A",0.0317914642370805
"L",432,"C","L432C",0.5383444955964
"L",432,"D","L432D",-0.617136312378721
"L",432,"E","L432E",0.236118384449408
"L",432,"F","L432F",-0.536711217978647
"L",432,"G","L432G",-0.405729083626721
"L",432,"H","L432H",-0.566563498764785
"L",432,"I","L432I",0.505623300231892
"L",432,"K","L432K",-0.831760659361519
"L",432,"M","L432M",-0.154798858436482
"L",432,"N","L432N",-0.255536749127414
"L",432,"P","L432P",0.17855875857566
"L",432,"Q","L432Q",-0.0558576306343202
"L",432,"R","L432R",-0.567142251313662
"L",432,"S","L432S",0.365085710793501
"L",432,"T","L432T",-1.08898828892213
"L",432,"V","L432V",-0.757613517466346
"L",432,"W","L432W",0.358948192546645
"L",432,"Y","L432Y",0.168987009000247
"H",433,"A","H433A",0.684196775784976
"H",433,"C","H433C",-0.291262825066471
"H",433,"D","H433D",0.682621560873285
"H",433,"E","H433E",0.249544977460708
"H",433,"F","H433F",0.614034068207266
"H",433,"G","H433G",-0.0696992860807619
"H",433,"I","H433I",-0.113221862278916
"H",433,"K","H433K",0.655185371850235
"H",433,"L","H433L",-0.233594882390178
"H",433,"M","H433M",0.147362892188868
"H",433,"N","H433N",0.180097923773994
"H",433,"P","H433P",0.354430181428007
"H",433,"Q","H433Q",0.865606588052639
"H",433,"R","H433R",0.5846438822774
"H",433,"S","H433S",1.67464102302581
"H",433,"T","H433T",2.63740574046688
"H",433,"V","H433V",0.250855740940699
"H",433,"W","H433W",-0.237449438668769
"H",433,"Y","H433Y",-1.28773437995962
"N",434,"A","N434A",-0.361578279344953
"N",434,"C","N434C",0.309155396445427
"N",434,"D","N434D",1.56074145137597
"N",434,"E","N434E",2.12077393702756
"N",434,"F","N434F",-0.226880175097875
"N",434,"G","N434G",0.0668323036847927
"N",434,"H","N434H",0.559720384936138
"N",434,"I","N434I",-0.474424962134606
"N",434,"K","N434K",-0.750704593286761
"N",434,"L","N434L",1.01486596973911
"N",434,"P","N434P",0.314777494113651
"N",434,"Q","N434Q",-0.330759506456556
"N",434,"R","N434R",-0.869749558140091
"N",434,"S","N434S",4.87001908360891
"N",434,"T","N434T",-0.232437680375704
"N",434,"W","N434W",0.0146480158207394
"N",434,"Y","N434Y",0.0446534889083128
"H",435,"A","H435A",0.00454015766676717
"H",435,"C","H435C",-0.311296626588784
"H",435,"D","H435D",0.334976182836338
"H",435,"E","H435E",0.105224525750913
"H",435,"F","H435F",-0.472700002276029
"H",435,"G","H435G",-2.04356044839715
"H",435,"I","H435I",-0.429863161778414
"H",435,"K","H435K",0.644585396973657
"H",435,"L","H435L",-0.561982209239371
"H",435,"M","H435M",-0.125435767226463
"H",435,"N","H435N",0.238822706234387
"H",435,"P","H435P",0.0329770842135238
"H",435,"Q","H435Q",0.482808329215097
"H",435,"R","H435R",0.384464761406903
"H",435,"S","H435S",-0.36771851733357
"H",435,"T","H435T",1.22472826001473
"H",435,"V","H435V",0.707763062302163
"H",435,"W","H435W",-1.08620925071557
"H",435,"Y","H435Y",-0.60829764133291
"Y",436,"A","Y436A",-0.388865075871173
"Y",436,"C","Y436C",-0.0806154616819685
"Y",436,"D","Y436D",0.689220764445753
"Y",436,"E","Y436E",1.11258513912824
"Y",436,"F","Y436F",-0.366502123171642
"Y",436,"G","Y436G",-1.25028303223825
"Y",436,"H","Y436H",-0.098402412559604
"Y",436,"I","Y436I",1.60652211291488
"Y",436,"K","Y436K",0.149466287039659
"Y",436,"L","Y436L",0.402139735516462
"Y",436,"M","Y436M",1.60900872765915
"Y",436,"N","Y436N",1.45963021828805
"Y",436,"P","Y436P",1.44748036143351
"Y",436,"Q","Y436Q",-0.0590429923994767
"Y",436,"R","Y436R",-0.0888074071209826
"Y",436,"S","Y436S",0.20176275712804
"Y",436,"T","Y436T",0.175479629513397
"Y",436,"V","Y436V",-0.928236113341284
"Y",436,"W","Y436W",1.44627755748917
"T",437,"A","T437A",0.316815664729434
"T",437,"C","T437C",-0.0826290836716709
"T",437,"D","T437D",0.88938217051878
"T",437,"E","T437E",0.950781205713915
"T",437,"F","T437F",1.57740747304159
"T",437,"G","T437G",-0.653271838077271
"T",437,"H","T437H",0.0635792158922256
"T",437,"I","T437I",-0.117880367508649
"T",437,"K","T437K",-1.1244337306451
"T",437,"L","T437L",-0.192197023751936
"T",437,"M","T437M",0.548157425900855
"T",437,"N","T437N",-1.14281136988508
"T",437,"P","T437P",-0.403033149152496
"T",437,"Q","T437Q",-0.377701560233056
"T",437,"R","T437R",-0.259731529600815
"T",437,"S","T437S",0.256141019600428
"T",437,"V","T437V",0.593702216826648
"T",437,"W","T437W",1.348261494648
"T",437,"Y","T437Y",-0.168563096183541
"Q",438,"A","Q438A",0.768189087523099
"Q",438,"C","Q438C",0.532204923856781
"Q",438,"D","Q438D",-0.012657019367726
"Q",438,"E","Q438E",1.10648709665612
"Q",438,"F","Q438F",-0.442097461157297
"Q",438,"G","Q438G",0.0185006697046936
"Q",438,"H","Q438H",-0.878253053611072
"Q",438,"I","Q438I",-0.437775962527734
"Q",438,"K","Q438K",0.412485537206348
"Q",438,"L","Q438L",-0.372595192193786
"Q",438,"M","Q438M",-0.520673246695493
"Q",438,"N","Q438N",0.0948613747517118
"Q",438,"P","Q438P",0.48893848967591
"Q",438,"R","Q438R",1.16905949551884
"Q",438,"S","Q438S",1.82900462559061
"Q",438,"T","Q438T",0.318624733708578
"Q",438,"V","Q438V",3.10365479294335
"Q",438,"W","Q438W",0.523367084409168
"Q",438,"Y","Q438Y",0.296338762508355
"K",439,"A","K439A",-0.333591558028775
"K",439,"C","K439C",-0.490194775029125
"K",439,"D","K439D",0.579776746421492
"K",439,"E","K439E",1.38626246757357
"K",439,"F","K439F",0.307680909525743
"K",439,"G","K439G",0.0276772401365829
"K",439,"H","K439H",0.390899700351445
"K",439,"I","K439I",1.21962098053012
"K",439,"L","K439L",0.0383688140468102
"K",439,"M","K439M",0.100651852508727
"K",439,"N","K439N",0.120075671746644
"K",439,"P","K439P",-0.424540905690179
"K",439,"Q","K439Q",1.6396674006103
"K",439,"R","K439R",2.8097347917271
"K",439,"S","K439S",-1.63382697552833
"K",439,"T","K439T",0.591489713777416
"K",439,"V","K439V",0.458928361585969
"K",439,"W","K439W",0.0918181342523762
"K",439,"Y","K439Y",2.57413422368592
"S",440,"A","S440A",-0.350068596547845
"S",440,"C","S440C",0.137731527373595
"S",440,"D","S440D",0.137934013178056
"S",440,"E","S440E",-1.01411883499873
"S",440,"F","S440F",0.405045551851114
"S",440,"G","S440G",0.413492623979257
"S",440,"H","S440H",0.0248547132297408
"S",440,"I","S440I",0.0396561036836721
"S",440,"K","S440K",-0.175758945582815
"S",440,"L","S440L",0.451866748266305
"S",440,"M","S440M",-0.0579042871942859
"S",440,"N","S440N",2.55212686865142
"S",440,"P","S440P",-1.10144677368515
"S",440,"Q","S440Q",1.7870749543109
"S",440,"R","S440R",-0.204709264389901
"S",440,"T","S440T",-0.587124331256419
"S",440,"V","S440V",-0.875433464040837
"S",440,"W","S440W",0.14886159787263
"S",440,"Y","S440Y",-0.867536517271041
"L",441,"A","L441A",0.917913548474287
"L",441,"C","L441C",-0.789759531713593
"L",441,"D","L441D",-0.735737019151959
"L",441,"E","L441E",0.0642340772148265
"L",441,"F","L441F",0.144241294583884
"L",441,"G","L441G",-0.876328930620016
"L",441,"H","L441H",-0.0297595472810145
"L",441,"I","L441I",0.469013757458764
"L",441,"K","L441K",0.185254178780984
"L",441,"M","L441M",-0.0176946659554782
"L",441,"N","L441N",-0.507154380505189
"L",441,"P","L441P",1.49345751546691
"L",441,"Q","L441Q",0.0666469047183263
"L",441,"R","L441R",-1.82385996945204
"L",441,"S","L441S",-0.138531890690149
"L",441,"T","L441T",0.900722965692444
"L",441,"V","L441V",0.943515702370226
"L",441,"W","L441W",0.494745005920364
"L",441,"Y","L441Y",-0.782403540297728
"S",442,"A","S442A",1.02702511053385
"S",442,"C","S442C",-1.24065797854461
"S",442,"D","S442D",-0.198467467266489
"S",442,"E","S442E",-0.312169484710214
"S",442,"F","S442F",1.86849122353767
"S",442,"G","S442G",-0.42423590009123
"S",442,"H","S442H",-0.276679437623598
"S",442,"I","S442I",-1.26641532433788
"S",442,"K","S442K",0.577679272427404
"S",442,"L","S442L",-0.198796165545058
"S",442,"M","S442M",-0.182946660461038
"S",442,"N","S442N",-0.846998714548079
"S",442,"P","S442P",0.993365946035326
"S",442,"Q","S442Q",2.06674596293306
"S",442,"R","S442R",-0.685233806242309
"S",442,"T","S442T",-0.954623506234639
"S",442,"V","S442V",0.00536898475832331
"S",442,"W","S442W",-0.473008316407209
"S",442,"Y","S442Y",-0.359638072115683
"L",443,"A","L443A",-0.283912373948872
"L",443,"C","L443C",1.69039918133703
"L",443,"D","L443D",0.629078239827715
"L",443,"E","L443E",0.156443736616999
"L",443,"F","L443F",0.599711232758396
"L",443,"G","L443G",-1.23272400973307
"L",443,"H","L443H",0.497478527687124
"L",443,"I","L443I",-2.70098894566188
"L",443,"K","L443K",1.07870622943765
"L",443,"M","L443M",-0.488459570246408
"L",443,"N","L443N",-0.50425628095445
"L",443,"P","L443P",-0.430607679778292
"L",443,"Q","L443Q",-0.175157648432064
"L",443,"R","L443R",-0.0189613491663371
"L",443,"S","L443S",-1.23523970274455
"L",443,"T","L443T",-0.0731769699067704
"L",443,"V","L443V",0.333765455082507
"L",443,"W","L443W",0.121542366069924
"L",443,"Y","L443Y",-0.412270575432155
"S",444,"A","S444A",-1.18813688854287
"S",444,"C","S444C",-1.41617544361299
"S",444,"D","S444D",-0.106045228898321
"S",444,"E","S444E",-1.19652946370034
"S",444,"F","S444F",0.364542176664286
"S",444,"G","S444G",-0.964512297497282
"S",444,"H","S444H",0.09208028139304
"S",444,"I","S444I",-0.719727663313476
"S",444,"K","S444K",0.768217522774875
"S",444,"L","S444L",-0.82694091249482
"S",444,"M","S444M",0.677379809847105
"S",444,"N","S444N",-0.139313546462909
"S",444,"P","S444P",-0.481006064928435
"S",444,"Q","S444Q",-0.484776118828715
"S",444,"R","S444R",0.559486652638623
"S",444,"T","S444T",-0.609151680258128
"S",444,"V","S444V",-0.19480710453518
"S",444,"W","S444W",-0.43214227056318
"S",444,"Y","S444Y",0.448712187720416
"P",445,"A","P445A",-0.350025718677819
"P",445,"C","P445C",-0.803715552918192
"P",445,"D","P445D",-0.397068248593275
"P",445,"E","P445E",-0.70900134026255
"P",445,"F","P445F",-0.369143869692275
"P",445,"G","P445G",-1.06624670009862
"P",445,"H","P445H",-0.143107446166643
"P",445,"I","P445I",-0.505179153835693
"P",445,"K","P445K",0.456717664288587
"P",445,"L","P445L",0.839871576008494
"P",445,"M","P445M",0.141611654795333
"P",445,"N","P445N",1.19063947918149
"P",445,"Q","P445Q",0.533564951678162
"P",445,"R","P445R",-0.362240388530826
"P",445,"S","P445S",0.952319155099212
"P",445,"V","P445V",0.182927028975827
"P",445,"W","P445W",-0.671807527182068
"P",445,"Y","P445Y",-2.04949958471317
"G",446,"A","G446A",-0.459645823008343
"G",446,"C","G446C",-1.09858189780302
"G",446,"D","G446D",-0.160349367563423
"G",446,"E","G446E",1.10151275703828
"G",446,"F","G446F",-0.124982199781927
"G",446,"H","G446H",0.0255643096520397
"G",446,"I","G446I",-0.38803252028623
"G",446,"K","G446K",0.265492203925226
"G",446,"L","G446L",-0.839949021601967
"G",446,"M","G446M",-0.003899875696679
"G",446,"N","G446N",-0.240614004235053
"G",446,"P","G446P",0.112675443216894
"G",446,"Q","G446Q",-0.355049473211207
"G",446,"R","G446R",0.271333614729795
"G",446,"S","G446S",0.487401649831851
"G",446,"T","G446T",0.545230681039287
"G",446,"V","G446V",1.66121107805014
"G",446,"W","G446W",1.52456038714156
"G",446,"Y","G446Y",-0.336469293951011
"K",447,"A","K447A",1.16415031196982
"K",447,"C","K447C",-0.336966828580272
"K",447,"D","K447D",2.99769534044015
"K",447,"E","K447E",-0.801447762008142
"K",447,"F","K447F",0.885805180550138
"K",447,"G","K447G",-0.198665426062411
"K",447,"H","K447H",0.290639632501196
"K",447,"I","K447I",-0.230688183336251
"K",447,"L","K447L",-0.594718504096889
"K",447,"M","K447M",0.435595566184099
"K",447,"N","K447N",-0.802791438186796
"K",447,"P","K447P",0.853667602810832
"K",447,"Q","K447Q",0.129870319182606
"K",447,"R","K447R",-1.2296402977952
"K",447,"S","K447S",1.20565593197437
"K",447,"T","K447T",-0.0777012216853034
"K",447,"V","K447V",0.195569190983033
"K",447,"W","K447W",-0.562939018873632
"K",447,"Y","K447Y",-0.700588612875557
