"wildtype","site","mutation","name","scaledscore"
"E",216,"A","E216A",-0.88142641679129
"E",216,"C","E216C",-0.224402701932145
"E",216,"D","E216D",-1.22819655516717
"E",216,"F","E216F",-0.545179505541864
"E",216,"G","E216G",-0.314913424656331
"E",216,"H","E216H",0.278430077921751
"E",216,"I","E216I",1.68312035465913
"E",216,"K","E216K",-0.453852433494368
"E",216,"L","E216L",-1.07446962018978
"E",216,"M","E216M",-1.62653709839195
"E",216,"N","E216N",0.552747037383662
"E",216,"P","E216P",-0.377150882021303
"E",216,"Q","E216Q",-0.160483083312731
"E",216,"R","E216R",0.516938108781815
"E",216,"S","E216S",-1.97828425106518
"E",216,"T","E216T",0.669427210552168
"E",216,"V","E216V",-0.627771068341646
"E",216,"W","E216W",-0.0254590540425545
"E",216,"Y","E216Y",0.631696466605166
"P",217,"A","P217A",-0.366892626477535
"P",217,"C","P217C",-0.219278912214892
"P",217,"D","P217D",-0.829023989765714
"P",217,"E","P217E",-0.362278942841061
"P",217,"F","P217F",-0.324807688186705
"P",217,"G","P217G",-1.1934615514307
"P",217,"H","P217H",0.0225440882261173
"P",217,"I","P217I",-0.104341829325189
"P",217,"K","P217K",-0.0880667107704611
"P",217,"L","P217L",-0.456100591804485
"P",217,"M","P217M",-1.40211894763865
"P",217,"N","P217N",-1.73135646369673
"P",217,"Q","P217Q",-1.11047612642665
"P",217,"R","P217R",0.220989869981063
"P",217,"S","P217S",-2.10117390512163
"P",217,"T","P217T",0.0631935080196669
"P",217,"V","P217V",-0.346554353566472
"P",217,"W","P217W",-0.670339127830799
"P",217,"Y","P217Y",-0.573050956389801
"K",218,"A","K218A",0.837376940100986
"K",218,"C","K218C",-0.10583096540516
"K",218,"D","K218D",-0.644091720675608
"K",218,"E","K218E",0.0183805032421773
"K",218,"F","K218F",-1.17790698200417
"K",218,"G","K218G",0.295753591158231
"K",218,"H","K218H",-3.56387516883333
"K",218,"I","K218I",-0.315769219551324
"K",218,"L","K218L",0.0380370283473647
"K",218,"M","K218M",0.887432205836301
"K",218,"N","K218N",0.126006493563623
"K",218,"P","K218P",1.0502905873915
"K",218,"Q","K218Q",0.487456951602351
"K",218,"R","K218R",-0.436842701729348
"K",218,"S","K218S",-1.53333328025623
"K",218,"T","K218T",-0.362691889439381
"K",218,"V","K218V",0.56093406233936
"K",218,"W","K218W",0.133035859617983
"K",218,"Y","K218Y",1.64683244573338
"S",219,"A","S219A",-0.0242010840729851
"S",219,"C","S219C",-0.225117238062061
"S",219,"D","S219D",-0.480265131853356
"S",219,"E","S219E",-0.0225140030288926
"S",219,"F","S219F",0.0777438762327015
"S",219,"G","S219G",-0.112462412139064
"S",219,"H","S219H",0.11749526343448
"S",219,"I","S219I",-0.47302194885543
"S",219,"K","S219K",-0.0473342334196704
"S",219,"L","S219L",-0.57850577696283
"S",219,"M","S219M",-0.354468384711935
"S",219,"N","S219N",-0.246219145768722
"S",219,"P","S219P",-0.000369943959005601
"S",219,"Q","S219Q",-1.31181124254051
"S",219,"R","S219R",-0.957850672647151
"S",219,"T","S219T",-0.279046817656985
"S",219,"V","S219V",0.423702849763446
"S",219,"W","S219W",0.104867948435729
"S",219,"Y","S219Y",0.635510387641159
"C",220,"A","C220A",-1.0497821687199
"C",220,"D","C220D",-0.318554292093715
"C",220,"E","C220E",0.190507015279971
"C",220,"F","C220F",0.143929529851182
"C",220,"G","C220G",-0.598007730390512
"C",220,"H","C220H",-0.553365664686385
"C",220,"I","C220I",0.414981027902519
"C",220,"K","C220K",0.689003950885323
"C",220,"L","C220L",-0.903985094210319
"C",220,"M","C220M",-0.660088131509267
"C",220,"N","C220N",-0.417444561398966
"C",220,"P","C220P",-0.695876718083545
"C",220,"Q","C220Q",-0.0663199235096951
"C",220,"R","C220R",-0.951795013515308
"C",220,"S","C220S",-0.649076342049012
"C",220,"T","C220T",-1.15976317886901
"C",220,"V","C220V",-0.919745560789642
"C",220,"W","C220W",0.158227322698586
"C",220,"Y","C220Y",-0.398609552440618
"D",221,"A","D221A",0.420608554650476
"D",221,"C","D221C",0.128481130685517
"D",221,"E","D221E",-0.187883690074873
"D",221,"F","D221F",-0.404002662585373
"D",221,"G","D221G",-1.25307532980735
"D",221,"H","D221H",-1.31277502694265
"D",221,"I","D221I",0.655188264302961
"D",221,"K","D221K",-0.256131256713684
"D",221,"L","D221L",-0.0366393882014083
"D",221,"M","D221M",0.177585436588161
"D",221,"N","D221N",0.193163595600456
"D",221,"P","D221P",1.43174746620871
"D",221,"Q","D221Q",-0.667372480348619
"D",221,"R","D221R",-0.282712987981116
"D",221,"S","D221S",-0.619793440180428
"D",221,"T","D221T",0.748435117687966
"D",221,"V","D221V",0.39197055897493
"D",221,"W","D221W",0.168833583298021
"D",221,"Y","D221Y",0.406976855391434
"K",222,"A","K222A",-0.468645636632269
"K",222,"C","K222C",0.0191585843813887
"K",222,"D","K222D",-0.937866058909508
"K",222,"E","K222E",-0.906780587459443
"K",222,"F","K222F",-0.240748946784272
"K",222,"G","K222G",-0.473116492216778
"K",222,"H","K222H",-0.908429676505169
"K",222,"I","K222I",1.07678783129417
"K",222,"L","K222L",-2.43241843400195
"K",222,"M","K222M",0.806820323174037
"K",222,"N","K222N",-0.82388268386086
"K",222,"P","K222P",0.0750628645504041
"K",222,"Q","K222Q",-0.914636358474252
"K",222,"R","K222R",-0.544907535600193
"K",222,"S","K222S",1.28116349405166
"K",222,"T","K222T",0.298516936543806
"K",222,"V","K222V",2.36500289451254
"K",222,"W","K222W",-0.506404354168255
"K",222,"Y","K222Y",0.0137090742677821
"T",223,"A","T223A",0.0146240391381177
"T",223,"C","T223C",0.0920618525603713
"T",223,"D","T223D",-0.828790911444161
"T",223,"E","T223E",-0.894519749379471
"T",223,"F","T223F",-0.457537419217291
"T",223,"G","T223G",-0.659979366933004
"T",223,"H","T223H",0.726228642460453
"T",223,"I","T223I",0.311428547323029
"T",223,"K","T223K",-0.161206600568598
"T",223,"L","T223L",0.00735351134360913
"T",223,"M","T223M",-0.601889907864019
"T",223,"N","T223N",0.0166928919154
"T",223,"P","T223P",-0.0291813871759171
"T",223,"Q","T223Q",0.494969362028189
"T",223,"R","T223R",-0.262262207462461
"T",223,"S","T223S",0.0659696871506329
"T",223,"V","T223V",0.127588194267206
"T",223,"W","T223W",-0.971487438672449
"T",223,"Y","T223Y",0.47724607938595
"H",224,"A","H224A",0.86721772765288
"H",224,"C","H224C",0.00404730017051888
"H",224,"D","H224D",-0.576313992196669
"H",224,"E","H224E",-1.67308371368074
"H",224,"F","H224F",-0.602191404540161
"H",224,"G","H224G",0.21424142957448
"H",224,"I","H224I",-0.41412104430075
"H",224,"K","H224K",-1.33817677535376
"H",224,"L","H224L",-0.80165014691729
"H",224,"M","H224M",-0.409389495891145
"H",224,"N","H224N",-1.18382348992469
"H",224,"P","H224P",-0.446174339707151
"H",224,"Q","H224Q",0.700940713052185
"H",224,"R","H224R",0.495392112612344
"H",224,"S","H224S",0.939637637540711
"H",224,"T","H224T",-0.129097131421494
"H",224,"V","H224V",0.272108354609254
"H",224,"W","H224W",-0.893630132804896
"H",224,"Y","H224Y",-0.732338232413462
"T",225,"A","T225A",-0.570827009743783
"T",225,"C","T225C",-0.114912440010223
"T",225,"D","T225D",-0.986651381755266
"T",225,"E","T225E",-1.80757752397021
"T",225,"F","T225F",-1.43497257977204
"T",225,"G","T225G",0.970496927636541
"T",225,"H","T225H",0.0358122588458548
"T",225,"I","T225I",0.90166968661313
"T",225,"K","T225K",-0.0461177226579352
"T",225,"L","T225L",-0.568346357090016
"T",225,"M","T225M",-1.60728761211665
"T",225,"N","T225N",-0.370654144898441
"T",225,"P","T225P",-0.809778105819459
"T",225,"Q","T225Q",0.444933690634039
"T",225,"S","T225S",-0.363104698417376
"T",225,"V","T225V",0.297268452016248
"T",225,"W","T225W",0.184923626701302
"T",225,"Y","T225Y",0.06515977627972
"C",226,"A","C226A",0.141566558804528
"C",226,"D","C226D",1.0108679152021
"C",226,"E","C226E",0.755857316451573
"C",226,"F","C226F",0.133113861189906
"C",226,"G","C226G",-1.2253519111385
"C",226,"H","C226H",-0.622959756898675
"C",226,"I","C226I",-0.644803921019509
"C",226,"K","C226K",-1.18557351051509
"C",226,"L","C226L",0.529938196298071
"C",226,"M","C226M",-0.176627527171087
"C",226,"N","C226N",-0.434380463768905
"C",226,"P","C226P",0.325651075149224
"C",226,"Q","C226Q",-0.666435307618262
"C",226,"R","C226R",-0.205004911345167
"C",226,"S","C226S",-0.307350539180946
"C",226,"T","C226T",-1.10174973467276
"C",226,"V","C226V",0.16731586518309
"C",226,"W","C226W",0.144928269877601
"C",226,"Y","C226Y",1.46093449297615
"P",227,"A","P227A",-0.515991217993315
"P",227,"C","P227C",-0.473251073121375
"P",227,"D","P227D",1.1552526577627
"P",227,"E","P227E",-0.342510231713288
"P",227,"F","P227F",0.716968078476419
"P",227,"G","P227G",-0.241565037426091
"P",227,"H","P227H",-0.00862676374337283
"P",227,"I","P227I",-0.212363377771188
"P",227,"K","P227K",0.112137105810835
"P",227,"L","P227L",1.03526890658531
"P",227,"M","P227M",0.317056177044983
"P",227,"N","P227N",0.181473133200187
"P",227,"Q","P227Q",-0.73460012636802
"P",227,"R","P227R",-0.650778964141945
"P",227,"S","P227S",-0.233586141294433
"P",227,"T","P227T",-0.96107216112521
"P",227,"V","P227V",0.405738652805011
"P",227,"W","P227W",0.620266870773794
"P",227,"Y","P227Y",0.244467790190297
"P",228,"A","P228A",-1.51777046958253
"P",228,"C","P228C",0.247285115781106
"P",228,"D","P228D",-1.86353820126644
"P",228,"E","P228E",-0.380527490697152
"P",228,"F","P228F",0.167447847526119
"P",228,"G","P228G",-0.0648065492024605
"P",228,"H","P228H",0.451334425155455
"P",228,"I","P228I",-0.587848148765708
"P",228,"K","P228K",-0.0785679420010524
"P",228,"L","P228L",-0.177902893585383
"P",228,"M","P228M",0.480093549447196
"P",228,"N","P228N",0.776606380889731
"P",228,"Q","P228Q",-0.684211897643572
"P",228,"R","P228R",-0.974308390886908
"P",228,"S","P228S",-0.698738591331384
"P",228,"T","P228T",1.79586200974427
"P",228,"V","P228V",-0.0725510347671725
"P",228,"W","P228W",0.55307999114969
"P",228,"Y","P228Y",-0.0650421101142305
"C",229,"A","C229A",-1.17654663351694
"C",229,"D","C229D",-0.533925135960814
"C",229,"E","C229E",-1.34841977665476
"C",229,"F","C229F",-0.198569129652479
"C",229,"G","C229G",-1.11904904653277
"C",229,"H","C229H",-0.767807672918907
"C",229,"I","C229I",0.270258979424743
"C",229,"K","C229K",-2.29679413379484
"C",229,"L","C229L",0.0873576101080672
"C",229,"M","C229M",-0.0496720344993179
"C",229,"N","C229N",-1.24313365824947
"C",229,"P","C229P",-1.42802138577973
"C",229,"Q","C229Q",-0.987881269923469
"C",229,"R","C229R",-0.933022009791559
"C",229,"S","C229S",0.491325525485873
"C",229,"T","C229T",-0.189217059267578
"C",229,"V","C229V",-2.08754104161979
"C",229,"W","C229W",0.451351002108795
"C",229,"Y","C229Y",0.723240829904813
"P",230,"A","P230A",-0.243342532319563
"P",230,"C","P230C",0.488490012775228
"P",230,"D","P230D",0.815432526156004
"P",230,"E","P230E",0.297292728183626
"P",230,"F","P230F",0.477500761880005
"P",230,"G","P230G",0.0984169859128625
"P",230,"H","P230H",-0.250773092357155
"P",230,"I","P230I",1.13128439162392
"P",230,"K","P230K",-1.74419515346002
"P",230,"L","P230L",0.32562116483014
"P",230,"M","P230M",0.383828099915422
"P",230,"N","P230N",0.809671196965469
"P",230,"Q","P230Q",0.0405197828362082
"P",230,"R","P230R",-1.586635471912
"P",230,"S","P230S",0.338404738183276
"P",230,"T","P230T",-0.187266659618463
"P",230,"V","P230V",-1.00715143404337
"P",230,"W","P230W",0.58358909305568
"P",230,"Y","P230Y",0.839799016053285
"A",231,"C","A231C",0.00779665928322575
"A",231,"D","A231D",0.481769705808903
"A",231,"E","A231E",-0.287364820324009
"A",231,"F","A231F",-0.106942095119769
"A",231,"G","A231G",-0.60086423740748
"A",231,"H","A231H",-1.08511643188209
"A",231,"I","A231I",-1.68205910569585
"A",231,"K","A231K",-0.713082741632891
"A",231,"L","A231L",-0.082262971983567
"A",231,"M","A231M",-0.185292459124649
"A",231,"N","A231N",0.0946337255007134
"A",231,"P","A231P",0.407420096145895
"A",231,"Q","A231Q",-1.07019601606774
"A",231,"R","A231R",0.964877507397907
"A",231,"S","A231S",-0.151269240349259
"A",231,"T","A231T",-0.404832110062634
"A",231,"V","A231V",-0.60459858886514
"A",231,"W","A231W",1.37347525598805
"A",231,"Y","A231Y",1.62050236092875
"P",232,"A","P232A",-0.86256742484366
"P",232,"C","P232C",-1.03884869071853
"P",232,"D","P232D",1.14407449154818
"P",232,"E","P232E",2.43547739658365
"P",232,"F","P232F",1.33138249159319
"P",232,"G","P232G",-1.31210734826973
"P",232,"H","P232H",-0.647569140512389
"P",232,"I","P232I",2.10069653219819
"P",232,"K","P232K",1.63441301176279
"P",232,"L","P232L",3.21428750245312
"P",232,"M","P232M",2.76903082278798
"P",232,"N","P232N",0.617546204750718
"P",232,"Q","P232Q",1.0700650017991
"P",232,"R","P232R",1.01437658866096
"P",232,"S","P232S",0.229554317753418
"P",232,"T","P232T",1.36462504613607
"P",232,"V","P232V",-0.0726193111207347
"P",232,"W","P232W",0.69579783494162
"P",232,"Y","P232Y",0.247999844067209
"E",233,"A","E233A",-0.802353462594882
"E",233,"C","E233C",-0.562356644635127
"E",233,"D","E233D",-0.504330389039713
"E",233,"F","E233F",-0.450325642713482
"E",233,"G","E233G",1.36896700248335
"E",233,"H","E233H",0.385618753271216
"E",233,"I","E233I",0.937795926663463
"E",233,"K","E233K",1.69073065631178
"E",233,"L","E233L",-0.175654357630693
"E",233,"M","E233M",0.0426697774305852
"E",233,"N","E233N",0.349660092627976
"E",233,"P","E233P",0.0885555147557975
"E",233,"Q","E233Q",1.24165030297872
"E",233,"R","E233R",0.910530966354765
"E",233,"S","E233S",1.37221191023359
"E",233,"T","E233T",0.203717267165515
"E",233,"V","E233V",0.846804135062912
"E",233,"W","E233W",-0.771273003618457
"E",233,"Y","E233Y",1.2996224322307
"L",234,"A","L234A",-0.282904014247591
"L",234,"C","L234C",1.53640836562258
"L",234,"D","L234D",0.191019809641737
"L",234,"E","L234E",0.509943611507311
"L",234,"F","L234F",0.0440995868880121
"L",234,"G","L234G",-0.513193274593955
"L",234,"H","L234H",0.682743789955672
"L",234,"I","L234I",0.0977427324112718
"L",234,"K","L234K",0.419623361006159
"L",234,"M","L234M",0.172094589665643
"L",234,"N","L234N",0.840523497308617
"L",234,"P","L234P",-0.233509114864617
"L",234,"Q","L234Q",-2.33391077844857
"L",234,"R","L234R",1.25082926217246
"L",234,"S","L234S",-1.40800384912266
"L",234,"T","L234T",0.771641157221747
"L",234,"W","L234W",1.80979238230645
"L",234,"Y","L234Y",-1.10449850603598
"L",235,"A","L235A",-1.974932966071
"L",235,"C","L235C",3.10118641943323
"L",235,"D","L235D",0.348893384021927
"L",235,"E","L235E",-0.889491334348457
"L",235,"F","L235F",0.0963391180120482
"L",235,"G","L235G",-0.0920794967115862
"L",235,"H","L235H",-0.307081541831018
"L",235,"I","L235I",-1.48055720794367
"L",235,"K","L235K",-0.864843571837253
"L",235,"M","L235M",-0.926521147314578
"L",235,"N","L235N",0.820696026983103
"L",235,"P","L235P",0.0851038029904308
"L",235,"Q","L235Q",-2.09717302341118
"L",235,"R","L235R",0.719071176265677
"L",235,"S","L235S",-0.0237932741808902
"L",235,"T","L235T",0.954013763139618
"L",235,"V","L235V",-1.67624763446871
"L",235,"W","L235W",-0.974192761210987
"L",235,"Y","L235Y",-0.352485136699668
"G",236,"A","G236A",-0.0384129827915383
"G",236,"C","G236C",0.786615073366907
"G",236,"D","G236D",1.6085998950378
"G",236,"E","G236E",0.167170495742579
"G",236,"F","G236F",0.644194972107337
"G",236,"H","G236H",1.35883310164214
"G",236,"I","G236I",0.568318962040539
"G",236,"K","G236K",2.24347711160238
"G",236,"L","G236L",-2.29696508716879
"G",236,"M","G236M",2.13516406711945
"G",236,"N","G236N",1.27933567441993
"G",236,"P","G236P",0.400498484424727
"G",236,"Q","G236Q",-0.133940374006903
"G",236,"R","G236R",0.927428040512093
"G",236,"S","G236S",-0.653739359022937
"G",236,"T","G236T",-0.821120494092012
"G",236,"V","G236V",-2.52462561947899
"G",236,"W","G236W",1.1716815011312
"G",236,"Y","G236Y",-0.649127684369497
"G",237,"A","G237A",0.109882996453999
"G",237,"C","G237C",0.719620072813225
"G",237,"D","G237D",0.480312747496322
"G",237,"E","G237E",-2.8829818554097
"G",237,"F","G237F",0.816370898703909
"G",237,"H","G237H",1.37119818285757
"G",237,"I","G237I",1.75605275096836
"G",237,"K","G237K",-0.413691238383493
"G",237,"L","G237L",-1.62445090694827
"G",237,"M","G237M",1.05705534412941
"G",237,"N","G237N",0.599264459982996
"G",237,"P","G237P",0.970288679515731
"G",237,"Q","G237Q",-0.852708005168603
"G",237,"R","G237R",-0.0444991963123153
"G",237,"S","G237S",0.4252947892401
"G",237,"T","G237T",0.371369094543391
"G",237,"V","G237V",-0.227541280453145
"G",237,"W","G237W",0.764176127447622
"G",237,"Y","G237Y",-0.0423431176284679
"P",238,"A","P238A",-0.101165200416166
"P",238,"C","P238C",1.67447911271003
"P",238,"D","P238D",0.456699155671328
"P",238,"E","P238E",3.27597535361193
"P",238,"F","P238F",2.0355966857528
"P",238,"G","P238G",1.8375240989487
"P",238,"H","P238H",-1.61673870640743
"P",238,"I","P238I",-0.897810793817776
"P",238,"K","P238K",0.730334112622992
"P",238,"L","P238L",-0.630594225524995
"P",238,"M","P238M",-0.293101645844079
"P",238,"N","P238N",1.01782544139272
"P",238,"Q","P238Q",0.664114839604361
"P",238,"R","P238R",0.675536235284883
"P",238,"S","P238S",1.12550414764813
"P",238,"T","P238T",1.21631230146769
"P",238,"V","P238V",-2.76465339147399
"P",238,"W","P238W",-2.61509867439374
"P",238,"Y","P238Y",0.527029206133997
"S",239,"A","S239A",-0.412675606528846
"S",239,"C","S239C",0.40887142265765
"S",239,"D","S239D",2.29268409691188
"S",239,"E","S239E",1.5769077224778
"S",239,"F","S239F",0.539408406968611
"S",239,"G","S239G",2.41146955779322
"S",239,"H","S239H",1.38503387649897
"S",239,"I","S239I",0.527139476407378
"S",239,"K","S239K",2.24244454953992
"S",239,"L","S239L",0.985135234700303
"S",239,"M","S239M",-0.236033394855847
"S",239,"N","S239N",0.323913896721653
"S",239,"P","S239P",-0.452893372797987
"S",239,"Q","S239Q",0.161312811631129
"S",239,"R","S239R",1.26593977526372
"S",239,"T","S239T",0.643565887160161
"S",239,"V","S239V",-1.38150333776147
"S",239,"W","S239W",0.302793158978325
"S",239,"Y","S239Y",1.33326034200735
"V",240,"A","V240A",-1.16705790669754
"V",240,"C","V240C",-0.951091633041844
"V",240,"D","V240D",-0.577764200144342
"V",240,"E","V240E",0.413043614976035
"V",240,"F","V240F",-2.76042671225551
"V",240,"G","V240G",-0.64593381098787
"V",240,"H","V240H",-1.08473406464941
"V",240,"I","V240I",-2.11480545002677
"V",240,"K","V240K",0.019690342602372
"V",240,"L","V240L",-0.918941278199534
"V",240,"M","V240M",0.184118480407249
"V",240,"N","V240N",-2.37757912814784
"V",240,"P","V240P",-0.268894584678
"V",240,"Q","V240Q",-0.178505248768449
"V",240,"R","V240R",-0.242830371439481
"V",240,"S","V240S",-0.603638847795418
"V",240,"T","V240T",0.253689370384026
"V",240,"W","V240W",-0.320316402851265
"V",240,"Y","V240Y",-0.801966702357775
"F",241,"A","F241A",0.150093288096634
"F",241,"C","F241C",1.65680488251616
"F",241,"D","F241D",-0.0353674997691106
"F",241,"E","F241E",-0.609176436290821
"F",241,"G","F241G",0.487858692596067
"F",241,"H","F241H",-0.194159677270222
"F",241,"I","F241I",0.29368608319418
"F",241,"K","F241K",-0.11262257058714
"F",241,"L","F241L",-1.11159219908354
"F",241,"M","F241M",0.573040289039483
"F",241,"N","F241N",-1.4943574193093
"F",241,"P","F241P",0.516117785343
"F",241,"Q","F241Q",-0.646276233489341
"F",241,"R","F241R",-0.082198691178631
"F",241,"S","F241S",-0.825804488900771
"F",241,"T","F241T",-0.076468734826287
"F",241,"V","F241V",-0.675304913626122
"F",241,"W","F241W",0.0407089220053347
"F",241,"Y","F241Y",1.92934975172262
"L",242,"F","L242F",0.188850594953273
"F",243,"A","F243A",-1.00868406549697
"F",243,"C","F243C",2.35140431894481
"F",243,"D","F243D",-0.420658194519605
"F",243,"E","F243E",-0.144894673276687
"F",243,"H","F243H",1.42695186880222
"F",243,"I","F243I",1.32061431650663
"F",243,"K","F243K",0.0387223087072822
"F",243,"L","F243L",-0.480770064723645
"F",243,"M","F243M",-0.805690557678631
"F",243,"N","F243N",-0.419842666227975
"F",243,"P","F243P",-0.0878914856651238
"F",243,"Q","F243Q",0.0625538799037276
"F",243,"R","F243R",0.796826384753342
"F",243,"S","F243S",0.340880852275928
"F",243,"T","F243T",-1.74332624687325
"F",243,"V","F243V",0.0792098138743804
"F",243,"W","F243W",-0.0971965937807038
"F",243,"Y","F243Y",0.268971086566046
"P",244,"A","P244A",-0.487052772723895
"P",244,"C","P244C",0.771937982824402
"P",244,"D","P244D",-0.187207324823777
"P",244,"E","P244E",-0.336028383160975
"P",244,"F","P244F",0.426803990610297
"P",244,"G","P244G",-1.6482715111092
"P",244,"H","P244H",-0.012395944341348
"P",244,"I","P244I",-0.237175292080262
"P",244,"K","P244K",-1.69211903781087
"P",244,"L","P244L",-0.396342519028977
"P",244,"M","P244M",0.508539402269627
"P",244,"N","P244N",-0.657296010514854
"P",244,"Q","P244Q",-1.1209021085434
"P",244,"R","P244R",0.405455219467412
"P",244,"S","P244S",-0.189834438566081
"P",244,"T","P244T",-1.35569693373076
"P",244,"V","P244V",-0.413892985032229
"P",244,"W","P244W",-0.261943497877174
"P",244,"Y","P244Y",-0.60827106073986
"P",245,"A","P245A",-1.72283863693139
"P",245,"C","P245C",-0.310367221773617
"P",245,"D","P245D",0.152864597656174
"P",245,"E","P245E",0.505082196709408
"P",245,"F","P245F",-0.729696099915014
"P",245,"G","P245G",-0.817226666433247
"P",245,"H","P245H",-1.42397796406793
"P",245,"I","P245I",-0.380787662460665
"P",245,"K","P245K",0.777578001317143
"P",245,"L","P245L",-0.0419779560575205
"P",245,"M","P245M",-1.81426081317939
"P",245,"N","P245N",0.96552729036193
"P",245,"Q","P245Q",-0.735376192679936
"P",245,"R","P245R",-0.418082014254183
"P",245,"S","P245S",-0.0860555393112428
"P",245,"T","P245T",-0.256120669412706
"P",245,"V","P245V",-0.644201326201171
"P",245,"W","P245W",0.807877571201056
"P",245,"Y","P245Y",0.420520550773332
"K",246,"A","K246A",-1.38180823834674
"K",246,"C","K246C",-0.422575345845832
"K",246,"D","K246D",-0.225450321828546
"K",246,"E","K246E",-1.82052414520696
"K",246,"F","K246F",0.171471805948638
"K",246,"G","K246G",0.651590657330278
"K",246,"H","K246H",-0.183798734346126
"K",246,"I","K246I",0.375736623469261
"K",246,"L","K246L",-0.963550062050941
"K",246,"M","K246M",0.513381390738522
"K",246,"N","K246N",-1.31180783845648
"K",246,"P","K246P",0.30431131492918
"K",246,"Q","K246Q",0.0880215562468221
"K",246,"R","K246R",0.196733290854266
"K",246,"S","K246S",-0.119277510011522
"K",246,"T","K246T",-0.305292021213297
"K",246,"V","K246V",-0.440209822206743
"K",246,"W","K246W",0.59128607483321
"K",246,"Y","K246Y",-0.0598350399673144
"P",247,"A","P247A",0.383067453586796
"P",247,"C","P247C",1.25208923350682
"P",247,"D","P247D",-0.035435712035039
"P",247,"E","P247E",1.36972758833632
"P",247,"F","P247F",2.59702670056298
"P",247,"G","P247G",1.11531735440547
"P",247,"H","P247H",3.42299042338142
"P",247,"I","P247I",0.561043056096858
"P",247,"K","P247K",0.544502313608819
"P",247,"L","P247L",1.08584997844314
"P",247,"M","P247M",2.07487741169753
"P",247,"N","P247N",1.81296434057451
"P",247,"Q","P247Q",3.44094356580791
"P",247,"R","P247R",0.0672557234167573
"P",247,"S","P247S",-0.19302062997294
"P",247,"T","P247T",2.24097982637001
"P",247,"V","P247V",0.625250778138182
"P",247,"W","P247W",1.45916970466406
"P",247,"Y","P247Y",2.60127277952164
"K",248,"A","K248A",-0.637204565421003
"K",248,"C","K248C",0.214747952836001
"K",248,"D","K248D",-0.28773345151714
"K",248,"E","K248E",0.45899812295793
"K",248,"F","K248F",-0.24556348730195
"K",248,"G","K248G",0.803031641094835
"K",248,"H","K248H",0.674253335590286
"K",248,"I","K248I",0.238055964067124
"K",248,"L","K248L",0.925406500998852
"K",248,"M","K248M",-0.872047290424382
"K",248,"N","K248N",-0.840362556043864
"K",248,"P","K248P",0.312141715895202
"K",248,"Q","K248Q",-1.55061359864166
"K",248,"R","K248R",-0.25014507946439
"K",248,"S","K248S",-1.69806029602027
"K",248,"T","K248T",0.357498597032116
"K",248,"V","K248V",-0.859010865258854
"K",248,"W","K248W",-0.766602657067597
"K",248,"Y","K248Y",-0.0313241027244277
"D",249,"A","D249A",-0.355167609184431
"D",249,"C","D249C",-0.0343874795613329
"D",249,"E","D249E",-1.45561370639022
"D",249,"F","D249F",-0.543883758335355
"D",249,"G","D249G",-0.788197646806739
"D",249,"H","D249H",-0.869492966949669
"D",249,"I","D249I",1.92375771337165
"D",249,"K","D249K",-0.980604056502893
"D",249,"L","D249L",0.321909536428872
"D",249,"M","D249M",-0.678368575838969
"D",249,"N","D249N",0.197932627333451
"D",249,"P","D249P",0.816482475547166
"D",249,"Q","D249Q",0.0237702289040798
"D",249,"R","D249R",0.51382303927624
"D",249,"S","D249S",-0.353605290166564
"D",249,"T","D249T",0.245516232558914
"D",249,"V","D249V",-0.317604528517707
"D",249,"W","D249W",-0.218277607291392
"D",249,"Y","D249Y",0.283051750746548
"T",250,"A","T250A",-0.682999514370491
"T",250,"C","T250C",0.99809949653092
"T",250,"D","T250D",-1.48102528906682
"T",250,"E","T250E",-0.571178672862439
"T",250,"F","T250F",1.16914819896087
"T",250,"G","T250G",0.479675866355205
"T",250,"H","T250H",1.46652544383847
"T",250,"I","T250I",-0.130809404212266
"T",250,"K","T250K",-0.139361140000357
"T",250,"L","T250L",-1.91291022221842
"T",250,"M","T250M",0.932355279083589
"T",250,"N","T250N",0.519771611272969
"T",250,"P","T250P",-0.367392118284298
"T",250,"Q","T250Q",-0.530881172987619
"T",250,"R","T250R",1.32712330642453
"T",250,"S","T250S",-0.714807750949639
"T",250,"V","T250V",-0.876470776679607
"T",250,"W","T250W",1.45985018404127
"T",250,"Y","T250Y",2.84198051398635
"L",251,"A","L251A",0.805994715441005
"L",251,"C","L251C",2.03627367520605
"L",251,"D","L251D",1.99494222984179
"L",251,"E","L251E",0.186346496713132
"L",251,"F","L251F",0.582351903102569
"L",251,"G","L251G",-0.646665815876176
"L",251,"H","L251H",-0.177463032475886
"L",251,"I","L251I",-1.02235487331046
"L",251,"K","L251K",0.139849049078587
"L",251,"M","L251M",1.60432355875156
"L",251,"N","L251N",-0.0146252218621424
"L",251,"P","L251P",0.975455639295416
"L",251,"Q","L251Q",0.199810477473045
"L",251,"R","L251R",1.15079945762263
"L",251,"S","L251S",-2.56697577929649
"L",251,"T","L251T",0.0953600169162109
"L",251,"V","L251V",0.276009444164748
"L",251,"W","L251W",-1.45528701900632
"L",251,"Y","L251Y",3.26708052643096
"M",252,"A","M252A",0.791297056909132
"M",252,"C","M252C",0.481052261979789
"M",252,"D","M252D",0.512292217147419
"M",252,"E","M252E",-0.781642548843036
"M",252,"F","M252F",-1.02970265589184
"M",252,"G","M252G",0.137285197654587
"M",252,"H","M252H",-0.140595446424033
"M",252,"I","M252I",-1.15773895558092
"M",252,"K","M252K",0.00748433047049633
"M",252,"L","M252L",-0.258389475380004
"M",252,"N","M252N",-0.782075351232103
"M",252,"P","M252P",0.231389294749276
"M",252,"Q","M252Q",0.329971735333773
"M",252,"R","M252R",-1.10247837667015
"M",252,"S","M252S",-0.312403562670749
"M",252,"T","M252T",0.27388510399455
"M",252,"V","M252V",-1.08868703007994
"M",252,"W","M252W",-0.430536467980663
"M",252,"Y","M252Y",-2.46289008906814
"I",253,"A","I253A",0.566185590746181
"I",253,"C","I253C",1.3633946587692
"I",253,"D","I253D",-0.409135258963655
"I",253,"E","I253E",0.28020104275891
"I",253,"F","I253F",1.05059712686976
"I",253,"G","I253G",-0.884485595802759
"I",253,"H","I253H",1.58521520985667
"I",253,"K","I253K",-0.0656354081187077
"I",253,"L","I253L",-0.670571476164595
"I",253,"M","I253M",-0.679723400892012
"I",253,"N","I253N",0.536941188668841
"I",253,"P","I253P",0.0291360750524354
"I",253,"Q","I253Q",-0.192586177547746
"I",253,"R","I253R",-0.463772666647068
"I",253,"S","I253S",-0.0968882001809648
"I",253,"T","I253T",-1.14220413132231
"I",253,"V","I253V",0.00230347727427311
"I",253,"W","I253W",-0.735829538470834
"I",253,"Y","I253Y",0.565792975445451
"S",254,"A","S254A",0.22713506999152
"S",254,"C","S254C",0.21942422277698
"S",254,"D","S254D",0.564433137123467
"S",254,"E","S254E",-1.35776653043823
"S",254,"F","S254F",0.220681417269209
"S",254,"G","S254G",0.495809066839928
"S",254,"H","S254H",0.450776904917505
"S",254,"I","S254I",0.117911954977061
"S",254,"K","S254K",1.41841371283233
"S",254,"L","S254L",0.283830718072768
"S",254,"M","S254M",0.269481427721855
"S",254,"N","S254N",-0.514898753125965
"S",254,"P","S254P",-1.39125987907343
"S",254,"Q","S254Q",0.159979484981209
"S",254,"R","S254R",0.14404644446097
"S",254,"T","S254T",-0.0842575629468425
"S",254,"V","S254V",-1.22927103011803
"S",254,"W","S254W",-0.516374296491673
"S",254,"Y","S254Y",-0.665213075490438
"R",255,"A","R255A",0.0802825953942416
"R",255,"C","R255C",0.793434432722531
"R",255,"D","R255D",1.02302789433092
"R",255,"E","R255E",-1.31144347360525
"R",255,"F","R255F",0.0310583779307296
"R",255,"G","R255G",-1.55279913842489
"R",255,"H","R255H",1.23323371439969
"R",255,"I","R255I",-0.460399459253743
"R",255,"K","R255K",0.287392037869648
"R",255,"L","R255L",-0.827467555610684
"R",255,"M","R255M",-1.46984340129359
"R",255,"N","R255N",-0.0110298100168382
"R",255,"P","R255P",-0.0494003662718225
"R",255,"Q","R255Q",-1.00463324131338
"R",255,"S","R255S",-0.4091355203846
"R",255,"T","R255T",-0.708125369719753
"R",255,"V","R255V",-0.305698674009165
"R",255,"W","R255W",-0.487315211869535
"R",255,"Y","R255Y",-0.951299035511367
"T",256,"A","T256A",-0.347663534000511
"T",256,"C","T256C",-0.717938144638379
"T",256,"D","T256D",-0.495402392208292
"T",256,"E","T256E",0.854600393633451
"T",256,"F","T256F",-0.605006245901629
"T",256,"G","T256G",0.195183402726125
"T",256,"H","T256H",-0.47081627869041
"T",256,"I","T256I",-0.854491636646721
"T",256,"K","T256K",-0.0984504342721027
"T",256,"L","T256L",1.18638732685961
"T",256,"M","T256M",-0.732604824388308
"T",256,"N","T256N",0.889815617416524
"T",256,"P","T256P",-0.733573747219081
"T",256,"Q","T256Q",-4.96395847736722
"T",256,"R","T256R",-2.35494418136899
"T",256,"S","T256S",-0.645142641864169
"T",256,"V","T256V",-0.602776158681487
"T",256,"W","T256W",0.392461369438597
"T",256,"Y","T256Y",0.298423237623248
"P",257,"A","P257A",0.406135595320593
"P",257,"C","P257C",-0.295945028334722
"P",257,"D","P257D",0.161076251558693
"P",257,"E","P257E",1.40241416258171
"P",257,"F","P257F",1.43889154595133
"P",257,"G","P257G",-1.82384371459742
"P",257,"H","P257H",-1.21879665195708
"P",257,"I","P257I",-0.471161363894616
"P",257,"K","P257K",-1.26477878352772
"P",257,"L","P257L",-1.53635385932747
"P",257,"M","P257M",0.00340578099249272
"P",257,"N","P257N",0.109612267846102
"P",257,"Q","P257Q",-1.24971820116019
"P",257,"R","P257R",0.239244404985234
"P",257,"S","P257S",-0.456793396251592
"P",257,"T","P257T",-0.650962828884114
"P",257,"V","P257V",-0.409838518791795
"P",257,"W","P257W",0.941091366388275
"P",257,"Y","P257Y",1.70118903177912
"E",258,"A","E258A",-1.00289413402429
"E",258,"C","E258C",-0.663701892003185
"E",258,"D","E258D",-0.344040477139986
"E",258,"F","E258F",-0.266582172048576
"E",258,"G","E258G",-0.0860409705035158
"E",258,"H","E258H",0.837496802993322
"E",258,"I","E258I",0.6329343306952
"E",258,"K","E258K",-0.500062816111056
"E",258,"L","E258L",0.900843966659615
"E",258,"M","E258M",0.347609051516456
"E",258,"N","E258N",1.26783109709151
"E",258,"P","E258P",0.577909301646079
"E",258,"Q","E258Q",0.170241484986625
"E",258,"R","E258R",0.0541125650111766
"E",258,"S","E258S",-1.36626896363936
"E",258,"T","E258T",-1.22189563000444
"E",258,"V","E258V",-0.359349823343401
"E",258,"W","E258W",0.377562836811346
"E",258,"Y","E258Y",0.745020485692019
"V",259,"A","V259A",-0.557487864060844
"V",259,"C","V259C",0.539945454756308
"V",259,"D","V259D",0.665860418681865
"V",259,"E","V259E",0.917244021032232
"V",259,"F","V259F",-0.826312071620688
"V",259,"G","V259G",0.626435384983937
"V",259,"H","V259H",-0.989195980730023
"V",259,"I","V259I",0.139069743605974
"V",259,"K","V259K",0.0197305411910859
"V",259,"L","V259L",-0.438536809475935
"V",259,"M","V259M",-0.0168527263642122
"V",259,"N","V259N",0.676337989731293
"V",259,"P","V259P",0.997996195842413
"V",259,"Q","V259Q",0.549788213902472
"V",259,"R","V259R",-1.21874337508827
"V",259,"S","V259S",0.270660200381623
"V",259,"T","V259T",-0.821833224374229
"V",259,"W","V259W",-0.196091250343495
"V",259,"Y","V259Y",-0.174660151808419
"T",260,"A","T260A",0.22444321668484
"T",260,"C","T260C",-1.0781549182625
"T",260,"D","T260D",0.484564471079998
"T",260,"E","T260E",-0.489404566828562
"T",260,"F","T260F",0.353808251954616
"T",260,"G","T260G",-0.94415051444474
"T",260,"H","T260H",-0.12660316702737
"T",260,"I","T260I",0.7273171230773
"T",260,"K","T260K",-1.00566840984307
"T",260,"L","T260L",-1.45585905808192
"T",260,"M","T260M",0.0939373600451413
"T",260,"N","T260N",-0.0763505693990826
"T",260,"P","T260P",-0.798988090687048
"T",260,"Q","T260Q",-1.41580515872393
"T",260,"R","T260R",-1.1206365514097
"T",260,"S","T260S",0.0174702146126093
"T",260,"V","T260V",0.283797062287888
"T",260,"W","T260W",-2.31290583837085
"T",260,"Y","T260Y",0.324716160766016
"C",261,"A","C261A",-0.684944278024178
"C",261,"D","C261D",-0.803810799549202
"C",261,"E","C261E",-0.314208961510233
"C",261,"F","C261F",0.489838579399445
"C",261,"G","C261G",1.0372414322218
"C",261,"H","C261H",1.01631107929738
"C",261,"I","C261I",-0.417009656218618
"C",261,"K","C261K",-0.39125686973053
"C",261,"L","C261L",1.72227714370878
"C",261,"M","C261M",-0.549015884888127
"C",261,"N","C261N",-0.845405930043215
"C",261,"P","C261P",-0.692100691734711
"C",261,"Q","C261Q",-0.278800852747858
"C",261,"R","C261R",-0.0279561258106296
"C",261,"S","C261S",0.132945673355173
"C",261,"T","C261T",-0.675086755500315
"C",261,"V","C261V",-0.414378169517449
"C",261,"W","C261W",-1.25415265441168
"C",261,"Y","C261Y",0.192167850652546
"V",262,"A","V262A",-0.740842315287957
"V",262,"C","V262C",0.0327972785061696
"V",262,"D","V262D",-1.30964662542176
"V",262,"E","V262E",-0.553789267751699
"V",262,"F","V262F",0.31643299986643
"V",262,"G","V262G",-1.65972554230634
"V",262,"H","V262H",0.28402893643704
"V",262,"I","V262I",-0.845446143759674
"V",262,"K","V262K",0.735713753853972
"V",262,"L","V262L",-0.46874955894585
"V",262,"M","V262M",0.877623064504766
"V",262,"N","V262N",-0.105970348535989
"V",262,"P","V262P",0.464960550077589
"V",262,"Q","V262Q",-0.844400879652673
"V",262,"R","V262R",1.45769855995428
"V",262,"S","V262S",-0.138734382862725
"V",262,"T","V262T",-0.153381252456211
"V",262,"W","V262W",0.393780658991607
"V",262,"Y","V262Y",0.0717900119123443
"V",263,"A","V263A",-0.0499359507293987
"V",263,"C","V263C",0.392026826667538
"V",263,"D","V263D",0.401804528176792
"V",263,"E","V263E",-0.147031395537431
"V",263,"F","V263F",1.07307796084632
"V",263,"G","V263G",-0.344131907576583
"V",263,"H","V263H",2.85685301230701
"V",263,"I","V263I",0.788433297667261
"V",263,"K","V263K",-0.755758592235205
"V",263,"L","V263L",-1.03148568343501
"V",263,"M","V263M",-0.417439340429372
"V",263,"N","V263N",0.0408201766228761
"V",263,"P","V263P",-0.0205374615305457
"V",263,"Q","V263Q",0.521130453723991
"V",263,"R","V263R",0.542359457580374
"V",263,"S","V263S",-0.818007833758251
"V",263,"T","V263T",-1.12373588257256
"V",263,"W","V263W",0.943763218155507
"V",263,"Y","V263Y",-1.6621220972892
"V",264,"A","V264A",0.0625402513007452
"V",264,"C","V264C",0.760427092883675
"V",264,"D","V264D",-0.159011565092244
"V",264,"E","V264E",1.53926987741989
"V",264,"F","V264F",0.520601515947388
"V",264,"G","V264G",3.35209032600217
"V",264,"H","V264H",-1.67661613726144
"V",264,"I","V264I",-1.14017360043879
"V",264,"K","V264K",1.04366401239713
"V",264,"L","V264L",-0.878843181568915
"V",264,"M","V264M",-0.789389803953622
"V",264,"N","V264N",1.99659067759889
"V",264,"P","V264P",-0.343322426772015
"V",264,"Q","V264Q",0.106252934506404
"V",264,"R","V264R",0.813166637839114
"V",264,"S","V264S",1.04888279403065
"V",264,"T","V264T",1.6212351222774
"V",264,"W","V264W",0.186658076129114
"V",264,"Y","V264Y",-0.212529533404912
"D",265,"A","D265A",-1.48688866043074
"D",265,"C","D265C",1.12045568476954
"D",265,"E","D265E",1.60221066233955
"D",265,"F","D265F",1.76722917580665
"D",265,"G","D265G",-0.892002771273052
"D",265,"H","D265H",0.357304899296032
"D",265,"I","D265I",1.71385095054634
"D",265,"K","D265K",0.972193442868166
"D",265,"L","D265L",0.865086200459475
"D",265,"M","D265M",1.07402534774331
"D",265,"N","D265N",2.00859888709457
"D",265,"P","D265P",0.0784855178023257
"D",265,"Q","D265Q",1.66515280245269
"D",265,"R","D265R",1.86828107446471
"D",265,"S","D265S",0.270263721849628
"D",265,"T","D265T",0.129344747662166
"D",265,"V","D265V",2.3417767840752
"D",265,"W","D265W",0.946554918935545
"D",265,"Y","D265Y",0.439801963840786
"V",266,"A","V266A",-0.786189880005351
"V",266,"C","V266C",1.66022646563745
"V",266,"D","V266D",0.582845007095915
"V",266,"E","V266E",-0.259972171594309
"V",266,"F","V266F",0.346416020033943
"V",266,"G","V266G",-1.93092023834988
"V",266,"H","V266H",1.07641177028807
"V",266,"I","V266I",-1.06876149247773
"V",266,"K","V266K",1.51012917577136
"V",266,"L","V266L",1.3129878912978
"V",266,"M","V266M",0.459590741358959
"V",266,"N","V266N",0.087345462272786
"V",266,"P","V266P",0.444814009852356
"V",266,"Q","V266Q",0.7456051286489
"V",266,"R","V266R",1.26257315921176
"V",266,"S","V266S",-0.632562209341393
"V",266,"T","V266T",1.06118671627509
"V",266,"W","V266W",0.955926416770968
"V",266,"Y","V266Y",0.389455234499748
"S",267,"A","S267A",2.37172937941237
"S",267,"C","S267C",-0.0415372177883073
"S",267,"D","S267D",1.5021558766166
"S",267,"E","S267E",1.46154727411068
"S",267,"F","S267F",0.70909916778522
"S",267,"G","S267G",-0.407261415789965
"S",267,"H","S267H",-1.48083017122423
"S",267,"I","S267I",2.11167041789647
"S",267,"K","S267K",1.13245249902283
"S",267,"L","S267L",0.0700804716719447
"S",267,"M","S267M",2.83395520075003
"S",267,"N","S267N",2.00032911735713
"S",267,"P","S267P",1.55178647620943
"S",267,"Q","S267Q",-1.56537457080563
"S",267,"R","S267R",0.697839451839716
"S",267,"T","S267T",0.0785189080329751
"S",267,"V","S267V",1.4147997234846
"S",267,"W","S267W",-1.37995245641281
"S",267,"Y","S267Y",0.586706096050587
"H",268,"A","H268A",1.92103232260923
"H",268,"C","H268C",0.503776741635762
"H",268,"D","H268D",2.29167480892203
"H",268,"E","H268E",2.59975990742139
"H",268,"F","H268F",0.292769045837936
"H",268,"G","H268G",0.15117175274185
"H",268,"I","H268I",-1.59855352132754
"H",268,"K","H268K",-0.0849021121381484
"H",268,"L","H268L",-0.524033961731634
"H",268,"M","H268M",-0.439537538018476
"H",268,"N","H268N",3.59464930566391
"H",268,"P","H268P",-0.922698983078699
"H",268,"Q","H268Q",1.64674959249122
"H",268,"R","H268R",-0.0166038389507829
"H",268,"S","H268S",3.60937238072201
"H",268,"T","H268T",0.0208329068011604
"H",268,"V","H268V",0.429783975203559
"H",268,"W","H268W",0.584013419367169
"H",268,"Y","H268Y",0.470890497231147
"E",269,"A","E269A",0.4351406537252
"E",269,"C","E269C",3.66875908261853
"E",269,"D","E269D",-0.339893295123253
"E",269,"F","E269F",0.182748667374315
"E",269,"G","E269G",-0.853500609035766
"E",269,"H","E269H",1.33530682515683
"E",269,"I","E269I",1.28850020964414
"E",269,"K","E269K",1.82554103936728
"E",269,"L","E269L",1.71653459547163
"E",269,"M","E269M",1.26520122246422
"E",269,"N","E269N",-0.00616940515971056
"E",269,"P","E269P",-0.586029542314451
"E",269,"Q","E269Q",0.0403884785521396
"E",269,"R","E269R",0.33977764478417
"E",269,"S","E269S",1.02726117531009
"E",269,"T","E269T",1.18051898989832
"E",269,"V","E269V",-0.347848134773219
"E",269,"W","E269W",1.22808423684022
"E",269,"Y","E269Y",1.86761878006289
"D",270,"A","D270A",0.194472209786995
"D",270,"C","D270C",2.74656199845418
"D",270,"E","D270E",-0.596798299057289
"D",270,"F","D270F",-0.015707163198558
"D",270,"G","D270G",1.60238852759411
"D",270,"H","D270H",0.516879308308209
"D",270,"I","D270I",-0.0714908864649919
"D",270,"K","D270K",1.30854742366209
"D",270,"L","D270L",1.29206218175429
"D",270,"M","D270M",0.862536568388315
"D",270,"N","D270N",0.451644901650909
"D",270,"P","D270P",1.31644617391728
"D",270,"Q","D270Q",0.634570273885642
"D",270,"R","D270R",-0.384123111440148
"D",270,"S","D270S",0.632492900123699
"D",270,"T","D270T",1.33962398550751
"D",270,"V","D270V",-0.602774331392199
"D",270,"W","D270W",-0.321600037799735
"D",270,"Y","D270Y",0.570188971124899
"P",271,"A","P271A",-0.986915144523562
"P",271,"C","P271C",-1.09720226191545
"P",271,"D","P271D",1.04534502338076
"P",271,"E","P271E",1.62485256421591
"P",271,"F","P271F",-1.32315018744423
"P",271,"G","P271G",3.00233325201779
"P",271,"H","P271H",-0.357563093037708
"P",271,"I","P271I",-1.22159152255856
"P",271,"K","P271K",-0.47972594934223
"P",271,"L","P271L",-0.959415448650505
"P",271,"M","P271M",-0.428020249481641
"P",271,"N","P271N",0.391536859891168
"P",271,"Q","P271Q",-1.52817356387108
"P",271,"R","P271R",-0.537845769399526
"P",271,"S","P271S",-1.17795048831411
"P",271,"T","P271T",-0.697267400443912
"P",271,"V","P271V",-2.0183585460199
"P",271,"W","P271W",-0.0971122108824771
"P",271,"Y","P271Y",-2.08516479237511
"E",272,"A","E272A",-0.638506625687316
"E",272,"C","E272C",1.01932914104614
"E",272,"D","E272D",-1.38965889655875
"E",272,"F","E272F",-1.53943745594067
"E",272,"G","E272G",-1.69765097186798
"E",272,"I","E272I",-0.216282626047212
"E",272,"K","E272K",0.859695854651043
"E",272,"L","E272L",-0.591199340371423
"E",272,"M","E272M",-0.797426112724922
"E",272,"N","E272N",0.0634442302168824
"E",272,"P","E272P",2.75699568422353
"E",272,"Q","E272Q",0.502114621951542
"E",272,"R","E272R",0.584106404621309
"E",272,"S","E272S",-0.316561473991718
"E",272,"T","E272T",-0.26040331881686
"E",272,"V","E272V",-0.176755508648241
"E",272,"W","E272W",-2.4738328579395
"E",272,"Y","E272Y",-1.72384798684425
"V",273,"A","V273A",0.12940048491743
"V",273,"C","V273C",3.18721581813493
"V",273,"D","V273D",-1.10769955858193
"V",273,"E","V273E",1.17244720756771
"V",273,"F","V273F",3.59879704268664
"V",273,"G","V273G",1.84430837637567
"V",273,"H","V273H",0.826603935428037
"V",273,"I","V273I",1.53755210938145
"V",273,"K","V273K",1.88755022122213
"V",273,"L","V273L",2.28451630044195
"V",273,"M","V273M",2.84197345442615
"V",273,"N","V273N",2.11823891543957
"V",273,"P","V273P",0.778922967223159
"V",273,"Q","V273Q",2.04716495362002
"V",273,"R","V273R",-0.0490024068543862
"V",273,"S","V273S",3.47199097103153
"V",273,"T","V273T",2.44236281688251
"V",273,"W","V273W",-0.0355344346406943
"V",273,"Y","V273Y",1.93115935656939
"K",274,"A","K274A",-0.677724533571278
"K",274,"C","K274C",0.466699780597766
"K",274,"D","K274D",-0.268190876814946
"K",274,"E","K274E",-2.53398739310894
"K",274,"F","K274F",0.192111370847634
"K",274,"G","K274G",0.181735173094026
"K",274,"H","K274H",-1.18587453411121
"K",274,"I","K274I",-0.137379026902343
"K",274,"L","K274L",-0.891009468907357
"K",274,"M","K274M",-0.0891689471872721
"K",274,"N","K274N",-0.633510689796236
"K",274,"P","K274P",0.570583309938847
"K",274,"Q","K274Q",-0.816533534971782
"K",274,"R","K274R",-0.804117766792804
"K",274,"S","K274S",-0.107041104167236
"K",274,"T","K274T",0.0234893494458684
"K",274,"V","K274V",0.730140233277928
"K",274,"W","K274W",-0.767692545373287
"K",274,"Y","K274Y",1.09283061623805
"F",275,"A","F275A",1.56684198302136
"F",275,"C","F275C",3.92154812425754
"F",275,"D","F275D",-0.946324031327551
"F",275,"E","F275E",1.26936718038951
"F",275,"G","F275G",-0.515206950701
"F",275,"H","F275H",-0.730775377472853
"F",275,"I","F275I",-0.0713472973553688
"F",275,"K","F275K",-0.588702213884353
"F",275,"L","F275L",0.37963340467136
"F",275,"M","F275M",0.890221769559114
"F",275,"N","F275N",0.118019391112215
"F",275,"P","F275P",0.707122459295737
"F",275,"Q","F275Q",-0.47720425340609
"F",275,"R","F275R",-0.14114972756246
"F",275,"S","F275S",-0.146114213467792
"F",275,"T","F275T",0.207712179003895
"F",275,"V","F275V",3.08454209154298
"F",275,"W","F275W",-0.557487344463869
"F",275,"Y","F275Y",-1.19630173761315
"N",276,"A","N276A",0.730978574249793
"N",276,"C","N276C",-0.852231888833595
"N",276,"D","N276D",-0.641113929647162
"N",276,"E","N276E",-0.507168161993059
"N",276,"F","N276F",0.215744009304912
"N",276,"G","N276G",-0.447827127220201
"N",276,"H","N276H",0.0911812633889443
"N",276,"I","N276I",-0.9555864377367
"N",276,"K","N276K",-0.635607844430758
"N",276,"L","N276L",-0.0043645003128744
"N",276,"M","N276M",-1.21755909779129
"N",276,"P","N276P",0.597356093958954
"N",276,"Q","N276Q",-1.04253176758392
"N",276,"R","N276R",-1.10142102250033
"N",276,"S","N276S",0.122242491973919
"N",276,"T","N276T",-0.676688115630017
"N",276,"V","N276V",-0.747965959886787
"N",276,"W","N276W",0.157658374902066
"N",276,"Y","N276Y",-0.285579871756165
"W",277,"A","W277A",-0.171684826578606
"W",277,"C","W277C",-0.211497834079566
"W",277,"D","W277D",0.778209347256899
"W",277,"E","W277E",1.69060654327245
"W",277,"F","W277F",0.215809370882686
"W",277,"G","W277G",-0.331857779413201
"W",277,"H","W277H",0.235926905776528
"W",277,"I","W277I",1.55916509579397
"W",277,"K","W277K",-0.6157757411335
"W",277,"L","W277L",-0.675808998513162
"W",277,"M","W277M",0.0666910886729045
"W",277,"N","W277N",-0.880550513003141
"W",277,"P","W277P",0.205880065822655
"W",277,"Q","W277Q",-0.0965690301350099
"W",277,"R","W277R",0.12239932340899
"W",277,"S","W277S",0.398594867547931
"W",277,"T","W277T",-0.333713305847046
"W",277,"V","W277V",-0.764146625680195
"W",277,"Y","W277Y",-0.47183728719663
"Y",278,"A","Y278A",-0.15201943826726
"Y",278,"C","Y278C",-0.373881484961394
"Y",278,"D","Y278D",0.812556104511401
"Y",278,"E","Y278E",0.571517738066111
"Y",278,"F","Y278F",-1.15191639628191
"Y",278,"G","Y278G",-2.05000598458314
"Y",278,"H","Y278H",0.306106669342108
"Y",278,"I","Y278I",0.691843619781854
"Y",278,"K","Y278K",-0.913480693688844
"Y",278,"L","Y278L",-0.132146920307653
"Y",278,"M","Y278M",0.167463907266424
"Y",278,"N","Y278N",0.29975568855974
"Y",278,"P","Y278P",0.297039928484805
"Y",278,"Q","Y278Q",-0.454493269302507
"Y",278,"R","Y278R",0.226244730402517
"Y",278,"S","Y278S",-0.230131917851609
"Y",278,"T","Y278T",-1.50628162621321
"Y",278,"V","Y278V",-1.43389181259422
"Y",278,"W","Y278W",-0.459926755210347
"V",279,"A","V279A",0.549070643585385
"V",279,"C","V279C",-0.412709863537048
"V",279,"D","V279D",0.690554007550033
"V",279,"E","V279E",0.0620908455931274
"V",279,"F","V279F",-0.624067512113596
"V",279,"G","V279G",1.7414227218332
"V",279,"H","V279H",-4.56478873883972
"V",279,"I","V279I",-1.34214481637033
"V",279,"K","V279K",0.611555351748509
"V",279,"L","V279L",0.529285432130821
"V",279,"M","V279M",-0.635623200754089
"V",279,"N","V279N",-0.514218349461279
"V",279,"P","V279P",-0.305745257078738
"V",279,"Q","V279Q",0.0132170237385674
"V",279,"R","V279R",-0.736001850153987
"V",279,"S","V279S",0.526292423958411
"V",279,"T","V279T",0.760417110629872
"V",279,"W","V279W",-0.7074992165623
"V",279,"Y","V279Y",0.283054028435153
"D",280,"A","D280A",-0.723866493253258
"D",280,"C","D280C",-0.318518374684184
"D",280,"E","D280E",-0.903723741144668
"D",280,"F","D280F",-0.352823838550723
"D",280,"G","D280G",0.0310543520990844
"D",280,"H","D280H",0.943023794763595
"D",280,"I","D280I",0.28335370059609
"D",280,"K","D280K",-0.28307272781154
"D",280,"L","D280L",-0.12273082946767
"D",280,"M","D280M",-0.543122445258541
"D",280,"N","D280N",0.317192017748577
"D",280,"P","D280P",1.50618945545091
"D",280,"Q","D280Q",-1.52708358632138
"D",280,"R","D280R",1.25480284566479
"D",280,"S","D280S",0.481150646971227
"D",280,"T","D280T",-0.84051180218457
"D",280,"V","D280V",-1.01531554963454
"D",280,"W","D280W",0.252951833783729
"D",280,"Y","D280Y",-0.254158621386046
"G",281,"A","G281A",0.0452275472395289
"G",281,"C","G281C",0.074688401398601
"G",281,"D","G281D",0.102118700779277
"G",281,"E","G281E",-0.171310917676498
"G",281,"F","G281F",0.145402101128205
"G",281,"H","G281H",-0.24332854830837
"G",281,"I","G281I",-0.217462998733609
"G",281,"K","G281K",-0.668010115567036
"G",281,"L","G281L",-0.461940341880581
"G",281,"M","G281M",-0.154103837702167
"G",281,"N","G281N",0.764735592364847
"G",281,"P","G281P",-0.275369179576141
"G",281,"Q","G281Q",-1.26245274877527
"G",281,"R","G281R",0.0894996646810385
"G",281,"S","G281S",1.17011328258575
"G",281,"T","G281T",0.575974934567696
"G",281,"V","G281V",-0.555833155782465
"G",281,"W","G281W",-1.27386775842031
"G",281,"Y","G281Y",-0.222751702115713
"V",282,"A","V282A",0.265796076916507
"V",282,"C","V282C",-0.322697877127388
"V",282,"D","V282D",-0.838754497077792
"V",282,"E","V282E",-0.878259582699511
"V",282,"F","V282F",-0.0580019562128712
"V",282,"G","V282G",-0.850207102771339
"V",282,"H","V282H",-1.31622923410935
"V",282,"I","V282I",-0.00289079128180219
"V",282,"K","V282K",-1.8911156213504
"V",282,"L","V282L",-0.79486276477275
"V",282,"M","V282M",0.732673382869878
"V",282,"N","V282N",-0.863793247762484
"V",282,"P","V282P",0.565271438238067
"V",282,"Q","V282Q",0.0607114869436822
"V",282,"R","V282R",-1.21939184185883
"V",282,"S","V282S",-0.18420268445165
"V",282,"T","V282T",0.542086306019436
"V",282,"W","V282W",0.75053659349917
"V",282,"Y","V282Y",-0.0323214664757497
"E",283,"A","E283A",0.0966935000154148
"E",283,"C","E283C",-0.186011920908155
"E",283,"D","E283D",-0.517190424593091
"E",283,"F","E283F",-0.430437018459985
"E",283,"G","E283G",0.437631511912277
"E",283,"H","E283H",-0.435727026805529
"E",283,"I","E283I",0.00702245865886588
"E",283,"K","E283K",-0.531279192656378
"E",283,"L","E283L",-0.461965037139767
"E",283,"M","E283M",0.0714955532010856
"E",283,"N","E283N",0.394240215683756
"E",283,"P","E283P",0.440585450443045
"E",283,"Q","E283Q",0.208050498056753
"E",283,"R","E283R",0.383360580678637
"E",283,"S","E283S",-0.889176600534462
"E",283,"T","E283T",0.0457186105599007
"E",283,"V","E283V",-0.501263555703797
"E",283,"W","E283W",-1.22303424176582
"E",283,"Y","E283Y",-0.724899394450627
"V",284,"A","V284A",-0.747488062680916
"V",284,"C","V284C",-0.769806172905011
"V",284,"D","V284D",-0.554432695608837
"V",284,"E","V284E",-0.46564961073549
"V",284,"F","V284F",-1.30829654646282
"V",284,"G","V284G",-0.287564790413713
"V",284,"H","V284H",0.138389063988025
"V",284,"I","V284I",0.0280833879549829
"V",284,"K","V284K",0.989064877481652
"V",284,"L","V284L",-0.836687584990814
"V",284,"M","V284M",0.0422681440252928
"V",284,"N","V284N",-0.684902308352853
"V",284,"P","V284P",-0.5551903046114
"V",284,"Q","V284Q",0.0466460171490595
"V",284,"R","V284R",0.000715922073850974
"V",284,"S","V284S",0.266659654772847
"V",284,"T","V284T",-0.58506738685137
"V",284,"W","V284W",0.445214586550113
"V",284,"Y","V284Y",-0.270652304782774
"H",285,"A","H285A",-0.161790901146503
"H",285,"C","H285C",0.138048134732701
"H",285,"D","H285D",-0.166685834645557
"H",285,"E","H285E",0.457233209928545
"H",285,"F","H285F",-0.136391248391222
"H",285,"G","H285G",-0.0956388855202962
"H",285,"I","H285I",0.16433696655312
"H",285,"K","H285K",0.775628577670842
"H",285,"L","H285L",0.964478346045344
"H",285,"M","H285M",-0.0980959417533567
"H",285,"N","H285N",-0.273985193041952
"H",285,"P","H285P",-1.52484065098019
"H",285,"Q","H285Q",0.202364920412909
"H",285,"R","H285R",0.271640191566599
"H",285,"S","H285S",-0.637566793994546
"H",285,"T","H285T",-1.10024900996062
"H",285,"V","H285V",-0.983851541816472
"H",285,"W","H285W",-3.84240401072795
"H",285,"Y","H285Y",0.196620835930578
"N",286,"A","N286A",-0.473149391979268
"N",286,"C","N286C",-0.0517613462578491
"N",286,"D","N286D",-0.697177121384476
"N",286,"E","N286E",0.040419865762404
"N",286,"F","N286F",-0.469143256276375
"N",286,"G","N286G",0.441348505325139
"N",286,"H","N286H",-0.577142567416393
"N",286,"I","N286I",-0.0869143141663188
"N",286,"K","N286K",1.27112849446787
"N",286,"L","N286L",-0.398349782088779
"N",286,"M","N286M",1.82531574062301
"N",286,"P","N286P",1.08692147479162
"N",286,"Q","N286Q",0.49489755836837
"N",286,"R","N286R",0.827783385220486
"N",286,"S","N286S",-1.38647584166254
"N",286,"T","N286T",-1.19020005152523
"N",286,"V","N286V",-0.130793472211101
"N",286,"W","N286W",0.749498367165843
"N",286,"Y","N286Y",-0.541814641996775
"A",287,"C","A287C",-0.113308560369697
"A",287,"D","A287D",-3.20939360505923
"A",287,"E","A287E",0.314885087703075
"A",287,"F","A287F",0.357170356922258
"A",287,"G","A287G",1.41171813741585
"A",287,"H","A287H",0.344125934143951
"A",287,"I","A287I",1.27450534629158
"A",287,"K","A287K",-0.0213542861945932
"A",287,"L","A287L",-1.15646882410723
"A",287,"M","A287M",0.251917273772566
"A",287,"N","A287N",-0.188654075777638
"A",287,"P","A287P",1.43719627617475
"A",287,"Q","A287Q",1.20830861425284
"A",287,"R","A287R",0.718462347662375
"A",287,"S","A287S",0.785628155476381
"A",287,"T","A287T",-0.340876552858077
"A",287,"V","A287V",0.745317057300163
"A",287,"W","A287W",-0.00152407382554623
"A",287,"Y","A287Y",0.460814980249792
"K",288,"A","K288A",-0.629099798833879
"K",288,"C","K288C",0.250060178323737
"K",288,"D","K288D",0.0495507746790611
"K",288,"E","K288E",-0.387940571200613
"K",288,"F","K288F",-0.411203574295813
"K",288,"G","K288G",-0.632086854512414
"K",288,"H","K288H",1.25280813873068
"K",288,"I","K288I",0.0610408693075802
"K",288,"L","K288L",-0.0183552569242253
"K",288,"M","K288M",-0.25385698992568
"K",288,"N","K288N",-1.97913998283286
"K",288,"P","K288P",-0.649125827882146
"K",288,"Q","K288Q",-1.0357628690893
"K",288,"R","K288R",0.176307253158305
"K",288,"S","K288S",-0.860883864053374
"K",288,"T","K288T",0.45515157120189
"K",288,"V","K288V",0.0663446530008879
"K",288,"W","K288W",-0.947935071892601
"K",288,"Y","K288Y",0.289655785774099
"T",289,"A","T289A",0.437117427854195
"T",289,"C","T289C",-2.11117685270368
"T",289,"D","T289D",-0.141769066529733
"T",289,"E","T289E",0.0454431784778012
"T",289,"F","T289F",-0.0515869689476138
"T",289,"G","T289G",-1.16860452095891
"T",289,"H","T289H",0.577161727936696
"T",289,"I","T289I",-1.09833480288216
"T",289,"K","T289K",0.460985815997246
"T",289,"L","T289L",-1.26653806713172
"T",289,"M","T289M",0.158647390138355
"T",289,"N","T289N",0.554465989284967
"T",289,"P","T289P",0.0783289810127232
"T",289,"Q","T289Q",-1.18980557528276
"T",289,"R","T289R",0.287931363636688
"T",289,"S","T289S",0.329855383720317
"T",289,"V","T289V",0.018516357158327
"T",289,"W","T289W",0.347454252988537
"T",289,"Y","T289Y",-1.35397364174436
"K",290,"A","K290A",-0.0302184334422242
"K",290,"C","K290C",0.787048425575832
"K",290,"D","K290D",0.720237404283759
"K",290,"E","K290E",1.15676070605742
"K",290,"F","K290F",0.0700162069661697
"K",290,"G","K290G",1.60779821198524
"K",290,"H","K290H",-1.07813322600943
"K",290,"I","K290I",-0.567585204982766
"K",290,"L","K290L",-1.24899926407665
"K",290,"M","K290M",-0.822716338483391
"K",290,"N","K290N",-0.22167692603145
"K",290,"P","K290P",0.47065538146745
"K",290,"Q","K290Q",0.496167585328755
"K",290,"R","K290R",0.452932120723491
"K",290,"S","K290S",0.983137558157714
"K",290,"T","K290T",2.51592565771828
"K",290,"V","K290V",-0.757641580108049
"K",290,"W","K290W",1.34591657224581
"K",290,"Y","K290Y",2.7246755784974
"P",291,"A","P291A",0.302478695878809
"P",291,"C","P291C",0.456344674136716
"P",291,"D","P291D",-0.456558632861195
"P",291,"E","P291E",-0.245215820196851
"P",291,"F","P291F",-0.0179008953894446
"P",291,"G","P291G",-0.567166417169579
"P",291,"H","P291H",0.992230518226687
"P",291,"I","P291I",0.0748638578056438
"P",291,"K","P291K",-0.0950003528008912
"P",291,"L","P291L",-0.00332328810355217
"P",291,"M","P291M",-0.788722309888591
"P",291,"N","P291N",-0.110677666682238
"P",291,"Q","P291Q",-0.723666395152418
"P",291,"R","P291R",-0.84297729530039
"P",291,"S","P291S",-0.331457102072608
"P",291,"T","P291T",0.150003016900985
"P",291,"V","P291V",-0.89202067759486
"P",291,"W","P291W",-0.400349277654029
"P",291,"Y","P291Y",-0.0647811775451874
"R",292,"A","R292A",0.370103235517994
"R",292,"C","R292C",0.0109848565495677
"R",292,"D","R292D",-0.480875157901579
"R",292,"E","R292E",-1.82401330984398
"R",292,"F","R292F",1.26471988005125
"R",292,"G","R292G",1.01389357839828
"R",292,"H","R292H",0.913618815695495
"R",292,"I","R292I",-1.43948715648709
"R",292,"K","R292K",-0.525726414267687
"R",292,"L","R292L",-0.265056686844238
"R",292,"M","R292M",-0.818610520297333
"R",292,"N","R292N",-0.677247238287364
"R",292,"P","R292P",-0.979712317575989
"R",292,"Q","R292Q",-0.500412629580148
"R",292,"S","R292S",-1.05192348590642
"R",292,"T","R292T",-1.0195316128523
"R",292,"V","R292V",-0.501968277264307
"R",292,"W","R292W",-0.152924861663399
"R",292,"Y","R292Y",1.19112392303423
"E",293,"A","E293A",0.286590589056135
"E",293,"C","E293C",1.34526435857406
"E",293,"D","E293D",-0.344317764689531
"E",293,"F","E293F",-0.214235513457142
"E",293,"G","E293G",-0.975634651631344
"E",293,"H","E293H",0.932099679524626
"E",293,"I","E293I",-1.12247115986175
"E",293,"K","E293K",-0.0273865785910542
"E",293,"L","E293L",-0.0645683957187757
"E",293,"M","E293M",0.114764337766071
"E",293,"N","E293N",-0.454474842910164
"E",293,"P","E293P",1.82629256066242
"E",293,"Q","E293Q",-0.628451832207329
"E",293,"R","E293R",-0.0779494455324992
"E",293,"S","E293S",-2.55953221277798
"E",293,"T","E293T",-0.0129211515066154
"E",293,"V","E293V",-0.314264691279417
"E",293,"W","E293W",-0.770902421041827
"E",293,"Y","E293Y",1.15866821257861
"E",294,"A","E294A",-0.325701599076724
"E",294,"C","E294C",0.301907679356188
"E",294,"D","E294D",-1.68113725918676
"E",294,"F","E294F",-0.239381504059386
"E",294,"G","E294G",0.181226135757104
"E",294,"H","E294H",-0.0322745104850099
"E",294,"I","E294I",0.968535933437517
"E",294,"K","E294K",-0.453623197869861
"E",294,"L","E294L",1.14667610457962
"E",294,"M","E294M",-1.65124850329008
"E",294,"N","E294N",0.900460406467597
"E",294,"P","E294P",0.389794677832201
"E",294,"Q","E294Q",-0.101030825511612
"E",294,"R","E294R",0.532993067693228
"E",294,"S","E294S",0.181483820737105
"E",294,"T","E294T",0.171649525122629
"E",294,"V","E294V",0.496293425350846
"E",294,"W","E294W",1.37524471375256
"E",294,"Y","E294Y",-0.193561412162593
"Q",295,"A","Q295A",-0.846387937629559
"Q",295,"C","Q295C",0.0362579679416702
"Q",295,"D","Q295D",0.071697319309482
"Q",295,"E","Q295E",0.130255131999554
"Q",295,"F","Q295F",-0.653243725063092
"Q",295,"G","Q295G",-1.87739215570721
"Q",295,"H","Q295H",1.98542263727319
"Q",295,"I","Q295I",-0.74422976509709
"Q",295,"K","Q295K",-2.2426486166289
"Q",295,"L","Q295L",0.926391619767773
"Q",295,"M","Q295M",-0.069425441098553
"Q",295,"N","Q295N",-1.88624925001922
"Q",295,"P","Q295P",0.0974145434612536
"Q",295,"R","Q295R",-0.744500302389677
"Q",295,"S","Q295S",-1.03043487425106
"Q",295,"T","Q295T",-0.494049997720456
"Q",295,"V","Q295V",0.200466849037715
"Q",295,"W","Q295W",0.0415573133665079
"Q",295,"Y","Q295Y",-1.67354700823543
"Y",296,"A","Y296A",-0.818039708523238
"Y",296,"C","Y296C",0.483405230068086
"Y",296,"D","Y296D",-0.554761233490482
"Y",296,"E","Y296E",0.409266193661458
"Y",296,"F","Y296F",-1.06012767158362
"Y",296,"G","Y296G",0.122633259996583
"Y",296,"H","Y296H",1.03961707735949
"Y",296,"I","Y296I",-2.78623516594087
"Y",296,"K","Y296K",-1.0237925773401
"Y",296,"L","Y296L",1.65305039571434
"Y",296,"M","Y296M",-0.233399725620155
"Y",296,"N","Y296N",-0.0247565346382127
"Y",296,"P","Y296P",-0.482303813372732
"Y",296,"Q","Y296Q",-0.896108642992206
"Y",296,"R","Y296R",-1.59095040038115
"Y",296,"S","Y296S",0.282194415102492
"Y",296,"T","Y296T",1.28365400541918
"Y",296,"V","Y296V",-0.824944891149611
"Y",296,"W","Y296W",-1.01949522295944
"N",297,"A","N297A",-3.84098396466701
"N",297,"C","N297C",-0.036303138604025
"N",297,"D","N297D",-1.12961805014766
"N",297,"E","N297E",-0.300365393236616
"N",297,"F","N297F",0.618053745763461
"N",297,"G","N297G",-0.181626129784735
"N",297,"H","N297H",1.68403153393692
"N",297,"I","N297I",0.312622268598287
"N",297,"K","N297K",-0.459271915111927
"N",297,"L","N297L",0.916956381520775
"N",297,"M","N297M",0.428285985888937
"N",297,"P","N297P",1.43688245284817
"N",297,"Q","N297Q",0.127279479641799
"N",297,"R","N297R",-0.414281106253893
"N",297,"S","N297S",1.91621463881605
"N",297,"T","N297T",0.163695127447507
"N",297,"V","N297V",0.507234183843842
"N",297,"W","N297W",2.51674174703935
"N",297,"Y","N297Y",0.828512626088912
"S",298,"A","S298A",-2.51790221120292
"S",298,"C","S298C",0.357472942200072
"S",298,"D","S298D",0.640721018236767
"S",298,"E","S298E",1.0081672858863
"S",298,"F","S298F",0.416943229080645
"S",298,"G","S298G",-0.58648728897239
"S",298,"I","S298I",0.0799653364949033
"S",298,"K","S298K",-0.831568084741687
"S",298,"L","S298L",0.967600684035415
"S",298,"M","S298M",-0.508858183469507
"S",298,"N","S298N",1.84211071045143
"S",298,"P","S298P",1.31699324412937
"S",298,"Q","S298Q",-0.94700574356917
"S",298,"R","S298R",0.29049090053046
"S",298,"T","S298T",-1.6267778681459
"S",298,"V","S298V",1.41496086423305
"S",298,"W","S298W",1.18074864429614
"S",298,"Y","S298Y",0.694109953687809
"T",299,"A","T299A",-0.0548043775984532
"T",299,"C","T299C",3.35854696402917
"T",299,"D","T299D",0.574438528292047
"T",299,"E","T299E",0.55127359346336
"T",299,"F","T299F",0.0251545907564903
"T",299,"G","T299G",0.559516715464883
"T",299,"H","T299H",-0.12572369338677
"T",299,"I","T299I",0.0847258987275113
"T",299,"K","T299K",1.27395582910553
"T",299,"L","T299L",-0.0351984446434547
"T",299,"M","T299M",0.968145759327499
"T",299,"N","T299N",0.321254167747624
"T",299,"P","T299P",1.01698640390165
"T",299,"Q","T299Q",0.277619837730101
"T",299,"R","T299R",1.98751532420403
"T",299,"S","T299S",-0.201112280621021
"T",299,"V","T299V",0.814394821505005
"T",299,"W","T299W",2.54268855153754
"T",299,"Y","T299Y",-0.838763332034219
"Y",300,"A","Y300A",-1.99610349038905
"Y",300,"C","Y300C",-0.544605396704517
"Y",300,"D","Y300D",-1.10673089923475
"Y",300,"E","Y300E",4.03957483560117
"Y",300,"F","Y300F",-0.682082566387744
"Y",300,"G","Y300G",1.36433110943683
"Y",300,"H","Y300H",-1.77637662407856
"Y",300,"I","Y300I",-0.493225396962979
"Y",300,"K","Y300K",0.549875784369124
"Y",300,"L","Y300L",0.158214365547333
"Y",300,"M","Y300M",-0.388744492411228
"Y",300,"N","Y300N",-0.696735781227849
"Y",300,"P","Y300P",1.65427313474214
"Y",300,"Q","Y300Q",0.0716747082797167
"Y",300,"R","Y300R",-0.527591084324988
"Y",300,"S","Y300S",-0.228086612119167
"Y",300,"T","Y300T",0.0492630349839034
"Y",300,"V","Y300V",-0.550753384763046
"Y",300,"W","Y300W",-0.557984822358934
"R",301,"A","R301A",-0.371963095053664
"R",301,"C","R301C",-1.05367063600106
"R",301,"D","R301D",-0.221253843859212
"R",301,"E","R301E",-1.42257280306882
"R",301,"F","R301F",0.925733877450536
"R",301,"G","R301G",0.134659192439736
"R",301,"H","R301H",0.0999686657977196
"R",301,"I","R301I",0.794554064169613
"R",301,"K","R301K",-0.257774549400065
"R",301,"L","R301L",-0.330861808007198
"R",301,"M","R301M",3.01951032640086
"R",301,"N","R301N",-0.649144829571921
"R",301,"P","R301P",0.14521327012432
"R",301,"Q","R301Q",-1.11988696659455
"R",301,"S","R301S",0.863808988502944
"R",301,"T","R301T",-0.190259508086835
"R",301,"V","R301V",-0.268086979788647
"R",301,"W","R301W",0.345346984028564
"R",301,"Y","R301Y",0.90981896633318
"V",302,"A","V302A",-0.12761602340642
"V",302,"C","V302C",0.808493453487779
"V",302,"D","V302D",7.20602883841997
"V",302,"E","V302E",1.07643622972401
"V",302,"F","V302F",0.11398888632433
"V",302,"G","V302G",0.14686105628934
"V",302,"H","V302H",-0.263122521247649
"V",302,"I","V302I",-0.758845487020882
"V",302,"K","V302K",4.71421537631351
"V",302,"L","V302L",0.0295603964935677
"V",302,"M","V302M",0.759006219012918
"V",302,"N","V302N",3.20607468010528
"V",302,"P","V302P",-0.157993200442714
"V",302,"Q","V302Q",0.917799839461487
"V",302,"R","V302R",4.02444284445277
"V",302,"S","V302S",0.933309683362365
"V",302,"T","V302T",-0.170792805468112
"V",302,"W","V302W",-1.25588197675337
"V",302,"Y","V302Y",-1.23161761859262
"V",303,"A","V303A",-1.60562713885842
"V",303,"C","V303C",-0.100283013047374
"V",303,"D","V303D",1.46461617527763
"V",303,"E","V303E",-1.79030481157277
"V",303,"F","V303F",0.517426673953903
"V",303,"G","V303G",0.258094785990597
"V",303,"H","V303H",-0.0233398469958574
"V",303,"I","V303I",-0.309596393680455
"V",303,"K","V303K",-1.20303460414826
"V",303,"L","V303L",-1.19229121271756
"V",303,"M","V303M",-0.0156909053643568
"V",303,"N","V303N",-1.55041612848242
"V",303,"P","V303P",-0.78698073639892
"V",303,"Q","V303Q",-0.153495590457313
"V",303,"R","V303R",-0.0469171406629457
"V",303,"S","V303S",0.625380269455369
"V",303,"T","V303T",-0.442432516870805
"V",303,"W","V303W",-0.810359187258522
"V",303,"Y","V303Y",0.7680403392624
"S",304,"A","S304A",-1.49459308668413
"S",304,"C","S304C",-1.73961073732699
"S",304,"D","S304D",-0.593481148953343
"S",304,"E","S304E",-0.189455977188825
"S",304,"F","S304F",-0.493017558364585
"S",304,"G","S304G",-1.04780363609983
"S",304,"H","S304H",-0.563192626453113
"S",304,"I","S304I",0.170439543563297
"S",304,"K","S304K",-0.0239502748847186
"S",304,"L","S304L",-0.00634929190527569
"S",304,"M","S304M",-0.194046621503283
"S",304,"N","S304N",-0.145319848505796
"S",304,"P","S304P",-0.377791329823896
"S",304,"Q","S304Q",-0.169478845028876
"S",304,"R","S304R",-0.664290512213297
"S",304,"T","S304T",-0.690871010441356
"S",304,"V","S304V",-0.391893620601751
"S",304,"W","S304W",-0.480374976696074
"S",304,"Y","S304Y",0.730069443042151
"V",305,"A","V305A",-1.09027131966282
"V",305,"C","V305C",-0.137184361659136
"V",305,"D","V305D",0.691126030974805
"V",305,"E","V305E",1.27268655406678
"V",305,"F","V305F",-0.00562894979214941
"V",305,"G","V305G",-0.729193330209389
"V",305,"H","V305H",-1.88560685665299
"V",305,"I","V305I",0.352620168230781
"V",305,"K","V305K",0.701750420749527
"V",305,"L","V305L",-0.873892103996065
"V",305,"M","V305M",1.68734836814748
"V",305,"N","V305N",2.27734609859604
"V",305,"P","V305P",-0.0368785027897654
"V",305,"Q","V305Q",-3.00778419648202
"V",305,"R","V305R",1.92760092858037
"V",305,"S","V305S",-0.881582696512921
"V",305,"T","V305T",-0.519691371066908
"V",305,"W","V305W",0.1874229995401
"V",305,"Y","V305Y",-1.43561283411658
"L",306,"A","L306A",0.0662024414707307
"L",306,"C","L306C",0.243057133501568
"L",306,"D","L306D",-0.00409159749912774
"L",306,"E","L306E",0.0659944951169847
"L",306,"F","L306F",0.393324635860159
"L",306,"G","L306G",-0.728961742988596
"L",306,"H","L306H",-0.331829835785383
"L",306,"I","L306I",1.27297235346055
"L",306,"K","L306K",0.320794267668215
"L",306,"M","L306M",-0.405965988001304
"L",306,"N","L306N",0.34566024979431
"L",306,"P","L306P",-0.777877528686038
"L",306,"Q","L306Q",0.523612480994885
"L",306,"R","L306R",0.197790668608344
"L",306,"S","L306S",0.144945096258227
"L",306,"T","L306T",-1.26583611435044
"L",306,"V","L306V",-0.434475437055446
"L",306,"W","L306W",-0.134853061324144
"L",306,"Y","L306Y",-0.244310059353675
"T",307,"A","T307A",-0.609795140828199
"T",307,"C","T307C",-1.94078126788509
"T",307,"D","T307D",-0.501503529772911
"T",307,"E","T307E",-0.212394098946755
"T",307,"F","T307F",-0.0416149073675951
"T",307,"G","T307G",0.527927086304338
"T",307,"H","T307H",-0.337412189612196
"T",307,"I","T307I",0.496216551880733
"T",307,"K","T307K",-0.449981750245359
"T",307,"L","T307L",0.351329428815167
"T",307,"M","T307M",-0.146976503514401
"T",307,"N","T307N",0.872823742058508
"T",307,"P","T307P",0.532942592254071
"T",307,"Q","T307Q",1.24149479930789
"T",307,"R","T307R",0.180491429872772
"T",307,"S","T307S",-0.573249044351921
"T",307,"V","T307V",-0.466275584914751
"T",307,"W","T307W",-0.213332579880101
"T",307,"Y","T307Y",-0.395045632720788
"V",308,"A","V308A",0.0188872571971391
"V",308,"C","V308C",-0.721053482243398
"V",308,"D","V308D",-1.14753021995537
"V",308,"E","V308E",0.0139890817762827
"V",308,"F","V308F",-0.386307232497093
"V",308,"G","V308G",-0.356293443620724
"V",308,"H","V308H",-0.115587623608854
"V",308,"I","V308I",-0.63797540424931
"V",308,"K","V308K",0.273597781681481
"V",308,"L","V308L",-0.580432029569137
"V",308,"M","V308M",-0.656331949389512
"V",308,"N","V308N",-0.811602515168984
"V",308,"P","V308P",-1.53220352709186
"V",308,"Q","V308Q",-0.627726523674846
"V",308,"R","V308R",-0.497927421695677
"V",308,"S","V308S",0.0637351313925457
"V",308,"T","V308T",-0.344343138542724
"V",308,"W","V308W",1.96867199853805
"V",308,"Y","V308Y",-0.436922760864032
"L",309,"A","L309A",0.240275054081396
"L",309,"C","L309C",-0.326476174045438
"L",309,"D","L309D",-2.1948520318273
"L",309,"E","L309E",-0.94520582234297
"L",309,"F","L309F",0.539300375432328
"L",309,"G","L309G",-0.186414379866104
"L",309,"H","L309H",1.69906522178679
"L",309,"I","L309I",-0.451751067081761
"L",309,"K","L309K",0.360216811120465
"L",309,"M","L309M",0.770287223201535
"L",309,"N","L309N",0.345799798987218
"L",309,"P","L309P",0.892990016882654
"L",309,"Q","L309Q",-1.29294323201456
"L",309,"R","L309R",0.497115481244678
"L",309,"S","L309S",-0.0536677389740233
"L",309,"T","L309T",-0.548685258060733
"L",309,"V","L309V",-0.00502952662321868
"L",309,"W","L309W",-0.0455323551386621
"L",309,"Y","L309Y",-0.630200459395964
"H",310,"A","H310A",0.626167596639872
"H",310,"C","H310C",-0.0667824574888532
"H",310,"D","H310D",-0.43424910960453
"H",310,"E","H310E",0.518368412180785
"H",310,"F","H310F",-2.70862235483965
"H",310,"G","H310G",-0.197021558327063
"H",310,"I","H310I",-0.313657056851718
"H",310,"K","H310K",-0.27486262953518
"H",310,"L","H310L",-0.217293323950724
"H",310,"M","H310M",-0.190284542687346
"H",310,"N","H310N",0.322548478819155
"H",310,"P","H310P",0.637214010888024
"H",310,"Q","H310Q",0.676568513379887
"H",310,"R","H310R",0.299428258691175
"H",310,"S","H310S",0.0104692454330383
"H",310,"T","H310T",-0.90696262089997
"H",310,"V","H310V",-1.558712214805
"H",310,"W","H310W",-0.0717687405752705
"H",310,"Y","H310Y",-0.198076420919242
"Q",311,"A","Q311A",0.0442236306103713
"Q",311,"C","Q311C",0.0935118233062055
"Q",311,"D","Q311D",0.0626460127823127
"Q",311,"E","Q311E",-0.59589811102159
"Q",311,"F","Q311F",0.447224725484746
"Q",311,"G","Q311G",-0.154298762213005
"Q",311,"H","Q311H",0.448327648986419
"Q",311,"I","Q311I",0.0204917735924427
"Q",311,"K","Q311K",0.576109080053876
"Q",311,"L","Q311L",-0.744974212718528
"Q",311,"M","Q311M",-0.413033412196586
"Q",311,"N","Q311N",-2.46407482509679
"Q",311,"P","Q311P",-0.806636176409113
"Q",311,"R","Q311R",0.928252682588289
"Q",311,"S","Q311S",0.0572099206377513
"Q",311,"T","Q311T",0.933993215151897
"Q",311,"V","Q311V",0.170373228100759
"Q",311,"W","Q311W",1.08900107530109
"Q",311,"Y","Q311Y",-1.45654927668708
"D",312,"A","D312A",0.699863706060011
"D",312,"C","D312C",0.634527050413533
"D",312,"E","D312E",-0.665605800691813
"D",312,"F","D312F",-0.383908320943075
"D",312,"G","D312G",0.0665290082927326
"D",312,"H","D312H",-1.16856054342843
"D",312,"I","D312I",0.303616525895766
"D",312,"K","D312K",-0.219007937887972
"D",312,"L","D312L",0.563747644841382
"D",312,"M","D312M",-0.517732207875985
"D",312,"N","D312N",-0.219334207061813
"D",312,"P","D312P",-0.0750210944771846
"D",312,"Q","D312Q",-0.225993938894046
"D",312,"R","D312R",0.282679898853204
"D",312,"S","D312S",-1.0071616419968
"D",312,"T","D312T",-1.1324131084138
"D",312,"V","D312V",-0.0591521888873827
"D",312,"W","D312W",0.448906655401196
"D",312,"Y","D312Y",0.448973232154157
"W",313,"A","W313A",0.726481899300682
"W",313,"C","W313C",-0.127108822742425
"W",313,"D","W313D",-0.594257299984288
"W",313,"E","W313E",1.42099466393736
"W",313,"F","W313F",-0.758018326108914
"W",313,"H","W313H",-0.649925905304122
"W",313,"I","W313I",-0.666058547051159
"W",313,"K","W313K",-0.71079394799424
"W",313,"L","W313L",0.209194445741249
"W",313,"M","W313M",-0.552033176759192
"W",313,"N","W313N",-0.725333138811798
"W",313,"P","W313P",0.536832328959376
"W",313,"Q","W313Q",-1.2993234587191
"W",313,"R","W313R",-1.11608577596082
"W",313,"S","W313S",-0.195988033488525
"W",313,"T","W313T",0.714404338016033
"W",313,"V","W313V",-0.820023213202519
"W",313,"Y","W313Y",0.259468133816352
"L",314,"A","L314A",0.0589009855354652
"L",314,"C","L314C",-0.368413931900183
"L",314,"D","L314D",-1.0140636480607
"L",314,"E","L314E",-0.418169213150369
"L",314,"F","L314F",-1.55627938416364
"L",314,"G","L314G",-0.338504034328646
"L",314,"H","L314H",-1.91112176666978
"L",314,"I","L314I",-1.36063754101339
"L",314,"K","L314K",-0.212738101963222
"L",314,"M","L314M",-0.761097653913371
"L",314,"N","L314N",0.844831997632213
"L",314,"P","L314P",-0.573436880561652
"L",314,"Q","L314Q",-1.54247078238105
"L",314,"R","L314R",-1.65848694717969
"L",314,"S","L314S",-0.71076627523622
"L",314,"T","L314T",-0.351781699767252
"L",314,"V","L314V",-0.333257888702013
"L",314,"W","L314W",-1.53426276166136
"L",314,"Y","L314Y",-0.475562596347089
"N",315,"A","N315A",-1.77587362123866
"N",315,"C","N315C",-0.383472888633125
"N",315,"D","N315D",-0.437030501618531
"N",315,"E","N315E",0.31484266068435
"N",315,"F","N315F",-0.733672955127711
"N",315,"G","N315G",-0.0492127418311398
"N",315,"H","N315H",-0.674527009897143
"N",315,"I","N315I",-2.39923260938593
"N",315,"K","N315K",-1.9328546894976
"N",315,"L","N315L",-1.69368568465753
"N",315,"M","N315M",0.948492043088319
"N",315,"P","N315P",0.639087637530521
"N",315,"Q","N315Q",0.433354770113283
"N",315,"R","N315R",0.196718052197716
"N",315,"S","N315S",-0.848047038008961
"N",315,"T","N315T",-0.135226525287202
"N",315,"V","N315V",0.100503135266452
"N",315,"W","N315W",-0.524126756286898
"N",315,"Y","N315Y",1.39244322499526
"G",316,"A","G316A",0.41152892729854
"G",316,"C","G316C",-0.151029044551277
"G",316,"D","G316D",0.783249026740176
"G",316,"E","G316E",0.106034771490029
"G",316,"F","G316F",-1.71702193293257
"G",316,"H","G316H",0.679222433794152
"G",316,"I","G316I",-0.787838035169461
"G",316,"K","G316K",-1.74283700226831
"G",316,"L","G316L",-0.320302249946061
"G",316,"M","G316M",0.0145901549806556
"G",316,"N","G316N",-0.773516828916306
"G",316,"P","G316P",0.298889686509869
"G",316,"Q","G316Q",-0.131447001485355
"G",316,"R","G316R",-1.81231471789746
"G",316,"S","G316S",-0.34759312683116
"G",316,"T","G316T",1.31240782693799
"G",316,"V","G316V",0.761233164436636
"G",316,"W","G316W",-1.42419757203329
"G",316,"Y","G316Y",-0.713567071632627
"K",317,"A","K317A",0.333187771902132
"K",317,"C","K317C",0.169145506579216
"K",317,"D","K317D",-0.0348450454173548
"K",317,"E","K317E",-0.64944987877924
"K",317,"F","K317F",-1.00871201725413
"K",317,"G","K317G",0.0391489321327551
"K",317,"H","K317H",-0.676312921133211
"K",317,"I","K317I",0.208378820734896
"K",317,"L","K317L",-0.735479131720559
"K",317,"M","K317M",-0.448349701355458
"K",317,"N","K317N",-0.412122490024309
"K",317,"P","K317P",-0.965698569284233
"K",317,"Q","K317Q",-0.836768518963295
"K",317,"R","K317R",-0.585317028972599
"K",317,"S","K317S",0.557317602719908
"K",317,"T","K317T",-0.414397700226524
"K",317,"V","K317V",-0.523122291049623
"K",317,"W","K317W",-0.676695800405682
"K",317,"Y","K317Y",-0.284581368180157
"E",318,"A","E318A",0.0181017136101853
"E",318,"C","E318C",1.24667683260909
"E",318,"D","E318D",0.0109979171925808
"E",318,"F","E318F",0.573887123638934
"E",318,"G","E318G",-1.03602212517757
"E",318,"H","E318H",-0.0358529783542426
"E",318,"I","E318I",0.274993819483165
"E",318,"K","E318K",0.171227492978885
"E",318,"L","E318L",0.271537995421819
"E",318,"M","E318M",0.610737326196869
"E",318,"N","E318N",-0.120397978884278
"E",318,"P","E318P",-1.13080789134887
"E",318,"Q","E318Q",-0.143767749466839
"E",318,"R","E318R",-0.76452464163635
"E",318,"S","E318S",0.176969536745734
"E",318,"T","E318T",-1.9202011597561
"E",318,"V","E318V",-1.31720172067958
"E",318,"W","E318W",-0.113766531929098
"E",318,"Y","E318Y",1.09868188291414
"Y",319,"A","Y319A",-0.178549770270495
"Y",319,"C","Y319C",-0.017331593754273
"Y",319,"D","Y319D",0.476811565227066
"Y",319,"E","Y319E",-0.0418920479516745
"Y",319,"F","Y319F",0.390735514495196
"Y",319,"G","Y319G",-0.269931368290668
"Y",319,"H","Y319H",1.0847687494607
"Y",319,"I","Y319I",0.644184031009297
"Y",319,"K","Y319K",-0.242287102336955
"Y",319,"L","Y319L",-0.444894663717727
"Y",319,"M","Y319M",-2.21324206973019
"Y",319,"N","Y319N",-0.781589374705064
"Y",319,"P","Y319P",0.923383285487987
"Y",319,"Q","Y319Q",0.859752706514289
"Y",319,"R","Y319R",-1.05034832181319
"Y",319,"S","Y319S",-0.439589484334854
"Y",319,"T","Y319T",0.393624467008617
"Y",319,"V","Y319V",-0.787735641296642
"Y",319,"W","Y319W",-0.200805703658959
"K",320,"A","K320A",-1.04596102518991
"K",320,"C","K320C",-0.631809614821337
"K",320,"D","K320D",0.166029803971971
"K",320,"E","K320E",-0.378857888510134
"K",320,"F","K320F",-0.122448172788878
"K",320,"G","K320G",-1.07328421352113
"K",320,"H","K320H",-0.0101107653903589
"K",320,"I","K320I",0.324102757316297
"K",320,"L","K320L",0.307830838320496
"K",320,"M","K320M",-1.19214132930058
"K",320,"N","K320N",0.501756202821323
"K",320,"P","K320P",0.424895602513183
"K",320,"Q","K320Q",0.569612194266881
"K",320,"R","K320R",-0.812403422455268
"K",320,"S","K320S",-0.476371315908758
"K",320,"T","K320T",-0.98012184716585
"K",320,"V","K320V",-0.0275694989107559
"K",320,"W","K320W",0.838783213384257
"K",320,"Y","K320Y",-0.175006741902129
"C",321,"A","C321A",0.299042373418982
"C",321,"D","C321D",0.0161936018005021
"C",321,"E","C321E",-0.98560548182376
"C",321,"F","C321F",-1.41020873008483
"C",321,"G","C321G",-0.192643403884827
"C",321,"H","C321H",-0.305801570627091
"C",321,"I","C321I",1.35316742289203
"C",321,"K","C321K",-0.415369574080242
"C",321,"L","C321L",-1.41119155436099
"C",321,"M","C321M",0.0299024821614161
"C",321,"N","C321N",0.791969722786793
"C",321,"P","C321P",-0.505976004169364
"C",321,"Q","C321Q",0.08738054120706
"C",321,"R","C321R",-0.784735276415314
"C",321,"S","C321S",0.683552978736926
"C",321,"T","C321T",0.188001596226244
"C",321,"V","C321V",-0.0636775459949021
"C",321,"W","C321W",0.578649259046885
"C",321,"Y","C321Y",-0.38806355914032
"K",322,"A","K322A",0.229054732231183
"K",322,"C","K322C",0.76451987620026
"K",322,"D","K322D",-1.87369173705558
"K",322,"E","K322E",0.833463267123599
"K",322,"F","K322F",-0.678433616982177
"K",322,"G","K322G",-0.00697347823654721
"K",322,"H","K322H",0.201060800918952
"K",322,"I","K322I",-1.522284732313
"K",322,"L","K322L",0.132412494971992
"K",322,"M","K322M",0.953469120289303
"K",322,"N","K322N",-0.456364151067087
"K",322,"P","K322P",-0.407200599993604
"K",322,"Q","K322Q",-1.47004903316447
"K",322,"R","K322R",-1.84355166503266
"K",322,"S","K322S",-0.296016150156455
"K",322,"T","K322T",-0.881207040130623
"K",322,"V","K322V",0.125351930687241
"K",322,"W","K322W",0.00929534633369738
"K",322,"Y","K322Y",0.224402681150937
"V",323,"A","V323A",-0.787819911337801
"V",323,"C","V323C",0.692329221295082
"V",323,"D","V323D",-0.183910938493881
"V",323,"E","V323E",0.690984740353868
"V",323,"F","V323F",-0.279385801091742
"V",323,"G","V323G",-1.03019103232627
"V",323,"H","V323H",0.198628190596511
"V",323,"I","V323I",2.17261935032769
"V",323,"K","V323K",0.884773797926395
"V",323,"L","V323L",-1.23688297256792
"V",323,"M","V323M",0.484896996765464
"V",323,"N","V323N",0.642340503529134
"V",323,"P","V323P",0.0820045584471968
"V",323,"Q","V323Q",-1.75857609723068
"V",323,"R","V323R",0.511132383497772
"V",323,"S","V323S",0.329179529915995
"V",323,"T","V323T",-0.330313244488052
"V",323,"W","V323W",-1.65297421827169
"V",323,"Y","V323Y",-1.5213348253451
"S",324,"A","S324A",-0.414899019104907
"S",324,"C","S324C",0.589561921961692
"S",324,"D","S324D",-0.665195844561977
"S",324,"E","S324E",0.620227400532168
"S",324,"F","S324F",0.0702317496280455
"S",324,"G","S324G",0.32230200078441
"S",324,"H","S324H",-2.19455320380053
"S",324,"I","S324I",0.1418860888983
"S",324,"K","S324K",-1.79321334646188
"S",324,"L","S324L",-0.681041259205323
"S",324,"M","S324M",-0.271612581804047
"S",324,"N","S324N",0.271700083233939
"S",324,"P","S324P",-0.0954108826533608
"S",324,"Q","S324Q",-0.0316809195580666
"S",324,"R","S324R",-0.478122001983446
"S",324,"T","S324T",-0.586563871085312
"S",324,"V","S324V",0.600496653703191
"S",324,"W","S324W",-1.10414580672914
"S",324,"Y","S324Y",-0.0538224900398321
"N",325,"A","N325A",0.533603082024246
"N",325,"C","N325C",2.19417789672646
"N",325,"D","N325D",-0.819806495657898
"N",325,"E","N325E",-1.07295386019781
"N",325,"F","N325F",0.178961375496994
"N",325,"G","N325G",1.77683635788246
"N",325,"H","N325H",0.727193330746694
"N",325,"I","N325I",2.50083134109882
"N",325,"K","N325K",2.1498967581014
"N",325,"L","N325L",0.201489067661676
"N",325,"M","N325M",0.122969650294331
"N",325,"P","N325P",1.70291579301395
"N",325,"Q","N325Q",0.0291130894134113
"N",325,"R","N325R",1.24630804243654
"N",325,"S","N325S",1.86449729852877
"N",325,"T","N325T",-1.73855182738345
"N",325,"V","N325V",0.550126161005214
"N",325,"W","N325W",-0.462892381369776
"N",325,"Y","N325Y",-0.542341020056876
"K",326,"A","K326A",4.6711714963977
"K",326,"C","K326C",1.17387980945623
"K",326,"D","K326D",1.5669103689791
"K",326,"E","K326E",2.16432070911387
"K",326,"F","K326F",1.25759523439114
"K",326,"G","K326G",-0.597471677641012
"K",326,"H","K326H",0.0880318675256282
"K",326,"I","K326I",1.41442066591807
"K",326,"L","K326L",2.49280074260691
"K",326,"M","K326M",2.13468239416224
"K",326,"N","K326N",0.238343028349494
"K",326,"P","K326P",0.999546364390109
"K",326,"Q","K326Q",3.34966923494528
"K",326,"R","K326R",0.774612504728782
"K",326,"S","K326S",2.0221038765828
"K",326,"T","K326T",1.45784614325993
"K",326,"V","K326V",4.03950772158052
"K",326,"W","K326W",3.35259998046713
"K",326,"Y","K326Y",4.5555999068049
"A",327,"C","A327C",1.17289294241279
"A",327,"D","A327D",1.52636645252986
"A",327,"E","A327E",1.35555671914247
"A",327,"F","A327F",1.26648715755523
"A",327,"G","A327G",0.295649006397242
"A",327,"H","A327H",-0.722202860597153
"A",327,"I","A327I",-1.09370546561722
"A",327,"K","A327K",0.383527298231999
"A",327,"L","A327L",-1.63902058084421
"A",327,"M","A327M",-0.329687887640752
"A",327,"N","A327N",0.113568067175948
"A",327,"P","A327P",1.18893075385662
"A",327,"Q","A327Q",-0.155744276272215
"A",327,"R","A327R",0.486625920161745
"A",327,"S","A327S",0.8649433802189
"A",327,"T","A327T",0.197116473094748
"A",327,"V","A327V",-2.45373718752321
"A",327,"W","A327W",-1.76891007019894
"A",327,"Y","A327Y",0.370780439570638
"L",328,"A","L328A",0.285460794331577
"L",328,"C","L328C",2.18656507599264
"L",328,"D","L328D",2.71762051868603
"L",328,"E","L328E",1.95419620098262
"L",328,"F","L328F",2.47151467066492
"L",328,"G","L328G",0.0647735373099508
"L",328,"H","L328H",-0.337308483964564
"L",328,"I","L328I",2.97598649149385
"L",328,"K","L328K",1.46759349231318
"L",328,"M","L328M",-0.431460408327532
"L",328,"N","L328N",-0.424542599421515
"L",328,"P","L328P",-0.303265175567225
"L",328,"Q","L328Q",-0.54537501049224
"L",328,"R","L328R",0.632191688496908
"L",328,"S","L328S",1.09229044953572
"L",328,"T","L328T",2.34932910058995
"L",328,"V","L328V",0.961117488173914
"L",328,"W","L328W",1.29585768002207
"L",328,"Y","L328Y",1.41410851354713
"P",329,"A","P329A",0.917777858015079
"P",329,"C","P329C",0.810892296275052
"P",329,"D","P329D",2.15349409164708
"P",329,"E","P329E",0.736497334529331
"P",329,"F","P329F",-0.163065994324531
"P",329,"G","P329G",2.20307667972748
"P",329,"H","P329H",-1.04445172591881
"P",329,"I","P329I",-1.47894916566633
"P",329,"K","P329K",0.66168793682758
"P",329,"L","P329L",2.66772149975743
"P",329,"M","P329M",0.163920354409609
"P",329,"N","P329N",1.06961705467352
"P",329,"Q","P329Q",0.0464170161193331
"P",329,"R","P329R",0.633846340253087
"P",329,"S","P329S",-0.408055706681592
"P",329,"T","P329T",-0.492126600026743
"P",329,"V","P329V",1.78065965060369
"P",329,"W","P329W",0.904334216724763
"P",329,"Y","P329Y",1.06855849421849
"A",330,"C","A330C",0.567041688459847
"A",330,"D","A330D",1.0958303199874
"A",330,"E","A330E",-1.30223682932414
"A",330,"F","A330F",0.441241975455796
"A",330,"G","A330G",-1.76959260526807
"A",330,"H","A330H",-0.290133024317061
"A",330,"I","A330I",-1.20389918121338
"A",330,"K","A330K",-0.289680348307343
"A",330,"L","A330L",-1.93795887935094
"A",330,"M","A330M",-0.527787608075056
"A",330,"N","A330N",-1.36728458599048
"A",330,"P","A330P",2.51213398030246
"A",330,"Q","A330Q",-0.88926122400002
"A",330,"R","A330R",-0.234479006179198
"A",330,"S","A330S",-1.01380401218017
"A",330,"T","A330T",-1.51205824363413
"A",330,"V","A330V",-1.10718407528403
"A",330,"W","A330W",0.455212103565781
"A",330,"Y","A330Y",-0.724211744988538
"P",331,"A","P331A",-0.534508581586261
"P",331,"C","P331C",-1.35202462617505
"P",331,"D","P331D",-0.175012892316912
"P",331,"E","P331E",1.35905222371967
"P",331,"F","P331F",-0.323907367968685
"P",331,"G","P331G",0.465168377487074
"P",331,"H","P331H",-0.283892371878538
"P",331,"I","P331I",0.294758279743438
"P",331,"K","P331K",-0.443651125354581
"P",331,"L","P331L",0.322381032916672
"P",331,"M","P331M",-2.45663746516328
"P",331,"N","P331N",0.217588250716822
"P",331,"Q","P331Q",-1.04745200430039
"P",331,"R","P331R",-1.41243030247522
"P",331,"S","P331S",0.323886431145978
"P",331,"T","P331T",-0.81072592058369
"P",331,"V","P331V",1.79824753167019
"P",331,"W","P331W",0.977574340911895
"P",331,"Y","P331Y",0.587479288899141
"I",332,"C","I332C",-0.748243542635182
"I",332,"D","I332D",1.92143996710013
"I",332,"E","I332E",0.85673247120408
"I",332,"F","I332F",0.66668971898148
"I",332,"G","I332G",-0.0983889593874316
"I",332,"H","I332H",-0.308329098910815
"I",332,"K","I332K",0.560788371068257
"I",332,"L","I332L",0.382613287886514
"I",332,"M","I332M",-0.0949382364846058
"I",332,"N","I332N",-0.0335696768644922
"I",332,"P","I332P",1.25453055427982
"I",332,"Q","I332Q",-0.88672852578527
"I",332,"R","I332R",1.92769582080859
"I",332,"S","I332S",0.790785306240555
"I",332,"T","I332T",0.679411326392934
"I",332,"V","I332V",-0.831124850518112
"I",332,"W","I332W",0.557346534130434
"I",332,"Y","I332Y",1.24728333071899
"E",333,"A","E333A",-0.487305165984174
"E",333,"C","E333C",-0.0884117230533407
"E",333,"D","E333D",0.385869728598861
"E",333,"F","E333F",0.18288032318936
"E",333,"G","E333G",0.503886840073084
"E",333,"H","E333H",0.00527469292396184
"E",333,"I","E333I",-0.604871302602689
"E",333,"K","E333K",1.0069852679523
"E",333,"L","E333L",2.13025768591676
"E",333,"M","E333M",-0.332291554898596
"E",333,"N","E333N",-0.633923490896211
"E",333,"P","E333P",1.7108850274225
"E",333,"Q","E333Q",0.0808021240091205
"E",333,"R","E333R",1.03100661785887
"E",333,"S","E333S",2.36432696740366
"E",333,"T","E333T",0.303875661897105
"E",333,"V","E333V",0.469097255626177
"E",333,"W","E333W",0.914108053594777
"E",333,"Y","E333Y",0.15330976960672
"K",334,"A","K334A",-1.05762291824254
"K",334,"C","K334C",0.279580576625526
"K",334,"D","K334D",0.173054051465703
"K",334,"E","K334E",-1.07891479042936
"K",334,"F","K334F",-0.396924151207761
"K",334,"G","K334G",-0.11852856467367
"K",334,"H","K334H",1.0925297757802
"K",334,"I","K334I",1.64864889910384
"K",334,"L","K334L",0.654935518196563
"K",334,"M","K334M",-0.357898078899239
"K",334,"N","K334N",0.336224530292677
"K",334,"P","K334P",0.757809277309797
"K",334,"Q","K334Q",0.164735303990559
"K",334,"R","K334R",-0.462354718675634
"K",334,"S","K334S",0.584174421439447
"K",334,"T","K334T",-0.886144976863339
"K",334,"V","K334V",1.87724840499292
"K",334,"W","K334W",-1.40660026868204
"K",334,"Y","K334Y",0.44865614868645
"T",335,"A","T335A",0.545714056539677
"T",335,"C","T335C",0.151112081117218
"T",335,"D","T335D",-1.02032740554803
"T",335,"E","T335E",0.321291877873051
"T",335,"F","T335F",0.462696647305733
"T",335,"G","T335G",-0.188735834374324
"T",335,"H","T335H",0.11007889749881
"T",335,"I","T335I",-0.0323192238431744
"T",335,"K","T335K",0.0923602045700885
"T",335,"L","T335L",0.0127133956858363
"T",335,"M","T335M",0.0291447518345055
"T",335,"N","T335N",-0.662707204506844
"T",335,"P","T335P",0.172050942628025
"T",335,"Q","T335Q",-1.33625534023812
"T",335,"R","T335R",-0.183003320374303
"T",335,"S","T335S",-0.199493011731325
"T",335,"V","T335V",-0.884810884540333
"T",335,"W","T335W",-0.852515328544998
"T",335,"Y","T335Y",0.125410055886281
"I",336,"A","I336A",-0.422022423922191
"I",336,"C","I336C",-0.23230551279481
"I",336,"D","I336D",0.961174443809582
"I",336,"E","I336E",-0.0047833857052405
"I",336,"F","I336F",-0.326949803515382
"I",336,"G","I336G",-0.317424575127999
"I",336,"H","I336H",-0.0433679976321397
"I",336,"K","I336K",-0.223527489738052
"I",336,"L","I336L",0.0332231250169739
"I",336,"M","I336M",-2.02154932719671
"I",336,"N","I336N",-1.4737069538161
"I",336,"P","I336P",-0.636555254259004
"I",336,"Q","I336Q",1.73240524086595
"I",336,"R","I336R",-1.30235066024187
"I",336,"S","I336S",-1.2800076836422
"I",336,"T","I336T",-0.450851085254177
"I",336,"V","I336V",0.413940815787515
"I",336,"W","I336W",-1.93493737955448
"I",336,"Y","I336Y",0.444564873719592
"S",337,"A","S337A",-2.59625954083832
"S",337,"C","S337C",1.0388293512124
"S",337,"D","S337D",1.15478976213381
"S",337,"E","S337E",-1.94495374852195
"S",337,"F","S337F",-0.591187788084008
"S",337,"G","S337G",-0.231721562092861
"S",337,"H","S337H",-1.48459390931374
"S",337,"I","S337I",0.660528902392943
"S",337,"K","S337K",-0.395332176106076
"S",337,"L","S337L",1.34921851879155
"S",337,"M","S337M",-1.47024002748893
"S",337,"N","S337N",-0.0419335868049132
"S",337,"P","S337P",-1.45268044138816
"S",337,"Q","S337Q",-0.295827879737826
"S",337,"R","S337R",-1.50239083738358
"S",337,"T","S337T",0.150176147705704
"S",337,"V","S337V",-0.192513728302582
"S",337,"W","S337W",0.0824177445403265
"S",337,"Y","S337Y",-0.95351650563579
"K",338,"A","K338A",0.957099254301625
"K",338,"C","K338C",0.0915691975954714
"K",338,"D","K338D",-0.843246368582248
"K",338,"E","K338E",-0.706891193373411
"K",338,"F","K338F",1.74191519950122
"K",338,"G","K338G",0.839724253305551
"K",338,"H","K338H",-0.670970745850635
"K",338,"I","K338I",-0.949963099349422
"K",338,"L","K338L",-0.789614691226806
"K",338,"M","K338M",0.0293126030583105
"K",338,"N","K338N",-0.743278654802354
"K",338,"P","K338P",-1.27415349511544
"K",338,"Q","K338Q",-1.4807556797236
"K",338,"R","K338R",0.170996681747402
"K",338,"S","K338S",0.0272688284200481
"K",338,"T","K338T",1.04968661847327
"K",338,"V","K338V",0.299271127723563
"K",338,"W","K338W",0.316515065176773
"K",338,"Y","K338Y",-1.42329714928142
"A",339,"C","A339C",-0.471150322258003
"A",339,"D","A339D",-0.356533995862603
"A",339,"E","A339E",-0.0172005604244193
"A",339,"F","A339F",-0.49186929440881
"A",339,"G","A339G",-0.146837444165874
"A",339,"H","A339H",0.584289604139384
"A",339,"I","A339I",1.43363083996354
"A",339,"K","A339K",1.58165053303524
"A",339,"L","A339L",-1.12928969200822
"A",339,"M","A339M",-0.451436231987131
"A",339,"N","A339N",0.189209549249644
"A",339,"P","A339P",0.56695385678206
"A",339,"Q","A339Q",0.266377168895101
"A",339,"R","A339R",1.25749486733718
"A",339,"S","A339S",-0.0410157683349348
"A",339,"T","A339T",0.965397230686347
"A",339,"V","A339V",0.414878700820433
"A",339,"W","A339W",1.9713821107381
"A",339,"Y","A339Y",1.48900584956336
"K",340,"A","K340A",-0.408613241750111
"K",340,"C","K340C",0.329434213817623
"K",340,"D","K340D",0.336235042220505
"K",340,"E","K340E",-0.286071162957345
"K",340,"F","K340F",-0.947714492704379
"K",340,"G","K340G",-0.421801203258283
"K",340,"H","K340H",-1.34205682765675
"K",340,"I","K340I",0.961982117048238
"K",340,"L","K340L",-0.228047050320019
"K",340,"M","K340M",-0.170987270429387
"K",340,"N","K340N",-0.736737883638985
"K",340,"P","K340P",-0.400574866615186
"K",340,"Q","K340Q",-0.970958224989166
"K",340,"R","K340R",-2.26064047068216
"K",340,"S","K340S",0.751772577020708
"K",340,"T","K340T",-0.0376641783969118
"K",340,"V","K340V",-0.575236628050775
"K",340,"W","K340W",0.630040774517056
"K",340,"Y","K340Y",0.993696730329307
"G",341,"A","G341A",1.21680567939391
"G",341,"C","G341C",0.562525413533258
"G",341,"D","G341D",0.451056783866935
"G",341,"E","G341E",1.02634990124743
"G",341,"F","G341F",-0.610095937315913
"G",341,"H","G341H",1.0260526071384
"G",341,"I","G341I",2.19560293743331
"G",341,"K","G341K",-0.192083618455287
"G",341,"L","G341L",0.664371124157201
"G",341,"M","G341M",1.58180181095274
"G",341,"N","G341N",-0.464502823962263
"G",341,"P","G341P",0.694293736146701
"G",341,"Q","G341Q",1.08623765305127
"G",341,"R","G341R",0.494386519358484
"G",341,"S","G341S",1.00017700212461
"G",341,"T","G341T",1.12517935338287
"G",341,"V","G341V",1.82739493457265
"G",341,"W","G341W",1.54391906277414
"G",341,"Y","G341Y",0.2180991335566
"Q",342,"A","Q342A",0.29082832765209
"Q",342,"C","Q342C",0.65975591438615
"Q",342,"D","Q342D",-0.787067443537625
"Q",342,"E","Q342E",0.0758044393262905
"Q",342,"F","Q342F",-0.0186402462643516
"Q",342,"G","Q342G",0.377801715606713
"Q",342,"H","Q342H",-0.450343708940764
"Q",342,"I","Q342I",0.833063056256735
"Q",342,"K","Q342K",0.308180886689015
"Q",342,"L","Q342L",-0.916962091020933
"Q",342,"M","Q342M",-0.0554715744135289
"Q",342,"N","Q342N",0.375724226548405
"Q",342,"P","Q342P",-0.277860991969405
"Q",342,"R","Q342R",-1.03611037996136
"Q",342,"S","Q342S",-0.69583518531924
"Q",342,"T","Q342T",0.308781591600188
"Q",342,"V","Q342V",0.0182313602566922
"Q",342,"W","Q342W",0.310935287502607
"Q",342,"Y","Q342Y",0.354137981725963
"P",343,"A","P343A",-0.733354087054656
"P",343,"C","P343C",-0.459618458750586
"P",343,"D","P343D",-0.851085688282399
"P",343,"E","P343E",0.519275404499192
"P",343,"F","P343F",0.826399999668436
"P",343,"G","P343G",-0.3598161080654
"P",343,"H","P343H",-1.05621903241459
"P",343,"I","P343I",0.278091234859577
"P",343,"K","P343K",-0.892315005510779
"P",343,"L","P343L",-0.699843518773689
"P",343,"M","P343M",0.398817729754502
"P",343,"N","P343N",-0.628939088561774
"P",343,"Q","P343Q",-0.916431910265982
"P",343,"R","P343R",-0.203953768839299
"P",343,"S","P343S",-0.105428415291847
"P",343,"T","P343T",-0.188622259278037
"P",343,"V","P343V",-1.43473712226525
"P",343,"W","P343W",-1.50025975807862
"P",343,"Y","P343Y",0.123987836746406
"R",344,"A","R344A",0.361453590029123
"R",344,"C","R344C",0.402205308052294
"R",344,"D","R344D",-0.0803688064467298
"R",344,"E","R344E",-1.14802898866406
"R",344,"F","R344F",-0.180914157651739
"R",344,"G","R344G",0.503270785559424
"R",344,"H","R344H",-0.00830509906909161
"R",344,"I","R344I",-1.4331812981213
"R",344,"K","R344K",0.500989925444339
"R",344,"L","R344L",-0.408800578109661
"R",344,"M","R344M",0.06083395236081
"R",344,"N","R344N",0.101405455165204
"R",344,"P","R344P",-1.06701512814472
"R",344,"Q","R344Q",-0.509352127069301
"R",344,"S","R344S",0.120861338071428
"R",344,"T","R344T",-0.362010410264144
"R",344,"V","R344V",-0.264440537277175
"R",344,"Y","R344Y",-3.34972589235232
"E",345,"A","E345A",-0.0943391171492148
"E",345,"C","E345C",-1.45604131362434
"E",345,"D","E345D",-0.0136349907382054
"E",345,"F","E345F",-0.717509503608985
"E",345,"G","E345G",-1.53787292236243
"E",345,"H","E345H",1.31062404596966
"E",345,"I","E345I",-0.872583381086122
"E",345,"K","E345K",0.738918913204781
"E",345,"L","E345L",0.0779194988449714
"E",345,"M","E345M",0.788132142655118
"E",345,"N","E345N",-2.00529323287046
"E",345,"P","E345P",-0.275646291196166
"E",345,"Q","E345Q",-0.383957060666369
"E",345,"R","E345R",-0.836715777091255
"E",345,"S","E345S",-0.53609785037733
"E",345,"T","E345T",-0.924420144168969
"E",345,"V","E345V",-1.24271290433656
"E",345,"W","E345W",-1.35200351909407
"E",345,"Y","E345Y",0.476155105192975
"P",346,"A","P346A",0.0315224192957992
"P",346,"C","P346C",-0.124434330736674
"P",346,"D","P346D",0.433591659837301
"P",346,"E","P346E",-1.08198822884924
"P",346,"F","P346F",-1.32394734519404
"P",346,"G","P346G",0.311423266768761
"P",346,"H","P346H",-1.5609703787946
"P",346,"I","P346I",-0.639816016885654
"P",346,"K","P346K",-1.0863845194754
"P",346,"L","P346L",-1.68512507143254
"P",346,"M","P346M",0.162563810378647
"P",346,"N","P346N",0.100102719643956
"P",346,"Q","P346Q",-0.880225223348493
"P",346,"R","P346R",2.96393102596116
"P",346,"S","P346S",-0.623346892181939
"P",346,"T","P346T",-0.758302778279218
"P",346,"V","P346V",0.189062724219554
"P",346,"W","P346W",0.104311223097009
"P",346,"Y","P346Y",-0.422157858735205
"Q",347,"A","Q347A",0.226290607106492
"Q",347,"C","Q347C",0.00455824915010841
"Q",347,"D","Q347D",-1.24165888733523
"Q",347,"E","Q347E",-0.189193625606473
"Q",347,"F","Q347F",-0.50504040732904
"Q",347,"G","Q347G",0.592432901189271
"Q",347,"H","Q347H",0.691100931701969
"Q",347,"I","Q347I",-0.991804922781724
"Q",347,"K","Q347K",-0.115856167916871
"Q",347,"L","Q347L",1.16846015571626
"Q",347,"M","Q347M",0.314025100337124
"Q",347,"N","Q347N",-0.420018945187473
"Q",347,"P","Q347P",-0.600209247335732
"Q",347,"R","Q347R",-0.045497623025052
"Q",347,"S","Q347S",-0.504657656808668
"Q",347,"T","Q347T",-0.600857092305009
"Q",347,"V","Q347V",0.0600899956449334
"Q",347,"W","Q347W",-1.21065997219708
"Q",347,"Y","Q347Y",-0.118276710737536
"V",348,"A","V348A",-0.130354080267488
"V",348,"C","V348C",-0.853121390084098
"V",348,"D","V348D",1.28626999988474
"V",348,"E","V348E",-0.876674470381991
"V",348,"F","V348F",0.112709558501376
"V",348,"G","V348G",1.00149418760163
"V",348,"H","V348H",0.747850488897105
"V",348,"I","V348I",-1.12282151963128
"V",348,"K","V348K",-0.561198199449999
"V",348,"L","V348L",-0.174445334239533
"V",348,"M","V348M",-1.44099246821909
"V",348,"N","V348N",2.19706915971954
"V",348,"P","V348P",-0.321836859970102
"V",348,"Q","V348Q",0.20352796270663
"V",348,"R","V348R",-0.856174632774786
"V",348,"S","V348S",0.415133924895363
"V",348,"T","V348T",0.586985058384912
"V",348,"W","V348W",0.179592866946647
"V",348,"Y","V348Y",-1.27456107688355
"Y",349,"A","Y349A",-0.0662989059906808
"Y",349,"C","Y349C",1.38423950178257
"Y",349,"D","Y349D",1.07692376528448
"Y",349,"E","Y349E",-0.467711046541816
"Y",349,"F","Y349F",0.451235646183794
"Y",349,"G","Y349G",0.528966113045569
"Y",349,"H","Y349H",0.715139001122239
"Y",349,"I","Y349I",-0.399469971355756
"Y",349,"K","Y349K",-0.785091663128744
"Y",349,"L","Y349L",-0.0758544881865089
"Y",349,"M","Y349M",-0.19148490681644
"Y",349,"N","Y349N",-1.30974628966707
"Y",349,"P","Y349P",-2.46381877204165
"Y",349,"Q","Y349Q",-0.763663256701404
"Y",349,"R","Y349R",0.00590692165375513
"Y",349,"S","Y349S",-0.886605561383158
"Y",349,"T","Y349T",0.265379444812872
"Y",349,"V","Y349V",0.24646472402709
"Y",349,"W","Y349W",-0.0289628549420718
"T",350,"A","T350A",0.181120697195895
"T",350,"C","T350C",-2.66651763502852
"T",350,"D","T350D",-0.187611964623784
"T",350,"E","T350E",-0.936754090525864
"T",350,"F","T350F",-1.30115939150212
"T",350,"G","T350G",-0.286656778108916
"T",350,"H","T350H",-0.0819134698899575
"T",350,"I","T350I",0.260414176583008
"T",350,"K","T350K",0.0430249854883933
"T",350,"L","T350L",-0.0277575022228468
"T",350,"M","T350M",0.105365419635072
"T",350,"N","T350N",0.215023117005821
"T",350,"P","T350P",-0.500337614078002
"T",350,"Q","T350Q",-1.5126177427784
"T",350,"R","T350R",-1.58200033140994
"T",350,"S","T350S",-0.140086838125005
"T",350,"V","T350V",-0.576478678712868
"T",350,"W","T350W",-0.28668891037506
"T",350,"Y","T350Y",0.267650614210557
"L",351,"A","L351A",0.0606192374908531
"L",351,"C","L351C",0.708831636724733
"L",351,"D","L351D",-0.235907155056373
"L",351,"E","L351E",0.154561065693256
"L",351,"F","L351F",0.759535545027744
"L",351,"G","L351G",-0.48986811677204
"L",351,"H","L351H",-0.327561002338787
"L",351,"I","L351I",-0.610582821217591
"L",351,"K","L351K",-1.34985826012171
"L",351,"M","L351M",0.182378090373876
"L",351,"N","L351N",-0.0477928921235741
"L",351,"P","L351P",-0.305307912544736
"L",351,"Q","L351Q",-0.368634470583762
"L",351,"R","L351R",1.79539185643972
"L",351,"S","L351S",-0.279990553324767
"L",351,"T","L351T",-0.122967779813642
"L",351,"V","L351V",-0.0313872351600156
"L",351,"W","L351W",0.196271641821804
"L",351,"Y","L351Y",-0.249531949543905
"P",352,"A","P352A",-0.830708120679388
"P",352,"C","P352C",0.26475160231956
"P",352,"D","P352D",-1.65584970197092
"P",352,"E","P352E",-0.343848738129825
"P",352,"F","P352F",-0.558956085795451
"P",352,"G","P352G",-1.42606712726804
"P",352,"H","P352H",-1.28056703470792
"P",352,"I","P352I",-0.387485820571908
"P",352,"K","P352K",-0.363953432913802
"P",352,"L","P352L",0.39673836338964
"P",352,"M","P352M",-0.136788793127746
"P",352,"N","P352N",-0.39791973268892
"P",352,"Q","P352Q",-0.993374518740877
"P",352,"R","P352R",1.21688781489442
"P",352,"S","P352S",-0.418879954546194
"P",352,"T","P352T",-0.407038741294064
"P",352,"V","P352V",-0.398779974865784
"P",352,"W","P352W",-0.3301418058662
"P",352,"Y","P352Y",-0.39777329822466
"P",353,"A","P353A",0.21670900633984
"P",353,"C","P353C",0.171856582675368
"P",353,"D","P353D",-0.448184944261981
"P",353,"E","P353E",-0.583809615440282
"P",353,"F","P353F",-0.290420798677707
"P",353,"G","P353G",-0.578826808513919
"P",353,"H","P353H",0.404781650462137
"P",353,"I","P353I",-0.683649041976005
"P",353,"K","P353K",-0.63099645443355
"P",353,"L","P353L",-1.01211221058511
"P",353,"M","P353M",-0.26446764812342
"P",353,"N","P353N",-0.924904052778727
"P",353,"Q","P353Q",1.38080626956942
"P",353,"R","P353R",-0.108439034954957
"P",353,"S","P353S",0.0739079576853697
"P",353,"T","P353T",-0.00612212374533725
"P",353,"V","P353V",-0.433833367891499
"P",353,"W","P353W",0.255622408983564
"P",353,"Y","P353Y",0.07122867094529
"S",354,"A","S354A",1.52263464788787
"S",354,"C","S354C",0.191435916769853
"S",354,"D","S354D",-0.639877944858198
"S",354,"E","S354E",-1.08633476584974
"S",354,"F","S354F",-0.603933208753028
"S",354,"G","S354G",-0.706551162322139
"S",354,"H","S354H",0.680255198313645
"S",354,"I","S354I",-0.971027004331059
"S",354,"K","S354K",-0.895368685099815
"S",354,"L","S354L",-0.283189356041754
"S",354,"M","S354M",1.13222870786529
"S",354,"N","S354N",-0.848815495158292
"S",354,"P","S354P",-0.947015183546704
"S",354,"Q","S354Q",-0.0268293415071365
"S",354,"R","S354R",1.8317175438541
"S",354,"T","S354T",0.443044683336012
"S",354,"V","S354V",0.0422447759507181
"S",354,"W","S354W",-0.738984881431321
"S",354,"Y","S354Y",-2.14039133389263
"R",355,"A","R355A",0.0755567425188723
"R",355,"C","R355C",-0.757640975509524
"R",355,"D","R355D",-0.308136407580016
"R",355,"E","R355E",-0.218334267166512
"R",355,"F","R355F",-0.271703137444633
"R",355,"G","R355G",0.705208321889959
"R",355,"H","R355H",0.50984247734897
"R",355,"I","R355I",-1.66868160981958
"R",355,"K","R355K",-0.355543658356532
"R",355,"L","R355L",-1.05420376688045
"R",355,"M","R355M",0.0825508338617508
"R",355,"N","R355N",-0.44353417409703
"R",355,"P","R355P",0.132521791815847
"R",355,"Q","R355Q",-0.545459025631892
"R",355,"S","R355S",-0.157934597813978
"R",355,"T","R355T",0.34517028445522
"R",355,"V","R355V",-0.251403270010318
"R",355,"W","R355W",-0.319765633264111
"R",355,"Y","R355Y",0.0255657538337945
"D",356,"A","D356A",1.06807256890647
"D",356,"C","D356C",0.257112711928329
"D",356,"E","D356E",-0.0986920751510981
"D",356,"F","D356F",0.117000752314694
"D",356,"G","D356G",0.64286027383615
"D",356,"H","D356H",0.55908005847051
"D",356,"I","D356I",-0.485177383947112
"D",356,"K","D356K",-1.00427181228853
"D",356,"L","D356L",0.480078269699607
"D",356,"M","D356M",-0.317011210734092
"D",356,"N","D356N",-0.226963897166973
"D",356,"P","D356P",1.38064414271521
"D",356,"Q","D356Q",0.837704417733923
"D",356,"R","D356R",-0.118380543900851
"D",356,"S","D356S",-0.206544917883624
"D",356,"T","D356T",-0.546797258565234
"D",356,"V","D356V",0.195929979329787
"D",356,"W","D356W",-0.608638269466723
"D",356,"Y","D356Y",0.446618008994296
"E",357,"A","E357A",0.0156408808686854
"E",357,"C","E357C",-0.663205946013716
"E",357,"D","E357D",-0.99925362866025
"E",357,"F","E357F",0.0789794688163631
"E",357,"G","E357G",0.668579785552206
"E",357,"H","E357H",-0.392303856422883
"E",357,"I","E357I",0.0300883222717501
"E",357,"K","E357K",0.1388274099374
"E",357,"L","E357L",-0.342550974152124
"E",357,"M","E357M",-0.940967983745665
"E",357,"N","E357N",0.335694966011356
"E",357,"Q","E357Q",-0.400107761550908
"E",357,"R","E357R",0.239331187885
"E",357,"S","E357S",-0.0574957647211201
"E",357,"T","E357T",0.339766001815155
"E",357,"V","E357V",-1.2331560161334
"E",357,"W","E357W",-0.634012340099954
"E",357,"Y","E357Y",0.0343332691451463
"L",358,"A","L358A",0.74514791696782
"L",358,"C","L358C",0.209585794408659
"L",358,"D","L358D",-1.54949375486239
"L",358,"E","L358E",0.695611412030447
"L",358,"F","L358F",0.77013850385077
"L",358,"G","L358G",-0.511298089209794
"L",358,"H","L358H",0.857108108760355
"L",358,"I","L358I",-1.66204912807356
"L",358,"K","L358K",-0.883567472099692
"L",358,"M","L358M",0.162764149803875
"L",358,"N","L358N",0.0888314579198347
"L",358,"P","L358P",0.959053437967061
"L",358,"Q","L358Q",-0.172126136898902
"L",358,"R","L358R",-0.145203689385181
"L",358,"S","L358S",-0.0185310242646152
"L",358,"T","L358T",-0.41670321595966
"L",358,"V","L358V",0.413994495021381
"L",358,"W","L358W",-0.420081545539601
"L",358,"Y","L358Y",0.746562328526337
"T",359,"A","T359A",-0.665113720504141
"T",359,"C","T359C",-0.372091416071584
"T",359,"D","T359D",-0.667410113673025
"T",359,"E","T359E",-0.0469002700299116
"T",359,"F","T359F",-1.88207278073729
"T",359,"G","T359G",-0.0182651036851532
"T",359,"H","T359H",0.251380491830953
"T",359,"I","T359I",-0.0430091133948705
"T",359,"K","T359K",0.363398093565689
"T",359,"L","T359L",0.505520378000219
"T",359,"M","T359M",0.0402697392212053
"T",359,"N","T359N",0.666915098053502
"T",359,"P","T359P",-0.534719043309516
"T",359,"Q","T359Q",-1.29001902092226
"T",359,"R","T359R",1.29488023131545
"T",359,"S","T359S",0.774527511670073
"T",359,"V","T359V",-0.860648483349462
"T",359,"W","T359W",0.180228601207491
"T",359,"Y","T359Y",-0.206366864362392
"K",360,"A","K360A",0.247393340112583
"K",360,"C","K360C",-1.11092898304571
"K",360,"D","K360D",0.0373503299262766
"K",360,"E","K360E",-0.27729934117943
"K",360,"F","K360F",-0.148524954897488
"K",360,"G","K360G",-0.681683578870107
"K",360,"H","K360H",-0.696710496512517
"K",360,"I","K360I",0.150024917471568
"K",360,"L","K360L",0.0257859593613607
"K",360,"M","K360M",0.150180001646685
"K",360,"N","K360N",-0.371588317595489
"K",360,"P","K360P",-2.48875949943275
"K",360,"Q","K360Q",-0.0915118384364464
"K",360,"R","K360R",-0.680836569454116
"K",360,"S","K360S",0.627173565244236
"K",360,"T","K360T",-0.317644094999279
"K",360,"V","K360V",-0.553357297060132
"K",360,"W","K360W",-0.307800402965403
"K",360,"Y","K360Y",-0.567096407027217
"N",361,"A","N361A",-1.083886340878
"N",361,"C","N361C",-0.739688551332936
"N",361,"D","N361D",-0.281756482658561
"N",361,"E","N361E",-0.738779501951596
"N",361,"F","N361F",0.353076384019771
"N",361,"G","N361G",-0.324390191878289
"N",361,"H","N361H",-0.255233736714982
"N",361,"I","N361I",0.343209062069612
"N",361,"K","N361K",0.446437746371806
"N",361,"L","N361L",-0.281746711390808
"N",361,"M","N361M",0.952187199809595
"N",361,"P","N361P",-0.34676381913223
"N",361,"Q","N361Q",-0.608981020453845
"N",361,"R","N361R",-0.1224377118261
"N",361,"S","N361S",-0.329712805892676
"N",361,"T","N361T",0.134136617922319
"N",361,"V","N361V",1.40186578028307
"N",361,"W","N361W",1.01066699267462
"N",361,"Y","N361Y",0.695991072899809
"Q",362,"A","Q362A",0.621028582845504
"Q",362,"C","Q362C",0.633952598361713
"Q",362,"D","Q362D",0.62081588264621
"Q",362,"E","Q362E",0.422974345932159
"Q",362,"F","Q362F",0.783591168035247
"Q",362,"G","Q362G",-0.625307257009348
"Q",362,"H","Q362H",0.314211627710451
"Q",362,"I","Q362I",-1.85670816888102
"Q",362,"K","Q362K",-2.87872760097547
"Q",362,"L","Q362L",-0.378310965190566
"Q",362,"M","Q362M",-1.05133501037491
"Q",362,"N","Q362N",0.0211802843091155
"Q",362,"P","Q362P",-0.569602228554981
"Q",362,"R","Q362R",-1.41638325354306
"Q",362,"S","Q362S",-0.265552461906492
"Q",362,"T","Q362T",1.01836457973387
"Q",362,"V","Q362V",-0.54517822238812
"Q",362,"W","Q362W",-1.86192872591344
"Q",362,"Y","Q362Y",0.0779348594956241
"V",363,"A","V363A",0.085124744503013
"V",363,"C","V363C",-0.159714611549865
"V",363,"D","V363D",-1.24972471378299
"V",363,"E","V363E",-2.31832029917353
"V",363,"F","V363F",-0.200477021266759
"V",363,"G","V363G",0.0415436312089736
"V",363,"H","V363H",-0.440837038220724
"V",363,"I","V363I",0.205539131386988
"V",363,"K","V363K",-1.17323442492973
"V",363,"L","V363L",0.921738849652783
"V",363,"M","V363M",0.631615403198999
"V",363,"N","V363N",1.25733277739158
"V",363,"P","V363P",-0.188900597508244
"V",363,"Q","V363Q",-0.460930820315288
"V",363,"R","V363R",-0.354015841624691
"V",363,"S","V363S",-0.395239318425083
"V",363,"T","V363T",-0.952344772553129
"V",363,"W","V363W",-0.809523272253945
"V",363,"Y","V363Y",-0.276335205370109
"S",364,"A","S364A",0.467583696361442
"S",364,"C","S364C",-0.538177368337676
"S",364,"D","S364D",0.308565433347409
"S",364,"E","S364E",-0.128237196870253
"S",364,"F","S364F",0.108319336379422
"S",364,"G","S364G",-2.31587335715603
"S",364,"H","S364H",0.455615914589914
"S",364,"I","S364I",0.218438639014184
"S",364,"K","S364K",-1.27381056687579
"S",364,"L","S364L",-0.367918326991855
"S",364,"M","S364M",1.04348581973835
"S",364,"N","S364N",0.968430636070117
"S",364,"P","S364P",-0.873133954548664
"S",364,"Q","S364Q",-0.914323668036613
"S",364,"R","S364R",0.537603473739386
"S",364,"T","S364T",0.322710167694745
"S",364,"V","S364V",-0.765137089003142
"S",364,"W","S364W",-0.189768352634998
"S",364,"Y","S364Y",-0.922898633960183
"L",365,"A","L365A",-0.0699659606979857
"L",365,"C","L365C",-1.4873508682153
"L",365,"D","L365D",-0.0508577560503592
"L",365,"E","L365E",-0.996215457650684
"L",365,"F","L365F",-0.273366124916249
"L",365,"G","L365G",-0.457824411052155
"L",365,"H","L365H",0.903117799313108
"L",365,"I","L365I",-0.19940576621758
"L",365,"K","L365K",0.961178352908125
"L",365,"M","L365M",-0.456904083999642
"L",365,"N","L365N",-0.00809903174113708
"L",365,"P","L365P",-0.181809797209301
"L",365,"Q","L365Q",1.40530170284178
"L",365,"R","L365R",-0.953655420769337
"L",365,"S","L365S",-0.118145375391953
"L",365,"T","L365T",0.315815156086049
"L",365,"V","L365V",0.222760233161603
"L",365,"W","L365W",-0.122346581445381
"L",365,"Y","L365Y",-0.139167003316521
"T",366,"A","T366A",0.0745234963438364
"T",366,"C","T366C",0.202985114930899
"T",366,"D","T366D",-0.375629595737827
"T",366,"E","T366E",-3.03135304854469
"T",366,"F","T366F",1.87376943529817
"T",366,"G","T366G",-0.0250305007568891
"T",366,"H","T366H",1.00132407877883
"T",366,"I","T366I",1.522019176816
"T",366,"K","T366K",0.35692905314978
"T",366,"L","T366L",1.1196608463295
"T",366,"M","T366M",0.486753662247567
"T",366,"N","T366N",-0.220333912932397
"T",366,"P","T366P",1.05770863072855
"T",366,"Q","T366Q",0.544647844977816
"T",366,"R","T366R",-0.145476790352863
"T",366,"S","T366S",0.417666030463974
"T",366,"V","T366V",2.15551586320681
"T",366,"W","T366W",0.224138533160789
"T",366,"Y","T366Y",-0.994854283033518
"C",367,"A","C367A",-0.501281515165515
"C",367,"D","C367D",0.932774647034676
"C",367,"E","C367E",-0.349408355316255
"C",367,"F","C367F",0.235968067462233
"C",367,"G","C367G",-0.8060299109308
"C",367,"H","C367H",-0.645804139329779
"C",367,"I","C367I",0.735696297467017
"C",367,"K","C367K",0.561063716650377
"C",367,"L","C367L",0.653575566718389
"C",367,"M","C367M",-0.226273700737292
"C",367,"N","C367N",0.0636795989056345
"C",367,"P","C367P",0.754599056660252
"C",367,"Q","C367Q",-0.232727203618529
"C",367,"R","C367R",-0.633616527327091
"C",367,"S","C367S",-0.579019121218084
"C",367,"T","C367T",0.361113572825482
"C",367,"V","C367V",0.497039768970589
"C",367,"W","C367W",0.283067840579532
"C",367,"Y","C367Y",0.346634868618399
"L",368,"A","L368A",-0.337055814077531
"L",368,"C","L368C",-1.08785050634318
"L",368,"D","L368D",0.0438337330011976
"L",368,"E","L368E",-0.608051223350081
"L",368,"F","L368F",-0.174301466365016
"L",368,"G","L368G",1.83979612156454
"L",368,"H","L368H",-0.626930043853361
"L",368,"I","L368I",-0.362872212292633
"L",368,"K","L368K",-1.09379833437266
"L",368,"M","L368M",1.84687898984173
"L",368,"N","L368N",-0.303278892729358
"L",368,"P","L368P",1.17287723859384
"L",368,"Q","L368Q",0.797466202526815
"L",368,"R","L368R",1.07469303215823
"L",368,"S","L368S",-1.41928564477488
"L",368,"T","L368T",1.13194943423332
"L",368,"V","L368V",0.369276406915284
"L",368,"W","L368W",0.247211257617017
"L",368,"Y","L368Y",-0.403542557666898
"V",369,"A","V369A",-0.626126575898733
"V",369,"C","V369C",0.654513640707042
"V",369,"D","V369D",-0.377712290843882
"V",369,"E","V369E",0.121052793458351
"V",369,"F","V369F",-0.55165233977534
"V",369,"G","V369G",-0.389582036725394
"V",369,"H","V369H",-0.317547286368483
"V",369,"I","V369I",0.294439287899739
"V",369,"K","V369K",1.57753984169968
"V",369,"L","V369L",-0.685851288061761
"V",369,"M","V369M",1.20444255071904
"V",369,"N","V369N",-0.499565583678944
"V",369,"P","V369P",-0.509500856013593
"V",369,"Q","V369Q",-0.65328980901435
"V",369,"R","V369R",0.182959719314091
"V",369,"S","V369S",0.816042776059529
"V",369,"T","V369T",-0.236058296762152
"V",369,"W","V369W",-0.603350372349828
"V",369,"Y","V369Y",-0.514194340958792
"K",370,"C","K370C",-0.416451820942221
"K",370,"D","K370D",-0.32190849721318
"K",370,"E","K370E",-1.1207072713243
"K",370,"F","K370F",-1.16368597082305
"K",370,"G","K370G",-2.44706331774741
"K",370,"H","K370H",-0.202527616339703
"K",370,"I","K370I",-0.838515714024042
"K",370,"L","K370L",-0.458230055552312
"K",370,"M","K370M",-0.54672540368175
"K",370,"N","K370N",0.92266837114146
"K",370,"P","K370P",0.645083527439233
"K",370,"Q","K370Q",0.641878773058515
"K",370,"R","K370R",2.04080300059115
"K",370,"S","K370S",0.596282544283223
"K",370,"T","K370T",-0.297227282574883
"K",370,"V","K370V",-1.41771987801104
"K",370,"W","K370W",-0.374578467995546
"K",370,"Y","K370Y",0.981146934220422
"G",371,"A","G371A",0.270497579456644
"G",371,"C","G371C",-1.20721971637855
"G",371,"D","G371D",-0.504236022525671
"G",371,"E","G371E",0.0444972417779722
"G",371,"F","G371F",0.204037616567158
"G",371,"H","G371H",0.144595638145668
"G",371,"I","G371I",-0.506154783664301
"G",371,"K","G371K",-1.50489363164691
"G",371,"L","G371L",-0.497773788192862
"G",371,"M","G371M",-0.870257376562884
"G",371,"N","G371N",0.574666049181303
"G",371,"P","G371P",-1.98397677333139
"G",371,"Q","G371Q",0.54467823674018
"G",371,"R","G371R",0.329560121850729
"G",371,"S","G371S",-1.10252232909044
"G",371,"T","G371T",-0.816395918290687
"G",371,"V","G371V",-0.536628293808259
"G",371,"W","G371W",-0.509753685565538
"G",371,"Y","G371Y",0.520423187324863
"F",372,"A","F372A",-1.6840688433097
"F",372,"C","F372C",1.43860907397174
"F",372,"D","F372D",4.27960988242579
"F",372,"E","F372E",1.58418975067685
"F",372,"G","F372G",-0.368501629028824
"F",372,"H","F372H",-1.34504968720691
"F",372,"I","F372I",-1.02383227421302
"F",372,"K","F372K",0.0588213812824382
"F",372,"L","F372L",0.875392978701859
"F",372,"M","F372M",-0.193711174828717
"F",372,"N","F372N",-1.66455564190525
"F",372,"P","F372P",-0.759773712831939
"F",372,"Q","F372Q",-0.405574656369607
"F",372,"R","F372R",3.97605198268134
"F",372,"S","F372S",-0.360992897646075
"F",372,"T","F372T",0.454184054838679
"F",372,"V","F372V",0.0956767658146092
"F",372,"W","F372W",3.99101309582272
"F",372,"Y","F372Y",2.14813245145021
"Y",373,"A","Y373A",0.00243382200937026
"Y",373,"C","Y373C",-0.1891860458057
"Y",373,"D","Y373D",-0.082903489787625
"Y",373,"E","Y373E",-0.133117751787919
"Y",373,"F","Y373F",0.21653612058381
"Y",373,"G","Y373G",-1.60832764226236
"Y",373,"H","Y373H",-0.588563442941409
"Y",373,"I","Y373I",-1.75234137650394
"Y",373,"K","Y373K",0.809045024896795
"Y",373,"L","Y373L",-0.446762443090621
"Y",373,"M","Y373M",-0.326911047445914
"Y",373,"N","Y373N",-0.951513115201879
"Y",373,"P","Y373P",2.08161748073653
"Y",373,"Q","Y373Q",-0.577122369527092
"Y",373,"R","Y373R",-2.09501469221326
"Y",373,"S","Y373S",-0.306549273325503
"Y",373,"T","Y373T",0.638066831765377
"Y",373,"V","Y373V",0.0262670461006353
"Y",373,"W","Y373W",-2.24739997169995
"P",374,"A","P374A",-0.271769481745236
"P",374,"C","P374C",0.836019566930158
"P",374,"D","P374D",0.496090059328961
"P",374,"E","P374E",2.77412923574955
"P",374,"F","P374F",3.77311886196043
"P",374,"G","P374G",-1.63006872977447
"P",374,"H","P374H",1.33593336760917
"P",374,"I","P374I",1.71298052145137
"P",374,"K","P374K",0.929870737311736
"P",374,"L","P374L",2.37680603878718
"P",374,"M","P374M",0.104918657493985
"P",374,"N","P374N",-0.307095626460943
"P",374,"Q","P374Q",1.04313715446527
"P",374,"R","P374R",1.15303087060361
"P",374,"S","P374S",-0.440569886631141
"P",374,"T","P374T",-0.0489512097146648
"P",374,"V","P374V",-0.435589252513123
"P",374,"W","P374W",1.25059042956725
"P",374,"Y","P374Y",1.67282309185045
"S",375,"A","S375A",0.999393530762299
"S",375,"C","S375C",-1.50489578419232
"S",375,"D","S375D",0.50003224807067
"S",375,"E","S375E",-2.65610620300407
"S",375,"F","S375F",0.272892812852787
"S",375,"G","S375G",1.2909294285253
"S",375,"H","S375H",0.729308547201227
"S",375,"I","S375I",3.88577470661284
"S",375,"K","S375K",0.126062520525283
"S",375,"L","S375L",0.55550367527909
"S",375,"M","S375M",-0.54414851890495
"S",375,"N","S375N",-0.264653009866337
"S",375,"P","S375P",0.263766735128821
"S",375,"Q","S375Q",-0.309273498519576
"S",375,"R","S375R",-0.0343934095725124
"S",375,"T","S375T",1.72093017960005
"S",375,"V","S375V",2.54178967322373
"S",375,"W","S375W",0.101432708882397
"S",375,"Y","S375Y",-0.662916640417395
"D",376,"A","D376A",-0.191015951886615
"D",376,"C","D376C",0.966131638719174
"D",376,"E","D376E",-0.82156252777827
"D",376,"F","D376F",1.25744729005605
"D",376,"G","D376G",-0.555131266500608
"D",376,"H","D376H",0.32364307112418
"D",376,"I","D376I",1.96386503823924
"D",376,"K","D376K",0.810139580129032
"D",376,"L","D376L",-0.0746574078757743
"D",376,"M","D376M",-0.689087271486031
"D",376,"N","D376N",-1.87559251364493
"D",376,"P","D376P",-0.118213139687434
"D",376,"Q","D376Q",1.57275947222662
"D",376,"R","D376R",0.195697708132779
"D",376,"S","D376S",0.278747744207232
"D",376,"T","D376T",0.337912664270507
"D",376,"V","D376V",3.03315507066749
"D",376,"W","D376W",-0.621694344945739
"D",376,"Y","D376Y",0.91501992561146
"I",377,"A","I377A",1.39714656233754
"I",377,"C","I377C",-0.43094692372616
"I",377,"D","I377D",0.948085469727768
"I",377,"E","I377E",-0.00545247619142135
"I",377,"F","I377F",1.94470525257433
"I",377,"G","I377G",1.02932111413478
"I",377,"H","I377H",1.55071026119571
"I",377,"K","I377K",1.88351375992769
"I",377,"L","I377L",0.425503808728714
"I",377,"M","I377M",0.323005080184988
"I",377,"N","I377N",0.731018692988709
"I",377,"P","I377P",0.525910559722302
"I",377,"Q","I377Q",1.11541469074543
"I",377,"R","I377R",0.506140649004939
"I",377,"S","I377S",-0.549661769461727
"I",377,"T","I377T",0.411745810331301
"I",377,"V","I377V",0.0217210376764879
"I",377,"W","I377W",2.38267982334002
"I",377,"Y","I377Y",2.73102831754701
"A",378,"C","A378C",0.98371575389056
"A",378,"D","A378D",0.0128643827543692
"A",378,"E","A378E",0.217873045605494
"A",378,"F","A378F",0.0773769153491412
"A",378,"G","A378G",-1.07830363552274
"A",378,"H","A378H",0.931183409166715
"A",378,"I","A378I",2.4605300072821
"A",378,"K","A378K",0.57349534539131
"A",378,"L","A378L",1.91437041257013
"A",378,"M","A378M",0.716153210331961
"A",378,"N","A378N",1.72688381295317
"A",378,"P","A378P",2.90464292668597
"A",378,"Q","A378Q",-2.90387940419829
"A",378,"R","A378R",-0.979331462320993
"A",378,"S","A378S",-1.3968884038528
"A",378,"T","A378T",0.694320775313725
"A",378,"V","A378V",3.04909236768094
"A",378,"W","A378W",0.652501515693805
"A",378,"Y","A378Y",-0.644634944131165
"V",379,"A","V379A",-0.0866993592841395
"V",379,"C","V379C",-0.452595676102508
"V",379,"D","V379D",1.853752617476
"V",379,"E","V379E",0.467416477689352
"V",379,"F","V379F",1.34952669541495
"V",379,"G","V379G",-0.836896247432373
"V",379,"H","V379H",1.72520484160026
"V",379,"I","V379I",0.592944278570012
"V",379,"K","V379K",-0.188595730075703
"V",379,"L","V379L",-0.0969271454314863
"V",379,"M","V379M",-1.62457624310371
"V",379,"N","V379N",-0.723870996639621
"V",379,"P","V379P",0.67193431937712
"V",379,"Q","V379Q",-0.979327943867532
"V",379,"R","V379R",1.00706863981266
"V",379,"S","V379S",0.6824134640891
"V",379,"T","V379T",0.0417496605407741
"V",379,"W","V379W",3.72285390704516
"V",379,"Y","V379Y",1.81997590416064
"E",380,"A","E380A",0.575645318612766
"E",380,"C","E380C",-0.244224933473438
"E",380,"D","E380D",-0.372100633025249
"E",380,"F","E380F",1.22852673886799
"E",380,"G","E380G",0.223149881159462
"E",380,"H","E380H",-0.587376375792519
"E",380,"I","E380I",-0.235325863895442
"E",380,"K","E380K",0.611245632710727
"E",380,"L","E380L",-0.729768717704488
"E",380,"M","E380M",1.07561764697806
"E",380,"N","E380N",0.424610814404234
"E",380,"P","E380P",0.255811434066447
"E",380,"Q","E380Q",-0.145307318594639
"E",380,"R","E380R",0.235080129622258
"E",380,"S","E380S",-0.354900702628502
"E",380,"T","E380T",-0.903890841593802
"E",380,"V","E380V",0.0890122897046149
"E",380,"W","E380W",-0.770674636197803
"E",380,"Y","E380Y",-1.29476899482562
"W",381,"A","W381A",0.256511803235892
"W",381,"C","W381C",0.589703343122875
"W",381,"D","W381D",3.06556794782731
"W",381,"E","W381E",0.14960589959621
"W",381,"F","W381F",-0.413124490061247
"W",381,"G","W381G",2.01766667755988
"W",381,"H","W381H",-0.00797601369322445
"W",381,"I","W381I",0.125027646605883
"W",381,"K","W381K",2.41091074807061
"W",381,"L","W381L",-1.263298915251
"W",381,"M","W381M",0.435999610743088
"W",381,"N","W381N",1.1612393334574
"W",381,"P","W381P",1.91340712547439
"W",381,"Q","W381Q",1.71015933393176
"W",381,"R","W381R",0.456731241978816
"W",381,"S","W381S",1.53941433584885
"W",381,"T","W381T",1.06555763069431
"W",381,"V","W381V",0.678548583415154
"W",381,"Y","W381Y",-0.331172153663215
"E",382,"A","E382A",-0.0960589752514167
"E",382,"C","E382C",0.437517277197677
"E",382,"D","E382D",0.676640499068518
"E",382,"F","E382F",0.106144061595829
"E",382,"G","E382G",0.917391209667975
"E",382,"H","E382H",0.000519454612516803
"E",382,"I","E382I",0.193630220116562
"E",382,"K","E382K",0.439387786666872
"E",382,"L","E382L",0.042085634611101
"E",382,"M","E382M",-0.914363393210499
"E",382,"N","E382N",0.754463400821471
"E",382,"P","E382P",-0.62315557750748
"E",382,"Q","E382Q",0.247943564024091
"E",382,"R","E382R",-0.311665637076883
"E",382,"S","E382S",-0.176206514724611
"E",382,"T","E382T",0.545191156590762
"E",382,"V","E382V",0.921999565879999
"E",382,"W","E382W",0.0671929889632937
"E",382,"Y","E382Y",-0.199950825030463
"S",383,"A","S383A",-0.973837524218232
"S",383,"C","S383C",-0.438334383007732
"S",383,"D","S383D",1.10158195376314
"S",383,"E","S383E",-0.835673285876983
"S",383,"F","S383F",0.531256937207724
"S",383,"G","S383G",0.0763720097014219
"S",383,"H","S383H",-0.282793069504773
"S",383,"I","S383I",0.159134279352997
"S",383,"K","S383K",0.474646152808958
"S",383,"L","S383L",-1.13504875303618
"S",383,"M","S383M",-2.52782145160357
"S",383,"N","S383N",-0.761965573266802
"S",383,"P","S383P",-0.119324507741538
"S",383,"Q","S383Q",0.861860105840554
"S",383,"R","S383R",0.943097233936417
"S",383,"T","S383T",-0.365721424932464
"S",383,"V","S383V",0.0978314179270277
"S",383,"W","S383W",-0.175952180225806
"S",383,"Y","S383Y",0.304017006606872
"N",384,"A","N384A",0.72123215327745
"N",384,"C","N384C",0.43069223658069
"N",384,"D","N384D",-0.315070260103604
"N",384,"E","N384E",0.856425164003724
"N",384,"F","N384F",0.768476702893053
"N",384,"G","N384G",-0.460809681897843
"N",384,"H","N384H",0.649741608330137
"N",384,"I","N384I",-0.796175249158001
"N",384,"K","N384K",0.873941349397946
"N",384,"L","N384L",-1.07622548708412
"N",384,"M","N384M",0.114926385527042
"N",384,"P","N384P",-0.0989013726193731
"N",384,"Q","N384Q",-0.271366564004692
"N",384,"R","N384R",0.968331395507717
"N",384,"S","N384S",0.0819660112179511
"N",384,"T","N384T",-1.12709142447516
"N",384,"V","N384V",0.094332954618994
"N",384,"W","N384W",0.188887710880388
"N",384,"Y","N384Y",-1.14896592346776
"G",385,"A","G385A",0.0234326760144351
"G",385,"C","G385C",-0.321774987753911
"G",385,"D","G385D",0.825618012136652
"G",385,"E","G385E",-1.69827766318894
"G",385,"F","G385F",-0.27522491410915
"G",385,"H","G385H",-1.07790390989913
"G",385,"I","G385I",0.0232927160408934
"G",385,"K","G385K",-0.550635128709246
"G",385,"L","G385L",0.245588621105436
"G",385,"M","G385M",-0.480543755499421
"G",385,"N","G385N",-0.747351912018872
"G",385,"P","G385P",-1.25498444853508
"G",385,"Q","G385Q",-0.465793408619154
"G",385,"R","G385R",0.280770451827933
"G",385,"S","G385S",-0.191537331075941
"G",385,"T","G385T",0.138316165387523
"G",385,"V","G385V",0.105912136296631
"G",385,"W","G385W",-0.0740774708926166
"G",385,"Y","G385Y",-0.465125601019267
"Q",386,"A","Q386A",-0.286303231104017
"Q",386,"C","Q386C",-1.31115120741549
"Q",386,"D","Q386D",-0.822056867330609
"Q",386,"E","Q386E",0.6245956482314
"Q",386,"F","Q386F",-0.315611232148528
"Q",386,"G","Q386G",-0.27415639584873
"Q",386,"H","Q386H",0.341739838075051
"Q",386,"I","Q386I",-0.418251797453248
"Q",386,"K","Q386K",-0.158118803488126
"Q",386,"L","Q386L",-0.0359772078023113
"Q",386,"M","Q386M",-0.308667607172198
"Q",386,"N","Q386N",-0.211385830200296
"Q",386,"P","Q386P",-0.788164120031682
"Q",386,"R","Q386R",-0.394578777965025
"Q",386,"S","Q386S",1.96801722792259
"Q",386,"V","Q386V",0.0096125834742074
"Q",386,"W","Q386W",0.00283448557205466
"Q",386,"Y","Q386Y",-1.7966374768066
"P",387,"A","P387A",0.454986196229308
"P",387,"C","P387C",-0.28677701654368
"P",387,"D","P387D",0.419557566451397
"P",387,"E","P387E",-0.0338776352265682
"P",387,"F","P387F",0.945123744098395
"P",387,"G","P387G",-0.690603931469598
"P",387,"H","P387H",-0.996258220229142
"P",387,"I","P387I",0.261899486592452
"P",387,"K","P387K",-0.2582914868883
"P",387,"L","P387L",0.489972616256283
"P",387,"M","P387M",-0.126972613966821
"P",387,"N","P387N",-0.353561729377588
"P",387,"Q","P387Q",-0.884145200810394
"P",387,"R","P387R",0.425822342100941
"P",387,"S","P387S",0.65232057483347
"P",387,"T","P387T",0.0578618407632794
"P",387,"V","P387V",0.285891862566331
"P",387,"W","P387W",0.210045053279287
"P",387,"Y","P387Y",-0.254914193340705
"E",388,"A","E388A",0.207840167853221
"E",388,"C","E388C",-0.33145541337297
"E",388,"D","E388D",0.00731374802688476
"E",388,"F","E388F",0.245314517887813
"E",388,"G","E388G",0.124264913898857
"E",388,"H","E388H",0.829389592523557
"E",388,"I","E388I",-0.355518965704456
"E",388,"K","E388K",1.09716155369815
"E",388,"L","E388L",-0.135634563356419
"E",388,"M","E388M",-0.411485790754056
"E",388,"N","E388N",-0.277580079826138
"E",388,"P","E388P",-0.582536569075283
"E",388,"Q","E388Q",0.351651855381391
"E",388,"R","E388R",0.931641869373775
"E",388,"S","E388S",-1.11690047618161
"E",388,"T","E388T",-0.742208786737945
"E",388,"V","E388V",-0.824392117800194
"E",388,"W","E388W",1.29256868550046
"E",388,"Y","E388Y",-1.33554800659876
"N",389,"A","N389A",0.640087803647872
"N",389,"C","N389C",-0.393781101142524
"N",389,"D","N389D",-0.45861525190038
"N",389,"E","N389E",0.987619621752278
"N",389,"F","N389F",0.576158322424664
"N",389,"G","N389G",1.11927266588176
"N",389,"H","N389H",0.0264055425128925
"N",389,"I","N389I",0.0978186856110301
"N",389,"K","N389K",-0.111744517957812
"N",389,"L","N389L",-0.44717120716368
"N",389,"M","N389M",-0.482401601241039
"N",389,"P","N389P",-1.57110840910843
"N",389,"Q","N389Q",-0.433573445055137
"N",389,"R","N389R",-0.658537976094508
"N",389,"S","N389S",0.482744384527098
"N",389,"T","N389T",-0.171564812540393
"N",389,"V","N389V",-0.961922972128307
"N",389,"W","N389W",0.101642335884126
"N",389,"Y","N389Y",0.470458676478365
"N",390,"A","N390A",-0.0338220195372001
"N",390,"C","N390C",0.886616175996766
"N",390,"D","N390D",-0.0540207550898983
"N",390,"E","N390E",-0.701561809551931
"N",390,"F","N390F",0.0825922574773915
"N",390,"G","N390G",-0.960996464367781
"N",390,"H","N390H",-0.762161011551927
"N",390,"I","N390I",-0.761179052951962
"N",390,"K","N390K",-1.8361166289213
"N",390,"L","N390L",0.258850674999429
"N",390,"M","N390M",-0.153528928949709
"N",390,"P","N390P",-0.111812861496443
"N",390,"Q","N390Q",-0.702639074490058
"N",390,"R","N390R",-0.385643195883449
"N",390,"S","N390S",0.132562648972707
"N",390,"T","N390T",-1.99386283416736
"N",390,"V","N390V",0.409373487997936
"N",390,"W","N390W",0.123641684881661
"N",390,"Y","N390Y",-0.246608188744837
"Y",391,"A","Y391A",0.620739844942454
"Y",391,"C","Y391C",0.629201483331239
"Y",391,"D","Y391D",-0.485434394673468
"Y",391,"E","Y391E",-1.99145518191155
"Y",391,"F","Y391F",0.982307517687988
"Y",391,"G","Y391G",-0.722274567427763
"Y",391,"H","Y391H",0.202577681093827
"Y",391,"I","Y391I",-0.755490036341728
"Y",391,"K","Y391K",-0.106260438468212
"Y",391,"L","Y391L",-0.864764638083957
"Y",391,"M","Y391M",-1.14568060891497
"Y",391,"N","Y391N",-1.05472368644524
"Y",391,"P","Y391P",-0.0503888232012467
"Y",391,"Q","Y391Q",-0.612708276716418
"Y",391,"R","Y391R",0.787269091346678
"Y",391,"S","Y391S",-0.26004320941508
"Y",391,"T","Y391T",1.25587754887985
"Y",391,"V","Y391V",0.33680278575892
"Y",391,"W","Y391W",-0.21432121302304
"K",392,"A","K392A",-0.672059510219877
"K",392,"C","K392C",-0.665897638462069
"K",392,"D","K392D",-0.116499758155361
"K",392,"E","K392E",-0.984192467112706
"K",392,"F","K392F",-0.408745849972077
"K",392,"G","K392G",-0.211319077887083
"K",392,"H","K392H",-0.854953468220517
"K",392,"I","K392I",0.0677552871737369
"K",392,"L","K392L",-0.000324565036536344
"K",392,"M","K392M",-0.745691179854836
"K",392,"N","K392N",-0.984147259602865
"K",392,"P","K392P",0.355304431208624
"K",392,"Q","K392Q",-0.446814991228109
"K",392,"R","K392R",-0.787538149164
"K",392,"S","K392S",0.329574792845923
"K",392,"T","K392T",0.407443192028266
"K",392,"V","K392V",0.652562584864109
"K",392,"W","K392W",-0.0255231884420823
"K",392,"Y","K392Y",0.368704775792428
"T",393,"A","T393A",-0.513871573704889
"T",393,"C","T393C",-0.474333837853402
"T",393,"D","T393D",-0.485243170525488
"T",393,"E","T393E",-1.52119263228302
"T",393,"F","T393F",0.729602540603265
"T",393,"G","T393G",0.39165492100373
"T",393,"H","T393H",0.185702486206754
"T",393,"I","T393I",-0.818868624038368
"T",393,"K","T393K",0.159617229085713
"T",393,"L","T393L",-0.130001714676166
"T",393,"M","T393M",-0.679930117708764
"T",393,"N","T393N",-0.560557339824826
"T",393,"P","T393P",-0.0479783290952587
"T",393,"Q","T393Q",0.483763295393525
"T",393,"R","T393R",0.519512870913998
"T",393,"S","T393S",-2.15533090554733
"T",393,"V","T393V",0.545637248998394
"T",393,"W","T393W",0.728062984584427
"T",393,"Y","T393Y",1.14209080025543
"T",394,"A","T394A",1.2816437974853
"T",394,"C","T394C",0.571042338665602
"T",394,"D","T394D",1.91989353005488
"T",394,"E","T394E",0.544047032703056
"T",394,"F","T394F",2.89993929667377
"T",394,"G","T394G",-0.187550117671174
"T",394,"H","T394H",1.07204921434206
"T",394,"I","T394I",3.35722797461413
"T",394,"K","T394K",2.32987393758896
"T",394,"L","T394L",2.81420010994718
"T",394,"M","T394M",-0.00198009683002335
"T",394,"N","T394N",2.35001467003585
"T",394,"P","T394P",0.298714808892839
"T",394,"Q","T394Q",-0.159000158834148
"T",394,"R","T394R",2.55189032662629
"T",394,"S","T394S",0.0468959861963121
"T",394,"V","T394V",1.04914137544367
"T",394,"W","T394W",4.70860036449495
"T",394,"Y","T394Y",2.80205329202487
"P",395,"A","P395A",-0.389480405263603
"P",395,"C","P395C",-1.15740305293774
"P",395,"D","P395D",0.310583187491797
"P",395,"E","P395E",0.0398301237558594
"P",395,"F","P395F",-0.0302381818142414
"P",395,"G","P395G",0.540727287263416
"P",395,"H","P395H",-0.0406712340615855
"P",395,"I","P395I",0.582526966178212
"P",395,"K","P395K",0.622730883436615
"P",395,"L","P395L",0.256136164958069
"P",395,"M","P395M",-0.794665199576521
"P",395,"N","P395N",1.64170050695715
"P",395,"Q","P395Q",0.0606141122411458
"P",395,"R","P395R",0.170234524801676
"P",395,"S","P395S",-0.815202160191662
"P",395,"T","P395T",0.502931061675909
"P",395,"V","P395V",-1.25453494230595
"P",395,"W","P395W",2.28730760159538
"P",395,"Y","P395Y",-1.31040690143876
"P",396,"A","P396A",-0.88512989258165
"P",396,"C","P396C",2.86196376458101
"P",396,"D","P396D",2.04353294032955
"P",396,"E","P396E",0.642561384100757
"P",396,"F","P396F",4.52089915276125
"P",396,"G","P396G",0.402428111606781
"P",396,"H","P396H",1.61217103660588
"P",396,"I","P396I",2.97839724548236
"P",396,"K","P396K",2.59845599470292
"P",396,"L","P396L",3.07969890361464
"P",396,"M","P396M",3.68507503690392
"P",396,"N","P396N",1.69901917081595
"P",396,"Q","P396Q",2.79766481956712
"P",396,"R","P396R",1.77231613600484
"P",396,"S","P396S",0.556054490707003
"P",396,"T","P396T",1.16684446450809
"P",396,"V","P396V",1.16796885437966
"P",396,"W","P396W",1.3614250460646
"P",396,"Y","P396Y",0.698735150733292
"V",397,"A","V397A",-0.23957109678819
"V",397,"C","V397C",0.0558016473303413
"V",397,"D","V397D",1.46642120082737
"V",397,"E","V397E",0.0622107707495961
"V",397,"F","V397F",1.11846704853131
"V",397,"G","V397G",0.836779294535734
"V",397,"H","V397H",1.28894715933307
"V",397,"I","V397I",1.28988877560654
"V",397,"K","V397K",0.537595403214019
"V",397,"L","V397L",1.92520449452392
"V",397,"M","V397M",2.41297646271337
"V",397,"N","V397N",1.02971597594336
"V",397,"P","V397P",0.113726036743081
"V",397,"Q","V397Q",2.83338347563757
"V",397,"R","V397R",0.0293894279308525
"V",397,"S","V397S",-0.947356076622822
"V",397,"T","V397T",-0.341791169679321
"V",397,"W","V397W",0.922419307373659
"V",397,"Y","V397Y",2.6037309722875
"L",398,"A","L398A",0.0441465028366054
"L",398,"C","L398C",-0.041088603445327
"L",398,"D","L398D",-1.0617340682977
"L",398,"E","L398E",-0.144369502008342
"L",398,"F","L398F",-0.456509765272812
"L",398,"G","L398G",-0.0533107870294802
"L",398,"H","L398H",-1.59333912772268
"L",398,"I","L398I",0.986040160775216
"L",398,"K","L398K",-0.141685913857015
"L",398,"M","L398M",0.248255828872668
"L",398,"N","L398N",-0.714573569786373
"L",398,"P","L398P",-0.000589935467308608
"L",398,"Q","L398Q",0.851899809245038
"L",398,"R","L398R",-0.642109841812062
"L",398,"S","L398S",-0.133228066973861
"L",398,"T","L398T",-0.561564520749328
"L",398,"V","L398V",0.782898137391283
"L",398,"W","L398W",0.499598610676787
"L",398,"Y","L398Y",-0.049448726026788
"D",399,"A","D399A",-0.13464885657709
"D",399,"C","D399C",0.954082385696503
"D",399,"E","D399E",0.686441424177158
"D",399,"F","D399F",0.565893495638704
"D",399,"G","D399G",1.82730995363241
"D",399,"H","D399H",1.06111667125052
"D",399,"I","D399I",0.859606179199227
"D",399,"K","D399K",-0.310716930226361
"D",399,"L","D399L",0.733476835748007
"D",399,"M","D399M",0.664507269766414
"D",399,"N","D399N",-0.0864367523803688
"D",399,"P","D399P",1.43497926652976
"D",399,"Q","D399Q",0.672464601357304
"D",399,"R","D399R",1.13760703813411
"D",399,"S","D399S",0.467330937945537
"D",399,"T","D399T",1.1075340019412
"D",399,"V","D399V",1.52891447065013
"D",399,"W","D399W",0.397202820075599
"D",399,"Y","D399Y",0.645792064819135
"S",400,"A","S400A",-0.444645887701097
"S",400,"C","S400C",-0.512022572882324
"S",400,"D","S400D",-0.233400349329169
"S",400,"E","S400E",-0.839702021232561
"S",400,"F","S400F",1.02165227307476
"S",400,"G","S400G",0.75007186024345
"S",400,"H","S400H",-0.506164164728254
"S",400,"I","S400I",-2.99128594041203
"S",400,"K","S400K",-1.12217926970011
"S",400,"L","S400L",0.545972117699803
"S",400,"M","S400M",-0.578939840965542
"S",400,"N","S400N",0.0247067832269303
"S",400,"P","S400P",1.36339708401667
"S",400,"Q","S400Q",0.083497173831253
"S",400,"R","S400R",-1.01970419247686
"S",400,"T","S400T",0.347789256282126
"S",400,"V","S400V",-0.14956749424148
"S",400,"W","S400W",-1.08687635138575
"S",400,"Y","S400Y",0.0810830016814419
"D",401,"A","D401A",-0.375901146236606
"D",401,"C","D401C",-0.593534088951875
"D",401,"E","D401E",-1.18746753760539
"D",401,"F","D401F",0.072154051065609
"D",401,"G","D401G",1.0249201474433
"D",401,"H","D401H",0.495987183027179
"D",401,"I","D401I",-0.917994027251232
"D",401,"K","D401K",-1.3512181972575
"D",401,"L","D401L",0.456921613480497
"D",401,"M","D401M",0.172150674650238
"D",401,"N","D401N",-0.0393929009923251
"D",401,"P","D401P",0.0248303036188272
"D",401,"Q","D401Q",-0.259160464736524
"D",401,"R","D401R",-0.017345060580862
"D",401,"S","D401S",-0.257075611385378
"D",401,"T","D401T",-1.1411586282761
"D",401,"V","D401V",-1.55824364362175
"D",401,"W","D401W",-0.261424334722786
"D",401,"Y","D401Y",0.526036303820756
"G",402,"A","G402A",-0.142771114887556
"G",402,"C","G402C",1.8102965493251
"G",402,"D","G402D",-0.674354305742353
"G",402,"E","G402E",-0.473781534190748
"G",402,"F","G402F",-0.959455766063073
"G",402,"H","G402H",0.214977917087728
"G",402,"I","G402I",-1.75736336295599
"G",402,"K","G402K",0.23011163799921
"G",402,"L","G402L",-0.651542779132462
"G",402,"M","G402M",0.336142323269245
"G",402,"N","G402N",-0.0903442079987172
"G",402,"P","G402P",-0.242180653649384
"G",402,"Q","G402Q",0.359340271200963
"G",402,"R","G402R",0.370245728881147
"G",402,"S","G402S",0.0621009911470693
"G",402,"T","G402T",0.226304236478859
"G",402,"V","G402V",-0.652107824782998
"G",402,"W","G402W",-0.251655802362472
"G",402,"Y","G402Y",-1.06329279615326
"S",403,"A","S403A",-0.919014791958292
"S",403,"C","S403C",0.309310560735465
"S",403,"D","S403D",-0.0392506205857779
"S",403,"E","S403E",-1.41706192287375
"S",403,"F","S403F",-0.364395308629184
"S",403,"G","S403G",-1.68832258260665
"S",403,"H","S403H",-1.4225967538706
"S",403,"I","S403I",-0.0759243008394412
"S",403,"K","S403K",-0.692171935942408
"S",403,"L","S403L",0.498774678249312
"S",403,"M","S403M",-0.0342757606676347
"S",403,"N","S403N",-0.0689598204533904
"S",403,"P","S403P",0.477766998081675
"S",403,"Q","S403Q",-1.28023811738594
"S",403,"R","S403R",-0.9499455642945
"S",403,"T","S403T",0.533154220929275
"S",403,"V","S403V",-0.187255533741003
"S",403,"W","S403W",-1.25522462196082
"S",403,"Y","S403Y",-1.52317134909797
"F",404,"A","F404A",1.00318491149471
"F",404,"C","F404C",-0.860494356128861
"F",404,"D","F404D",2.27442971442405
"F",404,"E","F404E",1.81092000227121
"F",404,"G","F404G",0.383231316266146
"F",404,"H","F404H",-1.09445129028068
"F",404,"I","F404I",-0.603150668946827
"F",404,"K","F404K",2.67151504133097
"F",404,"L","F404L",0.455305462418937
"F",404,"M","F404M",0.79947254546798
"F",404,"N","F404N",-0.794272481044151
"F",404,"P","F404P",0.271043006257278
"F",404,"Q","F404Q",0.00124570918744832
"F",404,"R","F404R",1.76238751204343
"F",404,"S","F404S",0.608710709975147
"F",404,"T","F404T",2.95832136858713
"F",404,"V","F404V",-0.28891941794379
"F",404,"W","F404W",0.161105741199033
"F",404,"Y","F404Y",0.451934165281685
"F",405,"A","F405A",-1.06970865081421
"F",405,"C","F405C",0.022247038629501
"F",405,"D","F405D",2.19767638349713
"F",405,"E","F405E",2.70532066185284
"F",405,"G","F405G",0.762754279571599
"F",405,"H","F405H",-0.318252017810183
"F",405,"I","F405I",-0.14042610362484
"F",405,"K","F405K",1.34204164277674
"F",405,"L","F405L",-0.912310386979269
"F",405,"M","F405M",0.401242694250906
"F",405,"N","F405N",1.68532480970349
"F",405,"P","F405P",2.78123014570917
"F",405,"Q","F405Q",1.84783633510137
"F",405,"R","F405R",-0.00282426757921657
"F",405,"S","F405S",1.75738191931891
"F",405,"T","F405T",-1.44766983322152
"F",405,"V","F405V",0.212929229755917
"F",405,"W","F405W",2.87487064805372
"F",405,"Y","F405Y",0.153089961902769
"L",406,"A","L406A",-0.516041457962933
"L",406,"C","L406C",-0.874257385595409
"L",406,"D","L406D",-0.948701444027678
"L",406,"E","L406E",-0.238254726708313
"L",406,"F","L406F",3.20906494977408
"L",406,"G","L406G",-0.695815714113735
"L",406,"H","L406H",1.06361859355559
"L",406,"I","L406I",-0.250964719741333
"L",406,"K","L406K",-0.356564544511368
"L",406,"M","L406M",1.24825541896028
"L",406,"N","L406N",-0.0966477735521135
"L",406,"P","L406P",1.8884407472427
"L",406,"Q","L406Q",0.451054439156243
"L",406,"R","L406R",0.201472747351211
"L",406,"S","L406S",-0.744854787108415
"L",406,"T","L406T",-1.22473531535496
"L",406,"V","L406V",-0.493090098938802
"L",406,"W","L406W",2.29826679022501
"L",406,"Y","L406Y",-0.732216316998371
"Y",407,"A","Y407A",-0.8697555422652
"Y",407,"C","Y407C",-0.202398002538915
"Y",407,"D","Y407D",1.29356953237018
"Y",407,"E","Y407E",-1.84368077307538
"Y",407,"F","Y407F",-0.34992307217319
"Y",407,"G","Y407G",-1.09004101341613
"Y",407,"H","Y407H",-0.372644263662031
"Y",407,"I","Y407I",0.68195371492483
"Y",407,"K","Y407K",3.99741722287466
"Y",407,"L","Y407L",-1.89768098274933
"Y",407,"M","Y407M",-1.23417138481017
"Y",407,"N","Y407N",0.937162524266316
"Y",407,"P","Y407P",0.916905694377465
"Y",407,"Q","Y407Q",0.266803438906203
"Y",407,"R","Y407R",1.54490444445866
"Y",407,"S","Y407S",0.0384740860772137
"Y",407,"T","Y407T",-0.834077276859841
"Y",407,"V","Y407V",0.670618496536161
"Y",407,"W","Y407W",4.06777738425461
"S",408,"A","S408A",0.0858661803518745
"S",408,"C","S408C",-0.352506460207239
"S",408,"D","S408D",-0.131615163017761
"S",408,"E","S408E",-1.03793996294349
"S",408,"F","S408F",1.75525856253096
"S",408,"G","S408G",0.349490937700849
"S",408,"H","S408H",1.97118158667144
"S",408,"I","S408I",0.248738912489827
"S",408,"K","S408K",2.53863752998179
"S",408,"L","S408L",-1.48577396547765
"S",408,"M","S408M",0.894719230560645
"S",408,"N","S408N",-1.4433815779428
"S",408,"P","S408P",1.8928677417123
"S",408,"Q","S408Q",2.33182282784184
"S",408,"R","S408R",3.62165496584594
"S",408,"T","S408T",-0.331696317723694
"S",408,"V","S408V",-0.422504507347187
"S",408,"W","S408W",0.707015154581493
"S",408,"Y","S408Y",2.3288107842771
"K",409,"A","K409A",0.362673260426961
"K",409,"C","K409C",-0.0964820450903667
"K",409,"D","K409D",-0.309313275721882
"K",409,"E","K409E",0.187585255849983
"K",409,"F","K409F",-0.637302205335363
"K",409,"G","K409G",-0.0854517968941938
"K",409,"H","K409H",0.354015651822322
"K",409,"I","K409I",1.1698748949293
"K",409,"L","K409L",0.614881003425306
"K",409,"M","K409M",-0.492942985585807
"K",409,"N","K409N",2.8988035079389
"K",409,"P","K409P",-0.648296301308322
"K",409,"Q","K409Q",-0.153035034600669
"K",409,"R","K409R",0.398001002615422
"K",409,"S","K409S",0.251100576079654
"K",409,"T","K409T",-0.588993727657622
"K",409,"V","K409V",-0.0741507825811514
"K",409,"W","K409W",0.452428840136025
"K",409,"Y","K409Y",0.602847544524986
"L",410,"A","L410A",-0.00412885314343692
"L",410,"C","L410C",-0.512491513317176
"L",410,"D","L410D",-0.869663873120954
"L",410,"E","L410E",-0.0802501457401224
"L",410,"F","L410F",0.0415420526020702
"L",410,"G","L410G",-0.950137768622854
"L",410,"H","L410H",0.152743241719185
"L",410,"I","L410I",0.328835614392442
"L",410,"K","L410K",-3.06624670161279
"L",410,"M","L410M",-2.80229190266791
"L",410,"N","L410N",-0.593157313923032
"L",410,"P","L410P",2.14833527153653
"L",410,"Q","L410Q",0.32504853519357
"L",410,"R","L410R",-0.140560083628406
"L",410,"S","L410S",-0.487535059135902
"L",410,"T","L410T",-0.729849238244457
"L",410,"V","L410V",-0.0569122785804676
"L",410,"W","L410W",-0.459937122659165
"L",410,"Y","L410Y",-0.762573167640114
"T",411,"A","T411A",0.852079511667246
"T",411,"C","T411C",-0.886508254832368
"T",411,"D","T411D",0.0516562713348151
"T",411,"E","T411E",-0.741788391240192
"T",411,"F","T411F",0.172317768123057
"T",411,"G","T411G",0.476952956693771
"T",411,"H","T411H",-0.352130924717406
"T",411,"I","T411I",0.164055495898664
"T",411,"K","T411K",1.0809702163634
"T",411,"L","T411L",-1.32950422392935
"T",411,"M","T411M",-0.250739457870709
"T",411,"N","T411N",0.41815083794934
"T",411,"P","T411P",-0.43638774342536
"T",411,"Q","T411Q",-0.221817524264307
"T",411,"R","T411R",-0.554595750752731
"T",411,"S","T411S",-0.388604140645203
"T",411,"V","T411V",-0.700994170279819
"T",411,"W","T411W",-0.053324048992126
"T",411,"Y","T411Y",-0.331543102986077
"V",412,"A","V412A",0.388483372026005
"V",412,"C","V412C",1.25263406619004
"V",412,"D","V412D",0.0759652986109158
"V",412,"E","V412E",-1.43297725275843
"V",412,"F","V412F",-1.35417572455335
"V",412,"G","V412G",0.24617177557674
"V",412,"H","V412H",1.08607433228432
"V",412,"I","V412I",-1.97795792762972
"V",412,"K","V412K",-0.167500248262265
"V",412,"L","V412L",0.39706840471566
"V",412,"M","V412M",-0.38843944187841
"V",412,"N","V412N",0.0838450433898158
"V",412,"P","V412P",1.20150669356868
"V",412,"Q","V412Q",-0.45029948749678
"V",412,"R","V412R",-1.30372963885113
"V",412,"S","V412S",-0.620876593642545
"V",412,"T","V412T",-0.260404583042708
"V",412,"W","V412W",0.726539154994207
"V",412,"Y","V412Y",0.48168230390775
"D",413,"A","D413A",-1.10887902083292
"D",413,"C","D413C",0.783369390305527
"D",413,"E","D413E",0.0548102975045412
"D",413,"F","D413F",-0.00125134557970896
"D",413,"G","D413G",0.449091346530087
"D",413,"H","D413H",-1.31339987168686
"D",413,"I","D413I",-2.1486337520079
"D",413,"K","D413K",-0.653632249114766
"D",413,"L","D413L",-0.72802078587127
"D",413,"M","D413M",-0.144764841887348
"D",413,"N","D413N",-0.120911716623925
"D",413,"P","D413P",0.092858638825184
"D",413,"Q","D413Q",-2.36726645274353
"D",413,"R","D413R",0.259233094539814
"D",413,"S","D413S",-0.752004929161151
"D",413,"T","D413T",0.59554694178062
"D",413,"V","D413V",-0.487706282469141
"D",413,"W","D413W",-0.0821412550194052
"D",413,"Y","D413Y",0.205765963881877
"K",414,"A","K414A",-0.419966438280223
"K",414,"C","K414C",-0.443396707824383
"K",414,"D","K414D",0.168987402218493
"K",414,"E","K414E",-0.379544551566705
"K",414,"F","K414F",0.0996526704002727
"K",414,"G","K414G",-0.374535231594248
"K",414,"H","K414H",-1.03416459226907
"K",414,"I","K414I",-0.0411523644842514
"K",414,"L","K414L",-0.172989611722503
"K",414,"M","K414M",-1.34520767441496
"K",414,"N","K414N",-0.152149442028756
"K",414,"P","K414P",-0.00547028955699749
"K",414,"Q","K414Q",-0.16358062588133
"K",414,"R","K414R",-0.684256175767896
"K",414,"S","K414S",-0.631243900349507
"K",414,"T","K414T",-0.252224620018283
"K",414,"V","K414V",0.437661181317637
"K",414,"W","K414W",-0.58378281770694
"K",414,"Y","K414Y",-1.08726807569365
"S",415,"A","S415A",-1.29970934842433
"S",415,"C","S415C",0.0173157150694939
"S",415,"D","S415D",-0.293333773275733
"S",415,"E","S415E",1.03314631804814
"S",415,"F","S415F",-0.62099713593888
"S",415,"G","S415G",0.0677100129009419
"S",415,"H","S415H",-0.450167529406569
"S",415,"I","S415I",0.346132012267271
"S",415,"K","S415K",0.0805887774264694
"S",415,"L","S415L",-0.297625923526909
"S",415,"M","S415M",-0.786081643574807
"S",415,"N","S415N",-0.170322122478481
"S",415,"P","S415P",-1.14815203284735
"S",415,"Q","S415Q",0.4177030084448
"S",415,"R","S415R",0.289857294449579
"S",415,"T","S415T",1.01850710652088
"S",415,"V","S415V",-0.0324021339223764
"S",415,"W","S415W",-0.168500111540364
"S",415,"Y","S415Y",0.175855684399715
"R",416,"A","R416A",0.0803477706051922
"R",416,"C","R416C",-0.0513381341003269
"R",416,"D","R416D",-0.108477047962395
"R",416,"E","R416E",0.566764241507808
"R",416,"F","R416F",-0.115628158707519
"R",416,"G","R416G",-0.74809299323331
"R",416,"H","R416H",-1.22039469304115
"R",416,"I","R416I",-1.17550626818396
"R",416,"K","R416K",-0.0692612834523988
"R",416,"L","R416L",0.729392734881226
"R",416,"M","R416M",0.384037584324099
"R",416,"N","R416N",0.823324258784861
"R",416,"P","R416P",-0.287155251670051
"R",416,"Q","R416Q",0.427261064832185
"R",416,"S","R416S",-0.906482950010598
"R",416,"T","R416T",-0.864764181487666
"R",416,"V","R416V",-1.00950235449434
"R",416,"W","R416W",0.0808205873584467
"R",416,"Y","R416Y",-0.945812139518446
"W",417,"A","W417A",-0.19606966923039
"W",417,"C","W417C",0.956603798804721
"W",417,"D","W417D",0.516616847869963
"W",417,"E","W417E",-0.440593641732674
"W",417,"F","W417F",-0.681750197589344
"W",417,"G","W417G",0.763794789901397
"W",417,"H","W417H",-1.02204318906249
"W",417,"I","W417I",1.02143491393001
"W",417,"K","W417K",0.115538440434863
"W",417,"L","W417L",0.0104809297044569
"W",417,"M","W417M",-0.0322775860948288
"W",417,"N","W417N",0.908250997638692
"W",417,"P","W417P",-1.21379097195816
"W",417,"Q","W417Q",0.0199965883259106
"W",417,"R","W417R",-0.214276447665152
"W",417,"S","W417S",-1.17481036765167
"W",417,"T","W417T",1.10429224216956
"W",417,"V","W417V",-0.852165416875359
"W",417,"Y","W417Y",1.51559446215302
"Q",418,"A","Q418A",-0.62772914342501
"Q",418,"C","Q418C",0.06037141686473
"Q",418,"D","Q418D",-0.472253883884321
"Q",418,"E","Q418E",-0.204848439832713
"Q",418,"F","Q418F",-0.421824811113323
"Q",418,"G","Q418G",-0.0442278033539783
"Q",418,"H","Q418H",-2.45483157159723
"Q",418,"I","Q418I",1.75585576085427
"Q",418,"K","Q418K",-0.432814585309247
"Q",418,"L","Q418L",0.292207895789628
"Q",418,"M","Q418M",-0.101020714634839
"Q",418,"N","Q418N",0.134076517545756
"Q",418,"P","Q418P",0.433800421460329
"Q",418,"R","Q418R",-0.486340270811
"Q",418,"S","Q418S",0.42722545755151
"Q",418,"T","Q418T",-0.547144423393976
"Q",418,"V","Q418V",-0.829116061732054
"Q",418,"W","Q418W",-0.115404227438147
"Q",418,"Y","Q418Y",-0.982554956397428
"Q",419,"A","Q419A",0.283605172423205
"Q",419,"C","Q419C",-0.993138227413629
"Q",419,"D","Q419D",0.656000117081546
"Q",419,"E","Q419E",0.284140064506579
"Q",419,"F","Q419F",0.100027607375741
"Q",419,"G","Q419G",-1.20262613678842
"Q",419,"H","Q419H",-1.2830352573024
"Q",419,"I","Q419I",-1.12415470288854
"Q",419,"K","Q419K",0.332130147128379
"Q",419,"L","Q419L",-0.11741475217954
"Q",419,"M","Q419M",0.147836234679213
"Q",419,"N","Q419N",-0.0375982019618711
"Q",419,"P","Q419P",0.218788186347314
"Q",419,"R","Q419R",-0.0127727872823595
"Q",419,"S","Q419S",-1.13434157151024
"Q",419,"T","Q419T",0.52607338190444
"Q",419,"V","Q419V",-0.357182180347017
"Q",419,"W","Q419W",-0.151430354218129
"Q",419,"Y","Q419Y",-0.0408704342852693
"G",420,"A","G420A",0.418140320359303
"G",420,"C","G420C",-0.681564063328865
"G",420,"D","G420D",0.0849668754709154
"G",420,"E","G420E",0.0527116049109011
"G",420,"F","G420F",-1.08395471911271
"G",420,"H","G420H",-2.39369791057803
"G",420,"I","G420I",0.245073234474228
"G",420,"K","G420K",-0.037720180850712
"G",420,"L","G420L",-0.98662070939632
"G",420,"M","G420M",-1.28183811695354
"G",420,"N","G420N",-0.170696261155251
"G",420,"P","G420P",-0.322526953282686
"G",420,"Q","G420Q",-0.222072411817565
"G",420,"R","G420R",0.657035175480742
"G",420,"S","G420S",0.0230315747130446
"G",420,"T","G420T",-2.02933711058047
"G",420,"V","G420V",-0.676863050269206
"G",420,"W","G420W",0.320934522668838
"G",420,"Y","G420Y",0.880356908217159
"N",421,"A","N421A",0.109174147528778
"N",421,"C","N421C",-0.120217719260194
"N",421,"D","N421D",-1.37983839749439
"N",421,"E","N421E",0.316541546502401
"N",421,"F","N421F",-0.191633685339165
"N",421,"G","N421G",-0.587734577591786
"N",421,"H","N421H",-0.743449369599441
"N",421,"I","N421I",-0.126423150768127
"N",421,"K","N421K",0.266355308631958
"N",421,"L","N421L",-0.00602713447421985
"N",421,"M","N421M",0.332552866024197
"N",421,"P","N421P",0.806984096866037
"N",421,"Q","N421Q",-0.136074223981087
"N",421,"R","N421R",0.0853016962163644
"N",421,"S","N421S",-0.323332752813766
"N",421,"T","N421T",-0.691401618223476
"N",421,"V","N421V",0.0968792256144111
"N",421,"W","N421W",-0.790946983492846
"N",421,"Y","N421Y",0.140261955739781
"V",422,"A","V422A",0.797198632139246
"V",422,"C","V422C",-0.386449976419033
"V",422,"D","V422D",-0.276451013759151
"V",422,"E","V422E",0.18006588425449
"V",422,"F","V422F",-0.87445570002147
"V",422,"G","V422G",-0.140007342729638
"V",422,"H","V422H",0.686778607748336
"V",422,"I","V422I",-0.311263337305683
"V",422,"K","V422K",0.848687146350123
"V",422,"L","V422L",-0.0533415473917146
"V",422,"M","V422M",-0.619946941417618
"V",422,"N","V422N",0.733059165094687
"V",422,"P","V422P",0.426093898298672
"V",422,"Q","V422Q",-0.091253306142505
"V",422,"R","V422R",-0.928079508210184
"V",422,"S","V422S",-0.443996088143765
"V",422,"T","V422T",0.21514202394895
"V",422,"W","V422W",-0.3039107015195
"V",422,"Y","V422Y",0.908964938488717
"F",423,"A","F423A",-0.581092068980076
"F",423,"C","F423C",1.78138693944504
"F",423,"D","F423D",0.214769092150442
"F",423,"E","F423E",0.186778848775436
"F",423,"G","F423G",-0.138987350531573
"F",423,"H","F423H",-0.266804282860006
"F",423,"I","F423I",-0.128825504695682
"F",423,"K","F423K",1.65120155784513
"F",423,"L","F423L",0.0282128597734465
"F",423,"M","F423M",-0.490866709215201
"F",423,"N","F423N",-0.486227624943055
"F",423,"P","F423P",0.222140953624083
"F",423,"Q","F423Q",-0.768626324952632
"F",423,"R","F423R",-0.239673072278386
"F",423,"S","F423S",0.694949375197284
"F",423,"T","F423T",0.410923956075513
"F",423,"V","F423V",0.113748904171664
"F",423,"W","F423W",0.00883352843878709
"F",423,"Y","F423Y",0.514477342642187
"S",424,"A","S424A",-2.17821648449809
"S",424,"C","S424C",1.34804130284342
"S",424,"D","S424D",0.326660561520706
"S",424,"E","S424E",-2.93860727651276
"S",424,"F","S424F",-0.35963906668066
"S",424,"G","S424G",0.536698294195323
"S",424,"H","S424H",0.224559348004017
"S",424,"I","S424I",-0.865390213023432
"S",424,"K","S424K",0.0950651966743884
"S",424,"L","S424L",0.367660338644615
"S",424,"M","S424M",-0.729434804758131
"S",424,"N","S424N",-0.263701320438782
"S",424,"P","S424P",0.447624773215034
"S",424,"Q","S424Q",-1.52462966613664
"S",424,"R","S424R",0.421488041579845
"S",424,"T","S424T",-0.524231828924193
"S",424,"V","S424V",-0.0647778442490069
"S",424,"W","S424W",0.166891349548154
"S",424,"Y","S424Y",0.357682861288563
"C",425,"A","C425A",-0.664116771022862
"C",425,"D","C425D",0.148468304855039
"C",425,"E","C425E",0.473631252171169
"C",425,"F","C425F",1.76144990871312
"C",425,"G","C425G",-0.42349528739851
"C",425,"H","C425H",1.72757948492081
"C",425,"I","C425I",-0.546138838941825
"C",425,"K","C425K",1.95808975798759
"C",425,"L","C425L",0.0441044814388114
"C",425,"M","C425M",-0.965231909504327
"C",425,"N","C425N",-0.271615070527656
"C",425,"P","C425P",-0.819420497979203
"C",425,"Q","C425Q",0.185287398330249
"C",425,"R","C425R",-0.457024485765948
"C",425,"S","C425S",-0.771731269002162
"C",425,"T","C425T",-0.818203316563138
"C",425,"V","C425V",0.779754004439835
"C",425,"W","C425W",-0.709778235307693
"C",425,"Y","C425Y",-0.301191865422926
"S",426,"A","S426A",0.408225964638104
"S",426,"C","S426C",-0.194539527174662
"S",426,"D","S426D",-0.778295906421414
"S",426,"E","S426E",0.308422851437657
"S",426,"F","S426F",-0.341889473986831
"S",426,"G","S426G",0.189624477662231
"S",426,"H","S426H",0.187285123121809
"S",426,"I","S426I",-0.486614922400359
"S",426,"K","S426K",-1.04074467856464
"S",426,"L","S426L",0.175917132376809
"S",426,"M","S426M",-2.84349918004476
"S",426,"N","S426N",-0.374610066596308
"S",426,"P","S426P",0.208968231027362
"S",426,"Q","S426Q",-0.0515148053946629
"S",426,"R","S426R",-0.738593820861438
"S",426,"T","S426T",1.06844078257263
"S",426,"V","S426V",0.212197383150216
"S",426,"W","S426W",0.957095234434233
"S",426,"Y","S426Y",0.630170676667589
"V",427,"A","V427A",-0.0913869338851365
"V",427,"C","V427C",0.331343072421669
"V",427,"D","V427D",0.529412150739715
"V",427,"E","V427E",-0.309103361151329
"V",427,"F","V427F",0.324156968622452
"V",427,"G","V427G",0.962125120532895
"V",427,"H","V427H",-0.0276176804821991
"V",427,"I","V427I",0.353141580989609
"V",427,"K","V427K",0.843258736129964
"V",427,"L","V427L",-0.921580495896549
"V",427,"M","V427M",-0.0933612370213801
"V",427,"N","V427N",0.255450254301516
"V",427,"P","V427P",0.60597773958062
"V",427,"Q","V427Q",0.913105080070272
"V",427,"R","V427R",-0.597809729162601
"V",427,"S","V427S",0.0128234556896678
"V",427,"T","V427T",0.543070095236619
"V",427,"W","V427W",0.666471573694956
"V",427,"Y","V427Y",-0.507829771997895
"M",428,"A","M428A",-2.65358336527248
"M",428,"C","M428C",-0.315129505279786
"M",428,"D","M428D",-0.722216287154909
"M",428,"E","M428E",1.90854747936742
"M",428,"F","M428F",-0.271675317104061
"M",428,"G","M428G",-1.09520756468535
"M",428,"H","M428H",-0.764413112737945
"M",428,"I","M428I",-0.308801779490599
"M",428,"K","M428K",0.703421064248919
"M",428,"L","M428L",-0.351934553953003
"M",428,"N","M428N",0.0690593037182672
"M",428,"P","M428P",-0.767300400557503
"M",428,"Q","M428Q",-0.345423338965564
"M",428,"R","M428R",1.09235013082943
"M",428,"S","M428S",0.343647907320521
"M",428,"T","M428T",0.459716591187091
"M",428,"V","M428V",-0.0351939822631157
"M",428,"W","M428W",-0.655712297172069
"M",428,"Y","M428Y",-0.155439006503931
"H",429,"A","H429A",1.56083120203722
"H",429,"C","H429C",0.539108669781583
"H",429,"D","H429D",-2.51313064970334
"H",429,"E","H429E",-3.34266444471575
"H",429,"F","H429F",0.128298948374081
"H",429,"G","H429G",-1.16615102271444
"H",429,"I","H429I",1.3557915243942
"H",429,"K","H429K",1.05747902876298
"H",429,"L","H429L",2.5429815236415
"H",429,"M","H429M",-0.162080241713639
"H",429,"N","H429N",0.1688093330695
"H",429,"P","H429P",0.764776693899782
"H",429,"Q","H429Q",-0.411346990950006
"H",429,"R","H429R",-0.925190822396463
"H",429,"S","H429S",-1.36591212448276
"H",429,"T","H429T",-0.726478664263945
"H",429,"V","H429V",-1.80442468741521
"H",429,"W","H429W",1.20752883937322
"H",429,"Y","H429Y",1.24914733202326
"E",430,"A","E430A",-0.579810113368863
"E",430,"C","E430C",0.89293614827128
"E",430,"D","E430D",0.0831796616305625
"E",430,"F","E430F",-0.622538313043554
"E",430,"G","E430G",-0.492876369418015
"E",430,"H","E430H",0.890991248798675
"E",430,"I","E430I",-0.606765448020512
"E",430,"K","E430K",-0.985244328904525
"E",430,"L","E430L",0.799198564692701
"E",430,"M","E430M",0.574928102327333
"E",430,"N","E430N",0.529482753537378
"E",430,"P","E430P",-0.0773907110369005
"E",430,"Q","E430Q",-0.171393602398481
"E",430,"R","E430R",-0.634097320757257
"E",430,"S","E430S",1.35364352123049
"E",430,"T","E430T",-1.20006787196592
"E",430,"V","E430V",0.261334966443509
"E",430,"W","E430W",-0.510565549328441
"E",430,"Y","E430Y",0.598399116846977
"L",432,"A","L432A",-0.38581101607021
"L",432,"C","L432C",0.105166786730843
"L",432,"D","L432D",-2.00524580274035
"L",432,"E","L432E",-1.8923513578111
"L",432,"F","L432F",0.90850577050364
"L",432,"G","L432G",0.142915103143329
"L",432,"H","L432H",0.237581885587689
"L",432,"I","L432I",-0.709777194648563
"L",432,"K","L432K",-0.863600573512692
"L",432,"M","L432M",1.07154141728069
"L",432,"N","L432N",-0.0839499700435401
"L",432,"P","L432P",-0.0307346838452198
"L",432,"Q","L432Q",-1.01308878331042
"L",432,"R","L432R",0.0491897902858663
"L",432,"S","L432S",-0.408997711915624
"L",432,"T","L432T",-0.154392960096806
"L",432,"V","L432V",-2.04235433556637
"L",432,"W","L432W",0.0808880510352582
"L",432,"Y","L432Y",-0.624624896029389
"H",433,"A","H433A",-0.178092291703664
"H",433,"C","H433C",-0.625578198346364
"H",433,"D","H433D",1.02304737617517
"H",433,"E","H433E",-0.545723192476197
"H",433,"F","H433F",0.218346279900987
"H",433,"G","H433G",-0.397655598259943
"H",433,"I","H433I",-0.662516799615819
"H",433,"K","H433K",-0.550324844843288
"H",433,"L","H433L",0.67923237186149
"H",433,"M","H433M",0.278370953318884
"H",433,"N","H433N",0.631785695412999
"H",433,"P","H433P",0.17991048389502
"H",433,"Q","H433Q",0.0967988216819836
"H",433,"R","H433R",-0.740789152149304
"H",433,"S","H433S",0.0243418542342184
"H",433,"T","H433T",-0.486743919881214
"H",433,"V","H433V",0.582789423942911
"H",433,"W","H433W",-1.69949211005761
"H",433,"Y","H433Y",-0.00398901924264971
"N",434,"A","N434A",0.0193402960486234
"N",434,"C","N434C",-0.382498138609278
"N",434,"D","N434D",-0.615325288692959
"N",434,"E","N434E",0.0856473559955434
"N",434,"F","N434F",-1.09839567481838
"N",434,"G","N434G",-1.12597768108729
"N",434,"H","N434H",-0.0925759832775163
"N",434,"I","N434I",-0.502092887181879
"N",434,"K","N434K",-0.0783380787076337
"N",434,"L","N434L",-1.20441526840444
"N",434,"P","N434P",-0.105387515392271
"N",434,"Q","N434Q",-0.236401265720257
"N",434,"R","N434R",0.480945383312394
"N",434,"S","N434S",0.0197894210271563
"N",434,"T","N434T",0.264845059453727
"N",434,"W","N434W",-1.02076559276384
"N",434,"Y","N434Y",-1.41163767948106
"H",435,"A","H435A",-0.177500724766094
"H",435,"C","H435C",0.0339339765580498
"H",435,"D","H435D",0.149024785246162
"H",435,"E","H435E",-0.00266226731440294
"H",435,"F","H435F",-1.84850262516166
"H",435,"G","H435G",0.284085268823835
"H",435,"I","H435I",-1.32126460557924
"H",435,"K","H435K",0.753588412223431
"H",435,"L","H435L",-0.343387422614197
"H",435,"M","H435M",0.0331604520483476
"H",435,"N","H435N",-1.36946091509082
"H",435,"P","H435P",-0.647427831506536
"H",435,"Q","H435Q",-0.351409196669433
"H",435,"R","H435R",-0.431974934653906
"H",435,"S","H435S",0.814915744751492
"H",435,"T","H435T",-1.06211881709614
"H",435,"V","H435V",-1.2947593007729
"H",435,"W","H435W",1.20715566216035
"H",435,"Y","H435Y",0.160976797446287
"Y",436,"A","Y436A",-0.182938029717346
"Y",436,"C","Y436C",-0.0846074044248757
"Y",436,"D","Y436D",-0.568190219690094
"Y",436,"E","Y436E",-0.178227203124433
"Y",436,"F","Y436F",-1.10213865740131
"Y",436,"G","Y436G",-0.394207680642294
"Y",436,"H","Y436H",0.403971747948725
"Y",436,"I","Y436I",-0.112176236697076
"Y",436,"K","Y436K",0.425914530046831
"Y",436,"L","Y436L",-0.394652934756038
"Y",436,"M","Y436M",0.168617842456716
"Y",436,"N","Y436N",0.416613013778335
"Y",436,"P","Y436P",0.0569130934015542
"Y",436,"Q","Y436Q",0.035276861750316
"Y",436,"R","Y436R",-0.744834416600406
"Y",436,"S","Y436S",-0.966785545062145
"Y",436,"T","Y436T",-0.360583039603272
"Y",436,"V","Y436V",-0.838797732026972
"Y",436,"W","Y436W",0.215470075256578
"T",437,"A","T437A",-0.893854697427892
"T",437,"C","T437C",-0.0475665915239215
"T",437,"D","T437D",-0.27937329668723
"T",437,"E","T437E",-0.666549072289358
"T",437,"F","T437F",0.613841720955174
"T",437,"G","T437G",0.0875741696923538
"T",437,"H","T437H",1.16936481543229
"T",437,"I","T437I",0.560706601368972
"T",437,"K","T437K",-1.99792445432048
"T",437,"L","T437L",0.102036726934746
"T",437,"M","T437M",0.418250201710272
"T",437,"N","T437N",0.967109907585809
"T",437,"P","T437P",-0.230987150656938
"T",437,"Q","T437Q",-0.0255502823050617
"T",437,"R","T437R",-0.308738684792544
"T",437,"S","T437S",1.10537119241377
"T",437,"V","T437V",0.774246872768146
"T",437,"W","T437W",-0.0954835724020347
"T",437,"Y","T437Y",-0.594796088756407
"Q",438,"A","Q438A",0.973595769063892
"Q",438,"C","Q438C",1.46501166428126
"Q",438,"D","Q438D",-0.208443602744344
"Q",438,"E","Q438E",-0.165492687841376
"Q",438,"F","Q438F",-0.700303430254407
"Q",438,"G","Q438G",-0.322378368880316
"Q",438,"H","Q438H",-0.202185138427866
"Q",438,"I","Q438I",0.720969601726451
"Q",438,"K","Q438K",-1.13700469500261
"Q",438,"L","Q438L",1.31698368503103
"Q",438,"M","Q438M",0.11930432605153
"Q",438,"N","Q438N",-1.35036569613326
"Q",438,"P","Q438P",-0.386566466332967
"Q",438,"R","Q438R",-1.48209493718244
"Q",438,"S","Q438S",-0.613111007125368
"Q",438,"T","Q438T",-0.73049484754984
"Q",438,"V","Q438V",1.020675154228
"Q",438,"W","Q438W",-0.734664819192651
"Q",438,"Y","Q438Y",0.583995496140019
"K",439,"A","K439A",-0.459126176645385
"K",439,"C","K439C",1.29957203145837
"K",439,"D","K439D",-0.593063681149441
"K",439,"E","K439E",1.17185787086259
"K",439,"F","K439F",-0.136620708042285
"K",439,"G","K439G",0.724882936674881
"K",439,"H","K439H",-0.53226017950165
"K",439,"I","K439I",-0.718969462848379
"K",439,"L","K439L",0.0229730006102281
"K",439,"M","K439M",0.158896667330628
"K",439,"N","K439N",-0.620694530580653
"K",439,"P","K439P",1.04838705702044
"K",439,"Q","K439Q",0.0509765193675094
"K",439,"R","K439R",-1.3297399615739
"K",439,"S","K439S",0.612856543042024
"K",439,"T","K439T",-2.6062896850824
"K",439,"V","K439V",0.471260793007689
"K",439,"W","K439W",-0.413661836728524
"K",439,"Y","K439Y",0.320287036579675
"S",440,"A","S440A",0.495466577797526
"S",440,"C","S440C",0.918007417066864
"S",440,"D","S440D",1.02422682927634
"S",440,"E","S440E",0.830002519936509
"S",440,"F","S440F",-0.768695572945973
"S",440,"G","S440G",0.753065998159881
"S",440,"H","S440H",1.84719572523036
"S",440,"I","S440I",-2.6815842695013
"S",440,"K","S440K",-0.861047254748725
"S",440,"L","S440L",-0.614258820238903
"S",440,"M","S440M",-1.07023496719245
"S",440,"N","S440N",-0.464903456030602
"S",440,"P","S440P",-0.599592096439725
"S",440,"Q","S440Q",-0.185992338752198
"S",440,"R","S440R",0.677896621054178
"S",440,"T","S440T",-0.377551448575225
"S",440,"V","S440V",-0.372924278342247
"S",440,"W","S440W",-0.484298830907764
"S",440,"Y","S440Y",-0.233700547236689
"L",441,"A","L441A",-0.861380383905369
"L",441,"C","L441C",0.0514866823471038
"L",441,"D","L441D",-0.542047475359533
"L",441,"E","L441E",-0.035589165294255
"L",441,"F","L441F",-0.55442060714142
"L",441,"G","L441G",-0.238950725421173
"L",441,"H","L441H",-0.774755487303711
"L",441,"I","L441I",0.573529791659498
"L",441,"K","L441K",0.503272776374483
"L",441,"M","L441M",-0.755262236936943
"L",441,"N","L441N",1.06530323303553
"L",441,"P","L441P",-0.213537208098485
"L",441,"Q","L441Q",1.25665003615373
"L",441,"R","L441R",-0.447786189149386
"L",441,"S","L441S",-0.780786797541763
"L",441,"T","L441T",0.963692374847167
"L",441,"V","L441V",-0.110074872360219
"L",441,"W","L441W",-0.408129508433167
"L",441,"Y","L441Y",-0.851021722610814
"S",442,"A","S442A",0.637480701023914
"S",442,"C","S442C",1.55951343542906
"S",442,"D","S442D",-0.273946688635329
"S",442,"E","S442E",0.676525843829144
"S",442,"F","S442F",0.342849183168895
"S",442,"G","S442G",-0.634927153770781
"S",442,"H","S442H",0.435375762096119
"S",442,"I","S442I",-0.582313416470935
"S",442,"K","S442K",0.0404420233776448
"S",442,"L","S442L",0.0651862759940403
"S",442,"M","S442M",0.225344996581196
"S",442,"N","S442N",-0.235709820947385
"S",442,"P","S442P",0.14506795981958
"S",442,"Q","S442Q",-0.0336994989378343
"S",442,"R","S442R",0.0350783688645962
"S",442,"T","S442T",-0.607267071920787
"S",442,"V","S442V",-1.2324819489879
"S",442,"W","S442W",0.0687348604318833
"S",442,"Y","S442Y",0.99870111343464
"L",443,"A","L443A",0.2544155335545
"L",443,"C","L443C",-0.225198506832376
"L",443,"D","L443D",-0.190402283906115
"L",443,"E","L443E",-0.00987005513655728
"L",443,"F","L443F",-0.00055267691944571
"L",443,"G","L443G",-0.338542170108086
"L",443,"H","L443H",-0.285820610634741
"L",443,"I","L443I",-0.423611570749317
"L",443,"K","L443K",-0.252453040398921
"L",443,"M","L443M",-1.56878294072891
"L",443,"N","L443N",0.0176459507770066
"L",443,"P","L443P",0.450970029071979
"L",443,"Q","L443Q",-0.291771223685609
"L",443,"R","L443R",0.486749760863289
"L",443,"S","L443S",0.00199132256733274
"L",443,"T","L443T",-0.791427188361984
"L",443,"V","L443V",-0.46025224741678
"L",443,"W","L443W",-0.166226324403285
"L",443,"Y","L443Y",-0.0693298197341861
"S",444,"A","S444A",0.222208332679876
"S",444,"C","S444C",0.212891007189624
"S",444,"D","S444D",-0.0570139760275887
"S",444,"E","S444E",0.146341080640198
"S",444,"F","S444F",-0.50676360010085
"S",444,"G","S444G",-1.32061254383861
"S",444,"H","S444H",-0.911702275148252
"S",444,"I","S444I",0.360873057465873
"S",444,"K","S444K",0.180821236152991
"S",444,"L","S444L",0.10830674271568
"S",444,"M","S444M",0.617518241334878
"S",444,"N","S444N",-0.220885851097722
"S",444,"P","S444P",1.04878744320198
"S",444,"Q","S444Q",0.961833037909235
"S",444,"R","S444R",0.330413246303111
"S",444,"T","S444T",0.121309494446388
"S",444,"V","S444V",0.118740768201148
"S",444,"W","S444W",0.342022490993126
"S",444,"Y","S444Y",0.503650630465233
"P",445,"A","P445A",0.698722311938224
"P",445,"C","P445C",-0.512331592957525
"P",445,"D","P445D",-0.335926763171402
"P",445,"E","P445E",0.601732382676269
"P",445,"F","P445F",-0.0824562570773994
"P",445,"G","P445G",0.337103180523354
"P",445,"H","P445H",0.158011543821329
"P",445,"I","P445I",-0.240421575601868
"P",445,"K","P445K",-0.108441910140069
"P",445,"L","P445L",0.162326751221223
"P",445,"M","P445M",0.655040490054588
"P",445,"N","P445N",-0.0489426760186085
"P",445,"Q","P445Q",-0.0188050637159951
"P",445,"R","P445R",0.0301815331628183
"P",445,"S","P445S",-1.15612185801767
"P",445,"V","P445V",-0.855946402344576
"P",445,"W","P445W",0.0811582038690888
"P",445,"Y","P445Y",-0.576268120121138
"G",446,"A","G446A",0.752927907851306
"G",446,"C","G446C",0.609213846317124
"G",446,"D","G446D",0.47120141615115
"G",446,"E","G446E",-0.224428148249783
"G",446,"F","G446F",0.807394950485181
"G",446,"H","G446H",-0.261091924060788
"G",446,"I","G446I",-1.32950133029931
"G",446,"K","G446K",-0.368297094993349
"G",446,"L","G446L",0.2673822778333
"G",446,"M","G446M",0.00283375865075355
"G",446,"N","G446N",1.1429363320519
"G",446,"P","G446P",1.55695074951383
"G",446,"Q","G446Q",-1.53498978273999
"G",446,"R","G446R",0.204084377314963
"G",446,"S","G446S",-0.0477282553561383
"G",446,"T","G446T",-0.25911702184147
"G",446,"V","G446V",-0.484688557971802
"G",446,"W","G446W",0.570583529752562
"G",446,"Y","G446Y",0.0487972363247506
"K",447,"A","K447A",-1.24097172553205
"K",447,"C","K447C",-0.589078663107337
"K",447,"D","K447D",-0.166085301012891
"K",447,"E","K447E",-0.579585332193971
"K",447,"F","K447F",-0.936151764477169
"K",447,"G","K447G",-0.925403942761068
"K",447,"H","K447H",-0.481735566783935
"K",447,"I","K447I",-0.118067269642304
"K",447,"L","K447L",-0.399135428937151
"K",447,"M","K447M",-0.238392985743766
"K",447,"N","K447N",-0.858748115667525
"K",447,"P","K447P",-0.490342041364922
"K",447,"Q","K447Q",-0.521965637233498
"K",447,"R","K447R",-1.39529334791402
"K",447,"S","K447S",0.371735895672183
"K",447,"T","K447T",-0.180315898155863
"K",447,"V","K447V",0.111472846797265
"K",447,"W","K447W",-0.772507386142598
"K",447,"Y","K447Y",-0.0228333045881805
