"wildtype","site","mutation","name","scaledscore"
"E",216,"A","E216A",0.738131431468088
"E",216,"C","E216C",-0.211923033157702
"E",216,"D","E216D",0.308242558174787
"E",216,"F","E216F",0.153751503345962
"E",216,"G","E216G",0.111402978613731
"E",216,"H","E216H",0.705550749066965
"E",216,"I","E216I",0.673981868377891
"E",216,"K","E216K",0.619770243958473
"E",216,"L","E216L",0.704115861753472
"E",216,"M","E216M",0.491376813030035
"E",216,"N","E216N",0.556821752067409
"E",216,"P","E216P",0.978577809940871
"E",216,"Q","E216Q",0.88383378758695
"E",216,"R","E216R",1.15285254763065
"E",216,"S","E216S",0.491971092665045
"E",216,"T","E216T",0.142563828080155
"E",216,"V","E216V",0.267357433432502
"E",216,"W","E216W",0.401999663440329
"E",216,"Y","E216Y",0.0548828615038403
"P",217,"A","P217A",0.254162549933945
"P",217,"C","P217C",-0.108820474668356
"P",217,"D","P217D",-0.303250450672391
"P",217,"E","P217E",-0.316864657193796
"P",217,"F","P217F",0.0779406512236956
"P",217,"G","P217G",0.49297129949246
"P",217,"H","P217H",0.548919708698838
"P",217,"I","P217I",0.105089154072381
"P",217,"K","P217K",0.63673464395361
"P",217,"L","P217L",-0.246268940259778
"P",217,"M","P217M",0.730262271355331
"P",217,"N","P217N",0.100548029109021
"P",217,"Q","P217Q",0.8387169612177
"P",217,"R","P217R",0.441379571147459
"P",217,"S","P217S",0.00847285982656979
"P",217,"T","P217T",0.312117842620206
"P",217,"V","P217V",0.778602000948401
"P",217,"W","P217W",0.0918843435316495
"P",217,"Y","P217Y",-0.148843126059146
"K",218,"A","K218A",-0.272978369852672
"K",218,"C","K218C",-0.263660879204757
"K",218,"D","K218D",-0.141371253882553
"K",218,"E","K218E",-0.123567038503024
"K",218,"F","K218F",0.0511264914469834
"K",218,"G","K218G",-0.205354618086546
"K",218,"H","K218H",0.381064769319568
"K",218,"I","K218I",-0.0129834779230986
"K",218,"L","K218L",0.107066722765074
"K",218,"M","K218M",0.0803290292310398
"K",218,"N","K218N",-0.298057070213489
"K",218,"P","K218P",0.571438017281988
"K",218,"Q","K218Q",-0.175146635345538
"K",218,"R","K218R",0.698501954558668
"K",218,"S","K218S",-0.0281173866745384
"K",218,"T","K218T",-0.519206901725638
"K",218,"V","K218V",-0.266483739015069
"K",218,"W","K218W",-0.308377795507007
"K",218,"Y","K218Y",0.13017532295323
"S",219,"A","S219A",0.236086047476482
"S",219,"C","S219C",0.315726516974551
"S",219,"D","S219D",0.00422214479182897
"S",219,"E","S219E",-0.308625179150914
"S",219,"F","S219F",-0.0535878774812893
"S",219,"G","S219G",0.291780273331938
"S",219,"H","S219H",-0.110455332299054
"S",219,"I","S219I",0.613453890185803
"S",219,"K","S219K",0.676754599858809
"S",219,"L","S219L",0.0809230202729488
"S",219,"M","S219M",0.433892602627962
"S",219,"N","S219N",0.216749937570193
"S",219,"P","S219P",0.115259311471261
"S",219,"Q","S219Q",-0.0797655778784549
"S",219,"R","S219R",0.715935747845302
"S",219,"T","S219T",-0.00780961081492473
"S",219,"V","S219V",0.0976338055389637
"S",219,"W","S219W",0.0647848649921166
"S",219,"Y","S219Y",-0.164430668834241
"C",220,"A","C220A",0.0774143673953851
"C",220,"D","C220D",-0.162738964919999
"C",220,"E","C220E",0.0683571104292801
"C",220,"F","C220F",0.619842635360029
"C",220,"G","C220G",0.0987623505928466
"C",220,"H","C220H",0.0062808272270164
"C",220,"I","C220I",0.265703043044809
"C",220,"K","C220K",0.457408335371517
"C",220,"L","C220L",0.480240790595538
"C",220,"M","C220M",0.737469933741096
"C",220,"N","C220N",0.0279648161871051
"C",220,"P","C220P",0.0938055324785087
"C",220,"Q","C220Q",0.0581518602001676
"C",220,"R","C220R",-0.0283025936898262
"C",220,"S","C220S",-0.201128680181358
"C",220,"T","C220T",-0.027283110397488
"C",220,"V","C220V",0.454481425895026
"C",220,"W","C220W",0.0596056957618258
"C",220,"Y","C220Y",0.0984236098872842
"D",221,"A","D221A",0.314891088739343
"D",221,"C","D221C",0.572546462648716
"D",221,"E","D221E",0.143221710386567
"D",221,"F","D221F",0.00564904199896537
"D",221,"G","D221G",0.343791649008231
"D",221,"H","D221H",-0.331203340570063
"D",221,"I","D221I",0.470906135844291
"D",221,"K","D221K",0.878242588218505
"D",221,"L","D221L",-0.105576159059689
"D",221,"M","D221M",0.13397295074963
"D",221,"N","D221N",0.0760195773724091
"D",221,"P","D221P",-0.230551843928222
"D",221,"Q","D221Q",0.527871692068244
"D",221,"R","D221R",0.296524697684261
"D",221,"S","D221S",-0.0768267384988347
"D",221,"T","D221T",0.302424476744741
"D",221,"V","D221V",0.928860473399591
"D",221,"W","D221W",0.437629112268605
"D",221,"Y","D221Y",0.255860828035874
"K",222,"A","K222A",0.0271864768296431
"K",222,"C","K222C",-0.337756729721135
"K",222,"D","K222D",-0.169104329509336
"K",222,"E","K222E",0.100469072429324
"K",222,"F","K222F",-0.240022569057918
"K",222,"G","K222G",-0.181915854211023
"K",222,"H","K222H",0.0598910325824262
"K",222,"I","K222I",0.189477968057843
"K",222,"L","K222L",-0.160080751734218
"K",222,"M","K222M",0.0511656406231889
"K",222,"N","K222N",-0.206683048331104
"K",222,"P","K222P",0.152934376275209
"K",222,"Q","K222Q",-0.363563429580548
"K",222,"R","K222R",-0.115431672900037
"K",222,"S","K222S",0.098930039656877
"K",222,"T","K222T",0.226281496671702
"K",222,"V","K222V",-0.106682493252149
"K",222,"W","K222W",0.135233551898387
"K",222,"Y","K222Y",-0.634792128878964
"T",223,"A","T223A",0.342400670027477
"T",223,"C","T223C",0.0319028877004904
"T",223,"D","T223D",0.181322598336534
"T",223,"E","T223E",-0.397135159372189
"T",223,"F","T223F",-0.0929476420288898
"T",223,"G","T223G",0.182815873166343
"T",223,"H","T223H",0.836018028756083
"T",223,"I","T223I",-0.21367653281933
"T",223,"K","T223K",-0.222781994480281
"T",223,"L","T223L",0.396343707605177
"T",223,"M","T223M",-0.0136235686915966
"T",223,"N","T223N",0.193452457222477
"T",223,"P","T223P",-0.209763249818648
"T",223,"Q","T223Q",0.968553552700751
"T",223,"R","T223R",-0.0482472962055574
"T",223,"S","T223S",-0.260114859125952
"T",223,"V","T223V",0.272772761902102
"T",223,"W","T223W",0.505806109683393
"T",223,"Y","T223Y",0.476918228120992
"H",224,"A","H224A",0.162805891937319
"H",224,"C","H224C",0.179263351159787
"H",224,"D","H224D",-0.186482418400934
"H",224,"E","H224E",-0.582338657087036
"H",224,"F","H224F",-0.164733039677203
"H",224,"G","H224G",0.113654725030648
"H",224,"I","H224I",0.134615490308718
"H",224,"K","H224K",0.356415981913362
"H",224,"L","H224L",0.331297495104856
"H",224,"M","H224M",-0.0658257019067638
"H",224,"N","H224N",0.0247955941766138
"H",224,"P","H224P",0.32050155822976
"H",224,"Q","H224Q",0.0412791490450864
"H",224,"R","H224R",0.755276907627961
"H",224,"S","H224S",1.10234222308699
"H",224,"T","H224T",0.695247445178132
"H",224,"V","H224V",0.0519240302863908
"H",224,"W","H224W",-0.123487929575338
"H",224,"Y","H224Y",0.0651557161727887
"T",225,"A","T225A",0.198558274422264
"T",225,"C","T225C",0.227954102976808
"T",225,"D","T225D",0.31210575565267
"T",225,"E","T225E",0.0666924807331947
"T",225,"F","T225F",0.0321437333495496
"T",225,"G","T225G",0.546509011691295
"T",225,"H","T225H",0.475171406340791
"T",225,"I","T225I",0.490612122017316
"T",225,"K","T225K",0.853604363661534
"T",225,"L","T225L",0.931866539742859
"T",225,"M","T225M",0.141961922903604
"T",225,"N","T225N",0.20152491643276
"T",225,"P","T225P",0.325982550710253
"T",225,"Q","T225Q",0.180520313855094
"T",225,"S","T225S",0.648680074142536
"T",225,"V","T225V",0.00248464903862506
"T",225,"W","T225W",0.281686951799332
"T",225,"Y","T225Y",0.0700444356195054
"C",226,"A","C226A",0.421830943289107
"C",226,"D","C226D",0.416196718848421
"C",226,"E","C226E",0.127883034958147
"C",226,"F","C226F",0.329994800780123
"C",226,"G","C226G",-0.663861880572811
"C",226,"H","C226H",-0.411373563859542
"C",226,"I","C226I",-0.155012169125148
"C",226,"K","C226K",-0.60847363979373
"C",226,"L","C226L",0.170884323219247
"C",226,"M","C226M",-0.0209301365508322
"C",226,"N","C226N",0.51873422959022
"C",226,"P","C226P",0.199766172988492
"C",226,"Q","C226Q",-0.282704285505352
"C",226,"R","C226R",-0.379493503431641
"C",226,"S","C226S",-0.322737872393464
"C",226,"T","C226T",-0.45021314578865
"C",226,"V","C226V",-0.109301470856453
"C",226,"W","C226W",0.620248558983371
"C",226,"Y","C226Y",0.154787437086323
"P",227,"A","P227A",0.473244892368417
"P",227,"C","P227C",-0.00914008186176249
"P",227,"D","P227D",0.765618079852027
"P",227,"E","P227E",0.527792271017064
"P",227,"F","P227F",0.348901499362853
"P",227,"G","P227G",-0.291346033431297
"P",227,"H","P227H",0.582812129817338
"P",227,"I","P227I",0.563176164390705
"P",227,"K","P227K",0.077770459304858
"P",227,"L","P227L",0.290959500675198
"P",227,"M","P227M",0.355576659993733
"P",227,"N","P227N",0.297762793424512
"P",227,"Q","P227Q",0.435604972314503
"P",227,"R","P227R",-0.28252146541983
"P",227,"S","P227S",0.29382979590927
"P",227,"T","P227T",-0.0799376710282055
"P",227,"V","P227V",0.489538721988568
"P",227,"W","P227W",0.875591036974946
"P",227,"Y","P227Y",0.315713474645955
"P",228,"A","P228A",-0.0200943243761228
"P",228,"C","P228C",0.552889098990416
"P",228,"D","P228D",-0.334666846291627
"P",228,"E","P228E",0.337794673637754
"P",228,"F","P228F",0.260102685413405
"P",228,"G","P228G",-0.119318783748595
"P",228,"H","P228H",-0.296036601513847
"P",228,"I","P228I",0.0601822305208257
"P",228,"K","P228K",0.604478950059842
"P",228,"L","P228L",0.0563364146305452
"P",228,"M","P228M",0.274806172538975
"P",228,"N","P228N",0.650624896738379
"P",228,"Q","P228Q",0.50559941790248
"P",228,"R","P228R",-0.268946548190015
"P",228,"S","P228S",0.0458510038249983
"P",228,"T","P228T",0.063050005020129
"P",228,"V","P228V",0.377459397302374
"P",228,"W","P228W",0.187043199542544
"P",228,"Y","P228Y",-0.0292086036995743
"C",229,"A","C229A",-1.3503328008269
"C",229,"D","C229D",-1.7100272799357
"C",229,"E","C229E",-1.85061702763659
"C",229,"F","C229F",-0.241389283925047
"C",229,"G","C229G",-1.41377862205924
"C",229,"H","C229H",-0.694986332376474
"C",229,"I","C229I",-0.953769333842528
"C",229,"K","C229K",-2.23353984950364
"C",229,"L","C229L",-0.168943186390131
"C",229,"M","C229M",-0.89649039082666
"C",229,"N","C229N",-0.92912743296955
"C",229,"P","C229P",-0.803225642343891
"C",229,"Q","C229Q",-0.345278159732803
"C",229,"R","C229R",-1.8951296753587
"C",229,"S","C229S",-1.74705098204716
"C",229,"T","C229T",-1.97241179622565
"C",229,"V","C229V",-0.600038202431235
"C",229,"W","C229W",0.29758141910687
"C",229,"Y","C229Y",-0.0477516424823451
"P",230,"A","P230A",0.265194707260081
"P",230,"C","P230C",0.276097999859645
"P",230,"D","P230D",0.97488805973721
"P",230,"E","P230E",0.552765498177176
"P",230,"F","P230F",0.84430996147135
"P",230,"G","P230G",0.282780566167908
"P",230,"H","P230H",0.0692496383834491
"P",230,"I","P230I",0.34844951662132
"P",230,"K","P230K",-0.508594647810675
"P",230,"L","P230L",0.248441496775916
"P",230,"M","P230M",1.26706134830388
"P",230,"N","P230N",0.82998163355817
"P",230,"Q","P230Q",0.352129762255412
"P",230,"R","P230R",-1.42227665724054
"P",230,"S","P230S",0.0559468478489163
"P",230,"T","P230T",0.59128627700863
"P",230,"V","P230V",0.515122798122459
"P",230,"W","P230W",0.275683319579831
"P",230,"Y","P230Y",0.829304575171087
"A",231,"C","A231C",-0.400526687520805
"A",231,"D","A231D",0.60677878929529
"A",231,"E","A231E",1.37177309462581
"A",231,"F","A231F",0.577896010490318
"A",231,"G","A231G",0.183938771891362
"A",231,"H","A231H",-0.490438042900529
"A",231,"I","A231I",0.753236105527542
"A",231,"K","A231K",-0.197582217308397
"A",231,"L","A231L",0.672907296906763
"A",231,"M","A231M",0.673887614865891
"A",231,"N","A231N",0.128963987312708
"A",231,"P","A231P",0.004211962295145
"A",231,"Q","A231Q",0.275597036444278
"A",231,"R","A231R",0.168720922564412
"A",231,"S","A231S",-0.224737036026385
"A",231,"T","A231T",0.172632860185463
"A",231,"V","A231V",0.784262662493315
"A",231,"W","A231W",1.80701437380574
"A",231,"Y","A231Y",0.271342225179928
"P",232,"A","P232A",-0.449509525201077
"P",232,"C","P232C",-0.518319191637207
"P",232,"D","P232D",0.677230488327239
"P",232,"E","P232E",-0.51944958886369
"P",232,"F","P232F",2.74544441306308
"P",232,"G","P232G",-1.35015036913813
"P",232,"H","P232H",-0.837482862032532
"P",232,"I","P232I",2.26824793268921
"P",232,"K","P232K",-0.968177546698111
"P",232,"L","P232L",2.76783026207531
"P",232,"M","P232M",1.70290805921712
"P",232,"N","P232N",-0.322354263176278
"P",232,"Q","P232Q",0.147914005116522
"P",232,"R","P232R",-1.98630737253229
"P",232,"S","P232S",-0.404975659394677
"P",232,"T","P232T",-0.487080545141853
"P",232,"V","P232V",1.28376988809317
"P",232,"W","P232W",2.57850757317415
"P",232,"Y","P232Y",1.21575320591179
"E",233,"A","E233A",-1.96130045799059
"E",233,"C","E233C",-2.31866170381943
"E",233,"D","E233D",0.315724554960183
"E",233,"F","E233F",-2.16902649418798
"E",233,"G","E233G",-2.01952652704873
"E",233,"H","E233H",-2.34398167322622
"E",233,"I","E233I",-2.69914367164577
"E",233,"K","E233K",-2.92429610440614
"E",233,"L","E233L",-2.34698395615828
"E",233,"M","E233M",-2.37069248897791
"E",233,"N","E233N",-1.89285463014303
"E",233,"P","E233P",-1.63596245138846
"E",233,"Q","E233Q",-2.83327264763693
"E",233,"R","E233R",-2.58209993979178
"E",233,"S","E233S",-1.13833359901463
"E",233,"T","E233T",-2.20087436395496
"E",233,"V","E233V",-2.32641776893029
"E",233,"W","E233W",-0.84863057213347
"E",233,"Y","E233Y",-1.42416965226349
"L",234,"A","L234A",-2.52660309828817
"L",234,"C","L234C",-1.92205355047193
"L",234,"D","L234D",-1.6670616723967
"L",234,"E","L234E",-1.56071829256461
"L",234,"F","L234F",-0.797539439946328
"L",234,"G","L234G",-3.18634180672942
"L",234,"H","L234H",-2.15128777393881
"L",234,"I","L234I",-0.808909266534595
"L",234,"K","L234K",-5.17511226022467
"L",234,"M","L234M",-1.44171580443323
"L",234,"N","L234N",-1.67593014099867
"L",234,"P","L234P",-2.04510509969873
"L",234,"Q","L234Q",-1.78877031958633
"L",234,"R","L234R",-2.5712143301128
"L",234,"S","L234S",-2.00560054997784
"L",234,"T","L234T",-2.16409589821278
"L",234,"W","L234W",-0.566418466397728
"L",234,"Y","L234Y",-1.46308172174533
"L",235,"A","L235A",-0.886334989389104
"L",235,"C","L235C",-2.17807129031918
"L",235,"D","L235D",-0.141104741418455
"L",235,"E","L235E",-0.815413175039179
"L",235,"F","L235F",0.657304498570822
"L",235,"G","L235G",-4.07510083515338
"L",235,"H","L235H",-0.743918796500618
"L",235,"I","L235I",-1.1345355522142
"L",235,"K","L235K",-3.95611775006003
"L",235,"M","L235M",-0.829269486677454
"L",235,"N","L235N",-1.69268603785995
"L",235,"P","L235P",-0.931585024761721
"L",235,"Q","L235Q",-2.55351661497081
"L",235,"R","L235R",-2.36448059347148
"L",235,"S","L235S",-2.5132621760626
"L",235,"T","L235T",-2.15786477799836
"L",235,"V","L235V",-1.86426755221799
"L",235,"W","L235W",-0.166409578204222
"L",235,"Y","L235Y",-0.00314624745133464
"G",236,"A","G236A",3.05779377565289
"G",236,"C","G236C",-2.85366166436804
"G",236,"D","G236D",0.359813604746901
"G",236,"E","G236E",2.16093097962465
"G",236,"F","G236F",-3.18208920319671
"G",236,"H","G236H",-2.85670063351951
"G",236,"I","G236I",-1.39774274119554
"G",236,"K","G236K",-2.49252014116504
"G",236,"L","G236L",-3.23350746637136
"G",236,"M","G236M",-2.20410165194581
"G",236,"N","G236N",-0.802095335865993
"G",236,"P","G236P",-3.0497401680312
"G",236,"Q","G236Q",-1.49988387872152
"G",236,"R","G236R",-3.22199977594175
"G",236,"S","G236S",2.52208693492801
"G",236,"T","G236T",-0.486641363623139
"G",236,"V","G236V",-1.81280315421209
"G",236,"W","G236W",-1.89937901878511
"G",236,"Y","G236Y",-3.13411830790932
"G",237,"A","G237A",-0.0579145474514206
"G",237,"C","G237C",-2.40312066994214
"G",237,"D","G237D",1.31791456097081
"G",237,"E","G237E",-2.63252562089742
"G",237,"F","G237F",0.793410063536127
"G",237,"H","G237H",-2.44670870920717
"G",237,"I","G237I",-0.573169275222241
"G",237,"K","G237K",-3.58349581969531
"G",237,"L","G237L",-0.408455761322891
"G",237,"M","G237M",-0.848277516770656
"G",237,"N","G237N",0.77990000892933
"G",237,"P","G237P",-2.23461926546221
"G",237,"Q","G237Q",-1.76870934948477
"G",237,"R","G237R",-2.82717557144784
"G",237,"S","G237S",-1.06964661640914
"G",237,"T","G237T",-2.46382999428497
"G",237,"V","G237V",-1.7718834335429
"G",237,"W","G237W",0.831061243383529
"G",237,"Y","G237Y",-0.0296851176393166
"P",238,"A","P238A",-1.67218979331016
"P",238,"C","P238C",-1.11148861736731
"P",238,"D","P238D",-1.22490984778963
"P",238,"E","P238E",-0.902356807092314
"P",238,"F","P238F",3.2930049394913
"P",238,"G","P238G",-1.40194665179562
"P",238,"H","P238H",-1.38618666045747
"P",238,"I","P238I",-1.04444683102093
"P",238,"K","P238K",-3.13519224325577
"P",238,"L","P238L",-0.235048418494723
"P",238,"M","P238M",0.0973896483824957
"P",238,"N","P238N",-0.700680298371668
"P",238,"Q","P238Q",-1.40174225297024
"P",238,"R","P238R",-0.701501373620117
"P",238,"S","P238S",-0.865952932350036
"P",238,"T","P238T",-2.61175754567929
"P",238,"V","P238V",0.27345018527735
"P",238,"W","P238W",-2.34989407147313
"P",238,"Y","P238Y",0.628619042428207
"S",239,"A","S239A",-0.143898672861392
"S",239,"C","S239C",0.106483210748483
"S",239,"D","S239D",0.57586358789172
"S",239,"E","S239E",1.18687404766809
"S",239,"F","S239F",-2.03302494090647
"S",239,"G","S239G",3.33950636348708
"S",239,"H","S239H",-1.77139398471145
"S",239,"I","S239I",-0.229770856029599
"S",239,"K","S239K",-1.75978185498691
"S",239,"L","S239L",0.608442829041363
"S",239,"M","S239M",-0.0611413940991793
"S",239,"N","S239N",0.0255702166244555
"S",239,"P","S239P",-1.16959483830913
"S",239,"Q","S239Q",-0.686768749832232
"S",239,"R","S239R",-1.76598525808151
"S",239,"T","S239T",0.222796382574053
"S",239,"V","S239V",-0.421197555815154
"S",239,"W","S239W",-1.35541860962981
"S",239,"Y","S239Y",-3.57267430600928
"V",240,"A","V240A",-0.581848629776036
"V",240,"C","V240C",-0.00394623391339384
"V",240,"D","V240D",-0.367862615759379
"V",240,"E","V240E",-0.41022114698257
"V",240,"F","V240F",-0.873020525810476
"V",240,"G","V240G",-1.23236323454798
"V",240,"H","V240H",-1.47385350753732
"V",240,"I","V240I",-0.596295344504251
"V",240,"K","V240K",-0.546101158189091
"V",240,"L","V240L",-0.338951683740054
"V",240,"M","V240M",-0.468265183646528
"V",240,"N","V240N",-2.57761716825403
"V",240,"P","V240P",-1.20164796460219
"V",240,"Q","V240Q",-0.64498722908172
"V",240,"R","V240R",-0.483953052967291
"V",240,"S","V240S",-0.479688500347492
"V",240,"T","V240T",-0.0944410990676782
"V",240,"W","V240W",-0.330028501897895
"V",240,"Y","V240Y",-0.802718450553224
"F",241,"A","F241A",-1.19708109981533
"F",241,"C","F241C",-2.34837074683083
"F",241,"D","F241D",-1.460555737865
"F",241,"E","F241E",-1.12227895341865
"F",241,"G","F241G",-2.3483657183885
"F",241,"H","F241H",-0.765811372426756
"F",241,"I","F241I",-0.271808088569921
"F",241,"K","F241K",-3.16219602574288
"F",241,"L","F241L",-0.727029437876889
"F",241,"M","F241M",-0.426961824949271
"F",241,"N","F241N",-0.812864911671763
"F",241,"P","F241P",-0.730714429734708
"F",241,"Q","F241Q",-1.22382917098517
"F",241,"R","F241R",-2.30821583212051
"F",241,"S","F241S",-1.98223711014295
"F",241,"T","F241T",-1.70319222344741
"F",241,"V","F241V",-2.06278641867924
"F",241,"W","F241W",0.112700921206527
"F",241,"Y","F241Y",0.582630288959724
"L",242,"F","L242F",-0.224442493053077
"F",243,"A","F243A",-0.49320277036622
"F",243,"C","F243C",-1.15751056310176
"F",243,"D","F243D",-0.743377267431731
"F",243,"E","F243E",-1.31056853729273
"F",243,"H","F243H",1.11831541170345
"F",243,"I","F243I",-0.0688285263498982
"F",243,"K","F243K",-2.07397385303311
"F",243,"L","F243L",-0.264907350446826
"F",243,"M","F243M",-0.26622637911849
"F",243,"N","F243N",-0.704562034705656
"F",243,"P","F243P",-0.369371808676003
"F",243,"Q","F243Q",-0.795539091009396
"F",243,"R","F243R",-2.50595344443716
"F",243,"S","F243S",-0.461999518780564
"F",243,"T","F243T",-0.542002572366503
"F",243,"V","F243V",0.128441737689794
"F",243,"W","F243W",0.068998104141584
"F",243,"Y","F243Y",0.396725781071216
"P",244,"A","P244A",-0.00496749027733908
"P",244,"C","P244C",0.472327590568177
"P",244,"D","P244D",0.27626841135266
"P",244,"E","P244E",0.218779183574038
"P",244,"F","P244F",0.424963473583774
"P",244,"G","P244G",-0.516826929713801
"P",244,"H","P244H",0.390918571964699
"P",244,"I","P244I",-0.162672766668655
"P",244,"K","P244K",-0.0528824719829131
"P",244,"L","P244L",0.0696605070881687
"P",244,"M","P244M",0.935580200730265
"P",244,"N","P244N",0.258066751434994
"P",244,"Q","P244Q",0.393839993641257
"P",244,"R","P244R",-0.341992294057955
"P",244,"S","P244S",-0.0783743739582142
"P",244,"T","P244T",0.0826505286180255
"P",244,"V","P244V",0.0647907236337197
"P",244,"W","P244W",0.256620851206228
"P",244,"Y","P244Y",-0.039544040601041
"P",245,"A","P245A",0.376822957325879
"P",245,"C","P245C",0.44975023940312
"P",245,"D","P245D",-0.380879782168559
"P",245,"E","P245E",-0.543889130086033
"P",245,"F","P245F",-0.435796325154835
"P",245,"G","P245G",-0.490378385650829
"P",245,"H","P245H",-0.348084430080636
"P",245,"I","P245I",-0.460987103710614
"P",245,"K","P245K",-0.884381709147424
"P",245,"L","P245L",-1.05920340223124
"P",245,"M","P245M",0.00623851704478212
"P",245,"N","P245N",-0.38560277743981
"P",245,"Q","P245Q",-0.818167783785776
"P",245,"R","P245R",0.446203135370805
"P",245,"S","P245S",0.330941533174718
"P",245,"T","P245T",-0.302407321960074
"P",245,"V","P245V",0.461849191746547
"P",245,"W","P245W",-0.507949432407095
"P",245,"Y","P245Y",-0.231033724312778
"K",246,"A","K246A",0.739170538170557
"K",246,"C","K246C",0.243718206743387
"K",246,"D","K246D",-0.151646902732648
"K",246,"E","K246E",0.137506845659911
"K",246,"F","K246F",-0.0172698387613142
"K",246,"G","K246G",0.640456745913059
"K",246,"H","K246H",0.295796194756684
"K",246,"I","K246I",0.350681025709078
"K",246,"L","K246L",0.22172547527052
"K",246,"M","K246M",-0.28670552835638
"K",246,"N","K246N",-0.0665955808858162
"K",246,"P","K246P",0.881535956996088
"K",246,"Q","K246Q",-0.00538638147757707
"K",246,"R","K246R",0.736308883023626
"K",246,"S","K246S",-0.250113462767835
"K",246,"T","K246T",0.231716263525818
"K",246,"V","K246V",0.301571576652012
"K",246,"W","K246W",0.115453303711509
"K",246,"Y","K246Y",0.0216130593348382
"P",247,"A","P247A",0.392346120824806
"P",247,"C","P247C",1.79777076622795
"P",247,"D","P247D",0.974335569821968
"P",247,"E","P247E",0.764487712203638
"P",247,"F","P247F",2.25540222657523
"P",247,"G","P247G",-0.219313660841209
"P",247,"H","P247H",2.28540940320328
"P",247,"I","P247I",2.35678590134357
"P",247,"K","P247K",-0.422637408331877
"P",247,"L","P247L",3.74264398973662
"P",247,"M","P247M",2.6292195777671
"P",247,"N","P247N",1.82919460207203
"P",247,"Q","P247Q",0.484918323776236
"P",247,"R","P247R",0.00415257066137542
"P",247,"S","P247S",0.469228593809815
"P",247,"T","P247T",1.96748981267246
"P",247,"V","P247V",1.59810513954748
"P",247,"W","P247W",0.236345537428597
"P",247,"Y","P247Y",3.4778927843044
"K",248,"A","K248A",0.076769600133977
"K",248,"C","K248C",0.418870871255781
"K",248,"D","K248D",-0.216589406904438
"K",248,"E","K248E",-0.303024136427122
"K",248,"F","K248F",0.129551344441694
"K",248,"G","K248G",0.159354223903686
"K",248,"H","K248H",-0.304741745804383
"K",248,"I","K248I",0.134593095050084
"K",248,"L","K248L",-0.0573166340217315
"K",248,"M","K248M",0.489492797435174
"K",248,"N","K248N",-0.250654516568416
"K",248,"P","K248P",0.130878319203029
"K",248,"Q","K248Q",0.0783165897750819
"K",248,"R","K248R",-0.175820261071837
"K",248,"S","K248S",-0.222983172983432
"K",248,"T","K248T",-0.0660419201184601
"K",248,"V","K248V",0.533476400870307
"K",248,"W","K248W",-0.0746193741191478
"K",248,"Y","K248Y",-0.147617688466684
"D",249,"A","D249A",-0.15369955883813
"D",249,"C","D249C",0.703852075173749
"D",249,"E","D249E",0.68023554199533
"D",249,"F","D249F",0.104624736929964
"D",249,"G","D249G",-0.339064135222645
"D",249,"H","D249H",0.0170477133373254
"D",249,"I","D249I",0.169473890116903
"D",249,"K","D249K",-0.479445839520416
"D",249,"L","D249L",0.231183761803619
"D",249,"M","D249M",0.0239046805489524
"D",249,"N","D249N",0.858072523456019
"D",249,"P","D249P",-0.0452210238901133
"D",249,"Q","D249Q",0.306449499961988
"D",249,"R","D249R",0.102363955250151
"D",249,"S","D249S",0.339313316076329
"D",249,"T","D249T",-0.18994720096485
"D",249,"V","D249V",0.142291594281264
"D",249,"W","D249W",0.159215600092671
"D",249,"Y","D249Y",0.452841936988457
"T",250,"A","T250A",0.963294039372737
"T",250,"C","T250C",0.558668982058993
"T",250,"D","T250D",-0.566178511933207
"T",250,"E","T250E",-0.292842083389951
"T",250,"F","T250F",1.94948135986896
"T",250,"G","T250G",0.318608179082877
"T",250,"H","T250H",3.11111894899835
"T",250,"I","T250I",0.0232108584425481
"T",250,"K","T250K",0.151820145727164
"T",250,"L","T250L",0.432791445703886
"T",250,"M","T250M",1.05299231054517
"T",250,"N","T250N",0.555891391624381
"T",250,"P","T250P",0.480661723139505
"T",250,"Q","T250Q",-0.26131070243562
"T",250,"R","T250R",1.31656836293232
"T",250,"S","T250S",0.270758243711389
"T",250,"V","T250V",0.497276426097345
"T",250,"W","T250W",1.39409703262523
"T",250,"Y","T250Y",2.60098957253168
"L",251,"A","L251A",1.42607459460775
"L",251,"C","L251C",0.0147764756311973
"L",251,"D","L251D",-2.09912157229613
"L",251,"E","L251E",-2.93453812683459
"L",251,"F","L251F",1.19021582715071
"L",251,"G","L251G",-0.82200825111953
"L",251,"H","L251H",-0.014406178830278
"L",251,"I","L251I",-0.169941634849344
"L",251,"K","L251K",-2.33147897390951
"L",251,"M","L251M",1.68123009235599
"L",251,"N","L251N",0.320489936514286
"L",251,"P","L251P",-1.8821304624694
"L",251,"Q","L251Q",-0.872130019427734
"L",251,"R","L251R",-3.21688768550794
"L",251,"S","L251S",1.26747132151432
"L",251,"T","L251T",0.569449831602828
"L",251,"V","L251V",0.515402902131481
"L",251,"W","L251W",1.28870936235996
"L",251,"Y","L251Y",2.40953362976222
"M",252,"A","M252A",0.312042027343971
"M",252,"C","M252C",0.866433885619918
"M",252,"D","M252D",0.561242587824289
"M",252,"E","M252E",0.155709477345636
"M",252,"F","M252F",-0.458301060198195
"M",252,"G","M252G",0.407954937193224
"M",252,"H","M252H",-0.0647366017203077
"M",252,"I","M252I",0.214630141434412
"M",252,"K","M252K",0.548469002370291
"M",252,"L","M252L",-0.413556487663989
"M",252,"N","M252N",0.155614744764644
"M",252,"P","M252P",-1.04997020190962
"M",252,"Q","M252Q",-0.800769723970814
"M",252,"R","M252R",0.0794912241442012
"M",252,"S","M252S",0.0501221088097721
"M",252,"T","M252T",-0.00387899285611181
"M",252,"V","M252V",0.108496403363303
"M",252,"W","M252W",-0.0444105475182488
"M",252,"Y","M252Y",-0.568578781213318
"I",253,"A","I253A",0.469437328196104
"I",253,"C","I253C",0.62466398866211
"I",253,"D","I253D",0.212765860698573
"I",253,"E","I253E",-0.0017853896789208
"I",253,"F","I253F",0.789947446617463
"I",253,"G","I253G",-0.359972433140568
"I",253,"H","I253H",0.118195733419921
"I",253,"K","I253K",0.0694370406602905
"I",253,"L","I253L",0.773231274682684
"I",253,"M","I253M",-0.170391205985951
"I",253,"N","I253N",0.516924998884733
"I",253,"P","I253P",0.157393624920883
"I",253,"Q","I253Q",0.667293006788776
"I",253,"R","I253R",-0.102479928050864
"I",253,"S","I253S",0.317500853795569
"I",253,"T","I253T",0.0157807328456928
"I",253,"V","I253V",0.191468719200152
"I",253,"W","I253W",0.2429112529337
"I",253,"Y","I253Y",-0.0597801292992919
"S",254,"A","S254A",0.730468966942271
"S",254,"C","S254C",-0.09832714550508
"S",254,"D","S254D",0.116258834649931
"S",254,"E","S254E",0.178767843234144
"S",254,"F","S254F",0.283901112317514
"S",254,"G","S254G",-0.165103457883512
"S",254,"H","S254H",0.711956948454254
"S",254,"I","S254I",0.380918423836548
"S",254,"K","S254K",0.748052006994725
"S",254,"L","S254L",0.182386978897833
"S",254,"M","S254M",0.477657731186774
"S",254,"N","S254N",-0.651492954642153
"S",254,"P","S254P",0.59051801737771
"S",254,"Q","S254Q",0.873879091171668
"S",254,"R","S254R",0.362733227082324
"S",254,"T","S254T",0.148548028969087
"S",254,"V","S254V",0.351537193074119
"S",254,"W","S254W",-0.0593528607980081
"S",254,"Y","S254Y",-0.215392143781396
"R",255,"A","R255A",0.322511188922509
"R",255,"C","R255C",0.230885425420311
"R",255,"D","R255D",0.627664374914365
"R",255,"E","R255E",1.01756415718185
"R",255,"F","R255F",0.317950112484015
"R",255,"G","R255G",0.289317502386845
"R",255,"H","R255H",0.262748037782026
"R",255,"I","R255I",0.390389780291107
"R",255,"K","R255K",0.200290853309338
"R",255,"L","R255L",0.373003579275285
"R",255,"M","R255M",0.292479907718561
"R",255,"N","R255N",0.436974714245519
"R",255,"P","R255P",0.18255088335717
"R",255,"Q","R255Q",0.840774712157613
"R",255,"S","R255S",0.203435581171802
"R",255,"T","R255T",0.150720561689401
"R",255,"V","R255V",0.406738627533248
"R",255,"W","R255W",0.684925733307073
"R",255,"Y","R255Y",0.277773117235743
"T",256,"A","T256A",0.694253205175744
"T",256,"C","T256C",0.464149612499135
"T",256,"D","T256D",0.663372455333237
"T",256,"E","T256E",0.406241319695489
"T",256,"F","T256F",0.188330907229817
"T",256,"G","T256G",0.0306277111172589
"T",256,"H","T256H",0.204515783973925
"T",256,"I","T256I",0.396952681177086
"T",256,"K","T256K",0.113650624348716
"T",256,"L","T256L",0.184110140819879
"T",256,"M","T256M",0.378158618838365
"T",256,"N","T256N",-0.0509469554055532
"T",256,"P","T256P",1.07228531408099
"T",256,"Q","T256Q",0.172643487094825
"T",256,"R","T256R",-0.418074387480901
"T",256,"S","T256S",0.414475220463357
"T",256,"V","T256V",0.361582878480926
"T",256,"W","T256W",0.0265339636832795
"T",256,"Y","T256Y",0.0684498401839662
"P",257,"A","P257A",-0.117073190234339
"P",257,"C","P257C",-0.310106048259393
"P",257,"D","P257D",-2.14989636213359
"P",257,"E","P257E",-2.53879935559518
"P",257,"F","P257F",-1.75592169960975
"P",257,"G","P257G",-0.503195396797837
"P",257,"H","P257H",-1.13346109584318
"P",257,"I","P257I",-0.117827676709741
"P",257,"K","P257K",-0.872721346083737
"P",257,"L","P257L",-1.14264979822355
"P",257,"M","P257M",-1.11523858975752
"P",257,"N","P257N",-0.509592319002907
"P",257,"Q","P257Q",-1.12454573680728
"P",257,"R","P257R",-1.80213306216644
"P",257,"S","P257S",-1.09957020525546
"P",257,"T","P257T",-1.30097905782011
"P",257,"V","P257V",-1.96677052625695
"P",257,"W","P257W",-2.94504546543107
"P",257,"Y","P257Y",-1.48607202013924
"E",258,"A","E258A",0.302536908785715
"E",258,"C","E258C",-0.218063202652719
"E",258,"D","E258D",0.112050656873755
"E",258,"F","E258F",0.794552700273292
"E",258,"G","E258G",0.211015339077554
"E",258,"H","E258H",-0.318400905995973
"E",258,"I","E258I",0.503907317197327
"E",258,"K","E258K",0.798595640121994
"E",258,"L","E258L",1.00417508135346
"E",258,"M","E258M",0.103484507153789
"E",258,"N","E258N",0.665111013684716
"E",258,"P","E258P",0.723842960696756
"E",258,"Q","E258Q",0.105065998180777
"E",258,"R","E258R",1.30550577884972
"E",258,"S","E258S",0.299254350034359
"E",258,"T","E258T",0.459041284282453
"E",258,"V","E258V",-0.131204563229697
"E",258,"W","E258W",0.746731361307135
"E",258,"Y","E258Y",0.566032792341633
"V",259,"A","V259A",-0.0626214835432689
"V",259,"C","V259C",0.028252041816788
"V",259,"D","V259D",-0.389469528108785
"V",259,"E","V259E",-0.232091449436504
"V",259,"F","V259F",-0.931317562072007
"V",259,"G","V259G",-0.0636679597847015
"V",259,"H","V259H",-0.192962268587492
"V",259,"I","V259I",0.075918205088909
"V",259,"K","V259K",-0.508149040889098
"V",259,"L","V259L",-0.163949113691977
"V",259,"M","V259M",0.282792153254587
"V",259,"N","V259N",0.284757867377082
"V",259,"P","V259P",-0.28041820074369
"V",259,"Q","V259Q",0.0351750832978936
"V",259,"R","V259R",-0.223367093024984
"V",259,"S","V259S",0.320182314145776
"V",259,"T","V259T",0.0147265238820806
"V",259,"W","V259W",-0.649825713052166
"V",259,"Y","V259Y",-0.348360766473484
"T",260,"A","T260A",-0.057953761720304
"T",260,"C","T260C",0.32584477048961
"T",260,"D","T260D",-0.353545340980736
"T",260,"E","T260E",-0.15773947020286
"T",260,"F","T260F",0.0653441742799127
"T",260,"G","T260G",-0.187596595930102
"T",260,"H","T260H",-0.564928944846338
"T",260,"I","T260I",0.0412720378379216
"T",260,"K","T260K",0.232703484439474
"T",260,"L","T260L",0.184753196124792
"T",260,"M","T260M",-0.206807607769119
"T",260,"N","T260N",-0.455346826132108
"T",260,"P","T260P",-0.236498982770432
"T",260,"Q","T260Q",-0.151061941221103
"T",260,"R","T260R",0.292666070555357
"T",260,"S","T260S",-0.167876011397785
"T",260,"V","T260V",0.228042821087729
"T",260,"W","T260W",-0.00566849728018631
"T",260,"Y","T260Y",-0.136631651835979
"C",261,"A","C261A",-0.0314188295745809
"C",261,"D","C261D",-0.270614082888994
"C",261,"E","C261E",-0.391596246277402
"C",261,"F","C261F",-0.0118875927388589
"C",261,"G","C261G",0.139009833221872
"C",261,"H","C261H",-0.551263375886173
"C",261,"I","C261I",-0.562544900829538
"C",261,"K","C261K",-0.491432389173906
"C",261,"L","C261L",-0.309514948880132
"C",261,"M","C261M",-0.370626865519998
"C",261,"N","C261N",-0.564075074907916
"C",261,"P","C261P",-0.209039395693625
"C",261,"Q","C261Q",-0.784364257520236
"C",261,"R","C261R",-0.704341357968865
"C",261,"S","C261S",0.45894815627773
"C",261,"T","C261T",-0.732472525040375
"C",261,"V","C261V",-0.216146489513226
"C",261,"W","C261W",-0.68505354777595
"C",261,"Y","C261Y",-0.591011170237652
"V",262,"A","V262A",0.4966464304205
"V",262,"C","V262C",-0.332021922063392
"V",262,"D","V262D",-1.52783781098232
"V",262,"E","V262E",-2.80465812607355
"V",262,"F","V262F",-0.341264428140454
"V",262,"G","V262G",-1.7472539613218
"V",262,"H","V262H",0.00450035305437961
"V",262,"I","V262I",-0.163378352593716
"V",262,"K","V262K",-1.02274417597547
"V",262,"L","V262L",-1.40404310272997
"V",262,"M","V262M",-0.95153263449816
"V",262,"N","V262N",-0.036185788172178
"V",262,"P","V262P",-0.322092099997343
"V",262,"Q","V262Q",-0.273889948976314
"V",262,"R","V262R",-0.643017222270608
"V",262,"S","V262S",-0.290749243922889
"V",262,"T","V262T",-0.0128169277598053
"V",262,"W","V262W",0.491109506478618
"V",262,"Y","V262Y",-0.13612556163417
"V",263,"A","V263A",-0.482141993004229
"V",263,"C","V263C",-0.020536793707197
"V",263,"D","V263D",-0.390564055218004
"V",263,"E","V263E",-2.47821310368987
"V",263,"F","V263F",-2.50671056449064
"V",263,"G","V263G",-0.475979546342847
"V",263,"H","V263H",-0.735802361403912
"V",263,"I","V263I",-0.750972046138572
"V",263,"K","V263K",-3.5631870051294
"V",263,"L","V263L",-0.108101564829689
"V",263,"M","V263M",0.113576213403279
"V",263,"N","V263N",-1.43252879091308
"V",263,"P","V263P",-0.395934639655839
"V",263,"Q","V263Q",-1.75551310524166
"V",263,"R","V263R",-2.08087324844965
"V",263,"S","V263S",-0.63657738633055
"V",263,"T","V263T",-0.379561007220854
"V",263,"W","V263W",-2.47663176853679
"V",263,"Y","V263Y",-3.04600706256193
"V",264,"A","V264A",-0.0399112776601613
"V",264,"C","V264C",-1.72432371123972
"V",264,"D","V264D",-2.76047868738327
"V",264,"E","V264E",-2.10501120853229
"V",264,"F","V264F",-1.47566808744975
"V",264,"G","V264G",2.11244975031614
"V",264,"H","V264H",-0.69818007919221
"V",264,"I","V264I",-0.258170351239678
"V",264,"K","V264K",-3.48418813293978
"V",264,"L","V264L",0.546005802695455
"V",264,"M","V264M",-0.181044088961716
"V",264,"N","V264N",1.72938632494503
"V",264,"P","V264P",-2.97444525532775
"V",264,"Q","V264Q",-0.431110448515961
"V",264,"R","V264R",-1.66013245637194
"V",264,"S","V264S",0.436391638623158
"V",264,"T","V264T",-0.228844574125626
"V",264,"W","V264W",-1.06861015557395
"V",264,"Y","V264Y",-0.649140539008005
"D",265,"A","D265A",-2.34957867990141
"D",265,"C","D265C",-2.88919102943206
"D",265,"E","D265E",-1.98469548181442
"D",265,"F","D265F",-3.20157947224201
"D",265,"G","D265G",-2.61320721334229
"D",265,"H","D265H",-2.51233498291125
"D",265,"I","D265I",-1.88379529805259
"D",265,"K","D265K",-2.4179525023603
"D",265,"L","D265L",-3.41565269312845
"D",265,"M","D265M",-3.53182005392537
"D",265,"N","D265N",-1.39048495625194
"D",265,"P","D265P",-3.32351814677703
"D",265,"Q","D265Q",-2.83948637240279
"D",265,"R","D265R",-1.96500030756864
"D",265,"S","D265S",-2.38978468756925
"D",265,"T","D265T",-3.38672297364956
"D",265,"V","D265V",-3.6747392088724
"D",265,"W","D265W",-2.58651793913497
"D",265,"Y","D265Y",-2.63330585948271
"V",266,"A","V266A",-0.721473704900725
"V",266,"C","V266C",-1.5099945028659
"V",266,"D","V266D",-2.45603078404239
"V",266,"E","V266E",-3.29658264622916
"V",266,"F","V266F",0.346325975481445
"V",266,"G","V266G",-1.81892939997914
"V",266,"H","V266H",-2.72960459466984
"V",266,"I","V266I",0.776049142503276
"V",266,"K","V266K",-2.69306126531714
"V",266,"L","V266L",2.70341328565488
"V",266,"M","V266M",2.60156127689543
"V",266,"N","V266N",-0.710092609231381
"V",266,"P","V266P",-3.16999861485428
"V",266,"Q","V266Q",-1.80426035023168
"V",266,"R","V266R",-2.30124547219757
"V",266,"S","V266S",-2.69252271086594
"V",266,"T","V266T",-0.575602775595825
"V",266,"W","V266W",-1.47624583253145
"V",266,"Y","V266Y",-3.43564193904624
"S",267,"A","S267A",3.2104385605267
"S",267,"C","S267C",0.063622794037091
"S",267,"D","S267D",2.71121464351796
"S",267,"E","S267E",1.97088947622145
"S",267,"F","S267F",-2.45293099395924
"S",267,"G","S267G",0.505865221011248
"S",267,"H","S267H",-2.76189624867481
"S",267,"I","S267I",1.29094194706162
"S",267,"K","S267K",-3.75716196240983
"S",267,"L","S267L",-0.570760227758777
"S",267,"M","S267M",0.410589926211506
"S",267,"N","S267N",-1.55333846091633
"S",267,"P","S267P",-2.91093147546558
"S",267,"Q","S267Q",1.20464121633035
"S",267,"R","S267R",-3.02736654146987
"S",267,"T","S267T",-0.621106755241254
"S",267,"V","S267V",1.07015805878294
"S",267,"W","S267W",-2.67309171693222
"S",267,"Y","S267Y",-2.85821451799734
"H",268,"A","H268A",3.057458275453
"H",268,"C","H268C",0.0606774294413636
"H",268,"D","H268D",3.29619389008757
"H",268,"E","H268E",3.69653371769407
"H",268,"F","H268F",-0.11912367175959
"H",268,"G","H268G",1.57703424594988
"H",268,"I","H268I",-0.592831517551692
"H",268,"K","H268K",-0.0737845190672876
"H",268,"L","H268L",-1.07607043906717
"H",268,"M","H268M",-1.16141015077306
"H",268,"N","H268N",3.07103669723644
"H",268,"P","H268P",-0.111658785972737
"H",268,"Q","H268Q",1.61616733243224
"H",268,"R","H268R",0.42080210304057
"H",268,"S","H268S",1.94471485160969
"H",268,"T","H268T",-0.478091401813866
"H",268,"V","H268V",0.302875759278264
"H",268,"W","H268W",0.395878246679569
"H",268,"Y","H268Y",0.249578420573394
"E",269,"A","E269A",-1.23067002454602
"E",269,"C","E269C",-1.5750749405736
"E",269,"D","E269D",-0.0732298264144791
"E",269,"F","E269F",-1.51496285982719
"E",269,"G","E269G",-1.40467604801107
"E",269,"H","E269H",-1.75659765769161
"E",269,"I","E269I",-1.95974861621497
"E",269,"K","E269K",-2.01208365742046
"E",269,"L","E269L",-2.32787717733126
"E",269,"M","E269M",-2.45515950454423
"E",269,"N","E269N",-3.18074392653181
"E",269,"P","E269P",-1.97161530623278
"E",269,"Q","E269Q",-1.64309855042314
"E",269,"R","E269R",-2.65317256164051
"E",269,"S","E269S",-2.16464080905704
"E",269,"T","E269T",-0.559684822085347
"E",269,"V","E269V",-3.05284272902347
"E",269,"W","E269W",-1.71260093838178
"E",269,"Y","E269Y",-2.20881928377935
"D",270,"A","D270A",-2.38210356244224
"D",270,"C","D270C",-1.73624522375588
"D",270,"E","D270E",-1.03317095916712
"D",270,"F","D270F",-2.8421595363087
"D",270,"G","D270G",-2.98280736251371
"D",270,"H","D270H",-2.09400016774111
"D",270,"I","D270I",-2.43358743916623
"D",270,"K","D270K",-2.90707245750133
"D",270,"L","D270L",-2.50495259335706
"D",270,"M","D270M",-2.1087847252095
"D",270,"N","D270N",-2.9902412599165
"D",270,"P","D270P",-1.98456898282261
"D",270,"Q","D270Q",-3.38972018791957
"D",270,"R","D270R",-2.82111314391693
"D",270,"S","D270S",-2.55712366801616
"D",270,"T","D270T",-1.96427321444769
"D",270,"V","D270V",-2.5864280965194
"D",270,"W","D270W",-2.23746372148109
"D",270,"Y","D270Y",-1.65521408234189
"P",271,"A","P271A",-0.196967508230664
"P",271,"C","P271C",0.13111896088088
"P",271,"D","P271D",-0.365528578381599
"P",271,"E","P271E",-0.503439701124868
"P",271,"F","P271F",-1.21789513206693
"P",271,"G","P271G",3.29518403831735
"P",271,"H","P271H",-0.228130818332486
"P",271,"I","P271I",-0.347778416455149
"P",271,"K","P271K",0.153289663289268
"P",271,"L","P271L",0.342416325006092
"P",271,"M","P271M",-0.466147310201511
"P",271,"N","P271N",-0.298861812592659
"P",271,"Q","P271Q",-0.304891399512975
"P",271,"R","P271R",-0.350762432247849
"P",271,"S","P271S",-0.0409956270402969
"P",271,"T","P271T",-0.600462463539655
"P",271,"V","P271V",-0.709698673678181
"P",271,"W","P271W",-1.09061545267681
"P",271,"Y","P271Y",-1.69635537590616
"E",272,"A","E272A",0.614524058536771
"E",272,"C","E272C",0.00467441315611359
"E",272,"D","E272D",-0.372715776904202
"E",272,"F","E272F",-0.970235773866676
"E",272,"G","E272G",-0.0984279368790619
"E",272,"I","E272I",-0.188738905338314
"E",272,"K","E272K",0.661961513331741
"E",272,"L","E272L",0.0385816742620704
"E",272,"M","E272M",0.436246261303889
"E",272,"N","E272N",-0.982574291077503
"E",272,"P","E272P",3.03546875372279
"E",272,"Q","E272Q",0.414931862039599
"E",272,"R","E272R",-0.161854184867734
"E",272,"S","E272S",-0.393803189911299
"E",272,"T","E272T",0.490533921106306
"E",272,"V","E272V",-0.394128467960167
"E",272,"W","E272W",-1.49482666287265
"E",272,"Y","E272Y",-0.963394922914434
"V",273,"A","V273A",0.952030403930677
"V",273,"C","V273C",1.98157742396713
"V",273,"D","V273D",-0.764726643733676
"V",273,"E","V273E",1.23119982311212
"V",273,"F","V273F",3.02893600898198
"V",273,"G","V273G",2.53694697726702
"V",273,"H","V273H",0.16068646490242
"V",273,"I","V273I",1.4917996498001
"V",273,"K","V273K",-2.23418633857669
"V",273,"L","V273L",2.7869579306037
"V",273,"M","V273M",3.58522327187569
"V",273,"N","V273N",1.34124537937637
"V",273,"P","V273P",-0.510617851162251
"V",273,"Q","V273Q",1.08515304214985
"V",273,"R","V273R",-1.74288144810743
"V",273,"S","V273S",2.72274475019998
"V",273,"T","V273T",2.84785115755551
"V",273,"W","V273W",-0.302668026168226
"V",273,"Y","V273Y",2.10271847130427
"K",274,"A","K274A",-0.218821210529534
"K",274,"C","K274C",0.896383812964906
"K",274,"D","K274D",-0.312049125678765
"K",274,"E","K274E",-0.25225212672783
"K",274,"F","K274F",0.242978848604984
"K",274,"G","K274G",-0.111079299148437
"K",274,"H","K274H",0.626211994928471
"K",274,"I","K274I",0.337215438505547
"K",274,"L","K274L",0.30842188917625
"K",274,"M","K274M",0.258303917369038
"K",274,"N","K274N",0.00598888336127716
"K",274,"P","K274P",-0.402975420373436
"K",274,"Q","K274Q",-0.0902932147040241
"K",274,"R","K274R",-0.117538970304776
"K",274,"S","K274S",0.169426786485179
"K",274,"T","K274T",0.142871194083709
"K",274,"V","K274V",0.00950495524176672
"K",274,"W","K274W",-0.448062573955802
"K",274,"Y","K274Y",0.746797954570925
"F",275,"A","F275A",0.278866154779035
"F",275,"C","F275C",1.15168922521497
"F",275,"D","F275D",-0.678149189880033
"F",275,"E","F275E",-0.265399840576316
"F",275,"G","F275G",-0.283740431013109
"F",275,"H","F275H",-0.139570107802052
"F",275,"I","F275I",0.4792677384718
"F",275,"K","F275K",-0.465468597273508
"F",275,"L","F275L",0.276580097343631
"F",275,"M","F275M",1.48266853780007
"F",275,"N","F275N",-0.501973953047501
"F",275,"P","F275P",0.715157335053669
"F",275,"Q","F275Q",-0.290084278789915
"F",275,"R","F275R",-0.300055557882521
"F",275,"S","F275S",-0.386278775605065
"F",275,"T","F275T",0.245797036026021
"F",275,"V","F275V",1.83271661389826
"F",275,"W","F275W",-0.168262233908436
"F",275,"Y","F275Y",-0.046066894100295
"N",276,"A","N276A",0.507873111835258
"N",276,"C","N276C",-0.0935039195338071
"N",276,"D","N276D",-0.0225241139180885
"N",276,"E","N276E",-0.0239964672117068
"N",276,"F","N276F",-0.441114178702898
"N",276,"G","N276G",0.456608978394526
"N",276,"H","N276H",-0.114186838611896
"N",276,"I","N276I",-0.188443915630049
"N",276,"K","N276K",0.0853394071526117
"N",276,"L","N276L",-0.0769709243156999
"N",276,"M","N276M",-0.280998115445079
"N",276,"P","N276P",-0.868419270565139
"N",276,"Q","N276Q",-0.0384624304692782
"N",276,"R","N276R",-0.371445328173633
"N",276,"S","N276S",0.626092704898706
"N",276,"T","N276T",0.0107932960846504
"N",276,"V","N276V",-0.0661151705240966
"N",276,"W","N276W",-0.719332101844175
"N",276,"Y","N276Y",0.184607889910035
"W",277,"A","W277A",-0.645380549014511
"W",277,"C","W277C",-0.788165537862106
"W",277,"D","W277D",-0.457464692662644
"W",277,"E","W277E",-0.571405166308624
"W",277,"F","W277F",0.112186586481577
"W",277,"G","W277G",-0.525255662303914
"W",277,"H","W277H",-0.0379008853680172
"W",277,"I","W277I",-0.587805642087724
"W",277,"K","W277K",0.0614027649438412
"W",277,"L","W277L",-0.0228578585059953
"W",277,"M","W277M",-0.135842762186206
"W",277,"N","W277N",-0.480582342134546
"W",277,"P","W277P",-0.585932556342651
"W",277,"Q","W277Q",-0.460968358355369
"W",277,"R","W277R",-0.362803047241719
"W",277,"S","W277S",-0.155569078673513
"W",277,"T","W277T",-0.346590112205566
"W",277,"V","W277V",-1.15613380177712
"W",277,"Y","W277Y",-0.0621694633499712
"Y",278,"A","Y278A",0.0100829472469447
"Y",278,"C","Y278C",0.23989573554642
"Y",278,"D","Y278D",0.717323151898959
"Y",278,"E","Y278E",-0.0808238649040841
"Y",278,"F","Y278F",0.339739698442078
"Y",278,"G","Y278G",0.403096476537556
"Y",278,"H","Y278H",-0.0291100760795341
"Y",278,"I","Y278I",0.527020951133645
"Y",278,"K","Y278K",-0.44024324210256
"Y",278,"L","Y278L",-0.185034009569373
"Y",278,"M","Y278M",-0.0159343492879819
"Y",278,"N","Y278N",-0.256012753740299
"Y",278,"P","Y278P",0.168558007953335
"Y",278,"Q","Y278Q",0.0963784736638793
"Y",278,"R","Y278R",-0.507916763010011
"Y",278,"S","Y278S",-0.116457925735719
"Y",278,"T","Y278T",-0.122876601003637
"Y",278,"V","Y278V",-0.153623566227441
"Y",278,"W","Y278W",-0.366068827006967
"V",279,"A","V279A",0.598247996527727
"V",279,"C","V279C",0.385452963649597
"V",279,"D","V279D",0.622758505894462
"V",279,"E","V279E",-0.529546836340378
"V",279,"F","V279F",-0.194901888558752
"V",279,"G","V279G",0.78812287413753
"V",279,"H","V279H",0.291747749413722
"V",279,"I","V279I",0.0540920309998371
"V",279,"K","V279K",0.315347114854065
"V",279,"L","V279L",0.391826718485704
"V",279,"M","V279M",0.273121469343299
"V",279,"N","V279N",-0.25874543825476
"V",279,"P","V279P",-0.940554670875867
"V",279,"Q","V279Q",0.244706724070783
"V",279,"R","V279R",0.137619674051896
"V",279,"S","V279S",0.387047927778664
"V",279,"T","V279T",0.422124361384937
"V",279,"W","V279W",-0.306343094757145
"V",279,"Y","V279Y",1.30131107318097
"D",280,"A","D280A",0.416304122578632
"D",280,"C","D280C",0.363386431141573
"D",280,"E","D280E",0.329924130268668
"D",280,"F","D280F",0.0139852980590438
"D",280,"G","D280G",0.341885155411294
"D",280,"H","D280H",1.39182215777833
"D",280,"I","D280I",0.0319411429099724
"D",280,"K","D280K",0.281208391420641
"D",280,"L","D280L",0.357140316411725
"D",280,"M","D280M",0.0290061166156425
"D",280,"N","D280N",0.205679695641904
"D",280,"P","D280P",-0.428085567343949
"D",280,"Q","D280Q",0.191521929882292
"D",280,"R","D280R",0.125050023668052
"D",280,"S","D280S",0.452049053086808
"D",280,"T","D280T",0.120962859211317
"D",280,"V","D280V",0.321411348507045
"D",280,"W","D280W",0.359548594523132
"D",280,"Y","D280Y",0.22610281413763
"G",281,"A","G281A",0.584426680861437
"G",281,"C","G281C",-0.316718182876156
"G",281,"D","G281D",0.174623446483312
"G",281,"E","G281E",0.384852491945166
"G",281,"F","G281F",-0.0218936441023631
"G",281,"H","G281H",0.249050365323325
"G",281,"I","G281I",0.345995525807966
"G",281,"K","G281K",0.660476988498646
"G",281,"L","G281L",0.410092015897097
"G",281,"M","G281M",0.157788020768698
"G",281,"N","G281N",0.981498517457248
"G",281,"P","G281P",-0.362306496028241
"G",281,"Q","G281Q",0.0649704092273392
"G",281,"R","G281R",0.457534693310466
"G",281,"S","G281S",0.373678675934892
"G",281,"T","G281T",0.654328914093591
"G",281,"V","G281V",0.557391961230838
"G",281,"W","G281W",-0.0357121780068204
"G",281,"Y","G281Y",0.395393454869061
"V",282,"A","V282A",0.510218441751837
"V",282,"C","V282C",0.226590440151106
"V",282,"D","V282D",0.487737887937999
"V",282,"E","V282E",-0.210348072016423
"V",282,"F","V282F",0.123894000139452
"V",282,"G","V282G",0.292745868327724
"V",282,"H","V282H",0.244372073028573
"V",282,"I","V282I",0.363509901158972
"V",282,"K","V282K",0.148336435602527
"V",282,"L","V282L",0.144195720116314
"V",282,"M","V282M",0.216340576356497
"V",282,"N","V282N",0.564181246336411
"V",282,"P","V282P",-0.00267504853047403
"V",282,"Q","V282Q",0.345110951143352
"V",282,"R","V282R",0.142936326008177
"V",282,"S","V282S",0.203412440873075
"V",282,"T","V282T",0.0433161547849058
"V",282,"W","V282W",0.146405021506031
"V",282,"Y","V282Y",0.340586151315733
"E",283,"A","E283A",0.0826104679301811
"E",283,"C","E283C",-0.21843480425886
"E",283,"D","E283D",0.0915530070754072
"E",283,"F","E283F",0.156598705518404
"E",283,"G","E283G",0.639298797599832
"E",283,"H","E283H",0.661345879254387
"E",283,"I","E283I",0.535493962461209
"E",283,"K","E283K",0.0455443271019249
"E",283,"L","E283L",0.102551887091736
"E",283,"M","E283M",0.517784206920687
"E",283,"N","E283N",-0.103198491767829
"E",283,"P","E283P",0.461669938714134
"E",283,"Q","E283Q",0.212085985910968
"E",283,"R","E283R",0.0679919603704197
"E",283,"S","E283S",0.450030489096921
"E",283,"T","E283T",0.155372919899771
"E",283,"V","E283V",-0.0172668662021103
"E",283,"W","E283W",0.152773110628999
"E",283,"Y","E283Y",0.335060036761441
"V",284,"A","V284A",0.7527658569244
"V",284,"C","V284C",0.192011431757783
"V",284,"D","V284D",1.71627609474013
"V",284,"E","V284E",0.956003330559755
"V",284,"F","V284F",0.322540011688388
"V",284,"G","V284G",0.480851139919368
"V",284,"H","V284H",0.163714397102502
"V",284,"I","V284I",0.460226112742152
"V",284,"K","V284K",0.702426163597697
"V",284,"L","V284L",0.70185654104856
"V",284,"M","V284M",0.304324001498956
"V",284,"N","V284N",0.452359856039351
"V",284,"P","V284P",1.12932757002146
"V",284,"Q","V284Q",0.447528801601457
"V",284,"R","V284R",0.626399753424939
"V",284,"S","V284S",0.793583198779348
"V",284,"T","V284T",0.361649427736834
"V",284,"W","V284W",0.78554094066035
"V",284,"Y","V284Y",0.510243889019953
"H",285,"A","H285A",0.359376909055084
"H",285,"C","H285C",0.240916492831552
"H",285,"D","H285D",0.56649230723713
"H",285,"E","H285E",0.310556844778384
"H",285,"F","H285F",0.166805049043527
"H",285,"G","H285G",0.503362273465302
"H",285,"I","H285I",0.246167686756721
"H",285,"K","H285K",0.583981181682501
"H",285,"L","H285L",0.637144226589748
"H",285,"M","H285M",0.240486682690157
"H",285,"N","H285N",0.398251293951699
"H",285,"P","H285P",0.151602834938344
"H",285,"Q","H285Q",0.0411706804063197
"H",285,"R","H285R",0.326039288824439
"H",285,"S","H285S",0.197212488009703
"H",285,"T","H285T",0.281798131896602
"H",285,"V","H285V",0.387936669629201
"H",285,"W","H285W",0.194508195720903
"H",285,"Y","H285Y",0.329703106924635
"N",286,"A","N286A",0.52034496009459
"N",286,"C","N286C",0.0458551578687842
"N",286,"D","N286D",-0.219865793295322
"N",286,"E","N286E",0.0418796120735585
"N",286,"F","N286F",0.153843484741214
"N",286,"G","N286G",0.235576884601086
"N",286,"H","N286H",0.571999067021295
"N",286,"I","N286I",-0.0127281692036241
"N",286,"K","N286K",-0.166738851058463
"N",286,"L","N286L",0.185345633808925
"N",286,"M","N286M",0.374733693135195
"N",286,"P","N286P",1.65163540565626
"N",286,"Q","N286Q",0.0246803002687526
"N",286,"R","N286R",-0.107127041705353
"N",286,"S","N286S",-0.289554931012811
"N",286,"T","N286T",-0.0601373042367591
"N",286,"V","N286V",0.0919791086456251
"N",286,"W","N286W",0.0822232765840045
"N",286,"Y","N286Y",-0.0107865046631242
"A",287,"C","A287C",0.635466413696824
"A",287,"D","A287D",-0.184154653609874
"A",287,"E","A287E",1.84774792638572
"A",287,"F","A287F",0.820154550190332
"A",287,"G","A287G",-0.494912648328447
"A",287,"H","A287H",-0.602154367397432
"A",287,"I","A287I",0.450870031935149
"A",287,"K","A287K",0.487716027532654
"A",287,"L","A287L",1.09948817882509
"A",287,"M","A287M",0.559311221953502
"A",287,"N","A287N",0.326096144161558
"A",287,"P","A287P",0.6831097807247
"A",287,"Q","A287Q",0.951336198846252
"A",287,"R","A287R",0.526425805513415
"A",287,"S","A287S",0.895260385928574
"A",287,"T","A287T",0.0511407374105811
"A",287,"V","A287V",1.35638120645879
"A",287,"W","A287W",-0.437220795457379
"A",287,"Y","A287Y",0.165264777433364
"K",288,"A","K288A",0.497376432886454
"K",288,"C","K288C",0.166055166296814
"K",288,"D","K288D",0.589967891881994
"K",288,"E","K288E",-0.146959932356067
"K",288,"F","K288F",-0.31974716859151
"K",288,"G","K288G",0.545420124812413
"K",288,"H","K288H",-0.20884140252171
"K",288,"I","K288I",0.495597920184646
"K",288,"L","K288L",-0.0447368620677697
"K",288,"M","K288M",0.123021384967907
"K",288,"N","K288N",0.957859577823061
"K",288,"P","K288P",-0.355666457754262
"K",288,"Q","K288Q",-0.507159862573996
"K",288,"R","K288R",-0.0411249106309702
"K",288,"S","K288S",-0.0350940649563196
"K",288,"T","K288T",0.0744037804974569
"K",288,"V","K288V",0.0301285302593838
"K",288,"W","K288W",-0.0707862525977691
"K",288,"Y","K288Y",-0.148785231485209
"T",289,"A","T289A",-0.234949727317879
"T",289,"C","T289C",-0.671076477192355
"T",289,"D","T289D",-0.320570733554188
"T",289,"E","T289E",-0.0534698542629277
"T",289,"F","T289F",-0.0781082923814
"T",289,"G","T289G",0.364719711271496
"T",289,"H","T289H",1.18790813958358
"T",289,"I","T289I",-0.596879937551443
"T",289,"K","T289K",0.587302145844872
"T",289,"L","T289L",-0.805180912910842
"T",289,"M","T289M",-0.443473474543189
"T",289,"N","T289N",0.223488859979626
"T",289,"P","T289P",0.358042718834958
"T",289,"Q","T289Q",-0.331587698778434
"T",289,"R","T289R",-0.186874764196873
"T",289,"S","T289S",1.06970068001559
"T",289,"V","T289V",-0.484033629943386
"T",289,"W","T289W",0.759458304647836
"T",289,"Y","T289Y",-0.610713133861229
"K",290,"A","K290A",0.139454132237617
"K",290,"C","K290C",-0.455262362145556
"K",290,"D","K290D",0.978728168489572
"K",290,"E","K290E",1.17168164593528
"K",290,"F","K290F",0.897325518995595
"K",290,"G","K290G",1.73814773359701
"K",290,"H","K290H",0.367984826814929
"K",290,"I","K290I",0.284344405117212
"K",290,"L","K290L",-0.563759898132381
"K",290,"M","K290M",-0.0257589257083307
"K",290,"N","K290N",0.420263245859187
"K",290,"P","K290P",0.498107317027731
"K",290,"Q","K290Q",0.316260426005423
"K",290,"R","K290R",-0.0265655072074974
"K",290,"S","K290S",2.11681940023935
"K",290,"T","K290T",2.59054722177704
"K",290,"V","K290V",1.06843334328552
"K",290,"W","K290W",0.982805120581504
"K",290,"Y","K290Y",1.69021816751789
"P",291,"A","P291A",0.2099220575668
"P",291,"C","P291C",-0.505833055401849
"P",291,"D","P291D",0.377484888541008
"P",291,"E","P291E",0.151063486368477
"P",291,"F","P291F",-0.201351628933558
"P",291,"G","P291G",-0.0107848061393411
"P",291,"H","P291H",0.0261356109880091
"P",291,"I","P291I",0.120289211907995
"P",291,"K","P291K",0.493431451612554
"P",291,"L","P291L",0.0138181996831194
"P",291,"M","P291M",-0.185971084509435
"P",291,"N","P291N",-0.170158295003132
"P",291,"Q","P291Q",-0.180989511351203
"P",291,"R","P291R",-0.336506782392394
"P",291,"S","P291S",0.0717251200192587
"P",291,"T","P291T",-0.0759986586440143
"P",291,"V","P291V",-0.127689937330443
"P",291,"W","P291W",-0.583206737838957
"P",291,"Y","P291Y",-0.603583757237248
"R",292,"A","R292A",-0.939563054899495
"R",292,"C","R292C",-0.065931153459505
"R",292,"D","R292D",-0.489150315003977
"R",292,"E","R292E",-1.05980447589633
"R",292,"F","R292F",-0.748096133060395
"R",292,"G","R292G",-1.15169066375563
"R",292,"H","R292H",-1.90416254847129
"R",292,"I","R292I",-0.795286164650489
"R",292,"K","R292K",-0.776605928140445
"R",292,"L","R292L",-0.471634315477655
"R",292,"M","R292M",-0.30887422423105
"R",292,"N","R292N",-0.796306282689664
"R",292,"P","R292P",-1.25961183235065
"R",292,"Q","R292Q",-0.808985431762659
"R",292,"S","R292S",-0.558259452011857
"R",292,"T","R292T",-0.530763509743249
"R",292,"V","R292V",-0.75164958027358
"R",292,"W","R292W",-0.0989535139601731
"R",292,"Y","R292Y",-1.00610085244797
"E",293,"A","E293A",0.0698224724671781
"E",293,"C","E293C",-0.429362277583951
"E",293,"D","E293D",-0.180459017448206
"E",293,"F","E293F",-0.762697876891291
"E",293,"G","E293G",-0.719441649906033
"E",293,"H","E293H",0.295754821809366
"E",293,"I","E293I",0.0113722783493672
"E",293,"K","E293K",0.347152521363785
"E",293,"L","E293L",-0.0826754444138554
"E",293,"M","E293M",0.291287969976573
"E",293,"N","E293N",0.0434103318436436
"E",293,"P","E293P",-3.04938724335101
"E",293,"Q","E293Q",-0.36152149999456
"E",293,"R","E293R",-0.218045332954309
"E",293,"S","E293S",0.421491835656133
"E",293,"T","E293T",-0.137132020663611
"E",293,"V","E293V",0.215739266557117
"E",293,"W","E293W",-1.06126257902623
"E",293,"Y","E293Y",-0.556565685400703
"E",294,"A","E294A",0.293120343935602
"E",294,"C","E294C",-0.25162387660743
"E",294,"D","E294D",-1.18711626977144
"E",294,"F","E294F",0.12322618110218
"E",294,"G","E294G",0.599640525061945
"E",294,"H","E294H",0.405102646476648
"E",294,"I","E294I",1.73843153027911
"E",294,"K","E294K",1.65215731025031
"E",294,"L","E294L",2.14858051304397
"E",294,"M","E294M",0.0215925875921112
"E",294,"N","E294N",-0.535112702938926
"E",294,"P","E294P",0.68738984254362
"E",294,"Q","E294Q",0.753504985557855
"E",294,"R","E294R",1.17794040351683
"E",294,"S","E294S",-0.0603878696049277
"E",294,"T","E294T",0.152992708123396
"E",294,"V","E294V",1.11766860103477
"E",294,"W","E294W",-0.0981735029237942
"E",294,"Y","E294Y",0.194461775287602
"Q",295,"A","Q295A",-1.05911905534478
"Q",295,"C","Q295C",-0.0107647706536298
"Q",295,"D","Q295D",-1.46398214085243
"Q",295,"E","Q295E",-0.34491809851499
"Q",295,"F","Q295F",-1.47869584910468
"Q",295,"G","Q295G",-2.93801491843246
"Q",295,"H","Q295H",-1.12324467141847
"Q",295,"I","Q295I",-0.476967363739966
"Q",295,"K","Q295K",-0.928309373232282
"Q",295,"L","Q295L",1.89635093592078
"Q",295,"M","Q295M",0.167000631767746
"Q",295,"N","Q295N",-1.26414999494887
"Q",295,"P","Q295P",-0.125682698042358
"Q",295,"R","Q295R",-0.858179567629946
"Q",295,"S","Q295S",-1.55669833952349
"Q",295,"T","Q295T",-0.77684549809158
"Q",295,"V","Q295V",-0.804817145713966
"Q",295,"W","Q295W",-2.92714720157318
"Q",295,"Y","Q295Y",-2.38683943302465
"Y",296,"A","Y296A",-0.570916559463061
"Y",296,"C","Y296C",-0.239380874296224
"Y",296,"D","Y296D",-0.418667454878007
"Y",296,"E","Y296E",-0.600668041094993
"Y",296,"F","Y296F",-0.096394566729198
"Y",296,"G","Y296G",-0.733646858461262
"Y",296,"H","Y296H",-0.595407002779307
"Y",296,"I","Y296I",-0.734691431178348
"Y",296,"K","Y296K",-0.622369265698938
"Y",296,"L","Y296L",0.419946341142139
"Y",296,"M","Y296M",-0.0256352017791207
"Y",296,"N","Y296N",-0.0644083029205783
"Y",296,"P","Y296P",-3.20988152364045
"Y",296,"Q","Y296Q",-0.319137896318522
"Y",296,"R","Y296R",-0.347937744482686
"Y",296,"S","Y296S",-0.0871943638798906
"Y",296,"T","Y296T",-0.568132226001993
"Y",296,"V","Y296V",-0.528072619799659
"Y",296,"W","Y296W",-0.66507537352109
"N",297,"A","N297A",-6.37979090003429
"N",297,"C","N297C",-3.89629668529196
"N",297,"D","N297D",-2.10102127579907
"N",297,"E","N297E",-2.99004631882972
"N",297,"F","N297F",-3.0720224936271
"N",297,"G","N297G",-2.75980559489067
"N",297,"H","N297H",-2.24467021633947
"N",297,"I","N297I",-1.69858353401024
"N",297,"K","N297K",-3.94761162137157
"N",297,"L","N297L",-2.16635419672943
"N",297,"M","N297M",-2.11504644380155
"N",297,"P","N297P",-3.16353585923775
"N",297,"Q","N297Q",-3.70579104636846
"N",297,"R","N297R",-3.22894119645858
"N",297,"S","N297S",-2.50988289373909
"N",297,"T","N297T",-2.6951480493463
"N",297,"V","N297V",-2.48183573902035
"N",297,"W","N297W",-1.23245025194831
"N",297,"Y","N297Y",-2.69048584205968
"S",298,"A","S298A",-1.25006998675036
"S",298,"C","S298C",-1.32422356443043
"S",298,"D","S298D",-2.53174851501817
"S",298,"E","S298E",-2.1441288419353
"S",298,"F","S298F",-2.67244906939171
"S",298,"G","S298G",-0.166840436857325
"S",298,"I","S298I",-0.837248083199174
"S",298,"K","S298K",-0.281736790844272
"S",298,"L","S298L",-0.0470625100389334
"S",298,"M","S298M",-0.217697547135405
"S",298,"N","S298N",-3.0274826728528
"S",298,"P","S298P",-2.57428364056718
"S",298,"Q","S298Q",-1.74747550268048
"S",298,"R","S298R",-1.07574249681196
"S",298,"T","S298T",-0.905570167278688
"S",298,"V","S298V",-1.78778731104542
"S",298,"W","S298W",-2.71295952246026
"S",298,"Y","S298Y",-2.18269110616132
"T",299,"A","T299A",-0.737195214570974
"T",299,"C","T299C",-1.09868537587584
"T",299,"D","T299D",-2.81319468555654
"T",299,"E","T299E",-3.67814603386587
"T",299,"F","T299F",-2.2156316419331
"T",299,"G","T299G",-2.21366442314862
"T",299,"H","T299H",-3.37656474884715
"T",299,"I","T299I",-3.47621285232351
"T",299,"K","T299K",-2.16763136680646
"T",299,"L","T299L",-3.18466731429683
"T",299,"M","T299M",-3.43136429919162
"T",299,"N","T299N",-2.68154719366188
"T",299,"P","T299P",-2.82618186998822
"T",299,"Q","T299Q",-3.2516050695156
"T",299,"R","T299R",-3.00058447149663
"T",299,"S","T299S",-0.630386128934254
"T",299,"V","T299V",-3.02881189761652
"T",299,"W","T299W",-2.32073971804714
"T",299,"Y","T299Y",-2.04966684876055
"Y",300,"A","Y300A",-0.385051209375591
"Y",300,"C","Y300C",-0.552347888247385
"Y",300,"D","Y300D",0.293073671693607
"Y",300,"E","Y300E",3.92329531568543
"Y",300,"F","Y300F",0.357096761903342
"Y",300,"G","Y300G",-1.19724614849221
"Y",300,"H","Y300H",-0.0665098762494127
"Y",300,"I","Y300I",-0.0507787584040243
"Y",300,"K","Y300K",-1.21163151138232
"Y",300,"L","Y300L",-0.00167847832549685
"Y",300,"M","Y300M",0.347057080880953
"Y",300,"N","Y300N",-0.611834800441173
"Y",300,"P","Y300P",-2.94649379984338
"Y",300,"Q","Y300Q",0.109268265617924
"Y",300,"R","Y300R",-2.01888573615174
"Y",300,"S","Y300S",-0.830497438981816
"Y",300,"T","Y300T",-0.792812403845903
"Y",300,"V","Y300V",-0.0662076629525634
"Y",300,"W","Y300W",0.282535908404051
"R",301,"A","R301A",0.216411957163979
"R",301,"C","R301C",-0.813740306412029
"R",301,"D","R301D",-2.27756461232794
"R",301,"E","R301E",-2.48460370182284
"R",301,"F","R301F",1.00795569951125
"R",301,"G","R301G",-0.909151510972478
"R",301,"H","R301H",-0.177870018971162
"R",301,"I","R301I",-0.294946562750274
"R",301,"K","R301K",-0.788541906579094
"R",301,"L","R301L",0.412153351369667
"R",301,"M","R301M",2.51778068028898
"R",301,"N","R301N",0.549440753467615
"R",301,"P","R301P",-3.21285520215673
"R",301,"Q","R301Q",-0.499232067814261
"R",301,"S","R301S",1.56778466426712
"R",301,"T","R301T",-0.037751451317257
"R",301,"V","R301V",0.34315010372957
"R",301,"W","R301W",-0.427093742356659
"R",301,"Y","R301Y",0.840730588295183
"V",302,"A","V302A",-0.409689023299343
"V",302,"C","V302C",1.37273457316734
"V",302,"D","V302D",3.19558692617634
"V",302,"E","V302E",1.99998872945032
"V",302,"F","V302F",-0.0377314650300386
"V",302,"G","V302G",0.620608165667931
"V",302,"H","V302H",-0.356844446555486
"V",302,"I","V302I",-0.107253226163872
"V",302,"K","V302K",3.73695224676663
"V",302,"L","V302L",-0.191533584834935
"V",302,"M","V302M",0.0291079995009506
"V",302,"N","V302N",-2.28233136830873
"V",302,"P","V302P",-2.30571607403133
"V",302,"Q","V302Q",0.889435201005007
"V",302,"R","V302R",3.69560577057037
"V",302,"S","V302S",0.887226266351506
"V",302,"T","V302T",0.154880926850654
"V",302,"W","V302W",-0.779748132537911
"V",302,"Y","V302Y",0.32737337798512
"V",303,"A","V303A",-0.466510732590212
"V",303,"C","V303C",-0.138169060056651
"V",303,"D","V303D",-0.494083862609649
"V",303,"E","V303E",-0.0476643509552107
"V",303,"F","V303F",1.00812460561396
"V",303,"G","V303G",-0.166961778976658
"V",303,"H","V303H",-0.190758159938161
"V",303,"I","V303I",0.177328439769304
"V",303,"K","V303K",0.323683348005236
"V",303,"L","V303L",-0.438043024361701
"V",303,"M","V303M",-0.44939588493007
"V",303,"N","V303N",-0.397563894683424
"V",303,"P","V303P",-0.449381232454481
"V",303,"Q","V303Q",0.0798181588110227
"V",303,"R","V303R",-0.467941530729533
"V",303,"S","V303S",-0.60715569829784
"V",303,"T","V303T",-0.352887845097306
"V",303,"W","V303W",0.731482650385508
"V",303,"Y","V303Y",1.05360864610947
"S",304,"A","S304A",-0.846273436798698
"S",304,"C","S304C",-0.818613108544385
"S",304,"D","S304D",-0.235158345208523
"S",304,"E","S304E",-1.40849213741934
"S",304,"F","S304F",-1.14445418287713
"S",304,"G","S304G",-0.785093672156221
"S",304,"H","S304H",-1.39736774944397
"S",304,"I","S304I",-2.02679404505942
"S",304,"K","S304K",-0.790798875684126
"S",304,"L","S304L",-0.670862762280719
"S",304,"M","S304M",-1.98684480555918
"S",304,"N","S304N",-0.602765188410331
"S",304,"P","S304P",-0.24151385004603
"S",304,"Q","S304Q",-0.821663885840749
"S",304,"R","S304R",-0.524215103001433
"S",304,"T","S304T",0.346229319584415
"S",304,"V","S304V",-1.26709162862148
"S",304,"W","S304W",-1.38916528429146
"S",304,"Y","S304Y",-0.625700262001325
"V",305,"A","V305A",0.208860665034
"V",305,"C","V305C",0.0791691071755354
"V",305,"D","V305D",-0.0290315712600801
"V",305,"E","V305E",0.748286016041184
"V",305,"F","V305F",-0.0802556809555695
"V",305,"G","V305G",-0.395400107535916
"V",305,"H","V305H",0.107219826827329
"V",305,"I","V305I",-0.529536598273353
"V",305,"K","V305K",0.779527851144911
"V",305,"L","V305L",-0.0905842477395316
"V",305,"M","V305M",-0.382989878390706
"V",305,"N","V305N",2.45470493896585
"V",305,"P","V305P",0.360304710869946
"V",305,"Q","V305Q",1.05444534880095
"V",305,"R","V305R",1.18599428859013
"V",305,"S","V305S",0.908127862557711
"V",305,"T","V305T",0.549600297748444
"V",305,"W","V305W",0.879095872908476
"V",305,"Y","V305Y",0.368834539427809
"L",306,"A","L306A",0.487540758854722
"L",306,"C","L306C",1.47663270951942
"L",306,"D","L306D",-0.693878263753967
"L",306,"E","L306E",-0.264882923053847
"L",306,"F","L306F",0.0137991876426527
"L",306,"G","L306G",0.0757015764317605
"L",306,"H","L306H",0.301909453215166
"L",306,"I","L306I",0.462291343190091
"L",306,"K","L306K",0.400231905505714
"L",306,"M","L306M",-0.598094147261185
"L",306,"N","L306N",0.406183156892909
"L",306,"P","L306P",-0.602090819672358
"L",306,"Q","L306Q",0.358716560535113
"L",306,"R","L306R",-0.345716398079587
"L",306,"S","L306S",-0.0120902447969869
"L",306,"T","L306T",0.315550986092402
"L",306,"V","L306V",1.30293082528632
"L",306,"W","L306W",0.572419675398735
"L",306,"Y","L306Y",0.00373088827398931
"T",307,"A","T307A",-0.463453262683192
"T",307,"C","T307C",0.124141109953477
"T",307,"D","T307D",0.599328279445869
"T",307,"E","T307E",0.208278707695863
"T",307,"F","T307F",-0.305062926280802
"T",307,"G","T307G",0.349658526918095
"T",307,"H","T307H",-0.0416680614181572
"T",307,"I","T307I",0.496182440166042
"T",307,"K","T307K",0.369226497843213
"T",307,"L","T307L",0.387910342268617
"T",307,"M","T307M",-0.123329439583711
"T",307,"N","T307N",0.0843990320230437
"T",307,"P","T307P",0.157236560115856
"T",307,"Q","T307Q",1.12920179440182
"T",307,"R","T307R",0.262492767429581
"T",307,"S","T307S",-0.098600940199183
"T",307,"V","T307V",0.324494593427362
"T",307,"W","T307W",0.716316542042006
"T",307,"Y","T307Y",0.338227996236401
"V",308,"A","V308A",0.196048204601011
"V",308,"C","V308C",0.320646188912592
"V",308,"D","V308D",-0.376766763790706
"V",308,"E","V308E",0.285442904443438
"V",308,"F","V308F",-0.214844580994413
"V",308,"G","V308G",0.184829310635002
"V",308,"H","V308H",0.402882497141932
"V",308,"I","V308I",0.115406899926447
"V",308,"K","V308K",-0.374890112058217
"V",308,"L","V308L",0.420207601400117
"V",308,"M","V308M",0.825124620112789
"V",308,"N","V308N",-0.309023025579379
"V",308,"P","V308P",0.413074134215448
"V",308,"Q","V308Q",0.12860471231467
"V",308,"R","V308R",-0.33503823263259
"V",308,"S","V308S",0.0190347675536606
"V",308,"T","V308T",0.37793171427256
"V",308,"W","V308W",-1.07453919468774
"V",308,"Y","V308Y",-0.508831609806033
"L",309,"A","L309A",0.76199220504166
"L",309,"C","L309C",0.0863035731758582
"L",309,"D","L309D",0.329616133393519
"L",309,"E","L309E",0.369531885859802
"L",309,"F","L309F",0.0420443249082151
"L",309,"G","L309G",-0.0964050698963033
"L",309,"H","L309H",0.664779279162235
"L",309,"I","L309I",0.549077027397405
"L",309,"K","L309K",0.263203537229985
"L",309,"M","L309M",-0.175221214958444
"L",309,"N","L309N",0.265632670182767
"L",309,"P","L309P",0.0951590316042671
"L",309,"Q","L309Q",-0.307469512459775
"L",309,"R","L309R",0.290039470402941
"L",309,"S","L309S",0.849457430870531
"L",309,"T","L309T",0.186105745537923
"L",309,"V","L309V",0.432328427494276
"L",309,"W","L309W",0.0776871559618864
"L",309,"Y","L309Y",0.288464714575885
"H",310,"A","H310A",-0.120684253621725
"H",310,"C","H310C",-0.123058702506804
"H",310,"D","H310D",-0.148240086543706
"H",310,"E","H310E",-0.15264179249622
"H",310,"F","H310F",0.249833675546646
"H",310,"G","H310G",0.312581907772421
"H",310,"I","H310I",-0.842647115599559
"H",310,"K","H310K",-0.113939748375269
"H",310,"L","H310L",-1.71748908993176
"H",310,"M","H310M",0.0491928653771085
"H",310,"N","H310N",-0.294963246364072
"H",310,"P","H310P",-0.433651830636997
"H",310,"Q","H310Q",-0.252746070817272
"H",310,"R","H310R",-0.250116570694811
"H",310,"S","H310S",-0.0459429659759748
"H",310,"T","H310T",-0.503848372988742
"H",310,"V","H310V",-0.0853868090590091
"H",310,"W","H310W",-0.00951686301561861
"H",310,"Y","H310Y",0.179393521741594
"Q",311,"A","Q311A",0.225974622614037
"Q",311,"C","Q311C",0.100527815868001
"Q",311,"D","Q311D",0.147468011284617
"Q",311,"E","Q311E",-0.057419719424337
"Q",311,"F","Q311F",0.54918818767967
"Q",311,"G","Q311G",0.0371023188223584
"Q",311,"H","Q311H",0.440924900159675
"Q",311,"I","Q311I",0.13463180650629
"Q",311,"K","Q311K",0.118912189129935
"Q",311,"L","Q311L",-0.391711822739374
"Q",311,"M","Q311M",-0.294110630357016
"Q",311,"N","Q311N",-0.0379602421654671
"Q",311,"P","Q311P",0.214024524687726
"Q",311,"R","Q311R",0.213892470333368
"Q",311,"S","Q311S",0.386124562543512
"Q",311,"T","Q311T",-0.436229667924247
"Q",311,"V","Q311V",0.647212951379707
"Q",311,"W","Q311W",0.0179802222188953
"Q",311,"Y","Q311Y",0.255636625551474
"D",312,"A","D312A",0.160737743756436
"D",312,"C","D312C",0.262105499177004
"D",312,"E","D312E",0.214233568021915
"D",312,"F","D312F",0.321583104913727
"D",312,"G","D312G",-0.0591918642659599
"D",312,"H","D312H",0.347649323989327
"D",312,"I","D312I",0.956972402592879
"D",312,"K","D312K",0.878350056121996
"D",312,"L","D312L",-0.0802145196233743
"D",312,"M","D312M",0.48048406436173
"D",312,"N","D312N",0.192972013332909
"D",312,"P","D312P",0.31020815721743
"D",312,"Q","D312Q",-0.409906939294256
"D",312,"R","D312R",0.344007631379179
"D",312,"S","D312S",-0.378803793685608
"D",312,"T","D312T",1.03804017145366
"D",312,"V","D312V",1.2189481204516
"D",312,"W","D312W",0.223584170467674
"D",312,"Y","D312Y",0.869227864053405
"W",313,"A","W313A",-0.522599044207263
"W",313,"C","W313C",-0.573267412050636
"W",313,"D","W313D",-1.10397370501336
"W",313,"E","W313E",-0.464266767175831
"W",313,"F","W313F",0.204634933567797
"W",313,"H","W313H",-0.415634855640597
"W",313,"I","W313I",-0.304879144159462
"W",313,"K","W313K",-0.126738243594762
"W",313,"L","W313L",-0.151322722546974
"W",313,"M","W313M",-0.522559071478371
"W",313,"N","W313N",-0.370337329558233
"W",313,"P","W313P",-0.867101153508754
"W",313,"Q","W313Q",-0.64961382806286
"W",313,"R","W313R",-0.545235374016293
"W",313,"S","W313S",-0.607414869002273
"W",313,"T","W313T",-0.698065459372009
"W",313,"V","W313V",-0.447890498728536
"W",313,"Y","W313Y",-0.345529269712957
"L",314,"A","L314A",-0.190830096854924
"L",314,"C","L314C",-0.841385708188215
"L",314,"D","L314D",-0.63942050497945
"L",314,"E","L314E",-0.598674510409422
"L",314,"F","L314F",-0.335998426621797
"L",314,"G","L314G",0.168459915178935
"L",314,"H","L314H",-1.18522032823526
"L",314,"I","L314I",-0.0606384782234837
"L",314,"K","L314K",-0.167895734975568
"L",314,"M","L314M",0.00279725912747241
"L",314,"N","L314N",-0.984750009751491
"L",314,"P","L314P",-0.393584690459605
"L",314,"Q","L314Q",-0.296456944828671
"L",314,"R","L314R",-1.08149326651282
"L",314,"S","L314S",-0.571733933680983
"L",314,"T","L314T",-0.532364204590574
"L",314,"V","L314V",-0.35554470042288
"L",314,"W","L314W",-0.345871797513844
"L",314,"Y","L314Y",-0.189404352605944
"N",315,"A","N315A",0.552548014894516
"N",315,"C","N315C",0.456189722998885
"N",315,"D","N315D",0.221246582815229
"N",315,"E","N315E",0.812680057798221
"N",315,"F","N315F",0.0931016475088189
"N",315,"G","N315G",0.15179982003502
"N",315,"H","N315H",0.805268114165168
"N",315,"I","N315I",-0.0805739648935319
"N",315,"K","N315K",0.0626680944929925
"N",315,"L","N315L",0.0673491371748769
"N",315,"M","N315M",-0.25466188771352
"N",315,"P","N315P",-0.69580670366378
"N",315,"Q","N315Q",0.0685584367434874
"N",315,"R","N315R",0.438885829234447
"N",315,"S","N315S",0.626188787595678
"N",315,"T","N315T",0.560475172040295
"N",315,"V","N315V",-0.250380157290594
"N",315,"W","N315W",0.136148302435289
"N",315,"Y","N315Y",0.515107119078054
"G",316,"A","G316A",-0.0561595441744553
"G",316,"C","G316C",-0.245481559218729
"G",316,"D","G316D",1.11216696063842
"G",316,"E","G316E",0.146970199855041
"G",316,"F","G316F",-0.157261021518826
"G",316,"H","G316H",0.317054062229113
"G",316,"I","G316I",-0.00811400446950764
"G",316,"K","G316K",0.0771322144029892
"G",316,"L","G316L",0.349986618753373
"G",316,"M","G316M",-0.0206643672229342
"G",316,"N","G316N",0.0847345081451386
"G",316,"P","G316P",-0.121809199702162
"G",316,"Q","G316Q",-0.104743706278288
"G",316,"R","G316R",0.128123824020823
"G",316,"S","G316S",-0.171015174757231
"G",316,"T","G316T",0.527831967623217
"G",316,"V","G316V",0.421645022240908
"G",316,"W","G316W",-0.261541765743615
"G",316,"Y","G316Y",-0.302282125298872
"K",317,"A","K317A",0.0536590410081871
"K",317,"C","K317C",0.391854674366469
"K",317,"D","K317D",0.113716592261952
"K",317,"E","K317E",0.00284669226962079
"K",317,"F","K317F",0.450853146337996
"K",317,"G","K317G",0.686720941334493
"K",317,"H","K317H",-0.514334388495027
"K",317,"I","K317I",-0.274348252210084
"K",317,"L","K317L",0.400181967964377
"K",317,"M","K317M",0.119674770619451
"K",317,"N","K317N",0.171597516731139
"K",317,"P","K317P",0.0122974620979054
"K",317,"Q","K317Q",0.100127173723219
"K",317,"R","K317R",-0.155505630387708
"K",317,"S","K317S",0.590478103467294
"K",317,"T","K317T",0.161883693741752
"K",317,"V","K317V",0.815111524259388
"K",317,"W","K317W",0.406527167743748
"K",317,"Y","K317Y",0.457149823843127
"E",318,"A","E318A",0.0347223764106303
"E",318,"C","E318C",-0.270286748510813
"E",318,"D","E318D",0.242160575288951
"E",318,"F","E318F",0.100858239872073
"E",318,"G","E318G",0.0673325385980298
"E",318,"H","E318H",0.623068963910732
"E",318,"I","E318I",0.184267359978891
"E",318,"K","E318K",-0.0758413106857988
"E",318,"L","E318L",0.132833304465207
"E",318,"M","E318M",0.488573430286927
"E",318,"N","E318N",0.307457498525761
"E",318,"P","E318P",0.348403232118509
"E",318,"Q","E318Q",0.342384497154135
"E",318,"R","E318R",-0.0431547897890429
"E",318,"S","E318S",-0.00697917705700368
"E",318,"T","E318T",-0.22867906406178
"E",318,"V","E318V",-0.387482593371163
"E",318,"W","E318W",0.311503960856925
"E",318,"Y","E318Y",0.688299911275252
"Y",319,"A","Y319A",0.742075854890303
"Y",319,"C","Y319C",0.714706062419272
"Y",319,"D","Y319D",-0.410170049986374
"Y",319,"E","Y319E",-0.409075197484219
"Y",319,"F","Y319F",-0.242927176018456
"Y",319,"G","Y319G",-0.483098310093846
"Y",319,"H","Y319H",1.05349121385174
"Y",319,"I","Y319I",0.449385758352883
"Y",319,"K","Y319K",-0.537534505784544
"Y",319,"L","Y319L",0.550903082563108
"Y",319,"M","Y319M",-0.305982810215959
"Y",319,"N","Y319N",0.180854461913246
"Y",319,"P","Y319P",-0.357037049225936
"Y",319,"Q","Y319Q",0.165533280732076
"Y",319,"R","Y319R",-0.659162857824043
"Y",319,"S","Y319S",-0.0701651840139707
"Y",319,"T","Y319T",1.04445252895005
"Y",319,"V","Y319V",1.76051360194166
"Y",319,"W","Y319W",-0.037385071528023
"K",320,"A","K320A",0.507304602896496
"K",320,"C","K320C",0.593624451447602
"K",320,"D","K320D",0.614894587993432
"K",320,"E","K320E",1.41003893857885
"K",320,"F","K320F",0.754599717919184
"K",320,"G","K320G",0.0112619581684606
"K",320,"H","K320H",0.854756644735123
"K",320,"I","K320I",0.462209733910263
"K",320,"L","K320L",1.14275342463661
"K",320,"M","K320M",0.105033603200165
"K",320,"N","K320N",0.33370687527018
"K",320,"P","K320P",-0.675221538169662
"K",320,"Q","K320Q",0.411540570195737
"K",320,"R","K320R",-0.440788299949806
"K",320,"S","K320S",-0.281623710771974
"K",320,"T","K320T",0.300381908336095
"K",320,"V","K320V",0.39029435554162
"K",320,"W","K320W",1.35548117822682
"K",320,"Y","K320Y",0.669052408321195
"C",321,"A","C321A",0.512241544969519
"C",321,"D","C321D",-0.257561633997076
"C",321,"E","C321E",-0.79398776063112
"C",321,"F","C321F",-0.568997737795348
"C",321,"G","C321G",-0.614917968942
"C",321,"H","C321H",-0.381878564945373
"C",321,"I","C321I",0.679012804704703
"C",321,"K","C321K",-0.221703852278646
"C",321,"L","C321L",0.0696517026202723
"C",321,"M","C321M",-0.0673687349447496
"C",321,"N","C321N",-0.5373630352777
"C",321,"P","C321P",-0.0824307592570156
"C",321,"Q","C321Q",-0.531676943953082
"C",321,"R","C321R",-0.269621719795148
"C",321,"S","C321S",0.618628769046116
"C",321,"T","C321T",0.135998516903688
"C",321,"V","C321V",0.246939122874246
"C",321,"W","C321W",-0.150195049945567
"C",321,"Y","C321Y",0.0312094613217612
"K",322,"A","K322A",0.19764430462386
"K",322,"C","K322C",0.751533733656865
"K",322,"D","K322D",1.06294701331287
"K",322,"E","K322E",1.60929194944201
"K",322,"F","K322F",0.451140226314344
"K",322,"G","K322G",0.384004608800279
"K",322,"H","K322H",0.141826341855917
"K",322,"I","K322I",0.10555857427981
"K",322,"L","K322L",0.335472645200203
"K",322,"M","K322M",0.801021445593128
"K",322,"N","K322N",-0.930055671158292
"K",322,"P","K322P",-0.436884941676009
"K",322,"Q","K322Q",0.00343969272010133
"K",322,"R","K322R",-0.11115044972488
"K",322,"S","K322S",0.0092631837521042
"K",322,"T","K322T",0.405075883344474
"K",322,"V","K322V",1.02084080693145
"K",322,"W","K322W",0.0661959569701741
"K",322,"Y","K322Y",0.404718644147697
"V",323,"A","V323A",-0.145424730603751
"V",323,"C","V323C",0.0293994449585751
"V",323,"D","V323D",-0.484116013741266
"V",323,"E","V323E",-0.404884616614568
"V",323,"F","V323F",0.103746015204485
"V",323,"G","V323G",-0.798642408615646
"V",323,"H","V323H",-0.529463725225895
"V",323,"I","V323I",2.17173801821615
"V",323,"K","V323K",-0.407267645419024
"V",323,"L","V323L",-0.156996631289053
"V",323,"M","V323M",1.53756060291225
"V",323,"N","V323N",-0.221543511014787
"V",323,"P","V323P",-1.19506449296437
"V",323,"Q","V323Q",-0.476130501809308
"V",323,"R","V323R",-0.574661813383694
"V",323,"S","V323S",0.105954600576765
"V",323,"T","V323T",0.132521929129816
"V",323,"W","V323W",-2.15721393802672
"V",323,"Y","V323Y",-1.17643571034744
"S",324,"A","S324A",-0.502655217833706
"S",324,"C","S324C",-0.297952073324825
"S",324,"D","S324D",0.00604368783630012
"S",324,"E","S324E",-0.425447250431802
"S",324,"F","S324F",-0.415892543573607
"S",324,"G","S324G",0.179508971383706
"S",324,"H","S324H",-0.271046458359373
"S",324,"I","S324I",0.131928457518703
"S",324,"K","S324K",-1.12362546588452
"S",324,"L","S324L",-0.158496843362181
"S",324,"M","S324M",0.484271506810119
"S",324,"N","S324N",-0.244271985050433
"S",324,"P","S324P",-1.36271372533474
"S",324,"Q","S324Q",-0.134058594844158
"S",324,"R","S324R",-1.24521947398433
"S",324,"T","S324T",0.0274162182428727
"S",324,"V","S324V",0.1477014965522
"S",324,"W","S324W",0.586210213563387
"S",324,"Y","S324Y",0.266352859705692
"N",325,"A","N325A",-1.99885391869573
"N",325,"C","N325C",2.32229273975731
"N",325,"D","N325D",-0.576752887791202
"N",325,"E","N325E",-1.80327324920391
"N",325,"F","N325F",-0.101855339187178
"N",325,"G","N325G",-1.84601052296363
"N",325,"H","N325H",-1.63451446468352
"N",325,"I","N325I",0.920368922651636
"N",325,"K","N325K",-2.48609398711528
"N",325,"L","N325L",0.129435184105592
"N",325,"M","N325M",1.23784305545554
"N",325,"P","N325P",-1.48747627785211
"N",325,"Q","N325Q",-1.68295534755047
"N",325,"R","N325R",-3.07399135100404
"N",325,"S","N325S",1.45131312748685
"N",325,"T","N325T",-1.18236984457486
"N",325,"V","N325V",-1.31879631952443
"N",325,"W","N325W",-1.03169276342209
"N",325,"Y","N325Y",-1.81402617420525
"K",326,"A","K326A",5.54094356987328
"K",326,"C","K326C",1.33829170902889
"K",326,"D","K326D",1.80862371119926
"K",326,"E","K326E",2.87006192807643
"K",326,"F","K326F",2.03811171103634
"K",326,"G","K326G",0.187063933197108
"K",326,"H","K326H",0.397804792037924
"K",326,"I","K326I",2.11518244568897
"K",326,"L","K326L",1.32743810731048
"K",326,"M","K326M",1.57739577022726
"K",326,"N","K326N",0.0254167584667634
"K",326,"P","K326P",1.04604439085295
"K",326,"Q","K326Q",2.85324646107046
"K",326,"R","K326R",-0.486951718847422
"K",326,"S","K326S",1.62583910921433
"K",326,"T","K326T",2.35554588464987
"K",326,"V","K326V",2.68693495564794
"K",326,"W","K326W",0.709990775254353
"K",326,"Y","K326Y",4.13178615801895
"A",327,"C","A327C",-1.38628582815371
"A",327,"D","A327D",1.20673683538292
"A",327,"E","A327E",0.921680758600748
"A",327,"F","A327F",-2.53231405582347
"A",327,"G","A327G",0.422109170884858
"A",327,"H","A327H",-1.75923083993183
"A",327,"I","A327I",-1.60817144944042
"A",327,"K","A327K",-2.80621231784872
"A",327,"L","A327L",-2.70864805224682
"A",327,"M","A327M",-1.85628111687238
"A",327,"N","A327N",-0.212492502669231
"A",327,"P","A327P",-2.09032831920046
"A",327,"Q","A327Q",-1.30766752508465
"A",327,"R","A327R",-3.11721979739183
"A",327,"S","A327S",-0.832444173080192
"A",327,"T","A327T",-1.99550231559341
"A",327,"V","A327V",-1.6145808514424
"A",327,"W","A327W",-2.54615312338846
"A",327,"Y","A327Y",-3.17994628993576
"L",328,"A","L328A",0.758483633856664
"L",328,"C","L328C",-1.07422000840114
"L",328,"D","L328D",0.289892071065013
"L",328,"E","L328E",-0.195391660557909
"L",328,"F","L328F",3.56144743435981
"L",328,"G","L328G",-0.655179774375591
"L",328,"H","L328H",-1.17828818049895
"L",328,"I","L328I",2.10573372128831
"L",328,"K","L328K",-3.02907320804668
"L",328,"M","L328M",1.90180549912745
"L",328,"N","L328N",-1.65112108263226
"L",328,"P","L328P",-2.41449741915563
"L",328,"Q","L328Q",-0.243801851967354
"L",328,"R","L328R",-2.79314799144928
"L",328,"S","L328S",0.605534685944848
"L",328,"T","L328T",2.3122798369826
"L",328,"V","L328V",1.93550015731506
"L",328,"W","L328W",2.8509105999886
"L",328,"Y","L328Y",3.12910104658492
"P",329,"A","P329A",-2.59702970988458
"P",329,"C","P329C",-2.74014984487138
"P",329,"D","P329D",-3.14622561594855
"P",329,"E","P329E",-2.85702408758627
"P",329,"F","P329F",-2.23963744136451
"P",329,"G","P329G",-2.81839921075506
"P",329,"H","P329H",-2.58284953553092
"P",329,"I","P329I",-3.41523050077276
"P",329,"K","P329K",-3.63105451375167
"P",329,"L","P329L",-2.06070187123281
"P",329,"M","P329M",-2.79395387679671
"P",329,"N","P329N",-3.73415093756172
"P",329,"Q","P329Q",-1.84957116828265
"P",329,"R","P329R",-3.04023160044426
"P",329,"S","P329S",-3.08771364490863
"P",329,"T","P329T",-3.21632637281177
"P",329,"V","P329V",-2.83187523756328
"P",329,"W","P329W",-2.49307755367471
"P",329,"Y","P329Y",-3.73992891767391
"A",330,"C","A330C",-0.573356329295776
"A",330,"D","A330D",-1.70004423627521
"A",330,"E","A330E",-0.764555393757459
"A",330,"F","A330F",-0.386596097302118
"A",330,"G","A330G",0.433526035157241
"A",330,"H","A330H",-0.471946125724355
"A",330,"I","A330I",-1.35159413059423
"A",330,"K","A330K",0.663810075590913
"A",330,"L","A330L",-1.17659428614062
"A",330,"M","A330M",-0.202058923698836
"A",330,"N","A330N",-0.721931344668983
"A",330,"P","A330P",-0.729268315266243
"A",330,"Q","A330Q",0.00743684314406685
"A",330,"R","A330R",0.294422430566251
"A",330,"S","A330S",-0.122265693128274
"A",330,"T","A330T",-0.0242600423179855
"A",330,"V","A330V",-0.978914195910868
"A",330,"W","A330W",-1.32041716560439
"A",330,"Y","A330Y",-0.471799606525493
"P",331,"A","P331A",0.40283312819304
"P",331,"C","P331C",0.11893852024473
"P",331,"D","P331D",-0.105219701829371
"P",331,"E","P331E",0.712356432740878
"P",331,"F","P331F",0.818970670607732
"P",331,"G","P331G",-2.73992526210111
"P",331,"H","P331H",1.26335376686303
"P",331,"I","P331I",-0.273057785537999
"P",331,"K","P331K",-0.223825369006104
"P",331,"L","P331L",0.102969134240571
"P",331,"M","P331M",-0.319355781089057
"P",331,"N","P331N",0.211764282744245
"P",331,"Q","P331Q",-0.134860746738996
"P",331,"R","P331R",-1.00684674709001
"P",331,"S","P331S",0.278679023459457
"P",331,"T","P331T",-0.106852769314362
"P",331,"V","P331V",0.864638543328158
"P",331,"W","P331W",0.290959798236128
"P",331,"Y","P331Y",1.2495173014507
"I",332,"C","I332C",-2.2785197917182
"I",332,"D","I332D",1.73247320446818
"I",332,"E","I332E",1.86309395112449
"I",332,"F","I332F",0.628837677255207
"I",332,"G","I332G",0.424628243338461
"I",332,"H","I332H",-0.00374286331289196
"I",332,"K","I332K",-1.75098042304466
"I",332,"L","I332L",-0.0929373244022074
"I",332,"M","I332M",0.797309448545443
"I",332,"N","I332N",-0.267886306952388
"I",332,"P","I332P",-0.599562444530296
"I",332,"Q","I332Q",-0.166930291560008
"I",332,"R","I332R",-2.23680602956902
"I",332,"S","I332S",1.01203769555609
"I",332,"T","I332T",-0.729278585346324
"I",332,"V","I332V",-0.484531661610587
"I",332,"W","I332W",-0.0738882318726304
"I",332,"Y","I332Y",2.29791541313776
"E",333,"A","E333A",-0.467630699042691
"E",333,"C","E333C",0.0677799396792355
"E",333,"D","E333D",-0.0146407288829691
"E",333,"F","E333F",-0.1321571687569
"E",333,"G","E333G",-0.942500236942941
"E",333,"H","E333H",-0.385839414077907
"E",333,"I","E333I",-0.145352068041463
"E",333,"K","E333K",-0.468023688398054
"E",333,"L","E333L",0.209017262940515
"E",333,"M","E333M",-0.215914449600715
"E",333,"N","E333N",-0.263654622652955
"E",333,"P","E333P",0.321222195505036
"E",333,"Q","E333Q",-0.0572893881632861
"E",333,"R","E333R",-0.209462415352576
"E",333,"S","E333S",-0.121353999976781
"E",333,"T","E333T",-0.408655500027608
"E",333,"V","E333V",0.12887596809568
"E",333,"W","E333W",-0.214027000021916
"E",333,"Y","E333Y",0.0644286052043654
"K",334,"A","K334A",1.02449631224834
"K",334,"C","K334C",0.0419017534384041
"K",334,"D","K334D",-0.568155516692735
"K",334,"E","K334E",0.501626397345092
"K",334,"F","K334F",0.420167109663066
"K",334,"G","K334G",-0.342008778066288
"K",334,"H","K334H",0.880188769211223
"K",334,"I","K334I",1.46803573900413
"K",334,"L","K334L",0.15248474591038
"K",334,"M","K334M",0.405398474394081
"K",334,"N","K334N",0.742777145523898
"K",334,"P","K334P",0.660714582500862
"K",334,"Q","K334Q",0.35606084958863
"K",334,"R","K334R",0.857294558665637
"K",334,"S","K334S",0.403520384721493
"K",334,"T","K334T",0.314449079084826
"K",334,"V","K334V",0.935642457377684
"K",334,"W","K334W",0.355948966723347
"K",334,"Y","K334Y",0.482783742059
"T",335,"A","T335A",0.236900770121596
"T",335,"C","T335C",0.514544100862047
"T",335,"D","T335D",0.466773208171935
"T",335,"E","T335E",0.535662882796674
"T",335,"F","T335F",0.651070812128703
"T",335,"G","T335G",0.119878395609153
"T",335,"H","T335H",0.426398538405491
"T",335,"I","T335I",0.214323572762539
"T",335,"K","T335K",-0.121729541739088
"T",335,"L","T335L",0.658612953389262
"T",335,"M","T335M",0.229324531989812
"T",335,"N","T335N",0.114010372887723
"T",335,"P","T335P",0.0518415687806677
"T",335,"Q","T335Q",-0.259944763918746
"T",335,"R","T335R",0.159570458729154
"T",335,"S","T335S",0.00762353829430827
"T",335,"V","T335V",0.238471383029305
"T",335,"W","T335W",0.125421810895823
"T",335,"Y","T335Y",0.824106347643728
"I",336,"A","I336A",-0.560757770903179
"I",336,"C","I336C",-0.793029539407697
"I",336,"D","I336D",-0.363004298732738
"I",336,"E","I336E",-0.377186200960321
"I",336,"F","I336F",0.0171660922009713
"I",336,"G","I336G",-0.507731772696935
"I",336,"H","I336H",-0.155877453407043
"I",336,"K","I336K",0.604542213685979
"I",336,"L","I336L",0.584875501192584
"I",336,"M","I336M",0.171683119890814
"I",336,"N","I336N",-0.0653939649985679
"I",336,"P","I336P",-0.630901651407384
"I",336,"Q","I336Q",0.730108186005922
"I",336,"R","I336R",0.354625278078527
"I",336,"S","I336S",-0.356031896580129
"I",336,"T","I336T",-0.379177195067727
"I",336,"V","I336V",-0.2471231672919
"I",336,"W","I336W",-2.47790762827947
"I",336,"Y","I336Y",-0.848391876262038
"S",337,"A","S337A",0.389224256554483
"S",337,"C","S337C",0.875730520511038
"S",337,"D","S337D",0.334713613113902
"S",337,"E","S337E",0.408390504164337
"S",337,"F","S337F",0.031404206127137
"S",337,"G","S337G",-0.814545681923448
"S",337,"H","S337H",0.293831622601353
"S",337,"I","S337I",-0.245944219090848
"S",337,"K","S337K",-0.0708533321887635
"S",337,"L","S337L",-0.452537190602458
"S",337,"M","S337M",0.0455057181137862
"S",337,"N","S337N",0.78491385902756
"S",337,"P","S337P",0.0394669891428531
"S",337,"Q","S337Q",-0.165266857163805
"S",337,"R","S337R",0.246868847349995
"S",337,"T","S337T",0.396421603517325
"S",337,"V","S337V",0.469121675079912
"S",337,"W","S337W",0.481250882794157
"S",337,"Y","S337Y",-0.126615626131599
"K",338,"A","K338A",0.868375509439028
"K",338,"C","K338C",0.267391813986118
"K",338,"D","K338D",0.0227506207219159
"K",338,"E","K338E",-0.702167360896975
"K",338,"F","K338F",0.0552960104185154
"K",338,"G","K338G",0.729208913331974
"K",338,"H","K338H",0.570945974758084
"K",338,"I","K338I",-0.193181672739716
"K",338,"L","K338L",-0.352648587104431
"K",338,"M","K338M",-0.107681287218294
"K",338,"N","K338N",1.10067664824193
"K",338,"P","K338P",0.431970304761805
"K",338,"Q","K338Q",0.22182621055502
"K",338,"R","K338R",-0.0978722996649357
"K",338,"S","K338S",0.852809715520504
"K",338,"T","K338T",0.534137032476593
"K",338,"V","K338V",-0.461012419222476
"K",338,"W","K338W",0.232005434252446
"K",338,"Y","K338Y",-0.426371114863227
"A",339,"C","A339C",0.938184539963024
"A",339,"D","A339D",0.76027556203019
"A",339,"E","A339E",0.475611806586218
"A",339,"F","A339F",0.886944661947605
"A",339,"G","A339G",-0.630597739573466
"A",339,"H","A339H",1.07337800176054
"A",339,"I","A339I",1.28633275021524
"A",339,"K","A339K",1.44377777852879
"A",339,"L","A339L",0.174990562638686
"A",339,"M","A339M",0.11565635748345
"A",339,"N","A339N",0.840458233569253
"A",339,"P","A339P",0.821891639284739
"A",339,"Q","A339Q",0.220541663592337
"A",339,"R","A339R",1.4128557694807
"A",339,"S","A339S",0.180102383881944
"A",339,"T","A339T",1.40063673733009
"A",339,"V","A339V",0.598809533605683
"A",339,"W","A339W",1.79431522659146
"A",339,"Y","A339Y",1.20294242289535
"K",340,"A","K340A",0.16021598970278
"K",340,"C","K340C",0.486545663894571
"K",340,"D","K340D",0.412410411962939
"K",340,"E","K340E",0.453311705399329
"K",340,"F","K340F",0.294322837812534
"K",340,"G","K340G",1.07042305960301
"K",340,"H","K340H",0.321729531360019
"K",340,"I","K340I",-0.0199729369311596
"K",340,"L","K340L",0.308450601362283
"K",340,"M","K340M",0.333021773019016
"K",340,"N","K340N",0.509812651772931
"K",340,"P","K340P",0.258086782750943
"K",340,"Q","K340Q",0.0141455824868837
"K",340,"R","K340R",-0.0838398744732079
"K",340,"S","K340S",0.448119238343504
"K",340,"T","K340T",0.519009222248421
"K",340,"V","K340V",-0.116914013023824
"K",340,"W","K340W",0.269235828141066
"K",340,"Y","K340Y",-0.712846391136377
"G",341,"A","G341A",0.156422077258246
"G",341,"C","G341C",0.104508300046359
"G",341,"D","G341D",0.752409617931119
"G",341,"E","G341E",1.00220493434319
"G",341,"F","G341F",0.0332176917691116
"G",341,"H","G341H",0.784805275461621
"G",341,"I","G341I",1.13551103570355
"G",341,"K","G341K",0.872146254004341
"G",341,"L","G341L",1.12993793500585
"G",341,"M","G341M",1.24027005386676
"G",341,"N","G341N",0.323162425201991
"G",341,"P","G341P",1.3062679589767
"G",341,"Q","G341Q",0.373346084447842
"G",341,"R","G341R",0.932639021977485
"G",341,"S","G341S",0.886886388881144
"G",341,"T","G341T",0.69165757504508
"G",341,"V","G341V",1.46870128263442
"G",341,"W","G341W",0.735305650172349
"G",341,"Y","G341Y",-0.0695719556239753
"Q",342,"A","Q342A",0.601128416523258
"Q",342,"C","Q342C",0.351613213029116
"Q",342,"D","Q342D",0.0881296109037205
"Q",342,"E","Q342E",0.701019929889058
"Q",342,"F","Q342F",0.243760527872973
"Q",342,"G","Q342G",0.261997770392719
"Q",342,"H","Q342H",0.447067571864346
"Q",342,"I","Q342I",-0.31067831906165
"Q",342,"K","Q342K",0.361583188119765
"Q",342,"L","Q342L",0.206294147812806
"Q",342,"M","Q342M",0.35027613481119
"Q",342,"N","Q342N",-0.347100431103418
"Q",342,"P","Q342P",0.74616336263308
"Q",342,"R","Q342R",-0.533835439762032
"Q",342,"S","Q342S",0.179201000141818
"Q",342,"T","Q342T",1.00831663941321
"Q",342,"V","Q342V",0.204605249804915
"Q",342,"W","Q342W",0.50044917977227
"Q",342,"Y","Q342Y",0.608376578457703
"P",343,"A","P343A",0.457442627517961
"P",343,"C","P343C",-0.184885924721193
"P",343,"D","P343D",0.274306709240258
"P",343,"E","P343E",0.186966462416944
"P",343,"F","P343F",0.0960351265900851
"P",343,"G","P343G",0.321759528611733
"P",343,"H","P343H",0.112802239190589
"P",343,"I","P343I",-0.321806296743039
"P",343,"K","P343K",0.348598419038612
"P",343,"L","P343L",0.203978725172432
"P",343,"M","P343M",0.0516096009333463
"P",343,"N","P343N",-0.0566074945182274
"P",343,"Q","P343Q",0.10725071999074
"P",343,"R","P343R",0.841589657185649
"P",343,"S","P343S",0.221230363258675
"P",343,"T","P343T",-0.0570829116644149
"P",343,"V","P343V",-0.692315704710027
"P",343,"W","P343W",-0.274056169845312
"P",343,"Y","P343Y",0.638451498014195
"R",344,"A","R344A",0.154504012329212
"R",344,"C","R344C",0.50271563960515
"R",344,"D","R344D",0.306114356848491
"R",344,"E","R344E",0.246287721132131
"R",344,"F","R344F",0.334854334790511
"R",344,"G","R344G",0.267889736171222
"R",344,"H","R344H",0.216381022154257
"R",344,"I","R344I",0.281467876864892
"R",344,"K","R344K",0.587584296672762
"R",344,"L","R344L",0.502841946583351
"R",344,"M","R344M",-0.186313268263445
"R",344,"N","R344N",-0.0866432317374252
"R",344,"P","R344P",-0.905287888622373
"R",344,"Q","R344Q",0.345875661393309
"R",344,"S","R344S",0.696408383001734
"R",344,"T","R344T",0.276956363783663
"R",344,"V","R344V",-0.186094882107626
"R",344,"Y","R344Y",0.0422505217474013
"E",345,"A","E345A",-0.0298656407725906
"E",345,"C","E345C",-0.384411019308371
"E",345,"D","E345D",-0.00937889974665579
"E",345,"F","E345F",-0.0850810200173692
"E",345,"G","E345G",-0.398298566877039
"E",345,"H","E345H",-0.538499902012601
"E",345,"I","E345I",-0.295410728680951
"E",345,"K","E345K",-0.177760953749131
"E",345,"L","E345L",0.918693241505477
"E",345,"M","E345M",0.254113286231399
"E",345,"N","E345N",-0.338692167511424
"E",345,"P","E345P",-0.276506011897392
"E",345,"Q","E345Q",-0.241347163388486
"E",345,"R","E345R",0.15748434216522
"E",345,"S","E345S",-0.250237165124479
"E",345,"T","E345T",-0.509823987111997
"E",345,"V","E345V",0.167437922543955
"E",345,"W","E345W",-0.28558685723745
"E",345,"Y","E345Y",-0.185686982826278
"P",346,"A","P346A",0.462452876559286
"P",346,"C","P346C",-0.0656984498816274
"P",346,"D","P346D",-0.465786497192427
"P",346,"E","P346E",-1.52988941942501
"P",346,"F","P346F",0.044971141184387
"P",346,"G","P346G",0.135352459596914
"P",346,"H","P346H",-0.333311941951031
"P",346,"I","P346I",1.48035677289685
"P",346,"K","P346K",-2.45972838797628
"P",346,"L","P346L",-1.40807486417728
"P",346,"M","P346M",0.38231489116985
"P",346,"N","P346N",0.0142854437654712
"P",346,"Q","P346Q",-1.46966187841041
"P",346,"R","P346R",-1.07054660081335
"P",346,"S","P346S",0.280231316707219
"P",346,"T","P346T",0.533943494494122
"P",346,"V","P346V",0.884074306431973
"P",346,"W","P346W",-2.61035896857238
"P",346,"Y","P346Y",-2.76509429150109
"Q",347,"A","Q347A",0.489180579741471
"Q",347,"C","Q347C",-0.433490641256888
"Q",347,"D","Q347D",-0.0666365001358313
"Q",347,"E","Q347E",0.193579833155539
"Q",347,"F","Q347F",0.649215959080448
"Q",347,"G","Q347G",1.21482497872822
"Q",347,"H","Q347H",0.00470301429167866
"Q",347,"I","Q347I",-0.319926566482938
"Q",347,"K","Q347K",0.0122719529649874
"Q",347,"L","Q347L",0.265802280614814
"Q",347,"M","Q347M",0.275023894231173
"Q",347,"N","Q347N",0.0773182421664659
"Q",347,"P","Q347P",0.00397151018627983
"Q",347,"R","Q347R",-0.00402275308334289
"Q",347,"S","Q347S",-0.131727791517078
"Q",347,"T","Q347T",-0.45513509877747
"Q",347,"V","Q347V",-0.302917445262232
"Q",347,"W","Q347W",-0.067061082271954
"Q",347,"Y","Q347Y",-0.479462789749105
"V",348,"A","V348A",0.190664738038981
"V",348,"C","V348C",0.104681107509952
"V",348,"D","V348D",-1.87324926144898
"V",348,"E","V348E",-0.0488824986008961
"V",348,"F","V348F",-0.101544243363442
"V",348,"G","V348G",-0.047057996227575
"V",348,"H","V348H",-0.158203189480785
"V",348,"I","V348I",-0.144402518457793
"V",348,"K","V348K",-0.767593550112016
"V",348,"L","V348L",0.0395588889713879
"V",348,"M","V348M",-0.0471219750034514
"V",348,"N","V348N",-1.48792193389675
"V",348,"P","V348P",0.0993180914483001
"V",348,"Q","V348Q",-0.242293274538161
"V",348,"R","V348R",-0.752107210414564
"V",348,"S","V348S",-0.103534817753596
"V",348,"T","V348T",0.370977142462614
"V",348,"W","V348W",-0.453957208131208
"V",348,"Y","V348Y",-0.144535175363256
"Y",349,"A","Y349A",-0.00272611179375148
"Y",349,"C","Y349C",0.56462956097511
"Y",349,"D","Y349D",-0.239039028018964
"Y",349,"E","Y349E",0.106332816673152
"Y",349,"F","Y349F",0.115638498451443
"Y",349,"G","Y349G",0.220230975798095
"Y",349,"H","Y349H",-0.562261995089134
"Y",349,"I","Y349I",-0.54565486878983
"Y",349,"K","Y349K",-0.265454098357099
"Y",349,"L","Y349L",-0.0269678322685958
"Y",349,"M","Y349M",-0.330571589896934
"Y",349,"N","Y349N",-0.0534443357055685
"Y",349,"P","Y349P",-1.32137734572817
"Y",349,"Q","Y349Q",-0.777715274378116
"Y",349,"R","Y349R",-0.373581069627832
"Y",349,"S","Y349S",-0.260106102500516
"Y",349,"T","Y349T",0.123090962890879
"Y",349,"V","Y349V",-0.456607771832275
"Y",349,"W","Y349W",-0.33690203984106
"T",350,"A","T350A",1.15121011625974
"T",350,"C","T350C",0.957600421366763
"T",350,"D","T350D",1.02528346571391
"T",350,"E","T350E",1.07971504249669
"T",350,"F","T350F",0.215490664930819
"T",350,"G","T350G",1.09712133311204
"T",350,"H","T350H",1.10389244704848
"T",350,"I","T350I",0.41931516520279
"T",350,"K","T350K",0.989602513047643
"T",350,"L","T350L",-0.0291972278584581
"T",350,"M","T350M",0.30508803236565
"T",350,"N","T350N",1.73026062813477
"T",350,"P","T350P",-0.158425481606099
"T",350,"Q","T350Q",-0.114870546403502
"T",350,"R","T350R",-0.153135717019595
"T",350,"S","T350S",0.662946117164465
"T",350,"V","T350V",0.142425430778984
"T",350,"W","T350W",0.104204105178153
"T",350,"Y","T350Y",0.86349552699044
"L",351,"A","L351A",0.689612703989226
"L",351,"C","L351C",0.301369169856857
"L",351,"D","L351D",0.551969571372422
"L",351,"E","L351E",0.31278358854602
"L",351,"F","L351F",0.837225295351311
"L",351,"G","L351G",0.645065984030471
"L",351,"H","L351H",-0.193695973837936
"L",351,"I","L351I",-0.229609714783052
"L",351,"K","L351K",0.372233487107986
"L",351,"M","L351M",0.249037701531292
"L",351,"N","L351N",0.894349601720771
"L",351,"P","L351P",0.351802210591269
"L",351,"Q","L351Q",0.00342354441728218
"L",351,"R","L351R",0.160101847121414
"L",351,"S","L351S",0.0797439516433067
"L",351,"T","L351T",0.558118528242307
"L",351,"V","L351V",-0.189501350958126
"L",351,"W","L351W",1.1176626993418
"L",351,"Y","L351Y",0.150196389884691
"P",352,"A","P352A",0.0960990747854905
"P",352,"C","P352C",0.812833943196935
"P",352,"D","P352D",0.601541082573742
"P",352,"E","P352E",0.197545610131312
"P",352,"F","P352F",0.483360195735964
"P",352,"G","P352G",0.274580854511244
"P",352,"H","P352H",0.101551148707743
"P",352,"I","P352I",0.204145223686304
"P",352,"K","P352K",0.204018909652005
"P",352,"L","P352L",0.168106675327143
"P",352,"M","P352M",0.0778576337895498
"P",352,"N","P352N",0.360562683475767
"P",352,"Q","P352Q",0.187926637594912
"P",352,"R","P352R",0.590640111334074
"P",352,"S","P352S",0.404660392646932
"P",352,"T","P352T",0.19989596866239
"P",352,"V","P352V",0.296187002294311
"P",352,"W","P352W",-0.023559973695524
"P",352,"Y","P352Y",0.0737272609578823
"P",353,"A","P353A",-0.398518465349383
"P",353,"C","P353C",0.549188719239891
"P",353,"D","P353D",-0.0351224086454332
"P",353,"E","P353E",-0.288738272058761
"P",353,"F","P353F",0.431817080233062
"P",353,"G","P353G",0.407285813038197
"P",353,"H","P353H",0.345501881997556
"P",353,"I","P353I",0.220079534270748
"P",353,"K","P353K",-0.112560746469487
"P",353,"L","P353L",0.305546895325105
"P",353,"M","P353M",0.404173100013987
"P",353,"N","P353N",0.448644619458795
"P",353,"Q","P353Q",0.141362824284799
"P",353,"R","P353R",-0.000912354978677007
"P",353,"S","P353S",-0.0490907718599075
"P",353,"T","P353T",0.592523815329499
"P",353,"V","P353V",0.140410622895118
"P",353,"W","P353W",0.406552046312501
"P",353,"Y","P353Y",0.0742173991275711
"S",354,"A","S354A",-0.438952641480437
"S",354,"C","S354C",0.450899518708649
"S",354,"D","S354D",0.293349881077759
"S",354,"E","S354E",0.191188377058822
"S",354,"F","S354F",0.164239502033639
"S",354,"G","S354G",-0.0116033564296959
"S",354,"H","S354H",0.462210693407753
"S",354,"I","S354I",-0.183023929007581
"S",354,"K","S354K",0.252142695691967
"S",354,"L","S354L",0.21797322125179
"S",354,"M","S354M",0.209688215549827
"S",354,"N","S354N",1.08807790596814
"S",354,"P","S354P",-0.129614235802547
"S",354,"Q","S354Q",-0.00231505404486846
"S",354,"R","S354R",1.02312473054241
"S",354,"T","S354T",0.151562466051094
"S",354,"V","S354V",-0.168668656733394
"S",354,"W","S354W",0.153171397751312
"S",354,"Y","S354Y",-0.101926387524977
"R",355,"A","R355A",0.302230421726949
"R",355,"C","R355C",0.113296859970175
"R",355,"D","R355D",0.275831034578581
"R",355,"E","R355E",0.442082473930213
"R",355,"F","R355F",0.124282465906295
"R",355,"G","R355G",0.303866712776174
"R",355,"H","R355H",0.258725928440249
"R",355,"I","R355I",0.129036470493427
"R",355,"K","R355K",0.233020087997204
"R",355,"L","R355L",-0.11638342719845
"R",355,"M","R355M",0.0659115387701108
"R",355,"N","R355N",0.108137579141671
"R",355,"P","R355P",-0.0783020173902215
"R",355,"Q","R355Q",0.00713644458479858
"R",355,"S","R355S",-0.056465034789445
"R",355,"T","R355T",0.266062249620961
"R",355,"V","R355V",-0.441231054338956
"R",355,"W","R355W",-0.198624474908962
"R",355,"Y","R355Y",0.0824426018283799
"D",356,"A","D356A",0.299745769582467
"D",356,"C","D356C",-0.148159011126931
"D",356,"E","D356E",0.245108372746006
"D",356,"F","D356F",0.225840242412155
"D",356,"G","D356G",-0.0146797168539492
"D",356,"H","D356H",0.374515389745034
"D",356,"I","D356I",0.316015944464564
"D",356,"K","D356K",0.347011034967413
"D",356,"L","D356L",-0.0473112257047543
"D",356,"M","D356M",0.146283802510541
"D",356,"N","D356N",0.0517927265154182
"D",356,"P","D356P",-0.0595289222645734
"D",356,"Q","D356Q",0.334156373518922
"D",356,"R","D356R",-0.227126159556218
"D",356,"S","D356S",0.492541609330984
"D",356,"T","D356T",0.155486231050095
"D",356,"V","D356V",-0.435174549787982
"D",356,"W","D356W",-0.117833724653012
"D",356,"Y","D356Y",0.5044966906205
"E",357,"A","E357A",-0.428946884563212
"E",357,"C","E357C",-0.243429363594498
"E",357,"D","E357D",-0.535472363309915
"E",357,"F","E357F",0.0830901440465752
"E",357,"G","E357G",-0.221157964275946
"E",357,"H","E357H",-0.0758028587579538
"E",357,"I","E357I",0.0503082665413663
"E",357,"K","E357K",-0.304375004729992
"E",357,"L","E357L",-0.495703991735135
"E",357,"M","E357M",-0.405288995647545
"E",357,"N","E357N",0.0418362765105034
"E",357,"Q","E357Q",0.00524363684814254
"E",357,"R","E357R",-0.155288947204975
"E",357,"S","E357S",0.110786887575759
"E",357,"T","E357T",-0.581187078685159
"E",357,"V","E357V",-0.232295967596537
"E",357,"W","E357W",0.0424219064795683
"E",357,"Y","E357Y",0.0129637960109717
"L",358,"A","L358A",0.0477406956541658
"L",358,"C","L358C",0.207914346066062
"L",358,"D","L358D",0.337392905115816
"L",358,"E","L358E",0.346586759417729
"L",358,"F","L358F",0.0231315136747387
"L",358,"G","L358G",0.286461454438659
"L",358,"H","L358H",0.270113417831248
"L",358,"I","L358I",-0.220063095000964
"L",358,"K","L358K",-0.080235527868928
"L",358,"M","L358M",0.246362614178367
"L",358,"N","L358N",0.343236211327054
"L",358,"P","L358P",-0.260806049055624
"L",358,"Q","L358Q",0.218109590897779
"L",358,"R","L358R",0.0475476516326028
"L",358,"S","L358S",0.207053073112872
"L",358,"T","L358T",0.62484154434782
"L",358,"V","L358V",-0.0824062716511126
"L",358,"W","L358W",0.611983988633334
"L",358,"Y","L358Y",-0.193431670851431
"T",359,"A","T359A",0.269437505389244
"T",359,"C","T359C",0.083650792521558
"T",359,"D","T359D",0.0305473723984403
"T",359,"E","T359E",0.307120443687987
"T",359,"F","T359F",0.13660709617021
"T",359,"G","T359G",-0.0190323004517366
"T",359,"H","T359H",0.087153392177471
"T",359,"I","T359I",0.210868291538526
"T",359,"K","T359K",0.139118447204323
"T",359,"L","T359L",0.0519224389633207
"T",359,"M","T359M",-0.0539078843323876
"T",359,"N","T359N",-0.151837975905209
"T",359,"P","T359P",-0.0252626886266639
"T",359,"Q","T359Q",-0.207387609385276
"T",359,"R","T359R",-0.112129916033843
"T",359,"S","T359S",0.207320964476534
"T",359,"V","T359V",0.116151771455815
"T",359,"W","T359W",0.982479899175114
"T",359,"Y","T359Y",0.0189094996776588
"K",360,"A","K360A",0.0292296343959638
"K",360,"C","K360C",0.0581096970136522
"K",360,"D","K360D",0.111245506437986
"K",360,"E","K360E",0.319327741203941
"K",360,"F","K360F",0.381689964078022
"K",360,"G","K360G",0.443097897292276
"K",360,"H","K360H",0.293602132906028
"K",360,"I","K360I",0.34266483029877
"K",360,"L","K360L",0.636346660821737
"K",360,"M","K360M",0.240557468025542
"K",360,"N","K360N",0.30544941106463
"K",360,"P","K360P",-0.311760984646171
"K",360,"Q","K360Q",0.391412773320492
"K",360,"R","K360R",0.314864818816039
"K",360,"S","K360S",0.990443663514232
"K",360,"T","K360T",0.604476355210681
"K",360,"V","K360V",-0.0330932811870884
"K",360,"W","K360W",0.554981632344607
"K",360,"Y","K360Y",-0.0516893579333673
"N",361,"A","N361A",0.103610455822469
"N",361,"C","N361C",-0.39031266429341
"N",361,"D","N361D",0.120478264218691
"N",361,"E","N361E",0.661302528202515
"N",361,"F","N361F",0.209236463772253
"N",361,"G","N361G",-0.766033023465055
"N",361,"H","N361H",-0.068325529213623
"N",361,"I","N361I",-0.0485210121955172
"N",361,"K","N361K",-0.0971175849951233
"N",361,"L","N361L",0.23135876708106
"N",361,"M","N361M",0.029727527314483
"N",361,"P","N361P",0.038500482153777
"N",361,"Q","N361Q",0.317793526153541
"N",361,"R","N361R",-0.169215938961618
"N",361,"S","N361S",0.320998294772277
"N",361,"T","N361T",0.0340825762978769
"N",361,"V","N361V",-0.129026760103357
"N",361,"W","N361W",-0.212573435181539
"N",361,"Y","N361Y",0.0086035228931942
"Q",362,"A","Q362A",0.36597186120137
"Q",362,"C","Q362C",-0.0600446129722118
"Q",362,"D","Q362D",0.502925772930429
"Q",362,"E","Q362E",0.189087829607934
"Q",362,"F","Q362F",0.579001719411774
"Q",362,"G","Q362G",0.756806273339489
"Q",362,"H","Q362H",0.351815843670364
"Q",362,"I","Q362I",0.0226026769279265
"Q",362,"K","Q362K",0.0992920794741236
"Q",362,"L","Q362L",0.0118737989140368
"Q",362,"M","Q362M",-0.0562424383454912
"Q",362,"N","Q362N",0.311209273218127
"Q",362,"P","Q362P",-0.205916224869146
"Q",362,"R","Q362R",-0.268971005167188
"Q",362,"S","Q362S",0.400727438049546
"Q",362,"T","Q362T",0.469000875525691
"Q",362,"V","Q362V",0.248837499413369
"Q",362,"W","Q362W",0.199593530400864
"Q",362,"Y","Q362Y",0.711066167111276
"V",363,"A","V363A",-0.0284396379693213
"V",363,"C","V363C",0.268038891669456
"V",363,"D","V363D",-0.0397776790372017
"V",363,"E","V363E",-0.102907934299334
"V",363,"F","V363F",-0.0620743523871103
"V",363,"G","V363G",0.0835608466658183
"V",363,"H","V363H",0.451125921608284
"V",363,"I","V363I",0.182508314606501
"V",363,"K","V363K",-0.0301459564680649
"V",363,"L","V363L",0.512808224991256
"V",363,"M","V363M",0.603933111814739
"V",363,"N","V363N",0.452168234184766
"V",363,"P","V363P",-0.0682734716655468
"V",363,"Q","V363Q",0.204800712669735
"V",363,"R","V363R",-0.226135605807618
"V",363,"S","V363S",0.585030554491737
"V",363,"T","V363T",-0.192609796289323
"V",363,"W","V363W",0.246853713808901
"V",363,"Y","V363Y",0.351505243018562
"S",364,"A","S364A",-0.110076772295335
"S",364,"C","S364C",-0.261450927717369
"S",364,"D","S364D",0.452810378301334
"S",364,"E","S364E",-0.0684332322543921
"S",364,"F","S364F",-0.271686460657559
"S",364,"G","S364G",0.441374493323403
"S",364,"H","S364H",-0.248310942571706
"S",364,"I","S364I",-0.30835948877845
"S",364,"K","S364K",-0.465188803296912
"S",364,"L","S364L",-0.0771751291685622
"S",364,"M","S364M",0.0974874116993943
"S",364,"N","S364N",-1.72205715238926
"S",364,"P","S364P",0.168577004674589
"S",364,"Q","S364Q",-0.119808969263805
"S",364,"R","S364R",-0.188940640239439
"S",364,"T","S364T",0.519712396158325
"S",364,"V","S364V",-0.433133531475863
"S",364,"W","S364W",-0.067171663216053
"S",364,"Y","S364Y",-0.274988190399409
"L",365,"A","L365A",0.0280272454957565
"L",365,"C","L365C",0.389096866927173
"L",365,"D","L365D",-0.64439527187535
"L",365,"E","L365E",-0.120906085433917
"L",365,"F","L365F",0.505013013112196
"L",365,"G","L365G",0.111265841132832
"L",365,"H","L365H",0.191386403862768
"L",365,"I","L365I",-0.0353645611777988
"L",365,"K","L365K",-0.17743681068782
"L",365,"M","L365M",-0.450798746807077
"L",365,"N","L365N",0.0158588805626055
"L",365,"P","L365P",0.242335982058929
"L",365,"Q","L365Q",0.160755483705509
"L",365,"R","L365R",-0.323808151176662
"L",365,"S","L365S",0.287009705322277
"L",365,"T","L365T",0.387080183226506
"L",365,"V","L365V",-0.419099430265492
"L",365,"W","L365W",0.572148722662329
"L",365,"Y","L365Y",0.160319684532019
"T",366,"A","T366A",0.0556563543453081
"T",366,"C","T366C",0.363393083497843
"T",366,"D","T366D",0.596594257762208
"T",366,"E","T366E",-0.185270488304392
"T",366,"F","T366F",0.926138232382914
"T",366,"G","T366G",-0.264697966634381
"T",366,"H","T366H",-0.40523621668639
"T",366,"I","T366I",1.94616903449792
"T",366,"K","T366K",-0.309109967702301
"T",366,"L","T366L",1.01855837876865
"T",366,"M","T366M",0.148446646331832
"T",366,"N","T366N",1.04362411813281
"T",366,"P","T366P",0.13223046953952
"T",366,"Q","T366Q",0.373668114513695
"T",366,"R","T366R",-0.884978013881756
"T",366,"S","T366S",0.349404211775861
"T",366,"V","T366V",3.24971234080401
"T",366,"W","T366W",0.304512455020692
"T",366,"Y","T366Y",0.429838324878669
"C",367,"A","C367A",-0.27075154030361
"C",367,"D","C367D",-1.0846026832575
"C",367,"E","C367E",-0.173840882512902
"C",367,"F","C367F",0.219468369012918
"C",367,"G","C367G",0.6106648423412
"C",367,"H","C367H",1.0184100921718
"C",367,"I","C367I",1.45940912328403
"C",367,"K","C367K",-0.574594163040934
"C",367,"L","C367L",0.368358257324169
"C",367,"M","C367M",0.466387825807327
"C",367,"N","C367N",-0.0536618545203695
"C",367,"P","C367P",-1.13761225389073
"C",367,"Q","C367Q",0.203479449284819
"C",367,"R","C367R",-0.836327052575946
"C",367,"S","C367S",-0.150314620756367
"C",367,"T","C367T",0.0337230559630498
"C",367,"V","C367V",0.475003357921387
"C",367,"W","C367W",-0.198090840266249
"C",367,"Y","C367Y",-0.136242642362907
"L",368,"A","L368A",0.213215451179269
"L",368,"C","L368C",-0.00304452745432289
"L",368,"D","L368D",0.137536767640762
"L",368,"E","L368E",-0.365082037031521
"L",368,"F","L368F",0.489340716864284
"L",368,"G","L368G",-0.375907213577801
"L",368,"H","L368H",0.387775276219875
"L",368,"I","L368I",0.203376929641613
"L",368,"K","L368K",-0.0114957159078392
"L",368,"M","L368M",0.153972426652528
"L",368,"N","L368N",-0.190222469628363
"L",368,"P","L368P",-0.685269245848598
"L",368,"Q","L368Q",-0.0233274794560019
"L",368,"R","L368R",-0.144788779653491
"L",368,"S","L368S",-0.489763608431244
"L",368,"T","L368T",-0.00474517119695922
"L",368,"V","L368V",0.158812458269651
"L",368,"W","L368W",-0.182388010628346
"L",368,"Y","L368Y",-0.074439365034236
"V",369,"A","V369A",-0.168355035084038
"V",369,"C","V369C",-0.0301701456581178
"V",369,"D","V369D",-0.3310553923132
"V",369,"E","V369E",-0.531581235698368
"V",369,"F","V369F",-0.199708880555847
"V",369,"G","V369G",-0.125924908522352
"V",369,"H","V369H",0.566402508562914
"V",369,"I","V369I",-0.281948496858958
"V",369,"K","V369K",-0.903164205675903
"V",369,"L","V369L",-0.644876669422038
"V",369,"M","V369M",0.176292113308443
"V",369,"N","V369N",-0.636152804331284
"V",369,"P","V369P",-0.489979540033478
"V",369,"Q","V369Q",-0.0138152757287537
"V",369,"R","V369R",-1.65738510632218
"V",369,"S","V369S",-0.526451824854207
"V",369,"T","V369T",-0.114444338413106
"V",369,"W","V369W",-0.285658655957752
"V",369,"Y","V369Y",-0.250769210441248
"K",370,"C","K370C",-0.191491745044827
"K",370,"D","K370D",0.24050686915602
"K",370,"E","K370E",1.34879486536751
"K",370,"F","K370F",0.194986674001661
"K",370,"G","K370G",0.0414866446703088
"K",370,"H","K370H",0.397550636738999
"K",370,"I","K370I",0.311071148328739
"K",370,"L","K370L",0.224541237955633
"K",370,"M","K370M",0.327926733898761
"K",370,"N","K370N",0.661133998965379
"K",370,"P","K370P",-0.003390340976579
"K",370,"Q","K370Q",0.233718302189112
"K",370,"R","K370R",-0.166409601780766
"K",370,"S","K370S",0.0161113909830546
"K",370,"T","K370T",0.0721667115059743
"K",370,"V","K370V",0.491570017688526
"K",370,"W","K370W",0.361627748675348
"K",370,"Y","K370Y",0.346698406802667
"G",371,"A","G371A",0.571294332017797
"G",371,"C","G371C",-0.0975980581053118
"G",371,"D","G371D",0.159232222586314
"G",371,"E","G371E",-0.120782553136383
"G",371,"F","G371F",-0.109022845156687
"G",371,"H","G371H",0.533164730342918
"G",371,"I","G371I",0.201199413319984
"G",371,"K","G371K",-0.570666965272254
"G",371,"L","G371L",0.110420964140376
"G",371,"M","G371M",0.0273265869125221
"G",371,"N","G371N",0.106775216967138
"G",371,"P","G371P",0.0182622342403013
"G",371,"Q","G371Q",-0.0128402564167237
"G",371,"R","G371R",-0.0939608019962519
"G",371,"S","G371S",-0.145808804534119
"G",371,"T","G371T",-0.0760909458920666
"G",371,"V","G371V",-0.181194814214189
"G",371,"W","G371W",0.198403233665995
"G",371,"Y","G371Y",0.403006292338633
"F",372,"A","F372A",-0.987524988816244
"F",372,"C","F372C",-0.10077888190095
"F",372,"D","F372D",2.42798468447114
"F",372,"E","F372E",1.26193797083015
"F",372,"G","F372G",-0.0818758351453927
"F",372,"H","F372H",1.22991937960019
"F",372,"I","F372I",1.12809040218112
"F",372,"K","F372K",1.59823841156879
"F",372,"L","F372L",0.949023711693411
"F",372,"M","F372M",0.193305189045492
"F",372,"N","F372N",0.324010616448153
"F",372,"P","F372P",0.841896205230526
"F",372,"Q","F372Q",0.954449380809306
"F",372,"R","F372R",0.868077959503419
"F",372,"S","F372S",-0.383429024877068
"F",372,"T","F372T",0.559082910079881
"F",372,"V","F372V",1.01017866734789
"F",372,"W","F372W",3.54135383695694
"F",372,"Y","F372Y",2.23126282476389
"Y",373,"A","Y373A",-0.118581770028938
"Y",373,"C","Y373C",-1.1125874184091
"Y",373,"D","Y373D",-0.382093866782558
"Y",373,"E","Y373E",0.0388984247680534
"Y",373,"F","Y373F",0.567983908119098
"Y",373,"G","Y373G",-1.01301788051065
"Y",373,"H","Y373H",0.707738481966109
"Y",373,"I","Y373I",0.0606984641921209
"Y",373,"K","Y373K",-0.035671135876903
"Y",373,"L","Y373L",-0.0248795714519568
"Y",373,"M","Y373M",-0.325787063919775
"Y",373,"N","Y373N",0.100940873300918
"Y",373,"P","Y373P",1.77682081019711
"Y",373,"Q","Y373Q",-0.600243538461891
"Y",373,"R","Y373R",-0.179450055420017
"Y",373,"S","Y373S",-1.10103823902358
"Y",373,"T","Y373T",-0.151521095198354
"Y",373,"V","Y373V",-0.745591264662873
"Y",373,"W","Y373W",1.20643461909064
"P",374,"A","P374A",-0.283891346597603
"P",374,"C","P374C",0.789785002532703
"P",374,"D","P374D",1.99042451442361
"P",374,"E","P374E",2.57597342413964
"P",374,"F","P374F",3.77202479452559
"P",374,"G","P374G",0.32297861792754
"P",374,"H","P374H",1.85954523684559
"P",374,"I","P374I",2.22469664834069
"P",374,"K","P374K",1.19613738569781
"P",374,"L","P374L",2.37747361428721
"P",374,"M","P374M",1.42613956153155
"P",374,"N","P374N",-0.00546374452473919
"P",374,"Q","P374Q",0.0759007109176962
"P",374,"R","P374R",1.59842454926043
"P",374,"S","P374S",0.0753875384421979
"P",374,"T","P374T",0.688046241639352
"P",374,"V","P374V",1.00480129673124
"P",374,"W","P374W",1.98606418688817
"P",374,"Y","P374Y",1.43051874497795
"S",375,"A","S375A",0.896743233444159
"S",375,"C","S375C",0.687634740015863
"S",375,"D","S375D",0.770330815817834
"S",375,"E","S375E",1.05537686061947
"S",375,"F","S375F",0.119253035320379
"S",375,"G","S375G",-0.301947547733006
"S",375,"H","S375H",0.576278800128679
"S",375,"I","S375I",2.63159249449543
"S",375,"K","S375K",0.434755813982844
"S",375,"L","S375L",1.5369759515343
"S",375,"M","S375M",0.644026119888898
"S",375,"N","S375N",0.0857084675866297
"S",375,"P","S375P",-0.203721948643368
"S",375,"Q","S375Q",0.0573018677199385
"S",375,"R","S375R",0.505175138919237
"S",375,"T","S375T",1.94615076808633
"S",375,"V","S375V",2.29006373279508
"S",375,"W","S375W",0.310415091384961
"S",375,"Y","S375Y",0.242975581789287
"D",376,"A","D376A",0.604137933220177
"D",376,"C","D376C",0.860566863873711
"D",376,"E","D376E",0.260479654741267
"D",376,"F","D376F",1.3003791156927
"D",376,"G","D376G",0.20336902944318
"D",376,"H","D376H",0.085580076201222
"D",376,"I","D376I",2.00097818185806
"D",376,"K","D376K",0.328976871632358
"D",376,"L","D376L",0.925952894664312
"D",376,"M","D376M",-0.370475255536151
"D",376,"N","D376N",0.101354034133023
"D",376,"P","D376P",1.7328094139607
"D",376,"Q","D376Q",0.0895881472322215
"D",376,"R","D376R",1.33186778206269
"D",376,"S","D376S",0.409644631697534
"D",376,"T","D376T",1.21630974157819
"D",376,"V","D376V",2.95871932605301
"D",376,"W","D376W",-2.78186602718281
"D",376,"Y","D376Y",0.504874781102839
"I",377,"A","I377A",-0.167138260124692
"I",377,"C","I377C",-0.18632675707755
"I",377,"D","I377D",0.83240301847229
"I",377,"E","I377E",0.531534932947595
"I",377,"F","I377F",2.76039103107113
"I",377,"G","I377G",0.518874306932399
"I",377,"H","I377H",2.0214652009879
"I",377,"K","I377K",1.16686921586325
"I",377,"L","I377L",0.247386246081479
"I",377,"M","I377M",0.109891796098284
"I",377,"N","I377N",1.05496665559919
"I",377,"P","I377P",2.15104233656728
"I",377,"Q","I377Q",1.33453932666562
"I",377,"R","I377R",1.38924960734984
"I",377,"S","I377S",0.00830230302995854
"I",377,"T","I377T",-0.261999646635002
"I",377,"V","I377V",-0.0269898163504613
"I",377,"W","I377W",3.86109939714558
"I",377,"Y","I377Y",3.01178846863014
"A",378,"C","A378C",0.785494475920286
"A",378,"D","A378D",0.253517433257006
"A",378,"E","A378E",0.953043758188954
"A",378,"F","A378F",0.0269656104678397
"A",378,"G","A378G",-0.236127388662196
"A",378,"H","A378H",0.0804261658035326
"A",378,"I","A378I",1.53823395062114
"A",378,"K","A378K",0.0172285994493388
"A",378,"L","A378L",1.3836237325268
"A",378,"M","A378M",0.636044615602605
"A",378,"N","A378N",0.0163059445535018
"A",378,"P","A378P",3.39703644146504
"A",378,"Q","A378Q",0.539473389814303
"A",378,"R","A378R",0.475173932168571
"A",378,"S","A378S",-0.32179783364818
"A",378,"T","A378T",0.93400403853224
"A",378,"V","A378V",2.43688983304651
"A",378,"W","A378W",-0.54785792589845
"A",378,"Y","A378Y",-0.223262956134373
"V",379,"A","V379A",-0.625136926548481
"V",379,"C","V379C",-0.10526291301076
"V",379,"D","V379D",1.14833871731878
"V",379,"E","V379E",0.665256594784369
"V",379,"F","V379F",1.36804332670032
"V",379,"G","V379G",-0.290398908548763
"V",379,"H","V379H",1.82763982869483
"V",379,"I","V379I",0.819345494249736
"V",379,"K","V379K",0.388243672668877
"V",379,"L","V379L",0.285485903752652
"V",379,"M","V379M",-0.148861116027439
"V",379,"N","V379N",0.234980225656175
"V",379,"P","V379P",0.251033117364421
"V",379,"Q","V379Q",0.822147919727848
"V",379,"R","V379R",-0.281249048381288
"V",379,"S","V379S",0.122661385987158
"V",379,"T","V379T",0.109248642452828
"V",379,"W","V379W",3.00888418166515
"V",379,"Y","V379Y",2.4909782872734
"E",380,"A","E380A",0.185950685395943
"E",380,"C","E380C",0.0412064050977558
"E",380,"D","E380D",-0.207133262885747
"E",380,"F","E380F",0.492975288558378
"E",380,"G","E380G",-0.0612981843873195
"E",380,"H","E380H",-0.036495885993791
"E",380,"I","E380I",0.0896167170229178
"E",380,"K","E380K",-0.019932832534103
"E",380,"L","E380L",-0.899033268967112
"E",380,"M","E380M",0.994130389217521
"E",380,"N","E380N",-0.200828426336941
"E",380,"P","E380P",-0.137311832802787
"E",380,"Q","E380Q",0.265331314800718
"E",380,"R","E380R",0.325693824120423
"E",380,"S","E380S",0.52677237071665
"E",380,"T","E380T",-0.189897432761126
"E",380,"V","E380V",0.496769443455756
"E",380,"W","E380W",-0.652576607598576
"E",380,"Y","E380Y",-0.229125870044671
"W",381,"A","W381A",-1.53426016794619
"W",381,"C","W381C",-1.68899784280671
"W",381,"D","W381D",-0.929664453435062
"W",381,"E","W381E",-2.05604345724027
"W",381,"F","W381F",0.27332261452448
"W",381,"G","W381G",-2.34056902082869
"W",381,"H","W381H",-0.0454764957890298
"W",381,"I","W381I",0.321107411636816
"W",381,"K","W381K",-2.77678593261523
"W",381,"L","W381L",-0.18064240645115
"W",381,"M","W381M",0.250594938178211
"W",381,"N","W381N",-2.11580771903058
"W",381,"P","W381P",-1.46192506212568
"W",381,"Q","W381Q",-0.661926447311567
"W",381,"R","W381R",-2.06474932637604
"W",381,"S","W381S",-1.59616595811634
"W",381,"T","W381T",-1.65614503768912
"W",381,"V","W381V",-0.0898699915468588
"W",381,"Y","W381Y",-0.0107083688526403
"E",382,"A","E382A",0.121712542085316
"E",382,"C","E382C",-0.022843195657369
"E",382,"D","E382D",0.495701464324526
"E",382,"F","E382F",-0.298027322689026
"E",382,"G","E382G",0.0787293769353826
"E",382,"H","E382H",0.447050119806489
"E",382,"I","E382I",-0.200524733551347
"E",382,"K","E382K",0.438413741264716
"E",382,"L","E382L",-0.0884029763429518
"E",382,"M","E382M",-0.137835349572668
"E",382,"N","E382N",0.630393218565006
"E",382,"P","E382P",0.300529600965463
"E",382,"Q","E382Q",0.394795327858257
"E",382,"R","E382R",0.467203140967852
"E",382,"S","E382S",0.206503752081941
"E",382,"T","E382T",0.514225763749023
"E",382,"V","E382V",0.507678279561016
"E",382,"W","E382W",-0.198278625255075
"E",382,"Y","E382Y",0.0941630635842834
"S",383,"A","S383A",0.0548624186220828
"S",383,"C","S383C",0.461462326821063
"S",383,"D","S383D",0.42609000230511
"S",383,"E","S383E",0.0659714265004058
"S",383,"F","S383F",0.0444857898722346
"S",383,"G","S383G",0.121248801449531
"S",383,"H","S383H",0.198633483295411
"S",383,"I","S383I",0.456849306162572
"S",383,"K","S383K",-0.0483518988906966
"S",383,"L","S383L",-0.286360259822104
"S",383,"M","S383M",-0.232637145134779
"S",383,"N","S383N",-0.246328497209466
"S",383,"P","S383P",-0.272035999415213
"S",383,"Q","S383Q",0.46356520229126
"S",383,"R","S383R",0.129176848114224
"S",383,"T","S383T",0.345685779817536
"S",383,"V","S383V",0.0767969965628634
"S",383,"W","S383W",0.00966341079456165
"S",383,"Y","S383Y",0.440612708440077
"N",384,"A","N384A",0.52604607142316
"N",384,"C","N384C",0.431348741508811
"N",384,"D","N384D",0.214208185929874
"N",384,"E","N384E",0.227577995107839
"N",384,"F","N384F",0.54170329453692
"N",384,"G","N384G",0.0503923054741739
"N",384,"H","N384H",0.142728767638988
"N",384,"I","N384I",-0.189109792329031
"N",384,"K","N384K",0.418535251951071
"N",384,"L","N384L",0.201939610186242
"N",384,"M","N384M",0.798106619032798
"N",384,"P","N384P",0.226142127333422
"N",384,"Q","N384Q",-0.217677893172832
"N",384,"R","N384R",0.442657686813531
"N",384,"S","N384S",0.124908278565146
"N",384,"T","N384T",0.0437530995482586
"N",384,"V","N384V",0.255011726947211
"N",384,"W","N384W",0.532146777260416
"N",384,"Y","N384Y",0.0211610819477946
"G",385,"A","G385A",0.0315073031884496
"G",385,"C","G385C",-0.0137731453013855
"G",385,"D","G385D",-0.272271512744235
"G",385,"E","G385E",0.181633092862142
"G",385,"F","G385F",0.0218250422980999
"G",385,"H","G385H",0.85157932811232
"G",385,"I","G385I",0.636235829984001
"G",385,"K","G385K",0.29218647914088
"G",385,"L","G385L",-0.146303700863755
"G",385,"M","G385M",0.169188555605466
"G",385,"N","G385N",0.0890259561648346
"G",385,"P","G385P",-0.0912001852754315
"G",385,"Q","G385Q",-0.164448810984312
"G",385,"R","G385R",0.0349829996049566
"G",385,"S","G385S",0.122932816241775
"G",385,"T","G385T",0.668312121263636
"G",385,"V","G385V",-0.0558399235687059
"G",385,"W","G385W",-0.067833037603821
"G",385,"Y","G385Y",-0.098499713379213
"Q",386,"A","Q386A",-0.069066476791638
"Q",386,"C","Q386C",0.00637529492752917
"Q",386,"D","Q386D",0.0391844025476768
"Q",386,"E","Q386E",0.598679006104742
"Q",386,"F","Q386F",0.085257567771258
"Q",386,"G","Q386G",0.0337050202863793
"Q",386,"H","Q386H",0.231865464601559
"Q",386,"I","Q386I",-0.0624175919391643
"Q",386,"K","Q386K",0.0416122895422251
"Q",386,"L","Q386L",0.076199972758911
"Q",386,"M","Q386M",0.244167139303427
"Q",386,"N","Q386N",0.271230491334498
"Q",386,"P","Q386P",0.111499564328418
"Q",386,"R","Q386R",-0.140323989132179
"Q",386,"S","Q386S",0.225855692298017
"Q",386,"V","Q386V",0.2195852942405
"Q",386,"W","Q386W",-0.156961870571073
"Q",386,"Y","Q386Y",0.190455021570589
"P",387,"A","P387A",0.381966286842407
"P",387,"C","P387C",0.763706277324499
"P",387,"D","P387D",0.356121972538768
"P",387,"E","P387E",-0.520410987213456
"P",387,"F","P387F",0.667616836112298
"P",387,"G","P387G",0.132523125904911
"P",387,"H","P387H",0.212749009250431
"P",387,"I","P387I",0.135228488564022
"P",387,"K","P387K",0.434903061046746
"P",387,"L","P387L",-0.951176557379141
"P",387,"M","P387M",0.0486162073836369
"P",387,"N","P387N",0.347721845362465
"P",387,"Q","P387Q",-0.165584840202457
"P",387,"R","P387R",0.00746724106833486
"P",387,"S","P387S",0.355299468002232
"P",387,"T","P387T",-0.136110592293508
"P",387,"V","P387V",0.597239134467085
"P",387,"W","P387W",0.525903877573061
"P",387,"Y","P387Y",0.335946876366927
"E",388,"A","E388A",0.0510431972001016
"E",388,"C","E388C",0.445361284938817
"E",388,"D","E388D",0.0605986820832954
"E",388,"F","E388F",0.0936007295541031
"E",388,"G","E388G",0.00556097532915916
"E",388,"H","E388H",-0.101791483521386
"E",388,"I","E388I",-0.00252783112579364
"E",388,"K","E388K",0.75960985725685
"E",388,"L","E388L",-0.226398473454705
"E",388,"M","E388M",-0.347344811483562
"E",388,"N","E388N",0.233262306516129
"E",388,"P","E388P",-0.0974000226610348
"E",388,"Q","E388Q",-0.0989123135766929
"E",388,"R","E388R",0.0928440207602242
"E",388,"S","E388S",-0.0335415293939516
"E",388,"T","E388T",-0.126703905947333
"E",388,"V","E388V",0.045199112058362
"E",388,"W","E388W",-0.512235507616513
"E",388,"Y","E388Y",0.00214364449241656
"N",389,"A","N389A",0.325369190740861
"N",389,"C","N389C",0.133764686910776
"N",389,"D","N389D",-0.0792235719497135
"N",389,"E","N389E",0.319269473399586
"N",389,"F","N389F",0.186935240302347
"N",389,"G","N389G",-1.10724843166111
"N",389,"H","N389H",0.8188575627671
"N",389,"I","N389I",0.44025433197297
"N",389,"K","N389K",0.154488097074951
"N",389,"L","N389L",-0.253660435129014
"N",389,"M","N389M",-0.0384447152174994
"N",389,"P","N389P",0.306596290166396
"N",389,"Q","N389Q",0.0332487340957448
"N",389,"R","N389R",0.27561609205955
"N",389,"S","N389S",-0.0199713664261816
"N",389,"T","N389T",1.29300835083991
"N",389,"V","N389V",-0.0511563231120313
"N",389,"W","N389W",0.508608210973711
"N",389,"Y","N389Y",-0.0441970153945218
"N",390,"A","N390A",0.415423421988962
"N",390,"C","N390C",0.0377193458820194
"N",390,"D","N390D",-0.286378553181017
"N",390,"E","N390E",0.737414018494775
"N",390,"F","N390F",-0.0502072975503363
"N",390,"G","N390G",0.108324121420563
"N",390,"H","N390H",0.0385053645367286
"N",390,"I","N390I",-0.154204561729866
"N",390,"K","N390K",0.118942719708991
"N",390,"L","N390L",0.463746683396228
"N",390,"M","N390M",-0.107324303626244
"N",390,"P","N390P",0.559530334886233
"N",390,"Q","N390Q",-0.32341222027321
"N",390,"R","N390R",-0.0391114333772273
"N",390,"S","N390S",0.0312420389776137
"N",390,"T","N390T",-0.224452792552736
"N",390,"V","N390V",0.386473720208281
"N",390,"W","N390W",-0.280660509193995
"N",390,"Y","N390Y",-0.0845401797015472
"Y",391,"A","Y391A",0.139709470922833
"Y",391,"C","Y391C",-0.10110965302992
"Y",391,"D","Y391D",-0.0129855611811692
"Y",391,"E","Y391E",0.743164724941381
"Y",391,"F","Y391F",0.218995952960679
"Y",391,"G","Y391G",-0.468121596739605
"Y",391,"H","Y391H",-0.317428797385615
"Y",391,"I","Y391I",0.192036225402757
"Y",391,"K","Y391K",0.480967515205008
"Y",391,"L","Y391L",0.710763163883322
"Y",391,"M","Y391M",-0.056803288454195
"Y",391,"N","Y391N",0.486087338836209
"Y",391,"P","Y391P",0.614288919678841
"Y",391,"Q","Y391Q",-0.512572688763626
"Y",391,"R","Y391R",0.74307578870381
"Y",391,"S","Y391S",0.223999834938998
"Y",391,"T","Y391T",-0.545474610618261
"Y",391,"V","Y391V",0.779213588804225
"Y",391,"W","Y391W",-0.139981723674965
"K",392,"A","K392A",-0.0522546649314792
"K",392,"C","K392C",-0.234646944717002
"K",392,"D","K392D",0.0762555501693235
"K",392,"E","K392E",-0.187697468075261
"K",392,"F","K392F",-0.109212076766455
"K",392,"G","K392G",-0.686048305179573
"K",392,"H","K392H",-0.473492198792522
"K",392,"I","K392I",0.888525832958076
"K",392,"L","K392L",0.529864428269314
"K",392,"M","K392M",0.424582199333517
"K",392,"N","K392N",-0.194825710022203
"K",392,"P","K392P",0.732308866973524
"K",392,"Q","K392Q",-0.0835579009398394
"K",392,"R","K392R",-0.31791277547815
"K",392,"S","K392S",0.363624406399386
"K",392,"T","K392T",0.569391465536813
"K",392,"V","K392V",1.01177603252086
"K",392,"W","K392W",-0.158250495594879
"K",392,"Y","K392Y",0.255031837284652
"T",393,"A","T393A",0.566087789946725
"T",393,"C","T393C",-0.444268112424171
"T",393,"D","T393D",0.272409981506359
"T",393,"E","T393E",0.114710130653067
"T",393,"F","T393F",-0.0383184229390408
"T",393,"G","T393G",-0.0521360156037426
"T",393,"H","T393H",2.02476791332999
"T",393,"I","T393I",0.69793157538451
"T",393,"K","T393K",0.476321839842995
"T",393,"L","T393L",0.309175256243732
"T",393,"M","T393M",0.298997391571523
"T",393,"N","T393N",0.198184686266774
"T",393,"P","T393P",0.5755049813365
"T",393,"Q","T393Q",1.02232975319546
"T",393,"R","T393R",0.571413481825124
"T",393,"S","T393S",0.0227779725624633
"T",393,"V","T393V",0.138638795518298
"T",393,"W","T393W",1.28525836689908
"T",393,"Y","T393Y",0.166676970225949
"T",394,"A","T394A",0.217493992151101
"T",394,"C","T394C",0.807709627006677
"T",394,"D","T394D",1.8623349945094
"T",394,"E","T394E",0.458511027413513
"T",394,"F","T394F",4.16115549454469
"T",394,"G","T394G",-0.464623793568391
"T",394,"H","T394H",1.12513439745732
"T",394,"I","T394I",2.69295560077945
"T",394,"K","T394K",3.02754080703334
"T",394,"L","T394L",2.5135835806918
"T",394,"M","T394M",0.596537100564706
"T",394,"N","T394N",1.80756472382321
"T",394,"P","T394P",1.20135953043046
"T",394,"Q","T394Q",0.888195621135148
"T",394,"R","T394R",2.82048086629933
"T",394,"S","T394S",0.1814717052589
"T",394,"V","T394V",1.29499753081195
"T",394,"W","T394W",4.7859539276933
"T",394,"Y","T394Y",2.73093477097812
"P",395,"A","P395A",0.144503590240991
"P",395,"C","P395C",-0.177446268623768
"P",395,"D","P395D",0.0142967823624841
"P",395,"E","P395E",-0.0560563621661204
"P",395,"F","P395F",-0.00332749303286279
"P",395,"G","P395G",0.159546546529343
"P",395,"H","P395H",0.0791900451587202
"P",395,"I","P395I",0.233826361094484
"P",395,"K","P395K",0.433461070081021
"P",395,"L","P395L",-0.299475936677804
"P",395,"M","P395M",0.458995217492734
"P",395,"N","P395N",0.866619278367362
"P",395,"Q","P395Q",0.0622562545925145
"P",395,"R","P395R",0.250353019707827
"P",395,"S","P395S",0.435796231538427
"P",395,"T","P395T",0.186497725590942
"P",395,"V","P395V",-0.276263385363774
"P",395,"W","P395W",1.3001469181406
"P",395,"Y","P395Y",0.0697736063304111
"P",396,"A","P396A",0.606973778215706
"P",396,"C","P396C",1.96789312077628
"P",396,"D","P396D",1.27050566962175
"P",396,"E","P396E",0.72051347043443
"P",396,"F","P396F",2.24079924757862
"P",396,"G","P396G",0.335396424556843
"P",396,"H","P396H",1.97931366347871
"P",396,"I","P396I",3.11263577287462
"P",396,"K","P396K",3.85855484237574
"P",396,"L","P396L",3.20607300066376
"P",396,"M","P396M",2.44554051394441
"P",396,"N","P396N",1.77927717210711
"P",396,"Q","P396Q",2.49219562096007
"P",396,"R","P396R",0.396012524828081
"P",396,"S","P396S",0.713383342329849
"P",396,"T","P396T",1.18515176623832
"P",396,"V","P396V",1.22774085373928
"P",396,"W","P396W",2.12134734398204
"P",396,"Y","P396Y",1.94178977717287
"V",397,"A","V397A",0.368147941051044
"V",397,"C","V397C",0.521615320072061
"V",397,"D","V397D",1.69088625772555
"V",397,"E","V397E",0.350129561643901
"V",397,"F","V397F",2.72690770073879
"V",397,"G","V397G",1.63890864741009
"V",397,"H","V397H",1.1086354454189
"V",397,"I","V397I",1.66163607602861
"V",397,"K","V397K",0.419199951598447
"V",397,"L","V397L",1.98208590321697
"V",397,"M","V397M",1.49590787714516
"V",397,"N","V397N",2.09274839469944
"V",397,"P","V397P",0.240339633301658
"V",397,"Q","V397Q",2.79647790098428
"V",397,"R","V397R",0.966276661597344
"V",397,"S","V397S",-0.139293019205904
"V",397,"T","V397T",-0.257662331080692
"V",397,"W","V397W",0.667909069396016
"V",397,"Y","V397Y",2.88727136208601
"L",398,"A","L398A",0.0161077483847259
"L",398,"C","L398C",1.00020142398003
"L",398,"D","L398D",0.345292072437902
"L",398,"E","L398E",0.274754825591208
"L",398,"F","L398F",-0.0817291781691883
"L",398,"G","L398G",0.120510908709432
"L",398,"H","L398H",-0.0236810731190701
"L",398,"I","L398I",0.828592583328851
"L",398,"K","L398K",0.160697796810081
"L",398,"M","L398M",0.209581145575779
"L",398,"N","L398N",0.484457361687874
"L",398,"P","L398P",-0.0594114820862177
"L",398,"Q","L398Q",0.0389640253896793
"L",398,"R","L398R",-0.194603995388537
"L",398,"S","L398S",0.0714250397318107
"L",398,"T","L398T",0.711602076894234
"L",398,"V","L398V",0.450833242085968
"L",398,"W","L398W",-0.114014542129184
"L",398,"Y","L398Y",0.0314345129968177
"D",399,"A","D399A",0.562646457616817
"D",399,"C","D399C",1.06840080993438
"D",399,"E","D399E",0.853590259454581
"D",399,"F","D399F",0.230993089276221
"D",399,"G","D399G",0.131594522703237
"D",399,"H","D399H",-0.159937886378813
"D",399,"I","D399I",1.31679261277087
"D",399,"K","D399K",0.782586831266902
"D",399,"L","D399L",1.07685084224772
"D",399,"M","D399M",1.63304444965274
"D",399,"N","D399N",0.998175877439454
"D",399,"P","D399P",1.14042407171564
"D",399,"Q","D399Q",0.444037223093882
"D",399,"R","D399R",1.44142745134153
"D",399,"S","D399S",0.891297980285165
"D",399,"T","D399T",1.02967917323874
"D",399,"V","D399V",2.45966224852939
"D",399,"W","D399W",0.423745602358432
"D",399,"Y","D399Y",0.632262758921765
"S",400,"A","S400A",0.175736457525637
"S",400,"C","S400C",0.0205044856223197
"S",400,"D","S400D",0.463488966651102
"S",400,"E","S400E",0.415149709937442
"S",400,"F","S400F",0.154574939825578
"S",400,"G","S400G",1.23279223618502
"S",400,"H","S400H",-0.395627891848845
"S",400,"I","S400I",-0.268817274326221
"S",400,"K","S400K",0.26795046129093
"S",400,"L","S400L",0.0309963296389738
"S",400,"M","S400M",0.138155022840446
"S",400,"N","S400N",0.141152063679699
"S",400,"P","S400P",0.998366838997488
"S",400,"Q","S400Q",-0.0850745802116999
"S",400,"R","S400R",-0.100621719194159
"S",400,"T","S400T",0.0432003003718696
"S",400,"V","S400V",-0.310299024909984
"S",400,"W","S400W",0.195185861009686
"S",400,"Y","S400Y",-0.0363074572459656
"D",401,"A","D401A",0.0494618774423822
"D",401,"C","D401C",-0.100964185926988
"D",401,"E","D401E",0.171065676320777
"D",401,"F","D401F",0.369716514238552
"D",401,"G","D401G",0.495422351173252
"D",401,"H","D401H",0.239062886660233
"D",401,"I","D401I",0.174887463951333
"D",401,"K","D401K",0.315231933671884
"D",401,"L","D401L",0.461726814192885
"D",401,"M","D401M",0.0884854713515916
"D",401,"N","D401N",-0.0678179897651814
"D",401,"P","D401P",1.24313871842275
"D",401,"Q","D401Q",0.435327858260621
"D",401,"R","D401R",0.0778841201510055
"D",401,"S","D401S",-0.0866780920309349
"D",401,"T","D401T",0.0463924001087798
"D",401,"V","D401V",-0.132295519961362
"D",401,"W","D401W",0.0158554430047915
"D",401,"Y","D401Y",0.396629101403076
"G",402,"A","G402A",-0.0507606310908913
"G",402,"C","G402C",1.83859711391012
"G",402,"D","G402D",-0.0509390542087124
"G",402,"E","G402E",0.738439925714077
"G",402,"F","G402F",-0.181445892888771
"G",402,"H","G402H",0.436187290221475
"G",402,"I","G402I",0.310037768113213
"G",402,"K","G402K",0.299124092860572
"G",402,"L","G402L",0.3447630952848
"G",402,"M","G402M",0.605941696861176
"G",402,"N","G402N",0.0339795762788639
"G",402,"P","G402P",-0.505347637500003
"G",402,"Q","G402Q",0.62378506108931
"G",402,"R","G402R",0.776987883531942
"G",402,"S","G402S",-0.268936901159997
"G",402,"T","G402T",0.129413665982736
"G",402,"V","G402V",0.267812209753217
"G",402,"W","G402W",0.251250796781374
"G",402,"Y","G402Y",0.2174424089047
"S",403,"A","S403A",0.143552085524931
"S",403,"C","S403C",0.131290167178249
"S",403,"D","S403D",0.471378568958685
"S",403,"E","S403E",0.23003182943579
"S",403,"F","S403F",0.359287950210888
"S",403,"G","S403G",0.841231135018916
"S",403,"H","S403H",-0.0570162557751975
"S",403,"I","S403I",0.409523457482918
"S",403,"K","S403K",-0.193925808957867
"S",403,"L","S403L",0.0994947557911106
"S",403,"M","S403M",0.267444644792521
"S",403,"N","S403N",0.0921572016083709
"S",403,"P","S403P",0.935929853828481
"S",403,"Q","S403Q",0.0546097808284384
"S",403,"R","S403R",0.189908617199786
"S",403,"T","S403T",1.31940672567906
"S",403,"V","S403V",0.658048779135133
"S",403,"W","S403W",0.165672891588492
"S",403,"Y","S403Y",-0.0140838599891609
"F",404,"A","F404A",-0.0553535766264003
"F",404,"C","F404C",0.00544966423466218
"F",404,"D","F404D",2.09525493612236
"F",404,"E","F404E",2.29427661201837
"F",404,"G","F404G",1.32690869111386
"F",404,"H","F404H",0.198112463071106
"F",404,"I","F404I",-0.0307384849427458
"F",404,"K","F404K",3.01097111801937
"F",404,"L","F404L",0.591402470430393
"F",404,"M","F404M",0.770135562065596
"F",404,"N","F404N",1.3927901124571
"F",404,"P","F404P",3.08192245699879
"F",404,"Q","F404Q",1.8054975596394
"F",404,"R","F404R",2.12148859551501
"F",404,"S","F404S",1.30293103622042
"F",404,"T","F404T",1.31785310655815
"F",404,"V","F404V",1.6888216750638
"F",404,"W","F404W",0.509012497715436
"F",404,"Y","F404Y",-0.208121109561002
"F",405,"A","F405A",0.387116538770281
"F",405,"C","F405C",0.273918401139726
"F",405,"D","F405D",2.31820709777011
"F",405,"E","F405E",3.32536448309311
"F",405,"G","F405G",0.741290162658527
"F",405,"H","F405H",0.0806584183082787
"F",405,"I","F405I",0.378410144597576
"F",405,"K","F405K",-1.59757270238123
"F",405,"L","F405L",0.102220014101132
"F",405,"M","F405M",0.598317901006253
"F",405,"N","F405N",1.42672717711551
"F",405,"P","F405P",-1.25248025055874
"F",405,"Q","F405Q",1.67213980732166
"F",405,"R","F405R",-1.05269762123625
"F",405,"S","F405S",2.43874489150805
"F",405,"T","F405T",0.609399785739428
"F",405,"V","F405V",0.508494991939368
"F",405,"W","F405W",1.95613526876589
"F",405,"Y","F405Y",0.848637484015148
"L",406,"A","L406A",-0.190164006916694
"L",406,"C","L406C",-0.602823801662243
"L",406,"D","L406D",-0.149974160554267
"L",406,"E","L406E",-0.171293749957509
"L",406,"F","L406F",2.49286046309435
"L",406,"G","L406G",-0.8972302013953
"L",406,"H","L406H",0.978341764907103
"L",406,"I","L406I",-0.198977040912399
"L",406,"K","L406K",-0.00471988474954875
"L",406,"M","L406M",1.26992103223296
"L",406,"N","L406N",-0.337226278843808
"L",406,"P","L406P",-1.2616561895697
"L",406,"Q","L406Q",0.676783643754126
"L",406,"R","L406R",0.606688393787149
"L",406,"S","L406S",0.027478127876655
"L",406,"T","L406T",-0.453690806553701
"L",406,"V","L406V",-0.628959846949138
"L",406,"W","L406W",2.75384108993387
"L",406,"Y","L406Y",1.32561275762737
"Y",407,"A","Y407A",-0.12628340936313
"Y",407,"C","Y407C",-0.150756703178563
"Y",407,"D","Y407D",0.2155256242604
"Y",407,"E","Y407E",-1.80216517068823
"Y",407,"F","Y407F",0.226011573471768
"Y",407,"G","Y407G",-0.156321198909202
"Y",407,"H","Y407H",0.0025621114496326
"Y",407,"I","Y407I",0.850128117241325
"Y",407,"K","Y407K",-1.46195202588754
"Y",407,"L","Y407L",0.169989425585859
"Y",407,"M","Y407M",-0.0532769636906044
"Y",407,"N","Y407N",0.0251180763912487
"Y",407,"P","Y407P",-0.138442921341681
"Y",407,"Q","Y407Q",-0.689216238883062
"Y",407,"R","Y407R",-2.02301235049774
"Y",407,"S","Y407S",-0.503121292979717
"Y",407,"T","Y407T",0.0100403117593144
"Y",407,"V","Y407V",0.712990626095328
"Y",407,"W","Y407W",2.46255088068837
"S",408,"A","S408A",-0.301598375818459
"S",408,"C","S408C",0.0588573361773858
"S",408,"D","S408D",0.305911390283465
"S",408,"E","S408E",0.440555061214676
"S",408,"F","S408F",2.21865217771306
"S",408,"G","S408G",-0.231722742438813
"S",408,"H","S408H",2.11250200842291
"S",408,"I","S408I",1.44631374269378
"S",408,"K","S408K",2.54762990893505
"S",408,"L","S408L",1.12857985018975
"S",408,"M","S408M",-0.153426537147839
"S",408,"N","S408N",0.0985192573574084
"S",408,"P","S408P",-0.749872117924578
"S",408,"Q","S408Q",2.13074726586607
"S",408,"R","S408R",2.81045936104796
"S",408,"T","S408T",-0.0504993856579009
"S",408,"V","S408V",0.527128059196978
"S",408,"W","S408W",0.915716168898738
"S",408,"Y","S408Y",3.95498569792286
"K",409,"A","K409A",0.32977972278315
"K",409,"C","K409C",0.356449172423141
"K",409,"D","K409D",0.755052686941938
"K",409,"E","K409E",0.592791788477743
"K",409,"F","K409F",0.637412680979205
"K",409,"G","K409G",0.694238444892269
"K",409,"H","K409H",0.696269956318635
"K",409,"I","K409I",1.19629109499197
"K",409,"L","K409L",0.952501632009661
"K",409,"M","K409M",0.717985248403437
"K",409,"N","K409N",-3.09472250944307
"K",409,"P","K409P",0.200976990971301
"K",409,"Q","K409Q",0.772734585932638
"K",409,"R","K409R",1.53637406735693
"K",409,"S","K409S",0.659155064181707
"K",409,"T","K409T",0.590977532460895
"K",409,"V","K409V",1.11115872217675
"K",409,"W","K409W",0.509406669488195
"K",409,"Y","K409Y",0.603905789405877
"L",410,"A","L410A",-0.185850875532315
"L",410,"C","L410C",-0.0498941421741552
"L",410,"D","L410D",-0.378839391671455
"L",410,"E","L410E",-0.0646414882803259
"L",410,"F","L410F",0.127553673997797
"L",410,"G","L410G",-0.362878795963254
"L",410,"H","L410H",0.358742342900242
"L",410,"I","L410I",0.4634989714848
"L",410,"K","L410K",-0.658902487415773
"L",410,"M","L410M",0.0528505056425172
"L",410,"N","L410N",-0.172840665396071
"L",410,"P","L410P",-1.76348182465952
"L",410,"Q","L410Q",0.140281610609692
"L",410,"R","L410R",-0.0393319088497916
"L",410,"S","L410S",-0.304005288803209
"L",410,"T","L410T",0.270858799762744
"L",410,"V","L410V",-0.202498396375161
"L",410,"W","L410W",0.468921854837054
"L",410,"Y","L410Y",-0.0669299927191129
"T",411,"A","T411A",0.500319629785716
"T",411,"C","T411C",-0.178912425058393
"T",411,"D","T411D",0.188907266749514
"T",411,"E","T411E",-0.112507633963201
"T",411,"F","T411F",-0.390077898418412
"T",411,"G","T411G",0.0446550791704223
"T",411,"H","T411H",0.166194748923623
"T",411,"I","T411I",0.0372022760703286
"T",411,"K","T411K",0.0155108654804745
"T",411,"L","T411L",-0.191323728231296
"T",411,"M","T411M",0.222733315872013
"T",411,"N","T411N",0.285191790857753
"T",411,"P","T411P",-0.0710135947458519
"T",411,"Q","T411Q",0.0538661236901573
"T",411,"R","T411R",-0.369702775819109
"T",411,"S","T411S",0.125936378029873
"T",411,"V","T411V",0.05677713908278
"T",411,"W","T411W",0.393444847851216
"T",411,"Y","T411Y",0.118198067351284
"V",412,"A","V412A",0.132687756918383
"V",412,"C","V412C",-0.418482524835702
"V",412,"D","V412D",0.359934551811072
"V",412,"E","V412E",-0.151261633935979
"V",412,"F","V412F",-0.0382092470352998
"V",412,"G","V412G",0.192029293493782
"V",412,"H","V412H",0.232231477948319
"V",412,"I","V412I",0.23137169907886
"V",412,"K","V412K",-0.426093178438882
"V",412,"L","V412L",0.0794913836304608
"V",412,"M","V412M",0.0590283835916609
"V",412,"N","V412N",0.0934071345504585
"V",412,"P","V412P",0.506715614209027
"V",412,"Q","V412Q",-0.318529766694284
"V",412,"R","V412R",-0.0782754929893821
"V",412,"S","V412S",-0.511875093308541
"V",412,"T","V412T",0.0622932950617271
"V",412,"W","V412W",0.127471305829526
"V",412,"Y","V412Y",0.78974394494243
"D",413,"A","D413A",-0.126688127256299
"D",413,"C","D413C",-0.927840308565728
"D",413,"E","D413E",0.389574577593942
"D",413,"F","D413F",-0.249569533149254
"D",413,"G","D413G",0.53015193962694
"D",413,"H","D413H",-0.266365984839239
"D",413,"I","D413I",0.180345474153181
"D",413,"K","D413K",-0.304890174670351
"D",413,"L","D413L",-0.0901580724637069
"D",413,"M","D413M",0.505932166180468
"D",413,"N","D413N",0.708291565898013
"D",413,"P","D413P",-0.25817054667503
"D",413,"Q","D413Q",-0.227966742148986
"D",413,"R","D413R",0.237370907247717
"D",413,"S","D413S",-0.272325015240848
"D",413,"T","D413T",-0.173023800047183
"D",413,"V","D413V",-0.266355285200402
"D",413,"W","D413W",-0.287894198645522
"D",413,"Y","D413Y",0.0946895446144552
"K",414,"A","K414A",0.35220461175581
"K",414,"C","K414C",0.471616698478358
"K",414,"D","K414D",0.385776072877837
"K",414,"E","K414E",0.29563032934608
"K",414,"F","K414F",0.333540246042963
"K",414,"G","K414G",0.0529493299522864
"K",414,"H","K414H",0.549285410759298
"K",414,"I","K414I",0.0619299062809684
"K",414,"L","K414L",0.556532289999295
"K",414,"M","K414M",0.635715311240615
"K",414,"N","K414N",0.0904037618938783
"K",414,"P","K414P",0.210977548488307
"K",414,"Q","K414Q",0.741164954102871
"K",414,"R","K414R",0.188102405659308
"K",414,"S","K414S",0.479960374541131
"K",414,"T","K414T",0.165779053003847
"K",414,"V","K414V",-0.205103443842521
"K",414,"W","K414W",0.11063309909851
"K",414,"Y","K414Y",-0.0323591829535808
"S",415,"A","S415A",0.214593709058354
"S",415,"C","S415C",-0.648002251564221
"S",415,"D","S415D",0.46311410045168
"S",415,"E","S415E",0.344754428522327
"S",415,"F","S415F",0.176516024426955
"S",415,"G","S415G",0.543799318544673
"S",415,"H","S415H",0.355806888743143
"S",415,"I","S415I",0.296797824027688
"S",415,"K","S415K",0.137924055282338
"S",415,"L","S415L",0.143870163449705
"S",415,"M","S415M",0.899437892500531
"S",415,"N","S415N",0.171521029079698
"S",415,"P","S415P",-0.100960145575958
"S",415,"Q","S415Q",-0.0503012020303691
"S",415,"R","S415R",0.117168555037583
"S",415,"T","S415T",0.530297453679213
"S",415,"V","S415V",0.0532932362045942
"S",415,"W","S415W",-0.0182916660605446
"S",415,"Y","S415Y",-0.460160023251489
"R",416,"A","R416A",0.453699203983372
"R",416,"C","R416C",0.124023091673555
"R",416,"D","R416D",0.467159465149226
"R",416,"E","R416E",0.403934202399171
"R",416,"F","R416F",0.37536161506186
"R",416,"G","R416G",-0.0584681670538563
"R",416,"H","R416H",-0.11731605209056
"R",416,"I","R416I",0.330247363971787
"R",416,"K","R416K",0.242593602436994
"R",416,"L","R416L",-0.305325385783565
"R",416,"M","R416M",0.28271011780146
"R",416,"N","R416N",0.628453480730427
"R",416,"P","R416P",0.355058714604691
"R",416,"Q","R416Q",0.684703678072885
"R",416,"S","R416S",0.023795421669908
"R",416,"T","R416T",0.297490461929265
"R",416,"V","R416V",0.725686066818242
"R",416,"W","R416W",0.128420038653846
"R",416,"Y","R416Y",0.151407610867351
"W",417,"A","W417A",0.176794455836164
"W",417,"C","W417C",0.264452792432002
"W",417,"D","W417D",0.314066681101988
"W",417,"E","W417E",0.249683209741916
"W",417,"F","W417F",0.490117074647708
"W",417,"G","W417G",0.0843502535022027
"W",417,"H","W417H",-0.0235933423050892
"W",417,"I","W417I",0.178745616882036
"W",417,"K","W417K",0.0865033287413963
"W",417,"L","W417L",-0.181043904682744
"W",417,"M","W417M",0.429858015522067
"W",417,"N","W417N",0.159986523252178
"W",417,"P","W417P",-0.089288906162837
"W",417,"Q","W417Q",-0.155509212849037
"W",417,"R","W417R",0.393837780101248
"W",417,"S","W417S",-0.378825448943203
"W",417,"T","W417T",0.532292380400986
"W",417,"V","W417V",-0.010632966825437
"W",417,"Y","W417Y",0.139287208973872
"Q",418,"A","Q418A",0.390828281113425
"Q",418,"C","Q418C",0.0608291970859738
"Q",418,"D","Q418D",0.159267541919778
"Q",418,"E","Q418E",0.378164345140354
"Q",418,"F","Q418F",-0.327815549401115
"Q",418,"G","Q418G",0.609681549961752
"Q",418,"H","Q418H",-0.346874814032477
"Q",418,"I","Q418I",1.00162345185709
"Q",418,"K","Q418K",0.0510291236370946
"Q",418,"L","Q418L",0.401441061952347
"Q",418,"M","Q418M",0.530828421825144
"Q",418,"N","Q418N",0.0245666145133502
"Q",418,"P","Q418P",0.02106943005024
"Q",418,"R","Q418R",0.0114160056926105
"Q",418,"S","Q418S",0.124216124295308
"Q",418,"T","Q418T",0.0835888563997737
"Q",418,"V","Q418V",-0.411384884459192
"Q",418,"W","Q418W",-0.0457562169091589
"Q",418,"Y","Q418Y",-0.0326459821242514
"Q",419,"A","Q419A",-0.14387866852467
"Q",419,"C","Q419C",-0.00619222401661804
"Q",419,"D","Q419D",0.718779624975512
"Q",419,"E","Q419E",0.388157787775182
"Q",419,"F","Q419F",0.129262337414701
"Q",419,"G","Q419G",-0.487595781108272
"Q",419,"H","Q419H",-0.295787528852281
"Q",419,"I","Q419I",-0.412014614885589
"Q",419,"K","Q419K",0.0315528736270158
"Q",419,"L","Q419L",0.25036138085536
"Q",419,"M","Q419M",0.251651596163141
"Q",419,"N","Q419N",0.849385819456127
"Q",419,"P","Q419P",0.14240483780285
"Q",419,"R","Q419R",0.132865639727843
"Q",419,"S","Q419S",0.81254125366047
"Q",419,"T","Q419T",0.332206668617222
"Q",419,"V","Q419V",0.215102988351623
"Q",419,"W","Q419W",-0.602117562529842
"Q",419,"Y","Q419Y",-0.116081650822544
"G",420,"A","G420A",0.448769582421393
"G",420,"C","G420C",0.132678426163831
"G",420,"D","G420D",0.25014404712104
"G",420,"E","G420E",0.0262173780626493
"G",420,"F","G420F",0.0315750041391475
"G",420,"H","G420H",0.680929382522313
"G",420,"I","G420I",-0.0778848691560432
"G",420,"K","G420K",-0.518634572719085
"G",420,"L","G420L",-0.0840108190825097
"G",420,"M","G420M",0.0458443672678862
"G",420,"N","G420N",-0.0889068760917852
"G",420,"P","G420P",-0.040366591608354
"G",420,"Q","G420Q",0.13638365884596
"G",420,"R","G420R",0.452830278599977
"G",420,"S","G420S",0.321807127431908
"G",420,"T","G420T",0.383123360076684
"G",420,"V","G420V",0.185767031155203
"G",420,"W","G420W",0.120183610431537
"G",420,"Y","G420Y",0.941794043755846
"N",421,"A","N421A",0.120622238781818
"N",421,"C","N421C",-0.152808694665028
"N",421,"D","N421D",0.73005460993454
"N",421,"E","N421E",-0.0788492974945625
"N",421,"F","N421F",-0.699127087554173
"N",421,"G","N421G",-0.347218945559344
"N",421,"H","N421H",0.102264457387691
"N",421,"I","N421I",0.685844302470238
"N",421,"K","N421K",0.320297188007444
"N",421,"L","N421L",0.0506185346461862
"N",421,"M","N421M",0.127737389576248
"N",421,"P","N421P",0.0418983754572555
"N",421,"Q","N421Q",-0.0186016664333014
"N",421,"R","N421R",-0.0133670413837016
"N",421,"S","N421S",-0.382304730269757
"N",421,"T","N421T",0.0755794432797647
"N",421,"V","N421V",0.00484305324051342
"N",421,"W","N421W",0.0013417774293239
"N",421,"Y","N421Y",0.387519966862129
"V",422,"A","V422A",0.343885315173806
"V",422,"C","V422C",0.171879550996876
"V",422,"D","V422D",-0.0100347125171505
"V",422,"E","V422E",-0.0551609007475945
"V",422,"F","V422F",-0.114756394164664
"V",422,"G","V422G",0.0629704598414987
"V",422,"H","V422H",0.109557599254929
"V",422,"I","V422I",-0.0435572605583409
"V",422,"K","V422K",0.122855443352158
"V",422,"L","V422L",0.421998541720946
"V",422,"M","V422M",0.0765545913934205
"V",422,"N","V422N",1.06960627925117
"V",422,"P","V422P",0.292876663465455
"V",422,"Q","V422Q",-0.227132181599083
"V",422,"R","V422R",0.359365913119751
"V",422,"S","V422S",0.272155751768888
"V",422,"T","V422T",-0.029918052319537
"V",422,"W","V422W",0.650467398368947
"V",422,"Y","V422Y",0.476406797627502
"F",423,"A","F423A",0.194383353726486
"F",423,"C","F423C",-0.545043658608838
"F",423,"D","F423D",-0.16209072473855
"F",423,"E","F423E",-0.157801465107832
"F",423,"G","F423G",0.0222622503439323
"F",423,"H","F423H",0.878694233466994
"F",423,"I","F423I",-0.225278395933871
"F",423,"K","F423K",0.419770135615276
"F",423,"L","F423L",0.287420289692368
"F",423,"M","F423M",-0.0252341715287304
"F",423,"N","F423N",-0.2839690796593
"F",423,"P","F423P",0.68864009562182
"F",423,"Q","F423Q",0.286897594778391
"F",423,"R","F423R",-0.261503313462592
"F",423,"S","F423S",0.452616816167715
"F",423,"T","F423T",0.129177357788606
"F",423,"V","F423V",-0.260047293715188
"F",423,"W","F423W",0.250775462965472
"F",423,"Y","F423Y",0.16758101059509
"S",424,"A","S424A",0.0311049198598372
"S",424,"C","S424C",-0.107163654206864
"S",424,"D","S424D",-0.0546732553518502
"S",424,"E","S424E",-0.393052644189971
"S",424,"F","S424F",-0.0408257190188631
"S",424,"G","S424G",0.130909830175784
"S",424,"H","S424H",-0.608980235158796
"S",424,"I","S424I",0.0087109480274885
"S",424,"K","S424K",0.0923744218389602
"S",424,"L","S424L",-0.37766235873794
"S",424,"M","S424M",0.278199134793843
"S",424,"N","S424N",0.597810996695514
"S",424,"P","S424P",0.16031021872731
"S",424,"Q","S424Q",-0.089759803033262
"S",424,"R","S424R",0.46396255397079
"S",424,"T","S424T",-0.390983351606331
"S",424,"V","S424V",0.0137728170633764
"S",424,"W","S424W",-0.0336173728002301
"S",424,"Y","S424Y",-0.143342223216405
"C",425,"A","C425A",0.288592003962169
"C",425,"D","C425D",-1.11612594933181
"C",425,"E","C425E",-1.20059963699215
"C",425,"F","C425F",1.72026753777424
"C",425,"G","C425G",-0.0911066852152956
"C",425,"H","C425H",0.558594071104592
"C",425,"I","C425I",0.687158712942132
"C",425,"K","C425K",-0.533963542941153
"C",425,"L","C425L",0.17106933355823
"C",425,"M","C425M",0.718873951988491
"C",425,"N","C425N",-0.748423840300582
"C",425,"P","C425P",0.0892465345066211
"C",425,"Q","C425Q",-0.584542645407256
"C",425,"R","C425R",-1.00326814910311
"C",425,"S","C425S",0.226755927901867
"C",425,"T","C425T",-0.242258295958079
"C",425,"V","C425V",0.436009629058019
"C",425,"W","C425W",-0.0599519389156486
"C",425,"Y","C425Y",0.630936848266646
"S",426,"A","S426A",0.0723339003274107
"S",426,"C","S426C",0.461456581262611
"S",426,"D","S426D",0.217332861624898
"S",426,"E","S426E",-0.160481553756315
"S",426,"F","S426F",0.520165130577592
"S",426,"G","S426G",0.538323253153074
"S",426,"H","S426H",0.0163938852232597
"S",426,"I","S426I",-0.311988606305202
"S",426,"K","S426K",0.371087834381869
"S",426,"L","S426L",0.0458688006154653
"S",426,"M","S426M",0.275367954833595
"S",426,"N","S426N",0.361109448477985
"S",426,"P","S426P",0.0643172161370765
"S",426,"Q","S426Q",-0.347112543505976
"S",426,"R","S426R",0.203710874625005
"S",426,"T","S426T",0.717988844172016
"S",426,"V","S426V",0.378386121341648
"S",426,"W","S426W",0.216739563456858
"S",426,"Y","S426Y",0.468961783283745
"V",427,"A","V427A",0.133686957304182
"V",427,"C","V427C",0.0132930442952558
"V",427,"D","V427D",-0.509855541054746
"V",427,"E","V427E",-0.355335844382016
"V",427,"F","V427F",0.319162181454682
"V",427,"G","V427G",0.429548028665856
"V",427,"H","V427H",-0.370597579118434
"V",427,"I","V427I",0.316351296809875
"V",427,"K","V427K",-1.3163949626213
"V",427,"L","V427L",-0.370939273060145
"V",427,"M","V427M",-0.191469868167333
"V",427,"N","V427N",0.0487590143866287
"V",427,"P","V427P",-0.31847200291151
"V",427,"Q","V427Q",-0.667340326928408
"V",427,"R","V427R",-1.0507995804923
"V",427,"S","V427S",-0.150022274796842
"V",427,"T","V427T",0.0781378805014182
"V",427,"W","V427W",0.920996685646856
"V",427,"Y","V427Y",0.120389947240434
"M",428,"A","M428A",0.0112108387398984
"M",428,"C","M428C",-0.00701286930515665
"M",428,"D","M428D",0.672962981666776
"M",428,"E","M428E",1.31752758260477
"M",428,"F","M428F",0.347058122820162
"M",428,"G","M428G",-0.164210426201066
"M",428,"H","M428H",0.351867120214762
"M",428,"I","M428I",0.0822986257436968
"M",428,"K","M428K",-0.265191446448391
"M",428,"L","M428L",0.417699093238236
"M",428,"N","M428N",0.560041048278828
"M",428,"P","M428P",-0.297149006332252
"M",428,"Q","M428Q",0.242292246397751
"M",428,"R","M428R",0.711466853778192
"M",428,"S","M428S",0.737585391338316
"M",428,"T","M428T",0.599058898178203
"M",428,"V","M428V",0.22038794946914
"M",428,"W","M428W",0.985655882087914
"M",428,"Y","M428Y",0.498961255484489
"H",429,"A","H429A",-0.676819120722584
"H",429,"C","H429C",0.210674266041045
"H",429,"D","H429D",-1.68629555943668
"H",429,"E","H429E",-2.83068833888202
"H",429,"F","H429F",0.386595003929855
"H",429,"G","H429G",0.0995903181151279
"H",429,"I","H429I",-3.25349502172894
"H",429,"K","H429K",-3.13318839718622
"H",429,"L","H429L",-2.03028430553955
"H",429,"M","H429M",-0.329018122082359
"H",429,"N","H429N",1.29206614516909
"H",429,"P","H429P",-2.83030062340956
"H",429,"Q","H429Q",-0.281573209124844
"H",429,"R","H429R",-4.86143386485504
"H",429,"S","H429S",0.132999579468017
"H",429,"T","H429T",-1.84734399601951
"H",429,"V","H429V",-2.72291534158707
"H",429,"W","H429W",-3.43596117669349
"H",429,"Y","H429Y",-3.28848121725751
"E",430,"A","E430A",0.0795146130584436
"E",430,"C","E430C",0.301229437655783
"E",430,"D","E430D",0.535492781371949
"E",430,"F","E430F",-0.138711058686634
"E",430,"G","E430G",0.376519739953681
"E",430,"H","E430H",0.0367431174243828
"E",430,"I","E430I",-0.0581140773738426
"E",430,"K","E430K",0.170611274877224
"E",430,"L","E430L",-0.072478997903161
"E",430,"M","E430M",1.44975394120329
"E",430,"N","E430N",0.797900418600889
"E",430,"P","E430P",0.22110041854545
"E",430,"Q","E430Q",-0.0373426566812217
"E",430,"R","E430R",0.293125095182025
"E",430,"S","E430S",0.318909201939268
"E",430,"T","E430T",-0.108750634634689
"E",430,"V","E430V",0.16686252663311
"E",430,"W","E430W",-0.225530418792313
"E",430,"Y","E430Y",-0.51776143611863
"L",432,"A","L432A",0.406867302863317
"L",432,"C","L432C",-0.112592789114582
"L",432,"D","L432D",-0.334598374017106
"L",432,"E","L432E",-0.017185076036613
"L",432,"F","L432F",-0.440152330994439
"L",432,"G","L432G",0.542053090919651
"L",432,"H","L432H",-0.0735161778742797
"L",432,"I","L432I",0.2881271970224
"L",432,"K","L432K",-0.134202321599952
"L",432,"M","L432M",0.69916684469407
"L",432,"N","L432N",-0.370730580319963
"L",432,"P","L432P",0.161955175664003
"L",432,"Q","L432Q",-0.249342369248218
"L",432,"R","L432R",-0.214251071899246
"L",432,"S","L432S",-0.211763352188337
"L",432,"T","L432T",0.0731715583779815
"L",432,"V","L432V",-0.253689893435817
"L",432,"W","L432W",0.617819327023995
"L",432,"Y","L432Y",-0.273356017627093
"H",433,"A","H433A",0.522487875415175
"H",433,"C","H433C",0.03234541813285
"H",433,"D","H433D",0.376423872927827
"H",433,"E","H433E",0.233023250572796
"H",433,"F","H433F",0.365897344458236
"H",433,"G","H433G",0.474113635438518
"H",433,"I","H433I",0.14910347664496
"H",433,"K","H433K",0.46906894692474
"H",433,"L","H433L",0.532007236194287
"H",433,"M","H433M",0.443548770260357
"H",433,"N","H433N",0.364772534722124
"H",433,"P","H433P",0.407650520478493
"H",433,"Q","H433Q",0.476658589184405
"H",433,"R","H433R",-0.0358621543265825
"H",433,"S","H433S",0.16530802797362
"H",433,"T","H433T",0.145651380246936
"H",433,"V","H433V",0.612194873784025
"H",433,"W","H433W",0.0626208116198604
"H",433,"Y","H433Y",0.152496920271538
"N",434,"A","N434A",0.414547413378498
"N",434,"C","N434C",0.293319211917675
"N",434,"D","N434D",0.8057540331495
"N",434,"E","N434E",0.540995101641783
"N",434,"F","N434F",0.218094755756861
"N",434,"G","N434G",0.644402001995242
"N",434,"H","N434H",0.433932342646927
"N",434,"I","N434I",-0.0853779081038299
"N",434,"K","N434K",0.0299922123326998
"N",434,"L","N434L",0.207523704270092
"N",434,"P","N434P",0.314258405167712
"N",434,"Q","N434Q",0.872935843966454
"N",434,"R","N434R",0.124885604202173
"N",434,"S","N434S",0.384301879209689
"N",434,"T","N434T",0.542790301227432
"N",434,"W","N434W",-0.121188740404724
"N",434,"Y","N434Y",0.0615901194283511
"H",435,"A","H435A",-0.658547635241307
"H",435,"C","H435C",-0.589820560677967
"H",435,"D","H435D",-0.846460648728537
"H",435,"E","H435E",-0.589424245824193
"H",435,"F","H435F",0.245183791083808
"H",435,"G","H435G",-0.201746504183752
"H",435,"I","H435I",-1.2986249985213
"H",435,"K","H435K",0.143685961173587
"H",435,"L","H435L",-0.186910216885401
"H",435,"M","H435M",-0.272747913419474
"H",435,"N","H435N",-0.753907060331183
"H",435,"P","H435P",-0.0872014194545535
"H",435,"Q","H435Q",-0.276146703780061
"H",435,"R","H435R",0.0768559674800579
"H",435,"S","H435S",-0.365638247076271
"H",435,"T","H435T",-0.527057742631038
"H",435,"V","H435V",-0.780483305686346
"H",435,"W","H435W",0.301006721760481
"H",435,"Y","H435Y",0.843351692206065
"Y",436,"A","Y436A",0.0651382297942489
"Y",436,"C","Y436C",-0.59317281793328
"Y",436,"D","Y436D",0.517595854111365
"Y",436,"E","Y436E",0.275109150213411
"Y",436,"F","Y436F",0.479027925970529
"Y",436,"G","Y436G",0.366186920976397
"Y",436,"H","Y436H",-0.0633074927151845
"Y",436,"I","Y436I",0.319927398112258
"Y",436,"K","Y436K",0.332494481092483
"Y",436,"L","Y436L",-0.048411537728628
"Y",436,"M","Y436M",0.614830093884723
"Y",436,"N","Y436N",0.519181583771344
"Y",436,"P","Y436P",-0.766033651513038
"Y",436,"Q","Y436Q",0.454400096704452
"Y",436,"R","Y436R",-0.317972089628925
"Y",436,"S","Y436S",-0.0293837365027618
"Y",436,"T","Y436T",0.461250532280028
"Y",436,"V","Y436V",-0.856610857368461
"Y",436,"W","Y436W",0.0199619532582001
"T",437,"A","T437A",0.123077638115904
"T",437,"C","T437C",-0.190476225182681
"T",437,"D","T437D",0.473336940395123
"T",437,"E","T437E",1.81116649353768
"T",437,"F","T437F",-0.0111283854093602
"T",437,"G","T437G",-0.566653447488121
"T",437,"H","T437H",0.20606180452732
"T",437,"I","T437I",0.655311052197246
"T",437,"K","T437K",-0.410808407322514
"T",437,"L","T437L",0.655039275535193
"T",437,"M","T437M",0.439081529248447
"T",437,"N","T437N",-0.400458015008713
"T",437,"P","T437P",-0.570826859504216
"T",437,"Q","T437Q",0.809752257986346
"T",437,"R","T437R",-0.335235009573253
"T",437,"S","T437S",0.394366700480116
"T",437,"V","T437V",0.259984225404253
"T",437,"W","T437W",-0.0318658966196966
"T",437,"Y","T437Y",-0.0600023831171593
"Q",438,"A","Q438A",0.966734128896131
"Q",438,"C","Q438C",0.021146987544409
"Q",438,"D","Q438D",-0.0367892244882743
"Q",438,"E","Q438E",0.68639378132428
"Q",438,"F","Q438F",-0.0930246018247118
"Q",438,"G","Q438G",0.0873145525434434
"Q",438,"H","Q438H",-0.564372619834339
"Q",438,"I","Q438I",0.578634226110964
"Q",438,"K","Q438K",0.702637198410205
"Q",438,"L","Q438L",-0.0609511213836467
"Q",438,"M","Q438M",0.275642771004516
"Q",438,"N","Q438N",-0.281927378057829
"Q",438,"P","Q438P",0.128765011571069
"Q",438,"R","Q438R",0.791702976979556
"Q",438,"S","Q438S",-0.0853318254976642
"Q",438,"T","Q438T",0.423738415285457
"Q",438,"V","Q438V",-0.140681763679149
"Q",438,"W","Q438W",-0.159269362903588
"Q",438,"Y","Q438Y",0.203002680511543
"K",439,"A","K439A",0.0257977039910681
"K",439,"C","K439C",0.847532172337672
"K",439,"D","K439D",0.146816063355374
"K",439,"E","K439E",0.106203954499284
"K",439,"F","K439F",-0.275534988272984
"K",439,"G","K439G",0.332231275180424
"K",439,"H","K439H",-0.020912996040403
"K",439,"I","K439I",0.613935996995575
"K",439,"L","K439L",0.138136726018019
"K",439,"M","K439M",0.436829384576963
"K",439,"N","K439N",0.139461419785225
"K",439,"P","K439P",2.10566574043715
"K",439,"Q","K439Q",0.204493683001014
"K",439,"R","K439R",0.388837242045681
"K",439,"S","K439S",-0.356270358312745
"K",439,"T","K439T",-0.0538101697061553
"K",439,"V","K439V",0.30523712523664
"K",439,"W","K439W",-0.389469091193142
"K",439,"Y","K439Y",-0.278067324700946
"S",440,"A","S440A",0.226262368908633
"S",440,"C","S440C",0.365498063598042
"S",440,"D","S440D",-0.0964600120488777
"S",440,"E","S440E",0.00778758819721671
"S",440,"F","S440F",0.546271400038829
"S",440,"G","S440G",-0.0316226196640277
"S",440,"H","S440H",0.181997838000227
"S",440,"I","S440I",0.102250120315077
"S",440,"K","S440K",0.191193153318886
"S",440,"L","S440L",-0.521743359860157
"S",440,"M","S440M",0.00781540011220298
"S",440,"N","S440N",-0.388344609384683
"S",440,"P","S440P",-0.199441398542193
"S",440,"Q","S440Q",0.669512103855914
"S",440,"R","S440R",0.090782359317675
"S",440,"T","S440T",0.134048991742875
"S",440,"V","S440V",0.225773979770914
"S",440,"W","S440W",0.528567636410611
"S",440,"Y","S440Y",0.11938410920863
"L",441,"A","L441A",0.959743333980741
"L",441,"C","L441C",0.287528993351015
"L",441,"D","L441D",-0.0674175702827396
"L",441,"E","L441E",1.13313858651144
"L",441,"F","L441F",0.415699792702769
"L",441,"G","L441G",-0.0608051280255803
"L",441,"H","L441H",-0.0395309506882466
"L",441,"I","L441I",-0.142700746696637
"L",441,"K","L441K",-0.383167636189062
"L",441,"M","L441M",0.619045102633451
"L",441,"N","L441N",0.151959825958697
"L",441,"P","L441P",0.571663648735404
"L",441,"Q","L441Q",0.82760486482266
"L",441,"R","L441R",-0.0114805195467714
"L",441,"S","L441S",0.390703052631416
"L",441,"T","L441T",1.00376690608524
"L",441,"V","L441V",0.230676556139401
"L",441,"W","L441W",0.0744968831368878
"L",441,"Y","L441Y",-0.32669142247622
"S",442,"A","S442A",0.715204772204632
"S",442,"C","S442C",-0.310886884854122
"S",442,"D","S442D",0.158116511905929
"S",442,"E","S442E",0.175613360330762
"S",442,"F","S442F",0.492256780174422
"S",442,"G","S442G",0.906031091420062
"S",442,"H","S442H",0.210932925754115
"S",442,"I","S442I",0.188682684936458
"S",442,"K","S442K",0.493674597417447
"S",442,"L","S442L",0.464663205477127
"S",442,"M","S442M",0.162546779333888
"S",442,"N","S442N",0.732928992998934
"S",442,"P","S442P",0.563953102506722
"S",442,"Q","S442Q",0.720524690580503
"S",442,"R","S442R",0.091457227012444
"S",442,"T","S442T",0.20202738367332
"S",442,"V","S442V",0.0200634382099145
"S",442,"W","S442W",0.250159670724324
"S",442,"Y","S442Y",0.644338850038442
"L",443,"A","L443A",0.334927826106418
"L",443,"C","L443C",0.460852127979479
"L",443,"D","L443D",0.634517468821513
"L",443,"E","L443E",0.933141323314977
"L",443,"F","L443F",0.49774633559464
"L",443,"G","L443G",0.590074349769219
"L",443,"H","L443H",0.637309901704212
"L",443,"I","L443I",0.173511148232388
"L",443,"K","L443K",-0.0813825921132271
"L",443,"M","L443M",0.192552395392789
"L",443,"N","L443N",0.142594067199168
"L",443,"P","L443P",0.230993910662718
"L",443,"Q","L443Q",0.482948031450368
"L",443,"R","L443R",0.171405319373128
"L",443,"S","L443S",0.199108820265206
"L",443,"T","L443T",0.159779232761896
"L",443,"V","L443V",0.220744236414014
"L",443,"W","L443W",0.176846559934079
"L",443,"Y","L443Y",0.806080913446407
"S",444,"A","S444A",0.074959143985247
"S",444,"C","S444C",1.27062593136152
"S",444,"D","S444D",0.514580424172213
"S",444,"E","S444E",-0.520822606314953
"S",444,"F","S444F",-0.0780368710250402
"S",444,"G","S444G",0.177832926169422
"S",444,"H","S444H",0.0129468010862177
"S",444,"I","S444I",-0.145071567595641
"S",444,"K","S444K",-0.0387527237404224
"S",444,"L","S444L",-0.231893580098968
"S",444,"M","S444M",0.857515062350728
"S",444,"N","S444N",0.256061542301281
"S",444,"P","S444P",0.11256053407098
"S",444,"Q","S444Q",0.0572334729254202
"S",444,"R","S444R",-0.0523436501185265
"S",444,"T","S444T",-0.256605801072257
"S",444,"V","S444V",-0.242706809994069
"S",444,"W","S444W",0.213406511782951
"S",444,"Y","S444Y",0.473947939957009
"P",445,"A","P445A",0.0993437798090228
"P",445,"C","P445C",0.0733439729248172
"P",445,"D","P445D",0.61936545757261
"P",445,"E","P445E",0.0436956112105915
"P",445,"F","P445F",-0.166543773277576
"P",445,"G","P445G",0.0377900154047544
"P",445,"H","P445H",0.731687003738591
"P",445,"I","P445I",0.0254289188049622
"P",445,"K","P445K",0.440472963920813
"P",445,"L","P445L",0.238471639310584
"P",445,"M","P445M",-0.030637745342056
"P",445,"N","P445N",0.621487299011554
"P",445,"Q","P445Q",0.19053870240129
"P",445,"R","P445R",-0.29142844181326
"P",445,"S","P445S",0.0387655011972452
"P",445,"V","P445V",0.0584452197638467
"P",445,"W","P445W",0.0382591217428545
"P",445,"Y","P445Y",0.094239985183295
"G",446,"A","G446A",-0.0273349882270098
"G",446,"C","G446C",-0.143180154180789
"G",446,"D","G446D",-0.39007478437875
"G",446,"E","G446E",-0.0236379042429055
"G",446,"F","G446F",0.278612855764761
"G",446,"H","G446H",0.138685476799074
"G",446,"I","G446I",0.0538395218260973
"G",446,"K","G446K",-0.148128928386249
"G",446,"L","G446L",-0.713532390105721
"G",446,"M","G446M",0.480424348924709
"G",446,"N","G446N",0.181326047576098
"G",446,"P","G446P",-0.174574649697988
"G",446,"Q","G446Q",0.0477997917292719
"G",446,"R","G446R",0.459805620584457
"G",446,"S","G446S",0.300682287570616
"G",446,"T","G446T",0.370173713211637
"G",446,"V","G446V",0.393873684083723
"G",446,"W","G446W",0.10137585117375
"G",446,"Y","G446Y",-0.377962896248912
"K",447,"A","K447A",0.0271353067076687
"K",447,"C","K447C",0.176785842018633
"K",447,"D","K447D",0.134955649680784
"K",447,"E","K447E",0.167897009754279
"K",447,"F","K447F",0.711722247584867
"K",447,"G","K447G",0.483019488545181
"K",447,"H","K447H",0.222062108940027
"K",447,"I","K447I",0.413181713823836
"K",447,"L","K447L",-0.164027333448395
"K",447,"M","K447M",0.398539248326
"K",447,"N","K447N",0.346970615633575
"K",447,"P","K447P",0.443619955584297
"K",447,"Q","K447Q",0.29461185149247
"K",447,"R","K447R",-0.406052591173812
"K",447,"S","K447S",0.497931093661232
"K",447,"T","K447T",0.428665628688369
"K",447,"V","K447V",0.276808167666572
"K",447,"W","K447W",0.0914872057049212
"K",447,"Y","K447Y",0.177751869720708
