"wildtype","site","mutation","name","scaledscore"
"E",216,"A","E216A",1.14887929326097
"E",216,"C","E216C",-0.272121624906637
"E",216,"D","E216D",-0.15984644822613
"E",216,"F","E216F",0.476700045451079
"E",216,"G","E216G",0.3748139051797
"E",216,"H","E216H",0.466992503428801
"E",216,"I","E216I",0.699676311649127
"E",216,"K","E216K",0.514650204373767
"E",216,"L","E216L",0.644895947195359
"E",216,"M","E216M",0.128415747372583
"E",216,"N","E216N",0.0643756600592933
"E",216,"P","E216P",1.18778720722444
"E",216,"Q","E216Q",1.10820206303197
"E",216,"R","E216R",1.21778614529495
"E",216,"S","E216S",0.581870800883628
"E",216,"T","E216T",0.299114696465932
"E",216,"V","E216V",1.47386364413532
"E",216,"W","E216W",-0.0601268717688817
"E",216,"Y","E216Y",0.88314676899078
"P",217,"A","P217A",0.404331956515976
"P",217,"C","P217C",0.338702029419377
"P",217,"D","P217D",0.233640382617916
"P",217,"E","P217E",-0.288258728668737
"P",217,"F","P217F",0.256424100177946
"P",217,"G","P217G",0.944858754694341
"P",217,"H","P217H",0.612185321931834
"P",217,"I","P217I",0.903430149217512
"P",217,"K","P217K",1.30500247505066
"P",217,"L","P217L",0.674547893900145
"P",217,"M","P217M",0.39164699848762
"P",217,"N","P217N",1.32367216940679
"P",217,"Q","P217Q",1.98470273170162
"P",217,"R","P217R",1.22622831123955
"P",217,"S","P217S",0.515480722583234
"P",217,"T","P217T",1.00143878884667
"P",217,"V","P217V",0.483070237690101
"P",217,"W","P217W",-0.575109837072881
"P",217,"Y","P217Y",0.429752796528332
"K",218,"A","K218A",-0.581778317797086
"K",218,"C","K218C",-0.126500992159294
"K",218,"D","K218D",1.0664805593452
"K",218,"E","K218E",-0.234058813309076
"K",218,"F","K218F",-0.281424849454237
"K",218,"G","K218G",-0.507023518794188
"K",218,"H","K218H",3.13064864350989
"K",218,"I","K218I",-0.660763306762795
"K",218,"L","K218L",0.223538700446799
"K",218,"M","K218M",-0.532632644881435
"K",218,"N","K218N",0.218425976085
"K",218,"P","K218P",-0.921050570681086
"K",218,"Q","K218Q",-0.731409199243758
"K",218,"R","K218R",-0.303420145866007
"K",218,"S","K218S",0.590001144057323
"K",218,"T","K218T",0.11591990739497
"K",218,"V","K218V",-0.135516568551129
"K",218,"W","K218W",-0.373429944450285
"K",218,"Y","K218Y",-0.469811401259393
"S",219,"A","S219A",0.173657737474891
"S",219,"C","S219C",0.322786285528016
"S",219,"D","S219D",0.0682772523217572
"S",219,"E","S219E",-0.422380906462566
"S",219,"F","S219F",0.769678146865302
"S",219,"G","S219G",-0.0175834893640285
"S",219,"H","S219H",0.345450570320952
"S",219,"I","S219I",0.722766531502259
"S",219,"K","S219K",0.715576802754038
"S",219,"L","S219L",0.353448406020721
"S",219,"M","S219M",0.267506749880306
"S",219,"N","S219N",0.650863755691917
"S",219,"P","S219P",0.266270504553078
"S",219,"Q","S219Q",1.02104247577938
"S",219,"R","S219R",0.679109775943717
"S",219,"T","S219T",0.153434796814671
"S",219,"V","S219V",1.01089448538623
"S",219,"W","S219W",-0.332394186386445
"S",219,"Y","S219Y",-0.816169820172999
"C",220,"A","C220A",1.37623364439348
"C",220,"D","C220D",-0.271754535732824
"C",220,"E","C220E",-0.208605962468955
"C",220,"F","C220F",-0.0675299676032581
"C",220,"G","C220G",0.726268434572679
"C",220,"H","C220H",0.542618208612901
"C",220,"I","C220I",1.26801392543594
"C",220,"K","C220K",0.797719898420138
"C",220,"L","C220L",1.21309819613023
"C",220,"M","C220M",1.27323507760112
"C",220,"N","C220N",0.303166267527597
"C",220,"P","C220P",0.131216105006022
"C",220,"Q","C220Q",0.348747987879466
"C",220,"R","C220R",0.339073662085914
"C",220,"S","C220S",0.603164088458816
"C",220,"T","C220T",0.980042098733734
"C",220,"V","C220V",0.0410364955958055
"C",220,"W","C220W",0.822046609847797
"C",220,"Y","C220Y",0.701527180214213
"D",221,"A","D221A",0.529214906124716
"D",221,"C","D221C",-0.0922920682685334
"D",221,"E","D221E",0.441376890085115
"D",221,"F","D221F",0.612917861844903
"D",221,"G","D221G",0.697406734116085
"D",221,"H","D221H",0.329387851909686
"D",221,"I","D221I",0.271843663392605
"D",221,"K","D221K",1.41876666296943
"D",221,"L","D221L",0.481031284350216
"D",221,"M","D221M",-0.156591299680691
"D",221,"N","D221N",1.02169948997496
"D",221,"P","D221P",-0.682893861222256
"D",221,"Q","D221Q",-0.537891384438589
"D",221,"R","D221R",0.276646111559769
"D",221,"S","D221S",0.487874661797736
"D",221,"T","D221T",0.290218996277267
"D",221,"V","D221V",0.436346668153503
"D",221,"W","D221W",0.548596803784802
"D",221,"Y","D221Y",-0.030687435969039
"K",222,"A","K222A",0.205179316932213
"K",222,"C","K222C",0.0389482704448273
"K",222,"D","K222D",-0.300427646728966
"K",222,"E","K222E",0.215248138212125
"K",222,"F","K222F",-0.580379684311318
"K",222,"G","K222G",0.344037088591288
"K",222,"H","K222H",0.946357285996784
"K",222,"I","K222I",-0.531130783241619
"K",222,"L","K222L",-0.0982373390956453
"K",222,"M","K222M",0.159320912630887
"K",222,"N","K222N",0.641763571855607
"K",222,"P","K222P",-0.226172871049958
"K",222,"Q","K222Q",0.296840914310232
"K",222,"R","K222R",0.011604021974063
"K",222,"S","K222S",-0.108653291011891
"K",222,"T","K222T",0.214690396417243
"K",222,"V","K222V",-0.91263119014378
"K",222,"W","K222W",0.437007911145259
"K",222,"Y","K222Y",0.0303745601418686
"T",223,"A","T223A",0.708637093816916
"T",223,"C","T223C",0.0821780734890813
"T",223,"D","T223D",0.616595436698573
"T",223,"E","T223E",0.743249666762532
"T",223,"F","T223F",0.905186805615878
"T",223,"G","T223G",0.850895809960823
"T",223,"H","T223H",0.199699170331714
"T",223,"I","T223I",0.0779218295051167
"T",223,"K","T223K",0.345187867632366
"T",223,"L","T223L",-0.0465679456857904
"T",223,"M","T223M",1.44201888850373
"T",223,"N","T223N",-0.369898669090824
"T",223,"P","T223P",0.542524574525032
"T",223,"Q","T223Q",-0.799587756356927
"T",223,"R","T223R",0.23257446791355
"T",223,"S","T223S",-0.694240357974503
"T",223,"V","T223V",-0.000685538004942388
"T",223,"W","T223W",0.762516437828161
"T",223,"Y","T223Y",-0.109048985107748
"H",224,"A","H224A",-0.841350776709687
"H",224,"C","H224C",-0.318714245571765
"H",224,"D","H224D",-0.391692177124931
"H",224,"E","H224E",0.548401381015273
"H",224,"F","H224F",0.351094197908996
"H",224,"G","H224G",0.539084011873735
"H",224,"I","H224I",0.0909473314042451
"H",224,"K","H224K",0.186333130760801
"H",224,"L","H224L",0.895327074528267
"H",224,"M","H224M",-0.0168708857347894
"H",224,"N","H224N",0.592685775178773
"H",224,"P","H224P",0.629842236336995
"H",224,"Q","H224Q",0.0964015482923441
"H",224,"R","H224R",0.692120399392422
"H",224,"S","H224S",0.809475170393056
"H",224,"T","H224T",0.732200180960169
"H",224,"V","H224V",-0.0435920839019816
"H",224,"W","H224W",0.15321412509077
"H",224,"Y","H224Y",0.176785347695573
"T",225,"A","T225A",0.170789976767012
"T",225,"C","T225C",1.14985165243819
"T",225,"D","T225D",1.31283201809624
"T",225,"E","T225E",1.33775189361375
"T",225,"F","T225F",0.0807920604760361
"T",225,"G","T225G",0.952237972120576
"T",225,"H","T225H",0.20043351743175
"T",225,"I","T225I",0.277086701685019
"T",225,"K","T225K",1.1325829029171
"T",225,"L","T225L",0.353207487879614
"T",225,"M","T225M",-0.330132431507609
"T",225,"N","T225N",0.238051151419243
"T",225,"P","T225P",1.10377230289962
"T",225,"Q","T225Q",-0.16326192084901
"T",225,"S","T225S",0.43858201525853
"T",225,"V","T225V",0.00888422741658771
"T",225,"W","T225W",0.253083446745312
"T",225,"Y","T225Y",0.124010717082436
"C",226,"A","C226A",-0.385670546562561
"C",226,"D","C226D",-0.935420783661435
"C",226,"E","C226E",-0.697152585701779
"C",226,"F","C226F",0.0573881671773396
"C",226,"G","C226G",-0.747956560974981
"C",226,"H","C226H",-0.0407879282423634
"C",226,"I","C226I",-1.21729961988542
"C",226,"K","C226K",0.192972645994533
"C",226,"L","C226L",-0.319418404458024
"C",226,"M","C226M",-0.386011854856708
"C",226,"N","C226N",-0.0879844460646365
"C",226,"P","C226P",-0.319179565600995
"C",226,"Q","C226Q",-0.332113006524415
"C",226,"R","C226R",0.110646009605286
"C",226,"S","C226S",0.0591012765416448
"C",226,"T","C226T",-0.276418968641288
"C",226,"V","C226V",-0.0355444901832947
"C",226,"W","C226W",0.18131174079264
"C",226,"Y","C226Y",-0.880716823955829
"P",227,"A","P227A",1.00806245278215
"P",227,"C","P227C",0.0479372579990941
"P",227,"D","P227D",0.433563440992811
"P",227,"E","P227E",0.234390304658464
"P",227,"F","P227F",-0.89524276948076
"P",227,"G","P227G",0.708136294607592
"P",227,"H","P227H",0.71753229891022
"P",227,"I","P227I",1.94509797255681
"P",227,"K","P227K",0.0741569382019972
"P",227,"L","P227L",0.567640845366136
"P",227,"M","P227M",0.0643145501802247
"P",227,"N","P227N",0.546698063402852
"P",227,"Q","P227Q",0.225807612887343
"P",227,"R","P227R",1.23178539921944
"P",227,"S","P227S",0.0411399018615305
"P",227,"T","P227T",-0.0884847762134002
"P",227,"V","P227V",0.227774630775052
"P",227,"W","P227W",-0.651362562197523
"P",227,"Y","P227Y",-0.571841668344706
"P",228,"A","P228A",-0.246506563368396
"P",228,"C","P228C",0.574637687586154
"P",228,"D","P228D",0.34321359785682
"P",228,"E","P228E",0.377474049722313
"P",228,"F","P228F",0.082970499020851
"P",228,"G","P228G",0.123431322521826
"P",228,"H","P228H",-0.66668158658585
"P",228,"I","P228I",0.0148661788720079
"P",228,"K","P228K",1.97051395752315
"P",228,"L","P228L",-0.556794903096678
"P",228,"M","P228M",-0.364125069445425
"P",228,"N","P228N",-0.390120326127063
"P",228,"Q","P228Q",0.224164176231304
"P",228,"R","P228R",1.13504741351263
"P",228,"S","P228S",0.0270762364160147
"P",228,"T","P228T",-0.264211818064541
"P",228,"V","P228V",0.307587823763506
"P",228,"W","P228W",-0.400888829803584
"P",228,"Y","P228Y",-0.404159928485295
"C",229,"A","C229A",0.169603492473514
"C",229,"D","C229D",-1.2679444075965
"C",229,"E","C229E",-2.53155332410411
"C",229,"F","C229F",-0.286729159230391
"C",229,"G","C229G",-0.748672211874644
"C",229,"H","C229H",-0.805182052416722
"C",229,"I","C229I",-0.827955984855387
"C",229,"K","C229K",-1.61296095209541
"C",229,"L","C229L",-1.26529330340243
"C",229,"M","C229M",-1.03196269200521
"C",229,"N","C229N",-0.784130705824549
"C",229,"P","C229P",-0.577875463794855
"C",229,"Q","C229Q",-1.02786888024951
"C",229,"R","C229R",-1.20959618698712
"C",229,"S","C229S",-2.65943806136107
"C",229,"T","C229T",-2.41965631959315
"C",229,"V","C229V",-0.967447337666718
"C",229,"W","C229W",-0.216568981217222
"C",229,"Y","C229Y",-0.35890958761511
"P",230,"A","P230A",0.680913650757136
"P",230,"C","P230C",-0.31084351211586
"P",230,"D","P230D",0.176938342193284
"P",230,"E","P230E",0.0910133429209636
"P",230,"F","P230F",-0.325987819729423
"P",230,"G","P230G",-0.0630339806240831
"P",230,"H","P230H",0.0680528376819655
"P",230,"I","P230I",0.00663082486532248
"P",230,"K","P230K",-0.0755644891177818
"P",230,"L","P230L",-0.308072873942716
"P",230,"M","P230M",0.808400374757377
"P",230,"N","P230N",-0.192376656187532
"P",230,"Q","P230Q",-0.0405396442637516
"P",230,"R","P230R",-0.58710323651772
"P",230,"S","P230S",0.269537956217755
"P",230,"T","P230T",0.408902633363493
"P",230,"V","P230V",0.109777279187568
"P",230,"W","P230W",-0.835453299355971
"P",230,"Y","P230Y",0.0129311599775009
"A",231,"C","A231C",0.242429378444924
"A",231,"D","A231D",0.0924854193222414
"A",231,"E","A231E",0.396203112105403
"A",231,"F","A231F",0.401415243643766
"A",231,"G","A231G",0.506101521647922
"A",231,"H","A231H",-0.441305242619888
"A",231,"I","A231I",2.2100224043746
"A",231,"K","A231K",0.145521971370147
"A",231,"L","A231L",0.231881866622592
"A",231,"M","A231M",0.496533437242992
"A",231,"N","A231N",0.261422823902378
"A",231,"P","A231P",-0.00671300698037982
"A",231,"Q","A231Q",1.14599999034546
"A",231,"R","A231R",-0.211973576553139
"A",231,"S","A231S",1.58905636670491
"A",231,"T","A231T",0.265819046794971
"A",231,"V","A231V",1.92020668592765
"A",231,"W","A231W",0.405234667871538
"A",231,"Y","A231Y",-0.2742125625516
"P",232,"A","P232A",-0.956786469015716
"P",232,"C","P232C",-0.0253348787281114
"P",232,"D","P232D",-0.259493961661156
"P",232,"E","P232E",-1.94065811887134
"P",232,"F","P232F",-0.0290048254799436
"P",232,"G","P232G",-0.296260171194287
"P",232,"H","P232H",-0.470012157483666
"P",232,"I","P232I",0.260072411277101
"P",232,"K","P232K",-1.79789213275825
"P",232,"L","P232L",0.36541175017365
"P",232,"M","P232M",-0.180738318820035
"P",232,"N","P232N",-0.836372434755441
"P",232,"Q","P232Q",-0.138127491530271
"P",232,"R","P232R",-1.50072213638576
"P",232,"S","P232S",-0.676283806001736
"P",232,"T","P232T",-1.03071801889187
"P",232,"V","P232V",0.903378912151886
"P",232,"W","P232W",0.545897977855348
"P",232,"Y","P232Y",0.184678369344928
"E",233,"A","E233A",-0.460620775938344
"E",233,"C","E233C",0.285126179542984
"E",233,"D","E233D",0.113257580903903
"E",233,"F","E233F",-0.888311274872245
"E",233,"G","E233G",-2.37250391809267
"E",233,"H","E233H",-2.370709265321
"E",233,"I","E233I",-1.6997256476423
"E",233,"K","E233K",-2.83616381406555
"E",233,"L","E233L",-0.0819798606113921
"E",233,"M","E233M",-0.678698413077481
"E",233,"N","E233N",-1.57313006618662
"E",233,"P","E233P",-0.299606606691941
"E",233,"Q","E233Q",-0.454139500967561
"E",233,"R","E233R",-2.80934283571806
"E",233,"S","E233S",-1.49368174425447
"E",233,"T","E233T",-1.99018721039494
"E",233,"V","E233V",-1.34536463652162
"E",233,"W","E233W",-1.15602849178783
"E",233,"Y","E233Y",-1.87273845689592
"L",234,"A","L234A",-1.30010899859715
"L",234,"C","L234C",-3.52805790282136
"L",234,"D","L234D",-1.31067262012701
"L",234,"E","L234E",-1.50137811468133
"L",234,"F","L234F",-0.368150662137562
"L",234,"G","L234G",-1.51658830517138
"L",234,"H","L234H",-1.51672521916529
"L",234,"I","L234I",-0.833304921342344
"L",234,"K","L234K",-2.40277542591657
"L",234,"M","L234M",-0.765986692492446
"L",234,"N","L234N",-2.81916175122889
"L",234,"P","L234P",-1.06761777165183
"L",234,"Q","L234Q",-1.31376705658262
"L",234,"R","L234R",-1.50675754476161
"L",234,"S","L234S",-2.29906940499054
"L",234,"T","L234T",-0.993867492414566
"L",234,"W","L234W",-0.790022443870429
"L",234,"Y","L234Y",-0.384472726718948
"L",235,"A","L235A",-1.23178428250441
"L",235,"C","L235C",-2.62928624871481
"L",235,"D","L235D",-0.430159605968251
"L",235,"E","L235E",-0.403118560263189
"L",235,"F","L235F",0.705769803084751
"L",235,"G","L235G",-2.62055229653909
"L",235,"H","L235H",-0.460962872970112
"L",235,"I","L235I",-0.152019874001568
"L",235,"K","L235K",-2.75702615526468
"L",235,"M","L235M",-0.0682878528267207
"L",235,"N","L235N",-0.49840591811385
"L",235,"P","L235P",-1.24663325981612
"L",235,"Q","L235Q",0.237654980039833
"L",235,"R","L235R",-1.22333822131442
"L",235,"S","L235S",-0.699233740134225
"L",235,"T","L235T",-0.205126569637277
"L",235,"V","L235V",-0.160017583217481
"L",235,"W","L235W",1.43308979310502
"L",235,"Y","L235Y",1.03981285093745
"G",236,"A","G236A",0.622994125770201
"G",236,"C","G236C",-2.91645313627122
"G",236,"D","G236D",-0.526674688437641
"G",236,"E","G236E",0.544923082878075
"G",236,"F","G236F",-0.423126938076219
"G",236,"H","G236H",-0.583701854607637
"G",236,"I","G236I",0.306900569069838
"G",236,"K","G236K",-3.62064896300062
"G",236,"L","G236L",-1.27463155088038
"G",236,"M","G236M",-0.844382092150545
"G",236,"N","G236N",-1.26195769265234
"G",236,"P","G236P",-1.86663553303235
"G",236,"Q","G236Q",-0.153676844795056
"G",236,"R","G236R",-3.11052512849017
"G",236,"S","G236S",1.11322265442711
"G",236,"T","G236T",1.33344617754043
"G",236,"V","G236V",0.0187535484436436
"G",236,"W","G236W",0.122892913240881
"G",236,"Y","G236Y",0.29431373629247
"G",237,"A","G237A",-3.28701061153887
"G",237,"C","G237C",-2.85208751679825
"G",237,"D","G237D",-3.77439876285033
"G",237,"E","G237E",-3.21402205368336
"G",237,"F","G237F",-2.47683854383425
"G",237,"H","G237H",-3.10406043367247
"G",237,"I","G237I",-1.15600258207895
"G",237,"K","G237K",-2.15808433682424
"G",237,"L","G237L",-2.50906018907935
"G",237,"M","G237M",-2.62569675033477
"G",237,"N","G237N",-2.48848377627931
"G",237,"P","G237P",-3.04262874558654
"G",237,"Q","G237Q",-1.74792799421271
"G",237,"R","G237R",-2.38240590291825
"G",237,"S","G237S",-2.71681639943406
"G",237,"T","G237T",-3.59308932412956
"G",237,"V","G237V",-2.82772280166488
"G",237,"W","G237W",-3.34502904287245
"G",237,"Y","G237Y",-2.88405617154451
"P",238,"A","P238A",-2.79388418385436
"P",238,"C","P238C",-3.03664505176286
"P",238,"D","P238D",-3.54483684058514
"P",238,"E","P238E",-3.98142720250686
"P",238,"F","P238F",-2.37265139865745
"P",238,"G","P238G",-2.25084121960799
"P",238,"H","P238H",-2.3333778932169
"P",238,"I","P238I",-1.63013287169164
"P",238,"K","P238K",-2.65465704168457
"P",238,"L","P238L",-1.43214004427823
"P",238,"M","P238M",-2.19316016564471
"P",238,"N","P238N",-1.46503040117325
"P",238,"Q","P238Q",-2.06276255265263
"P",238,"R","P238R",-1.19872062338772
"P",238,"S","P238S",-1.3016380736607
"P",238,"T","P238T",-3.21938317373183
"P",238,"V","P238V",0.329233254710928
"P",238,"W","P238W",-1.39983932920732
"P",238,"Y","P238Y",-1.84938267042697
"S",239,"A","S239A",-0.245736442933043
"S",239,"C","S239C",-0.596217610695665
"S",239,"D","S239D",-0.982742718455998
"S",239,"E","S239E",0.283185101920586
"S",239,"F","S239F",-2.08924859848769
"S",239,"G","S239G",-0.102456924175911
"S",239,"H","S239H",-1.21641627391045
"S",239,"I","S239I",-0.513705073751579
"S",239,"K","S239K",-3.07883904748011
"S",239,"L","S239L",0.0637798553559558
"S",239,"M","S239M",0.531681419324601
"S",239,"N","S239N",0.277273094693156
"S",239,"P","S239P",-2.67950318131874
"S",239,"Q","S239Q",-0.706622285986316
"S",239,"R","S239R",-1.27478750904101
"S",239,"T","S239T",0.281932691980491
"S",239,"V","S239V",0.402285153263933
"S",239,"W","S239W",-1.22889731983119
"S",239,"Y","S239Y",-2.89799071496289
"V",240,"A","V240A",0.0935815236788261
"V",240,"C","V240C",0.408817439202325
"V",240,"D","V240D",-0.224402763432161
"V",240,"E","V240E",-0.0370556263606956
"V",240,"F","V240F",0.469429436429315
"V",240,"G","V240G",-0.0112161125243923
"V",240,"H","V240H",-0.844932381087707
"V",240,"I","V240I",1.02302042455997
"V",240,"K","V240K",-0.355321921183421
"V",240,"L","V240L",0.75655248695826
"V",240,"M","V240M",0.0474926572994575
"V",240,"N","V240N",1.2342180929604
"V",240,"P","V240P",-0.344591794174508
"V",240,"Q","V240Q",0.497600032691587
"V",240,"R","V240R",-0.542450907661665
"V",240,"S","V240S",0.292820298895475
"V",240,"T","V240T",0.00314271949360769
"V",240,"W","V240W",-0.789253671982765
"V",240,"Y","V240Y",-2.14432800393908
"F",241,"A","F241A",-1.10289200621545
"F",241,"C","F241C",-2.08918196185457
"F",241,"D","F241D",-1.12521261068497
"F",241,"E","F241E",-0.673422482936395
"F",241,"G","F241G",-0.885795707476003
"F",241,"H","F241H",0.516788041344872
"F",241,"I","F241I",-0.313493588147595
"F",241,"K","F241K",-2.00097318736198
"F",241,"L","F241L",0.469624659228617
"F",241,"M","F241M",0.336498669791223
"F",241,"N","F241N",0.165310515134554
"F",241,"P","F241P",-0.888597818368607
"F",241,"Q","F241Q",-0.312176104986155
"F",241,"R","F241R",-2.51646169431003
"F",241,"S","F241S",-0.675029198667068
"F",241,"T","F241T",-0.551491721127761
"F",241,"V","F241V",-1.01550537960785
"F",241,"W","F241W",0.138195582681826
"F",241,"Y","F241Y",0.211154219342241
"L",242,"F","L242F",0.139281937117702
"F",243,"A","F243A",-0.252314744921089
"F",243,"C","F243C",-1.77960399218854
"F",243,"D","F243D",-0.392013061848342
"F",243,"E","F243E",-1.06124305512722
"F",243,"H","F243H",0.403229329739693
"F",243,"I","F243I",-0.394135644451715
"F",243,"K","F243K",-1.6495448214513
"F",243,"L","F243L",0.638449118422599
"F",243,"M","F243M",-0.52888516086612
"F",243,"N","F243N",-0.68909815551525
"F",243,"P","F243P",-0.850366098601376
"F",243,"Q","F243Q",-0.730299821387426
"F",243,"R","F243R",-2.09490798397155
"F",243,"S","F243S",-0.465721200399469
"F",243,"T","F243T",1.02299117082398
"F",243,"V","F243V",0.226286717116873
"F",243,"W","F243W",-0.00491287973109488
"F",243,"Y","F243Y",0.442867882598412
"P",244,"A","P244A",0.0971250876576661
"P",244,"C","P244C",0.183100453678778
"P",244,"D","P244D",0.551895254145113
"P",244,"E","P244E",0.0484937676433523
"P",244,"F","P244F",1.1318333850325
"P",244,"G","P244G",0.052996287881538
"P",244,"H","P244H",0.049774663879502
"P",244,"I","P244I",-0.328451621142309
"P",244,"K","P244K",0.560612260952117
"P",244,"L","P244L",0.157407885548249
"P",244,"M","P244M",0.0611804644157089
"P",244,"N","P244N",0.870281423961984
"P",244,"Q","P244Q",0.342370199567682
"P",244,"R","P244R",-0.166095661178791
"P",244,"S","P244S",-0.344714423985451
"P",244,"T","P244T",0.695470184402963
"P",244,"V","P244V",0.734039127054842
"P",244,"W","P244W",0.319757070457721
"P",244,"Y","P244Y",-0.356976851759104
"P",245,"A","P245A",0.636671266910355
"P",245,"C","P245C",0.20202516282757
"P",245,"D","P245D",-0.850987012855659
"P",245,"E","P245E",1.28906296690989
"P",245,"F","P245F",-0.210695865966814
"P",245,"G","P245G",-0.118492167340061
"P",245,"H","P245H",-0.201951673828984
"P",245,"I","P245I",-1.01513334361567
"P",245,"K","P245K",-2.73724788281686
"P",245,"L","P245L",-1.08004667608187
"P",245,"M","P245M",0.479950652507352
"P",245,"N","P245N",-0.326576932126984
"P",245,"Q","P245Q",-1.4840458872321
"P",245,"R","P245R",-0.870184712202512
"P",245,"S","P245S",-0.257741281410682
"P",245,"T","P245T",-0.614183329205501
"P",245,"V","P245V",0.557305560522972
"P",245,"W","P245W",-1.13476536507249
"P",245,"Y","P245Y",-0.675422988768741
"K",246,"A","K246A",0.898787953805742
"K",246,"C","K246C",0.242119409075834
"K",246,"D","K246D",0.294506886600703
"K",246,"E","K246E",0.891606520215123
"K",246,"F","K246F",-0.0196044447777842
"K",246,"G","K246G",0.114055905756504
"K",246,"H","K246H",0.535777561695717
"K",246,"I","K246I",0.634447277043649
"K",246,"L","K246L",0.88146548660897
"K",246,"M","K246M",-0.656105323733834
"K",246,"N","K246N",-0.00872219574543918
"K",246,"P","K246P",0.895789027466688
"K",246,"Q","K246Q",0.499358827026947
"K",246,"R","K246R",0.355086818665974
"K",246,"S","K246S",0.622208636562195
"K",246,"T","K246T",0.834738429774962
"K",246,"V","K246V",0.489907677508009
"K",246,"W","K246W",0.527375902767457
"K",246,"Y","K246Y",-0.591657206156642
"P",247,"A","P247A",-0.477471571163929
"P",247,"C","P247C",-0.308944117788413
"P",247,"D","P247D",-0.0693703727544154
"P",247,"E","P247E",-0.035062196425719
"P",247,"F","P247F",0.279051640004148
"P",247,"G","P247G",-0.219023873279326
"P",247,"H","P247H",0.35219517199754
"P",247,"I","P247I",2.20390063992596
"P",247,"K","P247K",-0.87902082856966
"P",247,"L","P247L",0.966753022286529
"P",247,"M","P247M",1.62179718126074
"P",247,"N","P247N",0.0456381966619624
"P",247,"Q","P247Q",0.519282291117943
"P",247,"R","P247R",0.175351296557
"P",247,"S","P247S",0.0354454306607024
"P",247,"T","P247T",0.826512590367981
"P",247,"V","P247V",1.8431978030556
"P",247,"W","P247W",-0.603971895503913
"P",247,"Y","P247Y",1.42228182263608
"K",248,"A","K248A",1.09871686644238
"K",248,"C","K248C",-0.268073201642437
"K",248,"D","K248D",0.060571499027228
"K",248,"E","K248E",0.166549488578385
"K",248,"F","K248F",-0.142293337080519
"K",248,"G","K248G",-0.0243212583733862
"K",248,"H","K248H",-0.719081712385711
"K",248,"I","K248I",0.488427351079847
"K",248,"L","K248L",-0.399942873075071
"K",248,"M","K248M",0.0151646819804935
"K",248,"N","K248N",-0.0569337526703853
"K",248,"P","K248P",-0.468280418420823
"K",248,"Q","K248Q",0.871298449765324
"K",248,"R","K248R",0.0195654994560067
"K",248,"S","K248S",1.02812316911168
"K",248,"T","K248T",0.582842919813779
"K",248,"V","K248V",0.708857990972056
"K",248,"W","K248W",0.134064857289936
"K",248,"Y","K248Y",0.457086229487269
"D",249,"A","D249A",-0.14151705081327
"D",249,"C","D249C",0.704682857834029
"D",249,"E","D249E",0.338284059465713
"D",249,"F","D249F",1.4408312095708
"D",249,"G","D249G",-0.157845240828072
"D",249,"H","D249H",1.04592231713257
"D",249,"I","D249I",-0.746917090970608
"D",249,"K","D249K",0.0188690396233956
"D",249,"L","D249L",0.035396269090011
"D",249,"M","D249M",-0.184546289800998
"D",249,"N","D249N",-0.0251723735817743
"D",249,"P","D249P",-0.389562692515089
"D",249,"Q","D249Q",0.46482899919057
"D",249,"R","D249R",-0.404333855269935
"D",249,"S","D249S",-0.362741746037093
"D",249,"T","D249T",-0.12890858540912
"D",249,"V","D249V",0.151800718986763
"D",249,"W","D249W",0.349446214306459
"D",249,"Y","D249Y",0.228560580045545
"T",250,"A","T250A",1.11793125790399
"T",250,"C","T250C",0.179832488745926
"T",250,"D","T250D",0.030659564370755
"T",250,"E","T250E",0.423099395126557
"T",250,"F","T250F",1.31564274458971
"T",250,"G","T250G",0.158866483334802
"T",250,"H","T250H",1.71649162163869
"T",250,"I","T250I",0.154069276823217
"T",250,"K","T250K",0.74286482768128
"T",250,"L","T250L",0.950188216354591
"T",250,"M","T250M",0.271867188123297
"T",250,"N","T250N",-0.287102656494991
"T",250,"P","T250P",0.576143686084653
"T",250,"Q","T250Q",0.402322976752857
"T",250,"R","T250R",0.443845334773855
"T",250,"S","T250S",0.36862704761672
"T",250,"V","T250V",0.257042863063865
"T",250,"W","T250W",1.53100464599674
"T",250,"Y","T250Y",0.876350564037444
"L",251,"A","L251A",0.77499812037084
"L",251,"C","L251C",-0.849208935936735
"L",251,"D","L251D",-3.36980976427737
"L",251,"E","L251E",-2.59713152504741
"L",251,"F","L251F",0.337346452095739
"L",251,"G","L251G",-0.315565083817792
"L",251,"H","L251H",1.19830367344526
"L",251,"I","L251I",-0.0731208827931197
"L",251,"K","L251K",-1.07871160372342
"L",251,"M","L251M",-0.465649550480088
"L",251,"N","L251N",0.514745597062101
"L",251,"P","L251P",-1.98166344185247
"L",251,"Q","L251Q",-0.496981461639914
"L",251,"R","L251R",-1.51918934880863
"L",251,"S","L251S",1.38041005667545
"L",251,"T","L251T",0.717935455964378
"L",251,"V","L251V",0.336942996539289
"L",251,"W","L251W",1.50992933582703
"L",251,"Y","L251Y",0.860098278299534
"M",252,"A","M252A",0.60015042925071
"M",252,"C","M252C",0.397980486865861
"M",252,"D","M252D",0.450360091383085
"M",252,"E","M252E",-0.0375522526185375
"M",252,"F","M252F",-0.317882057782743
"M",252,"G","M252G",0.539583638866133
"M",252,"H","M252H",0.167952418382285
"M",252,"I","M252I",2.12697437287444
"M",252,"K","M252K",-0.17353367787643
"M",252,"L","M252L",0.019861850712756
"M",252,"N","M252N",1.34564853087522
"M",252,"P","M252P",-0.803741410709008
"M",252,"Q","M252Q",-0.0145167460037736
"M",252,"R","M252R",0.565652444613102
"M",252,"S","M252S",0.0414251815755257
"M",252,"T","M252T",0.986976538742571
"M",252,"V","M252V",0.674587117877561
"M",252,"W","M252W",0.250831993531764
"M",252,"Y","M252Y",1.07167711399696
"I",253,"A","I253A",0.154905301821231
"I",253,"C","I253C",-0.36201640144883
"I",253,"D","I253D",-0.257070939412857
"I",253,"E","I253E",0.195141419754569
"I",253,"F","I253F",-0.233786548095046
"I",253,"G","I253G",0.221839500037584
"I",253,"H","I253H",0.106061509092313
"I",253,"K","I253K",0.195573888105225
"I",253,"L","I253L",0.634556054561943
"I",253,"M","I253M",0.31685216806554
"I",253,"N","I253N",0.673811968930778
"I",253,"P","I253P",0.145327884046753
"I",253,"Q","I253Q",0.500369552952798
"I",253,"R","I253R",1.11984375704683
"I",253,"S","I253S",0.392326884544778
"I",253,"T","I253T",0.271801486937608
"I",253,"V","I253V",0.348089489505163
"I",253,"W","I253W",0.1367423955888
"I",253,"Y","I253Y",-0.45226477775483
"S",254,"A","S254A",0.705103452898481
"S",254,"C","S254C",0.0691165838047845
"S",254,"D","S254D",0.626351654717338
"S",254,"E","S254E",1.0070361737513
"S",254,"F","S254F",0.178996053631486
"S",254,"G","S254G",-0.0162950131399437
"S",254,"H","S254H",0.24863815826283
"S",254,"I","S254I",0.278811129645208
"S",254,"K","S254K",0.620774579981244
"S",254,"L","S254L",0.0739899905888571
"S",254,"M","S254M",0.0704185118518943
"S",254,"N","S254N",-0.0739917773831698
"S",254,"P","S254P",0.817904830135996
"S",254,"Q","S254Q",-0.274303568411023
"S",254,"R","S254R",-0.551713398188623
"S",254,"T","S254T",0.774334820986109
"S",254,"V","S254V",0.407969460043308
"S",254,"W","S254W",-0.081963099198476
"S",254,"Y","S254Y",0.284614485887812
"R",255,"A","R255A",0.118765900680103
"R",255,"C","R255C",0.191239167238812
"R",255,"D","R255D",0.199285907904411
"R",255,"E","R255E",1.9868726550157
"R",255,"F","R255F",0.872040073443319
"R",255,"G","R255G",0.282061081121409
"R",255,"H","R255H",-0.512937374429426
"R",255,"I","R255I",0.458385626442271
"R",255,"K","R255K",0.113287913546126
"R",255,"L","R255L",0.451748553389986
"R",255,"M","R255M",1.28973534590649
"R",255,"N","R255N",-0.285134662098756
"R",255,"P","R255P",0.159381735717589
"R",255,"Q","R255Q",1.08888214449063
"R",255,"S","R255S",0.389957509565879
"R",255,"T","R255T",0.235605874414595
"R",255,"V","R255V",0.876229447213805
"R",255,"W","R255W",1.69180370616441
"R",255,"Y","R255Y",0.118783416005802
"T",256,"A","T256A",0.388780787411061
"T",256,"C","T256C",0.48554334187482
"T",256,"D","T256D",0.286000900095847
"T",256,"E","T256E",0.0437604681103151
"T",256,"F","T256F",0.521542404281095
"T",256,"G","T256G",1.32341063510399
"T",256,"H","T256H",0.167206159206206
"T",256,"I","T256I",0.452384909645722
"T",256,"K","T256K",0.153360621048094
"T",256,"L","T256L",0.134081586403423
"T",256,"M","T256M",0.444637519138618
"T",256,"N","T256N",-0.220296582715081
"T",256,"P","T256P",0.926107195147706
"T",256,"Q","T256Q",1.05944680916927
"T",256,"R","T256R",0.403434272740014
"T",256,"S","T256S",0.311896223699695
"T",256,"V","T256V",0.645703607129089
"T",256,"W","T256W",-0.0105827986474761
"T",256,"Y","T256Y",0.655274567604135
"P",257,"A","P257A",-0.434215331095607
"P",257,"C","P257C",0.0765773612739719
"P",257,"D","P257D",-2.42140062262829
"P",257,"E","P257E",-2.68349074774216
"P",257,"F","P257F",-1.94875557972908
"P",257,"G","P257G",-0.282649230406182
"P",257,"H","P257H",-0.292859112670346
"P",257,"I","P257I",0.235377229602148
"P",257,"K","P257K",-0.376797216728545
"P",257,"L","P257L",0.133435012558522
"P",257,"M","P257M",-0.478126609044085
"P",257,"N","P257N",0.835493134716252
"P",257,"Q","P257Q",-0.889756089898036
"P",257,"R","P257R",-1.12811642059425
"P",257,"S","P257S",-0.529986210289221
"P",257,"T","P257T",-0.402299877544868
"P",257,"V","P257V",-1.195412735161
"P",257,"W","P257W",-2.33149353998195
"P",257,"Y","P257Y",-2.31509928762973
"E",258,"A","E258A",0.20153550374024
"E",258,"C","E258C",0.389865711594224
"E",258,"D","E258D",0.361594806618834
"E",258,"F","E258F",0.219016822229387
"E",258,"G","E258G",0.338961900663122
"E",258,"H","E258H",-1.14562454363784
"E",258,"I","E258I",-0.104039820613176
"E",258,"K","E258K",0.390488495273305
"E",258,"L","E258L",0.391430798182693
"E",258,"M","E258M",-0.212309538155683
"E",258,"N","E258N",0.241125820203143
"E",258,"P","E258P",0.480623108497629
"E",258,"Q","E258Q",0.234998349844781
"E",258,"R","E258R",0.307861474353928
"E",258,"S","E258S",1.24529365708701
"E",258,"T","E258T",0.557418733427317
"E",258,"V","E258V",-0.364948348462052
"E",258,"W","E258W",-0.216493243604008
"E",258,"Y","E258Y",0.60038154795293
"V",259,"A","V259A",0.413076107105704
"V",259,"C","V259C",0.113594043644735
"V",259,"D","V259D",-0.877800815329368
"V",259,"E","V259E",-0.150909851416202
"V",259,"F","V259F",0.0688300814624986
"V",259,"G","V259G",-0.227354273850465
"V",259,"H","V259H",-0.657300886946034
"V",259,"I","V259I",-0.0190714499420048
"V",259,"K","V259K",0.0159216694403299
"V",259,"L","V259L",-0.287835578430725
"V",259,"M","V259M",0.742173560831688
"V",259,"N","V259N",-0.0399167682511918
"V",259,"P","V259P",-0.292187093831026
"V",259,"Q","V259Q",-0.592377041941393
"V",259,"R","V259R",0.635943027853446
"V",259,"S","V259S",0.101029233410647
"V",259,"T","V259T",0.573795522233295
"V",259,"W","V259W",-0.758853271661555
"V",259,"Y","V259Y",-0.253382335139261
"T",260,"A","T260A",-0.302530609874793
"T",260,"C","T260C",1.04348863310551
"T",260,"D","T260D",-0.80502397952584
"T",260,"E","T260E",0.680134501889938
"T",260,"F","T260F",-0.0171891556104534
"T",260,"G","T260G",0.368822074621093
"T",260,"H","T260H",0.457996437874819
"T",260,"I","T260I",0.236219984023802
"T",260,"K","T260K",1.29879062841402
"T",260,"L","T260L",0.366022184163921
"T",260,"M","T260M",0.152061582747423
"T",260,"N","T260N",-0.0673066368319375
"T",260,"P","T260P",0.374883353019058
"T",260,"Q","T260Q",0.397926142336609
"T",260,"R","T260R",0.520980894979709
"T",260,"S","T260S",0.66628178993948
"T",260,"V","T260V",0.0199711881125932
"T",260,"W","T260W",1.1649889950678
"T",260,"Y","T260Y",0.268989174371004
"C",261,"A","C261A",0.847862130439403
"C",261,"D","C261D",-1.38738974726993
"C",261,"E","C261E",-0.340860767554458
"C",261,"F","C261F",-0.885707394410975
"C",261,"G","C261G",0.0102032160154201
"C",261,"H","C261H",-0.878681445327359
"C",261,"I","C261I",-0.223916967401435
"C",261,"K","C261K",-0.79256331727415
"C",261,"L","C261L",-0.70158365346682
"C",261,"M","C261M",-0.101485373768467
"C",261,"N","C261N",-0.621098928655398
"C",261,"P","C261P",-0.0772898243517497
"C",261,"Q","C261Q",-1.3766171129923
"C",261,"R","C261R",-1.56836189371654
"C",261,"S","C261S",0.537425871021868
"C",261,"T","C261T",0.16037949583776
"C",261,"V","C261V",0.201068104030211
"C",261,"W","C261W",0.199911967642833
"C",261,"Y","C261Y",-1.5411038210152
"V",262,"A","V262A",-0.379870834340007
"V",262,"C","V262C",-0.559912601488073
"V",262,"D","V262D",-0.911663286993148
"V",262,"E","V262E",-2.02554932158966
"V",262,"F","V262F",-0.571750146471605
"V",262,"G","V262G",-1.27129131022708
"V",262,"H","V262H",0.0488997581461982
"V",262,"I","V262I",0.858885598656311
"V",262,"K","V262K",-1.11980939531508
"V",262,"L","V262L",1.69263872566346
"V",262,"M","V262M",-0.333896493684867
"V",262,"N","V262N",0.227561328725206
"V",262,"P","V262P",-0.116565742767511
"V",262,"Q","V262Q",0.892545495258198
"V",262,"R","V262R",-1.29030037314957
"V",262,"S","V262S",0.133465935452364
"V",262,"T","V262T",-0.641593103579582
"V",262,"W","V262W",-0.444484524775053
"V",262,"Y","V262Y",-1.77934783703061
"V",263,"A","V263A",-0.110895167748356
"V",263,"C","V263C",-0.00268367446316411
"V",263,"D","V263D",-1.66677716538255
"V",263,"E","V263E",-3.22489596887478
"V",263,"F","V263F",-2.89953696407052
"V",263,"G","V263G",-0.344967998556536
"V",263,"H","V263H",-2.34687305328632
"V",263,"I","V263I",-0.679940259218856
"V",263,"K","V263K",-1.51696255298562
"V",263,"L","V263L",-0.0308715485847736
"V",263,"M","V263M",0.501947713135352
"V",263,"N","V263N",-3.16101501452447
"V",263,"P","V263P",-0.692332523193754
"V",263,"Q","V263Q",-1.66467070059668
"V",263,"R","V263R",-2.19321659747587
"V",263,"S","V263S",-0.0265421617185418
"V",263,"T","V263T",0.34289167871159
"V",263,"W","V263W",-3.15336204463081
"V",263,"Y","V263Y",-2.18285227524633
"V",264,"A","V264A",-0.115927961204237
"V",264,"C","V264C",-2.69530111347265
"V",264,"D","V264D",-3.28882308225895
"V",264,"E","V264E",-2.79805575761677
"V",264,"F","V264F",-2.19537633933973
"V",264,"G","V264G",-1.16738493608345
"V",264,"H","V264H",-1.26746911505871
"V",264,"I","V264I",-0.210337980797268
"V",264,"K","V264K",-2.98422345134396
"V",264,"L","V264L",0.328496373755846
"V",264,"M","V264M",-0.646580778776895
"V",264,"N","V264N",-0.276217635772953
"V",264,"P","V264P",-3.38341006456064
"V",264,"Q","V264Q",-0.0743981666663701
"V",264,"R","V264R",-3.2210471418139
"V",264,"S","V264S",-0.30726454669319
"V",264,"T","V264T",-0.705658494395631
"V",264,"W","V264W",-0.990933171091412
"V",264,"Y","V264Y",-1.03260279893831
"D",265,"A","D265A",-2.234709262759
"D",265,"C","D265C",-2.84690684738483
"D",265,"E","D265E",-2.71807722271161
"D",265,"F","D265F",-3.72157415992524
"D",265,"G","D265G",-2.38866679491382
"D",265,"H","D265H",-2.65334935416689
"D",265,"I","D265I",-2.78714381388678
"D",265,"K","D265K",-2.74017239356027
"D",265,"L","D265L",-1.8773988679453
"D",265,"M","D265M",-2.63703719167533
"D",265,"N","D265N",-2.69798249872641
"D",265,"P","D265P",-2.30166800726325
"D",265,"Q","D265Q",-2.54567502975659
"D",265,"R","D265R",-2.58331007276534
"D",265,"S","D265S",-3.12893031727047
"D",265,"T","D265T",-2.68825924918513
"D",265,"V","D265V",-2.60967619771785
"D",265,"W","D265W",-2.87948853070818
"D",265,"Y","D265Y",-3.19829428326549
"V",266,"A","V266A",-0.162609664688325
"V",266,"C","V266C",-3.03543057709011
"V",266,"D","V266D",-3.30257907053771
"V",266,"E","V266E",-2.59874609734248
"V",266,"F","V266F",-3.73762549791232
"V",266,"G","V266G",-1.82081839366661
"V",266,"H","V266H",-3.55269536155022
"V",266,"I","V266I",0.859088392047876
"V",266,"K","V266K",-2.88815113441478
"V",266,"L","V266L",0.610712891175535
"V",266,"M","V266M",-0.557283530826412
"V",266,"N","V266N",-1.19955064816345
"V",266,"P","V266P",-2.93081670625598
"V",266,"Q","V266Q",-3.21929356458994
"V",266,"R","V266R",-3.11755964602
"V",266,"S","V266S",-3.69968940392104
"V",266,"T","V266T",-1.19872062338772
"V",266,"W","V266W",-2.86090062943433
"V",266,"Y","V266Y",-3.04229178180514
"S",267,"A","S267A",0.880347177588951
"S",267,"C","S267C",-2.68146919511328
"S",267,"D","S267D",0.362224696107844
"S",267,"E","S267E",0.409348070439567
"S",267,"F","S267F",-4.19077749037459
"S",267,"G","S267G",-0.0958913582803844
"S",267,"H","S267H",-2.73365777922886
"S",267,"I","S267I",-2.68762010335795
"S",267,"K","S267K",-3.49213682645278
"S",267,"L","S267L",-4.30881913277361
"S",267,"M","S267M",-1.7415409056654
"S",267,"N","S267N",-2.77896991227511
"S",267,"P","S267P",-2.82278256937487
"S",267,"Q","S267Q",-0.899991962876445
"S",267,"R","S267R",-3.60137341270378
"S",267,"T","S267T",-0.875113495674633
"S",267,"V","S267V",-2.45423634064959
"S",267,"W","S267W",-2.81778737494655
"S",267,"Y","S267Y",-3.03057153707521
"H",268,"A","H268A",1.20012077498012
"H",268,"C","H268C",0.0810677721173667
"H",268,"D","H268D",1.11407385874631
"H",268,"E","H268E",1.20271646714838
"H",268,"F","H268F",0.372956967053308
"H",268,"G","H268G",1.23857154036821
"H",268,"I","H268I",0.415694872696553
"H",268,"K","H268K",0.210430929138229
"H",268,"L","H268L",-0.240701848397345
"H",268,"M","H268M",-0.219142766362704
"H",268,"N","H268N",0.364141281374274
"H",268,"P","H268P",-0.204164097597719
"H",268,"Q","H268Q",0.983014225902281
"H",268,"R","H268R",-0.244803640411287
"H",268,"S","H268S",1.07883897093753
"H",268,"T","H268T",-0.339980114733155
"H",268,"V","H268V",-0.101504588188481
"H",268,"W","H268W",-0.0303147936016825
"H",268,"Y","H268Y",0.436893192456618
"E",269,"A","E269A",-0.758429396433751
"E",269,"C","E269C",-3.0394523914171
"E",269,"D","E269D",0.475246711216388
"E",269,"F","E269F",-0.509608589310299
"E",269,"G","E269G",-0.505031307923566
"E",269,"H","E269H",-2.39604629409399
"E",269,"I","E269I",-2.02916991158882
"E",269,"K","E269K",-3.43200828219739
"E",269,"L","E269L",-1.39518675255417
"E",269,"M","E269M",-0.835089050142371
"E",269,"N","E269N",-1.31938763703496
"E",269,"P","E269P",-2.3968930995105
"E",269,"Q","E269Q",-0.701037293012729
"E",269,"R","E269R",-2.18380563753754
"E",269,"S","E269S",-1.19740524466145
"E",269,"T","E269T",-0.907551604282672
"E",269,"V","E269V",-0.506439637180904
"E",269,"W","E269W",-2.64876734774486
"E",269,"Y","E269Y",-1.88162501403783
"D",270,"A","D270A",-1.23583709197043
"D",270,"C","D270C",-0.324160162398669
"D",270,"E","D270E",0.563857857511765
"D",270,"F","D270F",-0.132652288563551
"D",270,"G","D270G",-2.32673563612527
"D",270,"H","D270H",-0.773979386503546
"D",270,"I","D270I",-0.727445991490684
"D",270,"K","D270K",-3.31005799540535
"D",270,"L","D270L",-0.577779015750088
"D",270,"M","D270M",-0.543280711228582
"D",270,"N","D270N",-1.07528727954756
"D",270,"P","D270P",-2.37158301558461
"D",270,"Q","D270Q",-0.445747296344466
"D",270,"R","D270R",-3.13685756726247
"D",270,"S","D270S",-0.501129476520891
"D",270,"T","D270T",-0.776024482251471
"D",270,"V","D270V",-0.771464563509606
"D",270,"W","D270W",-0.616742699804612
"D",270,"Y","D270Y",-1.38481716868942
"P",271,"A","P271A",-0.00523740659180472
"P",271,"C","P271C",0.909273680783417
"P",271,"D","P271D",-0.589672686122884
"P",271,"E","P271E",-0.434194464109246
"P",271,"F","P271F",-0.570681927215392
"P",271,"G","P271G",1.24375930863899
"P",271,"H","P271H",0.199709577184251
"P",271,"I","P271I",0.237371795568062
"P",271,"K","P271K",0.514217174759201
"P",271,"L","P271L",0.592340122960103
"P",271,"M","P271M",-0.663754492709771
"P",271,"N","P271N",0.178187002773767
"P",271,"Q","P271Q",-0.496920334389525
"P",271,"R","P271R",-0.275122826278671
"P",271,"S","P271S",-0.177112023550296
"P",271,"T","P271T",-0.527410841395758
"P",271,"V","P271V",-0.389460785818913
"P",271,"W","P271W",-0.23190511481178
"P",271,"Y","P271Y",0.00288642232637429
"E",272,"A","E272A",0.373920756513573
"E",272,"C","E272C",-0.560579429512677
"E",272,"D","E272D",0.948705560342285
"E",272,"F","E272F",0.285035960919077
"E",272,"G","E272G",0.893979026922426
"E",272,"I","E272I",0.86662274759368
"E",272,"K","E272K",-0.361494747112987
"E",272,"L","E272L",0.114970456574807
"E",272,"M","E272M",0.425712727164743
"E",272,"N","E272N",1.00860513768886
"E",272,"P","E272P",0.141923084899204
"E",272,"Q","E272Q",-0.171549783380094
"E",272,"R","E272R",-0.454845107991608
"E",272,"S","E272S",0.081687284389336
"E",272,"T","E272T",0.197877703933083
"E",272,"V","E272V",-0.192927562332252
"E",272,"W","E272W",-0.465318492818859
"E",272,"Y","E272Y",-0.215960814679625
"V",273,"A","V273A",-0.0387256548324996
"V",273,"C","V273C",-0.12270685230914
"V",273,"D","V273D",-2.81189190986973
"V",273,"E","V273E",1.22565343891897
"V",273,"F","V273F",-0.0850868271445336
"V",273,"G","V273G",0.339926777996368
"V",273,"H","V273H",-0.925845215477509
"V",273,"I","V273I",0.530164096164512
"V",273,"K","V273K",-4.12457174615147
"V",273,"L","V273L",0.347805263276416
"V",273,"M","V273M",-1.50060141511982
"V",273,"N","V273N",-0.354935627549461
"V",273,"P","V273P",-1.28361802729129
"V",273,"Q","V273Q",-0.47666477817336
"V",273,"R","V273R",-2.63280428271646
"V",273,"S","V273S",0.209965824516955
"V",273,"T","V273T",0.0785606293144206
"V",273,"W","V273W",-3.84240368231959
"V",273,"Y","V273Y",-0.714170206475375
"K",274,"A","K274A",0.161021247832475
"K",274,"C","K274C",-0.0663404919843119
"K",274,"D","K274D",0.436509310315433
"K",274,"E","K274E",0.810868245908201
"K",274,"F","K274F",0.265980959783773
"K",274,"G","K274G",0.694526052909359
"K",274,"H","K274H",0.999740789245418
"K",274,"I","K274I",0.210261176975699
"K",274,"L","K274L",0.845143898722374
"K",274,"M","K274M",0.0602714113758601
"K",274,"N","K274N",-0.0279462238618041
"K",274,"P","K274P",-0.0476296713014458
"K",274,"Q","K274Q",0.596378815903115
"K",274,"R","K274R",0.470476665184926
"K",274,"S","K274S",0.334292341580036
"K",274,"T","K274T",0.474937232176276
"K",274,"V","K274V",-0.2788733714084
"K",274,"W","K274W",0.918418053508973
"K",274,"Y","K274Y",-0.0209730371945082
"F",275,"A","F275A",-0.152525654797274
"F",275,"C","F275C",-2.84004114235161
"F",275,"D","F275D",-0.241095698099784
"F",275,"E","F275E",-0.0705758551991906
"F",275,"G","F275G",-0.631470235117769
"F",275,"H","F275H",0.249397133588397
"F",275,"I","F275I",0.265827913155481
"F",275,"K","F275K",-0.9345946484495
"F",275,"L","F275L",0.321937377773732
"F",275,"M","F275M",0.61517190414545
"F",275,"N","F275N",-0.10159047728257
"F",275,"P","F275P",-0.215062617191502
"F",275,"Q","F275Q",0.30054617879636
"F",275,"R","F275R",-0.518143537957354
"F",275,"S","F275S",-0.4727682438467
"F",275,"T","F275T",1.07914559607679
"F",275,"V","F275V",0.368062010612336
"F",275,"W","F275W",-0.0914593164166508
"F",275,"Y","F275Y",0.765333962102445
"N",276,"A","N276A",-0.387491204948906
"N",276,"C","N276C",0.146920532865415
"N",276,"D","N276D",-0.00588888188597998
"N",276,"E","N276E",0.743727174040558
"N",276,"F","N276F",-0.39164278327829
"N",276,"G","N276G",0.315978307279334
"N",276,"H","N276H",-0.451955077575177
"N",276,"I","N276I",-0.178967411425039
"N",276,"K","N276K",-0.368294077262454
"N",276,"L","N276L",0.389526715401793
"N",276,"M","N276M",0.375333523559104
"N",276,"P","N276P",-1.08618933663221
"N",276,"Q","N276Q",-0.0278165689750827
"N",276,"R","N276R",-0.196055184679093
"N",276,"S","N276S",-0.512575681869379
"N",276,"T","N276T",-0.0733002915033312
"N",276,"V","N276V",0.415149396964659
"N",276,"W","N276W",0.279716817457469
"N",276,"Y","N276Y",-0.16641337934896
"W",277,"A","W277A",-0.438581013602513
"W",277,"C","W277C",-0.728882299237809
"W",277,"D","W277D",-1.95847410006707
"W",277,"E","W277E",-0.38593044651481
"W",277,"F","W277F",0.117857761476512
"W",277,"G","W277G",-0.690078495974698
"W",277,"H","W277H",-0.467595932301832
"W",277,"I","W277I",-1.5665882349702
"W",277,"K","W277K",-0.156047516180902
"W",277,"L","W277L",0.159624960617974
"W",277,"M","W277M",-0.0873332180226452
"W",277,"N","W277N",-0.239695606225539
"W",277,"P","W277P",0.008855305543737
"W",277,"Q","W277Q",-0.393814460887531
"W",277,"R","W277R",0.394640445612489
"W",277,"S","W277S",-1.38490801115911
"W",277,"T","W277T",-0.565799425551861
"W",277,"V","W277V",-1.43886149094858
"W",277,"Y","W277Y",0.223551966839357
"Y",278,"A","Y278A",0.379410699940732
"Y",278,"C","Y278C",0.285657184651395
"Y",278,"D","Y278D",0.575266950392985
"Y",278,"E","Y278E",0.711305715699422
"Y",278,"F","Y278F",0.391276102482347
"Y",278,"G","Y278G",0.498907331393267
"Y",278,"H","Y278H",-0.317115992581513
"Y",278,"I","Y278I",0.522643574100589
"Y",278,"K","Y278K",0.410937451386029
"Y",278,"L","Y278L",0.110985401651066
"Y",278,"M","Y278M",-0.00497977825427036
"Y",278,"N","Y278N",-0.456503024468756
"Y",278,"P","Y278P",-0.392487316368365
"Y",278,"Q","Y278Q",-0.083077776544021
"Y",278,"R","Y278R",-0.350143080126707
"Y",278,"S","Y278S",0.677631385413355
"Y",278,"T","Y278T",0.160026298890525
"Y",278,"V","Y278V",1.07866776832546
"Y",278,"W","Y278W",0.0944882269327648
"V",279,"A","V279A",0.486814741187471
"V",279,"C","V279C",0.102131425853036
"V",279,"D","V279D",0.508728631398299
"V",279,"E","V279E",0.00809823633813811
"V",279,"F","V279F",-0.027505425934664
"V",279,"G","V279G",-0.0514099500151935
"V",279,"H","V279H",1.13774769271964
"V",279,"I","V279I",0.843568679704335
"V",279,"K","V279K",0.31198820922742
"V",279,"L","V279L",0.406153878416464
"V",279,"M","V279M",0.757706495481461
"V",279,"N","V279N",-0.159235723816815
"V",279,"P","V279P",-0.556284193337389
"V",279,"Q","V279Q",0.402874949148049
"V",279,"R","V279R",0.490954780672664
"V",279,"S","V279S",-0.346708935740141
"V",279,"T","V279T",0.0185295842663133
"V",279,"W","V279W",0.644134421229758
"V",279,"Y","V279Y",0.432661092793168
"D",280,"A","D280A",0.842701389603369
"D",280,"C","D280C",0.317187758034583
"D",280,"E","D280E",0.697504722261181
"D",280,"F","D280F",0.534117242597721
"D",280,"G","D280G",0.0261445391918849
"D",280,"H","D280H",1.13581923825148
"D",280,"I","D280I",-0.126358576143704
"D",280,"K","D280K",0.375139606489597
"D",280,"L","D280L",-0.0875012407743841
"D",280,"M","D280M",0.671037813685924
"D",280,"N","D280N",1.27220070406259
"D",280,"P","D280P",0.108865612829671
"D",280,"Q","D280Q",1.2245286755735
"D",280,"R","D280R",-0.627015723950797
"D",280,"S","D280S",0.578899345924759
"D",280,"T","D280T",0.579594387695516
"D",280,"V","D280V",0.43587636112601
"D",280,"W","D280W",0.334411102004931
"D",280,"Y","D280Y",0.577637713376447
"G",281,"A","G281A",-0.511673166050222
"G",281,"C","G281C",-0.0311192706884739
"G",281,"D","G281D",-0.187277302485636
"G",281,"E","G281E",0.494880278898829
"G",281,"F","G281F",-0.00724670538547787
"G",281,"H","G281H",0.318871678776103
"G",281,"I","G281I",-0.282438947987189
"G",281,"K","G281K",0.614079205254012
"G",281,"L","G281L",1.09777891702369
"G",281,"M","G281M",0.790833495069803
"G",281,"N","G281N",-0.0409484614446822
"G",281,"P","G281P",-0.71728266500401
"G",281,"Q","G281Q",1.03616255253949
"G",281,"R","G281R",0.190799346540688
"G",281,"S","G281S",-0.175860577514117
"G",281,"T","G281T",-0.0648548969021601
"G",281,"V","G281V",0.56070709855622
"G",281,"W","G281W",-0.132835573307831
"G",281,"Y","G281Y",-0.233476569529176
"V",282,"A","V282A",0.415374530792481
"V",282,"C","V282C",0.12612355785871
"V",282,"D","V282D",0.274111848937427
"V",282,"E","V282E",0.31873622591785
"V",282,"F","V282F",0.83638288173436
"V",282,"G","V282G",0.755273260504316
"V",282,"H","V282H",1.39579181709832
"V",282,"I","V282I",0.0906389976890917
"V",282,"K","V282K",0.265223155895836
"V",282,"L","V282L",0.563855324941718
"V",282,"M","V282M",0.0546227071008336
"V",282,"N","V282N",-0.0174125348196871
"V",282,"P","V282P",-0.0171251884441017
"V",282,"Q","V282Q",-0.16142021971795
"V",282,"R","V282R",0.0346834108817138
"V",282,"S","V282S",0.781024812047249
"V",282,"T","V282T",0.349779408163093
"V",282,"W","V282W",0.132704573900696
"V",282,"Y","V282Y",-0.00917301990163328
"E",283,"A","E283A",-0.261320907950863
"E",283,"C","E283C",-0.547326047448338
"E",283,"D","E283D",-0.26501115766959
"E",283,"F","E283F",-0.511332799261774
"E",283,"G","E283G",-0.302944089178032
"E",283,"H","E283H",0.0502399883587749
"E",283,"I","E283I",0.878343450561765
"E",283,"K","E283K",1.27033052882169
"E",283,"L","E283L",-0.0843474816438661
"E",283,"M","E283M",0.408223151717293
"E",283,"N","E283N",0.575997209244624
"E",283,"P","E283P",-0.58098056707959
"E",283,"Q","E283Q",0.39871101498146
"E",283,"R","E283R",-0.643042199620843
"E",283,"S","E283S",0.406480222928868
"E",283,"T","E283T",-0.604065355882101
"E",283,"V","E283V",0.537616548613829
"E",283,"W","E283W",0.143458334127772
"E",283,"Y","E283Y",0.291813975781408
"V",284,"A","V284A",0.393034467520706
"V",284,"C","V284C",1.02624958817396
"V",284,"D","V284D",1.30683963990149
"V",284,"E","V284E",0.853197324144464
"V",284,"F","V284F",0.743372419953405
"V",284,"G","V284G",0.35044596619411
"V",284,"H","V284H",0.851233971721669
"V",284,"I","V284I",0.71940855085236
"V",284,"K","V284K",0.167683916234673
"V",284,"L","V284L",0.637752832403182
"V",284,"M","V284M",0.168244225656811
"V",284,"N","V284N",0.725959887324572
"V",284,"P","V284P",1.73128585706711
"V",284,"Q","V284Q",0.589951024524731
"V",284,"R","V284R",0.603203530358753
"V",284,"S","V284S",0.0335831187833397
"V",284,"T","V284T",0.580538317677897
"V",284,"W","V284W",1.18480982948302
"V",284,"Y","V284Y",0.625940865620022
"H",285,"A","H285A",0.351011915161
"H",285,"C","H285C",0.151314484942711
"H",285,"D","H285D",-0.180628980590026
"H",285,"E","H285E",1.03716903401274
"H",285,"F","H285F",0.467066782482663
"H",285,"G","H285G",0.481193643595847
"H",285,"I","H285I",-0.511515863144185
"H",285,"K","H285K",0.129633465241345
"H",285,"L","H285L",-0.0159166967477189
"H",285,"M","H285M",0.0938395149415463
"H",285,"N","H285N",0.00937968615704629
"H",285,"P","H285P",0.853779373051594
"H",285,"Q","H285Q",-0.448357691984595
"H",285,"R","H285R",0.0344127728504302
"H",285,"S","H285S",0.617668351839223
"H",285,"T","H285T",0.0389881556446961
"H",285,"V","H285V",0.822310042860513
"H",285,"W","H285W",1.16070538764285
"H",285,"Y","H285Y",0.414046667369958
"N",286,"A","N286A",-0.149639731934148
"N",286,"C","N286C",0.218102035510699
"N",286,"D","N286D",0.74160278890237
"N",286,"E","N286E",0.485144414679029
"N",286,"F","N286F",0.393464569329275
"N",286,"G","N286G",0.869330328040796
"N",286,"H","N286H",0.364835268115115
"N",286,"I","N286I",-0.0236106796103321
"N",286,"K","N286K",-0.61242950339989
"N",286,"L","N286L",0.465315114133068
"N",286,"M","N286M",0.625606406955414
"N",286,"P","N286P",1.55254842718046
"N",286,"Q","N286Q",0.312255744208191
"N",286,"R","N286R",0.110053760749376
"N",286,"S","N286S",0.39477783351121
"N",286,"T","N286T",0.193214350234573
"N",286,"V","N286V",0.987780382432912
"N",286,"W","N286W",0.327350048849551
"N",286,"Y","N286Y",0.288728921439097
"A",287,"C","A287C",0.902175044637291
"A",287,"D","A287D",1.75802360381951
"A",287,"E","A287E",1.37373984146615
"A",287,"F","A287F",-0.337522056020063
"A",287,"G","A287G",-0.19897448263926
"A",287,"H","A287H",-0.677191561033405
"A",287,"I","A287I",1.80148583761486
"A",287,"K","A287K",0.210626808855652
"A",287,"L","A287L",1.32353263703671
"A",287,"M","A287M",0.508056000413131
"A",287,"N","A287N",-0.261798142651127
"A",287,"P","A287P",0.590049286860467
"A",287,"Q","A287Q",0.26205217876524
"A",287,"R","A287R",0.340592919773158
"A",287,"S","A287S",0.198201644374851
"A",287,"T","A287T",-0.50658425227703
"A",287,"V","A287V",1.37151852051997
"A",287,"W","A287W",0.0979986640110293
"A",287,"Y","A287Y",0.537945050547947
"K",288,"A","K288A",0.776184083646333
"K",288,"C","K288C",0.444110196257082
"K",288,"D","K288D",1.22388074340298
"K",288,"E","K288E",0.387107515693057
"K",288,"F","K288F",0.761831809249
"K",288,"G","K288G",0.629766170179943
"K",288,"H","K288H",0.733884145654146
"K",288,"I","K288I",0.39590518692515
"K",288,"L","K288L",0.538192810129677
"K",288,"M","K288M",-0.0576772445634985
"K",288,"N","K288N",0.731976797185173
"K",288,"P","K288P",0.833654916071608
"K",288,"Q","K288Q",0.0527911978655224
"K",288,"R","K288R",0.299752299221487
"K",288,"S","K288S",0.885477047110492
"K",288,"T","K288T",-0.301944174254529
"K",288,"V","K288V",0.638803204727219
"K",288,"W","K288W",0.035770261398072
"K",288,"Y","K288Y",-0.0270309500171614
"T",289,"A","T289A",0.324323331563858
"T",289,"C","T289C",-1.3458517211286
"T",289,"D","T289D",0.189311149304014
"T",289,"E","T289E",0.4141498405733
"T",289,"F","T289F",0.194812635624127
"T",289,"G","T289G",-0.182764689311269
"T",289,"H","T289H",1.05502071768178
"T",289,"I","T289I",1.46473629318916
"T",289,"K","T289K",0.117135847080105
"T",289,"L","T289L",-0.153543757879676
"T",289,"M","T289M",0.469497624489049
"T",289,"N","T289N",0.312073072505968
"T",289,"P","T289P",-1.02776263940485
"T",289,"Q","T289Q",0.834863102422717
"T",289,"R","T289R",-0.366732989122905
"T",289,"S","T289S",0.197180529370562
"T",289,"V","T289V",-0.13975330969695
"T",289,"W","T289W",0.624910160760487
"T",289,"Y","T289Y",0.13597911092677
"K",290,"A","K290A",0.550224042928121
"K",290,"C","K290C",-0.0493465653013113
"K",290,"D","K290D",0.500793509825679
"K",290,"E","K290E",0.534793073432828
"K",290,"F","K290F",1.35218742621664
"K",290,"G","K290G",0.41946042792044
"K",290,"H","K290H",0.912528696047386
"K",290,"I","K290I",-0.104079255320821
"K",290,"L","K290L",0.14729353464233
"K",290,"M","K290M",0.608779141329503
"K",290,"N","K290N",0.292313541281177
"K",290,"P","K290P",-0.0714560526456049
"K",290,"Q","K290Q",-0.174249679577475
"K",290,"R","K290R",0.626928288701341
"K",290,"S","K290S",0.979585912349345
"K",290,"T","K290T",0.547896531288099
"K",290,"V","K290V",0.758860648160393
"K",290,"W","K290W",0.615860186891759
"K",290,"Y","K290Y",-0.107184584381746
"P",291,"A","P291A",0.0566155051402964
"P",291,"C","P291C",-0.29852754290423
"P",291,"D","P291D",0.728532622951048
"P",291,"E","P291E",0.0166794895234576
"P",291,"F","P291F",-0.163221184370497
"P",291,"G","P291G",0.300057998504394
"P",291,"H","P291H",0.686093487000034
"P",291,"I","P291I",-0.0296437607695961
"P",291,"K","P291K",0.312145679415542
"P",291,"L","P291L",-0.118463613631546
"P",291,"M","P291M",1.10363874569956
"P",291,"N","P291N",1.26505585348123
"P",291,"Q","P291Q",1.02122752736333
"P",291,"R","P291R",0.349184938080261
"P",291,"S","P291S",0.00200438327417418
"P",291,"T","P291T",-0.0609912427935286
"P",291,"V","P291V",-0.0491464265080561
"P",291,"W","P291W",0.308658646930969
"P",291,"Y","P291Y",0.541499214828033
"R",292,"A","R292A",-0.0775117321449507
"R",292,"C","R292C",1.13187239486399
"R",292,"D","R292D",-0.0744055585679364
"R",292,"E","R292E",0.160150350893228
"R",292,"F","R292F",0.268853910150572
"R",292,"G","R292G",-0.570379673041805
"R",292,"H","R292H",-0.555379545902122
"R",292,"I","R292I",0.524503134957728
"R",292,"K","R292K",0.635120139396644
"R",292,"L","R292L",0.360919782166548
"R",292,"M","R292M",0.756298568830024
"R",292,"N","R292N",1.2756458227112
"R",292,"P","R292P",0.509632064810426
"R",292,"Q","R292Q",0.619208575632714
"R",292,"S","R292S",-0.235661158850687
"R",292,"T","R292T",0.320441737831161
"R",292,"V","R292V",0.914894339961104
"R",292,"W","R292W",1.19551976081256
"R",292,"Y","R292Y",-0.818561463227267
"E",293,"A","E293A",0.645471317828787
"E",293,"C","E293C",-1.0919916032172
"E",293,"D","E293D",-0.0178061568312117
"E",293,"F","E293F",-0.150725719775348
"E",293,"G","E293G",0.151280214700987
"E",293,"H","E293H",0.0670498360966842
"E",293,"I","E293I",-0.132803270349022
"E",293,"K","E293K",0.736715224444228
"E",293,"L","E293L",-0.100313636441442
"E",293,"M","E293M",-0.0709707291912182
"E",293,"N","E293N",-0.229449529134931
"E",293,"P","E293P",-3.35524066654863
"E",293,"Q","E293Q",0.480224829670037
"E",293,"R","E293R",-0.167567837929824
"E",293,"S","E293S",0.513499534217282
"E",293,"T","E293T",0.325050572855664
"E",293,"V","E293V",0.630096173873141
"E",293,"W","E293W",-0.698964854180619
"E",293,"Y","E293Y",-1.19872062338772
"E",294,"A","E294A",1.39214483123929
"E",294,"C","E294C",-0.412591911234304
"E",294,"D","E294D",1.0101927719214
"E",294,"F","E294F",-0.246747708969106
"E",294,"G","E294G",-0.245811257614565
"E",294,"H","E294H",0.543737448436345
"E",294,"I","E294I",-0.171378125863693
"E",294,"K","E294K",-0.200107909907676
"E",294,"L","E294L",0.152218240290758
"E",294,"M","E294M",-0.369972501576996
"E",294,"N","E294N",0.0842076930129813
"E",294,"P","E294P",-0.0453930276198638
"E",294,"Q","E294Q",0.0160980712920699
"E",294,"R","E294R",-0.637137929998317
"E",294,"S","E294S",1.94568693998525
"E",294,"T","E294T",0.420712144100495
"E",294,"V","E294V",0.063838396063466
"E",294,"W","E294W",-0.540668432044427
"E",294,"Y","E294Y",-0.308584080963573
"Q",295,"A","Q295A",-0.234635901820577
"Q",295,"C","Q295C",0.487268906569568
"Q",295,"D","Q295D",0.806049134346299
"Q",295,"E","Q295E",1.0301247217999
"Q",295,"F","Q295F",-0.530246014516432
"Q",295,"G","Q295G",-0.264007454638375
"Q",295,"H","Q295H",-0.567334237275668
"Q",295,"I","Q295I",1.15859803229366
"Q",295,"K","Q295K",0.77622373292695
"Q",295,"L","Q295L",1.38559257777053
"Q",295,"M","Q295M",0.304919274665523
"Q",295,"N","Q295N",0.04416176455198
"Q",295,"P","Q295P",0.680262006232141
"Q",295,"R","Q295R",0.349783321842942
"Q",295,"S","Q295S",-0.366843631771926
"Q",295,"T","Q295T",-0.466489591676588
"Q",295,"V","Q295V",0.386644937363134
"Q",295,"W","Q295W",-1.07809980078136
"Q",295,"Y","Q295Y",-0.542780008006744
"Y",296,"A","Y296A",-0.104418548498687
"Y",296,"C","Y296C",-0.419595330934165
"Y",296,"D","Y296D",0.619642363658616
"Y",296,"E","Y296E",-0.49252179308724
"Y",296,"F","Y296F",0.692016213056864
"Y",296,"G","Y296G",-0.71162535516415
"Y",296,"H","Y296H",-0.99343949166839
"Y",296,"I","Y296I",0.0616188718244219
"Y",296,"K","Y296K",-0.565642315340254
"Y",296,"L","Y296L",-0.951007662902233
"Y",296,"M","Y296M",-0.403143844542849
"Y",296,"N","Y296N",0.437328142892814
"Y",296,"P","Y296P",-2.29653682359613
"Y",296,"Q","Y296Q",-0.671627153504061
"Y",296,"R","Y296R",-0.433842385864122
"Y",296,"S","Y296S",-0.187655051915535
"Y",296,"T","Y296T",-0.846603124282009
"Y",296,"V","Y296V",0.139815865859425
"Y",296,"W","Y296W",-0.76251811709018
"N",297,"A","N297A",-1.61149367389449
"N",297,"C","N297C",-3.02826232605364
"N",297,"D","N297D",-2.23144973207751
"N",297,"E","N297E",-1.83730575062448
"N",297,"F","N297F",-2.3339490043442
"N",297,"G","N297G",-2.0887595344891
"N",297,"H","N297H",-3.01550886564808
"N",297,"I","N297I",-3.0620470580265
"N",297,"K","N297K",-3.29214329007396
"N",297,"L","N297L",-2.29954866157939
"N",297,"M","N297M",-2.88443313685948
"N",297,"P","N297P",-3.1674249402759
"N",297,"Q","N297Q",-3.07338899938263
"N",297,"R","N297R",-2.33931714959814
"N",297,"S","N297S",-2.95536709659836
"N",297,"T","N297T",-2.07492620348872
"N",297,"V","N297V",-2.16854649928003
"N",297,"W","N297W",-2.47988182500796
"N",297,"Y","N297Y",-2.04488176046774
"S",298,"A","S298A",0.279290067300174
"S",298,"C","S298C",-1.23115484349503
"S",298,"D","S298D",-2.77985997861945
"S",298,"E","S298E",-2.77790542694281
"S",298,"F","S298F",-0.854900054963232
"S",298,"G","S298G",-0.696375957683884
"S",298,"I","S298I",0.666985325313963
"S",298,"K","S298K",-1.47228081353459
"S",298,"L","S298L",-0.412773467074016
"S",298,"M","S298M",-0.596790338677138
"S",298,"N","S298N",-2.79626844944365
"S",298,"P","S298P",-2.1158415598108
"S",298,"Q","S298Q",-0.522324361031452
"S",298,"R","S298R",-1.61303556099803
"S",298,"T","S298T",0.814815396261123
"S",298,"V","S298V",-0.622031845333646
"S",298,"W","S298W",-3.8971581921847
"S",298,"Y","S298Y",-1.57617411507436
"T",299,"A","T299A",-1.33325135003138
"T",299,"C","T299C",-3.19368740601155
"T",299,"D","T299D",-2.59116035395556
"T",299,"E","T299E",-3.88924926960435
"T",299,"F","T299F",-1.44293583426417
"T",299,"G","T299G",-2.90717855314505
"T",299,"H","T299H",-2.8847663081752
"T",299,"I","T299I",-2.50948008362588
"T",299,"K","T299K",-2.48059431605066
"T",299,"L","T299L",-2.53075156814628
"T",299,"M","T299M",-3.05909045538316
"T",299,"N","T299N",-2.61658312735779
"T",299,"P","T299P",-2.29626156261039
"T",299,"Q","T299Q",-3.07619052529651
"T",299,"R","T299R",-2.47963475172825
"T",299,"S","T299S",-1.64276709238913
"T",299,"V","T299V",-3.18393182569587
"T",299,"W","T299W",-4.42767507240153
"T",299,"Y","T299Y",-1.78011415884028
"Y",300,"A","Y300A",1.15170667140999
"Y",300,"C","Y300C",-0.0802686470898131
"Y",300,"D","Y300D",0.195364206604266
"Y",300,"E","Y300E",0.95147229771453
"Y",300,"F","Y300F",0.344917886382838
"Y",300,"G","Y300G",-0.381878132269495
"Y",300,"H","Y300H",-0.0568629674547246
"Y",300,"I","Y300I",1.13620535787775
"Y",300,"K","Y300K",-0.255756530421112
"Y",300,"L","Y300L",0.00624656198097777
"Y",300,"M","Y300M",1.26886809850817
"Y",300,"N","Y300N",0.129345619502316
"Y",300,"P","Y300P",-3.48011995114831
"Y",300,"Q","Y300Q",-0.195863925700446
"Y",300,"R","Y300R",-1.36012340313011
"Y",300,"S","Y300S",-1.30146659254957
"Y",300,"T","Y300T",0.0508266898337021
"Y",300,"V","Y300V",0.554156429131997
"Y",300,"W","Y300W",0.00722511048859348
"R",301,"A","R301A",0.204856080378783
"R",301,"C","R301C",-1.02259585645859
"R",301,"D","R301D",-1.68286897861054
"R",301,"E","R301E",-1.21249777589883
"R",301,"F","R301F",-0.172186249624959
"R",301,"G","R301G",-1.05891155627104
"R",301,"H","R301H",-0.549941835907456
"R",301,"I","R301I",-0.461625678122881
"R",301,"K","R301K",0.700822027748678
"R",301,"L","R301L",1.10161889032256
"R",301,"M","R301M",0.0255878794432788
"R",301,"N","R301N",0.693926397564604
"R",301,"P","R301P",-1.86124023370349
"R",301,"Q","R301Q",-0.0711049581992335
"R",301,"S","R301S",1.1830299969974
"R",301,"T","R301T",0.440311305265684
"R",301,"V","R301V",0.0807640456238352
"R",301,"W","R301W",-0.117846697947737
"R",301,"Y","R301Y",-0.575820756328571
"V",302,"A","V302A",-1.09451773387212
"V",302,"C","V302C",-0.126794270223425
"V",302,"D","V302D",0.148547632403917
"V",302,"E","V302E",0.384650840026649
"V",302,"F","V302F",0.209429117458684
"V",302,"G","V302G",-0.176660487993134
"V",302,"H","V302H",0.00152283532314703
"V",302,"I","V302I",0.500493523071535
"V",302,"K","V302K",0.889110017048903
"V",302,"L","V302L",0.080521428582541
"V",302,"M","V302M",0.233442210379788
"V",302,"N","V302N",-3.2960896803427
"V",302,"P","V302P",-2.29494773260464
"V",302,"Q","V302Q",-0.340102474729724
"V",302,"R","V302R",1.46895132416124
"V",302,"S","V302S",0.129196432159932
"V",302,"T","V302T",0.274792515984728
"V",302,"W","V302W",0.524924767327115
"V",302,"Y","V302Y",-0.20756334634152
"V",303,"A","V303A",0.200987458039331
"V",303,"C","V303C",0.101205259116022
"V",303,"D","V303D",-0.653076401924242
"V",303,"E","V303E",0.907886896535744
"V",303,"F","V303F",0.641859068526291
"V",303,"G","V303G",-0.40922236896167
"V",303,"H","V303H",0.19869862382276
"V",303,"I","V303I",-0.0235740902294674
"V",303,"K","V303K",-0.0773297533488026
"V",303,"L","V303L",-0.118843476957203
"V",303,"M","V303M",-0.447781562769163
"V",303,"N","V303N",0.781792918019233
"V",303,"P","V303P",0.932358330547909
"V",303,"Q","V303Q",-0.271498521799789
"V",303,"R","V303R",0.0936693147100949
"V",303,"S","V303S",-0.958106678506255
"V",303,"T","V303T",-0.21511121079531
"V",303,"W","V303W",0.231745923765241
"V",303,"Y","V303Y",0.460953843353353
"S",304,"A","S304A",0.188245436304557
"S",304,"C","S304C",0.0753806912914445
"S",304,"D","S304D",-0.392182014561234
"S",304,"E","S304E",-0.308449930663253
"S",304,"F","S304F",-0.437978519894244
"S",304,"G","S304G",1.79584795752834
"S",304,"H","S304H",-0.353737593380903
"S",304,"I","S304I",-1.72997454080142
"S",304,"K","S304K",-1.54949150711239
"S",304,"L","S304L",-2.78076189109682
"S",304,"M","S304M",-0.471406711519572
"S",304,"N","S304N",-0.353935308226357
"S",304,"P","S304P",0.00350005133107081
"S",304,"Q","S304Q",-0.633645774942708
"S",304,"R","S304R",-0.906698351774731
"S",304,"T","S304T",0.344627906965663
"S",304,"V","S304V",-1.92663061900247
"S",304,"W","S304W",-1.71973785253549
"S",304,"Y","S304Y",-2.32866751752246
"V",305,"A","V305A",0.988649997839101
"V",305,"C","V305C",0.645024576238968
"V",305,"D","V305D",0.167561170997591
"V",305,"E","V305E",0.00272826375747331
"V",305,"F","V305F",0.850983438500829
"V",305,"G","V305G",0.52889352656512
"V",305,"H","V305H",0.962643135547454
"V",305,"I","V305I",0.352556209217191
"V",305,"K","V305K",0.375496637809942
"V",305,"L","V305L",0.407049081577197
"V",305,"M","V305M",-0.132893677438827
"V",305,"N","V305N",1.07723346195332
"V",305,"P","V305P",0.405390003373267
"V",305,"Q","V305Q",1.09924257096833
"V",305,"R","V305R",-0.444944240890092
"V",305,"S","V305S",0.219445881793166
"V",305,"T","V305T",0.629819887276021
"V",305,"W","V305W",-0.0409218998803391
"V",305,"Y","V305Y",1.09081559724425
"L",306,"A","L306A",0.1261658408546
"L",306,"C","L306C",-0.215935109951755
"L",306,"D","L306D",-0.418825950931053
"L",306,"E","L306E",-0.413418644236814
"L",306,"F","L306F",0.637533181750326
"L",306,"G","L306G",0.786152225666166
"L",306,"H","L306H",0.551243830658438
"L",306,"I","L306I",0.29446225625583
"L",306,"K","L306K",0.323659934952252
"L",306,"M","L306M",0.255945294984065
"L",306,"N","L306N",0.0332079521635038
"L",306,"P","L306P",0.625978459874369
"L",306,"Q","L306Q",-0.433662648283353
"L",306,"R","L306R",-0.512128230374964
"L",306,"S","L306S",-0.434005654713971
"L",306,"T","L306T",1.23664720716586
"L",306,"V","L306V",0.350305304463875
"L",306,"W","L306W",0.283329119965355
"L",306,"Y","L306Y",0.175185469396104
"T",307,"A","T307A",-0.877861289465601
"T",307,"C","T307C",3.0571959517102
"T",307,"D","T307D",-0.130681265415193
"T",307,"E","T307E",0.150375219232775
"T",307,"F","T307F",0.252616390290666
"T",307,"G","T307G",0.413872363328787
"T",307,"H","T307H",1.23580514857486
"T",307,"I","T307I",-0.574374448531284
"T",307,"K","T307K",0.425131173135556
"T",307,"L","T307L",0.201945447889297
"T",307,"M","T307M",-0.0969513308709966
"T",307,"N","T307N",0.0743095916392494
"T",307,"P","T307P",0.0389087049677531
"T",307,"Q","T307Q",0.262522270189801
"T",307,"R","T307R",0.857328272339975
"T",307,"S","T307S",0.029316815660396
"T",307,"V","T307V",0.0391718274642764
"T",307,"W","T307W",-0.333261045659173
"T",307,"Y","T307Y",0.195556687407524
"V",308,"A","V308A",0.968130703977948
"V",308,"C","V308C",0.22334505151236
"V",308,"D","V308D",-0.0624338382180409
"V",308,"E","V308E",-1.1228141523141
"V",308,"F","V308F",0.299433551431032
"V",308,"G","V308G",0.144977294254033
"V",308,"H","V308H",-0.0747502712271357
"V",308,"I","V308I",0.131894731979235
"V",308,"K","V308K",-1.07196156639897
"V",308,"L","V308L",0.369718012649371
"V",308,"M","V308M",1.30948383475129
"V",308,"N","V308N",0.309992518536993
"V",308,"P","V308P",0.554617168782286
"V",308,"Q","V308Q",-0.224939519381836
"V",308,"R","V308R",0.718076302530892
"V",308,"S","V308S",0.435933058764033
"V",308,"T","V308T",-0.280306373435011
"V",308,"W","V308W",-2.57563894192269
"V",308,"Y","V308Y",0.39488186052528
"L",309,"A","L309A",0.518443802064152
"L",309,"C","L309C",0.821240235779802
"L",309,"D","L309D",3.02983213251755
"L",309,"E","L309E",0.492543262686243
"L",309,"F","L309F",0.205393627343677
"L",309,"G","L309G",-0.560709347237281
"L",309,"H","L309H",0.407394518218483
"L",309,"I","L309I",0.963897967868399
"L",309,"K","L309K",0.44986325979107
"L",309,"M","L309M",0.135063172181296
"L",309,"N","L309N",0.499532409394111
"L",309,"P","L309P",-0.0687870079717337
"L",309,"Q","L309Q",0.501776923680843
"L",309,"R","L309R",0.295298253862328
"L",309,"S","L309S",0.585474116678109
"L",309,"T","L309T",1.14137417009275
"L",309,"V","L309V",1.72461593878022
"L",309,"W","L309W",0.15089294772823
"L",309,"Y","L309Y",0.809864936809305
"H",310,"A","H310A",-0.366786758684856
"H",310,"C","H310C",-0.0206503107379577
"H",310,"D","H310D",-0.198298100184146
"H",310,"E","H310E",-0.0902626103465104
"H",310,"F","H310F",0.943025854955016
"H",310,"G","H310G",0.306018680058814
"H",310,"I","H310I",-0.438283402790028
"H",310,"K","H310K",0.405753180372943
"H",310,"L","H310L",-0.247360772415415
"H",310,"M","H310M",0.307578973067907
"H",310,"N","H310N",-0.314456889212137
"H",310,"P","H310P",0.41592242071822
"H",310,"Q","H310Q",-1.23995434866266
"H",310,"R","H310R",-0.344265771449077
"H",310,"S","H310S",-0.627363049290687
"H",310,"T","H310T",0.243540224064608
"H",310,"V","H310V",0.556357898221179
"H",310,"W","H310W",0.523143987657917
"H",310,"Y","H310Y",-0.0147484335229059
"Q",311,"A","Q311A",0.547907971175303
"Q",311,"C","Q311C",0.674121286670571
"Q",311,"D","Q311D",0.389898732442731
"Q",311,"E","Q311E",0.240812261387874
"Q",311,"F","Q311F",0.350677336500644
"Q",311,"G","Q311G",0.196638316084981
"Q",311,"H","Q311H",0.937429209450942
"Q",311,"I","Q311I",0.943770005043847
"Q",311,"K","Q311K",0.410302913943153
"Q",311,"L","Q311L",0.642483735291421
"Q",311,"M","Q311M",0.0723443243478351
"Q",311,"N","Q311N",1.85574706371694
"Q",311,"P","Q311P",-0.578035787527383
"Q",311,"R","Q311R",0.669317460364195
"Q",311,"S","Q311S",-0.176415236835411
"Q",311,"T","Q311T",0.0540455589603958
"Q",311,"V","Q311V",0.369549361757187
"Q",311,"W","Q311W",0.0648907207152433
"Q",311,"Y","Q311Y",1.72939067977402
"D",312,"A","D312A",-0.098443534262192
"D",312,"C","D312C",-0.120907633257198
"D",312,"E","D312E",0.372997765722666
"D",312,"F","D312F",0.70059724768606
"D",312,"G","D312G",0.148918750760876
"D",312,"H","D312H",0.571324234057774
"D",312,"I","D312I",0.460689489541722
"D",312,"K","D312K",0.401332451059157
"D",312,"L","D312L",-0.404722129405445
"D",312,"M","D312M",1.93538373510294
"D",312,"N","D312N",1.83109595375804
"D",312,"P","D312P",0.385143423610486
"D",312,"Q","D312Q",-0.161539854446422
"D",312,"R","D312R",0.273470698883139
"D",312,"S","D312S",0.286651984811411
"D",312,"T","D312T",0.546766902847498
"D",312,"V","D312V",0.685047410314092
"D",312,"W","D312W",0.989782246924257
"D",312,"Y","D312Y",0.075564125421362
"W",313,"A","W313A",-1.1185159750939
"W",313,"C","W313C",-0.240658980854679
"W",313,"D","W313D",-1.69627549952257
"W",313,"E","W313E",-1.46457346712497
"W",313,"F","W313F",0.583635925746088
"W",313,"H","W313H",-1.01001492748732
"W",313,"I","W313I",-1.1828078120814
"W",313,"K","W313K",-1.31565577189232
"W",313,"L","W313L",-1.69360494010249
"W",313,"M","W313M",-1.1234045161214
"W",313,"N","W313N",-0.60604028690311
"W",313,"P","W313P",-1.31917379649898
"W",313,"Q","W313Q",0.585242075250663
"W",313,"R","W313R",-3.01721109806924
"W",313,"S","W313S",-1.31528056314793
"W",313,"T","W313T",-1.13388112144916
"W",313,"V","W313V",-0.394187444067808
"W",313,"Y","W313Y",0.749828966891739
"L",314,"A","L314A",-0.279399290869492
"L",314,"C","L314C",-0.407374858328274
"L",314,"D","L314D",-0.222498046676759
"L",314,"E","L314E",-0.0510759760860553
"L",314,"F","L314F",0.325664971070421
"L",314,"G","L314G",0.296668292366602
"L",314,"H","L314H",-0.27726941835642
"L",314,"I","L314I",0.21916396878862
"L",314,"K","L314K",-0.198673704468313
"L",314,"M","L314M",0.695932981753372
"L",314,"N","L314N",-0.353678385609582
"L",314,"P","L314P",-0.331577269121885
"L",314,"Q","L314Q",0.38279253018814
"L",314,"R","L314R",-0.754317220888382
"L",314,"S","L314S",-0.0325575564870853
"L",314,"T","L314T",-0.213823232519037
"L",314,"V","L314V",-0.0932984685738533
"L",314,"W","L314W",0.220977693683701
"L",314,"Y","L314Y",0.363474301056104
"N",315,"A","N315A",0.848411417971285
"N",315,"C","N315C",0.438807177128869
"N",315,"D","N315D",0.545573407524447
"N",315,"E","N315E",0.830885849601225
"N",315,"F","N315F",0.947262002752306
"N",315,"G","N315G",0.206642438167644
"N",315,"H","N315H",0.596759006583833
"N",315,"I","N315I",1.56245236285697
"N",315,"K","N315K",0.109322126897516
"N",315,"L","N315L",0.950216326406213
"N",315,"M","N315M",-0.0995580007726154
"N",315,"P","N315P",-0.612440883675343
"N",315,"Q","N315Q",0.0864163666688113
"N",315,"R","N315R",-0.117807457306398
"N",315,"S","N315S",0.175072835556577
"N",315,"T","N315T",0.981686672237591
"N",315,"V","N315V",-0.151384215756574
"N",315,"W","N315W",0.187311496327818
"N",315,"Y","N315Y",0.146260754749204
"G",316,"A","G316A",-0.210002562561955
"G",316,"C","G316C",0.412583455352481
"G",316,"D","G316D",1.53934221234315
"G",316,"E","G316E",0.39655349580978
"G",316,"F","G316F",-0.739135766093164
"G",316,"H","G316H",-0.455365735784353
"G",316,"I","G316I",-0.496154350834531
"G",316,"K","G316K",0.0268797451907495
"G",316,"L","G316L",0.778717486160607
"G",316,"M","G316M",0.10752836257707
"G",316,"N","G316N",0.546150129730617
"G",316,"P","G316P",-0.112903542121065
"G",316,"Q","G316Q",0.217302075464627
"G",316,"R","G316R",0.482518881562665
"G",316,"S","G316S",-0.155843665450651
"G",316,"T","G316T",0.0148823188489621
"G",316,"V","G316V",-0.0206852575512003
"G",316,"W","G316W",1.42700517050049
"G",316,"Y","G316Y",0.818023511305828
"K",317,"A","K317A",0.220794688292046
"K",317,"C","K317C",0.525523453954797
"K",317,"D","K317D",-0.125406282022408
"K",317,"E","K317E",0.241062337224697
"K",317,"F","K317F",0.432206296019728
"K",317,"G","K317G",1.17205071492526
"K",317,"H","K317H",-0.133005524356009
"K",317,"I","K317I",0.462702786330526
"K",317,"L","K317L",0.124106868918121
"K",317,"M","K317M",-0.0308035253666696
"K",317,"N","K317N",0.36806610044502
"K",317,"P","K317P",0.0267286348574699
"K",317,"Q","K317Q",1.56729874314753
"K",317,"R","K317R",-0.557324206414509
"K",317,"S","K317S",0.996067898486208
"K",317,"T","K317T",0.467312750098186
"K",317,"V","K317V",0.333398509516417
"K",317,"W","K317W",0.764839593942284
"K",317,"Y","K317Y",0.07557788848591
"E",318,"A","E318A",0.109418178724474
"E",318,"C","E318C",-0.625610350074641
"E",318,"D","E318D",-0.0536162957342365
"E",318,"F","E318F",0.544666066278016
"E",318,"G","E318G",0.711034611495794
"E",318,"H","E318H",0.476669363545872
"E",318,"I","E318I",0.803616700698824
"E",318,"K","E318K",-0.452855614008774
"E",318,"L","E318L",0.0853716573846275
"E",318,"M","E318M",0.00989914688764743
"E",318,"N","E318N",-0.10301436030597
"E",318,"P","E318P",0.774625764315435
"E",318,"Q","E318Q",0.599061883098243
"E",318,"R","E318R",-0.315050219637905
"E",318,"S","E318S",-0.0294829119884124
"E",318,"T","E318T",0.406531056817229
"E",318,"V","E318V",0.384397749147057
"E",318,"W","E318W",0.378276196394012
"E",318,"Y","E318Y",0.0220392576098607
"Y",319,"A","Y319A",0.613313789938603
"Y",319,"C","Y319C",0.741488424909004
"Y",319,"D","Y319D",0.451144320080626
"Y",319,"E","Y319E",0.0869498028772976
"Y",319,"F","Y319F",-0.386754008326111
"Y",319,"G","Y319G",-1.05299654183447
"Y",319,"H","Y319H",1.01996975819175
"Y",319,"I","Y319I",-0.752448777506632
"Y",319,"K","Y319K",0.11495004595752
"Y",319,"L","Y319L",0.599393265290419
"Y",319,"M","Y319M",-0.0692809972027404
"Y",319,"N","Y319N",-0.282462688103061
"Y",319,"P","Y319P",-0.641923492054507
"Y",319,"Q","Y319Q",-0.600249728736701
"Y",319,"R","Y319R",0.261246407734153
"Y",319,"S","Y319S",0.364435093868281
"Y",319,"T","Y319T",0.762898503194853
"Y",319,"V","Y319V",1.81086439773814
"Y",319,"W","Y319W",0.209522101297431
"K",320,"A","K320A",1.19663511437794
"K",320,"C","K320C",0.265275453096178
"K",320,"D","K320D",0.613159024100543
"K",320,"E","K320E",-0.25448788532418
"K",320,"F","K320F",1.05223836977301
"K",320,"G","K320G",0.237107356002202
"K",320,"H","K320H",-0.270068005172851
"K",320,"I","K320I",0.476587921221619
"K",320,"L","K320L",1.04454800830239
"K",320,"M","K320M",0.961606956357776
"K",320,"N","K320N",-0.0345023585057675
"K",320,"P","K320P",-0.440125984227193
"K",320,"Q","K320Q",-0.0104121049742429
"K",320,"R","K320R",-0.397474074184907
"K",320,"S","K320S",0.426609249353862
"K",320,"T","K320T",-0.0930943050708985
"K",320,"V","K320V",0.0082063677419208
"K",320,"W","K320W",-0.00570639860773522
"K",320,"Y","K320Y",0.0107798978577098
"C",321,"A","C321A",-0.0236912585405223
"C",321,"D","C321D",0.176800174444171
"C",321,"E","C321E",0.549800908901029
"C",321,"F","C321F",-0.553014725896251
"C",321,"G","C321G",-0.0865116883274551
"C",321,"H","C321H",-0.306321724034769
"C",321,"I","C321I",-0.408702252336694
"C",321,"K","C321K",-0.542344873660407
"C",321,"L","C321L",0.240454928440713
"C",321,"M","C321M",-1.24918468569332
"C",321,"N","C321N",-1.00396335793116
"C",321,"P","C321P",-0.602365916578251
"C",321,"Q","C321Q",-0.523184908751489
"C",321,"R","C321R",0.978564417204937
"C",321,"S","C321S",-0.109744374067417
"C",321,"T","C321T",0.3820698731208
"C",321,"V","C321V",0.251823755347437
"C",321,"W","C321W",-0.748103887382811
"C",321,"Y","C321Y",0.899199611523711
"K",322,"A","K322A",0.465748663472612
"K",322,"C","K322C",-0.0582941728676733
"K",322,"D","K322D",0.635188779269405
"K",322,"E","K322E",0.41666203997029
"K",322,"F","K322F",0.00304433748834506
"K",322,"G","K322G",-0.664714807194403
"K",322,"H","K322H",-0.643225088860264
"K",322,"I","K322I",-0.219329817292628
"K",322,"L","K322L",1.47328091078458
"K",322,"M","K322M",-0.518690892749515
"K",322,"N","K322N",0.103258226583283
"K",322,"P","K322P",-0.320940475556475
"K",322,"Q","K322Q",0.98816054310365
"K",322,"R","K322R",1.81802654463094
"K",322,"S","K322S",-0.836179607076015
"K",322,"T","K322T",0.589483147620305
"K",322,"V","K322V",0.273313075130662
"K",322,"W","K322W",0.515476308878332
"K",322,"Y","K322Y",-0.0478120404143564
"V",323,"A","V323A",0.229892352949747
"V",323,"C","V323C",-0.433050269771116
"V",323,"D","V323D",-0.265754017523037
"V",323,"E","V323E",-0.601956916832614
"V",323,"F","V323F",-0.812404852211775
"V",323,"G","V323G",-0.534505435302252
"V",323,"H","V323H",-1.46506033273997
"V",323,"I","V323I",0.440443841213934
"V",323,"K","V323K",-0.34788517442151
"V",323,"L","V323L",0.176529088759988
"V",323,"M","V323M",0.181591486966207
"V",323,"N","V323N",-0.720994854342507
"V",323,"P","V323P",-2.0159727005878
"V",323,"Q","V323Q",-0.0916503171353728
"V",323,"R","V323R",-0.114851094554178
"V",323,"S","V323S",-0.445492591597399
"V",323,"T","V323T",0.298550748801783
"V",323,"W","V323W",-2.77208082558578
"V",323,"Y","V323Y",-2.06236942136595
"S",324,"A","S324A",0.263834340892431
"S",324,"C","S324C",-0.0207543942527567
"S",324,"D","S324D",-0.413279768728278
"S",324,"E","S324E",-0.196581742058233
"S",324,"F","S324F",0.371828973787921
"S",324,"G","S324G",0.570323913177625
"S",324,"H","S324H",2.80206572992339
"S",324,"I","S324I",-0.332648017943763
"S",324,"K","S324K",-0.611079545747504
"S",324,"L","S324L",0.363390823493713
"S",324,"M","S324M",1.35879750767039
"S",324,"N","S324N",-0.775979891626106
"S",324,"P","S324P",-2.08243730410965
"S",324,"Q","S324Q",0.888949574228354
"S",324,"R","S324R",0.21119432966909
"S",324,"T","S324T",0.105416983588975
"S",324,"V","S324V",1.12487862803796
"S",324,"W","S324W",0.792793017911116
"S",324,"Y","S324Y",0.00863881609104553
"N",325,"A","N325A",-1.59924069535578
"N",325,"C","N325C",-0.952349849156543
"N",325,"D","N325D",-1.09294042226695
"N",325,"E","N325E",-2.37506229791893
"N",325,"F","N325F",-2.96169327978894
"N",325,"G","N325G",-3.41303591316784
"N",325,"H","N325H",-3.48509926474223
"N",325,"I","N325I",-2.1914806304314
"N",325,"K","N325K",-3.68402537098488
"N",325,"L","N325L",-2.18251647421689
"N",325,"M","N325M",-1.76775596284968
"N",325,"P","N325P",-2.84016201770705
"N",325,"Q","N325Q",-2.21305317125755
"N",325,"R","N325R",-3.21916164786844
"N",325,"S","N325S",-0.622713367321983
"N",325,"T","N325T",-1.27381303101709
"N",325,"V","N325V",-3.2440392719098
"N",325,"W","N325W",-0.324944055716606
"N",325,"Y","N325Y",-3.71646577253521
"K",326,"A","K326A",-0.220830284861727
"K",326,"C","K326C",0.44889379609605
"K",326,"D","K326D",-0.327810035831808
"K",326,"E","K326E",1.02574910385679
"K",326,"F","K326F",1.32760612297817
"K",326,"G","K326G",-0.0890144239584674
"K",326,"H","K326H",0.107456706678354
"K",326,"I","K326I",-0.155286961282897
"K",326,"L","K326L",-1.01206228432557
"K",326,"M","K326M",0.755792744143381
"K",326,"N","K326N",-0.340050664335312
"K",326,"P","K326P",0.596254549280344
"K",326,"Q","K326Q",0.418254824949614
"K",326,"R","K326R",-0.788785462603556
"K",326,"S","K326S",0.61668491913843
"K",326,"T","K326T",1.7562703384063
"K",326,"V","K326V",-0.123793174199407
"K",326,"W","K326W",-3.67760778610462
"K",326,"Y","K326Y",1.18927119894204
"A",327,"C","A327C",-1.36719407954632
"A",327,"D","A327D",0.693123164304019
"A",327,"E","A327E",0.264085879338888
"A",327,"F","A327F",-1.65194424109292
"A",327,"G","A327G",0.478894021358077
"A",327,"H","A327H",-1.52319201997144
"A",327,"I","A327I",-3.35360760946494
"A",327,"K","A327K",-4.4550244586125
"A",327,"L","A327L",-2.20839960029526
"A",327,"M","A327M",-0.768563237356217
"A",327,"N","A327N",-0.396642489500637
"A",327,"P","A327P",-2.32374613171472
"A",327,"Q","A327Q",-1.04095022725747
"A",327,"R","A327R",-2.70700884832571
"A",327,"S","A327S",-1.45501929622196
"A",327,"T","A327T",-3.03719050588316
"A",327,"V","A327V",-2.9604175961516
"A",327,"W","A327W",-3.17798562318701
"A",327,"Y","A327Y",-2.10437475076921
"L",328,"A","L328A",1.04803646410219
"L",328,"C","L328C",-0.763678229438207
"L",328,"D","L328D",-1.11014968280144
"L",328,"E","L328E",-1.57288975458284
"L",328,"F","L328F",-0.209294505410166
"L",328,"G","L328G",-0.974957090717569
"L",328,"H","L328H",-0.74060701372917
"L",328,"I","L328I",0.0459151174195125
"L",328,"K","L328K",-3.61953851147589
"L",328,"M","L328M",1.22405378420176
"L",328,"N","L328N",-1.22464025010863
"L",328,"P","L328P",-3.9578702811059
"L",328,"Q","L328Q",0.303418823783698
"L",328,"R","L328R",-3.82578306682548
"L",328,"S","L328S",0.64509931159972
"L",328,"T","L328T",-0.510981552584796
"L",328,"V","L328V",0.108385931011962
"L",328,"W","L328W",0.579888981676265
"L",328,"Y","L328Y",-0.0414261573800443
"P",329,"A","P329A",-1.20517821204059
"P",329,"C","P329C",-2.65357447688409
"P",329,"D","P329D",-2.97158344628482
"P",329,"E","P329E",-3.7284166313734
"P",329,"F","P329F",-3.17617260475404
"P",329,"G","P329G",-4.45341374843944
"P",329,"H","P329H",-3.12255037878211
"P",329,"I","P329I",-2.38859257428661
"P",329,"K","P329K",-3.58472178128932
"P",329,"L","P329L",-3.75890863431617
"P",329,"M","P329M",-3.00598030387392
"P",329,"N","P329N",-3.99542705737364
"P",329,"Q","P329Q",-2.45022329729618
"P",329,"R","P329R",-3.29596724475213
"P",329,"S","P329S",-1.93648808832832
"P",329,"T","P329T",-1.84849909745862
"P",329,"V","P329V",-2.36166876770113
"P",329,"W","P329W",-2.2132911249045
"P",329,"Y","P329Y",-4.21080186428309
"A",330,"C","A330C",-0.449935912136396
"A",330,"D","A330D",-1.21149564699099
"A",330,"E","A330E",-0.0242726128603942
"A",330,"F","A330F",-0.415658903064729
"A",330,"G","A330G",0.86853561069739
"A",330,"H","A330H",-0.0696590150739808
"A",330,"I","A330I",-0.785193142956164
"A",330,"K","A330K",1.03965888823114
"A",330,"L","A330L",-0.484415645828076
"A",330,"M","A330M",0.189455251990969
"A",330,"N","A330N",-0.682190465015087
"A",330,"P","A330P",-2.17066279767507
"A",330,"Q","A330Q",0.415814935177068
"A",330,"R","A330R",0.569788122797282
"A",330,"S","A330S",0.994422134639067
"A",330,"T","A330T",0.935427760253347
"A",330,"V","A330V",-0.196890458494882
"A",330,"W","A330W",-0.725923664263173
"A",330,"Y","A330Y",-0.661888155705951
"P",331,"A","P331A",-0.170605479668948
"P",331,"C","P331C",0.197181708014801
"P",331,"D","P331D",-0.243113825632378
"P",331,"E","P331E",0.104836131255227
"P",331,"F","P331F",-0.265060012840092
"P",331,"G","P331G",-2.48401101206732
"P",331,"H","P331H",0.251170003175374
"P",331,"I","P331I",-0.455201424474914
"P",331,"K","P331K",-0.858643381230297
"P",331,"L","P331L",-1.35747975178641
"P",331,"M","P331M",-0.179785298450732
"P",331,"N","P331N",-0.438996386767613
"P",331,"Q","P331Q",-0.270726832746054
"P",331,"R","P331R",0.85612872170886
"P",331,"S","P331S",0.308267574965206
"P",331,"T","P331T",-0.32351327221927
"P",331,"V","P331V",-1.06050015621108
"P",331,"W","P331W",0.0434121307490755
"P",331,"Y","P331Y",0.142044128047484
"I",332,"C","I332C",-0.398052938492381
"I",332,"D","I332D",0.769851058753338
"I",332,"E","I332E",0.936003463877901
"I",332,"F","I332F",0.406240511191905
"I",332,"G","I332G",1.63022332661497
"I",332,"H","I332H",0.247986701735468
"I",332,"K","I332K",-0.626120741251638
"I",332,"L","I332L",0.0709097085719947
"I",332,"M","I332M",0.730643554250963
"I",332,"N","I332N",0.995970419071248
"I",332,"P","I332P",-1.32943356479032
"I",332,"Q","I332Q",0.253696705248453
"I",332,"R","I332R",-0.500095883550108
"I",332,"S","I332S",1.17399171330524
"I",332,"T","I332T",-0.995274318210936
"I",332,"V","I332V",0.42247515838677
"I",332,"W","I332W",-0.867165974929009
"I",332,"Y","I332Y",0.792724791305115
"E",333,"A","E333A",0.168872186244261
"E",333,"C","E333C",-0.238845676421893
"E",333,"D","E333D",0.385874236680562
"E",333,"F","E333F",0.10587532360602
"E",333,"G","E333G",-0.202798359144179
"E",333,"H","E333H",0.319100376403562
"E",333,"I","E333I",0.147293453121292
"E",333,"K","E333K",-0.422699544929569
"E",333,"L","E333L",-0.408283967911372
"E",333,"M","E333M",0.397664932567883
"E",333,"N","E333N",-0.705450427063689
"E",333,"P","E333P",-0.701643086870661
"E",333,"Q","E333Q",0.0943558404133165
"E",333,"R","E333R",-0.815704023836751
"E",333,"S","E333S",-0.621450671328797
"E",333,"T","E333T",-0.546259437569783
"E",333,"V","E333V",-0.20591769949226
"E",333,"W","E333W",-0.449312952086693
"E",333,"Y","E333Y",-0.229132271324901
"K",334,"A","K334A",0.676890554346353
"K",334,"C","K334C",-0.365480156350486
"K",334,"D","K334D",-0.604076751882359
"K",334,"E","K334E",-0.108914750362434
"K",334,"F","K334F",-0.208841026692496
"K",334,"G","K334G",-0.429623680817868
"K",334,"H","K334H",0.494189021911296
"K",334,"I","K334I",0.262564956475463
"K",334,"L","K334L",-0.704402159442214
"K",334,"M","K334M",0.368590861684507
"K",334,"N","K334N",0.859362157192721
"K",334,"P","K334P",-0.166927623119306
"K",334,"Q","K334Q",0.779759487327908
"K",334,"R","K334R",0.434672387350868
"K",334,"S","K334S",0.540663192449058
"K",334,"T","K334T",0.386160683362139
"K",334,"V","K334V",0.367215462594545
"K",334,"W","K334W",0.470484815818785
"K",334,"Y","K334Y",0.155129418337761
"T",335,"A","T335A",0.671474273186895
"T",335,"C","T335C",-0.574010644542483
"T",335,"D","T335D",0.34660483161804
"T",335,"E","T335E",0.0661056979609465
"T",335,"F","T335F",0.35214129886644
"T",335,"G","T335G",0.354840758724727
"T",335,"H","T335H",0.383794252010656
"T",335,"I","T335I",0.408787856871837
"T",335,"K","T335K",-0.567769614895083
"T",335,"L","T335L",0.749933536558995
"T",335,"M","T335M",0.0916859014055964
"T",335,"N","T335N",0.101403692895741
"T",335,"P","T335P",0.029049696255187
"T",335,"Q","T335Q",-0.222450574693391
"T",335,"R","T335R",0.284725570105246
"T",335,"S","T335S",0.191603053932654
"T",335,"V","T335V",0.972876930176358
"T",335,"W","T335W",0.666416357385991
"T",335,"Y","T335Y",0.286882253876246
"I",336,"A","I336A",1.7928947248956
"I",336,"C","I336C",0.0199176983422774
"I",336,"D","I336D",-1.24280041472641
"I",336,"E","I336E",-0.138495709500844
"I",336,"F","I336F",-0.0144502649659637
"I",336,"G","I336G",-0.174428185431412
"I",336,"H","I336H",-0.235660916096481
"I",336,"K","I336K",0.59511430477927
"I",336,"L","I336L",-0.0073186405641009
"I",336,"M","I336M",0.288584550516466
"I",336,"N","I336N",-0.746487624784049
"I",336,"P","I336P",-0.905277294029419
"I",336,"Q","I336Q",-0.405479285357479
"I",336,"R","I336R",0.364918154618726
"I",336,"S","I336S",0.615312156591553
"I",336,"T","I336T",0.105740324953201
"I",336,"V","I336V",0.00714332872441344
"I",336,"W","I336W",-0.53082948229504
"I",336,"Y","I336Y",-0.476404108230487
"S",337,"A","S337A",0.81062587262583
"S",337,"C","S337C",-0.40832435222008
"S",337,"D","S337D",-0.547540470401225
"S",337,"E","S337E",0.64835106279865
"S",337,"F","S337F",-0.164552490940726
"S",337,"G","S337G",-0.13604988208168
"S",337,"H","S337H",0.298758629933521
"S",337,"I","S337I",0.450736037795631
"S",337,"K","S337K",0.410761833957122
"S",337,"L","S337L",-0.479016474715337
"S",337,"M","S337M",0.0422253875363528
"S",337,"N","S337N",-0.973465178371898
"S",337,"P","S337P",-1.08035603294418
"S",337,"Q","S337Q",0.532780757569522
"S",337,"R","S337R",1.17868192098776
"S",337,"T","S337T",0.0907425107739382
"S",337,"V","S337V",0.467221001688043
"S",337,"W","S337W",0.877139263536395
"S",337,"Y","S337Y",1.82684166324962
"K",338,"A","K338A",0.850109028178321
"K",338,"C","K338C",0.392584426449984
"K",338,"D","K338D",-0.892151082100813
"K",338,"E","K338E",-0.765371023578976
"K",338,"F","K338F",1.0454405290347
"K",338,"G","K338G",-0.782265407887528
"K",338,"H","K338H",0.753987761560931
"K",338,"I","K338I",0.244070386297455
"K",338,"L","K338L",-0.16902124053719
"K",338,"M","K338M",-0.137318805058874
"K",338,"N","K338N",0.505510243606272
"K",338,"P","K338P",0.0633693242071803
"K",338,"Q","K338Q",-0.0251697550251053
"K",338,"R","K338R",-0.386436072121848
"K",338,"S","K338S",0.209034912903767
"K",338,"T","K338T",-0.23282601761883
"K",338,"V","K338V",0.695990450052997
"K",338,"W","K338W",-0.694926880592218
"K",338,"Y","K338Y",1.04195695635043
"A",339,"C","A339C",0.972709365707487
"A",339,"D","A339D",0.43481781719858
"A",339,"E","A339E",0.286135073665186
"A",339,"F","A339F",1.03077093138081
"A",339,"G","A339G",0.0753810912371325
"A",339,"H","A339H",-0.123832566983322
"A",339,"I","A339I",0.162530753611296
"A",339,"K","A339K",0.337035580717508
"A",339,"L","A339L",1.16551693555193
"A",339,"M","A339M",0.0550426460765632
"A",339,"N","A339N",0.537719588489412
"A",339,"P","A339P",0.901570324307384
"A",339,"Q","A339Q",-0.197611075125928
"A",339,"R","A339R",0.510063883026543
"A",339,"S","A339S",0.64962655866053
"A",339,"T","A339T",1.4146358895302
"A",339,"V","A339V",0.885723780144745
"A",339,"W","A339W",1.18042639521655
"A",339,"Y","A339Y",1.54379902473605
"K",340,"A","K340A",0.526754217126866
"K",340,"C","K340C",0.517542011068467
"K",340,"D","K340D",0.284985829825606
"K",340,"E","K340E",0.608307752534497
"K",340,"F","K340F",1.86809834845287
"K",340,"G","K340G",0.787074272401896
"K",340,"H","K340H",1.31074716243592
"K",340,"I","K340I",0.186922300530826
"K",340,"L","K340L",1.28529963634652
"K",340,"M","K340M",0.0289208130448812
"K",340,"N","K340N",0.563735701931115
"K",340,"P","K340P",-0.351723530624572
"K",340,"Q","K340Q",0.578580159639687
"K",340,"R","K340R",1.06898328233027
"K",340,"S","K340S",0.635571533781403
"K",340,"T","K340T",0.486754347332564
"K",340,"V","K340V",1.08001493267509
"K",340,"W","K340W",0.269436751231015
"K",340,"Y","K340Y",-0.712059650196455
"G",341,"A","G341A",-0.598020452716028
"G",341,"C","G341C",-0.682900513335066
"G",341,"D","G341D",-0.242585948527226
"G",341,"E","G341E",0.719423103848289
"G",341,"F","G341F",-0.0668780049807779
"G",341,"H","G341H",0.331166638399671
"G",341,"I","G341I",-0.307721818724507
"G",341,"K","G341K",2.11373222597755
"G",341,"L","G341L",0.728905471583112
"G",341,"M","G341M",0.0383692968856693
"G",341,"N","G341N",0.587833006491235
"G",341,"P","G341P",-0.498660675181987
"G",341,"Q","G341Q",0.0311069138064668
"G",341,"R","G341R",0.00746649399066002
"G",341,"S","G341S",0.361748552432992
"G",341,"T","G341T",0.0225333162196937
"G",341,"V","G341V",-0.659724454137108
"G",341,"W","G341W",-0.397418144361849
"G",341,"Y","G341Y",-0.157564124823185
"Q",342,"A","Q342A",-0.398336786641554
"Q",342,"C","Q342C",-0.0071328136927651
"Q",342,"D","Q342D",1.91356775950387
"Q",342,"E","Q342E",0.829185208286561
"Q",342,"F","Q342F",0.554406802816845
"Q",342,"G","Q342G",0.42997720423321
"Q",342,"H","Q342H",0.746888781039629
"Q",342,"I","Q342I",-0.700249481969011
"Q",342,"K","Q342K",0.559851479224553
"Q",342,"L","Q342L",0.254078680733624
"Q",342,"M","Q342M",0.437251197610795
"Q",342,"N","Q342N",-0.475762002822607
"Q",342,"P","Q342P",-0.0060400108741924
"Q",342,"R","Q342R",0.292768530114345
"Q",342,"S","Q342S",0.425570586311156
"Q",342,"T","Q342T",0.334432722406783
"Q",342,"V","Q342V",0.44663481077583
"Q",342,"W","Q342W",0.360236790219712
"Q",342,"Y","Q342Y",-0.155498151804655
"P",343,"A","P343A",1.33780830641849
"P",343,"C","P343C",0.32423955022356
"P",343,"D","P343D",0.646059363761914
"P",343,"E","P343E",-0.316977623873748
"P",343,"F","P343F",0.34278202056884
"P",343,"G","P343G",-0.0327735000666572
"P",343,"H","P343H",2.85361032070112
"P",343,"I","P343I",-0.296182242887411
"P",343,"K","P343K",0.137457847958528
"P",343,"L","P343L",0.23991046829228
"P",343,"M","P343M",0.243708818470755
"P",343,"N","P343N",0.340455228576266
"P",343,"Q","P343Q",0.123759038071231
"P",343,"R","P343R",0.455475579141321
"P",343,"S","P343S",-0.00657087465212204
"P",343,"T","P343T",-0.933049089133399
"P",343,"V","P343V",0.231056351384811
"P",343,"W","P343W",0.647432325688314
"P",343,"Y","P343Y",0.39613549212057
"R",344,"A","R344A",1.04396561333012
"R",344,"C","R344C",1.01448109004183
"R",344,"D","R344D",0.0913425832960897
"R",344,"E","R344E",1.23863764780342
"R",344,"F","R344F",-0.0925636004687723
"R",344,"G","R344G",-0.355911820069181
"R",344,"H","R344H",0.351190238950166
"R",344,"I","R344I",-0.0471826283399249
"R",344,"K","R344K",0.670935941529685
"R",344,"L","R344L",1.35520373538947
"R",344,"M","R344M",0.516500978201331
"R",344,"N","R344N",0.722615725603224
"R",344,"P","R344P",0.415817060861435
"R",344,"Q","R344Q",-0.373033062969926
"R",344,"S","R344S",0.0355521079252799
"R",344,"T","R344T",0.207151129168291
"R",344,"V","R344V",-0.315673544567281
"R",344,"Y","R344Y",1.64273349285033
"E",345,"A","E345A",0.259947895084252
"E",345,"C","E345C",-0.40826277057799
"E",345,"D","E345D",0.161890484090724
"E",345,"F","E345F",0.37579035046935
"E",345,"G","E345G",0.915760118569064
"E",345,"H","E345H",-1.19872062338772
"E",345,"I","E345I",0.0447233166398568
"E",345,"K","E345K",-0.285820825795317
"E",345,"L","E345L",-0.0168811109284912
"E",345,"M","E345M",0.361909642244586
"E",345,"N","E345N",1.95900914751923
"E",345,"P","E345P",0.351190503752819
"E",345,"Q","E345Q",-0.115209069502009
"E",345,"R","E345R",-0.310849557182435
"E",345,"S","E345S",0.92808097297145
"E",345,"T","E345T",0.280372101807396
"E",345,"V","E345V",0.575438537973318
"E",345,"W","E345W",-0.237590931734297
"E",345,"Y","E345Y",-0.044890655464798
"P",346,"A","P346A",0.807748164526578
"P",346,"C","P346C",0.572701733087948
"P",346,"D","P346D",-1.17307259334304
"P",346,"E","P346E",-0.791005659964728
"P",346,"F","P346F",0.129349280704823
"P",346,"G","P346G",0.658365761468113
"P",346,"H","P346H",0.525876665685543
"P",346,"I","P346I",0.146010208035332
"P",346,"K","P346K",-1.56190421473381
"P",346,"L","P346L",1.69631049554975
"P",346,"M","P346M",0.954062721103316
"P",346,"N","P346N",-0.315589644554976
"P",346,"Q","P346Q",-0.785303711867434
"P",346,"R","P346R",-3.22655388259127
"P",346,"S","P346S",-0.0331069993916478
"P",346,"T","P346T",0.72031639511245
"P",346,"V","P346V",0.448471718147337
"P",346,"W","P346W",-1.08758531583969
"P",346,"Y","P346Y",-2.26598948540627
"Q",347,"A","Q347A",0.0308743702702827
"Q",347,"C","Q347C",-0.211605882222542
"Q",347,"D","Q347D",-0.261748116941796
"Q",347,"E","Q347E",1.08267329572386
"Q",347,"F","Q347F",0.333938854610678
"Q",347,"G","Q347G",0.561262295916035
"Q",347,"H","Q347H",-0.125977717237132
"Q",347,"I","Q347I",0.125013177205556
"Q",347,"K","Q347K",-0.190028877254514
"Q",347,"L","Q347L",-0.314128732452907
"Q",347,"M","Q347M",0.21573823691208
"Q",347,"N","Q347N",0.213458924677465
"Q",347,"P","Q347P",-0.429092570530817
"Q",347,"R","Q347R",-0.317144737846491
"Q",347,"S","Q347S",0.432896340755271
"Q",347,"T","Q347T",-0.295525042070005
"Q",347,"V","Q347V",-0.918333232329971
"Q",347,"W","Q347W",-0.740566681308984
"Q",347,"Y","Q347Y",0.486487037348987
"V",348,"A","V348A",0.839556255120763
"V",348,"C","V348C",0.147811939409937
"V",348,"D","V348D",-1.90116361275545
"V",348,"E","V348E",1.01056909179615
"V",348,"F","V348F",-0.28237612426464
"V",348,"G","V348G",-0.346672914330047
"V",348,"H","V348H",-0.382896759770134
"V",348,"I","V348I",1.25876177313378
"V",348,"K","V348K",-0.529018760351809
"V",348,"L","V348L",0.295278488688276
"V",348,"M","V348M",0.198910787355903
"V",348,"N","V348N",-2.1044020185992
"V",348,"P","V348P",-0.186927146794968
"V",348,"Q","V348Q",0.286803171666356
"V",348,"R","V348R",-1.07792647884875
"V",348,"S","V348S",-0.237961924836153
"V",348,"T","V348T",-0.201134949814244
"V",348,"W","V348W",0.0813318064449235
"V",348,"Y","V348Y",0.0739549220146707
"Y",349,"A","Y349A",-0.502458559872746
"Y",349,"C","Y349C",-0.166342476439615
"Y",349,"D","Y349D",-0.145212665925389
"Y",349,"E","Y349E",0.250453907021459
"Y",349,"F","Y349F",-0.732690093708458
"Y",349,"G","Y349G",0.158227887720561
"Y",349,"H","Y349H",-0.992979242685774
"Y",349,"I","Y349I",0.150035441903177
"Y",349,"K","Y349K",-0.32763383252828
"Y",349,"L","Y349L",0.955056662759915
"Y",349,"M","Y349M",-0.485456809452648
"Y",349,"N","Y349N",0.569024637047652
"Y",349,"P","Y349P",-1.0951976573445
"Y",349,"Q","Y349Q",0.573852976905325
"Y",349,"R","Y349R",-0.160600054370754
"Y",349,"S","Y349S",0.482130672247928
"Y",349,"T","Y349T",0.18819347943613
"Y",349,"V","Y349V",-0.0671941398179949
"Y",349,"W","Y349W",-0.282927446493236
"T",350,"A","T350A",1.10497106192417
"T",350,"C","T350C",1.68050240297242
"T",350,"D","T350D",1.18035728851594
"T",350,"E","T350E",2.32800212499472
"T",350,"F","T350F",1.70047363659917
"T",350,"G","T350G",0.809123672525622
"T",350,"H","T350H",-0.223180490403966
"T",350,"I","T350I",1.3009148206852
"T",350,"K","T350K",-0.117580489634757
"T",350,"L","T350L",0.30547165900938
"T",350,"M","T350M",-0.517649774403276
"T",350,"N","T350N",0.160707694855204
"T",350,"P","T350P",0.590018528411222
"T",350,"Q","T350Q",1.55253930067401
"T",350,"R","T350R",-1.02375503065615
"T",350,"S","T350S",-0.179996272193153
"T",350,"V","T350V",1.06014531597077
"T",350,"W","T350W",0.520740688302269
"T",350,"Y","T350Y",0.910085989315885
"L",351,"A","L351A",0.942001681116614
"L",351,"C","L351C",-0.456691658438656
"L",351,"D","L351D",1.1349136961624
"L",351,"E","L351E",0.23955862656961
"L",351,"F","L351F",0.428400250827313
"L",351,"G","L351G",0.436077902094413
"L",351,"H","L351H",0.447849290299627
"L",351,"I","L351I",0.16951963386654
"L",351,"K","L351K",1.26718069021249
"L",351,"M","L351M",0.323288252424336
"L",351,"N","L351N",1.18036023304858
"L",351,"P","L351P",0.762975866511158
"L",351,"Q","L351Q",0.557951762407477
"L",351,"R","L351R",-0.473089592760944
"L",351,"S","L351S",0.414137921183375
"L",351,"T","L351T",0.104481754774892
"L",351,"V","L351V",0.14795928338815
"L",351,"W","L351W",0.619269668017539
"L",351,"Y","L351Y",0.214805407252126
"P",352,"A","P352A",0.558685881257221
"P",352,"C","P352C",0.533403285145794
"P",352,"D","P352D",0.722947358522397
"P",352,"E","P352E",0.0687160991832409
"P",352,"F","P352F",0.490977788627749
"P",352,"G","P352G",0.103438897898959
"P",352,"H","P352H",-0.294298758338948
"P",352,"I","P352I",0.646952139237168
"P",352,"K","P352K",0.641082902343532
"P",352,"L","P352L",0.247582511412698
"P",352,"M","P352M",0.441864529371689
"P",352,"N","P352N",0.428955302023518
"P",352,"Q","P352Q",0.888564522002557
"P",352,"R","P352R",-0.193131981389236
"P",352,"S","P352S",1.03039533820597
"P",352,"T","P352T",0.996332107339441
"P",352,"V","P352V",0.972598084602228
"P",352,"W","P352W",-0.215436531318899
"P",352,"Y","P352Y",-0.0474681530796204
"P",353,"A","P353A",0.498178085048674
"P",353,"C","P353C",0.550638959427062
"P",353,"D","P353D",-0.0625838431321411
"P",353,"E","P353E",1.37810807808763
"P",353,"F","P353F",0.726809443247092
"P",353,"G","P353G",0.543554138387253
"P",353,"H","P353H",0.100515662553152
"P",353,"I","P353I",0.453820669345961
"P",353,"K","P353K",0.11125971537754
"P",353,"L","P353L",1.82831689772497
"P",353,"M","P353M",0.63455693377234
"P",353,"N","P353N",0.396699872637002
"P",353,"Q","P353Q",0.00313762457406599
"P",353,"R","P353R",-0.538327609204927
"P",353,"S","P353S",0.805022183036034
"P",353,"T","P353T",0.56525346987365
"P",353,"V","P353V",0.251306232486505
"P",353,"W","P353W",0.443467678796986
"P",353,"Y","P353Y",0.521743077296093
"S",354,"A","S354A",-1.040837457455
"S",354,"C","S354C",0.299352036902012
"S",354,"D","S354D",1.6795422981404
"S",354,"E","S354E",0.422299159361261
"S",354,"F","S354F",0.430137902933095
"S",354,"G","S354G",0.572544719884905
"S",354,"H","S354H",0.152149953655066
"S",354,"I","S354I",0.464870045500226
"S",354,"K","S354K",1.33908019382795
"S",354,"L","S354L",0.157056779783331
"S",354,"M","S354M",-0.0647576016620252
"S",354,"N","S354N",0.858591265474639
"S",354,"P","S354P",-0.066330114173105
"S",354,"Q","S354Q",0.672479191376684
"S",354,"R","S354R",0.290516692077428
"S",354,"T","S354T",-0.534096603570677
"S",354,"V","S354V",-0.0251177371680269
"S",354,"W","S354W",0.11544677361078
"S",354,"Y","S354Y",0.670397554162391
"R",355,"A","R355A",0.699403610890202
"R",355,"C","R355C",0.106977248512793
"R",355,"D","R355D",2.01579078298536
"R",355,"E","R355E",-0.146041583303824
"R",355,"F","R355F",0.0268000019400077
"R",355,"G","R355G",0.660260402179857
"R",355,"H","R355H",0.385183390359938
"R",355,"I","R355I",0.355121856868305
"R",355,"K","R355K",0.211876584210847
"R",355,"L","R355L",0.202454456836563
"R",355,"M","R355M",0.710235832508318
"R",355,"N","R355N",0.517203564672061
"R",355,"P","R355P",0.927685356619467
"R",355,"Q","R355Q",0.0358758191273892
"R",355,"S","R355S",-0.096687833922526
"R",355,"T","R355T",-0.181219434569679
"R",355,"V","R355V",0.61435808877216
"R",355,"W","R355W",0.459804122798694
"R",355,"Y","R355Y",0.636760355869358
"D",356,"A","D356A",0.194003369644218
"D",356,"C","D356C",-0.248422703642345
"D",356,"E","D356E",-0.174204169063799
"D",356,"F","D356F",0.108921653516583
"D",356,"G","D356G",-0.415344137403356
"D",356,"H","D356H",0.650510187671028
"D",356,"I","D356I",-0.290948099397776
"D",356,"K","D356K",0.888007133188299
"D",356,"L","D356L",-0.391520737175208
"D",356,"M","D356M",1.43422962909939
"D",356,"N","D356N",-0.572097196777725
"D",356,"P","D356P",-0.36150124497738
"D",356,"Q","D356Q",-0.475137165901832
"D",356,"R","D356R",-0.242365465989525
"D",356,"S","D356S",0.312809092879164
"D",356,"T","D356T",-0.55245623696116
"D",356,"V","D356V",0.451383088349769
"D",356,"W","D356W",0.203293292732916
"D",356,"Y","D356Y",-0.138820918615708
"E",357,"A","E357A",-0.697724148605866
"E",357,"C","E357C",0.871800604049725
"E",357,"D","E357D",-0.137165935917322
"E",357,"F","E357F",0.164007602772454
"E",357,"G","E357G",0.487246495063489
"E",357,"H","E357H",-0.0912538084721553
"E",357,"I","E357I",-0.111384583450378
"E",357,"K","E357K",0.0636375198149368
"E",357,"L","E357L",-0.197839661217825
"E",357,"M","E357M",0.310748489843261
"E",357,"N","E357N",0.143641253697387
"E",357,"Q","E357Q",0.382578680226479
"E",357,"R","E357R",0.142662287689641
"E",357,"S","E357S",0.326257007897551
"E",357,"T","E357T",-0.194614957607057
"E",357,"V","E357V",0.186961269261475
"E",357,"W","E357W",0.174106391075197
"E",357,"Y","E357Y",0.101214602718971
"L",358,"A","L358A",-0.0405960026873664
"L",358,"C","L358C",0.04198637455438
"L",358,"D","L358D",-0.242680189651906
"L",358,"E","L358E",0.0865593323955257
"L",358,"F","L358F",0.246227223732811
"L",358,"G","L358G",-0.227344822657522
"L",358,"H","L358H",-0.8314790558456
"L",358,"I","L358I",0.618460784980236
"L",358,"K","L358K",-0.0210646379417519
"L",358,"M","L358M",0.213098559193596
"L",358,"N","L358N",0.17968118252879
"L",358,"P","L358P",-0.295360704435538
"L",358,"Q","L358Q",0.0506341291118553
"L",358,"R","L358R",-0.0401300803779082
"L",358,"S","L358S",0.176697997873537
"L",358,"T","L358T",0.170301664000781
"L",358,"V","L358V",-0.155346904857737
"L",358,"W","L358W",0.313757676414204
"L",358,"Y","L358Y",0.737839486089539
"T",359,"A","T359A",1.21199794802498
"T",359,"C","T359C",-0.138692847819112
"T",359,"D","T359D",1.13043050062686
"T",359,"E","T359E",0.692969946020947
"T",359,"F","T359F",0.46304978147586
"T",359,"G","T359G",-0.00932881398803273
"T",359,"H","T359H",0.038120064958606
"T",359,"I","T359I",0.514666988706057
"T",359,"K","T359K",-0.333156933747705
"T",359,"L","T359L",0.0645457324736528
"T",359,"M","T359M",-0.0443463825151667
"T",359,"N","T359N",-0.265507690506854
"T",359,"P","T359P",-0.0780136257375434
"T",359,"Q","T359Q",0.87426585274459
"T",359,"R","T359R",-0.157175448044053
"T",359,"S","T359S",0.507369911488103
"T",359,"V","T359V",0.527351429933428
"T",359,"W","T359W",0.0953007544934056
"T",359,"Y","T359Y",0.657316071071216
"K",360,"A","K360A",0.45573683417995
"K",360,"C","K360C",-0.512612736289348
"K",360,"D","K360D",0.354413870011275
"K",360,"E","K360E",-0.0258864036526208
"K",360,"F","K360F",-0.150872691924424
"K",360,"G","K360G",1.01804016039374
"K",360,"H","K360H",1.35890206736884
"K",360,"I","K360I",0.21400138753265
"K",360,"L","K360L",-0.36066726601559
"K",360,"M","K360M",0.218782406165495
"K",360,"N","K360N",0.315835559575845
"K",360,"P","K360P",0.047554920482319
"K",360,"Q","K360Q",-0.106157595896654
"K",360,"R","K360R",-0.0767938016992564
"K",360,"S","K360S",-0.369277269974604
"K",360,"T","K360T",0.026417963021172
"K",360,"V","K360V",0.425863687273125
"K",360,"W","K360W",0.738067908788972
"K",360,"Y","K360Y",0.0509086104675805
"N",361,"A","N361A",0.544648558269847
"N",361,"C","N361C",-0.126277858529011
"N",361,"D","N361D",0.403147320099412
"N",361,"E","N361E",0.0849984630731188
"N",361,"F","N361F",-0.00176293948468733
"N",361,"G","N361G",-0.136551816799951
"N",361,"H","N361H",0.218946018643809
"N",361,"I","N361I",0.274770635251245
"N",361,"K","N361K",0.283626429331475
"N",361,"L","N361L",-0.289606630953593
"N",361,"M","N361M",-0.336474402299874
"N",361,"P","N361P",0.591005456549419
"N",361,"Q","N361Q",-0.272093833657062
"N",361,"R","N361R",-0.0619389781723458
"N",361,"S","N361S",0.148601733221497
"N",361,"T","N361T",0.0862812998100326
"N",361,"V","N361V",-0.545586600238807
"N",361,"W","N361W",-0.537628578063025
"N",361,"Y","N361Y",0.178408043004397
"Q",362,"A","Q362A",0.317161904661581
"Q",362,"C","Q362C",-0.387693375931147
"Q",362,"D","Q362D",0.803296947760492
"Q",362,"E","Q362E",0.157494865925476
"Q",362,"F","Q362F",-0.652788224155598
"Q",362,"G","Q362G",0.94944506452115
"Q",362,"H","Q362H",0.551067616638966
"Q",362,"I","Q362I",0.319834586098282
"Q",362,"K","Q362K",0.485215701831156
"Q",362,"L","Q362L",-0.0738970228885974
"Q",362,"M","Q362M",0.686658713890017
"Q",362,"N","Q362N",1.28611022287864
"Q",362,"P","Q362P",-0.00870297126723696
"Q",362,"R","Q362R",-0.0448674407381785
"Q",362,"S","Q362S",0.644652164758621
"Q",362,"T","Q362T",1.16541539394881
"Q",362,"V","Q362V",0.332031092207484
"Q",362,"W","Q362W",0.933659171389009
"Q",362,"Y","Q362Y",0.939595027524897
"V",363,"A","V363A",0.662749813837246
"V",363,"C","V363C",0.0658142616550702
"V",363,"D","V363D",1.01708234086396
"V",363,"E","V363E",1.12750345856354
"V",363,"F","V363F",0.135475164925655
"V",363,"G","V363G",0.676656969890132
"V",363,"H","V363H",0.00252852697440616
"V",363,"I","V363I",-0.600248651071355
"V",363,"K","V363K",0.118787253976705
"V",363,"L","V363L",0.0827501234170995
"V",363,"M","V363M",-0.257333457341856
"V",363,"N","V363N",-0.167723835682558
"V",363,"P","V363P",0.204852838043941
"V",363,"Q","V363Q",-0.279917228970126
"V",363,"R","V363R",-0.0317695167772683
"V",363,"S","V363S",0.352174279211172
"V",363,"T","V363T",1.18133142141776
"V",363,"W","V363W",0.433447007183215
"V",363,"Y","V363Y",0.426151413890004
"S",364,"A","S364A",0.0249165335526452
"S",364,"C","S364C",-0.200581528632827
"S",364,"D","S364D",-0.0768277046460995
"S",364,"E","S364E",0.23445377050893
"S",364,"F","S364F",-0.308215858061376
"S",364,"G","S364G",1.32628647023377
"S",364,"H","S364H",0.286580961611494
"S",364,"I","S364I",-0.554075329329698
"S",364,"K","S364K",-1.10528553055168
"S",364,"L","S364L",0.382631272603449
"S",364,"M","S364M",-0.545084316426263
"S",364,"N","S364N",-2.59493771124676
"S",364,"P","S364P",0.493449279237441
"S",364,"Q","S364Q",0.373413366467722
"S",364,"R","S364R",-1.33064860538806
"S",364,"T","S364T",0.189487036196791
"S",364,"V","S364V",0.212787765567913
"S",364,"W","S364W",0.0583590583061134
"S",364,"Y","S364Y",-0.456608459034326
"L",365,"A","L365A",0.560963729294995
"L",365,"C","L365C",0.511839736621837
"L",365,"D","L365D",-0.908827955022993
"L",365,"E","L365E",0.361595783779978
"L",365,"F","L365F",0.336045693203209
"L",365,"G","L365G",-0.0669738040091432
"L",365,"H","L365H",-0.158334547633894
"L",365,"I","L365I",0.20498365926454
"L",365,"K","L365K",-0.550332823498562
"L",365,"M","L365M",-0.762380614190296
"L",365,"N","L365N",0.428525672101676
"L",365,"P","L365P",0.335242581093117
"L",365,"Q","L365Q",0.152595587553675
"L",365,"R","L365R",0.411966258309551
"L",365,"S","L365S",0.641870439772666
"L",365,"T","L365T",-0.0520709306588409
"L",365,"V","L365V",-0.64423494463201
"L",365,"W","L365W",0.535521787938089
"L",365,"Y","L365Y",0.235010466715401
"T",366,"A","T366A",0.206586400035264
"T",366,"C","T366C",0.0948274950702649
"T",366,"D","T366D",0.472814751299666
"T",366,"E","T366E",1.12159990080642
"T",366,"F","T366F",0.650027882709455
"T",366,"G","T366G",-0.218047207699415
"T",366,"H","T366H",-1.2096577340059
"T",366,"I","T366I",1.40951773015769
"T",366,"K","T366K",-0.365779191718263
"T",366,"L","T366L",0.520791114883551
"T",366,"M","T366M",0.316526532340525
"T",366,"N","T366N",0.847349679099769
"T",366,"P","T366P",-0.159746897630561
"T",366,"Q","T366Q",-0.0587126885319566
"T",366,"R","T366R",-1.55320499329995
"T",366,"S","T366S",-0.277430943628354
"T",366,"V","T366V",1.39584776206402
"T",366,"W","T366W",-0.254567333349248
"T",366,"Y","T366Y",-0.828200193751526
"C",367,"A","C367A",0.204990814140858
"C",367,"D","C367D",-1.98553353625668
"C",367,"E","C367E",-0.108086561563418
"C",367,"F","C367F",-0.154344182772078
"C",367,"G","C367G",0.811682486704455
"C",367,"H","C367H",0.798769633494239
"C",367,"I","C367I",0.971792005514428
"C",367,"K","C367K",-1.17217671171713
"C",367,"L","C367L",0.550130616794254
"C",367,"M","C367M",0.333315809264592
"C",367,"N","C367N",-0.112688585068422
"C",367,"P","C367P",-2.19249807258702
"C",367,"Q","C367Q",-0.174261488968313
"C",367,"R","C367R",-1.83722847548789
"C",367,"S","C367S",-0.455983010356569
"C",367,"T","C367T",0.488242614316961
"C",367,"V","C367V",0.91250921825002
"C",367,"W","C367W",0.586712116819922
"C",367,"Y","C367Y",-0.49909187636538
"L",368,"A","L368A",0.339879479284052
"L",368,"C","L368C",0.3421504240917
"L",368,"D","L368D",0.714619424017533
"L",368,"E","L368E",-0.491963439187751
"L",368,"F","L368F",-0.167310138901931
"L",368,"G","L368G",-1.2109071957288
"L",368,"H","L368H",-0.0482299662008233
"L",368,"I","L368I",-0.455071360537201
"L",368,"K","L368K",0.196818341059759
"L",368,"M","L368M",-1.12177862331176
"L",368,"N","L368N",0.613986234643242
"L",368,"P","L368P",-0.895393075061851
"L",368,"Q","L368Q",0.633821089282611
"L",368,"R","L368R",-0.243928548035204
"L",368,"S","L368S",0.0916679387991342
"L",368,"T","L368T",-0.0637302746002556
"L",368,"V","L368V",1.11930545450909
"L",368,"W","L368W",0.63471759880399
"L",368,"Y","L368Y",-0.279706057307406
"V",369,"A","V369A",-0.174726393680153
"V",369,"C","V369C",0.102317823316627
"V",369,"D","V369D",0.650746036279123
"V",369,"E","V369E",0.0487925079601235
"V",369,"F","V369F",0.357245184729097
"V",369,"G","V369G",-0.258022339267139
"V",369,"H","V369H",-0.359184211347363
"V",369,"I","V369I",0.981239883603731
"V",369,"K","V369K",-2.5221794885295
"V",369,"L","V369L",-0.255987496845899
"V",369,"M","V369M",-0.391726178271093
"V",369,"N","V369N",0.319127490755883
"V",369,"P","V369P",-0.372746066692592
"V",369,"Q","V369Q",-0.292429571754881
"V",369,"R","V369R",-0.626623486094679
"V",369,"S","V369S",0.532436528468251
"V",369,"T","V369T",0.316530536590554
"V",369,"W","V369W",0.473227017657491
"V",369,"Y","V369Y",-0.318308273317986
"K",370,"C","K370C",0.530807062285092
"K",370,"D","K370D",0.388843117495148
"K",370,"E","K370E",1.22337457618337
"K",370,"F","K370F",0.98992035233874
"K",370,"G","K370G",1.5325376521347
"K",370,"H","K370H",0.200724362731305
"K",370,"I","K370I",-0.544472653155153
"K",370,"L","K370L",0.18196163738535
"K",370,"M","K370M",0.420951890348281
"K",370,"N","K370N",0.543821331272949
"K",370,"P","K370P",-0.104695408790381
"K",370,"Q","K370Q",-0.557740242997141
"K",370,"R","K370R",-0.818027622083731
"K",370,"S","K370S",0.151466096266347
"K",370,"T","K370T",0.483369048514367
"K",370,"V","K370V",0.180966460629664
"K",370,"W","K370W",0.0793140463823776
"K",370,"Y","K370Y",-0.378927904970113
"G",371,"A","G371A",0.180215741548736
"G",371,"C","G371C",-0.161998911860844
"G",371,"D","G371D",0.577552063054071
"G",371,"E","G371E",-0.296465921249506
"G",371,"F","G371F",-0.0522141694424802
"G",371,"H","G371H",0.848853027629167
"G",371,"I","G371I",-0.183136075796992
"G",371,"K","G371K",0.297374472184894
"G",371,"L","G371L",0.302710605361155
"G",371,"M","G371M",0.45369980786068
"G",371,"N","G371N",0.54508552332888
"G",371,"P","G371P",0.130852906842996
"G",371,"Q","G371Q",-0.548891871861998
"G",371,"R","G371R",-0.0768037189951359
"G",371,"S","G371S",0.568031690713081
"G",371,"T","G371T",0.57293403225006
"G",371,"V","G371V",0.325346537384025
"G",371,"W","G371W",0.29437579092257
"G",371,"Y","G371Y",0.730926571731391
"F",372,"A","F372A",0.192357387365344
"F",372,"C","F372C",5.19290837173889
"F",372,"D","F372D",1.20268768121714
"F",372,"E","F372E",1.08475441471063
"F",372,"G","F372G",0.307138430179432
"F",372,"H","F372H",1.00009002094078
"F",372,"I","F372I",0.709765016076683
"F",372,"K","F372K",1.19934355325686
"F",372,"L","F372L",0.427726510878907
"F",372,"M","F372M",-0.278857149624787
"F",372,"N","F372N",0.699395295276264
"F",372,"P","F372P",2.20485325806116
"F",372,"Q","F372Q",0.718948778103601
"F",372,"R","F372R",-0.358782180625654
"F",372,"S","F372S",1.10794827054241
"F",372,"T","F372T",-0.559773781115303
"F",372,"V","F372V",0.250341362901634
"F",372,"W","F372W",1.82975086932584
"F",372,"Y","F372Y",1.74903153311471
"Y",373,"A","Y373A",0.799314520110275
"Y",373,"C","Y373C",-0.836128966506933
"Y",373,"D","Y373D",0.741590298815025
"Y",373,"E","Y373E",0.0263798302072201
"Y",373,"F","Y373F",-0.00421083910936017
"Y",373,"G","Y373G",-0.480955031754718
"Y",373,"H","Y373H",0.327069391015515
"Y",373,"I","Y373I",0.0484736472585746
"Y",373,"K","Y373K",-0.208614827312583
"Y",373,"L","Y373L",0.903802655383011
"Y",373,"M","Y373M",-0.0851960882255752
"Y",373,"N","Y373N",0.0377424099026263
"Y",373,"P","Y373P",0.674127576137815
"Y",373,"Q","Y373Q",0.530566714480197
"Y",373,"R","Y373R",-0.0600104691306361
"Y",373,"S","Y373S",-0.590712073619985
"Y",373,"T","Y373T",-0.39533341304381
"Y",373,"V","Y373V",0.0933611356656728
"Y",373,"W","Y373W",1.48690166836085
"P",374,"A","P374A",0.634427216499356
"P",374,"C","P374C",0.431211215225009
"P",374,"D","P374D",0.13609949057399
"P",374,"E","P374E",1.32687716806383
"P",374,"F","P374F",1.45277015525216
"P",374,"G","P374G",0.230140120409091
"P",374,"H","P374H",0.788059540449181
"P",374,"I","P374I",1.30519491423829
"P",374,"K","P374K",0.0444720690447189
"P",374,"L","P374L",1.90447609576484
"P",374,"M","P374M",0.647757747186979
"P",374,"N","P374N",0.0233529668032718
"P",374,"Q","P374Q",0.63428686735377
"P",374,"R","P374R",0.877421284838616
"P",374,"S","P374S",0.0134835374947246
"P",374,"T","P374T",0.366122964631395
"P",374,"V","P374V",0.514471863963281
"P",374,"W","P374W",0.922773445108895
"P",374,"Y","P374Y",1.56621141567883
"S",375,"A","S375A",0.561609586770525
"S",375,"C","S375C",0.252960007054493
"S",375,"D","S375D",0.141653797851365
"S",375,"E","S375E",1.56803401553067
"S",375,"F","S375F",-0.622623606505076
"S",375,"G","S375G",-0.263633621818233
"S",375,"H","S375H",0.392290521471691
"S",375,"I","S375I",0.709584852898986
"S",375,"K","S375K",0.971363014143834
"S",375,"L","S375L",1.23380304253925
"S",375,"M","S375M",0.669718505185735
"S",375,"N","S375N",0.0544637257657253
"S",375,"P","S375P",-0.335237755080021
"S",375,"Q","S375Q",-0.0661039668619873
"S",375,"R","S375R",0.0834688372944668
"S",375,"T","S375T",-0.0938987077558494
"S",375,"V","S375V",2.11756825365812
"S",375,"W","S375W",0.288635128398032
"S",375,"Y","S375Y",0.233041957055421
"D",376,"A","D376A",0.908238616125686
"D",376,"C","D376C",-0.157302896434613
"D",376,"E","D376E",1.10995901738193
"D",376,"F","D376F",0.866681426331602
"D",376,"G","D376G",-0.441657470722602
"D",376,"H","D376H",-0.654481934410403
"D",376,"I","D376I",1.67906579576921
"D",376,"K","D376K",-0.198353336455257
"D",376,"L","D376L",0.936467970266331
"D",376,"M","D376M",-0.854861029738301
"D",376,"N","D376N",1.12541103079404
"D",376,"P","D376P",0.846022990950007
"D",376,"Q","D376Q",0.496084380250439
"D",376,"R","D376R",0.666498260942669
"D",376,"S","D376S",-0.272418058494623
"D",376,"T","D376T",1.11144666844454
"D",376,"V","D376V",1.26216479152928
"D",376,"W","D376W",-0.0476920052503492
"D",376,"Y","D376Y",0.0643095057191388
"I",377,"A","I377A",0.274840439817271
"I",377,"C","I377C",-0.574962221074937
"I",377,"D","I377D",0.332054406255513
"I",377,"E","I377E",0.347793638075793
"I",377,"F","I377F",0.802979775744363
"I",377,"G","I377G",0.138022241078465
"I",377,"H","I377H",1.63192103804784
"I",377,"K","I377K",0.438120729051373
"I",377,"L","I377L",-0.236051364292146
"I",377,"M","I377M",1.7118998822784
"I",377,"N","I377N",2.06333883863671
"I",377,"P","I377P",1.4059025115078
"I",377,"Q","I377Q",0.446059602717947
"I",377,"R","I377R",0.556997055027854
"I",377,"S","I377S",0.115456271989223
"I",377,"T","I377T",-0.0107465523645389
"I",377,"V","I377V",-0.166529440029605
"I",377,"W","I377W",1.68677018310646
"I",377,"Y","I377Y",1.24293432910569
"A",378,"C","A378C",0.217940069468742
"A",378,"D","A378D",-0.0491236966293915
"A",378,"E","A378E",0.0448413084426887
"A",378,"F","A378F",-0.664758785635224
"A",378,"G","A378G",0.441102434092198
"A",378,"H","A378H",0.181416591786608
"A",378,"I","A378I",0.487629208711481
"A",378,"K","A378K",0.0248839486657295
"A",378,"L","A378L",-0.115912554312461
"A",378,"M","A378M",0.347232175177105
"A",378,"N","A378N",0.228512236583624
"A",378,"P","A378P",1.39079634382509
"A",378,"Q","A378Q",-0.160941329657129
"A",378,"R","A378R",0.881794918146631
"A",378,"S","A378S",-0.0256178059616058
"A",378,"T","A378T",0.0378133960493585
"A",378,"V","A378V",0.872197581730869
"A",378,"W","A378W",0.389711000193215
"A",378,"Y","A378Y",-0.486426182629987
"V",379,"A","V379A",-0.575146196602486
"V",379,"C","V379C",0.546107927265232
"V",379,"D","V379D",0.323858673344637
"V",379,"E","V379E",0.173893983493998
"V",379,"F","V379F",1.78403268737322
"V",379,"G","V379G",-0.305873999904751
"V",379,"H","V379H",1.10902122314318
"V",379,"I","V379I",1.48613582985719
"V",379,"K","V379K",-0.116182793831855
"V",379,"L","V379L",-0.90042949528911
"V",379,"M","V379M",-0.20144090935439
"V",379,"N","V379N",0.152046411363346
"V",379,"P","V379P",-0.30527546691012
"V",379,"Q","V379Q",0.182385970959025
"V",379,"R","V379R",-0.812251342191566
"V",379,"S","V379S",-0.000882591023022147
"V",379,"T","V379T",0.1184419547472
"V",379,"W","V379W",2.0363834677404
"V",379,"Y","V379Y",0.468835458451504
"E",380,"A","E380A",-0.0876835700058806
"E",380,"C","E380C",-0.299196550837168
"E",380,"D","E380D",0.0649831161822909
"E",380,"F","E380F",-0.410296679691911
"E",380,"G","E380G",-0.280279556652456
"E",380,"H","E380H",0.966229795219207
"E",380,"I","E380I",0.0884365176969865
"E",380,"K","E380K",-0.0159527672469934
"E",380,"L","E380L",-0.177884867208402
"E",380,"M","E380M",-0.149636104626511
"E",380,"N","E380N",-0.0260654057365085
"E",380,"P","E380P",-1.13485210460355
"E",380,"Q","E380Q",0.186018839100499
"E",380,"R","E380R",0.202255646507695
"E",380,"S","E380S",0.12821683393646
"E",380,"T","E380T",-0.269944593553869
"E",380,"V","E380V",-0.093379107822467
"E",380,"W","E380W",-0.330167396356345
"E",380,"Y","E380Y",-0.150936434531747
"W",381,"A","W381A",-1.64104085092461
"W",381,"C","W381C",-2.20376848409487
"W",381,"D","W381D",-3.91252710886009
"W",381,"E","W381E",-2.37336384716635
"W",381,"F","W381F",1.19344419062828
"W",381,"G","W381G",-3.70457855217777
"W",381,"H","W381H",-0.6841988875997
"W",381,"I","W381I",-0.0280311596886555
"W",381,"K","W381K",-3.20020070817298
"W",381,"L","W381L",0.256419414584371
"W",381,"M","W381M",0.0402149500430477
"W",381,"N","W381N",-2.88960876020968
"W",381,"P","W381P",-3.59325721341109
"W",381,"Q","W381Q",-4.21887942945189
"W",381,"R","W381R",-2.94878731879208
"W",381,"S","W381S",-3.09462011783551
"W",381,"T","W381T",-2.26950840938596
"W",381,"V","W381V",-0.180488502739617
"W",381,"Y","W381Y",0.343607312053373
"E",382,"A","E382A",-0.163124471978711
"E",382,"C","E382C",-0.747371514256259
"E",382,"D","E382D",0.725740223754817
"E",382,"F","E382F",0.433253976949866
"E",382,"G","E382G",0.264896927656836
"E",382,"H","E382H",0.897650345242805
"E",382,"I","E382I",-0.074513665443908
"E",382,"K","E382K",0.118556664972266
"E",382,"L","E382L",-0.0284912470310913
"E",382,"M","E382M",-0.433037359370128
"E",382,"N","E382N",1.34333986050549
"E",382,"P","E382P",0.00656270464897725
"E",382,"Q","E382Q",0.00655602919015785
"E",382,"R","E382R",-0.148910013641456
"E",382,"S","E382S",1.02905152675011
"E",382,"T","E382T",-0.302729124873128
"E",382,"V","E382V",-0.559912329350772
"E",382,"W","E382W",-0.377647291343955
"E",382,"Y","E382Y",0.863279699321619
"S",383,"A","S383A",1.37900109524334
"S",383,"C","S383C",-0.168925605406678
"S",383,"D","S383D",0.560290535482653
"S",383,"E","S383E",0.103753208691436
"S",383,"F","S383F",-0.225963654294791
"S",383,"G","S383G",0.559150788729336
"S",383,"H","S383H",0.323966777363368
"S",383,"I","S383I",0.468539045378601
"S",383,"K","S383K",-0.44669998557546
"S",383,"L","S383L",0.602754256842452
"S",383,"M","S383M",0.653899862237384
"S",383,"N","S383N",0.661840505602961
"S",383,"P","S383P",0.587624885249037
"S",383,"Q","S383Q",0.974881127519679
"S",383,"R","S383R",1.01776581747086
"S",383,"T","S383T",-0.0889326761098284
"S",383,"V","S383V",-0.160178282736496
"S",383,"W","S383W",0.0888227854480192
"S",383,"Y","S383Y",0.980518911518415
"N",384,"A","N384A",0.0348448045949372
"N",384,"C","N384C",1.18012815872651
"N",384,"D","N384D",0.758877323235852
"N",384,"E","N384E",-0.338010907546073
"N",384,"F","N384F",0.203742136125869
"N",384,"G","N384G",1.14582202833216
"N",384,"H","N384H",-0.131204629787352
"N",384,"I","N384I",0.512046243034834
"N",384,"K","N384K",-0.0711407167414699
"N",384,"L","N384L",1.8741259396016
"N",384,"M","N384M",0.276622913127576
"N",384,"P","N384P",0.823047993989866
"N",384,"Q","N384Q",-0.269045877055429
"N",384,"R","N384R",-0.276837506366458
"N",384,"S","N384S",0.362072062819776
"N",384,"T","N384T",0.201645321823018
"N",384,"V","N384V",0.289605846405624
"N",384,"W","N384W",-0.638112923763662
"N",384,"Y","N384Y",1.01622482284517
"G",385,"A","G385A",0.161441364414041
"G",385,"C","G385C",0.0377196762255203
"G",385,"D","G385D",0.358636259631796
"G",385,"E","G385E",0.940190049153373
"G",385,"F","G385F",0.174181692509526
"G",385,"H","G385H",1.30971552197092
"G",385,"I","G385I",-0.274622277585781
"G",385,"K","G385K",0.343682200997281
"G",385,"L","G385L",0.752337113847519
"G",385,"M","G385M",-0.0969748938458885
"G",385,"N","G385N",0.920141085114584
"G",385,"P","G385P",0.135056664499334
"G",385,"Q","G385Q",0.395230161066494
"G",385,"R","G385R",0.0911474799574856
"G",385,"S","G385S",0.00314817797329799
"G",385,"T","G385T",0.0309844915440979
"G",385,"V","G385V",0.159923103469181
"G",385,"W","G385W",0.00220200382085222
"G",385,"Y","G385Y",0.481818944505323
"Q",386,"A","Q386A",-0.208170872397972
"Q",386,"C","Q386C",0.306804228974275
"Q",386,"D","Q386D",-0.0224380429228575
"Q",386,"E","Q386E",0.400785552882578
"Q",386,"F","Q386F",1.29649869116456
"Q",386,"G","Q386G",0.596293447350996
"Q",386,"H","Q386H",0.10166974188443
"Q",386,"I","Q386I",0.758933600062388
"Q",386,"K","Q386K",-0.367876637055648
"Q",386,"L","Q386L",0.388441524193541
"Q",386,"M","Q386M",0.163416682003908
"Q",386,"N","Q386N",0.908025799017757
"Q",386,"P","Q386P",0.791211030652797
"Q",386,"R","Q386R",0.248566801590304
"Q",386,"S","Q386S",-0.581211243918732
"Q",386,"V","Q386V",0.0688149268231388
"Q",386,"W","Q386W",-0.0272319733237794
"Q",386,"Y","Q386Y",1.17911483035329
"P",387,"A","P387A",0.232103014204163
"P",387,"C","P387C",-0.263001399321613
"P",387,"D","P387D",0.497983474215719
"P",387,"E","P387E",0.201396569481847
"P",387,"F","P387F",0.6305552525311
"P",387,"G","P387G",0.482659424581904
"P",387,"H","P387H",0.620724388372567
"P",387,"I","P387I",-0.182404854084158
"P",387,"K","P387K",0.02857929899756
"P",387,"L","P387L",-0.66497183171902
"P",387,"M","P387M",0.552751929026295
"P",387,"N","P387N",-0.0760079383332701
"P",387,"Q","P387Q",0.00143607290169653
"P",387,"R","P387R",0.119312932144033
"P",387,"S","P387S",0.167225549621553
"P",387,"T","P387T",0.0459184573218972
"P",387,"V","P387V",0.00454510903095716
"P",387,"W","P387W",0.316099838451489
"P",387,"Y","P387Y",-1.05375558865726
"E",388,"A","E388A",0.422008454056362
"E",388,"C","E388C",0.153942713153002
"E",388,"D","E388D",-0.112626811897103
"E",388,"F","E388F",0.778318844287816
"E",388,"G","E388G",0.165070230489898
"E",388,"H","E388H",-0.222373764452761
"E",388,"I","E388I",0.0504912223462308
"E",388,"K","E388K",-0.345860305058138
"E",388,"L","E388L",-0.615339782523299
"E",388,"M","E388M",0.70245329752865
"E",388,"N","E388N",0.591043312229059
"E",388,"P","E388P",0.655519188717751
"E",388,"Q","E388Q",-0.352925608957055
"E",388,"R","E388R",-1.09819183640031
"E",388,"S","E388S",0.580980294347389
"E",388,"T","E388T",0.145410793644461
"E",388,"V","E388V",2.06882937875583
"E",388,"W","E388W",-1.10967451780167
"E",388,"Y","E388Y",0.656333500285511
"N",389,"A","N389A",0.0430833309118353
"N",389,"C","N389C",0.0466644861861026
"N",389,"D","N389D",0.439725007277224
"N",389,"E","N389E",-0.851365934178047
"N",389,"F","N389F",0.82830122329282
"N",389,"G","N389G",-0.419409316343819
"N",389,"H","N389H",1.02576298350385
"N",389,"I","N389I",-0.29826342663931
"N",389,"K","N389K",0.025267126015599
"N",389,"L","N389L",0.697437515321536
"N",389,"M","N389M",0.495306192260326
"N",389,"P","N389P",0.649665137275898
"N",389,"Q","N389Q",0.488108021126626
"N",389,"R","N389R",-0.217692090142154
"N",389,"S","N389S",0.287133844184862
"N",389,"T","N389T",1.58277187676184
"N",389,"V","N389V",0.449819645068454
"N",389,"W","N389W",-0.489977499134912
"N",389,"Y","N389Y",-0.678145838738431
"N",390,"A","N390A",0.376599877225849
"N",390,"C","N390C",0.00451892602491079
"N",390,"D","N390D",-0.213318723323682
"N",390,"E","N390E",0.702904235236643
"N",390,"F","N390F",0.693138824521085
"N",390,"G","N390G",0.978428587258494
"N",390,"H","N390H",1.04893108162547
"N",390,"I","N390I",0.643261010302131
"N",390,"K","N390K",0.598972920545001
"N",390,"L","N390L",1.02727322910222
"N",390,"M","N390M",0.174763037476199
"N",390,"P","N390P",0.817241798582107
"N",390,"Q","N390Q",0.461744342150894
"N",390,"R","N390R",0.548691544627988
"N",390,"S","N390S",-0.393562261647606
"N",390,"T","N390T",-0.0901478997410378
"N",390,"V","N390V",-0.0715058786436132
"N",390,"W","N390W",-0.291174983777109
"N",390,"Y","N390Y",0.439564803945182
"Y",391,"A","Y391A",-0.386980489321686
"Y",391,"C","Y391C",0.0968510171857759
"Y",391,"D","Y391D",0.536687622782049
"Y",391,"E","Y391E",0.645569943626552
"Y",391,"F","Y391F",0.385584675897928
"Y",391,"G","Y391G",0.760788169740143
"Y",391,"H","Y391H",-0.37463872664043
"Y",391,"I","Y391I",0.504108193567549
"Y",391,"K","Y391K",0.100261988862432
"Y",391,"L","Y391L",0.956811161082099
"Y",391,"M","Y391M",0.0353382823400552
"Y",391,"N","Y391N",0.774025725243023
"Y",391,"P","Y391P",1.00391100846443
"Y",391,"Q","Y391Q",-0.715142725898709
"Y",391,"R","Y391R",1.06244663372032
"Y",391,"S","Y391S",0.381537486515503
"Y",391,"T","Y391T",-1.20151761928078
"Y",391,"V","Y391V",0.650650943592746
"Y",391,"W","Y391W",0.624884500938674
"K",392,"A","K392A",0.336523160520455
"K",392,"C","K392C",0.0482980977760461
"K",392,"D","K392D",0.194507686659738
"K",392,"E","K392E",0.166011963541696
"K",392,"F","K392F",0.373212775449584
"K",392,"G","K392G",0.403533539100067
"K",392,"H","K392H",0.201829086945477
"K",392,"I","K392I",0.321472764746959
"K",392,"L","K392L",0.459383176520219
"K",392,"M","K392M",0.43214923190609
"K",392,"N","K392N",0.240395516131991
"K",392,"P","K392P",0.316742351679123
"K",392,"Q","K392Q",-0.379934403775396
"K",392,"R","K392R",-0.551827040632103
"K",392,"S","K392S",-0.153858136664318
"K",392,"T","K392T",-0.283871841237606
"K",392,"V","K392V",0.359457629821474
"K",392,"W","K392W",0.165728832509072
"K",392,"Y","K392Y",1.52399188451201
"T",393,"A","T393A",0.126739100952484
"T",393,"C","T393C",0.387424688574311
"T",393,"D","T393D",0.191286375287829
"T",393,"E","T393E",1.53052281094927
"T",393,"F","T393F",0.285993563663804
"T",393,"G","T393G",0.328212117744494
"T",393,"H","T393H",1.10454076720743
"T",393,"I","T393I",0.488632686434966
"T",393,"K","T393K",1.39091812407177
"T",393,"L","T393L",0.0869626641042152
"T",393,"M","T393M",0.807295875548533
"T",393,"N","T393N",0.409179493674381
"T",393,"P","T393P",0.32878301053328
"T",393,"Q","T393Q",0.970644548330946
"T",393,"R","T393R",-0.0441391275276837
"T",393,"S","T393S",1.59214952270342
"T",393,"V","T393V",0.157785249084844
"T",393,"W","T393W",0.38738264603313
"T",393,"Y","T393Y",-0.868200157414118
"T",394,"A","T394A",0.353908906711667
"T",394,"C","T394C",0.542278978798507
"T",394,"D","T394D",1.43237214458064
"T",394,"E","T394E",0.951699240631864
"T",394,"F","T394F",0.802683428080109
"T",394,"G","T394G",-0.0258692513765322
"T",394,"H","T394H",0.918315370262995
"T",394,"I","T394I",0.335419714121974
"T",394,"K","T394K",0.678841613216271
"T",394,"L","T394L",0.676694869499382
"T",394,"M","T394M",0.433700477103976
"T",394,"N","T394N",2.39106020979944
"T",394,"P","T394P",0.745752100956025
"T",394,"Q","T394Q",0.665717102198873
"T",394,"R","T394R",1.55587900926758
"T",394,"S","T394S",0.328518340858475
"T",394,"V","T394V",1.46168681506866
"T",394,"W","T394W",1.39284544574298
"T",394,"Y","T394Y",0.601222142517036
"P",395,"A","P395A",0.310086913107264
"P",395,"C","P395C",-0.527342121397923
"P",395,"D","P395D",-0.169592722049696
"P",395,"E","P395E",0.764608677111234
"P",395,"F","P395F",0.291314322745295
"P",395,"G","P395G",-0.19888378490702
"P",395,"H","P395H",0.923398388826383
"P",395,"I","P395I",0.315114142404899
"P",395,"K","P395K",0.582691135430607
"P",395,"L","P395L",0.529756578509107
"P",395,"M","P395M",-0.0843079380076631
"P",395,"N","P395N",0.626245850447523
"P",395,"Q","P395Q",-0.202571484281055
"P",395,"R","P395R",0.137687260871297
"P",395,"S","P395S",0.747519922184608
"P",395,"T","P395T",0.0064703803877773
"P",395,"V","P395V",0.716890856154961
"P",395,"W","P395W",0.0426325129232583
"P",395,"Y","P395Y",1.34199603881448
"P",396,"A","P396A",0.233151923524354
"P",396,"C","P396C",0.555252428760558
"P",396,"D","P396D",0.849859521038343
"P",396,"E","P396E",0.792095924737832
"P",396,"F","P396F",0.654568322133746
"P",396,"G","P396G",0.527259152013196
"P",396,"H","P396H",1.83245621933783
"P",396,"I","P396I",1.84648085232338
"P",396,"K","P396K",2.22884078136569
"P",396,"L","P396L",2.18230907516351
"P",396,"M","P396M",1.31845997466845
"P",396,"N","P396N",0.282826711452689
"P",396,"Q","P396Q",0.364695183009447
"P",396,"R","P396R",-0.579512410288661
"P",396,"S","P396S",0.82257586586362
"P",396,"T","P396T",0.721475131403527
"P",396,"V","P396V",1.42919393612544
"P",396,"W","P396W",2.607940104333
"P",396,"Y","P396Y",1.48436085960844
"V",397,"A","V397A",0.640639166271844
"V",397,"C","V397C",0.205776495868219
"V",397,"D","V397D",1.66568466461551
"V",397,"E","V397E",0.492997814660316
"V",397,"F","V397F",1.20942084505354
"V",397,"G","V397G",2.03446338616927
"V",397,"H","V397H",0.611833287702558
"V",397,"I","V397I",0.855731770395961
"V",397,"K","V397K",0.382142840739204
"V",397,"L","V397L",1.21901799625028
"V",397,"M","V397M",1.37848063093244
"V",397,"N","V397N",0.737888202872992
"V",397,"P","V397P",0.291349145318197
"V",397,"Q","V397Q",1.86407218470325
"V",397,"R","V397R",0.600616832706372
"V",397,"S","V397S",0.669162950804121
"V",397,"T","V397T",-0.454231969912226
"V",397,"W","V397W",0.527879454642818
"V",397,"Y","V397Y",1.06979589604693
"L",398,"A","L398A",0.501951215639213
"L",398,"C","L398C",2.20377361468198
"L",398,"D","L398D",0.213983472632866
"L",398,"E","L398E",0.26754544521845
"L",398,"F","L398F",-0.590752770413638
"L",398,"G","L398G",-0.186585041903149
"L",398,"H","L398H",-0.0614824159959259
"L",398,"I","L398I",0.869364281900225
"L",398,"K","L398K",0.349850949944163
"L",398,"M","L398M",0.124682156333346
"L",398,"N","L398N",0.375747346308174
"L",398,"P","L398P",0.324356373766334
"L",398,"Q","L398Q",-0.709895203107896
"L",398,"R","L398R",0.156375837007452
"L",398,"S","L398S",0.0915177816991585
"L",398,"T","L398T",0.885519772990837
"L",398,"V","L398V",-0.328603496923426
"L",398,"W","L398W",0.311719041863664
"L",398,"Y","L398Y",0.966013952952734
"D",399,"A","D399A",0.862938474666764
"D",399,"C","D399C",0.524839062095469
"D",399,"E","D399E",0.935956669581802
"D",399,"F","D399F",-0.271945530679979
"D",399,"G","D399G",0.600882917197933
"D",399,"H","D399H",-1.04597849363752
"D",399,"I","D399I",0.908344470013374
"D",399,"K","D399K",0.79053030889584
"D",399,"L","D399L",0.383880942652978
"D",399,"M","D399M",0.923076033701045
"D",399,"N","D399N",1.0961244435716
"D",399,"P","D399P",1.10805395812932
"D",399,"Q","D399Q",0.0693678951475371
"D",399,"R","D399R",0.809238078093579
"D",399,"S","D399S",1.07211680707856
"D",399,"T","D399T",0.564401349892424
"D",399,"V","D399V",0.379810236638844
"D",399,"W","D399W",0.279763424785487
"D",399,"Y","D399Y",-0.195195275140344
"S",400,"A","S400A",0.461667822622129
"S",400,"C","S400C",0.48229566661453
"S",400,"D","S400D",0.295427978501261
"S",400,"E","S400E",0.757202741425329
"S",400,"F","S400F",0.769790224615303
"S",400,"G","S400G",0.332305630373118
"S",400,"H","S400H",0.0790863557951951
"S",400,"I","S400I",2.1775162445882
"S",400,"K","S400K",0.11120641831147
"S",400,"L","S400L",0.237115930312437
"S",400,"M","S400M",0.521094562156858
"S",400,"N","S400N",0.846661685499169
"S",400,"P","S400P",0.760882931579463
"S",400,"Q","S400Q",0.168243111341451
"S",400,"R","S400R",0.626284474553881
"S",400,"T","S400T",0.013139381203751
"S",400,"V","S400V",0.256628968286851
"S",400,"W","S400W",0.136600614167027
"S",400,"Y","S400Y",-0.243409881033951
"D",401,"A","D401A",-0.152452673054215
"D",401,"C","D401C",0.201907727584667
"D",401,"E","D401E",-0.0385177195211851
"D",401,"F","D401F",0.189674385736784
"D",401,"G","D401G",0.0970870929184526
"D",401,"H","D401H",0.502726073783829
"D",401,"I","D401I",0.820620467529071
"D",401,"K","D401K",-0.223820633777272
"D",401,"L","D401L",0.109288924371099
"D",401,"M","D401M",-0.0723816103150492
"D",401,"N","D401N",-0.138037329025458
"D",401,"P","D401P",3.6799945081181
"D",401,"Q","D401Q",-0.000315749348791212
"D",401,"R","D401R",1.11229682771612
"D",401,"S","D401S",0.734583538071095
"D",401,"T","D401T",0.598359435547655
"D",401,"V","D401V",0.573933992791152
"D",401,"W","D401W",-0.048420279064747
"D",401,"Y","D401Y",0.445829387520936
"G",402,"A","G402A",0.886182021761506
"G",402,"C","G402C",0.669318512156042
"G",402,"D","G402D",1.44719307176644
"G",402,"E","G402E",1.80716089634983
"G",402,"F","G402F",0.36272442200741
"G",402,"H","G402H",0.0265822806927574
"G",402,"I","G402I",0.909034553824288
"G",402,"K","G402K",0.2297881635827
"G",402,"L","G402L",0.898477542613255
"G",402,"M","G402M",0.765343043463701
"G",402,"N","G402N",-0.162732147342215
"G",402,"P","G402P",0.743805659197609
"G",402,"Q","G402Q",0.502870412906181
"G",402,"R","G402R",0.100555215126018
"G",402,"S","G402S",0.977511001634219
"G",402,"T","G402T",-0.2426324684638
"G",402,"V","G402V",1.00957946374406
"G",402,"W","G402W",0.221204805793058
"G",402,"Y","G402Y",0.733601219700979
"S",403,"A","S403A",0.917470273642025
"S",403,"C","S403C",0.321646074554693
"S",403,"D","S403D",0.911195154552828
"S",403,"E","S403E",0.550660106290098
"S",403,"F","S403F",1.64711244993432
"S",403,"G","S403G",1.2196445046065
"S",403,"H","S403H",0.830615631015531
"S",403,"I","S403I",0.668931558637745
"S",403,"K","S403K",0.242445328184556
"S",403,"L","S403L",-0.134545876138459
"S",403,"M","S403M",1.9493793990643
"S",403,"N","S403N",0.295054621089314
"S",403,"P","S403P",-0.099155284779612
"S",403,"Q","S403Q",0.826729072198928
"S",403,"R","S403R",1.40622420876985
"S",403,"T","S403T",-0.0898803457320868
"S",403,"V","S403V",0.589011412751217
"S",403,"W","S403W",0.270263793975415
"S",403,"Y","S403Y",0.880597458536735
"F",404,"A","F404A",-0.697676179910307
"F",404,"C","F404C",0.0494926276869296
"F",404,"D","F404D",0.633557874857342
"F",404,"E","F404E",0.178864308676673
"F",404,"G","F404G",1.14784281108807
"F",404,"H","F404H",0.168514434548383
"F",404,"I","F404I",0.757832408956633
"F",404,"K","F404K",2.75673750527324
"F",404,"L","F404L",0.797930058565397
"F",404,"M","F404M",0.501289497959851
"F",404,"N","F404N",0.888316805803846
"F",404,"P","F404P",4.49742964883925
"F",404,"Q","F404Q",1.36583938204238
"F",404,"R","F404R",1.60258468818506
"F",404,"S","F404S",1.22942164469582
"F",404,"T","F404T",-0.503058942053811
"F",404,"V","F404V",2.04335655122453
"F",404,"W","F404W",0.551172169750271
"F",404,"Y","F404Y",-0.474292789963441
"F",405,"A","F405A",0.296410349871183
"F",405,"C","F405C",0.0649444609264322
"F",405,"D","F405D",-0.280764279744455
"F",405,"E","F405E",1.77026133096081
"F",405,"G","F405G",-0.140834608312454
"F",405,"H","F405H",1.26683985593583
"F",405,"I","F405I",0.725743761692754
"F",405,"K","F405K",-2.69690648330302
"F",405,"L","F405L",0.915803349438909
"F",405,"M","F405M",0.979374207019306
"F",405,"N","F405N",0.175322801085084
"F",405,"P","F405P",-2.35877739584081
"F",405,"Q","F405Q",0.433330894019034
"F",405,"R","F405R",-1.45307985192966
"F",405,"S","F405S",1.25659949426106
"F",405,"T","F405T",1.33345917729449
"F",405,"V","F405V",0.389137501325144
"F",405,"W","F405W",0.717536559567921
"F",405,"Y","F405Y",0.492985419691432
"L",406,"A","L406A",-0.563581131076797
"L",406,"C","L406C",-0.150503560575795
"L",406,"D","L406D",0.0590526999295499
"L",406,"E","L406E",0.364155396401279
"L",406,"F","L406F",1.49666786865161
"L",406,"G","L406G",-0.301735905326501
"L",406,"H","L406H",0.649442757776991
"L",406,"I","L406I",0.088294066220538
"L",406,"K","L406K",-0.33017727415548
"L",406,"M","L406M",-0.0779855304262898
"L",406,"N","L406N",-1.4197138512019
"L",406,"P","L406P",-3.06652630289379
"L",406,"Q","L406Q",0.705308216251387
"L",406,"R","L406R",-0.314107022365235
"L",406,"S","L406S",0.745584904736701
"L",406,"T","L406T",-0.118506270619961
"L",406,"V","L406V",-0.543954220541415
"L",406,"W","L406W",0.78275170285137
"L",406,"Y","L406Y",0.235646185859247
"Y",407,"A","Y407A",-0.032175870992612
"Y",407,"C","Y407C",0.283754993224636
"Y",407,"D","Y407D",-0.713583273815622
"Y",407,"E","Y407E",-1.42471435977662
"Y",407,"F","Y407F",0.161851013472795
"Y",407,"G","Y407G",-0.558281032870453
"Y",407,"H","Y407H",0.363727477467832
"Y",407,"I","Y407I",-0.0139991949439704
"Y",407,"K","Y407K",-4.57104957271299
"Y",407,"L","Y407L",0.587339068449474
"Y",407,"M","Y407M",0.0270933393129583
"Y",407,"N","Y407N",0.00160326075864875
"Y",407,"P","Y407P",-3.57617883836937
"Y",407,"Q","Y407Q",-1.39709906370925
"Y",407,"R","Y407R",-2.31296146919577
"Y",407,"S","Y407S",0.0129755806798489
"Y",407,"T","Y407T",0.923765108534629
"Y",407,"V","Y407V",0.054898508317519
"Y",407,"W","Y407W",0.403150792343161
"S",408,"A","S408A",-0.115833022488486
"S",408,"C","S408C",-0.00116383282662513
"S",408,"D","S408D",0.101041324477533
"S",408,"E","S408E",1.12632352075785
"S",408,"F","S408F",0.721803278236977
"S",408,"G","S408G",0.0316487961171395
"S",408,"H","S408H",0.729345856474398
"S",408,"I","S408I",1.36866032421721
"S",408,"K","S408K",0.991287349389704
"S",408,"L","S408L",0.580360378694097
"S",408,"M","S408M",-1.02694373885292
"S",408,"N","S408N",-0.054365193314045
"S",408,"P","S408P",-2.89709407098719
"S",408,"Q","S408Q",-0.0306422101022287
"S",408,"R","S408R",1.25567479169253
"S",408,"T","S408T",1.01864467220645
"S",408,"V","S408V",0.368936665738013
"S",408,"W","S408W",0.271216464503614
"S",408,"Y","S408Y",1.92601252063627
"K",409,"A","K409A",0.271806543388792
"K",409,"C","K409C",-0.0634425381184969
"K",409,"D","K409D",0.335518333180267
"K",409,"E","K409E",0.237474240193938
"K",409,"F","K409F",1.08497741483548
"K",409,"G","K409G",0.518556244362227
"K",409,"H","K409H",0.446282116480436
"K",409,"I","K409I",1.05951335513674
"K",409,"L","K409L",0.807680483743827
"K",409,"M","K409M",0.816003929646865
"K",409,"N","K409N",-3.92543326479316
"K",409,"P","K409P",1.09618561692473
"K",409,"Q","K409Q",0.325325561243034
"K",409,"R","K409R",-0.312372572437606
"K",409,"S","K409S",0.096764064638825
"K",409,"T","K409T",0.827893278421225
"K",409,"V","K409V",0.794521384156033
"K",409,"W","K409W",1.23346188424873
"K",409,"Y","K409Y",1.12343816240549
"L",410,"A","L410A",0.816039821356934
"L",410,"C","L410C",-0.431171114342986
"L",410,"D","L410D",-0.103894181255909
"L",410,"E","L410E",0.265798168232866
"L",410,"F","L410F",0.513662306243778
"L",410,"G","L410G",-0.305312948525395
"L",410,"H","L410H",0.292678370413186
"L",410,"I","L410I",-0.688955486182775
"L",410,"K","L410K",3.75229491604514
"L",410,"M","L410M",0.414766336941579
"L",410,"N","L410N",0.200871499287817
"L",410,"P","L410P",-3.12780994332432
"L",410,"Q","L410Q",0.288643309072802
"L",410,"R","L410R",-0.215917881604327
"L",410,"S","L410S",0.277691007982363
"L",410,"T","L410T",-0.558790140147212
"L",410,"V","L410V",0.351193840140398
"L",410,"W","L410W",0.514122599572091
"L",410,"Y","L410Y",0.715199779983573
"T",411,"A","T411A",0.295299066620647
"T",411,"C","T411C",1.53744033976073
"T",411,"D","T411D",0.495343470634529
"T",411,"E","T411E",1.14413365537062
"T",411,"F","T411F",-0.0601822408315142
"T",411,"G","T411G",0.545090071419775
"T",411,"H","T411H",0.421559555739753
"T",411,"I","T411I",0.0337104370079597
"T",411,"K","T411K",0.216029477376198
"T",411,"L","T411L",0.433267790449731
"T",411,"M","T411M",0.494570107827952
"T",411,"N","T411N",-0.395926265539271
"T",411,"P","T411P",0.381655926361428
"T",411,"Q","T411Q",0.179968055434291
"T",411,"R","T411R",-0.00651661979238082
"T",411,"S","T411S",-0.0418028484303726
"T",411,"V","T411V",1.02182140473173
"T",411,"W","T411W",0.534542541765355
"T",411,"Y","T411Y",0.263761376694759
"V",412,"A","V412A",1.68747639304197
"V",412,"C","V412C",-1.1961944927328
"V",412,"D","V412D",0.379837254062035
"V",412,"E","V412E",0.873628010193122
"V",412,"F","V412F",0.881971363229659
"V",412,"G","V412G",0.36938496730285
"V",412,"H","V412H",-0.436021151497776
"V",412,"I","V412I",1.50483597722095
"V",412,"K","V412K",0.135434544504807
"V",412,"L","V412L",0.2627151744098
"V",412,"M","V412M",0.597549148402163
"V",412,"N","V412N",-0.471117087884024
"V",412,"P","V412P",-0.0925583808582646
"V",412,"Q","V412Q",0.333052765261077
"V",412,"R","V412R",0.455730910485581
"V",412,"S","V412S",-0.223976757074222
"V",412,"T","V412T",0.603046566396622
"V",412,"W","V412W",-2.21459672168302
"V",412,"Y","V412Y",-0.0233734488773194
"D",413,"A","D413A",0.375625846416317
"D",413,"C","D413C",-0.625702789315261
"D",413,"E","D413E",-0.0380222225474827
"D",413,"F","D413F",0.0432740829424949
"D",413,"G","D413G",-0.972660332015138
"D",413,"H","D413H",-0.135824632807841
"D",413,"I","D413I",0.688900801486627
"D",413,"K","D413K",0.0526416906169453
"D",413,"L","D413L",0.137828355717294
"D",413,"M","D413M",-0.295217329102616
"D",413,"N","D413N",0.470842284441298
"D",413,"P","D413P",-0.394372097247642
"D",413,"Q","D413Q",0.253894047716519
"D",413,"R","D413R",0.32564366819461
"D",413,"S","D413S",0.153159311241429
"D",413,"T","D413T",-0.233114042561189
"D",413,"V","D413V",-0.0543805983672551
"D",413,"W","D413W",-0.215982700811185
"D",413,"Y","D413Y",0.333278601371922
"K",414,"A","K414A",0.744147051591921
"K",414,"C","K414C",1.60696845619087
"K",414,"D","K414D",0.812617530952107
"K",414,"E","K414E",-0.0377863708784298
"K",414,"F","K414F",0.215424377664068
"K",414,"G","K414G",0.262921691213103
"K",414,"H","K414H",0.00069800050219393
"K",414,"I","K414I",0.284911308176977
"K",414,"L","K414L",1.21182289118673
"K",414,"M","K414M",1.46062663005999
"K",414,"N","K414N",0.166620366217782
"K",414,"P","K414P",0.0184342115699858
"K",414,"Q","K414Q",0.320036672881768
"K",414,"R","K414R",0.350364171246113
"K",414,"S","K414S",0.53454226163359
"K",414,"T","K414T",0.411638856967348
"K",414,"V","K414V",-1.05788883937573
"K",414,"W","K414W",0.584495764833821
"K",414,"Y","K414Y",0.493719164750693
"S",415,"A","S415A",0.125308124995818
"S",415,"C","S415C",-0.884055064249502
"S",415,"D","S415D",0.604046700457683
"S",415,"E","S415E",-0.438298695572286
"S",415,"F","S415F",0.6106215812897
"S",415,"G","S415G",0.818787938372223
"S",415,"H","S415H",-0.0177708618609461
"S",415,"I","S415I",1.157593852582
"S",415,"K","S415K",-0.0451223675771802
"S",415,"L","S415L",-0.0820042992543538
"S",415,"M","S415M",0.710796949357879
"S",415,"N","S415N",0.343910850342499
"S",415,"P","S415P",0.190400388505175
"S",415,"Q","S415Q",1.16159335545759
"S",415,"R","S415R",0.59516679337978
"S",415,"T","S415T",-0.397896699771467
"S",415,"V","S415V",0.451345078767786
"S",415,"W","S415W",0.319930156970818
"S",415,"Y","S415Y",-0.00968639843429687
"R",416,"A","R416A",-0.217333127332277
"R",416,"C","R416C",0.278631755179856
"R",416,"D","R416D",0.691349972581263
"R",416,"E","R416E",0.0892835851488099
"R",416,"F","R416F",0.172551801644986
"R",416,"G","R416G",0.466078086673298
"R",416,"H","R416H",0.220453247724102
"R",416,"I","R416I",0.23530878921413
"R",416,"K","R416K",0.250134689819841
"R",416,"L","R416L",-0.121828778829128
"R",416,"M","R416M",0.35299833165198
"R",416,"N","R416N",0.242225598146436
"R",416,"P","R416P",0.429548054924208
"R",416,"Q","R416Q",0.473535816200818
"R",416,"S","R416S",-0.207872927275944
"R",416,"T","R416T",0.278272769311813
"R",416,"V","R416V",0.424872000900219
"R",416,"W","R416W",0.473307012838058
"R",416,"Y","R416Y",0.562555950776813
"W",417,"A","W417A",-0.0355616923356636
"W",417,"C","W417C",0.56319971717574
"W",417,"D","W417D",0.202353908979368
"W",417,"E","W417E",0.714050099725882
"W",417,"F","W417F",0.871057834547307
"W",417,"G","W417G",-0.645997707354989
"W",417,"H","W417H",0.860957796272705
"W",417,"I","W417I",-0.137465007764884
"W",417,"K","W417K",-0.379368263729528
"W",417,"L","W417L",0.248961024076916
"W",417,"M","W417M",0.17057937967512
"W",417,"N","W417N",0.2790136486388
"W",417,"P","W417P",0.355749921180797
"W",417,"Q","W417Q",-0.112757423300412
"W",417,"R","W417R",0.114017478892888
"W",417,"S","W417S",0.262027512031874
"W",417,"T","W417T",0.94583433662404
"W",417,"V","W417V",0.406172137006359
"W",417,"Y","W417Y",0.513072632939061
"Q",418,"A","Q418A",0.977875450318116
"Q",418,"C","Q418C",0.716150680816934
"Q",418,"D","Q418D",-0.487120851071967
"Q",418,"E","Q418E",0.143706926257527
"Q",418,"F","Q418F",-0.0554725715204912
"Q",418,"G","Q418G",0.54209653102283
"Q",418,"H","Q418H",-0.215342303821854
"Q",418,"I","Q418I",-0.113563797017322
"Q",418,"K","Q418K",0.261876064721394
"Q",418,"L","Q418L",-0.13932890807168
"Q",418,"M","Q418M",0.320297987795846
"Q",418,"N","Q418N",0.273757464567982
"Q",418,"P","Q418P",0.106001530375309
"Q",418,"R","Q418R",0.530488343548884
"Q",418,"S","Q418S",-0.114145858811395
"Q",418,"T","Q418T",0.389351218674693
"Q",418,"V","Q418V",0.65101808048884
"Q",418,"W","Q418W",0.578286957570857
"Q",418,"Y","Q418Y",0.138497973324115
"Q",419,"A","Q419A",0.298390983659611
"Q",419,"C","Q419C",-0.278851876551856
"Q",419,"D","Q419D",-0.115848891985749
"Q",419,"E","Q419E",0.69436964558625
"Q",419,"F","Q419F",0.685230430991756
"Q",419,"G","Q419G",0.458869605514451
"Q",419,"H","Q419H",0.389227899852166
"Q",419,"I","Q419I",0.682585878985182
"Q",419,"K","Q419K",0.174640626363709
"Q",419,"L","Q419L",-0.127777154260314
"Q",419,"M","Q419M",0.766725270128064
"Q",419,"N","Q419N",0.101932679497502
"Q",419,"P","Q419P",0.410866904125483
"Q",419,"R","Q419R",0.242131857595428
"Q",419,"S","Q419S",0.569090399273986
"Q",419,"T","Q419T",0.0247497492257094
"Q",419,"V","Q419V",0.939857788418828
"Q",419,"W","Q419W",0.338059975440525
"Q",419,"Y","Q419Y",0.136647580352378
"G",420,"A","G420A",0.254738706467693
"G",420,"C","G420C",0.0530528113035076
"G",420,"D","G420D",0.221700459520161
"G",420,"E","G420E",-0.222143908850133
"G",420,"F","G420F",0.128175283829117
"G",420,"H","G420H",0.764272091876525
"G",420,"I","G420I",0.106084530357884
"G",420,"K","G420K",0.489453978556759
"G",420,"L","G420L",0.395111198848568
"G",420,"M","G420M",0.556228561297701
"G",420,"N","G420N",0.178387976526044
"G",420,"P","G420P",0.108710722947603
"G",420,"Q","G420Q",0.295379663513448
"G",420,"R","G420R",-0.219679667589145
"G",420,"S","G420S",0.0752096694113145
"G",420,"T","G420T",1.13450123347655
"G",420,"V","G420V",0.85451588560476
"G",420,"W","G420W",0.627799755530605
"G",420,"Y","G420Y",-0.384183344472718
"N",421,"A","N421A",0.534549413427641
"N",421,"C","N421C",0.168802786738948
"N",421,"D","N421D",0.134902483195251
"N",421,"E","N421E",0.238829653795092
"N",421,"F","N421F",0.639623849722054
"N",421,"G","N421G",-1.22580148064716
"N",421,"H","N421H",0.183083958237677
"N",421,"I","N421I",0.887651621629982
"N",421,"K","N421K",0.433528980385013
"N",421,"L","N421L",0.605932372622118
"N",421,"M","N421M",-0.0873577026872007
"N",421,"P","N421P",0.026022491125001
"N",421,"Q","N421Q",0.0368749861989702
"N",421,"R","N421R",0.052957278360012
"N",421,"S","N421S",0.0303873991102786
"N",421,"T","N421T",0.600499590701924
"N",421,"V","N421V",0.326820305064285
"N",421,"W","N421W",0.106526925481705
"N",421,"Y","N421Y",-0.0122142092897805
"V",422,"A","V422A",0.214324327868911
"V",422,"C","V422C",1.3582259118138
"V",422,"D","V422D",0.352788325643341
"V",422,"E","V422E",-0.269005699983623
"V",422,"F","V422F",0.392199612072628
"V",422,"G","V422G",0.260437729369077
"V",422,"H","V422H",-0.513609985364503
"V",422,"I","V422I",0.0759752271601449
"V",422,"K","V422K",0.134767914899251
"V",422,"L","V422L",-0.0100177032249782
"V",422,"M","V422M",0.138142171688381
"V",422,"N","V422N",0.353981103409477
"V",422,"P","V422P",-0.0790800478315304
"V",422,"Q","V422Q",0.316216677010166
"V",422,"R","V422R",0.373692952550073
"V",422,"S","V422S",0.428671146520969
"V",422,"T","V422T",0.0295883443510144
"V",422,"W","V422W",-0.126614814396867
"V",422,"Y","V422Y",-0.0660928710459593
"F",423,"A","F423A",0.196773068009898
"F",423,"C","F423C",-1.61046056575232
"F",423,"D","F423D",-0.744188431835249
"F",423,"E","F423E",-0.332626200053889
"F",423,"G","F423G",1.27869782530813
"F",423,"H","F423H",0.388834471448207
"F",423,"I","F423I",1.20241638662576
"F",423,"K","F423K",0.326207421050382
"F",423,"L","F423L",0.0440281359984776
"F",423,"M","F423M",0.889699807802362
"F",423,"N","F423N",0.124762634621552
"F",423,"P","F423P",0.199239387102717
"F",423,"Q","F423Q",0.666319604488057
"F",423,"R","F423R",0.14127374067855
"F",423,"S","F423S",0.136312225715069
"F",423,"T","F423T",0.69448210758404
"F",423,"V","F423V",0.824061274961737
"F",423,"W","F423W",-0.524782598191597
"F",423,"Y","F423Y",0.214575259361839
"S",424,"A","S424A",0.116982013994907
"S",424,"C","S424C",-0.359879640145304
"S",424,"D","S424D",0.343859614848937
"S",424,"E","S424E",0.437877156822423
"S",424,"F","S424F",0.162487345135963
"S",424,"G","S424G",0.0642063793044731
"S",424,"H","S424H",0.0877722885121646
"S",424,"I","S424I",0.220236949096918
"S",424,"K","S424K",-0.390291338181716
"S",424,"L","S424L",0.211237231728674
"S",424,"M","S424M",0.934279528608593
"S",424,"N","S424N",0.615428357714315
"S",424,"P","S424P",0.794715690974513
"S",424,"Q","S424Q",0.823671703196169
"S",424,"R","S424R",0.0712174198971521
"S",424,"T","S424T",0.55725991585977
"S",424,"V","S424V",0.120163885781088
"S",424,"W","S424W",-0.0382378911969471
"S",424,"Y","S424Y",0.0368214655852783
"C",425,"A","C425A",0.642659500830963
"C",425,"D","C425D",-2.17319130183389
"C",425,"E","C425E",-2.21654258632896
"C",425,"F","C425F",0.605825180425799
"C",425,"G","C425G",0.477775774771768
"C",425,"H","C425H",-0.360369193337488
"C",425,"I","C425I",0.39858414285863
"C",425,"K","C425K",-2.60718981461852
"C",425,"L","C425L",-0.267555415994548
"C",425,"M","C425M",0.0166813622352613
"C",425,"N","C425N",-2.38258023982876
"C",425,"P","C425P",0.631085453563324
"C",425,"Q","C425Q",-0.408188885475816
"C",425,"R","C425R",-1.71722117023712
"C",425,"S","C425S",1.11807525099448
"C",425,"T","C425T",0.0519366160469146
"C",425,"V","C425V",-0.333118751708226
"C",425,"W","C425W",0.554371499802783
"C",425,"Y","C425Y",0.794384225463431
"S",426,"A","S426A",-0.303739680295065
"S",426,"C","S426C",0.543263516461951
"S",426,"D","S426D",0.77055532504008
"S",426,"E","S426E",-0.104248878755634
"S",426,"F","S426F",1.45925735113268
"S",426,"G","S426G",0.306512795883558
"S",426,"H","S426H",-0.352453265547598
"S",426,"I","S426I",0.269066752251313
"S",426,"K","S426K",0.256716788599
"S",426,"L","S426L",0.367002235883941
"S",426,"M","S426M",0.951186001999527
"S",426,"N","S426N",0.106386818591782
"S",426,"P","S426P",0.769446510970125
"S",426,"Q","S426Q",0.0577324496754294
"S",426,"R","S426R",0.833618301815541
"S",426,"T","S426T",0.503765625881194
"S",426,"V","S426V",-0.279781516699393
"S",426,"W","S426W",0.0680925274716667
"S",426,"Y","S426Y",-0.23744146308015
"V",427,"A","V427A",0.948334841041945
"V",427,"C","V427C",-0.474288521527038
"V",427,"D","V427D",-1.07227192934508
"V",427,"E","V427E",-0.949691773512767
"V",427,"F","V427F",0.0314985337044341
"V",427,"G","V427G",0.0432407251303479
"V",427,"H","V427H",-0.0618538624062615
"V",427,"I","V427I",-0.106362829088921
"V",427,"K","V427K",-1.24595874277118
"V",427,"L","V427L",-0.0673724672312321
"V",427,"M","V427M",-0.049707935807422
"V",427,"N","V427N",0.010742418215981
"V",427,"P","V427P",-0.979409337588639
"V",427,"Q","V427Q",-2.36881472991056
"V",427,"R","V427R",-1.10410851921652
"V",427,"S","V427S",-0.495477257431588
"V",427,"T","V427T",0.11747191386176
"V",427,"W","V427W",0.473649384327143
"V",427,"Y","V427Y",-0.428613437171267
"M",428,"A","M428A",1.06311386722091
"M",428,"C","M428C",0.360080565427167
"M",428,"D","M428D",1.42227189453907
"M",428,"E","M428E",-0.807142327848926
"M",428,"F","M428F",0.596737091099802
"M",428,"G","M428G",-0.112770127388512
"M",428,"H","M428H",0.342269780198701
"M",428,"I","M428I",0.906549356904957
"M",428,"K","M428K",-0.172100253300234
"M",428,"L","M428L",0.773164930376673
"M",428,"N","M428N",0.102990564756663
"M",428,"P","M428P",0.305478784985463
"M",428,"Q","M428Q",0.537152683581349
"M",428,"R","M428R",-0.165463914188482
"M",428,"S","M428S",-0.0238487237797686
"M",428,"T","M428T",-0.156788942497938
"M",428,"V","M428V",0.515296364014591
"M",428,"W","M428W",1.79121389591828
"M",428,"Y","M428Y",0.652185760404199
"H",429,"A","H429A",1.38034545304745
"H",429,"C","H429C",-0.109981406664763
"H",429,"D","H429D",-0.330679348563106
"H",429,"E","H429E",-0.361006877404578
"H",429,"F","H429F",0.345011445246314
"H",429,"G","H429G",0.504349690599612
"H",429,"I","H429I",-3.05762083163741
"H",429,"K","H429K",-1.5409472739104
"H",429,"L","H429L",-4.4377688262774
"H",429,"M","H429M",0.447861363937358
"H",429,"N","H429N",0.643887508169143
"H",429,"P","H429P",-6.2991942671655
"H",429,"Q","H429Q",0.369536985339645
"H",429,"R","H429R",-3.52042760703527
"H",429,"S","H429S",0.162392273727549
"H",429,"T","H429T",-0.589615905593584
"H",429,"V","H429V",-0.100650593817671
"H",429,"W","H429W",-4.28820860122819
"H",429,"Y","H429Y",-3.52259250744481
"E",430,"A","E430A",0.836633298286365
"E",430,"C","E430C",-1.14857610835845
"E",430,"D","E430D",0.499918666832427
"E",430,"F","E430F",-0.180435932493444
"E",430,"G","E430G",0.333811275661302
"E",430,"H","E430H",0.0369295664433015
"E",430,"I","E430I",0.796906467968495
"E",430,"K","E430K",0.20090428774263
"E",430,"L","E430L",-0.476420119205531
"E",430,"M","E430M",0.684126811918765
"E",430,"N","E430N",0.892201623945505
"E",430,"P","E430P",-0.183179181280559
"E",430,"Q","E430Q",0.272647807937507
"E",430,"R","E430R",0.351283076406736
"E",430,"S","E430S",-0.308279888835711
"E",430,"T","E430T",-0.554304960282334
"E",430,"V","E430V",0.912110240435954
"E",430,"W","E430W",-0.17196081062754
"E",430,"Y","E430Y",-0.104316484468801
"L",432,"A","L432A",0.132306929305833
"L",432,"C","L432C",0.038719664676841
"L",432,"D","L432D",0.928159413746355
"L",432,"E","L432E",0.63200807356406
"L",432,"F","L432F",-1.01115542225965
"L",432,"G","L432G",-0.177442058925298
"L",432,"H","L432H",-0.209923563731136
"L",432,"I","L432I",-0.372753592020298
"L",432,"K","L432K",0.0177262491969626
"L",432,"M","L432M",1.01081110881479
"L",432,"N","L432N",0.023385066227526
"L",432,"P","L432P",0.209955103073665
"L",432,"Q","L432Q",0.199327610610642
"L",432,"R","L432R",-0.0989813416074696
"L",432,"S","L432S",0.00663617800957843
"L",432,"T","L432T",0.627177307781657
"L",432,"V","L432V",1.40463891581158
"L",432,"W","L432W",0.226958095323281
"L",432,"Y","L432Y",0.0354120364233753
"H",433,"A","H433A",0.843409524322148
"H",433,"C","H433C",0.243604345766507
"H",433,"D","H433D",0.00537406122789196
"H",433,"E","H433E",1.52778466939
"H",433,"F","H433F",0.0220842385597772
"H",433,"G","H433G",1.33629478727866
"H",433,"I","H433I",0.89884540450041
"H",433,"K","H433K",0.642735778451389
"H",433,"L","H433L",0.0206423520086945
"H",433,"M","H433M",1.06038783572261
"H",433,"N","H433N",0.401380842162379
"H",433,"P","H433P",0.70470817087
"H",433,"Q","H433Q",0.994723831331937
"H",433,"R","H433R",0.212244748798965
"H",433,"S","H433S",0.986590988766616
"H",433,"T","H433T",0.280985190065959
"H",433,"V","H433V",0.1492167674384
"H",433,"W","H433W",0.832290982779866
"H",433,"Y","H433Y",-0.255766949369563
"N",434,"A","N434A",0.458641843260579
"N",434,"C","N434C",0.653116141045289
"N",434,"D","N434D",1.14753320427349
"N",434,"E","N434E",1.13329199626892
"N",434,"F","N434F",0.698855547454015
"N",434,"G","N434G",0.211020873522933
"N",434,"H","N434H",0.0492168330337877
"N",434,"I","N434I",-0.00912041572396359
"N",434,"K","N434K",-0.065416800353869
"N",434,"L","N434L",1.75885825642013
"N",434,"P","N434P",0.310954723220656
"N",434,"Q","N434Q",-0.0818337051058597
"N",434,"R","N434R",0.492807492251749
"N",434,"S","N434S",0.6494661866847
"N",434,"T","N434T",0.449753783878166
"N",434,"W","N434W",-0.241530160565099
"N",434,"Y","N434Y",-0.137859194537788
"H",435,"A","H435A",-0.638583223784781
"H",435,"C","H435C",-0.194970594074682
"H",435,"D","H435D",-0.0521332081208622
"H",435,"E","H435E",-0.94817582247753
"H",435,"F","H435F",0.377077744773517
"H",435,"G","H435G",-0.722576387672923
"H",435,"I","H435I",-0.197540791887881
"H",435,"K","H435K",0.538825545974656
"H",435,"L","H435L",-0.682726286811089
"H",435,"M","H435M",-0.143182952922547
"H",435,"N","H435N",-1.13684342973121
"H",435,"P","H435P",-0.194317772080917
"H",435,"Q","H435Q",-1.15900727618415
"H",435,"R","H435R",0.0831523047800932
"H",435,"S","H435S",-1.00533124046987
"H",435,"T","H435T",0.386184638633934
"H",435,"V","H435V",-0.106118712474311
"H",435,"W","H435W",0.274178619140455
"H",435,"Y","H435Y",1.57948992451794
"Y",436,"A","Y436A",0.287907512730984
"Y",436,"C","Y436C",-0.253347139601849
"Y",436,"D","Y436D",0.341336039587627
"Y",436,"E","Y436E",-0.0401391374178354
"Y",436,"F","Y436F",0.67215749017623
"Y",436,"G","Y436G",1.47242225978651
"Y",436,"H","Y436H",-0.0958263156399968
"Y",436,"I","Y436I",0.689473534252924
"Y",436,"K","Y436K",-0.09043848133926
"Y",436,"L","Y436L",0.51895096425821
"Y",436,"M","Y436M",0.779658622092213
"Y",436,"N","Y436N",0.00925983518739778
"Y",436,"P","Y436P",-0.255946360425516
"Y",436,"Q","Y436Q",0.206466715485214
"Y",436,"R","Y436R",0.12725161345925
"Y",436,"S","Y436S",1.15318887012933
"Y",436,"T","Y436T",0.564396487619761
"Y",436,"V","Y436V",-0.0872155175363557
"Y",436,"W","Y436W",0.264138973399926
"T",437,"A","T437A",0.00876551893153494
"T",437,"C","T437C",-0.634836242768595
"T",437,"D","T437D",0.853731654955451
"T",437,"E","T437E",1.01893984867206
"T",437,"F","T437F",0.192280170605565
"T",437,"G","T437G",-0.698045866159028
"T",437,"H","T437H",0.0702243499574569
"T",437,"I","T437I",0.789783820562423
"T",437,"K","T437K",1.59403219748634
"T",437,"L","T437L",0.396169996047938
"T",437,"M","T437M",0.556591078813624
"T",437,"N","T437N",0.850503288861936
"T",437,"P","T437P",-0.405651174755489
"T",437,"Q","T437Q",0.828269205992043
"T",437,"R","T437R",-0.105188942064168
"T",437,"S","T437S",-0.215277230367998
"T",437,"V","T437V",2.34205842669551
"T",437,"W","T437W",0.0232993467119686
"T",437,"Y","T437Y",0.43150150676435
"Q",438,"A","Q438A",-0.414893457159651
"Q",438,"C","Q438C",-1.02854045489509
"Q",438,"D","Q438D",0.479206974909472
"Q",438,"E","Q438E",0.644037781663994
"Q",438,"F","Q438F",0.438107949162876
"Q",438,"G","Q438G",0.619151409985205
"Q",438,"H","Q438H",-0.38809184644475
"Q",438,"I","Q438I",-0.475749429760387
"Q",438,"K","Q438K",0.208826300190429
"Q",438,"L","Q438L",0.188201325012226
"Q",438,"M","Q438M",0.891582093203977
"Q",438,"N","Q438N",0.700961076310298
"Q",438,"P","Q438P",1.31032867021025
"Q",438,"R","Q438R",0.294272853853177
"Q",438,"S","Q438S",0.0875237044809911
"Q",438,"T","Q438T",0.353411031414285
"Q",438,"V","Q438V",0.435649114267333
"Q",438,"W","Q438W",0.305612627476548
"Q",438,"Y","Q438Y",0.0242459704841693
"K",439,"A","K439A",0.0196713155607892
"K",439,"C","K439C",-0.037963587450371
"K",439,"D","K439D",0.530538111244269
"K",439,"E","K439E",-0.322436479098929
"K",439,"F","K439F",0.0202962533842162
"K",439,"G","K439G",0.54826131045366
"K",439,"H","K439H",-0.145849194395341
"K",439,"I","K439I",0.972303735651742
"K",439,"L","K439L",0.158894804849247
"K",439,"M","K439M",0.471471470661652
"K",439,"N","K439N",0.598435204417612
"K",439,"P","K439P",1.14732508998686
"K",439,"Q","K439Q",0.497258916431455
"K",439,"R","K439R",0.691996174738505
"K",439,"S","K439S",-0.491804852227822
"K",439,"T","K439T",1.56605494878611
"K",439,"V","K439V",0.520887181990766
"K",439,"W","K439W",-0.0189924438793495
"K",439,"Y","K439Y",-0.668111206909028
"S",440,"A","S440A",0.898446174589989
"S",440,"C","S440C",-0.263637424653113
"S",440,"D","S440D",0.0181126279932777
"S",440,"E","S440E",-0.307410076824562
"S",440,"F","S440F",1.29318520738115
"S",440,"G","S440G",0.0491927975132815
"S",440,"H","S440H",-0.604251113739742
"S",440,"I","S440I",0.10834483562407
"S",440,"K","S440K",0.307492030555577
"S",440,"L","S440L",1.01250017061917
"S",440,"M","S440M",0.695061731760417
"S",440,"N","S440N",1.09012600066793
"S",440,"P","S440P",0.0310321199543944
"S",440,"Q","S440Q",0.583897818555232
"S",440,"R","S440R",0.829748587126994
"S",440,"T","S440T",0.281043854249216
"S",440,"V","S440V",0.803975734314743
"S",440,"W","S440W",0.447880450929274
"S",440,"Y","S440Y",0.401604227307062
"L",441,"A","L441A",0.229012931174196
"L",441,"C","L441C",-0.125451942164025
"L",441,"D","L441D",1.11216288731858
"L",441,"E","L441E",0.0783676540584549
"L",441,"F","L441F",0.843068316680223
"L",441,"G","L441G",0.751384486804177
"L",441,"H","L441H",0.0142865533275661
"L",441,"I","L441I",-0.0480398683860276
"L",441,"K","L441K",-0.226219584198284
"L",441,"M","L441M",0.368208102399691
"L",441,"N","L441N",-0.288431284977017
"L",441,"P","L441P",0.229624530667214
"L",441,"Q","L441Q",-0.617699703100711
"L",441,"R","L441R",-0.262503518896174
"L",441,"S","L441S",1.06689522848811
"L",441,"T","L441T",0.457256195208025
"L",441,"V","L441V",0.286478720881381
"L",441,"W","L441W",-0.135693289891574
"L",441,"Y","L441Y",0.21523760484703
"S",442,"A","S442A",0.437035615464204
"S",442,"C","S442C",-0.603799185450905
"S",442,"D","S442D",0.25187494390192
"S",442,"E","S442E",0.000754916290804561
"S",442,"F","S442F",0.269169696011988
"S",442,"G","S442G",0.0751887299155124
"S",442,"H","S442H",-0.00905146708606572
"S",442,"I","S442I",0.342353251369541
"S",442,"K","S442K",-0.30647620220622
"S",442,"L","S442L",0.924850364671292
"S",442,"M","S442M",0.680097367472688
"S",442,"N","S442N",0.889795819419524
"S",442,"P","S442P",1.05085075568673
"S",442,"Q","S442Q",0.466831227338253
"S",442,"R","S442R",0.95169909169248
"S",442,"T","S442T",-0.474785517202498
"S",442,"V","S442V",0.426185831374135
"S",442,"W","S442W",0.656713315611291
"S",442,"Y","S442Y",0.300391658281376
"L",443,"A","L443A",-0.00519179180725373
"L",443,"C","L443C",0.124544526862319
"L",443,"D","L443D",0.878448650058825
"L",443,"E","L443E",0.531429997851144
"L",443,"F","L443F",0.287896108224603
"L",443,"G","L443G",0.0839355093246117
"L",443,"H","L443H",0.576832231133053
"L",443,"I","L443I",0.984068431599812
"L",443,"K","L443K",-0.432594662869842
"L",443,"M","L443M",1.08586963618435
"L",443,"N","L443N",0.496257982029944
"L",443,"P","L443P",0.839838954230489
"L",443,"Q","L443Q",0.0842005523698153
"L",443,"R","L443R",0.443357123781493
"L",443,"S","L443S",0.555638379225026
"L",443,"T","L443T",0.889137346041452
"L",443,"V","L443V",0.731050623020377
"L",443,"W","L443W",0.543313191851164
"L",443,"Y","L443Y",0.262806341554426
"S",444,"A","S444A",-0.276347312460822
"S",444,"C","S444C",0.159984861790514
"S",444,"D","S444D",0.211818634697346
"S",444,"E","S444E",0.0480452002863376
"S",444,"F","S444F",0.355557204962758
"S",444,"G","S444G",1.04648888379073
"S",444,"H","S444H",0.786383790708531
"S",444,"I","S444I",-0.486008981820392
"S",444,"K","S444K",0.0791529206065342
"S",444,"L","S444L",0.726985224063572
"S",444,"M","S444M",0.949554667613386
"S",444,"N","S444N",0.504294095621013
"S",444,"P","S444P",-0.231087201890099
"S",444,"Q","S444Q",0.266619001206304
"S",444,"R","S444R",0.483228377630364
"S",444,"T","S444T",0.0567295746343291
"S",444,"V","S444V",0.663781733722571
"S",444,"W","S444W",-0.172791615995767
"S",444,"Y","S444Y",0.670719408500309
"P",445,"A","P445A",0.553767593783409
"P",445,"C","P445C",-0.0862533927746842
"P",445,"D","P445D",0.0846544020650259
"P",445,"E","P445E",0.668259871708012
"P",445,"F","P445F",0.565648818301747
"P",445,"G","P445G",0.917016011511122
"P",445,"H","P445H",0.014423907697469
"P",445,"I","P445I",-0.0924208998745352
"P",445,"K","P445K",-0.278838460249907
"P",445,"L","P445L",0.457087128067003
"P",445,"M","P445M",0.0248259188355273
"P",445,"N","P445N",0.232283234349192
"P",445,"Q","P445Q",-0.139590894954151
"P",445,"R","P445R",1.39648546313675
"P",445,"S","P445S",0.542598427762843
"P",445,"V","P445V",0.923086851114115
"P",445,"W","P445W",0.90372604255768
"P",445,"Y","P445Y",-0.0273721584939741
"G",446,"A","G446A",0.0221907998632309
"G",446,"C","G446C",0.0461212844853679
"G",446,"D","G446D",0.0902283223931625
"G",446,"E","G446E",0.421150217405475
"G",446,"F","G446F",-0.562553090174813
"G",446,"H","G446H",0.357466778779189
"G",446,"I","G446I",0.82040012511941
"G",446,"K","G446K",-0.0232891861463261
"G",446,"L","G446L",-1.05031044741096
"G",446,"M","G446M",0.369412857047164
"G",446,"N","G446N",0.133517161472647
"G",446,"P","G446P",-1.19872062338772
"G",446,"Q","G446Q",1.12902835628417
"G",446,"R","G446R",0.0858288756838793
"G",446,"S","G446S",-0.40762473220798
"G",446,"T","G446T",0.29581322763992
"G",446,"V","G446V",0.0920001217865029
"G",446,"W","G446W",0.349170497987417
"G",446,"Y","G446Y",-0.155870346403303
"K",447,"A","K447A",0.738543516065684
"K",447,"C","K447C",1.13813346330932
"K",447,"D","K447D",0.0678681337025649
"K",447,"E","K447E",0.256164071004679
"K",447,"F","K447F",0.844100559099617
"K",447,"G","K447G",0.883038955360875
"K",447,"H","K447H",-0.113177882122014
"K",447,"I","K447I",0.788666598503519
"K",447,"L","K447L",0.495924008256438
"K",447,"M","K447M",0.161973007450313
"K",447,"N","K447N",0.323505904684731
"K",447,"P","K447P",1.06286140144487
"K",447,"Q","K447Q",-0.0231244366492101
"K",447,"R","K447R",-0.0651848259867007
"K",447,"S","K447S",0.358640966625317
"K",447,"T","K447T",0.552197330533181
"K",447,"V","K447V",0.472210259905233
"K",447,"W","K447W",0.891145054095961
"K",447,"Y","K447Y",0.149286578022932
