"wildtype","site","mutation","name","scaledscore"
"E",216,"A","E216A",-0.117634067407816
"E",216,"C","E216C",0.0221623137348724
"E",216,"D","E216D",0.05683190011275
"E",216,"F","E216F",-0.506479387564355
"E",216,"G","E216G",-0.293357724425789
"E",216,"H","E216H",-0.347342604981871
"E",216,"I","E216I",0.201285417629721
"E",216,"K","E216K",-0.0357209120274968
"E",216,"L","E216L",-0.237339384228051
"E",216,"M","E216M",-0.254962420491537
"E",216,"N","E216N",-0.0793592825219836
"E",216,"P","E216P",0.0533727468194924
"E",216,"Q","E216Q",-0.0253336602607464
"E",216,"R","E216R",-0.0359201987159017
"E",216,"S","E216S",-0.272411260536859
"E",216,"T","E216T",-0.190630545550157
"E",216,"V","E216V",0.176670148643847
"E",216,"W","E216W",-0.107172759962415
"E",216,"Y","E216Y",-0.125706241499009
"P",217,"A","P217A",0.315572344661377
"P",217,"C","P217C",0.0658660940309421
"P",217,"D","P217D",-0.0939621415196626
"P",217,"E","P217E",0.126809658467405
"P",217,"F","P217F",-0.106735870399886
"P",217,"G","P217G",0.0439400788898818
"P",217,"H","P217H",-0.177561816010615
"P",217,"I","P217I",0.265529403969024
"P",217,"K","P217K",-0.181082994312159
"P",217,"L","P217L",0.854948881602835
"P",217,"M","P217M",0.0196406249225922
"P",217,"N","P217N",0.0696691137138669
"P",217,"Q","P217Q",0.210711646638239
"P",217,"R","P217R",-0.0783094607298463
"P",217,"S","P217S",0.148110110533009
"P",217,"T","P217T",0.175216379458223
"P",217,"V","P217V",0.211824550876617
"P",217,"W","P217W",0.500248185701995
"P",217,"Y","P217Y",-0.112657340678878
"K",218,"A","K218A",0.104365432303388
"K",218,"C","K218C",0.214043612465667
"K",218,"D","K218D",0.211760456350511
"K",218,"E","K218E",-0.00619968808836318
"K",218,"F","K218F",-0.253899402182065
"K",218,"G","K218G",0.488887701633229
"K",218,"H","K218H",0.187293098834498
"K",218,"I","K218I",0.986679999103245
"K",218,"L","K218L",0.336413623361602
"K",218,"M","K218M",0.0775992089711759
"K",218,"N","K218N",0.0436279277277276
"K",218,"P","K218P",0.0195838689323413
"K",218,"Q","K218Q",0.429904217746528
"K",218,"R","K218R",-0.193204885268173
"K",218,"S","K218S",0.300988501083448
"K",218,"T","K218T",-0.262861720977362
"K",218,"V","K218V",0.293318942974138
"K",218,"W","K218W",0.1364028366381
"K",218,"Y","K218Y",0.470291643038988
"S",219,"A","S219A",-0.0244672198487634
"S",219,"C","S219C",-0.120248692166711
"S",219,"D","S219D",0.186412858615378
"S",219,"E","S219E",0.562110955636343
"S",219,"F","S219F",0.341672223546842
"S",219,"G","S219G",0.341443846292038
"S",219,"H","S219H",-0.0674930142936316
"S",219,"I","S219I",0.23300573232886
"S",219,"K","S219K",0.103069896583448
"S",219,"L","S219L",0.23259786491286
"S",219,"M","S219M",-0.445245535625993
"S",219,"N","S219N",0.185125587996436
"S",219,"P","S219P",-0.417188396720391
"S",219,"Q","S219Q",0.35066399607839
"S",219,"R","S219R",-0.193650850330875
"S",219,"T","S219T",-0.0256490906416056
"S",219,"V","S219V",-0.180510987714659
"S",219,"W","S219W",-0.0805469498445936
"S",219,"Y","S219Y",-0.119660517017728
"C",220,"A","C220A",-0.573033876312418
"C",220,"D","C220D",0.0848394013102253
"C",220,"E","C220E",-0.163491434874303
"C",220,"F","C220F",0.192956612859833
"C",220,"G","C220G",-0.0344483321539151
"C",220,"H","C220H",0.13415873842972
"C",220,"I","C220I",-0.731969287258723
"C",220,"K","C220K",-1.27115472887772
"C",220,"L","C220L",0.0275110018395253
"C",220,"M","C220M",-0.661375854294644
"C",220,"N","C220N",0.0930290757751086
"C",220,"P","C220P",-0.182729728054319
"C",220,"Q","C220Q",-0.216668741295155
"C",220,"R","C220R",-0.133818400930807
"C",220,"S","C220S",0.0600254757386306
"C",220,"T","C220T",1.1096977462684
"C",220,"V","C220V",0.00723514373311026
"C",220,"W","C220W",-0.291827651948445
"C",220,"Y","C220Y",-0.110808442808002
"D",221,"A","D221A",-0.066570209806255
"D",221,"C","D221C",-0.154506280699247
"D",221,"E","D221E",0.0750403480283455
"D",221,"F","D221F",-0.737950590603602
"D",221,"G","D221G",-0.248728679318622
"D",221,"H","D221H",-0.127736307440968
"D",221,"I","D221I",-0.02081803303768
"D",221,"K","D221K",-0.150560888406905
"D",221,"L","D221L",0.0708009147665251
"D",221,"M","D221M",-0.223002186019952
"D",221,"N","D221N",-0.658489029424215
"D",221,"P","D221P",0.362802235816123
"D",221,"Q","D221Q",-0.572830775684443
"D",221,"R","D221R",-0.0898360721564833
"D",221,"S","D221S",0.511176729346979
"D",221,"T","D221T",-0.183874857616348
"D",221,"V","D221V",0.300971062092288
"D",221,"W","D221W",-0.185942268387383
"D",221,"Y","D221Y",0.266037498239381
"K",222,"A","K222A",0.362680568396288
"K",222,"C","K222C",0.0564219356104617
"K",222,"D","K222D",0.378220327654779
"K",222,"E","K222E",0.438355815392188
"K",222,"F","K222F",0.268513228157544
"K",222,"G","K222G",0.207715789522203
"K",222,"H","K222H",0.128485055700647
"K",222,"I","K222I",0.00165118204837429
"K",222,"L","K222L",0.24498006942011
"K",222,"M","K222M",0.383971493558165
"K",222,"N","K222N",0.0603277614496375
"K",222,"P","K222P",0.931944706499968
"K",222,"Q","K222Q",0.248534791852312
"K",222,"R","K222R",0.400323451200396
"K",222,"S","K222S",0.332115712476498
"K",222,"T","K222T",0.0136287239276356
"K",222,"V","K222V",0.055410576300527
"K",222,"W","K222W",0.117261372689185
"K",222,"Y","K222Y",-0.304376441279898
"T",223,"A","T223A",-0.370025603363778
"T",223,"C","T223C",0.401534190727015
"T",223,"D","T223D",0.605494511674809
"T",223,"E","T223E",0.0250655393377252
"T",223,"F","T223F",-0.372674490119149
"T",223,"G","T223G",0.229447807113947
"T",223,"H","T223H",-0.0806487082654823
"T",223,"I","T223I",0.201838831379017
"T",223,"K","T223K",-0.0156978123537641
"T",223,"L","T223L",0.279852356007548
"T",223,"M","T223M",0.110385131182651
"T",223,"N","T223N",0.0784739762717484
"T",223,"P","T223P",0.347592126983591
"T",223,"Q","T223Q",0.114197668949568
"T",223,"R","T223R",-0.19482030694177
"T",223,"S","T223S",-0.169224828604009
"T",223,"V","T223V",0.0961884642803519
"T",223,"W","T223W",0.337260683288635
"T",223,"Y","T223Y",0.126710820968689
"H",224,"A","H224A",-0.48375261817795
"H",224,"C","H224C",-0.0448575320197057
"H",224,"D","H224D",0.680287401092891
"H",224,"E","H224E",0.500090256640955
"H",224,"F","H224F",-0.0223362444742966
"H",224,"G","H224G",0.0974186188148143
"H",224,"I","H224I",0.0299729811113737
"H",224,"K","H224K",-0.0256265241864383
"H",224,"L","H224L",0.220840217099976
"H",224,"M","H224M",0.213671380782773
"H",224,"N","H224N",-0.0239395986594143
"H",224,"P","H224P",0.18324895051955
"H",224,"Q","H224Q",0.423749367425393
"H",224,"R","H224R",-0.0470454830628185
"H",224,"S","H224S",0.0202150078248544
"H",224,"T","H224T",0.023912050037537
"H",224,"V","H224V",0.0743612552005985
"H",224,"W","H224W",0.134103238091014
"H",224,"Y","H224Y",-0.122558707841491
"T",225,"A","T225A",0.134976573598236
"T",225,"C","T225C",-0.0152517669746239
"T",225,"D","T225D",0.391725401161962
"T",225,"E","T225E",0.116754459483224
"T",225,"F","T225F",-0.146483459422305
"T",225,"G","T225G",1.11377545921515
"T",225,"H","T225H",-0.218359490787372
"T",225,"I","T225I",0.209056313624768
"T",225,"K","T225K",0.00662073700095641
"T",225,"L","T225L",0.619728234639909
"T",225,"M","T225M",0.302493196035977
"T",225,"N","T225N",-0.0465307928512661
"T",225,"P","T225P",-0.0222930085925628
"T",225,"Q","T225Q",0.348836616903055
"T",225,"S","T225S",-0.143329367381499
"T",225,"V","T225V",0.201322351468902
"T",225,"W","T225W",-0.514565903618959
"T",225,"Y","T225Y",0.0130340253612657
"C",226,"A","C226A",-0.387246079153664
"C",226,"D","C226D",-0.423729584477249
"C",226,"E","C226E",0.0312677672295193
"C",226,"F","C226F",-0.00292457501370065
"C",226,"G","C226G",-0.774038589778635
"C",226,"H","C226H",-0.135587918910432
"C",226,"I","C226I",-0.444848031300448
"C",226,"K","C226K",-0.192346510785718
"C",226,"L","C226L",-0.152020323367234
"C",226,"M","C226M",-0.24860924821052
"C",226,"N","C226N",-0.165521712460198
"C",226,"P","C226P",-0.165861146606462
"C",226,"Q","C226Q",-0.843458389422795
"C",226,"R","C226R",-0.03128806826843
"C",226,"S","C226S",-0.226191018028959
"C",226,"T","C226T",-0.122280964692624
"C",226,"V","C226V",-0.164783114216714
"C",226,"W","C226W",0.513446365883492
"C",226,"Y","C226Y",-0.239240121642212
"P",227,"A","P227A",0.0764260088369073
"P",227,"C","P227C",-0.154732686119824
"P",227,"D","P227D",-0.501286183939204
"P",227,"E","P227E",0.372518072054767
"P",227,"F","P227F",-0.221863912113566
"P",227,"G","P227G",0.0925208026707639
"P",227,"H","P227H",0.130430705068076
"P",227,"I","P227I",0.10445325200922
"P",227,"K","P227K",-0.453205309034025
"P",227,"L","P227L",0.0524974344365201
"P",227,"M","P227M",-0.149856135976223
"P",227,"N","P227N",-0.292893924696077
"P",227,"Q","P227Q",0.284019589063273
"P",227,"R","P227R",-0.915807768475923
"P",227,"S","P227S",0.35182047603553
"P",227,"T","P227T",-0.251243204522337
"P",227,"V","P227V",-0.0750204891761283
"P",227,"W","P227W",-0.0438510963995765
"P",227,"Y","P227Y",0.0490463109395209
"P",228,"A","P228A",-0.062639318959164
"P",228,"C","P228C",-0.229354097683163
"P",228,"D","P228D",-0.120549135293327
"P",228,"E","P228E",0.00777990766556709
"P",228,"F","P228F",-0.187857529871058
"P",228,"G","P228G",-0.0525727978657887
"P",228,"H","P228H",-1.08702683975641
"P",228,"I","P228I",-0.187113339017711
"P",228,"K","P228K",-0.178107213173226
"P",228,"L","P228L",0.527231509450426
"P",228,"M","P228M",0.0571882486723929
"P",228,"N","P228N",-0.374283879787525
"P",228,"Q","P228Q",-0.293186756626586
"P",228,"R","P228R",-0.0357062188285683
"P",228,"S","P228S",0.321280991675512
"P",228,"T","P228T",-0.207004069060809
"P",228,"V","P228V",-0.21477464296739
"P",228,"W","P228W",-0.150514516981652
"P",228,"Y","P228Y",0.148595576587931
"C",229,"A","C229A",-0.347658871527919
"C",229,"D","C229D",-0.934211798093443
"C",229,"E","C229E",-0.657107559231734
"C",229,"F","C229F",0.0610676470421522
"C",229,"G","C229G",-0.758366445847603
"C",229,"H","C229H",-0.501751595292023
"C",229,"I","C229I",0.172894688129099
"C",229,"K","C229K",-1.59405263159141
"C",229,"L","C229L",-1.96537372186338
"C",229,"M","C229M",-0.371751005164774
"C",229,"N","C229N",-0.360840119043072
"C",229,"P","C229P",-0.285711868713553
"C",229,"Q","C229Q",-0.484864392134707
"C",229,"R","C229R",-0.547127409806521
"C",229,"S","C229S",-2.11878250582888
"C",229,"T","C229T",-1.91275751804433
"C",229,"V","C229V",-0.301168239478583
"C",229,"W","C229W",-0.220789361619214
"C",229,"Y","C229Y",-0.00423458640318754
"P",230,"A","P230A",-0.173168092493284
"P",230,"C","P230C",-0.276259352206148
"P",230,"D","P230D",0.129897917665252
"P",230,"E","P230E",0.0806604876951773
"P",230,"F","P230F",0.255112950860229
"P",230,"G","P230G",0.158043845555078
"P",230,"H","P230H",0.0678671764615827
"P",230,"I","P230I",-0.273434702015745
"P",230,"K","P230K",-0.273290226369665
"P",230,"L","P230L",-0.104997055097683
"P",230,"M","P230M",0.820891250555251
"P",230,"N","P230N",-0.471954672433807
"P",230,"Q","P230Q",-0.0142023171226193
"P",230,"R","P230R",-0.450586841214098
"P",230,"S","P230S",0.0970415214755528
"P",230,"T","P230T",-0.120201158290692
"P",230,"V","P230V",-0.380348030143825
"P",230,"W","P230W",0.597568227178204
"P",230,"Y","P230Y",-0.308613263365254
"A",231,"C","A231C",0.00970586331187224
"A",231,"D","A231D",-1.85761533868386
"A",231,"E","A231E",1.76057329225412
"A",231,"F","A231F",-0.10978039582737
"A",231,"G","A231G",-0.0820641968633226
"A",231,"H","A231H",0.948244242145709
"A",231,"I","A231I",0.52816695345596
"A",231,"K","A231K",0.357989455645286
"A",231,"L","A231L",-0.540627897274124
"A",231,"M","A231M",0.0807556486138127
"A",231,"N","A231N",-0.493265189606766
"A",231,"P","A231P",-0.561912672141358
"A",231,"Q","A231Q",0.277881216463264
"A",231,"R","A231R",-0.114991771654581
"A",231,"S","A231S",0.00962226562220878
"A",231,"T","A231T",0.0943179021806173
"A",231,"V","A231V",0.258644054491999
"A",231,"W","A231W",-0.126302027684846
"A",231,"Y","A231Y",-0.117626409947026
"P",232,"A","P232A",-0.253690629405155
"P",232,"C","P232C",-0.31912672852193
"P",232,"D","P232D",0.113203765911154
"P",232,"E","P232E",-0.637800770707457
"P",232,"F","P232F",-0.569316692666579
"P",232,"G","P232G",-0.340360214703731
"P",232,"H","P232H",-0.166787276824733
"P",232,"I","P232I",-0.172530604283789
"P",232,"K","P232K",-0.564640892487595
"P",232,"L","P232L",0.0386281567327121
"P",232,"M","P232M",-0.209532994598216
"P",232,"N","P232N",0.200582751192026
"P",232,"Q","P232Q",0.270255003786478
"P",232,"R","P232R",-1.2033046995418
"P",232,"S","P232S",-0.283137545026116
"P",232,"T","P232T",-0.166101021181284
"P",232,"V","P232V",0.086109167558807
"P",232,"W","P232W",-0.319238238324917
"P",232,"Y","P232Y",-0.00638914831706944
"E",233,"A","E233A",-0.556545557235567
"E",233,"C","E233C",-0.973536001214008
"E",233,"D","E233D",0.0080092006627234
"E",233,"F","E233F",-3.43614249279853
"E",233,"G","E233G",-1.77350256385451
"E",233,"H","E233H",-2.63052605404822
"E",233,"I","E233I",-1.08635121751481
"E",233,"K","E233K",-1.3276538107572
"E",233,"L","E233L",0.102572489865257
"E",233,"M","E233M",-0.341047834896432
"E",233,"N","E233N",0.112266652215646
"E",233,"P","E233P",-0.256974036633805
"E",233,"Q","E233Q",-0.472071394005984
"E",233,"R","E233R",-2.39388135602001
"E",233,"S","E233S",-0.946231512650712
"E",233,"T","E233T",-0.988134981339289
"E",233,"V","E233V",-1.28423044881206
"E",233,"W","E233W",-1.93061262981117
"E",233,"Y","E233Y",-1.22776631990168
"L",234,"A","L234A",-0.484581565843015
"L",234,"C","L234C",-1.69045007825586
"L",234,"D","L234D",-0.234810196734909
"L",234,"E","L234E",-0.248579207719791
"L",234,"F","L234F",-1.14093943947669
"L",234,"G","L234G",-1.86468780967243
"L",234,"H","L234H",-0.621749206455258
"L",234,"I","L234I",-0.284353714588015
"L",234,"K","L234K",-1.27258133392291
"L",234,"M","L234M",-0.299241153307592
"L",234,"N","L234N",-0.384465980317056
"L",234,"P","L234P",-0.335965775549645
"L",234,"Q","L234Q",-0.912067255140821
"L",234,"R","L234R",-2.57506966964074
"L",234,"S","L234S",-0.682807648287651
"L",234,"T","L234T",-0.272639695751828
"L",234,"W","L234W",-0.463463178047395
"L",234,"Y","L234Y",0.78823003789009
"L",235,"A","L235A",-0.224353283021302
"L",235,"C","L235C",-2.80715893862185
"L",235,"D","L235D",-0.516157751000861
"L",235,"E","L235E",-0.217879666656889
"L",235,"F","L235F",-1.4759886978451
"L",235,"G","L235G",-1.85449739450888
"L",235,"H","L235H",-1.21883609277816
"L",235,"I","L235I",-0.234777305416775
"L",235,"K","L235K",-2.64289178378801
"L",235,"M","L235M",-0.410606038475704
"L",235,"N","L235N",-0.461274392866677
"L",235,"P","L235P",-0.362071745172225
"L",235,"Q","L235Q",-0.224001426010274
"L",235,"R","L235R",-2.07928904120201
"L",235,"S","L235S",-0.38053830886717
"L",235,"T","L235T",-0.166013149289344
"L",235,"V","L235V",-0.38160788180771
"L",235,"W","L235W",-0.263942333777884
"L",235,"Y","L235Y",-1.50000508450537
"G",236,"A","G236A",0.32997383587798
"G",236,"C","G236C",-3.42622538610513
"G",236,"D","G236D",-0.0426491118267106
"G",236,"E","G236E",-0.155593626028072
"G",236,"F","G236F",-1.22152431835341
"G",236,"H","G236H",-2.38455668317061
"G",236,"I","G236I",-2.3280256243981
"G",236,"K","G236K",-2.42370658074813
"G",236,"L","G236L",-0.625044218099583
"G",236,"M","G236M",-3.17711554749215
"G",236,"N","G236N",-0.15403277624207
"G",236,"P","G236P",-0.74508574826443
"G",236,"Q","G236Q",-2.22836313513802
"G",236,"R","G236R",-3.39731840026278
"G",236,"S","G236S",-0.488051810213666
"G",236,"T","G236T",-2.64530992907039
"G",236,"V","G236V",-1.28545446004295
"G",236,"W","G236W",0.655634624795262
"G",236,"Y","G236Y",-0.869840636201328
"G",237,"A","G237A",-3.80858681607264
"G",237,"C","G237C",-1.86769620490481
"G",237,"D","G237D",-1.76411004451235
"G",237,"E","G237E",-2.0636993388033
"G",237,"F","G237F",-1.37232155063173
"G",237,"H","G237H",-1.85357720679544
"G",237,"I","G237I",-0.363539880085678
"G",237,"K","G237K",-3.4727085533171
"G",237,"L","G237L",-2.05912196586423
"G",237,"M","G237M",-2.83276341956851
"G",237,"N","G237N",-2.94395100319402
"G",237,"P","G237P",-1.7494460922235
"G",237,"Q","G237Q",-2.24968226834608
"G",237,"R","G237R",-1.85166955011377
"G",237,"S","G237S",-2.12925585661714
"G",237,"T","G237T",-1.35622590619447
"G",237,"V","G237V",-2.76505057278521
"G",237,"W","G237W",-2.76473913867956
"G",237,"Y","G237Y",-2.22771628439018
"P",238,"A","P238A",-2.06200755291047
"P",238,"C","P238C",-1.01911098552304
"P",238,"D","P238D",-1.08017596692186
"P",238,"E","P238E",-1.84700431319975
"P",238,"F","P238F",-2.78685954084733
"P",238,"G","P238G",-0.746819332593848
"P",238,"H","P238H",-2.28547094501893
"P",238,"I","P238I",-0.914694956978743
"P",238,"K","P238K",-3.107035525426
"P",238,"L","P238L",-2.34824822041099
"P",238,"M","P238M",-2.7789621462668
"P",238,"N","P238N",-0.814024927466013
"P",238,"Q","P238Q",-1.8139646007815
"P",238,"R","P238R",0.0302407245468172
"P",238,"S","P238S",-0.455909396578675
"P",238,"T","P238T",-1.14666392827774
"P",238,"V","P238V",-1.14896336731373
"P",238,"W","P238W",-2.56977451119986
"P",238,"Y","P238Y",-1.9016289812616
"S",239,"A","S239A",-0.269121259975461
"S",239,"C","S239C",-1.03543562108937
"S",239,"D","S239D",4.27001431536226
"S",239,"E","S239E",3.40797862169362
"S",239,"F","S239F",-2.09857704023383
"S",239,"G","S239G",-4.89701512808373e-05
"S",239,"H","S239H",-2.44890627198125
"S",239,"I","S239I",-0.251171221035356
"S",239,"K","S239K",-2.53062522788433
"S",239,"L","S239L",-0.392945772237621
"S",239,"M","S239M",-0.155074389348373
"S",239,"N","S239N",1.8099873128443
"S",239,"P","S239P",-1.74389328771265
"S",239,"Q","S239Q",-0.561404334318173
"S",239,"R","S239R",-0.0545705715485952
"S",239,"T","S239T",-0.157436219596493
"S",239,"V","S239V",-0.37500078034673
"S",239,"W","S239W",-0.084312734166296
"S",239,"Y","S239Y",-3.02606465534671
"V",240,"A","V240A",0.106010144161871
"V",240,"C","V240C",-0.119223962361138
"V",240,"D","V240D",-0.274002767714639
"V",240,"E","V240E",1.34500211374588
"V",240,"F","V240F",0.27982944162988
"V",240,"G","V240G",-0.136107202700931
"V",240,"H","V240H",-0.979967011885696
"V",240,"I","V240I",-0.0837223865719785
"V",240,"K","V240K",-0.0630093550985814
"V",240,"L","V240L",-0.0292188372359762
"V",240,"M","V240M",-0.0846681625119588
"V",240,"N","V240N",-0.0245761964021835
"V",240,"P","V240P",0.345041678411293
"V",240,"Q","V240Q",0.476492290489106
"V",240,"R","V240R",-0.182574314439099
"V",240,"S","V240S",-0.113917470543269
"V",240,"T","V240T",0.111499899759693
"V",240,"W","V240W",-0.244441737586331
"V",240,"Y","V240Y",-0.645553867975558
"F",241,"A","F241A",-1.35286698769714
"F",241,"C","F241C",-3.5839728183138
"F",241,"D","F241D",-0.414206469511404
"F",241,"E","F241E",-0.144718911913676
"F",241,"G","F241G",-1.81481354434756
"F",241,"H","F241H",-0.0651547755432074
"F",241,"I","F241I",-0.0595773004610708
"F",241,"K","F241K",-2.48490060916674
"F",241,"L","F241L",0.220168299091851
"F",241,"M","F241M",-0.00785348524469934
"F",241,"N","F241N",-0.187010620866973
"F",241,"P","F241P",0.14101598836812
"F",241,"Q","F241Q",-0.39445701424566
"F",241,"R","F241R",-2.08803207866163
"F",241,"S","F241S",-0.561123531892637
"F",241,"T","F241T",-1.17200170943265
"F",241,"V","F241V",-0.600803884937871
"F",241,"W","F241W",-0.110527968761694
"F",241,"Y","F241Y",-0.470727837282888
"L",242,"F","L242F",3.84756914189001
"F",243,"A","F243A",-0.430281308227154
"F",243,"C","F243C",-1.32137395755293
"F",243,"D","F243D",-0.360991977722477
"F",243,"E","F243E",-1.84920136729844
"F",243,"H","F243H",1.63583005864731
"F",243,"I","F243I",-0.311597462252377
"F",243,"K","F243K",-3.27095293315258
"F",243,"L","F243L",-0.248292459589017
"F",243,"M","F243M",-0.344350598220796
"F",243,"N","F243N",-0.442144785697256
"F",243,"P","F243P",0.00219120483854943
"F",243,"Q","F243Q",-0.73136021507688
"F",243,"R","F243R",-2.48294376076282
"F",243,"S","F243S",-1.57401738651268
"F",243,"T","F243T",-0.488105104978074
"F",243,"V","F243V",0.0769133248600837
"F",243,"W","F243W",-0.0406431108010486
"F",243,"Y","F243Y",0.483200960972659
"P",244,"A","P244A",0.346098733486138
"P",244,"C","P244C",1.0751451476053
"P",244,"D","P244D",-0.113965888063096
"P",244,"E","P244E",0.155436850465473
"P",244,"F","P244F",1.6339633933417
"P",244,"G","P244G",0.68874092311302
"P",244,"H","P244H",0.997415657917423
"P",244,"I","P244I",-0.320413636610777
"P",244,"K","P244K",-0.382890920975323
"P",244,"L","P244L",1.57588477146504
"P",244,"M","P244M",0.0935502403128707
"P",244,"N","P244N",-0.0212067503887806
"P",244,"Q","P244Q",-0.0182583505140839
"P",244,"R","P244R",0.135469707208505
"P",244,"S","P244S",-0.0195131163894357
"P",244,"T","P244T",-0.125877511047002
"P",244,"V","P244V",0.238683873741727
"P",244,"W","P244W",1.14779560445578
"P",244,"Y","P244Y",1.21187103122906
"P",245,"A","P245A",1.54285244247172
"P",245,"C","P245C",1.70120790138769
"P",245,"D","P245D",-0.0380746577119039
"P",245,"E","P245E",-0.496235718631681
"P",245,"F","P245F",0.0641139487608079
"P",245,"G","P245G",0.32018036301148
"P",245,"H","P245H",-0.0474308956555951
"P",245,"I","P245I",-0.171528864843117
"P",245,"K","P245K",0.210049213528125
"P",245,"L","P245L",-0.0826218533873233
"P",245,"M","P245M",0.488022739915415
"P",245,"N","P245N",-1.66368910990704
"P",245,"Q","P245Q",0.155442476549476
"P",245,"R","P245R",-0.0943765062518275
"P",245,"S","P245S",1.0440630658543
"P",245,"T","P245T",1.19275292586403
"P",245,"V","P245V",1.72912662672927
"P",245,"W","P245W",-0.353974073593651
"P",245,"Y","P245Y",-0.114468481243267
"K",246,"A","K246A",0.449417480818174
"K",246,"C","K246C",-0.123730712074623
"K",246,"D","K246D",0.0127362870632544
"K",246,"E","K246E",-0.346785492544012
"K",246,"F","K246F",-0.0259666882473587
"K",246,"G","K246G",0.0221291283569957
"K",246,"H","K246H",0.101431171818856
"K",246,"I","K246I",1.22331543744282
"K",246,"L","K246L",-0.165251542166458
"K",246,"M","K246M",-0.143058770794521
"K",246,"N","K246N",0.140400910288522
"K",246,"P","K246P",2.15806189962006
"K",246,"Q","K246Q",-0.515999765968692
"K",246,"R","K246R",-0.0912958472765528
"K",246,"S","K246S",-0.219443569541766
"K",246,"T","K246T",0.594396316936216
"K",246,"V","K246V",0.887850528782415
"K",246,"W","K246W",0.137375241820649
"K",246,"Y","K246Y",-0.0183718314121118
"P",247,"A","P247A",0.434730290867525
"P",247,"C","P247C",3.99699733990892
"P",247,"D","P247D",2.10621627695876
"P",247,"E","P247E",1.82849819935065
"P",247,"F","P247F",3.56668078890547
"P",247,"G","P247G",-0.0415655938422976
"P",247,"H","P247H",2.38408380873077
"P",247,"I","P247I",2.1335278070492
"P",247,"K","P247K",1.00492051565518
"P",247,"L","P247L",2.87260008908136
"P",247,"M","P247M",1.48679356275725
"P",247,"N","P247N",2.76068261777591
"P",247,"Q","P247Q",0.659147508001126
"P",247,"R","P247R",0.45376116405688
"P",247,"S","P247S",1.26430136337416
"P",247,"T","P247T",1.54814412252996
"P",247,"V","P247V",2.39524162044457
"P",247,"W","P247W",1.62798753118167
"P",247,"Y","P247Y",2.7779229578098
"K",248,"A","K248A",-0.441266665691783
"K",248,"C","K248C",0.153562521328682
"K",248,"D","K248D",-0.118267923107414
"K",248,"E","K248E",0.323208152849624
"K",248,"F","K248F",-0.0172988263061459
"K",248,"G","K248G",-0.0679630857577737
"K",248,"H","K248H",0.0783073214798989
"K",248,"I","K248I",1.07562156433132
"K",248,"L","K248L",-0.792437963966826
"K",248,"M","K248M",-0.384031525530486
"K",248,"N","K248N",-0.0300080503593787
"K",248,"P","K248P",0.0588424786276487
"K",248,"Q","K248Q",-0.270026373243057
"K",248,"R","K248R",-0.119519447133055
"K",248,"S","K248S",0.0578003351095874
"K",248,"T","K248T",0.337920231558056
"K",248,"V","K248V",1.3382237756238
"K",248,"W","K248W",0.0546282129656188
"K",248,"Y","K248Y",-0.08021929845656
"D",249,"A","D249A",0.193499508331378
"D",249,"C","D249C",0.465131227449386
"D",249,"E","D249E",1.50975043372642
"D",249,"F","D249F",0.287524988520785
"D",249,"G","D249G",0.104188790076904
"D",249,"H","D249H",0.0910324184698758
"D",249,"I","D249I",0.0329437181432658
"D",249,"K","D249K",-0.256863034809435
"D",249,"L","D249L",0.903440512230931
"D",249,"M","D249M",0.454161210009379
"D",249,"N","D249N",0.660177537029228
"D",249,"P","D249P",0.902034006415447
"D",249,"Q","D249Q",0.839851386308536
"D",249,"R","D249R",-0.382881694632891
"D",249,"S","D249S",-0.123695391669879
"D",249,"T","D249T",0.203910122751002
"D",249,"V","D249V",0.959094649869517
"D",249,"W","D249W",0.40110598910157
"D",249,"Y","D249Y",0.359669983232287
"T",250,"A","T250A",-0.196658027584389
"T",250,"C","T250C",-0.249918734364428
"T",250,"D","T250D",0.2267548803224
"T",250,"E","T250E",-0.317546718976143
"T",250,"F","T250F",0.532778942903367
"T",250,"G","T250G",-0.0453513775248647
"T",250,"H","T250H",-0.17203729297863
"T",250,"I","T250I",-0.00827632253754466
"T",250,"K","T250K",-0.0064493193039762
"T",250,"L","T250L",-0.318107539365568
"T",250,"M","T250M",-0.0197035777120635
"T",250,"N","T250N",-0.16506027356275
"T",250,"P","T250P",0.420440887068137
"T",250,"Q","T250Q",-0.0369419661410579
"T",250,"R","T250R",0.16930937305532
"T",250,"S","T250S",0.0728670537083132
"T",250,"V","T250V",-0.190231103011468
"T",250,"W","T250W",0.313065726508452
"T",250,"Y","T250Y",1.73292255356892
"L",251,"A","L251A",0.466003096891855
"L",251,"C","L251C",-0.522356810075476
"L",251,"D","L251D",-1.9312336057934
"L",251,"E","L251E",-1.32748103664442
"L",251,"F","L251F",1.66894497815905
"L",251,"G","L251G",-0.400490361170356
"L",251,"H","L251H",-0.0988120749534844
"L",251,"I","L251I",-0.272185445300621
"L",251,"K","L251K",-0.825928151797223
"L",251,"M","L251M",0.64348205115828
"L",251,"N","L251N",0.34895233938419
"L",251,"P","L251P",-0.629736715717664
"L",251,"Q","L251Q",-0.765115912081231
"L",251,"R","L251R",-0.909092523025469
"L",251,"S","L251S",-0.0337814358350846
"L",251,"T","L251T",0.567319508080297
"L",251,"V","L251V",0.681946962299857
"L",251,"W","L251W",2.35230165169375
"L",251,"Y","L251Y",1.22648871020333
"M",252,"A","M252A",0.189349883509708
"M",252,"C","M252C",0.474965164478114
"M",252,"D","M252D",0.200686450475126
"M",252,"E","M252E",-0.0855860800676201
"M",252,"F","M252F",0.0676558600574608
"M",252,"G","M252G",-0.241789360425837
"M",252,"H","M252H",-0.130905651686726
"M",252,"I","M252I",0.295446665678845
"M",252,"K","M252K",0.282555850366166
"M",252,"L","M252L",-0.235621695218493
"M",252,"N","M252N",-0.0638464541140433
"M",252,"P","M252P",-0.460873093256798
"M",252,"Q","M252Q",0.0607673149570745
"M",252,"R","M252R",0.0942580336013067
"M",252,"S","M252S",-0.371538773347797
"M",252,"T","M252T",-0.128724248831858
"M",252,"V","M252V",0.226717851251727
"M",252,"W","M252W",-0.204294932117948
"M",252,"Y","M252Y",-0.638850804635597
"I",253,"A","I253A",-0.044371915053641
"I",253,"C","I253C",-0.832703707406697
"I",253,"D","I253D",0.0605804352546934
"I",253,"E","I253E",0.567938594076581
"I",253,"F","I253F",0.142754355534712
"I",253,"G","I253G",-0.182294723301024
"I",253,"H","I253H",-0.320877323941911
"I",253,"K","I253K",0.20800099198404
"I",253,"L","I253L",0.391693255859832
"I",253,"M","I253M",0.210677266058753
"I",253,"N","I253N",0.15259976200638
"I",253,"P","I253P",-0.986411908401578
"I",253,"Q","I253Q",0.408472278713081
"I",253,"R","I253R",0.174336823447335
"I",253,"S","I253S",0.330567234309756
"I",253,"T","I253T",-0.41427667324564
"I",253,"V","I253V",-0.176662300899657
"I",253,"W","I253W",0.662017917933795
"I",253,"Y","I253Y",0.63883889314624
"S",254,"A","S254A",0.306822920189111
"S",254,"C","S254C",-0.162396507322147
"S",254,"D","S254D",-0.195854025904394
"S",254,"E","S254E",-0.0464223354718624
"S",254,"F","S254F",0.594517826811146
"S",254,"G","S254G",0.0803279859088931
"S",254,"H","S254H",-0.214451841822272
"S",254,"I","S254I",0.0386133676216447
"S",254,"K","S254K",-0.00463384888869023
"S",254,"L","S254L",-0.264968295910754
"S",254,"M","S254M",-0.0105798891897433
"S",254,"N","S254N",0.776931502612146
"S",254,"P","S254P",-0.180936006276175
"S",254,"Q","S254Q",-0.0355589237833522
"S",254,"R","S254R",0.968153529305667
"S",254,"T","S254T",-0.0615064116489914
"S",254,"V","S254V",0.251903536832354
"S",254,"W","S254W",-0.228422497513883
"S",254,"Y","S254Y",-0.0467874246998762
"R",255,"A","R255A",0.302551839347431
"R",255,"C","R255C",0.467493050663776
"R",255,"D","R255D",1.52734269963279
"R",255,"E","R255E",1.74766891601119
"R",255,"F","R255F",0.183784393554018
"R",255,"G","R255G",-0.179254209159741
"R",255,"H","R255H",-0.0226840981958845
"R",255,"I","R255I",1.9690466081465
"R",255,"K","R255K",0.420829538625713
"R",255,"L","R255L",0.700103867738366
"R",255,"M","R255M",1.10188970457173
"R",255,"N","R255N",0.749201230997297
"R",255,"P","R255P",-0.290511552990716
"R",255,"Q","R255Q",0.637273216050115
"R",255,"S","R255S",0.866317758062263
"R",255,"T","R255T",-0.247823584691721
"R",255,"V","R255V",2.46256700400318
"R",255,"W","R255W",0.979175931326765
"R",255,"Y","R255Y",0.440558772370404
"T",256,"A","T256A",0.560109738650702
"T",256,"C","T256C",-0.3299435494996
"T",256,"D","T256D",-0.164652915840653
"T",256,"E","T256E",0.139650301492097
"T",256,"F","T256F",0.189761121003419
"T",256,"G","T256G",0.427764058067366
"T",256,"H","T256H",-0.0366657140289004
"T",256,"I","T256I",0.137939586863551
"T",256,"K","T256K",0.0972377444904949
"T",256,"L","T256L",0.951228644084967
"T",256,"M","T256M",-0.0457932916931875
"T",256,"N","T256N",0.159617518225801
"T",256,"P","T256P",0.630445515177441
"T",256,"Q","T256Q",0.107006888723999
"T",256,"R","T256R",0.3894676657697
"T",256,"S","T256S",0.208315535432452
"T",256,"V","T256V",-0.296556673105014
"T",256,"W","T256W",0.01040891403917
"T",256,"Y","T256Y",-0.0490807258421529
"P",257,"A","P257A",0.276294941730457
"P",257,"C","P257C",-0.132842655985806
"P",257,"D","P257D",-1.35259142920108
"P",257,"E","P257E",-2.05606443231566
"P",257,"F","P257F",-1.62994026449272
"P",257,"G","P257G",0.0917712518899984
"P",257,"H","P257H",-0.378302075985421
"P",257,"I","P257I",0.433066280981875
"P",257,"K","P257K",-0.219174242173369
"P",257,"L","P257L",-0.278169006051981
"P",257,"M","P257M",-0.332479486494658
"P",257,"N","P257N",-0.376731400138771
"P",257,"Q","P257Q",-0.558493712623527
"P",257,"R","P257R",-0.139737988375299
"P",257,"S","P257S",-0.27941473515029
"P",257,"T","P257T",-0.912202295831496
"P",257,"V","P257V",-0.275090214518902
"P",257,"W","P257W",-3.18358174581208
"P",257,"Y","P257Y",-3.15199215169175
"E",258,"A","E258A",-0.0408058842675371
"E",258,"C","E258C",-0.0581778424118919
"E",258,"D","E258D",0.598025692693519
"E",258,"F","E258F",0.167749081283247
"E",258,"G","E258G",-0.278317783466513
"E",258,"H","E258H",0.463920666480637
"E",258,"I","E258I",1.27712038556883
"E",258,"K","E258K",-0.0842730725411477
"E",258,"L","E258L",1.09844478318116
"E",258,"M","E258M",0.0448134457616618
"E",258,"N","E258N",1.40232146101979
"E",258,"P","E258P",2.21609107331337
"E",258,"Q","E258Q",0.266090523091195
"E",258,"R","E258R",0.743434481530303
"E",258,"S","E258S",0.0603530619131706
"E",258,"T","E258T",0.540298459854381
"E",258,"V","E258V",0.421280048525681
"E",258,"W","E258W",0.386270805146285
"E",258,"Y","E258Y",0.154231591090057
"V",259,"A","V259A",0.657634736432006
"V",259,"C","V259C",0.58909679373535
"V",259,"D","V259D",0.399140357591763
"V",259,"E","V259E",-0.423632030343266
"V",259,"F","V259F",-0.151324091952102
"V",259,"G","V259G",1.26575084691498
"V",259,"H","V259H",0.109933955751923
"V",259,"I","V259I",0.707284566730323
"V",259,"K","V259K",0.136256358452587
"V",259,"L","V259L",0.425688918181817
"V",259,"M","V259M",-0.226909577414592
"V",259,"N","V259N",0.167691292742084
"V",259,"P","V259P",0.150313269340084
"V",259,"Q","V259Q",-0.0724558665903552
"V",259,"R","V259R",-0.361650769367591
"V",259,"S","V259S",1.40567660874929
"V",259,"T","V259T",1.5823339349361
"V",259,"W","V259W",0.122717403933347
"V",259,"Y","V259Y",0.2319769150909
"T",260,"A","T260A",-0.0936791237460846
"T",260,"C","T260C",-0.672974624826216
"T",260,"D","T260D",-0.32035314243982
"T",260,"E","T260E",0.515469980829124
"T",260,"F","T260F",0.757461681774879
"T",260,"G","T260G",-0.0401559746335007
"T",260,"H","T260H",-0.00979552888108199
"T",260,"I","T260I",0.419514362484156
"T",260,"K","T260K",0.637607505344593
"T",260,"L","T260L",0.344852226457134
"T",260,"M","T260M",0.00723076885679033
"T",260,"N","T260N",-0.0163731022719861
"T",260,"P","T260P",-0.130330683939597
"T",260,"Q","T260Q",-0.350722379942958
"T",260,"R","T260R",0.0229927926098481
"T",260,"S","T260S",-0.211826902885584
"T",260,"V","T260V",0.302087114230341
"T",260,"W","T260W",-0.792268813935457
"T",260,"Y","T260Y",-0.0265093093272506
"C",261,"A","C261A",0.133350363313647
"C",261,"D","C261D",-0.768417434277853
"C",261,"E","C261E",-0.145156535535485
"C",261,"F","C261F",-0.0525170641816588
"C",261,"G","C261G",0.420537839922588
"C",261,"H","C261H",-0.15115012743885
"C",261,"I","C261I",-0.139771846463446
"C",261,"K","C261K",-0.906477435640535
"C",261,"L","C261L",-0.137665033754288
"C",261,"M","C261M",0.29073058705876
"C",261,"N","C261N",-0.0270343311690255
"C",261,"P","C261P",-0.238261787254008
"C",261,"Q","C261Q",-0.77174555971586
"C",261,"R","C261R",-0.993495109361693
"C",261,"S","C261S",-0.122539320656302
"C",261,"T","C261T",0.15960131806521
"C",261,"V","C261V",0.214897347540035
"C",261,"W","C261W",-0.383483623641299
"C",261,"Y","C261Y",-0.386752987435303
"V",262,"A","V262A",-0.0591996889678423
"V",262,"C","V262C",-0.34795626354135
"V",262,"D","V262D",-0.144705582378527
"V",262,"E","V262E",-2.40389139048399
"V",262,"F","V262F",-0.520656070360889
"V",262,"G","V262G",-1.10437594319985
"V",262,"H","V262H",0.0867722854470058
"V",262,"I","V262I",-0.291993985872191
"V",262,"K","V262K",-1.42611864098569
"V",262,"L","V262L",-0.123345667571186
"V",262,"M","V262M",-0.822473230128719
"V",262,"N","V262N",0.455892108602232
"V",262,"P","V262P",0.189183837159977
"V",262,"Q","V262Q",-0.909138733249294
"V",262,"R","V262R",-0.573076781676762
"V",262,"S","V262S",-0.143072537614274
"V",262,"T","V262T",0.243761588485059
"V",262,"W","V262W",-0.0640291804333552
"V",262,"Y","V262Y",0.933734179106814
"V",263,"A","V263A",-0.169977024414706
"V",263,"C","V263C",0.198151584803206
"V",263,"D","V263D",-1.00314791204839
"V",263,"E","V263E",-3.50054776560659
"V",263,"F","V263F",-2.21947815069751
"V",263,"G","V263G",-0.244551256677578
"V",263,"H","V263H",-2.24583901259142
"V",263,"I","V263I",-0.196588906710303
"V",263,"K","V263K",-3.12839702869139
"V",263,"L","V263L",-0.278712583674633
"V",263,"M","V263M",-0.101033713306719
"V",263,"N","V263N",-2.69022405965818
"V",263,"P","V263P",-0.683987589661813
"V",263,"Q","V263Q",-2.27232050951916
"V",263,"R","V263R",-2.50669300466139
"V",263,"S","V263S",0.0755977361968849
"V",263,"T","V263T",0.104641204904297
"V",263,"W","V263W",-3.46247657820455
"V",263,"Y","V263Y",-3.02583645883906
"V",264,"A","V264A",-0.339536565839511
"V",264,"C","V264C",-0.693225543089923
"V",264,"D","V264D",-2.26081155435056
"V",264,"E","V264E",-2.69754748169722
"V",264,"F","V264F",-1.92719313800677
"V",264,"G","V264G",0.767872048891126
"V",264,"H","V264H",-1.66601052403064
"V",264,"I","V264I",-0.252792571865389
"V",264,"K","V264K",-1.66474843332608
"V",264,"L","V264L",-0.0557498169825181
"V",264,"M","V264M",-1.55348835173854
"V",264,"N","V264N",-0.150178023932817
"V",264,"P","V264P",-2.63422777520215
"V",264,"Q","V264Q",-0.56844447583674
"V",264,"R","V264R",-2.30645319436992
"V",264,"S","V264S",-0.225806708458857
"V",264,"T","V264T",-1.46747321871086
"V",264,"W","V264W",-1.68615324287264
"V",264,"Y","V264Y",-1.82384207368118
"D",265,"A","D265A",-2.31526892537284
"D",265,"C","D265C",-1.66822170670253
"D",265,"E","D265E",-2.19420268065935
"D",265,"F","D265F",-3.63406006752026
"D",265,"G","D265G",-1.61510718420527
"D",265,"H","D265H",-1.8904711171715
"D",265,"I","D265I",-3.15889178496657
"D",265,"K","D265K",-2.29207675504597
"D",265,"L","D265L",-1.61728145837057
"D",265,"M","D265M",-2.43399595629675
"D",265,"N","D265N",-3.82809975291565
"D",265,"P","D265P",-2.38204413844347
"D",265,"Q","D265Q",-3.43026754072733
"D",265,"R","D265R",-5.81934956168434
"D",265,"S","D265S",-2.47528977623453
"D",265,"T","D265T",-2.06286629904163
"D",265,"V","D265V",-2.63322371229593
"D",265,"W","D265W",-1.9134433937985
"D",265,"Y","D265Y",-3.5059033262699
"V",266,"A","V266A",-0.0691570634234858
"V",266,"C","V266C",-3.29964245310898
"V",266,"D","V266D",-3.72619209940402
"V",266,"E","V266E",-3.23333846196776
"V",266,"F","V266F",-2.44953145665978
"V",266,"G","V266G",-1.55303816067057
"V",266,"H","V266H",-2.02976395769569
"V",266,"I","V266I",1.49472439036281
"V",266,"K","V266K",-1.76789116147496
"V",266,"L","V266L",-0.403507444663478
"V",266,"M","V266M",-0.010173607865326
"V",266,"N","V266N",-1.29353927891357
"V",266,"P","V266P",-3.07188656643629
"V",266,"Q","V266Q",-2.58807770940882
"V",266,"R","V266R",-2.48721594462099
"V",266,"S","V266S",-2.47935139134437
"V",266,"T","V266T",-0.0951089032860553
"V",266,"W","V266W",-2.39450847087058
"V",266,"Y","V266Y",-1.55373653761936
"S",267,"A","S267A",1.24293888838433
"S",267,"C","S267C",-1.45012841086835
"S",267,"D","S267D",3.50344850928721
"S",267,"E","S267E",-0.531561867842079
"S",267,"F","S267F",-2.99734062444091
"S",267,"G","S267G",-0.348834309164115
"S",267,"H","S267H",-1.74489252930409
"S",267,"I","S267I",-3.8838053734572
"S",267,"K","S267K",-3.2152293076179
"S",267,"L","S267L",-3.21590003934527
"S",267,"M","S267M",-0.775722172453367
"S",267,"N","S267N",-0.832198070724958
"S",267,"P","S267P",-3.12498150366644
"S",267,"Q","S267Q",-0.20342763722565
"S",267,"R","S267R",-2.76612059995125
"S",267,"T","S267T",-0.709747344781806
"S",267,"V","S267V",-1.65612841111324
"S",267,"W","S267W",-3.17712045005698
"S",267,"Y","S267Y",-1.84044908264557
"H",268,"A","H268A",0.630009301037308
"H",268,"C","H268C",-0.405616926915896
"H",268,"D","H268D",2.77132912842414
"H",268,"E","H268E",2.02603160353941
"H",268,"F","H268F",-0.302713850102472
"H",268,"G","H268G",-0.220209276617707
"H",268,"I","H268I",-0.394172643958527
"H",268,"K","H268K",-0.367277725422247
"H",268,"L","H268L",-0.267759945712948
"H",268,"M","H268M",-0.40545790595785
"H",268,"N","H268N",-0.369504632887231
"H",268,"P","H268P",-0.69945242428805
"H",268,"Q","H268Q",0.464679259719703
"H",268,"R","H268R",-0.346620888498557
"H",268,"S","H268S",1.27664299252956
"H",268,"T","H268T",-0.337719739682941
"H",268,"V","H268V",-0.149128126305365
"H",268,"W","H268W",-0.25509966389064
"H",268,"Y","H268Y",-0.00430381038915462
"E",269,"A","E269A",-1.15787424291039
"E",269,"C","E269C",-2.32452692630083
"E",269,"D","E269D",-0.329234120522764
"E",269,"F","E269F",-2.82416797465029
"E",269,"G","E269G",-1.26507692016647
"E",269,"H","E269H",-0.947124390045054
"E",269,"I","E269I",-1.80642405114624
"E",269,"K","E269K",-3.04454092177401
"E",269,"L","E269L",-1.03127293969256
"E",269,"M","E269M",-1.30554497276938
"E",269,"N","E269N",-1.32854487179186
"E",269,"P","E269P",-1.87179358774607
"E",269,"Q","E269Q",-0.228609123351556
"E",269,"R","E269R",-2.63981231648933
"E",269,"S","E269S",-0.78926386946257
"E",269,"T","E269T",-2.72213157257505
"E",269,"V","E269V",-1.73615213997876
"E",269,"W","E269W",-1.59416391059181
"E",269,"Y","E269Y",-2.07161243551955
"D",270,"A","D270A",-1.53740215937495
"D",270,"C","D270C",-0.407025212206778
"D",270,"E","D270E",0.968801052510727
"D",270,"F","D270F",-3.17571158359533
"D",270,"G","D270G",-1.23783770718741
"D",270,"H","D270H",-2.01530691881412
"D",270,"I","D270I",-0.628290508023139
"D",270,"K","D270K",-3.32316804735109
"D",270,"L","D270L",-0.413840111599993
"D",270,"M","D270M",-0.396156962183148
"D",270,"N","D270N",-4.20000834372776
"D",270,"P","D270P",-2.11720927382464
"D",270,"Q","D270Q",-0.446549855774335
"D",270,"R","D270R",-2.19260109890601
"D",270,"S","D270S",-2.28330998487997
"D",270,"T","D270T",-2.03692111925609
"D",270,"V","D270V",-1.62066113020633
"D",270,"W","D270W",-0.985478815040004
"D",270,"Y","D270Y",-2.28117857249207
"P",271,"A","P271A",-0.0124810732280916
"P",271,"C","P271C",-0.179648084585325
"P",271,"D","P271D",-0.193392030593131
"P",271,"E","P271E",-0.12511960694292
"P",271,"F","P271F",-0.0732036418131622
"P",271,"G","P271G",0.364770939283889
"P",271,"H","P271H",-0.370372229336286
"P",271,"I","P271I",-0.236466133831116
"P",271,"K","P271K",-0.579820495940235
"P",271,"L","P271L",-0.286147191542037
"P",271,"M","P271M",-0.288051534777211
"P",271,"N","P271N",-0.238558431985527
"P",271,"Q","P271Q",-0.546048499082323
"P",271,"R","P271R",-0.566483545788286
"P",271,"S","P271S",-0.193527950040715
"P",271,"T","P271T",-0.587012400130701
"P",271,"V","P271V",-0.283400337048117
"P",271,"W","P271W",-0.196026551027497
"P",271,"Y","P271Y",-0.182690584922184
"E",272,"A","E272A",-0.0450352743574674
"E",272,"C","E272C",-0.199874481870173
"E",272,"D","E272D",0.209803069880759
"E",272,"F","E272F",-0.215321276746356
"E",272,"G","E272G",-0.238250320855408
"E",272,"I","E272I",-0.0844328213326718
"E",272,"K","E272K",0.163999483420074
"E",272,"L","E272L",-0.160638745237162
"E",272,"M","E272M",-0.30763775753545
"E",272,"N","E272N",-0.143281667186629
"E",272,"P","E272P",0.222374021480053
"E",272,"Q","E272Q",-0.0790901990776811
"E",272,"R","E272R",-0.0710748064176563
"E",272,"S","E272S",-0.0625914696487321
"E",272,"T","E272T",-0.400467912675203
"E",272,"V","E272V",-0.0545168012990092
"E",272,"W","E272W",-0.251437756461777
"E",272,"Y","E272Y",-0.200769227406002
"V",273,"A","V273A",-0.117005485931007
"V",273,"C","V273C",0.138721022709617
"V",273,"D","V273D",-1.87675991187026
"V",273,"E","V273E",-0.509521812795314
"V",273,"F","V273F",-1.85705940005068
"V",273,"G","V273G",-0.372809289245031
"V",273,"H","V273H",-1.97176276048632
"V",273,"I","V273I",-0.545444792959553
"V",273,"K","V273K",-0.391454071711013
"V",273,"L","V273L",-0.122650891736554
"V",273,"M","V273M",-0.590260636956414
"V",273,"N","V273N",-1.19828631159617
"V",273,"P","V273P",-0.497576957617271
"V",273,"Q","V273Q",-0.236151960846918
"V",273,"R","V273R",-1.64160982094779
"V",273,"S","V273S",0.0361347661502689
"V",273,"T","V273T",0.0544983929866997
"V",273,"W","V273W",-2.19858365426084
"V",273,"Y","V273Y",-3.17017634341538
"K",274,"A","K274A",0.556571563204477
"K",274,"C","K274C",-0.0886337903367135
"K",274,"D","K274D",0.159306805593027
"K",274,"E","K274E",0.173851004322129
"K",274,"F","K274F",0.123469191025763
"K",274,"G","K274G",1.28225661731323
"K",274,"H","K274H",0.112825359718749
"K",274,"I","K274I",0.230475472087573
"K",274,"L","K274L",0.484503939396304
"K",274,"M","K274M",-0.164535231334401
"K",274,"N","K274N",0.654303655056074
"K",274,"P","K274P",1.57791310736555
"K",274,"Q","K274Q",0.151780455549045
"K",274,"R","K274R",-0.0596913813601547
"K",274,"S","K274S",0.0346441848484184
"K",274,"T","K274T",0.296766326505255
"K",274,"V","K274V",0.17417151882969
"K",274,"W","K274W",0.559675159409588
"K",274,"Y","K274Y",0.0217904530782502
"F",275,"A","F275A",0.429049708484121
"F",275,"C","F275C",3.99560748304432
"F",275,"D","F275D",0.0724898683416822
"F",275,"E","F275E",-0.585836258386236
"F",275,"G","F275G",-0.203545557730757
"F",275,"H","F275H",0.179023005434933
"F",275,"I","F275I",3.39426946900951
"F",275,"K","F275K",-0.634335875065882
"F",275,"L","F275L",1.56784342318448
"F",275,"M","F275M",1.28487770010488
"F",275,"N","F275N",0.428911329856044
"F",275,"P","F275P",0.659108363702633
"F",275,"Q","F275Q",0.572520326263462
"F",275,"R","F275R",0.152693380289957
"F",275,"S","F275S",-0.427542677058659
"F",275,"T","F275T",1.97510659125043
"F",275,"V","F275V",2.79002827614716
"F",275,"W","F275W",-0.1382344147206
"F",275,"Y","F275Y",0.578193221589387
"N",276,"A","N276A",0.391213143221758
"N",276,"C","N276C",-0.120689958369626
"N",276,"D","N276D",-0.0462998037217827
"N",276,"E","N276E",0.370520826066506
"N",276,"F","N276F",-0.28204139926558
"N",276,"G","N276G",0.291610594668513
"N",276,"H","N276H",-0.122913703129312
"N",276,"I","N276I",-0.155956754057556
"N",276,"K","N276K",0.134268628232745
"N",276,"L","N276L",-0.184874099743423
"N",276,"M","N276M",0.381239870641331
"N",276,"P","N276P",0.069790178042211
"N",276,"Q","N276Q",0.0245759322454898
"N",276,"R","N276R",0.287336355433423
"N",276,"S","N276S",-0.0576434910411267
"N",276,"T","N276T",-0.601446178785785
"N",276,"V","N276V",-0.304991387963306
"N",276,"W","N276W",-0.0578144849572978
"N",276,"Y","N276Y",-0.132657029229555
"W",277,"A","W277A",-0.216062754633608
"W",277,"C","W277C",-0.232821441973214
"W",277,"D","W277D",0.825636788561001
"W",277,"E","W277E",1.08867295322642
"W",277,"F","W277F",-0.412201420428948
"W",277,"G","W277G",0.897089273203578
"W",277,"H","W277H",-0.239194316898058
"W",277,"I","W277I",-0.37808552518721
"W",277,"K","W277K",1.7680987634044
"W",277,"L","W277L",0.394923974434608
"W",277,"M","W277M",0.194562316476945
"W",277,"N","W277N",0.319475971535462
"W",277,"P","W277P",-0.216346590111003
"W",277,"Q","W277Q",-0.109958713990009
"W",277,"R","W277R",-0.103165799447638
"W",277,"S","W277S",0.0721233709346927
"W",277,"T","W277T",0.323325613191861
"W",277,"V","W277V",-0.914811990703129
"W",277,"Y","W277Y",-0.469597539617224
"Y",278,"A","Y278A",-0.14061768098736
"Y",278,"C","Y278C",-0.152262642452785
"Y",278,"D","Y278D",-0.455237758745496
"Y",278,"E","Y278E",0.306696019002175
"Y",278,"F","Y278F",-0.0968990683924015
"Y",278,"G","Y278G",-0.0297337766079056
"Y",278,"H","Y278H",-0.230292081509281
"Y",278,"I","Y278I",0.375598146369608
"Y",278,"K","Y278K",0.293798797557286
"Y",278,"L","Y278L",0.18168789421059
"Y",278,"M","Y278M",-0.136492371554695
"Y",278,"N","Y278N",-1.11593486710381
"Y",278,"P","Y278P",-0.193776442335682
"Y",278,"Q","Y278Q",-1.00203498478348
"Y",278,"R","Y278R",0.192435369517436
"Y",278,"S","Y278S",0.0840358086591587
"Y",278,"T","Y278T",-0.00359411420953486
"Y",278,"V","Y278V",0.672015017295177
"Y",278,"W","Y278W",0.0554848873793148
"V",279,"A","V279A",0.126311869647532
"V",279,"C","V279C",0.18377412553487
"V",279,"D","V279D",-0.0526048297472689
"V",279,"E","V279E",-0.122964825283585
"V",279,"F","V279F",0.0638492640998723
"V",279,"G","V279G",0.63320292112316
"V",279,"H","V279H",-0.205468562207412
"V",279,"I","V279I",-0.101635569555079
"V",279,"K","V279K",-0.26713421429129
"V",279,"L","V279L",-0.234811829546798
"V",279,"M","V279M",0.072020011964376
"V",279,"N","V279N",0.361230193067814
"V",279,"P","V279P",-0.21006217477993
"V",279,"Q","V279Q",-0.344926910348696
"V",279,"R","V279R",0.127801588920524
"V",279,"S","V279S",-0.0834902716993085
"V",279,"T","V279T",0.0266243710193566
"V",279,"W","V279W",-0.0241064740584371
"V",279,"Y","V279Y",-0.0382008394771342
"D",280,"A","D280A",2.06280181164233
"D",280,"C","D280C",0.255163183656269
"D",280,"E","D280E",0.263424639611815
"D",280,"F","D280F",0.198953370238825
"D",280,"G","D280G",1.87420111747106
"D",280,"H","D280H",1.41381259140682
"D",280,"I","D280I",-0.241311701285444
"D",280,"K","D280K",-0.188109584217104
"D",280,"L","D280L",-0.189403207840238
"D",280,"M","D280M",0.147547185970696
"D",280,"N","D280N",-0.101727197181867
"D",280,"P","D280P",-0.376274205219145
"D",280,"Q","D280Q",0.306269217739414
"D",280,"R","D280R",0.105803108178421
"D",280,"S","D280S",1.09238929235819
"D",280,"T","D280T",0.439217579055922
"D",280,"V","D280V",0.235154889264556
"D",280,"W","D280W",0.314117741255325
"D",280,"Y","D280Y",-0.31388779708965
"G",281,"A","G281A",1.47976729983273
"G",281,"C","G281C",-0.233476589844618
"G",281,"D","G281D",0.544102937413278
"G",281,"E","G281E",0.188624459264006
"G",281,"F","G281F",0.541557709152941
"G",281,"H","G281H",0.523163488912577
"G",281,"I","G281I",2.26798301242173
"G",281,"K","G281K",0.247908054209865
"G",281,"L","G281L",0.419441825803038
"G",281,"M","G281M",0.68976716915045
"G",281,"N","G281N",0.348935700359738
"G",281,"P","G281P",0.345131000841169
"G",281,"Q","G281Q",0.752123476266636
"G",281,"R","G281R",0.701956205244261
"G",281,"S","G281S",0.11589638254324
"G",281,"T","G281T",0.913667252638919
"G",281,"V","G281V",0.739550286597579
"G",281,"W","G281W",0.515133788630679
"G",281,"Y","G281Y",1.13128167811532
"V",282,"A","V282A",-0.153660840911649
"V",282,"C","V282C",-0.347445432739692
"V",282,"D","V282D",-0.0370227312548081
"V",282,"E","V282E",-0.187190290292917
"V",282,"F","V282F",-0.047711788213054
"V",282,"G","V282G",-0.362921128050703
"V",282,"H","V282H",0.00567272215906081
"V",282,"I","V282I",0.114652078276075
"V",282,"K","V282K",0.191596257666668
"V",282,"L","V282L",-0.0139376071658842
"V",282,"M","V282M",0.0554623509326113
"V",282,"N","V282N",0.279384860385404
"V",282,"P","V282P",-0.707206605460297
"V",282,"Q","V282Q",0.00922253593663387
"V",282,"R","V282R",-0.109588546767122
"V",282,"S","V282S",-0.423170140611459
"V",282,"T","V282T",-0.16916023379001
"V",282,"W","V282W",0.0092603058286624
"V",282,"Y","V282Y",-0.178569096785543
"E",283,"A","E283A",-0.605783080461644
"E",283,"C","E283C",-0.112005336706758
"E",283,"D","E283D",-0.177297244083431
"E",283,"F","E283F",-0.0245624594408494
"E",283,"G","E283G",-0.0458047187834736
"E",283,"H","E283H",0.504608739292928
"E",283,"I","E283I",0.159862267965818
"E",283,"K","E283K",-0.231216443294652
"E",283,"L","E283L",-0.712015667113286
"E",283,"M","E283M",-0.00455270612880373
"E",283,"N","E283N",0.698733443711527
"E",283,"P","E283P",-0.390088668704433
"E",283,"Q","E283Q",-0.365411045202051
"E",283,"R","E283R",-0.255671668849186
"E",283,"S","E283S",0.0557600515896997
"E",283,"T","E283T",0.113403244893348
"E",283,"V","E283V",-0.0488256508612209
"E",283,"W","E283W",-0.616317661643504
"E",283,"Y","E283Y",-0.765340939074782
"V",284,"A","V284A",-0.0953969233618684
"V",284,"C","V284C",0.36895374856155
"V",284,"D","V284D",0.913737811015081
"V",284,"E","V284E",0.673119058588723
"V",284,"F","V284F",0.533451885538945
"V",284,"G","V284G",0.276874506879187
"V",284,"H","V284H",0.812235138504825
"V",284,"I","V284I",0.15613195984078
"V",284,"K","V284K",-0.0558560008587347
"V",284,"L","V284L",0.469676441197055
"V",284,"M","V284M",-0.697999445514272
"V",284,"N","V284N",0.303700166902278
"V",284,"P","V284P",0.465592621415937
"V",284,"Q","V284Q",0.810210801002194
"V",284,"R","V284R",0.0744274260812555
"V",284,"S","V284S",0.552061019590064
"V",284,"T","V284T",0.541625485875076
"V",284,"W","V284W",0.384905549928216
"V",284,"Y","V284Y",0.153582358954083
"H",285,"A","H285A",-0.157616288419991
"H",285,"C","H285C",0.0835921634198295
"H",285,"D","H285D",0.10164876882769
"H",285,"E","H285E",0.67497041061032
"H",285,"F","H285F",0.133309419802695
"H",285,"G","H285G",0.0701571295414373
"H",285,"I","H285I",0.579322683501279
"H",285,"K","H285K",0.0797831751326214
"H",285,"L","H285L",0.61016445628848
"H",285,"M","H285M",0.462173305810707
"H",285,"N","H285N",-0.0727893853776955
"H",285,"P","H285P",0.341290115124502
"H",285,"Q","H285Q",0.0341854925039853
"H",285,"R","H285R",0.150310987920817
"H",285,"S","H285S",0.111863213631103
"H",285,"T","H285T",0.180087154730364
"H",285,"V","H285V",-0.0616829337960902
"H",285,"W","H285W",0.158689128480706
"H",285,"Y","H285Y",-0.346173133818604
"N",286,"A","N286A",-0.197246545264948
"N",286,"C","N286C",0.312863205545034
"N",286,"D","N286D",-0.302142224904331
"N",286,"E","N286E",-0.184905390660219
"N",286,"F","N286F",-0.31474282340671
"N",286,"G","N286G",-0.00386711591564479
"N",286,"H","N286H",-0.189598257346277
"N",286,"I","N286I",0.290543121706333
"N",286,"K","N286K",-0.115538929782362
"N",286,"L","N286L",-0.0966739832358244
"N",286,"M","N286M",0.076624705370404
"N",286,"P","N286P",0.851484420981417
"N",286,"Q","N286Q",0.18218932871165
"N",286,"R","N286R",-0.22723712926094
"N",286,"S","N286S",0.249867759619974
"N",286,"T","N286T",0.0759484174202071
"N",286,"V","N286V",-0.213760379949938
"N",286,"W","N286W",0.274020976894481
"N",286,"Y","N286Y",0.838105794999845
"A",287,"C","A287C",-0.0331705091744462
"A",287,"D","A287D",-0.0121442897585887
"A",287,"E","A287E",1.09041538089988
"A",287,"F","A287F",-0.118251419429354
"A",287,"G","A287G",-0.0539775373821483
"A",287,"H","A287H",0.0645377422745466
"A",287,"I","A287I",0.573176830119797
"A",287,"K","A287K",1.13664984727966
"A",287,"L","A287L",1.16112490601663
"A",287,"M","A287M",0.0666811902131118
"A",287,"N","A287N",0.266657102806233
"A",287,"P","A287P",1.27712763727081
"A",287,"Q","A287Q",1.5109225178028
"A",287,"R","A287R",0.816963480340425
"A",287,"S","A287S",-0.0725995675957981
"A",287,"T","A287T",0.113916365201313
"A",287,"V","A287V",0.556399050982997
"A",287,"W","A287W",0.0750527720943557
"A",287,"Y","A287Y",-0.181026071516881
"K",288,"A","K288A",0.768987964128677
"K",288,"C","K288C",-0.394713331745472
"K",288,"D","K288D",0.970086978764037
"K",288,"E","K288E",0.0101178361681306
"K",288,"F","K288F",-0.331727355624132
"K",288,"G","K288G",-0.0619978373990001
"K",288,"H","K288H",0.48758089774329
"K",288,"I","K288I",0.186488641508629
"K",288,"L","K288L",-0.139629517034679
"K",288,"M","K288M",0.0628078970883565
"K",288,"N","K288N",0.785156213539472
"K",288,"P","K288P",-0.527281900106038
"K",288,"Q","K288Q",1.68599002491961
"K",288,"R","K288R",0.0618396478834487
"K",288,"S","K288S",0.20335178646209
"K",288,"T","K288T",-0.11424995290469
"K",288,"V","K288V",0.312382669096669
"K",288,"W","K288W",0.30717228783186
"K",288,"Y","K288Y",-0.116932235593179
"T",289,"A","T289A",-0.484154046088918
"T",289,"C","T289C",-0.0357166986262278
"T",289,"D","T289D",0.0344335830590688
"T",289,"E","T289E",0.0823429314445661
"T",289,"F","T289F",-0.178818647348303
"T",289,"G","T289G",-0.176836077395736
"T",289,"H","T289H",0.20573117415071
"T",289,"I","T289I",-0.0554378209121921
"T",289,"K","T289K",-0.310475257125387
"T",289,"L","T289L",-0.190837836272838
"T",289,"M","T289M",-0.60240991092581
"T",289,"N","T289N",-0.193386826025261
"T",289,"P","T289P",-0.453317097905688
"T",289,"Q","T289Q",-0.16851999556741
"T",289,"R","T289R",-0.34821328243079
"T",289,"S","T289S",-0.102806905631419
"T",289,"V","T289V",-0.156212840274773
"T",289,"W","T289W",-0.128561680302146
"T",289,"Y","T289Y",-0.171075153758335
"K",290,"A","K290A",1.31494986170036
"K",290,"C","K290C",-0.297317239377612
"K",290,"D","K290D",1.90808492009057
"K",290,"E","K290E",1.23659721670595
"K",290,"F","K290F",2.20132814399173
"K",290,"G","K290G",2.42451464941362
"K",290,"H","K290H",0.745536399418959
"K",290,"I","K290I",0.261786016869073
"K",290,"L","K290L",-0.0772472211097407
"K",290,"M","K290M",-0.0914125416028025
"K",290,"N","K290N",1.44434804050015
"K",290,"P","K290P",-0.593079862804065
"K",290,"Q","K290Q",0.979643078948613
"K",290,"R","K290R",0.688971044616317
"K",290,"S","K290S",1.48594714260097
"K",290,"T","K290T",2.94909226724369
"K",290,"V","K290V",1.12069150266335
"K",290,"W","K290W",1.58350807267291
"K",290,"Y","K290Y",1.59040081489019
"P",291,"A","P291A",0.0547697948236329
"P",291,"C","P291C",-0.350344391929744
"P",291,"D","P291D",0.56782321428185
"P",291,"E","P291E",0.535599049962649
"P",291,"F","P291F",-0.0232387775502855
"P",291,"G","P291G",-0.314267986211282
"P",291,"H","P291H",0.143573443963639
"P",291,"I","P291I",-0.143608241969515
"P",291,"K","P291K",0.152182990114881
"P",291,"L","P291L",0.0982680977090639
"P",291,"M","P291M",0.985567822686361
"P",291,"N","P291N",0.655060705287035
"P",291,"Q","P291Q",0.0223528660584149
"P",291,"R","P291R",0.256862041666974
"P",291,"S","P291S",-0.0594584032991671
"P",291,"T","P291T",-0.182243671896018
"P",291,"V","P291V",-0.145642375878687
"P",291,"W","P291W",0.0417858040961264
"P",291,"Y","P291Y",-0.104921228950374
"R",292,"A","R292A",-0.147059080740545
"R",292,"C","R292C",0.463046348101905
"R",292,"D","R292D",-0.220538107022768
"R",292,"E","R292E",-0.0512871034652018
"R",292,"F","R292F",0.0566170458716253
"R",292,"G","R292G",-0.198403382653867
"R",292,"H","R292H",-0.407001753501383
"R",292,"I","R292I",-0.369864778374115
"R",292,"K","R292K",-0.0247056923315179
"R",292,"L","R292L",1.18117615965247
"R",292,"M","R292M",1.99044030389722
"R",292,"N","R292N",0.0847037620881625
"R",292,"P","R292P",-0.527673919528175
"R",292,"Q","R292Q",0.693512814405526
"R",292,"S","R292S",-0.116745384466327
"R",292,"T","R292T",0.413132992013292
"R",292,"V","R292V",-0.271362790476881
"R",292,"W","R292W",-0.269488737108155
"R",292,"Y","R292Y",-0.902147725419022
"E",293,"A","E293A",0.299084735002552
"E",293,"C","E293C",-0.170975761864978
"E",293,"D","E293D",0.177060051755856
"E",293,"F","E293F",-0.0494483879372309
"E",293,"G","E293G",-0.160353780687962
"E",293,"H","E293H",0.527228697102058
"E",293,"I","E293I",-0.0236609160574335
"E",293,"K","E293K",0.388960198953079
"E",293,"L","E293L",0.0354491801454435
"E",293,"M","E293M",0.501512751720306
"E",293,"N","E293N",0.651852416129823
"E",293,"P","E293P",-3.24107944905162
"E",293,"Q","E293Q",-0.00824282884678897
"E",293,"R","E293R",0.704897458938601
"E",293,"S","E293S",0.646952070536587
"E",293,"T","E293T",-0.080347719158073
"E",293,"V","E293V",1.11701734566311
"E",293,"W","E293W",-0.209251203541091
"E",293,"Y","E293Y",-0.147485679246957
"E",294,"A","E294A",0.297678368975288
"E",294,"C","E294C",0.217141366572854
"E",294,"D","E294D",-0.100263281722534
"E",294,"F","E294F",-0.305269801579342
"E",294,"G","E294G",-0.542673152989561
"E",294,"H","E294H",-0.265190895441083
"E",294,"I","E294I",-0.563542384421365
"E",294,"K","E294K",-0.32233873778783
"E",294,"L","E294L",-0.0179045015600019
"E",294,"M","E294M",-0.227455751524523
"E",294,"N","E294N",-0.21825821955757
"E",294,"P","E294P",-0.36121374927096
"E",294,"Q","E294Q",0.810304078174034
"E",294,"R","E294R",-0.626387323387133
"E",294,"S","E294S",-1.8569310315718
"E",294,"T","E294T",-1.8967141252008
"E",294,"V","E294V",-0.448568717295046
"E",294,"W","E294W",-0.772780408381816
"E",294,"Y","E294Y",-0.470459691662642
"Q",295,"A","Q295A",-0.286877737463992
"Q",295,"C","Q295C",-0.133430319910396
"Q",295,"D","Q295D",-2.85269936506172
"Q",295,"E","Q295E",0.510983767412403
"Q",295,"F","Q295F",-0.468601496712898
"Q",295,"G","Q295G",-1.14569649747863
"Q",295,"H","Q295H",-0.229601615025374
"Q",295,"I","Q295I",-0.00710657780077433
"Q",295,"K","Q295K",-0.341725880784297
"Q",295,"L","Q295L",1.07662752098919
"Q",295,"M","Q295M",-0.0593540731587386
"Q",295,"N","Q295N",-0.442297239667268
"Q",295,"P","Q295P",-0.45688693841242
"Q",295,"R","Q295R",-0.125240034953838
"Q",295,"S","Q295S",-0.562193365027959
"Q",295,"T","Q295T",-0.280494463287535
"Q",295,"V","Q295V",0.0413499052341808
"Q",295,"W","Q295W",-3.06552554342427
"Q",295,"Y","Q295Y",-0.19300177814728
"Y",296,"A","Y296A",-2.80101425334873
"Y",296,"C","Y296C",-0.464434820748784
"Y",296,"D","Y296D",-0.742909856405969
"Y",296,"E","Y296E",-1.48525010477492
"Y",296,"F","Y296F",-0.311756960572388
"Y",296,"G","Y296G",-2.01946865369645
"Y",296,"H","Y296H",-0.265333425158987
"Y",296,"I","Y296I",-1.03514360237597
"Y",296,"K","Y296K",-2.02410480208362
"Y",296,"L","Y296L",-0.797701662556532
"Y",296,"M","Y296M",-0.532085908688451
"Y",296,"N","Y296N",-0.414508856643891
"Y",296,"P","Y296P",-2.85984500507495
"Y",296,"Q","Y296Q",-0.919281174079279
"Y",296,"R","Y296R",-2.76010582149132
"Y",296,"S","Y296S",-0.701666966186798
"Y",296,"T","Y296T",0.0127936599140635
"Y",296,"V","Y296V",-0.661624341953429
"Y",296,"W","Y296W",0.558284259907521
"N",297,"A","N297A",-4.99802484191465
"N",297,"C","N297C",-3.27445689267511
"N",297,"D","N297D",-3.4646046066585
"N",297,"E","N297E",-1.76624312696789
"N",297,"F","N297F",-2.44467713420243
"N",297,"G","N297G",-2.11415242666579
"N",297,"H","N297H",-2.26910945771885
"N",297,"I","N297I",-2.35766086503671
"N",297,"K","N297K",-3.20285337305782
"N",297,"L","N297L",-0.555704833390505
"N",297,"M","N297M",-2.77545252309551
"N",297,"P","N297P",-2.40239138188159
"N",297,"Q","N297Q",-3.94035592744659
"N",297,"R","N297R",-1.98660084528184
"N",297,"S","N297S",-3.00305418358465
"N",297,"T","N297T",-1.40889155115818
"N",297,"V","N297V",-2.76422731952948
"N",297,"W","N297W",-2.80443312398563
"N",297,"Y","N297Y",-1.35973844587692
"S",298,"A","S298A",1.31351304468985
"S",298,"C","S298C",-0.963448452747105
"S",298,"D","S298D",-2.08222002017181
"S",298,"E","S298E",-1.96763550238632
"S",298,"F","S298F",-0.421633825425774
"S",298,"G","S298G",-0.554829076501568
"S",298,"I","S298I",-0.199624819143585
"S",298,"K","S298K",-2.80631415677925
"S",298,"L","S298L",-0.985514094621388
"S",298,"M","S298M",-0.00706850839374749
"S",298,"N","S298N",-1.7052699273363
"S",298,"P","S298P",-1.6096079665497
"S",298,"Q","S298Q",-1.65447064613245
"S",298,"R","S298R",-2.53018322624523
"S",298,"T","S298T",0.937407178052186
"S",298,"V","S298V",-0.242633856439717
"S",298,"W","S298W",-4.01658674372265
"S",298,"Y","S298Y",-0.472444755007844
"T",299,"A","T299A",-2.66121729397045
"T",299,"C","T299C",-3.29869832933512
"T",299,"D","T299D",-3.58691459779995
"T",299,"E","T299E",-2.7895985967164
"T",299,"F","T299F",-2.33632009291607
"T",299,"G","T299G",-2.62037996540257
"T",299,"H","T299H",-2.38453067944177
"T",299,"I","T299I",-2.53957305994688
"T",299,"K","T299K",-1.79735402654927
"T",299,"L","T299L",-2.80375027997225
"T",299,"M","T299M",-2.5210035696716
"T",299,"N","T299N",-2.12448670019793
"T",299,"P","T299P",-2.5961357334976
"T",299,"Q","T299Q",-3.83249173659124
"T",299,"R","T299R",-2.13301189384245
"T",299,"S","T299S",-2.69974772735179
"T",299,"V","T299V",-2.21548132880213
"T",299,"W","T299W",-2.86412575432604
"T",299,"Y","T299Y",-2.09782197415619
"Y",300,"A","Y300A",-0.303480786961992
"Y",300,"C","Y300C",-0.451492774635135
"Y",300,"D","Y300D",-0.24604838729201
"Y",300,"E","Y300E",0.236350033689436
"Y",300,"F","Y300F",0.52720559602877
"Y",300,"G","Y300G",0.213601480982085
"Y",300,"H","Y300H",0.0743057877080579
"Y",300,"I","Y300I",0.274073946386806
"Y",300,"K","Y300K",0.39374312450732
"Y",300,"L","Y300L",0.0642688261299755
"Y",300,"M","Y300M",0.453259765696962
"Y",300,"N","Y300N",-0.178163403274581
"Y",300,"P","Y300P",-1.96922104708635
"Y",300,"Q","Y300Q",-0.251464717086398
"Y",300,"R","Y300R",-2.13681404361834
"Y",300,"S","Y300S",0.400583464503231
"Y",300,"T","Y300T",-0.224936511088403
"Y",300,"V","Y300V",-0.406567994028939
"Y",300,"W","Y300W",-0.315923579103816
"R",301,"A","R301A",-0.36605069477113
"R",301,"C","R301C",-0.437200961590344
"R",301,"D","R301D",-2.54423859684837
"R",301,"E","R301E",-0.207155967997625
"R",301,"F","R301F",-0.418083699664338
"R",301,"G","R301G",-0.139587684419206
"R",301,"H","R301H",-1.12341323585406
"R",301,"I","R301I",-0.178430617103583
"R",301,"K","R301K",-1.66840506462092
"R",301,"L","R301L",0.0191318745206628
"R",301,"M","R301M",0.143537682811232
"R",301,"N","R301N",-0.574277376102693
"R",301,"P","R301P",-2.17070161144733
"R",301,"Q","R301Q",0.149023222185925
"R",301,"S","R301S",1.82962760006189
"R",301,"T","R301T",0.590098992959754
"R",301,"V","R301V",-0.0626974041548651
"R",301,"W","R301W",-0.673782488259447
"R",301,"Y","R301Y",-0.628066599025231
"V",302,"A","V302A",-0.0951089032860553
"V",302,"C","V302C",0.214815983455049
"V",302,"D","V302D",0.38741022219353
"V",302,"E","V302E",0.588850751980637
"V",302,"F","V302F",-0.19826344259218
"V",302,"G","V302G",0.0983189432891083
"V",302,"H","V302H",-0.0784944238962681
"V",302,"I","V302I",0.259015682586301
"V",302,"K","V302K",1.27023572219744
"V",302,"L","V302L",-0.0136276149271943
"V",302,"M","V302M",0.561319951200039
"V",302,"N","V302N",-1.694924392253
"V",302,"P","V302P",-1.47713199059702
"V",302,"Q","V302Q",2.00170613773834
"V",302,"R","V302R",0.327922463727107
"V",302,"S","V302S",-0.129686344230008
"V",302,"T","V302T",0.313156622232206
"V",302,"W","V302W",-0.325873027738494
"V",302,"Y","V302Y",0.602671776884101
"V",303,"A","V303A",-0.177015952851
"V",303,"C","V303C",-0.173571330549459
"V",303,"D","V303D",0.0163236956743726
"V",303,"E","V303E",-0.47742011269757
"V",303,"F","V303F",2.43367135979565
"V",303,"G","V303G",0.0218878568325098
"V",303,"H","V303H",-0.24719168508134
"V",303,"I","V303I",-0.240623186128517
"V",303,"K","V303K",0.0178157736405371
"V",303,"L","V303L",-0.401906803522828
"V",303,"M","V303M",-0.0596383537366769
"V",303,"N","V303N",-0.456162812876073
"V",303,"P","V303P",0.149290728813778
"V",303,"Q","V303Q",-0.232372146941097
"V",303,"R","V303R",-0.194238351996538
"V",303,"S","V303S",-0.0771399686121357
"V",303,"T","V303T",-0.19113035204816
"V",303,"W","V303W",0.0958289463827971
"V",303,"Y","V303Y",2.21833548638807
"S",304,"A","S304A",-0.212288008549359
"S",304,"C","S304C",-0.0342410933935897
"S",304,"D","S304D",0.142536668694007
"S",304,"E","S304E",-0.137683767429281
"S",304,"F","S304F",-0.982459035177549
"S",304,"G","S304G",-0.372014434885376
"S",304,"H","S304H",-0.426564552217428
"S",304,"I","S304I",-1.80937047655201
"S",304,"K","S304K",-0.828517925697477
"S",304,"L","S304L",-1.19006145469419
"S",304,"M","S304M",-0.274129023202623
"S",304,"N","S304N",-0.341286347896477
"S",304,"P","S304P",0.229181230575922
"S",304,"Q","S304Q",-0.429579341438182
"S",304,"R","S304R",-0.0838415307499654
"S",304,"T","S304T",0.0351256579207662
"S",304,"V","S304V",-0.507137720106497
"S",304,"W","S304W",-0.782335435461845
"S",304,"Y","S304Y",-0.0610465044184269
"V",305,"A","V305A",0.176762543382754
"V",305,"C","V305C",0.0915629397486524
"V",305,"D","V305D",0.891081158001396
"V",305,"E","V305E",0.495380628550746
"V",305,"F","V305F",-0.345299818114418
"V",305,"G","V305G",-0.0245694564959885
"V",305,"H","V305H",0.23441886543611
"V",305,"I","V305I",0.935743860312726
"V",305,"K","V305K",1.46895433281452
"V",305,"L","V305L",0.0557112362897108
"V",305,"M","V305M",0.0133763158734595
"V",305,"N","V305N",1.152814727037
"V",305,"P","V305P",-0.266862274074581
"V",305,"Q","V305Q",0.197887030202388
"V",305,"R","V305R",1.06424172143312
"V",305,"S","V305S",0.353871562997758
"V",305,"T","V305T",-0.5073869401675
"V",305,"W","V305W",0.681951878062037
"V",305,"Y","V305Y",0.184108044656351
"L",306,"A","L306A",0.18363548630429
"L",306,"C","L306C",0.249912283221578
"L",306,"D","L306D",-0.0211189978787333
"L",306,"E","L306E",0.745454332481258
"L",306,"F","L306F",0.340258762989068
"L",306,"G","L306G",0.395063972754036
"L",306,"H","L306H",0.0824415063068823
"L",306,"I","L306I",0.202478146667075
"L",306,"K","L306K",-0.229569142927886
"L",306,"M","L306M",0.41191583298169
"L",306,"N","L306N",0.529628734393282
"L",306,"P","L306P",-0.727195832639828
"L",306,"Q","L306Q",0.637963469783652
"L",306,"R","L306R",0.049503335029919
"L",306,"S","L306S",-1.14859382056364
"L",306,"T","L306T",-0.142004638622717
"L",306,"V","L306V",0.394415489759851
"L",306,"W","L306W",1.46106788456103
"L",306,"Y","L306Y",0.103320454419349
"T",307,"A","T307A",-0.149149140042716
"T",307,"C","T307C",-0.110869041107359
"T",307,"D","T307D",0.41113593932061
"T",307,"E","T307E",-0.103847408516045
"T",307,"F","T307F",-0.44147432225404
"T",307,"G","T307G",0.568444427942828
"T",307,"H","T307H",0.153702326968573
"T",307,"I","T307I",-0.10342800813377
"T",307,"K","T307K",-0.0839044801309623
"T",307,"L","T307L",-0.0967473466011707
"T",307,"M","T307M",-0.00836096934595015
"T",307,"N","T307N",-0.406120390968624
"T",307,"P","T307P",-0.0484893713097375
"T",307,"Q","T307Q",0.112084104682446
"T",307,"R","T307R",0.0968270273040603
"T",307,"S","T307S",0.0393192807383113
"T",307,"V","T307V",-0.0691264764478055
"T",307,"W","T307W",0.144576073961805
"T",307,"Y","T307Y",0.655875055081119
"V",308,"A","V308A",0.760633562727368
"V",308,"C","V308C",0.104517946158168
"V",308,"D","V308D",-0.215735106362951
"V",308,"E","V308E",0.207267689482139
"V",308,"F","V308F",1.20646542133914
"V",308,"G","V308G",-0.158107101729402
"V",308,"H","V308H",0.0671702485001161
"V",308,"I","V308I",-0.115032817118847
"V",308,"K","V308K",0.0582601054291787
"V",308,"L","V308L",0.548868246083717
"V",308,"M","V308M",-0.42151962584256
"V",308,"N","V308N",-0.0469598093785323
"V",308,"P","V308P",2.10676709141905
"V",308,"Q","V308Q",0.696426860451707
"V",308,"R","V308R",-0.241569523452451
"V",308,"S","V308S",0.00161479518584309
"V",308,"T","V308T",0.0680486156828401
"V",308,"W","V308W",-1.40585317122688
"V",308,"Y","V308Y",0.458095407845123
"L",309,"A","L309A",-0.028312717768401
"L",309,"C","L309C",0.740365213408201
"L",309,"D","L309D",0.0570262754021951
"L",309,"E","L309E",0.433330813209806
"L",309,"F","L309F",-0.0407463694675388
"L",309,"G","L309G",-0.347475475563873
"L",309,"H","L309H",0.170631548308188
"L",309,"I","L309I",1.16001260500204
"L",309,"K","L309K",-0.19481234318638
"L",309,"M","L309M",-0.12007300177512
"L",309,"N","L309N",0.157758547293713
"L",309,"P","L309P",-0.33407794360767
"L",309,"Q","L309Q",-0.45642978392845
"L",309,"R","L309R",-0.337553274028692
"L",309,"S","L309S",-0.17167440902415
"L",309,"T","L309T",-0.0433180020190642
"L",309,"V","L309V",0.84498667975386
"L",309,"W","L309W",0.93481920660252
"L",309,"Y","L309Y",0.108938842758875
"H",310,"A","H310A",-0.0207794240088547
"H",310,"C","H310C",0.0872053520435081
"H",310,"D","H310D",0.0262761147732769
"H",310,"E","H310E",-0.11870979456158
"H",310,"F","H310F",-0.149768778363309
"H",310,"G","H310G",-0.267146445554532
"H",310,"I","H310I",-0.206525026215541
"H",310,"K","H310K",-0.138335946967874
"H",310,"L","H310L",-0.540143278011292
"H",310,"M","H310M",0.0263178221663627
"H",310,"N","H310N",-0.0926825639411118
"H",310,"P","H310P",0.0753315458724548
"H",310,"Q","H310Q",1.37777046155291
"H",310,"R","H310R",-0.148597900606782
"H",310,"S","H310S",0.116227158547989
"H",310,"T","H310T",0.224779846448007
"H",310,"V","H310V",-0.0160247501455701
"H",310,"W","H310W",-0.281859388400329
"H",310,"Y","H310Y",-0.255840215196991
"Q",311,"A","Q311A",0.14004215769766
"Q",311,"C","Q311C",-0.214691513416898
"Q",311,"D","Q311D",-0.0653040249679232
"Q",311,"E","Q311E",-0.938508892411623
"Q",311,"F","Q311F",0.566522978126133
"Q",311,"G","Q311G",0.167956173351476
"Q",311,"H","Q311H",0.00715723003959599
"Q",311,"I","Q311I",0.217466302143069
"Q",311,"K","Q311K",0.228632723906069
"Q",311,"L","Q311L",-0.36198316547784
"Q",311,"M","Q311M",0.441063862364685
"Q",311,"N","Q311N",-0.697627968758236
"Q",311,"P","Q311P",0.0192379352710464
"Q",311,"R","Q311R",0.161901024346238
"Q",311,"S","Q311S",0.352985216761378
"Q",311,"T","Q311T",0.263421751454528
"Q",311,"V","Q311V",0.665896666847959
"Q",311,"W","Q311W",-0.05723096114829
"Q",311,"Y","Q311Y",0.0409124715176676
"D",312,"A","D312A",0.0613895669117318
"D",312,"C","D312C",0.795308670337001
"D",312,"E","D312E",0.467973697742192
"D",312,"F","D312F",1.3830295384375
"D",312,"G","D312G",0.029179518530111
"D",312,"H","D312H",0.032507905957059
"D",312,"I","D312I",1.91441656016292
"D",312,"K","D312K",1.2685754505315
"D",312,"L","D312L",2.7416644416891
"D",312,"M","D312M",1.5314543769908
"D",312,"N","D312N",0.342974840769987
"D",312,"P","D312P",0.456871078239447
"D",312,"Q","D312Q",0.332432256998945
"D",312,"R","D312R",0.307430876922901
"D",312,"S","D312S",-0.0471912253138268
"D",312,"T","D312T",1.41198915851871
"D",312,"V","D312V",1.38930035991007
"D",312,"W","D312W",0.203547900987445
"D",312,"Y","D312Y",1.6096831254545
"W",313,"A","W313A",-0.557794145649118
"W",313,"C","W313C",-0.839441957933785
"W",313,"D","W313D",-1.91362337052713
"W",313,"E","W313E",-0.336047721127373
"W",313,"F","W313F",-0.131903467647437
"W",313,"H","W313H",-0.184302150740254
"W",313,"I","W313I",0.127969720370239
"W",313,"K","W313K",-0.454307615430712
"W",313,"L","W313L",-0.20687757849051
"W",313,"M","W313M",-0.11180989378535
"W",313,"N","W313N",-0.104190428220189
"W",313,"P","W313P",-0.393277625912921
"W",313,"Q","W313Q",-0.247531608318617
"W",313,"R","W313R",-0.280666247764074
"W",313,"S","W313S",0.109378307933023
"W",313,"T","W313T",-0.900527130273878
"W",313,"V","W313V",-0.631853198959768
"W",313,"Y","W313Y",-0.217980271473238
"L",314,"A","L314A",-0.223908041023327
"L",314,"C","L314C",-0.30788955562722
"L",314,"D","L314D",-0.177444677277862
"L",314,"E","L314E",-0.313949236567275
"L",314,"F","L314F",-0.214724528198157
"L",314,"G","L314G",-0.476777252804725
"L",314,"H","L314H",-0.319184837459651
"L",314,"I","L314I",0.0964846481013183
"L",314,"K","L314K",-0.0935788376323042
"L",314,"M","L314M",-0.223458587330765
"L",314,"N","L314N",-0.333997694948814
"L",314,"P","L314P",0.264837414356625
"L",314,"Q","L314Q",-0.370548733734501
"L",314,"R","L314R",-0.290589958754023
"L",314,"S","L314S",-0.154305218249724
"L",314,"T","L314T",-0.360832314907881
"L",314,"V","L314V",0.413446450853837
"L",314,"W","L314W",-0.238210940317165
"L",314,"Y","L314Y",0.174534629581693
"N",315,"A","N315A",0.302101128976944
"N",315,"C","N315C",0.299726116756765
"N",315,"D","N315D",0.78582846565405
"N",315,"E","N315E",0.358874590643925
"N",315,"F","N315F",0.11743700824208
"N",315,"G","N315G",0.121483709797008
"N",315,"H","N315H",-0.189119483443555
"N",315,"I","N315I",0.0266282432950898
"N",315,"K","N315K",0.758657848911102
"N",315,"L","N315L",0.338079649797516
"N",315,"M","N315M",0.23897042250836
"N",315,"P","N315P",-0.407547461665217
"N",315,"Q","N315Q",-0.143125395780159
"N",315,"R","N315R",0.780472432496016
"N",315,"S","N315S",-0.0169143501340995
"N",315,"T","N315T",-0.0296017064311771
"N",315,"V","N315V",-0.116767993002166
"N",315,"W","N315W",-0.320146347350044
"N",315,"Y","N315Y",-0.33498741686119
"G",316,"A","G316A",-0.11266632357369
"G",316,"C","G316C",-0.175914683949044
"G",316,"D","G316D",1.62998883005474
"G",316,"E","G316E",0.21576646807441
"G",316,"F","G316F",-0.201001889308304
"G",316,"H","G316H",-0.0994194877672953
"G",316,"I","G316I",-0.123791191156871
"G",316,"K","G316K",-0.128224888329392
"G",316,"L","G316L",-0.61162371927938
"G",316,"M","G316M",-0.124097829236076
"G",316,"N","G316N",-0.0438276510083728
"G",316,"P","G316P",-0.117733990073049
"G",316,"Q","G316Q",-0.137298214741581
"G",316,"R","G316R",0.131492638216707
"G",316,"S","G316S",0.00314393286236386
"G",316,"T","G316T",-0.832501882147348
"G",316,"V","G316V",0.669855347525375
"G",316,"W","G316W",0.174103379541743
"G",316,"Y","G316Y",0.224951280518316
"K",317,"A","K317A",0.0661414576043694
"K",317,"C","K317C",0.76335064784887
"K",317,"D","K317D",1.51950146615907
"K",317,"E","K317E",0.50370900593225
"K",317,"F","K317F",1.68283119039499
"K",317,"G","K317G",1.58601235632311
"K",317,"H","K317H",-0.301342458632107
"K",317,"I","K317I",0.22552753172096
"K",317,"L","K317L",0.661845855535629
"K",317,"M","K317M",0.207834803376366
"K",317,"N","K317N",0.297438146130397
"K",317,"P","K317P",-0.123542003097666
"K",317,"Q","K317Q",0.191124355519603
"K",317,"R","K317R",-0.301575364963893
"K",317,"S","K317S",-0.290821474270324
"K",317,"T","K317T",-0.152678738067972
"K",317,"V","K317V",0.0381991538384812
"K",317,"W","K317W",1.62921195170533
"K",317,"Y","K317Y",1.54321668458817
"E",318,"A","E318A",0.90628995005398
"E",318,"C","E318C",-0.131117936759175
"E",318,"D","E318D",1.1574125990607
"E",318,"F","E318F",-0.177136620318255
"E",318,"G","E318G",0.329837850208584
"E",318,"H","E318H",-0.120555633622055
"E",318,"I","E318I",0.0592765071569629
"E",318,"K","E318K",-0.244058042667398
"E",318,"L","E318L",-0.578815567745534
"E",318,"M","E318M",0.299826735071889
"E",318,"N","E318N",0.160560553579567
"E",318,"P","E318P",0.829336312467792
"E",318,"Q","E318Q",-0.738254349533391
"E",318,"R","E318R",-0.076962037024448
"E",318,"S","E318S",-0.116688503734598
"E",318,"T","E318T",-0.0245778695137617
"E",318,"V","E318V",0.127431778860709
"E",318,"W","E318W",-0.0169654251312471
"E",318,"Y","E318Y",-0.121744322596618
"Y",319,"A","Y319A",1.63315152926474
"Y",319,"C","Y319C",1.54584046217601
"Y",319,"D","Y319D",0.0741101781774433
"Y",319,"E","Y319E",-0.333998565977247
"Y",319,"F","Y319F",-0.298716856949452
"Y",319,"G","Y319G",0.0351010510518885
"Y",319,"H","Y319H",2.42566992178306
"Y",319,"I","Y319I",0.423108056449105
"Y",319,"K","Y319K",0.318308991429192
"Y",319,"L","Y319L",0.00871529619786719
"Y",319,"M","Y319M",0.345395132906936
"Y",319,"N","Y319N",0.873701807260497
"Y",319,"P","Y319P",-0.158459789916449
"Y",319,"Q","Y319Q",0.429301992645733
"Y",319,"R","Y319R",-1.25080079417861
"Y",319,"S","Y319S",0.125874781223982
"Y",319,"T","Y319T",2.81776016497737
"Y",319,"V","Y319V",1.04896353264434
"Y",319,"W","Y319W",-0.0446039844150229
"K",320,"A","K320A",-0.34192110575463
"K",320,"C","K320C",0.665403931113039
"K",320,"D","K320D",0.509622600896609
"K",320,"E","K320E",1.31147053736858
"K",320,"F","K320F",-0.508174882861759
"K",320,"G","K320G",-0.358210619725609
"K",320,"H","K320H",-0.297866519174908
"K",320,"I","K320I",1.3405608292822
"K",320,"L","K320L",1.63163541746444
"K",320,"M","K320M",1.1368662329218
"K",320,"N","K320N",0.028506879752002
"K",320,"P","K320P",-0.0826294761784016
"K",320,"Q","K320Q",-0.0856921958156478
"K",320,"R","K320R",0.00370342962216335
"K",320,"S","K320S",-0.0727938397896148
"K",320,"T","K320T",0.868432736116073
"K",320,"V","K320V",0.935549201968604
"K",320,"W","K320W",-0.843133957377532
"K",320,"Y","K320Y",0.339635086971849
"C",321,"A","C321A",0.310415473097607
"C",321,"D","C321D",-0.18693535585589
"C",321,"E","C321E",0.361119617352226
"C",321,"F","C321F",-1.13131792715254
"C",321,"G","C321G",-0.589172559866449
"C",321,"H","C321H",-0.08740502040607
"C",321,"I","C321I",1.28311653111151
"C",321,"K","C321K",-0.0171155928046921
"C",321,"L","C321L",1.41589277349
"C",321,"M","C321M",-0.171206990802615
"C",321,"N","C321N",-0.705741339783902
"C",321,"P","C321P",0.0775730184173725
"C",321,"Q","C321Q",0.145775381068972
"C",321,"R","C321R",-0.35514740170315
"C",321,"S","C321S",0.162895202087788
"C",321,"T","C321T",-0.109938400998586
"C",321,"V","C321V",-0.221414725977008
"C",321,"W","C321W",0.30227883136491
"C",321,"Y","C321Y",-0.324904786449503
"K",322,"A","K322A",-0.247271715268505
"K",322,"C","K322C",-0.649626784990261
"K",322,"D","K322D",-0.363195860313538
"K",322,"E","K322E",0.202182331592696
"K",322,"F","K322F",-0.176406551720143
"K",322,"G","K322G",-0.139900979386491
"K",322,"H","K322H",-0.163035867115989
"K",322,"I","K322I",-0.414081020524923
"K",322,"L","K322L",0.124936870451559
"K",322,"M","K322M",-0.107503461073037
"K",322,"N","K322N",-2.30345084095435
"K",322,"P","K322P",-0.360634468269727
"K",322,"Q","K322Q",-0.0118065507263098
"K",322,"R","K322R",-0.423743355210641
"K",322,"S","K322S",-0.166836383598293
"K",322,"T","K322T",-0.0949870660310265
"K",322,"V","K322V",-0.029940435443348
"K",322,"W","K322W",-0.426259488634021
"K",322,"Y","K322Y",0.0437215853732142
"V",323,"A","V323A",-0.196505903920286
"V",323,"C","V323C",-0.0236097422903804
"V",323,"D","V323D",1.12424229717094
"V",323,"E","V323E",0.0672925704896003
"V",323,"F","V323F",-0.66992884551789
"V",323,"G","V323G",-0.32944442876084
"V",323,"H","V323H",-1.70987660046599
"V",323,"I","V323I",1.61549273177716
"V",323,"K","V323K",-0.528009796374519
"V",323,"L","V323L",0.532998393759432
"V",323,"M","V323M",-1.02134126525122
"V",323,"N","V323N",0.533001731833012
"V",323,"P","V323P",-0.98042334930406
"V",323,"Q","V323Q",-0.101738002329402
"V",323,"R","V323R",-1.29322973183659
"V",323,"S","V323S",-0.668251958278262
"V",323,"T","V323T",0.110473267919637
"V",323,"W","V323W",-1.79603354563531
"V",323,"Y","V323Y",-1.18658915182293
"S",324,"A","S324A",0.43632233272364
"S",324,"C","S324C",0.350111709201814
"S",324,"D","S324D",0.879518727807391
"S",324,"E","S324E",-0.208866988748706
"S",324,"F","S324F",0.0561787012235577
"S",324,"G","S324G",1.16424685928027
"S",324,"H","S324H",-0.319689316011829
"S",324,"I","S324I",0.183055351783659
"S",324,"K","S324K",-0.181977279256424
"S",324,"L","S324L",0.16700187077457
"S",324,"M","S324M",1.49949487913072
"S",324,"N","S324N",-0.0943338229144897
"S",324,"P","S324P",-0.56884790120496
"S",324,"Q","S324Q",-0.538269518061856
"S",324,"R","S324R",0.0692851847693639
"S",324,"T","S324T",-0.110207427097471
"S",324,"V","S324V",-0.225223888998068
"S",324,"W","S324W",0.0585922953936307
"S",324,"Y","S324Y",0.0612491540141502
"N",325,"A","N325A",-2.69282697944156
"N",325,"C","N325C",-1.36880286935625
"N",325,"D","N325D",-0.731814086060771
"N",325,"E","N325E",-3.37275513899494
"N",325,"F","N325F",-3.48442682010534
"N",325,"G","N325G",-3.21096559780486
"N",325,"H","N325H",-0.776764724662353
"N",325,"I","N325I",-1.24789022897143
"N",325,"K","N325K",-2.83084633207212
"N",325,"L","N325L",-1.65300547596149
"N",325,"M","N325M",-2.0218171841947
"N",325,"P","N325P",-3.54102671849805
"N",325,"Q","N325Q",-1.31326681531455
"N",325,"R","N325R",-3.96620806680041
"N",325,"S","N325S",-1.70979281603834
"N",325,"T","N325T",-2.96091664672296
"N",325,"V","N325V",-2.08044303547716
"N",325,"W","N325W",-1.49127733749385
"N",325,"Y","N325Y",-3.21223222710076
"K",326,"A","K326A",2.79967239219793
"K",326,"C","K326C",1.66391888753459
"K",326,"D","K326D",0.213460236086003
"K",326,"E","K326E",2.25291301785332
"K",326,"F","K326F",0.0537782398357315
"K",326,"G","K326G",0.83926991512135
"K",326,"H","K326H",0.418229871167089
"K",326,"I","K326I",1.25773681637603
"K",326,"L","K326L",-0.619703222413639
"K",326,"M","K326M",3.15411894354068
"K",326,"N","K326N",2.22877613292408
"K",326,"P","K326P",0.458073077971894
"K",326,"Q","K326Q",1.47548526772203
"K",326,"R","K326R",-0.730597439253764
"K",326,"S","K326S",2.38964758388032
"K",326,"T","K326T",2.11219346620682
"K",326,"V","K326V",1.77272708994967
"K",326,"W","K326W",-0.481464584274532
"K",326,"Y","K326Y",2.34304107632176
"A",327,"C","A327C",-1.39028942223674
"A",327,"D","A327D",0.0190967541395967
"A",327,"E","A327E",-0.111181505688962
"A",327,"F","A327F",-0.835375366366489
"A",327,"G","A327G",-0.510690484907723
"A",327,"H","A327H",-1.80344262602575
"A",327,"I","A327I",-2.53442885208089
"A",327,"K","A327K",-2.4886832930435
"A",327,"L","A327L",-2.03466450423122
"A",327,"M","A327M",-0.616509389229285
"A",327,"N","A327N",-0.154170168679929
"A",327,"P","A327P",-2.13825658453323
"A",327,"Q","A327Q",-1.31311996255418
"A",327,"R","A327R",-3.69147491088257
"A",327,"S","A327S",-0.854572154719132
"A",327,"T","A327T",-1.98479433914597
"A",327,"V","A327V",-0.863894220880036
"A",327,"W","A327W",-0.984192404442029
"A",327,"Y","A327Y",-1.48790129537477
"L",328,"A","L328A",-0.287230517034128
"L",328,"C","L328C",0.00353611960413071
"L",328,"D","L328D",-3.39401922213678
"L",328,"E","L328E",-0.520495756988093
"L",328,"F","L328F",-0.203530400239933
"L",328,"G","L328G",-2.31770664460728
"L",328,"H","L328H",-2.12537036508664
"L",328,"I","L328I",0.00710047842548728
"L",328,"K","L328K",-2.27665125249358
"L",328,"M","L328M",-0.0263745643076357
"L",328,"N","L328N",-0.664263489379981
"L",328,"P","L328P",-3.11283152070582
"L",328,"Q","L328Q",0.169615981580762
"L",328,"R","L328R",-3.50392191746395
"L",328,"S","L328S",-0.642111359131675
"L",328,"T","L328T",-0.183494712720077
"L",328,"V","L328V",-0.324772281745769
"L",328,"W","L328W",-4.0530034107132
"L",328,"Y","L328Y",-0.294432458278723
"P",329,"A","P329A",-0.156468456502439
"P",329,"C","P329C",-3.43949307845034
"P",329,"D","P329D",-1.71353481287347
"P",329,"E","P329E",-1.05005132129382
"P",329,"F","P329F",-3.74253068650788
"P",329,"G","P329G",-0.728906373479917
"P",329,"H","P329H",-1.99151807917152
"P",329,"I","P329I",-3.02343744476419
"P",329,"K","P329K",-1.86425179204004
"P",329,"L","P329L",-1.37949788205791
"P",329,"M","P329M",-2.47035676723815
"P",329,"N","P329N",-0.538498950668917
"P",329,"Q","P329Q",-2.84280381746102
"P",329,"R","P329R",-3.16988580214128
"P",329,"S","P329S",-2.45551308717856
"P",329,"T","P329T",-1.9820599870237
"P",329,"V","P329V",-2.71092607412095
"P",329,"W","P329W",-3.9959550367215
"P",329,"Y","P329Y",-3.64123618819701
"A",330,"C","A330C",0.265748337159721
"A",330,"D","A330D",-0.161637396265723
"A",330,"E","A330E",-0.270123147551413
"A",330,"F","A330F",2.6119014970251
"A",330,"G","A330G",-0.00370642986877
"A",330,"H","A330H",-0.110844154072525
"A",330,"I","A330I",-0.0812366267993088
"A",330,"K","A330K",-0.574948309010566
"A",330,"L","A330L",1.38748388169996
"A",330,"M","A330M",2.21402728517592
"A",330,"N","A330N",-0.0387220415620517
"A",330,"P","A330P",-2.01967875441834
"A",330,"Q","A330Q",-0.336840870503364
"A",330,"R","A330R",-0.267946141792997
"A",330,"S","A330S",-0.375236654078328
"A",330,"T","A330T",-0.152162817672185
"A",330,"V","A330V",0.119160094291026
"A",330,"W","A330W",2.65490922242231
"A",330,"Y","A330Y",2.40546653045772
"P",331,"A","P331A",0.0864345328607242
"P",331,"C","P331C",0.00384195911241468
"P",331,"D","P331D",-0.105325908235358
"P",331,"E","P331E",-0.208780613055471
"P",331,"F","P331F",-0.0329331293661489
"P",331,"G","P331G",-3.03778056068392
"P",331,"H","P331H",-0.396411061578138
"P",331,"I","P331I",-0.546679687104864
"P",331,"K","P331K",-0.238093105807849
"P",331,"L","P331L",0.0338536706883088
"P",331,"M","P331M",-0.418631204765817
"P",331,"N","P331N",-0.0855857803363863
"P",331,"Q","P331Q",-0.661896795107831
"P",331,"R","P331R",-0.481005642359757
"P",331,"S","P331S",-0.189028310056777
"P",331,"T","P331T",-0.157973602231673
"P",331,"V","P331V",0.333742358309925
"P",331,"W","P331W",-0.37374506081687
"P",331,"Y","P331Y",-0.280092085959792
"I",332,"C","I332C",-0.545368365116832
"I",332,"D","I332D",4.1638948502806
"I",332,"E","I332E",3.44895096597177
"I",332,"F","I332F",0.549346119622932
"I",332,"G","I332G",0.153661696796209
"I",332,"H","I332H",-0.0459306560527863
"I",332,"K","I332K",-1.78436063026129
"I",332,"L","I332L",-0.497085215785157
"I",332,"M","I332M",-0.0611684138465702
"I",332,"N","I332N",-0.0539357716204133
"I",332,"P","I332P",-0.0967456775348335
"I",332,"Q","I332Q",1.45197449873362
"I",332,"R","I332R",-3.81117296234954
"I",332,"S","I332S",1.93623199217207
"I",332,"T","I332T",0.837598896004854
"I",332,"V","I332V",-0.546919064006703
"I",332,"W","I332W",0.268584145414371
"I",332,"Y","I332Y",0.979319537785556
"E",333,"A","E333A",0.0998777639557483
"E",333,"C","E333C",-0.0741282796417612
"E",333,"D","E333D",1.38127023728179
"E",333,"F","E333F",-0.481760847388027
"E",333,"G","E333G",-0.943964144437822
"E",333,"H","E333H",-0.159235601389751
"E",333,"I","E333I",-0.284063713601113
"E",333,"K","E333K",-0.468855475782054
"E",333,"L","E333L",-0.137026446412381
"E",333,"M","E333M",-0.109788792004305
"E",333,"N","E333N",-0.847134743558374
"E",333,"P","E333P",0.316644476384587
"E",333,"Q","E333Q",-0.13946095029859
"E",333,"R","E333R",-0.0799925770266927
"E",333,"S","E333S",0.00649035474351139
"E",333,"T","E333T",-0.192389097475687
"E",333,"V","E333V",0.267162784091376
"E",333,"W","E333W",-0.0735371315382219
"E",333,"Y","E333Y",0.276064519155493
"K",334,"A","K334A",3.3974558887624
"K",334,"C","K334C",0.213586334594432
"K",334,"D","K334D",2.79784783099229
"K",334,"E","K334E",3.74195751178736
"K",334,"F","K334F",2.62128962929729
"K",334,"G","K334G",-0.17456224787731
"K",334,"H","K334H",1.99839221148719
"K",334,"I","K334I",3.43344417315921
"K",334,"L","K334L",2.70872297447452
"K",334,"M","K334M",2.17644156763366
"K",334,"N","K334N",2.68585138477889
"K",334,"P","K334P",3.4319989072539
"K",334,"Q","K334Q",2.10583508468116
"K",334,"R","K334R",-0.355883292921676
"K",334,"S","K334S",3.55635529225467
"K",334,"T","K334T",3.64536357033749
"K",334,"V","K334V",2.34621396978444
"K",334,"W","K334W",2.3133557216842
"K",334,"Y","K334Y",3.55698563484538
"T",335,"A","T335A",-0.0350071255291716
"T",335,"C","T335C",-0.191787160038778
"T",335,"D","T335D",1.22773045858057
"T",335,"E","T335E",-0.427982776791761
"T",335,"F","T335F",-0.419105930831836
"T",335,"G","T335G",-0.0836945223076035
"T",335,"H","T335H",-0.0737246585634718
"T",335,"I","T335I",-0.204664636037606
"T",335,"K","T335K",-0.190970124031367
"T",335,"L","T335L",0.215349960922317
"T",335,"M","T335M",0.0491992218755583
"T",335,"N","T335N",-0.661419340138119
"T",335,"P","T335P",1.4050151348004
"T",335,"Q","T335Q",-0.035380943942762
"T",335,"R","T335R",-0.0888125804849186
"T",335,"S","T335S",0.0674132393825424
"T",335,"V","T335V",0.728130323520394
"T",335,"W","T335W",-0.232927792810789
"T",335,"Y","T335Y",-0.214064697978417
"I",336,"A","I336A",0.856349931979807
"I",336,"C","I336C",2.25661287949017
"I",336,"D","I336D",-0.0982709041186674
"I",336,"E","I336E",1.80355938047187
"I",336,"F","I336F",-0.116248657441398
"I",336,"G","I336G",0.167317305776233
"I",336,"H","I336H",0.795650049942477
"I",336,"K","I336K",0.205691982719682
"I",336,"L","I336L",0.453769641913158
"I",336,"M","I336M",0.276113098198565
"I",336,"N","I336N",0.547568865129128
"I",336,"P","I336P",-0.387849753532719
"I",336,"Q","I336Q",-0.223493214406136
"I",336,"R","I336R",0.186540670179824
"I",336,"S","I336S",1.35399071224593
"I",336,"T","I336T",1.14322520794172
"I",336,"V","I336V",1.10838564886079
"I",336,"W","I336W",-0.0383160834529359
"I",336,"Y","I336Y",0.0169889202390169
"S",337,"A","S337A",-0.273717390635466
"S",337,"C","S337C",0.0544044328359474
"S",337,"D","S337D",0.908816374559686
"S",337,"E","S337E",-0.854395866269238
"S",337,"F","S337F",-0.114913826249464
"S",337,"G","S337G",-0.0257769623767822
"S",337,"H","S337H",0.574864248442128
"S",337,"I","S337I",0.092663932327063
"S",337,"K","S337K",-0.539067782106407
"S",337,"L","S337L",-0.164216655185413
"S",337,"M","S337M",-0.195276423246445
"S",337,"N","S337N",0.65656329269873
"S",337,"P","S337P",0.529774499317728
"S",337,"Q","S337Q",-0.159471112264493
"S",337,"R","S337R",0.249682474434351
"S",337,"T","S337T",-0.0774378897267312
"S",337,"V","S337V",0.123138984668625
"S",337,"W","S337W",-0.250231284803875
"S",337,"Y","S337Y",0.122585112898622
"K",338,"A","K338A",-0.19820481781233
"K",338,"C","K338C",-0.0512422162566307
"K",338,"D","K338D",0.652034063386547
"K",338,"E","K338E",-0.643702056954787
"K",338,"F","K338F",-0.237596630955538
"K",338,"G","K338G",0.367746231341239
"K",338,"H","K338H",0.433022265223774
"K",338,"I","K338I",-0.343759399828877
"K",338,"L","K338L",-0.215113291139115
"K",338,"M","K338M",-0.0680601645988594
"K",338,"N","K338N",2.36446745675189
"K",338,"P","K338P",2.36582687722605
"K",338,"Q","K338Q",-0.383917717872727
"K",338,"R","K338R",0.0662769449533783
"K",338,"S","K338S",0.401676779176055
"K",338,"T","K338T",0.177521711653008
"K",338,"V","K338V",-0.0387396576450052
"K",338,"W","K338W",-0.395679797650831
"K",338,"Y","K338Y",-0.0796876649565923
"A",339,"C","A339C",0.666089415878475
"A",339,"D","A339D",0.48166663821728
"A",339,"E","A339E",0.0926259446398142
"A",339,"F","A339F",0.911274646109161
"A",339,"G","A339G",-0.247289723802007
"A",339,"H","A339H",1.98205775842897
"A",339,"I","A339I",1.81866027225158
"A",339,"K","A339K",1.75137403438153
"A",339,"L","A339L",-0.0866127821986799
"A",339,"M","A339M",-0.285255121925017
"A",339,"N","A339N",1.33397795000829
"A",339,"P","A339P",0.893177752963331
"A",339,"Q","A339Q",0.576799024649662
"A",339,"R","A339R",1.66689354082722
"A",339,"S","A339S",1.23380427359022
"A",339,"T","A339T",1.81964168107924
"A",339,"V","A339V",0.617015561249757
"A",339,"W","A339W",0.847793883263993
"A",339,"Y","A339Y",0.933644454089709
"K",340,"A","K340A",-0.122705397490791
"K",340,"C","K340C",0.184660424841417
"K",340,"D","K340D",0.167328375578399
"K",340,"E","K340E",0.224557296127077
"K",340,"F","K340F",0.553572449407688
"K",340,"G","K340G",0.721468932077353
"K",340,"H","K340H",0.464950013309788
"K",340,"I","K340I",-0.287259835428721
"K",340,"L","K340L",-0.469131878231135
"K",340,"M","K340M",-0.055459040817109
"K",340,"N","K340N",-0.432617212311294
"K",340,"P","K340P",0.51181150086437
"K",340,"Q","K340Q",0.120581358417683
"K",340,"R","K340R",-0.277857163992328
"K",340,"S","K340S",-0.0175189380023415
"K",340,"T","K340T",0.101604931647257
"K",340,"V","K340V",-0.231088502133149
"K",340,"W","K340W",0.567783038927343
"K",340,"Y","K340Y",0.12479591027473
"G",341,"A","G341A",-0.204481794373445
"G",341,"C","G341C",-0.240664898914536
"G",341,"D","G341D",0.0934771361608429
"G",341,"E","G341E",0.0985887298173056
"G",341,"F","G341F",-0.132107871586926
"G",341,"H","G341H",-0.136869655759188
"G",341,"I","G341I",-0.626362236475988
"G",341,"K","G341K",-0.187505030961813
"G",341,"L","G341L",-0.183331434701779
"G",341,"M","G341M",-0.296628038878339
"G",341,"N","G341N",-0.306111134555448
"G",341,"P","G341P",-1.30927820821945
"G",341,"Q","G341Q",-0.436127060122275
"G",341,"R","G341R",-0.240271712622141
"G",341,"S","G341S",-0.528883812359942
"G",341,"T","G341T",-0.57617167844592
"G",341,"V","G341V",-1.19766479013741
"G",341,"W","G341W",0.00434761488178702
"G",341,"Y","G341Y",0.223079886434371
"Q",342,"A","Q342A",0.3976689621531
"Q",342,"C","Q342C",0.0842928245192114
"Q",342,"D","Q342D",-0.318560995208863
"Q",342,"E","Q342E",-0.0281418213404453
"Q",342,"F","Q342F",-0.0332506055890485
"Q",342,"G","Q342G",-0.0344701435328008
"Q",342,"H","Q342H",-0.0673922218393438
"Q",342,"I","Q342I",-0.0501999098747464
"Q",342,"K","Q342K",0.154793870181175
"Q",342,"L","Q342L",-0.02756913126715
"Q",342,"M","Q342M",0.243770943058506
"Q",342,"N","Q342N",0.752433160301117
"Q",342,"P","Q342P",-0.534880788857611
"Q",342,"R","Q342R",-0.190455813307364
"Q",342,"S","Q342S",-0.41681548597386
"Q",342,"T","Q342T",0.602513513158587
"Q",342,"V","Q342V",0.283205877511071
"Q",342,"W","Q342W",-0.0455191728972871
"Q",342,"Y","Q342Y",0.0547730575470658
"P",343,"A","P343A",0.349089308821427
"P",343,"C","P343C",-0.163306718121182
"P",343,"D","P343D",-0.344610494031728
"P",343,"E","P343E",0.168056846845731
"P",343,"F","P343F",0.0558093918138415
"P",343,"G","P343G",-0.465939215014611
"P",343,"H","P343H",-0.0251981744218173
"P",343,"I","P343I",-0.218471253928698
"P",343,"K","P343K",0.058899681969494
"P",343,"L","P343L",-0.360169943048014
"P",343,"M","P343M",0.259369621115383
"P",343,"N","P343N",0.0709838788520999
"P",343,"Q","P343Q",-0.0386850283437797
"P",343,"R","P343R",-0.307960030250464
"P",343,"S","P343S",0.209098049153883
"P",343,"T","P343T",-0.0551282470204124
"P",343,"V","P343V",-0.436635279177875
"P",343,"W","P343W",-0.158572406269423
"P",343,"Y","P343Y",-0.221384470308074
"R",344,"A","R344A",0.0875741296148971
"R",344,"C","R344C",-0.348995082557574
"R",344,"D","R344D",-0.191428361205948
"R",344,"E","R344E",-0.0464402053287604
"R",344,"F","R344F",0.703235957211651
"R",344,"G","R344G",-1.34511921593242
"R",344,"H","R344H",-0.0962383212464583
"R",344,"I","R344I",-0.303065276548383
"R",344,"K","R344K",-0.0663644602672811
"R",344,"L","R344L",0.375315730201524
"R",344,"M","R344M",0.282183910349198
"R",344,"N","R344N",-0.122144616293605
"R",344,"P","R344P",-0.355705827400745
"R",344,"Q","R344Q",0.0584136471106227
"R",344,"S","R344S",-0.00374934997583191
"R",344,"T","R344T",0.483524363689989
"R",344,"V","R344V",-0.275342552530193
"R",344,"Y","R344Y",-1.24304313626229
"E",345,"A","E345A",-0.131503641394856
"E",345,"C","E345C",-0.292358545524601
"E",345,"D","E345D",0.432946681930054
"E",345,"F","E345F",-0.0486543061309638
"E",345,"G","E345G",-0.238646040557558
"E",345,"H","E345H",-0.0951089032860553
"E",345,"I","E345I",-0.12716690855652
"E",345,"K","E345K",-0.118473767183908
"E",345,"L","E345L",-0.303937381209789
"E",345,"M","E345M",0.247547013125976
"E",345,"N","E345N",0.130483326289729
"E",345,"P","E345P",0.0722545015393253
"E",345,"Q","E345Q",-0.0768190653276286
"E",345,"R","E345R",0.159216623213162
"E",345,"S","E345S",-0.0883942168807007
"E",345,"T","E345T",-0.231652050773353
"E",345,"V","E345V",-0.338794387380689
"E",345,"W","E345W",0.0535466262410867
"E",345,"Y","E345Y",-0.711949569328123
"P",346,"A","P346A",0.458632999885249
"P",346,"C","P346C",-0.200465058842333
"P",346,"D","P346D",-0.291335479639115
"P",346,"E","P346E",-0.991471833970807
"P",346,"F","P346F",0.039299540955363
"P",346,"G","P346G",0.410641703844746
"P",346,"H","P346H",0.058699431615943
"P",346,"I","P346I",-0.164991745966645
"P",346,"K","P346K",-1.09936159046518
"P",346,"L","P346L",0.719951365121433
"P",346,"M","P346M",0.00987723183755901
"P",346,"N","P346N",-0.213728662231408
"P",346,"Q","P346Q",-0.655614823294378
"P",346,"R","P346R",-2.03091096216156
"P",346,"S","P346S",0.38376501526305
"P",346,"T","P346T",0.36367487371692
"P",346,"V","P346V",0.644172140558702
"P",346,"W","P346W",-3.26730341732881
"P",346,"Y","P346Y",-2.23048641885615
"Q",347,"A","Q347A",-0.00404140988410025
"Q",347,"C","Q347C",0.00313948620997122
"Q",347,"D","Q347D",-0.00539242436288483
"Q",347,"E","Q347E",-0.356209479471901
"Q",347,"F","Q347F",-0.0777675818323081
"Q",347,"G","Q347G",2.64514448326997
"Q",347,"H","Q347H",0.216888772266378
"Q",347,"I","Q347I",-0.312380019765283
"Q",347,"K","Q347K",0.209474680517888
"Q",347,"L","Q347L",-0.312813791978484
"Q",347,"M","Q347M",-0.111113311899033
"Q",347,"N","Q347N",0.29987516448292
"Q",347,"P","Q347P",0.385156119563073
"Q",347,"R","Q347R",-0.147686418537553
"Q",347,"S","Q347S",0.22935979830901
"Q",347,"T","Q347T",-0.0520661598249685
"Q",347,"V","Q347V",-0.287607196398524
"Q",347,"W","Q347W",0.0916271188413188
"Q",347,"Y","Q347Y",-0.129470147886363
"V",348,"A","V348A",0.213514211022592
"V",348,"C","V348C",0.351720635369558
"V",348,"D","V348D",-0.284455233236977
"V",348,"E","V348E",-0.410093600652979
"V",348,"F","V348F",-0.305811996019742
"V",348,"G","V348G",-0.042583200320453
"V",348,"H","V348H",-0.0355804377600456
"V",348,"I","V348I",0.70790468798646
"V",348,"K","V348K",-0.128674824719008
"V",348,"L","V348L",-0.2376258727683
"V",348,"M","V348M",-0.0797786003449477
"V",348,"N","V348N",-1.16629938251117
"V",348,"P","V348P",-0.383736671405299
"V",348,"Q","V348Q",-0.398049854636316
"V",348,"R","V348R",0.15142464135794
"V",348,"S","V348S",0.00334376772786957
"V",348,"T","V348T",-0.333633798411654
"V",348,"W","V348W",-0.292359374568983
"V",348,"Y","V348Y",-0.0923258012174033
"Y",349,"A","Y349A",-0.137823507791502
"Y",349,"C","Y349C",-0.117022110921307
"Y",349,"D","Y349D",-0.045282375097841
"Y",349,"E","Y349E",-0.674518577006569
"Y",349,"F","Y349F",-0.151644331236353
"Y",349,"G","Y349G",0.15138661623057
"Y",349,"H","Y349H",0.203459654755353
"Y",349,"I","Y349I",0.00445093382124122
"Y",349,"K","Y349K",-0.196065103407464
"Y",349,"L","Y349L",-0.101997871870062
"Y",349,"M","Y349M",-0.0403098813153705
"Y",349,"N","Y349N",0.0669515465973514
"Y",349,"P","Y349P",-0.234762612855251
"Y",349,"Q","Y349Q",-0.318544251219233
"Y",349,"R","Y349R",0.0759626668573096
"Y",349,"S","Y349S",-0.0105445822982523
"Y",349,"T","Y349T",-0.149373158635038
"Y",349,"V","Y349V",-0.332086912772458
"Y",349,"W","Y349W",-0.625186754756316
"T",350,"A","T350A",2.16043006550215
"T",350,"C","T350C",0.421986942210691
"T",350,"D","T350D",2.38779164107127
"T",350,"E","T350E",2.68147099819809
"T",350,"F","T350F",0.55166530963604
"T",350,"G","T350G",2.51547802799453
"T",350,"H","T350H",2.21393661737241
"T",350,"I","T350I",0.116286255114266
"T",350,"K","T350K",0.941894845899469
"T",350,"L","T350L",0.824506590556904
"T",350,"M","T350M",-0.314958455851918
"T",350,"N","T350N",2.40886015811332
"T",350,"P","T350P",0.455116411374558
"T",350,"Q","T350Q",0.366837001504671
"T",350,"R","T350R",-0.492903750150081
"T",350,"S","T350S",2.17763931858579
"T",350,"V","T350V",0.489398596821383
"T",350,"W","T350W",0.368469985474403
"T",350,"Y","T350Y",1.30439003797688
"L",351,"A","L351A",1.14422680941985
"L",351,"C","L351C",-0.0452040783539423
"L",351,"D","L351D",0.603379327262
"L",351,"E","L351E",1.20182995372044
"L",351,"F","L351F",1.65823877011927
"L",351,"G","L351G",1.2752788505639
"L",351,"H","L351H",1.08485856416234
"L",351,"I","L351I",0.168760084743146
"L",351,"K","L351K",0.690614023097657
"L",351,"M","L351M",-0.0694297155085227
"L",351,"N","L351N",0.504904003437751
"L",351,"P","L351P",1.65519815232334
"L",351,"Q","L351Q",0.449410688268859
"L",351,"R","L351R",0.300253619809867
"L",351,"S","L351S",0.879711927978903
"L",351,"T","L351T",0.232537589275151
"L",351,"V","L351V",-0.265036359151199
"L",351,"W","L351W",1.65768888859356
"L",351,"Y","L351Y",1.04734422401597
"P",352,"A","P352A",0.0950878171416116
"P",352,"C","P352C",0.249977267188786
"P",352,"D","P352D",0.655933805000801
"P",352,"E","P352E",0.241178939891253
"P",352,"F","P352F",0.532260457575897
"P",352,"G","P352G",-0.101636644876512
"P",352,"H","P352H",0.24658111889759
"P",352,"I","P352I",0.00423018885267706
"P",352,"K","P352K",0.00804382572141261
"P",352,"L","P352L",0.348670381963533
"P",352,"M","P352M",0.556780629889692
"P",352,"N","P352N",0.272080669189932
"P",352,"Q","P352Q",0.0867636599601078
"P",352,"R","P352R",-0.0973824983198929
"P",352,"S","P352S",-0.516465883900075
"P",352,"T","P352T",0.409312479138087
"P",352,"V","P352V",0.523199840891542
"P",352,"W","P352W",0.642001408209423
"P",352,"Y","P352Y",1.11049256673789
"P",353,"A","P353A",0.525547998789546
"P",353,"C","P353C",1.59442732211214
"P",353,"D","P353D",0.0599964519734385
"P",353,"E","P353E",-0.209650210893869
"P",353,"F","P353F",0.128727625071646
"P",353,"G","P353G",0.988570487596241
"P",353,"H","P353H",0.183526176725248
"P",353,"I","P353I",0.109755222564132
"P",353,"K","P353K",-0.333867554189372
"P",353,"L","P353L",0.330889595356209
"P",353,"M","P353M",-0.153397622763951
"P",353,"N","P353N",0.884580680510867
"P",353,"Q","P353Q",0.180537697053434
"P",353,"R","P353R",0.0852887372579324
"P",353,"S","P353S",0.861947645317831
"P",353,"T","P353T",0.253527192871704
"P",353,"V","P353V",0.199055870198942
"P",353,"W","P353W",0.19177435460267
"P",353,"Y","P353Y",0.153181074237409
"S",354,"A","S354A",0.0227462554502437
"S",354,"C","S354C",0.371162290035389
"S",354,"D","S354D",0.127890871142605
"S",354,"E","S354E",0.0607512659212347
"S",354,"F","S354F",0.928050981715979
"S",354,"G","S354G",0.0920025238114914
"S",354,"H","S354H",0.950730458162966
"S",354,"I","S354I",0.59313715154885
"S",354,"K","S354K",-0.0526030608321041
"S",354,"L","S354L",0.283009295546142
"S",354,"M","S354M",1.46732360173272
"S",354,"N","S354N",-0.143777583510246
"S",354,"P","S354P",-0.105557396348876
"S",354,"Q","S354Q",0.507149247691007
"S",354,"R","S354R",0.492081102923819
"S",354,"T","S354T",0.0112984992658333
"S",354,"V","S354V",0.195788312170285
"S",354,"W","S354W",0.331929626760173
"S",354,"Y","S354Y",0.100093661960481
"R",355,"A","R355A",-0.513946176933472
"R",355,"C","R355C",0.0484112736579999
"R",355,"D","R355D",0.67349102900121
"R",355,"E","R355E",0.310211017081276
"R",355,"F","R355F",0.356389650274504
"R",355,"G","R355G",0.00531732643759231
"R",355,"H","R355H",0.244503656902018
"R",355,"I","R355I",0.30488617996404
"R",355,"K","R355K",0.00970851759437085
"R",355,"L","R355L",-0.0914113390425869
"R",355,"M","R355M",-0.166098540248348
"R",355,"N","R355N",-0.0787022500393259
"R",355,"P","R355P",0.156954280221959
"R",355,"Q","R355Q",-0.0353968707866244
"R",355,"S","R355S",0.382141236981199
"R",355,"T","R355T",-0.15022050223079
"R",355,"V","R355V",-0.220348689194049
"R",355,"W","R355W",0.227937557441911
"R",355,"Y","R355Y",-0.168019588762592
"D",356,"A","D356A",0.137931061199004
"D",356,"C","D356C",-0.129388493209036
"D",356,"E","D356E",0.123301860820838
"D",356,"F","D356F",-0.172247783575916
"D",356,"G","D356G",-0.155905165535404
"D",356,"H","D356H",0.00843936096363181
"D",356,"I","D356I",0.00541052356089822
"D",356,"K","D356K",-0.141983197668612
"D",356,"L","D356L",0.0408439082379844
"D",356,"M","D356M",0.216338820980454
"D",356,"N","D356N",-0.00514629325550336
"D",356,"P","D356P",-0.141026279792746
"D",356,"Q","D356Q",-0.60519298780507
"D",356,"R","D356R",-0.483547013584505
"D",356,"S","D356S",-0.144875258869143
"D",356,"T","D356T",-0.0826278315707326
"D",356,"V","D356V",0.0973102585044659
"D",356,"W","D356W",-0.0379552373137203
"D",356,"Y","D356Y",0.194572947703799
"E",357,"A","E357A",-0.118139384472531
"E",357,"C","E357C",0.0444653388612986
"E",357,"D","E357D",-0.327608101399841
"E",357,"F","E357F",-0.00181038567837908
"E",357,"G","E357G",-0.120054064115334
"E",357,"H","E357H",-0.0752962665596316
"E",357,"I","E357I",-0.252556824987334
"E",357,"K","E357K",-0.00682066158880019
"E",357,"L","E357L",-0.233509365852645
"E",357,"M","E357M",0.0434114848269479
"E",357,"N","E357N",0.127408752925849
"E",357,"Q","E357Q",-0.359887645855926
"E",357,"R","E357R",-0.145158928755017
"E",357,"S","E357S",-0.0665592977500083
"E",357,"T","E357T",0.0392464663706095
"E",357,"V","E357V",-0.312947736626444
"E",357,"W","E357W",-0.18174095597279
"E",357,"Y","E357Y",0.0634596999868687
"L",358,"A","L358A",-0.0180547429110712
"L",358,"C","L358C",-0.0595830560263219
"L",358,"D","L358D",-0.38320756963346
"L",358,"E","L358E",0.405043417171566
"L",358,"F","L358F",0.0707890996094253
"L",358,"G","L358G",0.0596434803943526
"L",358,"H","L358H",-0.226808089699482
"L",358,"I","L358I",-0.232246877201197
"L",358,"K","L358K",-0.0743860384833071
"L",358,"M","L358M",-0.176177691670401
"L",358,"N","L358N",0.0644685435417391
"L",358,"P","L358P",-0.173998823639107
"L",358,"Q","L358Q",0.202377751190107
"L",358,"R","L358R",-0.417517942809907
"L",358,"S","L358S",0.176799701650546
"L",358,"T","L358T",-0.0530402275020006
"L",358,"V","L358V",0.411550257298736
"L",358,"W","L358W",0.593985372980829
"L",358,"Y","L358Y",0.549333892258154
"T",359,"A","T359A",-0.121438728863468
"T",359,"C","T359C",0.156250728106504
"T",359,"D","T359D",-0.0207012450424489
"T",359,"E","T359E",0.341732158141571
"T",359,"F","T359F",0.0749774290127478
"T",359,"G","T359G",-0.0288148949698774
"T",359,"H","T359H",-0.395144792048713
"T",359,"I","T359I",0.107040351194619
"T",359,"K","T359K",-0.15788099998516
"T",359,"L","T359L",0.0247398119737756
"T",359,"M","T359M",-0.69671790243571
"T",359,"N","T359N",-0.217217281435017
"T",359,"P","T359P",-0.206498996369339
"T",359,"Q","T359Q",-0.611200772758317
"T",359,"R","T359R",-0.247135046508838
"T",359,"S","T359S",0.0443321711839816
"T",359,"V","T359V",-0.557664193122109
"T",359,"W","T359W",-0.137798394637307
"T",359,"Y","T359Y",-0.762378613134191
"K",360,"A","K360A",0.0934472403221286
"K",360,"C","K360C",0.0225458566903293
"K",360,"D","K360D",-0.0215536395392257
"K",360,"E","K360E",0.10051511503952
"K",360,"F","K360F",-0.00461597733956068
"K",360,"G","K360G",0.057356700917831
"K",360,"H","K360H",0.2758826821064
"K",360,"I","K360I",-0.0820519743345372
"K",360,"L","K360L",-0.187185291767827
"K",360,"M","K360M",-0.0818459493817373
"K",360,"N","K360N",-0.0767451747986916
"K",360,"P","K360P",0.0657115293662657
"K",360,"Q","K360Q",0.259921228346457
"K",360,"R","K360R",-0.0337900048285131
"K",360,"S","K360S",-0.45656197686148
"K",360,"T","K360T",0.256016346634592
"K",360,"V","K360V",0.369800535100362
"K",360,"W","K360W",0.418702578470137
"K",360,"Y","K360Y",-0.20670674327989
"N",361,"A","N361A",0.252307323230153
"N",361,"C","N361C",-0.376261822255469
"N",361,"D","N361D",0.31312374896041
"N",361,"E","N361E",0.0145769338353428
"N",361,"F","N361F",-0.0914888703968193
"N",361,"G","N361G",0.246557956165196
"N",361,"H","N361H",0.279996274836494
"N",361,"I","N361I",0.151999296382107
"N",361,"K","N361K",-0.0632624835242509
"N",361,"L","N361L",-0.309787279782069
"N",361,"M","N361M",0.172939566340183
"N",361,"P","N361P",-0.186358020414147
"N",361,"Q","N361Q",0.126441222325816
"N",361,"R","N361R",0.0714738533299326
"N",361,"S","N361S",0.352658718455466
"N",361,"T","N361T",-0.280991946064334
"N",361,"V","N361V",0.362421618290236
"N",361,"W","N361W",0.0658153604439828
"N",361,"Y","N361Y",-0.178111791614403
"Q",362,"A","Q362A",-0.00461944999631385
"Q",362,"C","Q362C",-0.533408657733475
"Q",362,"D","Q362D",0.200914469644244
"Q",362,"E","Q362E",0.208867848399127
"Q",362,"F","Q362F",0.219385407770734
"Q",362,"G","Q362G",0.129757751851423
"Q",362,"H","Q362H",0.214035924355492
"Q",362,"I","Q362I",0.114923117839331
"Q",362,"K","Q362K",0.226351225909729
"Q",362,"L","Q362L",-0.250618292333498
"Q",362,"M","Q362M",0.0631862745943715
"Q",362,"N","Q362N",0.0636133575920162
"Q",362,"P","Q362P",0.0247510058310375
"Q",362,"R","Q362R",0.284681949099515
"Q",362,"S","Q362S",-0.423466763425982
"Q",362,"T","Q362T",0.244252983529616
"Q",362,"V","Q362V",0.559358427125321
"Q",362,"W","Q362W",-0.275390092645304
"Q",362,"Y","Q362Y",0.0939860661875044
"V",363,"A","V363A",-0.500266151877766
"V",363,"C","V363C",-0.198299585926097
"V",363,"D","V363D",-0.499481721014462
"V",363,"E","V363E",0.300214724867848
"V",363,"F","V363F",-0.105694999462499
"V",363,"G","V363G",-0.734006301279362
"V",363,"H","V363H",0.388381796922317
"V",363,"I","V363I",-0.861163832296031
"V",363,"K","V363K",-0.291986678097494
"V",363,"L","V363L",0.494797482736267
"V",363,"M","V363M",0.210664576418532
"V",363,"N","V363N",0.0815663474150353
"V",363,"P","V363P",-0.510312550627245
"V",363,"Q","V363Q",0.576458840747878
"V",363,"R","V363R",0.0238945947361669
"V",363,"S","V363S",-0.22645277043995
"V",363,"T","V363T",0.547574402934622
"V",363,"W","V363W",0.00375491034322539
"V",363,"Y","V363Y",0.207106989169437
"S",364,"A","S364A",-0.274609680631061
"S",364,"C","S364C",0.0655937619708222
"S",364,"D","S364D",-0.236073733095942
"S",364,"E","S364E",-0.0338573341301228
"S",364,"F","S364F",-0.113049803893516
"S",364,"G","S364G",-0.209978644306705
"S",364,"H","S364H",-0.255482697499256
"S",364,"I","S364I",-0.408048687935013
"S",364,"K","S364K",-0.275643392081004
"S",364,"L","S364L",-0.0633426770336772
"S",364,"M","S364M",-0.332441169358892
"S",364,"N","S364N",-2.41549189484072
"S",364,"P","S364P",-0.0397562663352885
"S",364,"Q","S364Q",-0.0810339390066088
"S",364,"R","S364R",-0.444029349615865
"S",364,"T","S364T",0.0461537809949207
"S",364,"V","S364V",0.0131731262431524
"S",364,"W","S364W",-0.232717166959566
"S",364,"Y","S364Y",0.278108006086725
"L",365,"A","L365A",0.0345974852620043
"L",365,"C","L365C",0.143214740545807
"L",365,"D","L365D",-1.01714751932756
"L",365,"E","L365E",0.458794630990691
"L",365,"F","L365F",0.931792070155753
"L",365,"G","L365G",0.071764445210886
"L",365,"H","L365H",2.21416115298124
"L",365,"I","L365I",0.0895688626948434
"L",365,"K","L365K",-0.0402028367602653
"L",365,"M","L365M",0.0585610702702322
"L",365,"N","L365N",0.0946762845684934
"L",365,"P","L365P",-0.195883084073082
"L",365,"Q","L365Q",0.493785188006904
"L",365,"R","L365R",-0.258280406008924
"L",365,"S","L365S",0.317383648412863
"L",365,"T","L365T",-0.068932246727363
"L",365,"V","L365V",-0.141045328439766
"L",365,"W","L365W",-0.0258198357818909
"L",365,"Y","L365Y",-0.163879393060805
"T",366,"A","T366A",-0.0740289449008419
"T",366,"C","T366C",-0.541616189940262
"T",366,"D","T366D",1.63837020202376
"T",366,"E","T366E",0.314406975603834
"T",366,"F","T366F",0.639872185613935
"T",366,"G","T366G",0.21670684849203
"T",366,"H","T366H",-0.182870285255434
"T",366,"I","T366I",2.22886647147713
"T",366,"K","T366K",-0.390237404362388
"T",366,"L","T366L",0.864352018949529
"T",366,"M","T366M",0.150541725152842
"T",366,"N","T366N",0.171406124223642
"T",366,"P","T366P",0.162606527791102
"T",366,"Q","T366Q",0.252607920554562
"T",366,"R","T366R",-0.47810387871783
"T",366,"S","T366S",-0.158943098988405
"T",366,"V","T366V",3.13735137293185
"T",366,"W","T366W",0.636950807210166
"T",366,"Y","T366Y",-0.519596967855621
"C",367,"A","C367A",0.349568956560014
"C",367,"D","C367D",-0.555282102893464
"C",367,"E","C367E",0.25206303892492
"C",367,"F","C367F",1.0532362621413
"C",367,"G","C367G",-0.0364604688903124
"C",367,"H","C367H",2.31085515506212
"C",367,"I","C367I",1.856943170571
"C",367,"K","C367K",0.163566040539316
"C",367,"L","C367L",1.44292725256058
"C",367,"M","C367M",1.51295122201787
"C",367,"N","C367N",1.45639250994715
"C",367,"P","C367P",0.222717570115681
"C",367,"Q","C367Q",0.634650131361258
"C",367,"R","C367R",-1.33752248202907
"C",367,"S","C367S",-0.194953252987209
"C",367,"T","C367T",0.998608463077524
"C",367,"V","C367V",1.18921628823907
"C",367,"W","C367W",0.491748052575603
"C",367,"Y","C367Y",-0.116699470352706
"L",368,"A","L368A",0.0957506227592033
"L",368,"C","L368C",-0.102599077257334
"L",368,"D","L368D",0.639815897491432
"L",368,"E","L368E",-0.0858901874754929
"L",368,"F","L368F",-0.558092813734381
"L",368,"G","L368G",-0.535752094324992
"L",368,"H","L368H",0.124974891162855
"L",368,"I","L368I",0.340930000660154
"L",368,"K","L368K",0.273834123400893
"L",368,"M","L368M",0.876172802105508
"L",368,"N","L368N",0.367520881677934
"L",368,"P","L368P",-0.153776288979317
"L",368,"Q","L368Q",0.389134062069651
"L",368,"R","L368R",-0.239531999870956
"L",368,"S","L368S",0.168860915449277
"L",368,"T","L368T",-0.0645403581006488
"L",368,"V","L368V",-0.811583109366337
"L",368,"W","L368W",-0.311196408888901
"L",368,"Y","L368Y",-0.0682732508944351
"V",369,"A","V369A",-0.546822425991456
"V",369,"C","V369C",0.0858722129789386
"V",369,"D","V369D",-0.671178532619012
"V",369,"E","V369E",-0.611420247063822
"V",369,"F","V369F",-0.0581480904764999
"V",369,"G","V369G",-0.558559112912213
"V",369,"H","V369H",-0.245076251263051
"V",369,"I","V369I",-0.217870934430394
"V",369,"K","V369K",-0.150785914291494
"V",369,"L","V369L",-0.201046214062316
"V",369,"M","V369M",-0.102303126098371
"V",369,"N","V369N",-0.387931220089107
"V",369,"P","V369P",-0.0286936682327822
"V",369,"Q","V369Q",-0.00719427241305482
"V",369,"R","V369R",0.311056833912917
"V",369,"S","V369S",-0.0598352322299434
"V",369,"T","V369T",-0.217124196703141
"V",369,"W","V369W",-0.483864819956026
"V",369,"Y","V369Y",0.0275983450160193
"K",370,"C","K370C",-0.150179689124015
"K",370,"D","K370D",0.904069648788392
"K",370,"E","K370E",1.04712847561875
"K",370,"F","K370F",-0.112892389048035
"K",370,"G","K370G",0.688223134814236
"K",370,"H","K370H",1.76892032945559
"K",370,"I","K370I",-0.173604695156127
"K",370,"L","K370L",0.576718581739117
"K",370,"M","K370M",-0.821979692370416
"K",370,"N","K370N",1.02872963019132
"K",370,"P","K370P",0.141683514089678
"K",370,"Q","K370Q",0.519274286246941
"K",370,"R","K370R",0.420976098706138
"K",370,"S","K370S",-0.149093713321709
"K",370,"T","K370T",0.28667008792763
"K",370,"V","K370V",0.397459918388676
"K",370,"W","K370W",0.098699725721498
"K",370,"Y","K370Y",0.0675499861284761
"G",371,"A","G371A",1.1092943102246
"G",371,"C","G371C",-0.212795180069249
"G",371,"D","G371D",0.143681180683996
"G",371,"E","G371E",-0.372288225192099
"G",371,"F","G371F",-0.227647105272633
"G",371,"H","G371H",0.67137037105302
"G",371,"I","G371I",-0.0510481740640285
"G",371,"K","G371K",-0.575701499961182
"G",371,"L","G371L",0.0483001406556764
"G",371,"M","G371M",0.0192119501231354
"G",371,"N","G371N",0.154761301333193
"G",371,"P","G371P",0.627995424180379
"G",371,"Q","G371Q",0.335751324191525
"G",371,"R","G371R",-0.431974052234513
"G",371,"S","G371S",-0.0361079738712933
"G",371,"T","G371T",0.31226780432166
"G",371,"V","G371V",-0.230230308931953
"G",371,"W","G371W",-0.116891849428033
"G",371,"Y","G371Y",-0.0944213379816501
"F",372,"A","F372A",-0.306598223797795
"F",372,"C","F372C",-0.0706907222892844
"F",372,"D","F372D",2.01311303776153
"F",372,"E","F372E",0.378358314330089
"F",372,"G","F372G",-0.0911058634046971
"F",372,"H","F372H",1.01822640485033
"F",372,"I","F372I",2.3702686949314
"F",372,"K","F372K",0.7504291655516
"F",372,"L","F372L",1.9428827607075
"F",372,"M","F372M",0.399044905487883
"F",372,"N","F372N",0.762519645576157
"F",372,"P","F372P",0.455725008851512
"F",372,"Q","F372Q",0.575094787263765
"F",372,"R","F372R",-0.218565383590077
"F",372,"S","F372S",-0.371121449577174
"F",372,"T","F372T",-0.166709365993036
"F",372,"V","F372V",1.33003517878854
"F",372,"W","F372W",2.55435682633238
"F",372,"Y","F372Y",2.46635377634952
"Y",373,"A","Y373A",-0.315186957338162
"Y",373,"C","Y373C",-0.208232881537466
"Y",373,"D","Y373D",0.449198246686383
"Y",373,"E","Y373E",-0.146126319780108
"Y",373,"F","Y373F",0.849835767356019
"Y",373,"G","Y373G",-0.425177647997691
"Y",373,"H","Y373H",-0.393016226111134
"Y",373,"I","Y373I",-0.491969202437762
"Y",373,"K","Y373K",-0.225769612426885
"Y",373,"L","Y373L",-0.173311802810951
"Y",373,"M","Y373M",0.105578891009796
"Y",373,"N","Y373N",-0.393783189839903
"Y",373,"P","Y373P",1.36679415138256
"Y",373,"Q","Y373Q",-0.274302265886619
"Y",373,"R","Y373R",-0.372820864505861
"Y",373,"S","Y373S",0.35730550410611
"Y",373,"T","Y373T",-0.124676059620852
"Y",373,"V","Y373V",-0.148886364466108
"Y",373,"W","Y373W",1.54467944071147
"P",374,"A","P374A",0.882817992522807
"P",374,"C","P374C",1.222639072875
"P",374,"D","P374D",-0.158349715400075
"P",374,"E","P374E",1.60396762027256
"P",374,"F","P374F",2.14866502628892
"P",374,"G","P374G",0.145907226046637
"P",374,"H","P374H",1.57778118738612
"P",374,"I","P374I",1.91404942507236
"P",374,"K","P374K",0.957607113283289
"P",374,"L","P374L",2.49114040838732
"P",374,"M","P374M",0.91310510345982
"P",374,"N","P374N",-0.385670504716778
"P",374,"Q","P374Q",1.0033282189847
"P",374,"R","P374R",0.298685114688392
"P",374,"S","P374S",0.223608985720529
"P",374,"T","P374T",0.412303262125782
"P",374,"V","P374V",0.440982025398095
"P",374,"W","P374W",3.01909046122575
"P",374,"Y","P374Y",1.84720379849219
"S",375,"A","S375A",0.604525712803939
"S",375,"C","S375C",0.606238688541291
"S",375,"D","S375D",-0.0543302320253184
"S",375,"E","S375E",0.463457741821948
"S",375,"F","S375F",1.59780869148935
"S",375,"G","S375G",-0.21925679391963
"S",375,"H","S375H",0.291288523775105
"S",375,"I","S375I",0.595343164156347
"S",375,"K","S375K",1.75179809954936
"S",375,"L","S375L",1.76001894760763
"S",375,"M","S375M",2.1700742922183
"S",375,"N","S375N",0.977043726416905
"S",375,"P","S375P",0.230701773454149
"S",375,"Q","S375Q",0.302063525223997
"S",375,"R","S375R",2.17287062253198
"S",375,"T","S375T",1.62235365238942
"S",375,"V","S375V",1.20882107339217
"S",375,"W","S375W",0.499336773975637
"S",375,"Y","S375Y",2.10077807584756
"D",376,"A","D376A",0.214176195740621
"D",376,"C","D376C",2.49059263907658
"D",376,"E","D376E",-0.156750403455086
"D",376,"F","D376F",0.0862791661144511
"D",376,"G","D376G",-0.391640891380819
"D",376,"H","D376H",0.293981329894633
"D",376,"I","D376I",3.97235327507314
"D",376,"K","D376K",0.373053315125403
"D",376,"L","D376L",1.12790501438026
"D",376,"M","D376M",-0.0776811855403999
"D",376,"N","D376N",0.0292459363832207
"D",376,"P","D376P",0.869237427558563
"D",376,"Q","D376Q",1.59076515782119
"D",376,"R","D376R",0.80769706321944
"D",376,"S","D376S",1.89345447339965
"D",376,"T","D376T",1.72804003350019
"D",376,"V","D376V",2.47170087213392
"D",376,"W","D376W",0.00987035874095553
"D",376,"Y","D376Y",0.180345387128623
"I",377,"A","I377A",-0.24558773716124
"I",377,"C","I377C",-0.251052096897703
"I",377,"D","I377D",0.732225195522505
"I",377,"E","I377E",2.4903420661618
"I",377,"F","I377F",3.35924470085936
"I",377,"G","I377G",2.67898478525021
"I",377,"H","I377H",2.44896196339648
"I",377,"K","I377K",2.14864707813975
"I",377,"L","I377L",0.0801907547618371
"I",377,"M","I377M",1.33965657192727
"I",377,"N","I377N",3.07830181860292
"I",377,"P","I377P",1.35040496144551
"I",377,"Q","I377Q",2.24125139296989
"I",377,"R","I377R",2.71981446515543
"I",377,"S","I377S",0.437096729169807
"I",377,"T","I377T",-0.178743686686193
"I",377,"V","I377V",-0.236721518306642
"I",377,"W","I377W",3.70177285155868
"I",377,"Y","I377Y",2.94515624305391
"A",378,"C","A378C",2.20616266406586
"A",378,"D","A378D",-0.0526329231311551
"A",378,"E","A378E",1.56746339850617
"A",378,"F","A378F",-0.793098739429532
"A",378,"G","A378G",-0.171843130966355
"A",378,"H","A378H",0.226811893358034
"A",378,"I","A378I",0.828192376966105
"A",378,"K","A378K",1.82731045050639
"A",378,"L","A378L",2.80762396420097
"A",378,"M","A378M",1.11636535802673
"A",378,"N","A378N",0.292711544236967
"A",378,"P","A378P",2.31212456449866
"A",378,"Q","A378Q",0.0363238601256707
"A",378,"R","A378R",1.29901912217537
"A",378,"S","A378S",-0.153288436701914
"A",378,"T","A378T",1.47892595753317
"A",378,"V","A378V",3.14428757996037
"A",378,"W","A378W",-0.347811236107164
"A",378,"Y","A378Y",0.326601435538706
"V",379,"A","V379A",-0.19776325461605
"V",379,"C","V379C",0.104224653554876
"V",379,"D","V379D",-0.0435500328171716
"V",379,"E","V379E",2.24055312280651
"V",379,"F","V379F",0.277964431173277
"V",379,"G","V379G",-0.330327077435302
"V",379,"H","V379H",1.55157087651317
"V",379,"I","V379I",0.532932168195502
"V",379,"K","V379K",-0.135351483773939
"V",379,"L","V379L",1.27554165602421
"V",379,"M","V379M",0.935360575148544
"V",379,"N","V379N",0.530293804033263
"V",379,"P","V379P",0.140334974648362
"V",379,"Q","V379Q",0.910929028596424
"V",379,"R","V379R",0.207142810766983
"V",379,"S","V379S",-0.153945601160693
"V",379,"T","V379T",0.144696797788403
"V",379,"W","V379W",3.8700942014203
"V",379,"Y","V379Y",2.74146659032014
"E",380,"A","E380A",0.0842274198940569
"E",380,"C","E380C",0.119446455957348
"E",380,"D","E380D",-0.222873570659239
"E",380,"F","E380F",0.15348673289804
"E",380,"G","E380G",-0.0637208208757181
"E",380,"H","E380H",0.699121825097927
"E",380,"I","E380I",0.132997932243252
"E",380,"K","E380K",0.9151824280512
"E",380,"L","E380L",0.227914881567033
"E",380,"M","E380M",0.440117096988025
"E",380,"N","E380N",-1.03846175787211
"E",380,"P","E380P",-0.24249805402811
"E",380,"Q","E380Q",0.57872531836609
"E",380,"R","E380R",0.803380028059941
"E",380,"S","E380S",0.108917612669392
"E",380,"T","E380T",-0.154555594677948
"E",380,"V","E380V",-0.198058628917764
"E",380,"W","E380W",-0.065735921964649
"E",380,"Y","E380Y",-0.100913937564334
"W",381,"A","W381A",-0.437253795917454
"W",381,"C","W381C",-0.105893702346646
"W",381,"D","W381D",-0.601757249650353
"W",381,"E","W381E",-2.67351626703747
"W",381,"F","W381F",-0.0737552407381739
"W",381,"G","W381G",-1.62448353375575
"W",381,"H","W381H",0.181035396900259
"W",381,"I","W381I",-0.497062229517338
"W",381,"K","W381K",0.10153521874379
"W",381,"L","W381L",-0.646481549500957
"W",381,"M","W381M",0.108070160853309
"W",381,"N","W381N",-1.87211821734096
"W",381,"P","W381P",-1.23132344284852
"W",381,"Q","W381Q",-1.64847177450896
"W",381,"R","W381R",-1.05944789981835
"W",381,"S","W381S",-0.381413929470118
"W",381,"T","W381T",-2.54556833595428
"W",381,"V","W381V",-0.13819201339322
"W",381,"Y","W381Y",0.0562742897866112
"E",382,"A","E382A",-0.109186210968127
"E",382,"C","E382C",-0.0999199983638212
"E",382,"D","E382D",0.275518593844637
"E",382,"F","E382F",-0.271942598445853
"E",382,"G","E382G",0.0439345946596063
"E",382,"H","E382H",0.151433698369496
"E",382,"I","E382I",-0.0423034834671928
"E",382,"K","E382K",-0.0496262457890774
"E",382,"L","E382L",-0.0882838017149222
"E",382,"M","E382M",-0.204489442063352
"E",382,"N","E382N",0.124192922300755
"E",382,"P","E382P",-0.218079201287379
"E",382,"Q","E382Q",0.169741688798426
"E",382,"R","E382R",0.116686002944275
"E",382,"S","E382S",0.492321326087394
"E",382,"T","E382T",0.127495097089137
"E",382,"V","E382V",0.588298520694991
"E",382,"W","E382W",0.44637300203938
"E",382,"Y","E382Y",-0.550769827195679
"S",383,"A","S383A",0.198331096807265
"S",383,"C","S383C",-0.338897885503324
"S",383,"D","S383D",0.368703763822318
"S",383,"E","S383E",0.243109655540363
"S",383,"F","S383F",-0.149298012397672
"S",383,"G","S383G",0.0318552203876584
"S",383,"H","S383H",0.339482103329183
"S",383,"I","S383I",-0.276068044345829
"S",383,"K","S383K",-0.151374959114083
"S",383,"L","S383L",-0.0448395053221218
"S",383,"M","S383M",-0.117685751310528
"S",383,"N","S383N",-0.172975769564431
"S",383,"P","S383P",0.108089301932291
"S",383,"Q","S383Q",-0.0798954407682784
"S",383,"R","S383R",0.22657609426881
"S",383,"T","S383T",0.112597255020639
"S",383,"V","S383V",-0.110613475725346
"S",383,"W","S383W",0.306556731374281
"S",383,"Y","S383Y",0.422527830113953
"N",384,"A","N384A",-0.286614455775882
"N",384,"C","N384C",0.420257030528686
"N",384,"D","N384D",0.298013923452882
"N",384,"E","N384E",0.158699826636118
"N",384,"F","N384F",0.123423707094056
"N",384,"G","N384G",0.0916235678176176
"N",384,"H","N384H",-0.0405662611434696
"N",384,"I","N384I",0.028411115186299
"N",384,"K","N384K",-0.0279871764998595
"N",384,"L","N384L",0.120664586676515
"N",384,"M","N384M",0.615357686982781
"N",384,"P","N384P",0.563001848407129
"N",384,"Q","N384Q",-0.0189978174389885
"N",384,"R","N384R",0.0178185970431197
"N",384,"S","N384S",0.143186246036295
"N",384,"T","N384T",0.332082343348133
"N",384,"V","N384V",0.0155747878767346
"N",384,"W","N384W",0.227457478428403
"N",384,"Y","N384Y",0.0688667821512606
"G",385,"A","G385A",-0.283023587517144
"G",385,"C","G385C",0.188054322057929
"G",385,"D","G385D",0.194880804292979
"G",385,"E","G385E",0.0974449683459263
"G",385,"F","G385F",0.0128865645669335
"G",385,"H","G385H",0.080448208311765
"G",385,"I","G385I",0.188596204345937
"G",385,"K","G385K",0.365855529639532
"G",385,"L","G385L",0.503133603962203
"G",385,"M","G385M",-0.170825189186166
"G",385,"N","G385N",0.450756050915751
"G",385,"P","G385P",0.688010243438781
"G",385,"Q","G385Q",-0.809240748112722
"G",385,"R","G385R",0.40134436613827
"G",385,"S","G385S",0.0661594994821945
"G",385,"T","G385T",0.283118236463379
"G",385,"V","G385V",-0.259347387873529
"G",385,"W","G385W",0.028193501927585
"G",385,"Y","G385Y",-0.117136232833539
"Q",386,"A","Q386A",-0.116669879087787
"Q",386,"C","Q386C",0.105111287405567
"Q",386,"D","Q386D",0.346425398279822
"Q",386,"E","Q386E",0.0378238993293924
"Q",386,"F","Q386F",0.282128557626598
"Q",386,"G","Q386G",-0.00242063549995992
"Q",386,"H","Q386H",0.0388538574491715
"Q",386,"I","Q386I",-0.150678473120453
"Q",386,"K","Q386K",0.287622832544832
"Q",386,"L","Q386L",0.0976237641799423
"Q",386,"M","Q386M",-0.0145812476816547
"Q",386,"N","Q386N",0.0899072173711679
"Q",386,"P","Q386P",0.15829773610679
"Q",386,"R","Q386R",0.107498934036867
"Q",386,"S","Q386S",0.191694492891819
"Q",386,"V","Q386V",0.125733276213252
"Q",386,"W","Q386W",0.0170803605179909
"Q",386,"Y","Q386Y",-0.0373913713978413
"P",387,"A","P387A",0.0931218001632206
"P",387,"C","P387C",0.459476831513634
"P",387,"D","P387D",-0.206740046631377
"P",387,"E","P387E",-0.198168962338525
"P",387,"F","P387F",0.168502495801098
"P",387,"G","P387G",0.428773239479161
"P",387,"H","P387H",-0.457394568213589
"P",387,"I","P387I",0.0592706188204758
"P",387,"K","P387K",0.372468365726859
"P",387,"L","P387L",0.148175942924058
"P",387,"M","P387M",-0.399338216982302
"P",387,"N","P387N",-0.0308630414755065
"P",387,"Q","P387Q",-0.379071424610426
"P",387,"R","P387R",-0.0914236735178166
"P",387,"S","P387S",0.334766670473794
"P",387,"T","P387T",-0.145029768715675
"P",387,"V","P387V",-1.10980610545029
"P",387,"W","P387W",-0.086249727477959
"P",387,"Y","P387Y",0.0792487322190736
"E",388,"A","E388A",0.0627732434718033
"E",388,"C","E388C",0.469649788483678
"E",388,"D","E388D",0.1867020644101
"E",388,"F","E388F",-0.0469044009249137
"E",388,"G","E388G",-0.054960696235058
"E",388,"H","E388H",0.19386225581858
"E",388,"I","E388I",0.0770612717498614
"E",388,"K","E388K",0.117875731318918
"E",388,"L","E388L",-0.308295565267188
"E",388,"M","E388M",0.0838720422969763
"E",388,"N","E388N",0.554716042776577
"E",388,"P","E388P",0.182647868370671
"E",388,"Q","E388Q",-0.0456409595948946
"E",388,"R","E388R",-0.0869784051361251
"E",388,"S","E388S",0.280371353942903
"E",388,"T","E388T",-0.489357479523047
"E",388,"V","E388V",0.409376268311061
"E",388,"W","E388W",-0.11802374276895
"E",388,"Y","E388Y",0.319895090022986
"N",389,"A","N389A",0.296725128448975
"N",389,"C","N389C",-0.31841901606308
"N",389,"D","N389D",0.244805847888679
"N",389,"E","N389E",-0.053291641007267
"N",389,"F","N389F",-0.0772893803121128
"N",389,"G","N389G",-0.20448060641131
"N",389,"H","N389H",-0.351515480286963
"N",389,"I","N389I",-0.14842611894264
"N",389,"K","N389K",0.0103684250063434
"N",389,"L","N389L",0.406308503314123
"N",389,"M","N389M",0.183136927124003
"N",389,"P","N389P",-0.0576522403220637
"N",389,"Q","N389Q",0.0695677135666271
"N",389,"R","N389R",0.542019408943277
"N",389,"S","N389S",0.137007420638024
"N",389,"T","N389T",0.345165523170028
"N",389,"V","N389V",-0.187439554641856
"N",389,"W","N389W",-0.0506612060749107
"N",389,"Y","N389Y",-0.239844817532904
"N",390,"A","N390A",0.563332324815713
"N",390,"C","N390C",-0.324515077323057
"N",390,"D","N390D",-0.120280237731155
"N",390,"E","N390E",0.0494470093135647
"N",390,"F","N390F",0.0746705578780133
"N",390,"G","N390G",0.508136299821093
"N",390,"H","N390H",0.133125291451173
"N",390,"I","N390I",0.122984952971288
"N",390,"K","N390K",-0.0774166827436172
"N",390,"L","N390L",-2.34962939170335
"N",390,"M","N390M",0.861598721786354
"N",390,"P","N390P",-0.382706666796842
"N",390,"Q","N390Q",-0.0758541466997709
"N",390,"R","N390R",0.0610099615994608
"N",390,"S","N390S",0.0748740543680658
"N",390,"T","N390T",0.315164261478674
"N",390,"V","N390V",-0.192846861265541
"N",390,"W","N390W",-0.416700996024752
"N",390,"Y","N390Y",-0.243447035914859
"Y",391,"A","Y391A",-0.07159323466332
"Y",391,"C","Y391C",-0.359389137292263
"Y",391,"D","Y391D",-0.108504317183276
"Y",391,"E","Y391E",0.25483390500551
"Y",391,"F","Y391F",-2.91139141372885
"Y",391,"G","Y391G",-0.241948118019048
"Y",391,"H","Y391H",0.00384125843850276
"Y",391,"I","Y391I",0.273087170982113
"Y",391,"K","Y391K",1.04157340556608
"Y",391,"L","Y391L",0.393043862765876
"Y",391,"M","Y391M",0.451722736331994
"Y",391,"N","Y391N",0.0684238454902692
"Y",391,"P","Y391P",0.528710885362532
"Y",391,"Q","Y391Q",-1.01550001572117
"Y",391,"R","Y391R",0.926861428621208
"Y",391,"S","Y391S",0.333249808933356
"Y",391,"T","Y391T",-0.0119966500490418
"Y",391,"V","Y391V",0.3992819743632
"Y",391,"W","Y391W",-0.0932331841771301
"K",392,"A","K392A",0.356096999458631
"K",392,"C","K392C",0.238667200810806
"K",392,"D","K392D",-0.093062347115139
"K",392,"E","K392E",0.329400735445349
"K",392,"F","K392F",0.340484780157794
"K",392,"G","K392G",0.267901553197535
"K",392,"H","K392H",-0.227040617626518
"K",392,"I","K392I",1.81492531661347
"K",392,"L","K392L",1.04428174444085
"K",392,"M","K392M",-0.166240174348399
"K",392,"N","K392N",-0.0816060818145449
"K",392,"P","K392P",0.353556424564717
"K",392,"Q","K392Q",0.122979409104569
"K",392,"R","K392R",0.0508812780361863
"K",392,"S","K392S",0.386818598070577
"K",392,"T","K392T",0.32008996201428
"K",392,"V","K392V",0.711280784341499
"K",392,"W","K392W",0.0748659781470694
"K",392,"Y","K392Y",-0.580463353167132
"T",393,"A","T393A",0.724759872346752
"T",393,"C","T393C",0.915977981508407
"T",393,"D","T393D",0.212631119632085
"T",393,"E","T393E",0.884646361217493
"T",393,"F","T393F",0.0931904243291715
"T",393,"G","T393G",-0.151937066376095
"T",393,"H","T393H",2.06872174075252
"T",393,"I","T393I",0.340222707577482
"T",393,"K","T393K",-0.0200098894903793
"T",393,"L","T393L",0.656266651349298
"T",393,"M","T393M",0.670187992602815
"T",393,"N","T393N",-0.245742030749203
"T",393,"P","T393P",0.162385447199069
"T",393,"Q","T393Q",2.06340120397952
"T",393,"R","T393R",0.38221772988208
"T",393,"S","T393S",-0.424179164928268
"T",393,"V","T393V",0.0779010007492223
"T",393,"W","T393W",0.108324079728817
"T",393,"Y","T393Y",-0.19569476802195
"T",394,"A","T394A",0.153292210411077
"T",394,"C","T394C",0.703769129713245
"T",394,"D","T394D",2.97314933928687
"T",394,"E","T394E",0.274798202836547
"T",394,"F","T394F",1.51250119189204
"T",394,"G","T394G",-0.14842479433685
"T",394,"H","T394H",1.49511772762725
"T",394,"I","T394I",2.03831333971973
"T",394,"K","T394K",2.33093693021701
"T",394,"L","T394L",2.41799051975362
"T",394,"M","T394M",0.408828534414367
"T",394,"N","T394N",2.69780172158645
"T",394,"P","T394P",1.93175973416014
"T",394,"Q","T394Q",1.23233796615696
"T",394,"R","T394R",2.34806067720135
"T",394,"S","T394S",-0.265843865117058
"T",394,"V","T394V",2.2992095589238
"T",394,"W","T394W",3.48797619842268
"T",394,"Y","T394Y",2.37870088412431
"P",395,"A","P395A",0.266504390534975
"P",395,"C","P395C",-0.364242047217362
"P",395,"D","P395D",-0.145999776489421
"P",395,"E","P395E",0.213608751449296
"P",395,"F","P395F",0.192789876544819
"P",395,"G","P395G",-0.856664752354229
"P",395,"H","P395H",0.385641056485455
"P",395,"I","P395I",0.219517507062769
"P",395,"K","P395K",1.19280725286379
"P",395,"L","P395L",-0.382861621392928
"P",395,"M","P395M",-0.069318016742426
"P",395,"N","P395N",0.0515683080544308
"P",395,"Q","P395Q",-0.0466770340259266
"P",395,"R","P395R",0.900318241020095
"P",395,"S","P395S",0.379908087264381
"P",395,"T","P395T",0.500421958420558
"P",395,"V","P395V",0.808686439951965
"P",395,"W","P395W",0.102570580245556
"P",395,"Y","P395Y",0.10981625952937
"P",396,"A","P396A",0.741724262564132
"P",396,"C","P396C",2.38329216279884
"P",396,"D","P396D",1.75139394262086
"P",396,"E","P396E",1.80520692802735
"P",396,"F","P396F",1.74857863782984
"P",396,"G","P396G",1.27934082954063
"P",396,"H","P396H",3.26155746101644
"P",396,"I","P396I",4.07254992440367
"P",396,"K","P396K",2.33716868442673
"P",396,"L","P396L",3.17303328263867
"P",396,"M","P396M",1.88984920309143
"P",396,"N","P396N",1.26645071390854
"P",396,"Q","P396Q",3.1652006756907
"P",396,"R","P396R",1.26711277312501
"P",396,"S","P396S",0.892885987012641
"P",396,"T","P396T",1.92028312544628
"P",396,"V","P396V",1.78378707821785
"P",396,"W","P396W",1.0328161476802
"P",396,"Y","P396Y",2.67987937774221
"V",397,"A","V397A",0.303846590366126
"V",397,"C","V397C",0.542606519076619
"V",397,"D","V397D",2.41033628708392
"V",397,"E","V397E",0.90113788578579
"V",397,"F","V397F",1.85307338442115
"V",397,"G","V397G",1.09354182233105
"V",397,"H","V397H",2.13950902014672
"V",397,"I","V397I",1.61912114219578
"V",397,"K","V397K",1.80015734288457
"V",397,"L","V397L",1.77325192207045
"V",397,"M","V397M",2.13290471721981
"V",397,"N","V397N",2.14126190257204
"V",397,"P","V397P",1.09550374818737
"V",397,"Q","V397Q",2.8435251998278
"V",397,"R","V397R",2.5856933758664
"V",397,"S","V397S",-0.354924826429563
"V",397,"T","V397T",-0.00062729653198467
"V",397,"W","V397W",1.43432558813987
"V",397,"Y","V397Y",2.23283249560777
"L",398,"A","L398A",0.191739006966349
"L",398,"C","L398C",0.870642570929263
"L",398,"D","L398D",0.666617128715875
"L",398,"E","L398E",0.155237378197124
"L",398,"F","L398F",0.176787656073192
"L",398,"G","L398G",-0.0944987271942657
"L",398,"H","L398H",0.288423346566639
"L",398,"I","L398I",1.26087797045898
"L",398,"K","L398K",0.289547584943795
"L",398,"M","L398M",0.516371536527452
"L",398,"N","L398N",-0.205007284047464
"L",398,"P","L398P",0.184899148043731
"L",398,"Q","L398Q",-0.172916886903886
"L",398,"R","L398R",0.84182673368609
"L",398,"S","L398S",-0.365843114554914
"L",398,"T","L398T",0.524035716521479
"L",398,"V","L398V",1.32221072667262
"L",398,"W","L398W",-0.763204866112951
"L",398,"Y","L398Y",0.0682238672824275
"D",399,"A","D399A",0.710713785172717
"D",399,"C","D399C",0.627577232291907
"D",399,"E","D399E",1.23949669868612
"D",399,"F","D399F",0.434304883148971
"D",399,"G","D399G",0.579455498276289
"D",399,"H","D399H",0.841039976608565
"D",399,"I","D399I",2.03552412219338
"D",399,"K","D399K",1.90483921227477
"D",399,"L","D399L",0.983033506735572
"D",399,"M","D399M",2.43855584345556
"D",399,"N","D399N",1.21848465721263
"D",399,"P","D399P",1.83819753192895
"D",399,"Q","D399Q",0.799483245318246
"D",399,"R","D399R",-0.5570649082554
"D",399,"S","D399S",0.0954755611961634
"D",399,"T","D399T",1.27386258954791
"D",399,"V","D399V",1.88360586922075
"D",399,"W","D399W",0.547494913307875
"D",399,"Y","D399Y",0.847063307832118
"S",400,"A","S400A",0.034667210274555
"S",400,"C","S400C",0.169044496102125
"S",400,"D","S400D",0.289042500774464
"S",400,"E","S400E",0.0861433166699893
"S",400,"F","S400F",-0.120530894740007
"S",400,"G","S400G",0.417550838328704
"S",400,"H","S400H",-0.037114611400181
"S",400,"I","S400I",-0.169061839505964
"S",400,"K","S400K",0.938559426049434
"S",400,"L","S400L",-0.136241134069032
"S",400,"M","S400M",0.668592968871457
"S",400,"N","S400N",0.136773920608924
"S",400,"P","S400P",1.44361243372868
"S",400,"Q","S400Q",0.156690340024143
"S",400,"R","S400R",0.459512304490226
"S",400,"T","S400T",0.164371651151629
"S",400,"V","S400V",0.40101391384401
"S",400,"W","S400W",-0.843698568910045
"S",400,"Y","S400Y",0.0867764973670519
"D",401,"A","D401A",0.192971730108132
"D",401,"C","D401C",-0.0553166975140885
"D",401,"E","D401E",0.313843855111691
"D",401,"F","D401F",0.0143453647412244
"D",401,"G","D401G",0.0191745459746551
"D",401,"H","D401H",0.157056968817575
"D",401,"I","D401I",0.414253560522512
"D",401,"K","D401K",0.574504273977749
"D",401,"L","D401L",0.224679379496534
"D",401,"M","D401M",0.105794921258183
"D",401,"N","D401N",0.196045433575044
"D",401,"P","D401P",0.418839107440835
"D",401,"Q","D401Q",0.320375310405822
"D",401,"R","D401R",-0.389545248909469
"D",401,"S","D401S",0.128060540001719
"D",401,"T","D401T",-0.732587789711814
"D",401,"V","D401V",0.196837835147018
"D",401,"W","D401W",-0.177738561481226
"D",401,"Y","D401Y",0.0458882158796245
"G",402,"A","G402A",0.211014872222608
"G",402,"C","G402C",1.10438463614071
"G",402,"D","G402D",0.344139030550406
"G",402,"E","G402E",-0.0716825945546652
"G",402,"F","G402F",-0.275915290561176
"G",402,"H","G402H",0.5857863011845
"G",402,"I","G402I",0.120179613102148
"G",402,"K","G402K",0.44823948592822
"G",402,"L","G402L",0.901397286888763
"G",402,"M","G402M",0.556357255454256
"G",402,"N","G402N",0.0566741953756742
"G",402,"P","G402P",0.60838847982793
"G",402,"Q","G402Q",0.816800786152754
"G",402,"R","G402R",0.243572504053577
"G",402,"S","G402S",-0.0114038684650131
"G",402,"T","G402T",0.0923242248177249
"G",402,"V","G402V",0.593698783326717
"G",402,"W","G402W",0.597024520632976
"G",402,"Y","G402Y",0.559773343710184
"S",403,"A","S403A",0.250218825944953
"S",403,"C","S403C",-0.207818343631039
"S",403,"D","S403D",0.166883088305305
"S",403,"E","S403E",0.546278149044823
"S",403,"F","S403F",0.010303239968118
"S",403,"G","S403G",0.192077593190783
"S",403,"H","S403H",0.113377836257464
"S",403,"I","S403I",0.754945802514729
"S",403,"K","S403K",-0.193794254512538
"S",403,"L","S403L",-0.18119384742386
"S",403,"M","S403M",0.942595707053798
"S",403,"N","S403N",-0.123119439503413
"S",403,"P","S403P",-0.441771641467459
"S",403,"Q","S403Q",-0.0757239414920126
"S",403,"R","S403R",-0.0699848180155959
"S",403,"T","S403T",0.105800746160718
"S",403,"V","S403V",0.532851129231392
"S",403,"W","S403W",0.0372314759865538
"S",403,"Y","S403Y",-0.173129353622674
"F",404,"A","F404A",0.744594833149894
"F",404,"C","F404C",-0.0978693885783744
"F",404,"D","F404D",2.83877709348541
"F",404,"E","F404E",3.71000274903276
"F",404,"G","F404G",2.03831650792041
"F",404,"H","F404H",0.461636096848504
"F",404,"I","F404I",1.23220085282818
"F",404,"K","F404K",2.51435320141722
"F",404,"L","F404L",2.80692742059495
"F",404,"M","F404M",1.93072504345103
"F",404,"N","F404N",1.52643996630257
"F",404,"P","F404P",2.00183315692338
"F",404,"Q","F404Q",2.09672375349853
"F",404,"R","F404R",2.91547738338004
"F",404,"S","F404S",2.04596295090604
"F",404,"T","F404T",1.59617418261347
"F",404,"V","F404V",1.49373159425698
"F",404,"W","F404W",1.2527473718001
"F",404,"Y","F404Y",-0.083010486149237
"F",405,"A","F405A",0.3397223479692
"F",405,"C","F405C",-0.307714471031555
"F",405,"D","F405D",2.0866768359037
"F",405,"E","F405E",2.41239991517147
"F",405,"G","F405G",1.59550501126692
"F",405,"H","F405H",0.322498786208908
"F",405,"I","F405I",0.664418655577371
"F",405,"K","F405K",-0.772694098855055
"F",405,"L","F405L",-0.168323680095199
"F",405,"M","F405M",-0.093551023727579
"F",405,"N","F405N",2.21886492185593
"F",405,"P","F405P",-2.03818796686247
"F",405,"Q","F405Q",1.45565031707437
"F",405,"R","F405R",-3.01489284166888
"F",405,"S","F405S",2.25437630655971
"F",405,"T","F405T",1.16155020600085
"F",405,"V","F405V",0.206413056111849
"F",405,"W","F405W",2.33555244709578
"F",405,"Y","F405Y",0.602187874817382
"L",406,"A","L406A",-0.259921903094524
"L",406,"C","L406C",0.0717412426447683
"L",406,"D","L406D",-0.389871221435675
"L",406,"E","L406E",-0.235479385369214
"L",406,"F","L406F",2.77146612037665
"L",406,"G","L406G",-0.206184052473663
"L",406,"H","L406H",1.38806119017859
"L",406,"I","L406I",-0.276536774148128
"L",406,"K","L406K",-0.0351642115634198
"L",406,"M","L406M",0.658010067561658
"L",406,"N","L406N",-0.248884311879892
"L",406,"P","L406P",-1.7718862668026
"L",406,"Q","L406Q",0.427172344079164
"L",406,"R","L406R",1.16902369943148
"L",406,"S","L406S",-0.298603142184915
"L",406,"T","L406T",-0.246516329770113
"L",406,"V","L406V",-0.542479283736734
"L",406,"W","L406W",2.85906724994699
"L",406,"Y","L406Y",2.39255468036285
"Y",407,"A","Y407A",0.0986612873683926
"Y",407,"C","Y407C",-0.280129892497004
"Y",407,"D","Y407D",-0.0610575197274389
"Y",407,"E","Y407E",-0.676559777542541
"Y",407,"F","Y407F",0.683077425659438
"Y",407,"G","Y407G",-0.607466747350493
"Y",407,"H","Y407H",0.49212547091384
"Y",407,"I","Y407I",1.42653451903047
"Y",407,"K","Y407K",-1.09845151778708
"Y",407,"L","Y407L",-0.21553075201335
"Y",407,"M","Y407M",0.0598432483669489
"Y",407,"N","Y407N",-1.38595002512831
"Y",407,"P","Y407P",-1.24109716474065
"Y",407,"Q","Y407Q",0.387949778716543
"Y",407,"R","Y407R",-0.899625447296172
"Y",407,"S","Y407S",-0.0633309166558677
"Y",407,"T","Y407T",-0.162415112776827
"Y",407,"V","Y407V",1.22271955481154
"Y",407,"W","Y407W",2.97272645060356
"S",408,"A","S408A",-0.0408969597333703
"S",408,"C","S408C",-0.100209703560965
"S",408,"D","S408D",0.590536030174949
"S",408,"E","S408E",1.06642705227004
"S",408,"F","S408F",2.19339381876237
"S",408,"G","S408G",-0.0566537087288161
"S",408,"H","S408H",1.98786933842784
"S",408,"I","S408I",2.537315410461
"S",408,"K","S408K",3.04550949772631
"S",408,"L","S408L",2.07860539886786
"S",408,"M","S408M",0.0996390630801785
"S",408,"N","S408N",-0.593572849025258
"S",408,"P","S408P",-0.768596426776641
"S",408,"Q","S408Q",2.48080062569707
"S",408,"R","S408R",3.12784157722516
"S",408,"T","S408T",1.10742690848969
"S",408,"V","S408V",1.07004571443026
"S",408,"W","S408W",0.873027063540751
"S",408,"Y","S408Y",2.18404292610792
"K",409,"A","K409A",1.40407823508501
"K",409,"C","K409C",0.223493077351693
"K",409,"D","K409D",1.20657113285843
"K",409,"E","K409E",0.267503821395942
"K",409,"F","K409F",1.27379422045105
"K",409,"G","K409G",0.867909220212005
"K",409,"H","K409H",0.882561989363477
"K",409,"I","K409I",1.68657247508333
"K",409,"L","K409L",1.10794663594205
"K",409,"M","K409M",1.38687891004729
"K",409,"N","K409N",-1.85389809602071
"K",409,"P","K409P",-0.3690132467726
"K",409,"Q","K409Q",0.84673537990315
"K",409,"R","K409R",-0.45553578492095
"K",409,"S","K409S",0.759712841529952
"K",409,"T","K409T",1.63236846177196
"K",409,"V","K409V",2.11540346453761
"K",409,"W","K409W",1.86884886144853
"K",409,"Y","K409Y",1.25376492213142
"L",410,"A","L410A",-0.0770182268044503
"L",410,"C","L410C",-0.192514030846617
"L",410,"D","L410D",0.213500716785817
"L",410,"E","L410E",-0.160638478225436
"L",410,"F","L410F",0.280466387693821
"L",410,"G","L410G",-0.162607800001078
"L",410,"H","L410H",0.432766566144131
"L",410,"I","L410I",-0.276950964182316
"L",410,"K","L410K",-0.264656051198805
"L",410,"M","L410M",0.176103500469628
"L",410,"N","L410N",-0.1951769964987
"L",410,"P","L410P",-2.25728768592204
"L",410,"Q","L410Q",0.14530797341197
"L",410,"R","L410R",-0.145146933872017
"L",410,"S","L410S",-0.426738235326457
"L",410,"T","L410T",0.0939035778436466
"L",410,"V","L410V",-0.036438122854353
"L",410,"W","L410W",0.166764072869574
"L",410,"Y","L410Y",0.0200730398989679
"T",411,"A","T411A",-0.0576919441124992
"T",411,"C","T411C",0.22441133497685
"T",411,"D","T411D",0.0730619982101425
"T",411,"E","T411E",-0.0398117469348237
"T",411,"F","T411F",-0.194403017551679
"T",411,"G","T411G",-0.149794130317572
"T",411,"H","T411H",-0.284820911571855
"T",411,"I","T411I",-0.238588696845167
"T",411,"K","T411K",0.305423184015085
"T",411,"L","T411L",-0.462445599916591
"T",411,"M","T411M",0.162853325810241
"T",411,"N","T411N",-0.142543587071976
"T",411,"P","T411P",0.0170339642488434
"T",411,"Q","T411Q",-0.198470956385743
"T",411,"R","T411R",0.0376262715059925
"T",411,"S","T411S",0.167897471972444
"T",411,"V","T411V",-0.0909953522611017
"T",411,"W","T411W",0.151045434473615
"T",411,"Y","T411Y",-0.0834482668237105
"V",412,"A","V412A",0.431140703926773
"V",412,"C","V412C",-0.0804490991723324
"V",412,"D","V412D",0.199535818984698
"V",412,"E","V412E",0.587007211296291
"V",412,"F","V412F",0.142380516685883
"V",412,"G","V412G",0.0968974761889614
"V",412,"H","V412H",-0.572502055443415
"V",412,"I","V412I",-0.12677677695444
"V",412,"K","V412K",-0.523650005866113
"V",412,"L","V412L",0.23949799537175
"V",412,"M","V412M",0.200747054458709
"V",412,"N","V412N",-0.0440139982823021
"V",412,"P","V412P",0.516947779457756
"V",412,"Q","V412Q",-0.161968754208561
"V",412,"R","V412R",0.0179097874165973
"V",412,"S","V412S",-0.0559422336528449
"V",412,"T","V412T",-0.298741354212773
"V",412,"W","V412W",-0.115771204076733
"V",412,"Y","V412Y",-0.0405163925542868
"D",413,"A","D413A",-0.018370716299014
"D",413,"C","D413C",-0.384226181645489
"D",413,"E","D413E",0.0449258691078832
"D",413,"F","D413F",-0.378758383725305
"D",413,"G","D413G",-0.279393169790096
"D",413,"H","D413H",-0.0879022964310102
"D",413,"I","D413I",-0.0630353157127849
"D",413,"K","D413K",-0.140867784327292
"D",413,"L","D413L",0.173640812728583
"D",413,"M","D413M",0.11920589675115
"D",413,"N","D413N",0.18780927747172
"D",413,"P","D413P",0.530270055372206
"D",413,"Q","D413Q",-0.212237650820125
"D",413,"R","D413R",-0.193549143855965
"D",413,"S","D413S",-0.35107863632381
"D",413,"T","D413T",-0.422757305058478
"D",413,"V","D413V",-0.0561012506294792
"D",413,"W","D413W",-0.472456353587351
"D",413,"Y","D413Y",-0.211503127733726
"K",414,"A","K414A",0.520310995948425
"K",414,"C","K414C",-0.163831528269497
"K",414,"D","K414D",-0.0274818212733497
"K",414,"E","K414E",0.0752762251831598
"K",414,"F","K414F",-0.067289511776784
"K",414,"G","K414G",1.08759971601245
"K",414,"H","K414H",-0.0951521510040605
"K",414,"I","K414I",0.226688395483828
"K",414,"L","K414L",0.0570690347329585
"K",414,"M","K414M",0.267502924135919
"K",414,"N","K414N",0.498358532542455
"K",414,"P","K414P",0.394521279817797
"K",414,"Q","K414Q",0.164092067397226
"K",414,"R","K414R",0.0290940651912124
"K",414,"S","K414S",0.645133353487973
"K",414,"T","K414T",-0.0116328106030278
"K",414,"V","K414V",0.132675512896795
"K",414,"W","K414W",-0.0233282244093761
"K",414,"Y","K414Y",0.0207146407376182
"S",415,"A","S415A",-0.122702818561343
"S",415,"C","S415C",-0.56272246896248
"S",415,"D","S415D",0.168179908318465
"S",415,"E","S415E",0.760332562805083
"S",415,"F","S415F",-0.139615019007149
"S",415,"G","S415G",0.567385930250629
"S",415,"H","S415H",-0.220496301129041
"S",415,"I","S415I",0.260757891824318
"S",415,"K","S415K",-0.0631023324097624
"S",415,"L","S415L",0.284675554355383
"S",415,"M","S415M",0.056740324450217
"S",415,"N","S415N",-0.204452754365933
"S",415,"P","S415P",-0.159005126577277
"S",415,"Q","S415Q",0.0824762319905803
"S",415,"R","S415R",-0.0650548631899502
"S",415,"T","S415T",0.855539047724926
"S",415,"V","S415V",0.0819486963315194
"S",415,"W","S415W",-0.257306140235774
"S",415,"Y","S415Y",-0.160402825680669
"R",416,"A","R416A",0.33228355724494
"R",416,"C","R416C",0.073822190525517
"R",416,"D","R416D",-0.003213393964876
"R",416,"E","R416E",0.134431134292995
"R",416,"F","R416F",-0.21648336464511
"R",416,"G","R416G",0.0763629543220323
"R",416,"H","R416H",-0.0652965151900906
"R",416,"I","R416I",0.389833239222381
"R",416,"K","R416K",0.0850771377945092
"R",416,"L","R416L",-0.14047156799603
"R",416,"M","R416M",0.346783179822084
"R",416,"N","R416N",0.232938579191598
"R",416,"P","R416P",0.320486307707505
"R",416,"Q","R416Q",0.0529810564060144
"R",416,"S","R416S",0.0549652149759226
"R",416,"T","R416T",0.260719183256198
"R",416,"V","R416V",0.61348018969454
"R",416,"W","R416W",-0.192511574862628
"R",416,"Y","R416Y",-0.468498425790679
"W",417,"A","W417A",-0.0502052014263803
"W",417,"C","W417C",0.00265959306377164
"W",417,"D","W417D",0.30593552921296
"W",417,"E","W417E",-0.348307250131361
"W",417,"F","W417F",-0.128387973010441
"W",417,"G","W417G",-0.0010501542694379
"W",417,"H","W417H",-0.181257558573916
"W",417,"I","W417I",0.0834828748014592
"W",417,"K","W417K",0.204267328736975
"W",417,"L","W417L",0.303130023755246
"W",417,"M","W417M",0.103358402028249
"W",417,"N","W417N",0.112951183690998
"W",417,"P","W417P",-0.132344876346767
"W",417,"Q","W417Q",0.23025993053055
"W",417,"R","W417R",0.140678507409816
"W",417,"S","W417S",-0.300836881373804
"W",417,"T","W417T",-0.00720178618354918
"W",417,"V","W417V",-0.204641370772744
"W",417,"Y","W417Y",-0.181373131690038
"Q",418,"A","Q418A",0.563996682679529
"Q",418,"C","Q418C",0.179679399297039
"Q",418,"D","Q418D",-0.523552479560883
"Q",418,"E","Q418E",0.188239518104445
"Q",418,"F","Q418F",-0.896401290266381
"Q",418,"G","Q418G",-0.363075907908217
"Q",418,"H","Q418H",0.0128722368636141
"Q",418,"I","Q418I",-0.497495154564064
"Q",418,"K","Q418K",0.214845888205154
"Q",418,"L","Q418L",-0.250144173653065
"Q",418,"M","Q418M",0.0863134542781753
"Q",418,"N","Q418N",0.17485813685695
"Q",418,"P","Q418P",-0.0769581149072952
"Q",418,"R","Q418R",-0.171908783269158
"Q",418,"S","Q418S",-0.436686573978528
"Q",418,"T","Q418T",0.388079023381159
"Q",418,"V","Q418V",0.141268562336626
"Q",418,"W","Q418W",-0.0972134796878941
"Q",418,"Y","Q418Y",0.108311486507928
"Q",419,"A","Q419A",0.12123814537754
"Q",419,"C","Q419C",0.141016042451103
"Q",419,"D","Q419D",-0.0819610412785097
"Q",419,"E","Q419E",0.0300856625778769
"Q",419,"F","Q419F",-0.216440615143759
"Q",419,"G","Q419G",-0.262694783440413
"Q",419,"H","Q419H",-0.236525673858215
"Q",419,"I","Q419I",0.1016581426436
"Q",419,"K","Q419K",-0.623411448622103
"Q",419,"L","Q419L",-0.0879689841043931
"Q",419,"M","Q419M",0.212984530308072
"Q",419,"N","Q419N",0.0243219940672874
"Q",419,"P","Q419P",0.0471747628594903
"Q",419,"R","Q419R",-0.356687299035587
"Q",419,"S","Q419S",0.264669469243852
"Q",419,"T","Q419T",-0.138859455532615
"Q",419,"V","Q419V",-0.212833638611378
"Q",419,"W","Q419W",-0.0272598665362618
"Q",419,"Y","Q419Y",-0.373871284068469
"G",420,"A","G420A",-0.123988183804666
"G",420,"C","G420C",0.00706633267445572
"G",420,"D","G420D",0.061710081548547
"G",420,"E","G420E",0.0357512000458429
"G",420,"F","G420F",-0.136010636003744
"G",420,"H","G420H",0.245568388684501
"G",420,"I","G420I",0.0028782803419484
"G",420,"K","G420K",0.0215913639729513
"G",420,"L","G420L",0.030592463670359
"G",420,"M","G420M",-0.12602006729314
"G",420,"N","G420N",0.0336692733799831
"G",420,"P","G420P",0.267407471619149
"G",420,"Q","G420Q",-0.0181691996753953
"G",420,"R","G420R",0.156904805126251
"G",420,"S","G420S",0.245204557788008
"G",420,"T","G420T",-0.119606864940817
"G",420,"V","G420V",-0.312099365300127
"G",420,"W","G420W",-0.235248801834354
"G",420,"Y","G420Y",0.018596888368875
"N",421,"A","N421A",0.317831170195317
"N",421,"C","N421C",0.0629913503266112
"N",421,"D","N421D",-0.0515089642515501
"N",421,"E","N421E",0.94288421870762
"N",421,"F","N421F",-0.301611479990288
"N",421,"G","N421G",-0.116356460818705
"N",421,"H","N421H",0.0673367128013491
"N",421,"I","N421I",-0.35357786153643
"N",421,"K","N421K",0.179512667465853
"N",421,"L","N421L",0.0172250807039507
"N",421,"M","N421M",-0.254836840633371
"N",421,"P","N421P",-0.0811781498931213
"N",421,"Q","N421Q",0.0470309109407072
"N",421,"R","N421R",0.307835436650549
"N",421,"S","N421S",0.0523668285187434
"N",421,"T","N421T",-0.0497037411184183
"N",421,"V","N421V",-0.580935440225815
"N",421,"W","N421W",-0.1569997386482
"N",421,"Y","N421Y",0.364480125828717
"V",422,"A","V422A",-0.000220977017393404
"V",422,"C","V422C",0.15592135622077
"V",422,"D","V422D",-0.225213844115322
"V",422,"E","V422E",0.196871033916443
"V",422,"F","V422F",0.196593637008641
"V",422,"G","V422G",-0.306707241359172
"V",422,"H","V422H",0.126846138757323
"V",422,"I","V422I",0.168706398210809
"V",422,"K","V422K",0.305939039881538
"V",422,"L","V422L",0.0430554716702268
"V",422,"M","V422M",0.0844421819829431
"V",422,"N","V422N",0.114866889006021
"V",422,"P","V422P",0.128446378611988
"V",422,"Q","V422Q",-0.0617073622092918
"V",422,"R","V422R",-0.316856506120263
"V",422,"S","V422S",0.162566846106863
"V",422,"T","V422T",-0.121937537802429
"V",422,"W","V422W",-0.107036553652541
"V",422,"Y","V422Y",0.0426115178509573
"F",423,"A","F423A",-0.232751453369343
"F",423,"C","F423C",0.153953578130912
"F",423,"D","F423D",-0.225520912390178
"F",423,"E","F423E",0.0989066562240045
"F",423,"G","F423G",-0.789618072401376
"F",423,"H","F423H",-0.00362877742276908
"F",423,"I","F423I",1.26224071269532
"F",423,"K","F423K",0.348636740598593
"F",423,"L","F423L",0.14165912194132
"F",423,"M","F423M",0.410061680202219
"F",423,"N","F423N",-0.202445587508817
"F",423,"P","F423P",0.661217720284259
"F",423,"Q","F423Q",-0.131706014356431
"F",423,"R","F423R",0.0981572900945715
"F",423,"S","F423S",1.21909222664054
"F",423,"T","F423T",0.49136953430749
"F",423,"V","F423V",-0.0155915167372176
"F",423,"W","F423W",0.0831323550764154
"F",423,"Y","F423Y",-0.136402491619672
"S",424,"A","S424A",0.272616402542248
"S",424,"C","S424C",-0.0977778547284038
"S",424,"D","S424D",-1.0284025305724
"S",424,"E","S424E",0.0450902286504796
"S",424,"F","S424F",0.379279794129265
"S",424,"G","S424G",0.347654321957321
"S",424,"H","S424H",-0.0237382686132434
"S",424,"I","S424I",-0.236801529705355
"S",424,"K","S424K",-0.0970742046313892
"S",424,"L","S424L",-0.505826907591936
"S",424,"M","S424M",-0.102205605153031
"S",424,"N","S424N",0.256137854326112
"S",424,"P","S424P",-0.0033983017433222
"S",424,"Q","S424Q",-0.170957206627292
"S",424,"R","S424R",-0.0237903152432396
"S",424,"T","S424T",-0.110898396605273
"S",424,"V","S424V",-0.153320787447464
"S",424,"W","S424W",-0.975981071018667
"S",424,"Y","S424Y",-0.309594008639223
"C",425,"A","C425A",-0.0141233588535723
"C",425,"D","C425D",-1.33984112993455
"C",425,"E","C425E",-1.01529531794416
"C",425,"F","C425F",2.66441002839312
"C",425,"G","C425G",1.08299733807741
"C",425,"H","C425H",2.05790793172533
"C",425,"I","C425I",0.430482499023757
"C",425,"K","C425K",-1.76227402652931
"C",425,"L","C425L",0.136426586513656
"C",425,"M","C425M",0.697645379372202
"C",425,"N","C425N",-0.550823357267522
"C",425,"P","C425P",0.0765632300146656
"C",425,"Q","C425Q",-0.806439812323721
"C",425,"R","C425R",-1.98267945112605
"C",425,"S","C425S",-0.140016832406584
"C",425,"T","C425T",-0.0770524961469251
"C",425,"V","C425V",0.178828541334859
"C",425,"W","C425W",-1.33800755984477
"C",425,"Y","C425Y",1.94618731968303
"S",426,"A","S426A",-0.197666348791452
"S",426,"C","S426C",-0.276972165883071
"S",426,"D","S426D",-0.37713138857364
"S",426,"E","S426E",-0.15613087029624
"S",426,"F","S426F",-0.18846275051391
"S",426,"G","S426G",-0.0431828046163922
"S",426,"H","S426H",0.0441658631275566
"S",426,"I","S426I",-0.0651230823176131
"S",426,"K","S426K",0.288926972901012
"S",426,"L","S426L",0.323925240874306
"S",426,"M","S426M",0.0394866744995
"S",426,"N","S426N",0.317252764645448
"S",426,"P","S426P",0.0541599421967899
"S",426,"Q","S426Q",-0.222131419290468
"S",426,"R","S426R",0.0240700808417761
"S",426,"T","S426T",0.205251118978607
"S",426,"V","S426V",-0.00126034803069699
"S",426,"W","S426W",-0.229871466254882
"S",426,"Y","S426Y",-0.23954029048159
"V",427,"A","V427A",-0.226124253382209
"V",427,"C","V427C",0.117195988504546
"V",427,"D","V427D",-0.237553188614708
"V",427,"E","V427E",-0.501512601709257
"V",427,"F","V427F",-0.29071990086977
"V",427,"G","V427G",-0.0218121970151483
"V",427,"H","V427H",-0.0192363093433582
"V",427,"I","V427I",-0.0599784098676064
"V",427,"K","V427K",-0.0150442168396247
"V",427,"L","V427L",-0.347322504544577
"V",427,"M","V427M",-0.189660400695547
"V",427,"N","V427N",-0.264001131565882
"V",427,"P","V427P",0.95345940021359
"V",427,"Q","V427Q",-0.339400281524313
"V",427,"R","V427R",-0.536432194602704
"V",427,"S","V427S",-0.243576505516815
"V",427,"T","V427T",-0.817194602032279
"V",427,"W","V427W",1.38192487000662
"V",427,"Y","V427Y",-0.565645214632267
"M",428,"A","M428A",1.54660651376976
"M",428,"C","M428C",-0.19227416408035
"M",428,"D","M428D",1.07329316628877
"M",428,"E","M428E",1.96386118050484
"M",428,"F","M428F",-0.0537448393624566
"M",428,"G","M428G",-0.185838424493058
"M",428,"H","M428H",0.242726257358272
"M",428,"I","M428I",0.288598381071293
"M",428,"K","M428K",-0.562213094645127
"M",428,"L","M428L",1.1336455458765
"M",428,"N","M428N",0.266756926180292
"M",428,"P","M428P",0.0483877406131229
"M",428,"Q","M428Q",0.419648333160448
"M",428,"R","M428R",2.21233896544265
"M",428,"S","M428S",0.085372434086583
"M",428,"T","M428T",-0.0245374702672188
"M",428,"V","M428V",-0.200553340046567
"M",428,"W","M428W",0.775779072194276
"M",428,"Y","M428Y",-0.621262949367037
"H",429,"A","H429A",-0.119660517017728
"H",429,"C","H429C",-0.171341083526701
"H",429,"D","H429D",-0.527678292961036
"H",429,"E","H429E",-1.90729247513143
"H",429,"F","H429F",-0.969851526046312
"H",429,"G","H429G",-0.0494617145908717
"H",429,"I","H429I",-1.70304153023513
"H",429,"K","H429K",-2.89759511327568
"H",429,"L","H429L",-3.10701875720101
"H",429,"M","H429M",-0.367356801029004
"H",429,"N","H429N",-0.240808497974294
"H",429,"P","H429P",-3.79871429714029
"H",429,"Q","H429Q",-0.224622674815912
"H",429,"R","H429R",-3.1231468970632
"H",429,"S","H429S",-0.430502854489829
"H",429,"T","H429T",-0.461330095112214
"H",429,"V","H429V",-2.84660828330551
"H",429,"W","H429W",-2.86295324645309
"H",429,"Y","H429Y",-2.58727318128057
"E",430,"A","E430A",2.55562931073598
"E",430,"C","E430C",-0.468688885994314
"E",430,"D","E430D",-0.0498661497663329
"E",430,"F","E430F",-0.203525286627973
"E",430,"G","E430G",0.97097718280363
"E",430,"H","E430H",-0.379812737283979
"E",430,"I","E430I",-0.516557011992304
"E",430,"K","E430K",-0.624708843585725
"E",430,"L","E430L",0.246511964924735
"E",430,"M","E430M",2.18492914733603
"E",430,"N","E430N",0.804112720778159
"E",430,"P","E430P",2.22141020030543
"E",430,"Q","E430Q",1.27256116175488
"E",430,"R","E430R",-0.149046741829136
"E",430,"S","E430S",0.729217475867011
"E",430,"T","E430T",-0.0433658031777232
"E",430,"V","E430V",0.0995344861965342
"E",430,"W","E430W",-0.359728331561312
"E",430,"Y","E430Y",-0.245326221640159
"L",432,"A","L432A",-0.140961785233881
"L",432,"C","L432C",-0.382148779245631
"L",432,"D","L432D",-0.286300836286592
"L",432,"E","L432E",-0.246384163675882
"L",432,"F","L432F",-0.132754711007954
"L",432,"G","L432G",0.412265871781426
"L",432,"H","L432H",-0.203282243727603
"L",432,"I","L432I",-0.0404925222008895
"L",432,"K","L432K",-0.322874010407506
"L",432,"M","L432M",-0.22586769727497
"L",432,"N","L432N",-0.242096049474832
"L",432,"P","L432P",-0.234552197654981
"L",432,"Q","L432Q",-0.327897767432328
"L",432,"R","L432R",-0.377431344876629
"L",432,"S","L432S",-0.453909648573143
"L",432,"T","L432T",0.36113158432719
"L",432,"V","L432V",-0.0853393912694157
"L",432,"W","L432W",-0.222156832758168
"L",432,"Y","L432Y",-0.642984956658483
"H",433,"A","H433A",-0.39786343007021
"H",433,"C","H433C",0.600557000572058
"H",433,"D","H433D",0.115193586055216
"H",433,"E","H433E",-0.0463375989818442
"H",433,"F","H433F",0.209440278295849
"H",433,"G","H433G",0.0781331472682868
"H",433,"I","H433I",-0.0206093118637106
"H",433,"K","H433K",-0.0100671384337668
"H",433,"L","H433L",0.662648090560351
"H",433,"M","H433M",0.619896563603836
"H",433,"N","H433N",0.103616864999924
"H",433,"P","H433P",-0.0136766957027189
"H",433,"Q","H433Q",0.078507773538115
"H",433,"R","H433R",-0.464935224321616
"H",433,"S","H433S",-0.784276351765348
"H",433,"T","H433T",-1.05749287932446
"H",433,"V","H433V",0.132462605877323
"H",433,"W","H433W",0.0624227993490454
"H",433,"Y","H433Y",0.0713051700811011
"N",434,"A","N434A",0.0837956663976543
"N",434,"C","N434C",0.165700110054168
"N",434,"D","N434D",-0.0167000751506539
"N",434,"E","N434E",0.0268314459015197
"N",434,"F","N434F",0.392379999259013
"N",434,"G","N434G",0.282844003443683
"N",434,"H","N434H",0.00618600857415837
"N",434,"I","N434I",-0.121465773142668
"N",434,"K","N434K",-0.18554668093519
"N",434,"L","N434L",-0.348110614183697
"N",434,"P","N434P",-0.619056645629535
"N",434,"Q","N434Q",-0.00338559298115573
"N",434,"R","N434R",0.224335946395789
"N",434,"S","N434S",-0.670918867634961
"N",434,"T","N434T",0.300997183957646
"N",434,"W","N434W",-0.179193944741977
"N",434,"Y","N434Y",-0.0762140102902178
"H",435,"A","H435A",-0.211648527523451
"H",435,"C","H435C",-0.10148671192866
"H",435,"D","H435D",-0.678818695594698
"H",435,"E","H435E",-0.201444117149808
"H",435,"F","H435F",-0.0736462415252145
"H",435,"G","H435G",1.51250251272733
"H",435,"I","H435I",-0.498975300352022
"H",435,"K","H435K",-0.00679036905146903
"H",435,"L","H435L",-0.147724291218805
"H",435,"M","H435M",-0.552932155630128
"H",435,"N","H435N",-0.803762650522911
"H",435,"P","H435P",-0.372460284263318
"H",435,"Q","H435Q",-0.177576661332535
"H",435,"R","H435R",0.2552858906752
"H",435,"S","H435S",-0.324661761973577
"H",435,"T","H435T",-1.05800085749858
"H",435,"V","H435V",-0.346824339232899
"H",435,"W","H435W",0.800147667336478
"H",435,"Y","H435Y",0.215656530048396
"Y",436,"A","Y436A",0.561659022646392
"Y",436,"C","Y436C",-0.0517673229852487
"Y",436,"D","Y436D",-0.323869862289933
"Y",436,"E","Y436E",-0.312354612875384
"Y",436,"F","Y436F",0.156801266355005
"Y",436,"G","Y436G",0.477681261389193
"Y",436,"H","Y436H",-0.348727049692299
"Y",436,"I","Y436I",-0.888682155857614
"Y",436,"K","Y436K",-0.208433005231249
"Y",436,"L","Y436L",-0.513353255473358
"Y",436,"M","Y436M",0.449964718767795
"Y",436,"N","Y436N",0.118977810928011
"Y",436,"P","Y436P",-0.444781512016937
"Y",436,"Q","Y436Q",0.0243991553998171
"Y",436,"R","Y436R",-0.126263727957616
"Y",436,"S","Y436S",0.235364086950225
"Y",436,"T","Y436T",-0.0531085037229515
"Y",436,"V","Y436V",-0.124131206902986
"Y",436,"W","Y436W",-0.272781616616352
"T",437,"A","T437A",0.304704209361735
"T",437,"C","T437C",0.130105371243031
"T",437,"D","T437D",0.560359096712319
"T",437,"E","T437E",1.05134688962688
"T",437,"F","T437F",-0.08804753135636
"T",437,"G","T437G",0.146818597894049
"T",437,"H","T437H",-0.151312919123074
"T",437,"I","T437I",0.266113374842322
"T",437,"K","T437K",-0.00950331988880049
"T",437,"L","T437L",0.789640096324024
"T",437,"M","T437M",-0.0251677741033948
"T",437,"N","T437N",-0.264909405790082
"T",437,"P","T437P",-0.483518364754295
"T",437,"Q","T437Q",1.34262030767022
"T",437,"R","T437R",0.168271110419266
"T",437,"S","T437S",0.474550233691519
"T",437,"V","T437V",0.928642955083279
"T",437,"W","T437W",-0.775759474939036
"T",437,"Y","T437Y",0.0872873618308581
"Q",438,"A","Q438A",-0.215773028082131
"Q",438,"C","Q438C",-0.0951089032860553
"Q",438,"D","Q438D",-0.312841516802795
"Q",438,"E","Q438E",-0.0221669317235962
"Q",438,"F","Q438F",0.000769221994873121
"Q",438,"G","Q438G",0.82637100261721
"Q",438,"H","Q438H",-0.149861194201091
"Q",438,"I","Q438I",0.932805115464066
"Q",438,"K","Q438K",0.610442780617105
"Q",438,"L","Q438L",0.595607344393257
"Q",438,"M","Q438M",0.0852061800669844
"Q",438,"N","Q438N",0.105804621754001
"Q",438,"P","Q438P",0.211549096384992
"Q",438,"R","Q438R",0.357017637413274
"Q",438,"S","Q438S",-0.08655438576722
"Q",438,"T","Q438T",-0.134970158639935
"Q",438,"V","Q438V",-1.64356643494971
"Q",438,"W","Q438W",-0.272136392217578
"Q",438,"Y","Q438Y",-0.109707047935479
"K",439,"A","K439A",0.0534271446508854
"K",439,"C","K439C",0.876341816903045
"K",439,"D","K439D",-0.506425207537329
"K",439,"E","K439E",-0.388541883560529
"K",439,"F","K439F",-0.223104808038556
"K",439,"G","K439G",-0.0469169915538983
"K",439,"H","K439H",-0.0487552683975753
"K",439,"I","K439I",0.40925249287425
"K",439,"L","K439L",-0.115547373065407
"K",439,"M","K439M",0.00861791065998867
"K",439,"N","K439N",-0.177235346181855
"K",439,"P","K439P",2.24908060685272
"K",439,"Q","K439Q",-0.272537307621558
"K",439,"R","K439R",-1.21407395742768
"K",439,"S","K439S",0.818550639185963
"K",439,"T","K439T",-0.390912226041418
"K",439,"V","K439V",0.193658707050415
"K",439,"W","K439W",-0.294556572700139
"K",439,"Y","K439Y",-0.161802077838305
"S",440,"A","S440A",0.0197788759262762
"S",440,"C","S440C",0.659032456656985
"S",440,"D","S440D",-0.168422972089167
"S",440,"E","S440E",0.127056331371804
"S",440,"F","S440F",0.130173015841585
"S",440,"G","S440G",-0.520461530655694
"S",440,"H","S440H",0.133215173969282
"S",440,"I","S440I",0.508759915568588
"S",440,"K","S440K",0.0497621082773611
"S",440,"L","S440L",-0.191131510067213
"S",440,"M","S440M",-0.475656296681838
"S",440,"N","S440N",-1.39460921327068
"S",440,"P","S440P",0.468193694193615
"S",440,"Q","S440Q",-0.172462277938534
"S",440,"R","S440R",-0.15983488913476
"S",440,"T","S440T",0.0722999161076574
"S",440,"V","S440V",-0.022369213557842
"S",440,"W","S440W",0.112704201951917
"S",440,"Y","S440Y",1.23728658399219
"L",441,"A","L441A",0.436678975746258
"L",441,"C","L441C",0.332975119594063
"L",441,"D","L441D",0.0298638640608182
"L",441,"E","L441E",0.316380296908273
"L",441,"F","L441F",0.372876060167543
"L",441,"G","L441G",0.253790765536603
"L",441,"H","L441H",0.0266944320226248
"L",441,"I","L441I",-0.576125501469587
"L",441,"K","L441K",-0.316577898189405
"L",441,"M","L441M",0.197350164940222
"L",441,"N","L441N",0.125108171055216
"L",441,"P","L441P",0.441546035661445
"L",441,"Q","L441Q",0.737912634736859
"L",441,"R","L441R",0.444557046366046
"L",441,"S","L441S",0.300386339080146
"L",441,"T","L441T",1.48664353064781
"L",441,"V","L441V",-0.0623766864133253
"L",441,"W","L441W",-0.0911663010423319
"L",441,"Y","L441Y",-0.400535929752685
"S",442,"A","S442A",0.230431373082389
"S",442,"C","S442C",-0.118661254513697
"S",442,"D","S442D",-0.145897573587663
"S",442,"E","S442E",0.0262367694478672
"S",442,"F","S442F",-0.346089471406426
"S",442,"G","S442G",1.11261760494197
"S",442,"H","S442H",0.0730822531421933
"S",442,"I","S442I",0.424169693391353
"S",442,"K","S442K",0.121887819029165
"S",442,"L","S442L",0.2472067319953
"S",442,"M","S442M",0.2954251365357
"S",442,"N","S442N",0.415050109255444
"S",442,"P","S442P",0.546541329612121
"S",442,"Q","S442Q",-0.14679441190305
"S",442,"R","S442R",-0.122037962324426
"S",442,"T","S442T",0.170071475252344
"S",442,"V","S442V",0.090481068231813
"S",442,"W","S442W",0.459266487257534
"S",442,"Y","S442Y",0.106825883141041
"L",443,"A","L443A",0.685257039228955
"L",443,"C","L443C",0.122578468433735
"L",443,"D","L443D",0.790783207004556
"L",443,"E","L443E",0.626597063503511
"L",443,"F","L443F",0.0777658721679808
"L",443,"G","L443G",3.04284128175581
"L",443,"H","L443H",0.219150643990265
"L",443,"I","L443I",1.61665340892377
"L",443,"K","L443K",-0.629964466963547
"L",443,"M","L443M",-0.0248900437985028
"L",443,"N","L443N",0.10212179925517
"L",443,"P","L443P",0.464986405251593
"L",443,"Q","L443Q",0.256662639699294
"L",443,"R","L443R",0.242593804197901
"L",443,"S","L443S",0.637157679093279
"L",443,"T","L443T",0.526685263506617
"L",443,"V","L443V",0.142983791204342
"L",443,"W","L443W",0.315722507960872
"L",443,"Y","L443Y",0.507575770593004
"S",444,"A","S444A",0.619661389638554
"S",444,"C","S444C",2.07377374894301
"S",444,"D","S444D",0.326068498127948
"S",444,"E","S444E",-0.0618797175076965
"S",444,"F","S444F",-0.104199903563023
"S",444,"G","S444G",0.318794423194165
"S",444,"H","S444H",0.0560637652633741
"S",444,"I","S444I",-0.0990375506859373
"S",444,"K","S444K",-0.402689035547249
"S",444,"L","S444L",0.112384535339122
"S",444,"M","S444M",0.199241275198258
"S",444,"N","S444N",0.227057375953224
"S",444,"P","S444P",0.15079792128793
"S",444,"Q","S444Q",0.301770641273719
"S",444,"R","S444R",-0.458107540178404
"S",444,"T","S444T",0.304466327003125
"S",444,"V","S444V",0.0111230980433159
"S",444,"W","S444W",0.206141787804006
"S",444,"Y","S444Y",-0.055205027352815
"P",445,"A","P445A",-0.00314268543613484
"P",445,"C","P445C",0.675127660237552
"P",445,"D","P445D",0.133090619043945
"P",445,"E","P445E",0.0582724069699735
"P",445,"F","P445F",0.181690255175772
"P",445,"G","P445G",0.170176480680436
"P",445,"H","P445H",0.278364677547729
"P",445,"I","P445I",0.157109407964642
"P",445,"K","P445K",-0.198754370662822
"P",445,"L","P445L",-0.0760654796952945
"P",445,"M","P445M",0.109480477052678
"P",445,"N","P445N",0.323723057689233
"P",445,"Q","P445Q",0.0434211064439646
"P",445,"R","P445R",-0.113860666287403
"P",445,"S","P445S",-0.0769101769108959
"P",445,"V","P445V",-0.628481261976614
"P",445,"W","P445W",0.407050174318033
"P",445,"Y","P445Y",0.712336656483752
"G",446,"A","G446A",0.0570555732857806
"G",446,"C","G446C",0.113432870668746
"G",446,"D","G446D",-0.0920844292269822
"G",446,"E","G446E",-0.00935359161936654
"G",446,"F","G446F",0.179780403529947
"G",446,"H","G446H",0.0238391110868209
"G",446,"I","G446I",-0.163175653838034
"G",446,"K","G446K",0.0999926157082799
"G",446,"L","G446L",-0.0550746505584403
"G",446,"M","G446M",0.213071396274536
"G",446,"N","G446N",0.25118510233775
"G",446,"P","G446P",-0.145848904998179
"G",446,"Q","G446Q",0.179097710471486
"G",446,"R","G446R",-0.16673244646478
"G",446,"S","G446S",0.149609447854274
"G",446,"T","G446T",-0.225271481729866
"G",446,"V","G446V",-0.125362882745084
"G",446,"W","G446W",-0.220321594249406
"G",446,"Y","G446Y",-0.0168863054819581
"K",447,"A","K447A",-0.365733091785676
"K",447,"C","K447C",0.269672867603356
"K",447,"D","K447D",-0.871659135408645
"K",447,"E","K447E",0.360351891154947
"K",447,"F","K447F",0.805447339896202
"K",447,"G","K447G",0.124593013541673
"K",447,"H","K447H",-0.0305083739651235
"K",447,"I","K447I",0.174471365912874
"K",447,"L","K447L",0.0371652097061151
"K",447,"M","K447M",-0.494393206282339
"K",447,"N","K447N",0.632040241584337
"K",447,"P","K447P",0.140868361392255
"K",447,"Q","K447Q",0.0986584189737844
"K",447,"R","K447R",0.11482548533262
"K",447,"S","K447S",0.362143837396196
"K",447,"T","K447T",0.125819306995146
"K",447,"V","K447V",-0.283580170435568
"K",447,"W","K447W",0.160320200584705
"K",447,"Y","K447Y",0.361279374427612
