"wildtype","site","mutation","name","scaledscore"
"E",216,"A","E216A",-0.172894027522795
"E",216,"C","E216C",-0.510868273024585
"E",216,"D","E216D",0.181395708763094
"E",216,"F","E216F",-0.0018731857027663
"E",216,"G","E216G",-0.0820648826702687
"E",216,"H","E216H",0.0252928917394655
"E",216,"I","E216I",0.570493150647377
"E",216,"K","E216K",-0.242116061514242
"E",216,"L","E216L",-0.533488530682809
"E",216,"M","E216M",-0.470683164020201
"E",216,"N","E216N",-0.433146183005714
"E",216,"P","E216P",0.170337439448088
"E",216,"Q","E216Q",0.306653303561551
"E",216,"R","E216R",0.229060606608236
"E",216,"S","E216S",-0.263558352152176
"E",216,"T","E216T",-0.16276571294075
"E",216,"V","E216V",0.308543955506459
"E",216,"W","E216W",-0.531318354435885
"E",216,"Y","E216Y",-0.180831222086725
"P",217,"A","P217A",-0.0628394563864965
"P",217,"C","P217C",0.350886197035873
"P",217,"D","P217D",1.09148164851321
"P",217,"E","P217E",1.15376547628284
"P",217,"F","P217F",0.190756260473629
"P",217,"G","P217G",0.279096749328306
"P",217,"H","P217H",-0.067052035689331
"P",217,"I","P217I",0.258018430969401
"P",217,"K","P217K",0.42849326702983
"P",217,"L","P217L",0.785116754431598
"P",217,"M","P217M",0.160395204249045
"P",217,"N","P217N",-0.109879882138473
"P",217,"Q","P217Q",0.164404663465396
"P",217,"R","P217R",-0.63687502534867
"P",217,"S","P217S",1.0669911660547
"P",217,"T","P217T",0.47527944258226
"P",217,"V","P217V",0.227405865702361
"P",217,"W","P217W",1.48450045012459
"P",217,"Y","P217Y",-0.196125738314986
"K",218,"A","K218A",1.30628336809267
"K",218,"C","K218C",1.49905224246036
"K",218,"D","K218D",1.51079787426746
"K",218,"E","K218E",2.45860480170824
"K",218,"F","K218F",1.23762926697883
"K",218,"G","K218G",1.04739725396243
"K",218,"H","K218H",1.7247512924082
"K",218,"I","K218I",2.64467130837236
"K",218,"L","K218L",1.85896885873961
"K",218,"M","K218M",0.3796707278301
"K",218,"N","K218N",0.432781841891599
"K",218,"P","K218P",0.68228053990143
"K",218,"Q","K218Q",0.686919606492617
"K",218,"R","K218R",0.666351604383719
"K",218,"S","K218S",1.30187565662152
"K",218,"T","K218T",1.1335101887322
"K",218,"V","K218V",0.824818932547204
"K",218,"W","K218W",1.0527075435727
"K",218,"Y","K218Y",1.43813931579477
"S",219,"A","S219A",-0.140590423185043
"S",219,"C","S219C",-0.233390462898566
"S",219,"D","S219D",0.85179529280428
"S",219,"E","S219E",1.08112831524881
"S",219,"F","S219F",0.432309094693028
"S",219,"G","S219G",0.154222248191363
"S",219,"H","S219H",-0.144511915941394
"S",219,"I","S219I",0.552213352555568
"S",219,"K","S219K",-0.0600069248877872
"S",219,"L","S219L",-0.31283606754361
"S",219,"M","S219M",-0.215562770801238
"S",219,"N","S219N",1.01010545931091
"S",219,"P","S219P",0.374829850570356
"S",219,"Q","S219Q",-0.719195954150145
"S",219,"R","S219R",-0.272426580199393
"S",219,"T","S219T",0.391351033807665
"S",219,"V","S219V",-0.0311058309755733
"S",219,"W","S219W",0.0496569277469199
"S",219,"Y","S219Y",-0.276634824821211
"C",220,"A","C220A",-1.3327327464577
"C",220,"D","C220D",0.592514745280091
"C",220,"E","C220E",0.679073249507135
"C",220,"F","C220F",-0.13982494942699
"C",220,"G","C220G",0.327674126175406
"C",220,"H","C220H",-0.105520236128536
"C",220,"I","C220I",0.0473781681060082
"C",220,"K","C220K",-0.490944006538478
"C",220,"L","C220L",0.886992382273258
"C",220,"M","C220M",-0.286767672117497
"C",220,"N","C220N",-0.0375177799861782
"C",220,"P","C220P",-0.0664059711424954
"C",220,"Q","C220Q",-0.0189434279252756
"C",220,"R","C220R",-0.78505841568419
"C",220,"S","C220S",0.27295081501452
"C",220,"T","C220T",1.36882366946278
"C",220,"V","C220V",-0.591466296054358
"C",220,"W","C220W",-0.751066586361686
"C",220,"Y","C220Y",0.0516838732937346
"D",221,"A","D221A",0.318061214030976
"D",221,"C","D221C",-0.259648995886015
"D",221,"E","D221E",-0.250234248728179
"D",221,"F","D221F",-0.628462023111853
"D",221,"G","D221G",0.116221364749071
"D",221,"H","D221H",0.820850835190385
"D",221,"I","D221I",-0.47010018828361
"D",221,"K","D221K",0.0212565502314962
"D",221,"L","D221L",0.177755767871
"D",221,"M","D221M",-0.0380588262622821
"D",221,"N","D221N",-0.675703872525778
"D",221,"P","D221P",0.567961179547534
"D",221,"Q","D221Q",-0.0638071304687271
"D",221,"R","D221R",-0.324285629777004
"D",221,"S","D221S",0.0430236199601949
"D",221,"T","D221T",-0.257909701744584
"D",221,"V","D221V",0.192524433514907
"D",221,"W","D221W",-0.596519426195648
"D",221,"Y","D221Y",-0.17263579219944
"K",222,"A","K222A",0.720535382459802
"K",222,"C","K222C",0.213319783112456
"K",222,"D","K222D",1.39904759843391
"K",222,"E","K222E",1.53534765474819
"K",222,"F","K222F",1.09643142240795
"K",222,"G","K222G",1.05106449553842
"K",222,"H","K222H",0.224471435779341
"K",222,"I","K222I",0.636375979494474
"K",222,"L","K222L",1.10134537749733
"K",222,"M","K222M",0.424292330685412
"K",222,"N","K222N",0.507163458974818
"K",222,"P","K222P",0.734588853935372
"K",222,"Q","K222Q",0.769589050589214
"K",222,"R","K222R",0.196663966523013
"K",222,"S","K222S",0.526388848918689
"K",222,"T","K222T",0.599771680409285
"K",222,"V","K222V",0.677084498329273
"K",222,"W","K222W",0.763419266563812
"K",222,"Y","K222Y",1.03747543994757
"T",223,"A","T223A",-0.0476724494492613
"T",223,"C","T223C",0.696863210463966
"T",223,"D","T223D",0.962955920647811
"T",223,"E","T223E",0.0774149674453409
"T",223,"F","T223F",-0.0217866461959722
"T",223,"G","T223G",1.83401243857219
"T",223,"H","T223H",0.28323364005721
"T",223,"I","T223I",0.116584702821653
"T",223,"K","T223K",0.669882867082261
"T",223,"L","T223L",-0.12628755100002
"T",223,"M","T223M",0.59636101417202
"T",223,"N","T223N",-0.0604546443348425
"T",223,"P","T223P",0.590736973954666
"T",223,"Q","T223Q",0.59180832373292
"T",223,"R","T223R",-0.180006675114973
"T",223,"S","T223S",0.636496598619461
"T",223,"V","T223V",0.0178957611663127
"T",223,"W","T223W",-0.000382466794710074
"T",223,"Y","T223Y",0.500636631026043
"H",224,"A","H224A",-0.252199360607075
"H",224,"C","H224C",0.756208656880296
"H",224,"D","H224D",0.788751311757903
"H",224,"E","H224E",0.715847724901733
"H",224,"F","H224F",0.389089114695292
"H",224,"G","H224G",-0.179554457435436
"H",224,"I","H224I",0.174044686892573
"H",224,"K","H224K",0.0932615329993453
"H",224,"L","H224L",0.0877937149825431
"H",224,"M","H224M",0.286351597983377
"H",224,"N","H224N",0.0916743137732725
"H",224,"P","H224P",0.0389582384764943
"H",224,"Q","H224Q",0.0435095517645366
"H",224,"R","H224R",0.0842666443891453
"H",224,"S","H224S",0.306575720977753
"H",224,"T","H224T",0.461153122237719
"H",224,"V","H224V",0.101167157016545
"H",224,"W","H224W",0.140321127877958
"H",224,"Y","H224Y",0.133105183302422
"T",225,"A","T225A",-0.0128995253400679
"T",225,"C","T225C",-0.376041641022346
"T",225,"D","T225D",0.512872884643487
"T",225,"E","T225E",0.157138670110414
"T",225,"F","T225F",0.182931788640287
"T",225,"G","T225G",1.01194661329971
"T",225,"H","T225H",0.489772057952886
"T",225,"I","T225I",0.578973568641713
"T",225,"K","T225K",0.177263615909269
"T",225,"L","T225L",0.122698086902185
"T",225,"M","T225M",0.0715963090650968
"T",225,"N","T225N",0.329829841459223
"T",225,"P","T225P",-0.142189817170784
"T",225,"Q","T225Q",0.274031991261771
"T",225,"S","T225S",-0.360134420307514
"T",225,"V","T225V",0.244606129633479
"T",225,"W","T225W",0.377060357726767
"T",225,"Y","T225Y",-0.16184850433972
"C",226,"A","C226A",-0.360613867748462
"C",226,"D","C226D",-0.466101299729818
"C",226,"E","C226E",0.305257943910418
"C",226,"F","C226F",1.04495615922312
"C",226,"G","C226G",-0.986381096855004
"C",226,"H","C226H",-0.387685714192344
"C",226,"I","C226I",-0.712967876278307
"C",226,"K","C226K",-0.810056218065357
"C",226,"L","C226L",-0.635724101505477
"C",226,"M","C226M",0.254653421716861
"C",226,"N","C226N",0.25117302913172
"C",226,"P","C226P",-0.142858915393843
"C",226,"Q","C226Q",-0.459489114812425
"C",226,"R","C226R",-0.295865662225295
"C",226,"S","C226S",-0.0113301178910347
"C",226,"T","C226T",-0.0711282069389785
"C",226,"V","C226V",-0.0851544691489753
"C",226,"W","C226W",0.0138038657068422
"C",226,"Y","C226Y",0.0698910240237769
"P",227,"A","P227A",-0.141772216910007
"P",227,"C","P227C",0.00729698394503159
"P",227,"D","P227D",-0.584717234892176
"P",227,"E","P227E",0.553285245500465
"P",227,"F","P227F",-0.176630919126138
"P",227,"G","P227G",0.65691757482466
"P",227,"H","P227H",0.275394534952947
"P",227,"I","P227I",0.283118353520556
"P",227,"K","P227K",-0.421788416006836
"P",227,"L","P227L",-0.19255243371191
"P",227,"M","P227M",-0.0431968066482806
"P",227,"N","P227N",-0.623103820040582
"P",227,"Q","P227Q",-0.295642162800664
"P",227,"R","P227R",-0.620029678612819
"P",227,"S","P227S",0.562041097493901
"P",227,"T","P227T",-0.179067066060413
"P",227,"V","P227V",-0.0778735756016674
"P",227,"W","P227W",0.872117037279788
"P",227,"Y","P227Y",0.0697281863921374
"P",228,"A","P228A",-0.291995351051417
"P",228,"C","P228C",-0.120568879300862
"P",228,"D","P228D",-0.014085367838058
"P",228,"E","P228E",0.507659861147978
"P",228,"F","P228F",0.467778332702294
"P",228,"G","P228G",0.927373726423023
"P",228,"H","P228H",-0.641852489486178
"P",228,"I","P228I",-0.322994128976159
"P",228,"K","P228K",-0.164345533995947
"P",228,"L","P228L",-0.836033268349915
"P",228,"M","P228M",0.166577999756273
"P",228,"N","P228N",-0.733038429915889
"P",228,"Q","P228Q",-0.470460903686856
"P",228,"R","P228R",-0.14239741851399
"P",228,"S","P228S",0.375886319497437
"P",228,"T","P228T",0.57277584425891
"P",228,"V","P228V",0.163593100439477
"P",228,"W","P228W",0.0589689715982499
"P",228,"Y","P228Y",0.715579135447486
"C",229,"A","C229A",-0.489734903921884
"C",229,"D","C229D",-0.0960311661894367
"C",229,"E","C229E",-0.147841165950257
"C",229,"F","C229F",-0.220657133586521
"C",229,"G","C229G",-0.576555271860202
"C",229,"H","C229H",-0.41389756888953
"C",229,"I","C229I",0.582750089279263
"C",229,"K","C229K",-1.89760577394681
"C",229,"L","C229L",-0.299371268446088
"C",229,"M","C229M",-0.526088907131603
"C",229,"N","C229N",-0.335913443419417
"C",229,"P","C229P",-0.610764399983497
"C",229,"Q","C229Q",-0.843563871212819
"C",229,"R","C229R",-0.98947844968835
"C",229,"S","C229S",-0.763050580633238
"C",229,"T","C229T",-0.715060011482348
"C",229,"V","C229V",-0.0734046780380107
"C",229,"W","C229W",-0.283276726421179
"C",229,"Y","C229Y",-0.145060158405393
"P",230,"A","P230A",0.0957095224260185
"P",230,"C","P230C",0.235553681252333
"P",230,"D","P230D",0.740992495577215
"P",230,"E","P230E",-0.137681425544613
"P",230,"F","P230F",1.14313485862854
"P",230,"G","P230G",0.159864447610861
"P",230,"H","P230H",0.669162333636092
"P",230,"I","P230I",0.498369049470538
"P",230,"K","P230K",-0.394552183685689
"P",230,"L","P230L",1.07459889142027
"P",230,"M","P230M",1.75779614510227
"P",230,"N","P230N",0.015203774833418
"P",230,"Q","P230Q",0.476870912693863
"P",230,"R","P230R",-0.796597613095057
"P",230,"S","P230S",0.842967393695365
"P",230,"T","P230T",0.327360695860928
"P",230,"V","P230V",0.641714677719322
"P",230,"W","P230W",1.04426560240103
"P",230,"Y","P230Y",0.0772113741719192
"A",231,"C","A231C",0.634737767352858
"A",231,"D","A231D",0.342132888134232
"A",231,"E","A231E",0.745917182010036
"A",231,"F","A231F",0.932797513866654
"A",231,"G","A231G",0.433862552570863
"A",231,"H","A231H",1.39645272160194
"A",231,"I","A231I",0.264554116263646
"A",231,"K","A231K",-0.270544598664464
"A",231,"L","A231L",0.0850283425094474
"A",231,"M","A231M",0.71518665659168
"A",231,"N","A231N",-0.0773426250217472
"A",231,"P","A231P",-0.0357817032335829
"A",231,"Q","A231Q",0.229572944557804
"A",231,"R","A231R",-0.173234039105918
"A",231,"S","A231S",0.347957233100893
"A",231,"T","A231T",0.758096910091586
"A",231,"V","A231V",0.507165294593843
"A",231,"W","A231W",1.95630422914233
"A",231,"Y","A231Y",-0.303706568301666
"P",232,"A","P232A",1.29590884957639
"P",232,"C","P232C",0.167773430833475
"P",232,"D","P232D",1.03795105457142
"P",232,"E","P232E",1.50257772265565
"P",232,"F","P232F",0.549127447360662
"P",232,"G","P232G",-0.0775620514542587
"P",232,"H","P232H",-0.776361237327183
"P",232,"I","P232I",1.05705245818102
"P",232,"K","P232K",0.113545522231153
"P",232,"L","P232L",2.86329887460775
"P",232,"M","P232M",0.797888666798767
"P",232,"N","P232N",1.18069804916703
"P",232,"Q","P232Q",2.10652546560616
"P",232,"R","P232R",-1.17680942036755
"P",232,"S","P232S",0.0411767962835738
"P",232,"T","P232T",0.0668188311254318
"P",232,"V","P232V",0.458972477533548
"P",232,"W","P232W",1.56922713777124
"P",232,"Y","P232Y",1.09686198889126
"E",233,"A","E233A",-2.45135057529822
"E",233,"C","E233C",-2.66773420838765
"E",233,"D","E233D",0.558962014416375
"E",233,"F","E233F",-4.38318935171926
"E",233,"G","E233G",-1.65942215507728
"E",233,"H","E233H",-3.6162183254718
"E",233,"I","E233I",-2.31222095673735
"E",233,"K","E233K",-1.98803582678414
"E",233,"L","E233L",-2.26030194191348
"E",233,"M","E233M",-2.35114968038163
"E",233,"N","E233N",-0.205314692335859
"E",233,"P","E233P",-2.13003488624593
"E",233,"Q","E233Q",-2.45596680357488
"E",233,"R","E233R",-2.94161622785451
"E",233,"S","E233S",-3.07155583378439
"E",233,"T","E233T",-2.22715151060093
"E",233,"V","E233V",-3.46612346404458
"E",233,"W","E233W",-1.27434482850413
"E",233,"Y","E233Y",-1.7681973164276
"L",234,"A","L234A",-2.23307148326725
"L",234,"C","L234C",-2.12509531169775
"L",234,"D","L234D",-2.43992228519404
"L",234,"E","L234E",-1.94033622804048
"L",234,"F","L234F",-2.9951439837814
"L",234,"G","L234G",-1.5857461022331
"L",234,"H","L234H",-1.86297726301692
"L",234,"I","L234I",-1.24159403528197
"L",234,"K","L234K",-1.28461545003508
"L",234,"M","L234M",-5.02480913456739
"L",234,"N","L234N",-2.82482208286654
"L",234,"P","L234P",-3.2712504862187
"L",234,"Q","L234Q",-3.12198521853843
"L",234,"R","L234R",-2.84311103179001
"L",234,"S","L234S",-2.98898706181724
"L",234,"T","L234T",-1.57818302850242
"L",234,"W","L234W",-1.38143256426175
"L",234,"Y","L234Y",-1.06748618884487
"L",235,"A","L235A",-1.2925994602962
"L",235,"C","L235C",-2.77105834292015
"L",235,"D","L235D",-3.08877139004843
"L",235,"E","L235E",-2.84237809792984
"L",235,"F","L235F",-4.56825130183295
"L",235,"G","L235G",-1.46009205454684
"L",235,"H","L235H",-2.8124892953865
"L",235,"I","L235I",-2.03412961987211
"L",235,"K","L235K",-2.99395020476317
"L",235,"M","L235M",-2.86515269348567
"L",235,"N","L235N",-2.42006240410801
"L",235,"P","L235P",-1.89825223885903
"L",235,"Q","L235Q",-3.16470207549919
"L",235,"R","L235R",-2.23819335652567
"L",235,"S","L235S",-2.49523169121736
"L",235,"T","L235T",-2.90196660348132
"L",235,"V","L235V",-2.23845255440914
"L",235,"W","L235W",-2.52689690629144
"L",235,"Y","L235Y",-1.45750430693246
"G",236,"A","G236A",-1.48190012919816
"G",236,"C","G236C",-4.69491395802409
"G",236,"D","G236D",-2.0266533325846
"G",236,"E","G236E",-2.4307921353029
"G",236,"F","G236F",-3.53949727105898
"G",236,"H","G236H",-2.76720771878832
"G",236,"I","G236I",-2.49150563175019
"G",236,"K","G236K",-2.19647685149032
"G",236,"L","G236L",-0.0754352253979472
"G",236,"M","G236M",-3.0493387351439
"G",236,"N","G236N",-0.782891353056278
"G",236,"P","G236P",-1.90148636323947
"G",236,"Q","G236Q",-2.50906195309687
"G",236,"R","G236R",-5.2225565109936
"G",236,"S","G236S",-3.31179190344653
"G",236,"T","G236T",-2.68128247590605
"G",236,"V","G236V",-2.20842757160012
"G",236,"W","G236W",-1.62051858166085
"G",236,"Y","G236Y",-4.63129570698414
"G",237,"A","G237A",-3.82495458691296
"G",237,"C","G237C",-1.80979015117346
"G",237,"D","G237D",-1.84112180662817
"G",237,"E","G237E",-2.94205812006247
"G",237,"F","G237F",-2.67187485546068
"G",237,"H","G237H",-2.41102137215147
"G",237,"I","G237I",-0.620088480767854
"G",237,"K","G237K",-2.9168124805941
"G",237,"L","G237L",-2.37359112789992
"G",237,"M","G237M",-3.22982549776042
"G",237,"N","G237N",-2.88397946251975
"G",237,"P","G237P",-2.59011884459274
"G",237,"Q","G237Q",-2.9510877839358
"G",237,"R","G237R",-2.34755507920351
"G",237,"S","G237S",-2.38058579640323
"G",237,"T","G237T",-1.45938368133775
"G",237,"V","G237V",-4.08347687703451
"G",237,"W","G237W",-2.79490542683017
"G",237,"Y","G237Y",-3.88029015704474
"P",238,"A","P238A",-2.19375569615805
"P",238,"C","P238C",-1.57692862814341
"P",238,"D","P238D",-1.16620893928595
"P",238,"E","P238E",-1.36840598743937
"P",238,"F","P238F",0.225801649902494
"P",238,"G","P238G",-1.14495731514215
"P",238,"H","P238H",-2.70755748842216
"P",238,"I","P238I",0.286376058692076
"P",238,"K","P238K",-3.05392551945874
"P",238,"L","P238L",0.300595279011231
"P",238,"M","P238M",-0.18486773974601
"P",238,"N","P238N",-1.30331878982786
"P",238,"Q","P238Q",-1.58541912250642
"P",238,"R","P238R",-0.424976698126376
"P",238,"S","P238S",-0.982689529086926
"P",238,"T","P238T",-1.45259594638379
"P",238,"V","P238V",-0.226069031628391
"P",238,"W","P238W",-0.299628693076858
"P",238,"Y","P238Y",0.494043657323517
"S",239,"A","S239A",-0.408069196383757
"S",239,"C","S239C",-2.06555389877193
"S",239,"D","S239D",7.69335786238921
"S",239,"E","S239E",3.07220028297522
"S",239,"F","S239F",-1.94186560497935
"S",239,"G","S239G",0.00798008286624497
"S",239,"H","S239H",-2.60226064515389
"S",239,"I","S239I",-0.184231338843127
"S",239,"K","S239K",-2.52354115594806
"S",239,"L","S239L",-1.31163253210105
"S",239,"M","S239M",-0.378507938978791
"S",239,"N","S239N",-0.458310885827442
"S",239,"P","S239P",-1.67560222887847
"S",239,"Q","S239Q",-1.67367910253633
"S",239,"R","S239R",-0.839680863773138
"S",239,"T","S239T",0.567631041897797
"S",239,"V","S239V",-0.619987414848817
"S",239,"W","S239W",-2.17142867158967
"S",239,"Y","S239Y",-5.21148854680702
"V",240,"A","V240A",0.480138536544378
"V",240,"C","V240C",-0.324744168590883
"V",240,"D","V240D",0.00230966942733356
"V",240,"E","V240E",0.5533965652083
"V",240,"F","V240F",0.519200557578371
"V",240,"G","V240G",0.641405599954556
"V",240,"H","V240H",-0.743887735862034
"V",240,"I","V240I",0.391098410557004
"V",240,"K","V240K",-0.0152937084251719
"V",240,"L","V240L",0.224971464180208
"V",240,"M","V240M",0.943118733593717
"V",240,"N","V240N",0.427736062496038
"V",240,"P","V240P",-0.236324200170055
"V",240,"Q","V240Q",-0.0997498276698284
"V",240,"R","V240R",-0.523128269351105
"V",240,"S","V240S",-0.279353769654462
"V",240,"T","V240T",0.355186263122776
"V",240,"W","V240W",-0.273190076762908
"V",240,"Y","V240Y",-0.588406763585974
"F",241,"A","F241A",-1.21282769875734
"F",241,"C","F241C",-1.85274348314091
"F",241,"D","F241D",-0.444355206970499
"F",241,"E","F241E",-0.0772661923017221
"F",241,"G","F241G",-0.699288013337481
"F",241,"H","F241H",-0.123255705968454
"F",241,"I","F241I",-0.229483162417806
"F",241,"K","F241K",-2.61141461674024
"F",241,"L","F241L",-0.0316406236533981
"F",241,"M","F241M",0.133393890430848
"F",241,"N","F241N",-0.432867737507269
"F",241,"P","F241P",0.485546572992319
"F",241,"Q","F241Q",-0.513354332740428
"F",241,"R","F241R",-3.04872058870132
"F",241,"S","F241S",-0.468696851712508
"F",241,"T","F241T",-0.771872895116278
"F",241,"V","F241V",-0.20028260595351
"F",241,"W","F241W",0.21585115697321
"F",241,"Y","F241Y",-0.156501501171628
"L",242,"F","L242F",-0.813372152493749
"F",243,"A","F243A",-0.809504943683133
"F",243,"C","F243C",-0.826169099153494
"F",243,"D","F243D",-0.28452987685171
"F",243,"E","F243E",0.0495826646069119
"F",243,"H","F243H",1.1761690650167
"F",243,"I","F243I",-0.268842242105522
"F",243,"K","F243K",-1.70937738665673
"F",243,"L","F243L",-0.28126536985443
"F",243,"M","F243M",-0.0695844111126093
"F",243,"N","F243N",-0.449650793277349
"F",243,"P","F243P",0.123936269337862
"F",243,"Q","F243Q",-0.271162981639531
"F",243,"R","F243R",-1.14642887279422
"F",243,"S","F243S",-0.551379441561626
"F",243,"T","F243T",-0.308663903749347
"F",243,"V","F243V",0.403178018843166
"F",243,"W","F243W",-0.178482780429079
"F",243,"Y","F243Y",0.319331888836149
"P",244,"A","P244A",0.506131565520778
"P",244,"C","P244C",0.378472826414425
"P",244,"D","P244D",-0.0477254126822768
"P",244,"E","P244E",0.521107384781865
"P",244,"F","P244F",0.55977925922276
"P",244,"G","P244G",0.0811366738676527
"P",244,"H","P244H",0.468593633500088
"P",244,"I","P244I",-0.310062147538915
"P",244,"K","P244K",0.0451870810980552
"P",244,"L","P244L",0.50826563595552
"P",244,"M","P244M",-0.0745521603722611
"P",244,"N","P244N",0.160880255851104
"P",244,"Q","P244Q",0.25671292993516
"P",244,"R","P244R",0.0624372659821252
"P",244,"S","P244S",0.00459202204415151
"P",244,"T","P244T",0.402953810429906
"P",244,"V","P244V",0.116946522858367
"P",244,"W","P244W",1.02892691195175
"P",244,"Y","P244Y",-0.112345482999191
"P",245,"A","P245A",0.133308269038306
"P",245,"C","P245C",0.57645388582289
"P",245,"D","P245D",0.430332030267572
"P",245,"E","P245E",-2.1425115126945
"P",245,"F","P245F",0.591005625326984
"P",245,"G","P245G",-0.335562420716034
"P",245,"H","P245H",0.143718714295221
"P",245,"I","P245I",0.172868487466079
"P",245,"K","P245K",-0.153104686394663
"P",245,"L","P245L",-0.304408911986779
"P",245,"M","P245M",0.569265828429713
"P",245,"N","P245N",-1.61719982832751
"P",245,"Q","P245Q",0.408727898345636
"P",245,"R","P245R",-0.997644453823907
"P",245,"S","P245S",1.00890017434384
"P",245,"T","P245T",1.62566268834562
"P",245,"V","P245V",0.697854149105094
"P",245,"W","P245W",-0.631020491186116
"P",245,"Y","P245Y",-0.34479281644986
"K",246,"A","K246A",0.634973491867923
"K",246,"C","K246C",0.674012407211099
"K",246,"D","K246D",0.109315531805048
"K",246,"E","K246E",0.347603625468669
"K",246,"F","K246F",-0.0149474504190448
"K",246,"G","K246G",-0.223024615189738
"K",246,"H","K246H",0.624746416249309
"K",246,"I","K246I",0.582309338072262
"K",246,"L","K246L",0.348724765505029
"K",246,"M","K246M",-0.00341402104135291
"K",246,"N","K246N",0.44854474896427
"K",246,"P","K246P",1.07225165425198
"K",246,"Q","K246Q",0.181329235339819
"K",246,"R","K246R",-0.0632959600928667
"K",246,"S","K246S",-0.00990035828529981
"K",246,"T","K246T",0.173041944877424
"K",246,"V","K246V",0.524494256067009
"K",246,"W","K246W",0.471293225304367
"K",246,"Y","K246Y",-0.00673336758750544
"P",247,"A","P247A",0.183838578027519
"P",247,"C","P247C",1.94270120542643
"P",247,"D","P247D",-0.38404877301599
"P",247,"E","P247E",0.895179387727872
"P",247,"F","P247F",2.22852966798211
"P",247,"G","P247G",-0.413304956243307
"P",247,"H","P247H",2.18641435871546
"P",247,"I","P247I",2.98018131350313
"P",247,"K","P247K",-0.0205802572165017
"P",247,"L","P247L",2.02037282601873
"P",247,"M","P247M",1.04087080018735
"P",247,"N","P247N",0.490081745203244
"P",247,"Q","P247Q",-0.194020138077628
"P",247,"R","P247R",0.103817038296
"P",247,"S","P247S",0.357450502663278
"P",247,"T","P247T",1.01674060960503
"P",247,"V","P247V",1.10906643347842
"P",247,"W","P247W",1.2433756605892
"P",247,"Y","P247Y",1.05538538731057
"K",248,"A","K248A",0.513242123818988
"K",248,"C","K248C",-0.0183118256300079
"K",248,"D","K248D",-0.239858185561815
"K",248,"E","K248E",1.09083684702721
"K",248,"F","K248F",-0.439407269839421
"K",248,"G","K248G",0.530950824942579
"K",248,"H","K248H",0.205939282166139
"K",248,"I","K248I",0.0474313885566236
"K",248,"L","K248L",-1.07598278610819
"K",248,"M","K248M",0.583411048427561
"K",248,"N","K248N",1.06490866440438
"K",248,"P","K248P",0.75997006737207
"K",248,"Q","K248Q",0.263092331858108
"K",248,"R","K248R",-0.134893065868124
"K",248,"S","K248S",0.302329300896647
"K",248,"T","K248T",0.95655842159035
"K",248,"V","K248V",0.732942732884125
"K",248,"W","K248W",-0.135435059374358
"K",248,"Y","K248Y",-0.0527774392005474
"D",249,"A","D249A",0.498535225596614
"D",249,"C","D249C",-0.133272391834502
"D",249,"E","D249E",0.700958119379775
"D",249,"F","D249F",0.40078311856685
"D",249,"G","D249G",0.344007241713177
"D",249,"H","D249H",0.177225778630117
"D",249,"I","D249I",0.825483200848617
"D",249,"K","D249K",-0.124538676047857
"D",249,"L","D249L",0.416330896443814
"D",249,"M","D249M",1.07990162610056
"D",249,"N","D249N",0.600324058643277
"D",249,"P","D249P",0.892249926702663
"D",249,"Q","D249Q",0.121409413717127
"D",249,"R","D249R",-0.266244805933838
"D",249,"S","D249S",0.00115588306380562
"D",249,"T","D249T",-0.375323165527446
"D",249,"V","D249V",0.307400317178758
"D",249,"W","D249W",0.154147442220992
"D",249,"Y","D249Y",0.235581623427717
"T",250,"A","T250A",0.106049289326451
"T",250,"C","T250C",-0.307952702553188
"T",250,"D","T250D",-0.170020065080478
"T",250,"E","T250E",-0.166333962078531
"T",250,"F","T250F",0.521304729268056
"T",250,"G","T250G",0.189177173424578
"T",250,"H","T250H",0.506753159624967
"T",250,"I","T250I",0.347290211120241
"T",250,"K","T250K",0.242841548394557
"T",250,"L","T250L",-0.379496980388497
"T",250,"M","T250M",0.0242332318004927
"T",250,"N","T250N",-0.370878242406479
"T",250,"P","T250P",1.10693718455455
"T",250,"Q","T250Q",-0.176604576166355
"T",250,"R","T250R",0.52111891016534
"T",250,"S","T250S",0.143298964792299
"T",250,"V","T250V",0.885363724832839
"T",250,"W","T250W",1.74715234827383
"T",250,"Y","T250Y",1.32400518781532
"L",251,"A","L251A",1.13286384408517
"L",251,"C","L251C",-0.0515235388602028
"L",251,"D","L251D",-2.09157634736314
"L",251,"E","L251E",-1.62473264370359
"L",251,"F","L251F",0.638791393282155
"L",251,"G","L251G",0.237836281415832
"L",251,"H","L251H",0.397258770413193
"L",251,"I","L251I",0.107057730737399
"L",251,"K","L251K",-0.853015804696894
"L",251,"M","L251M",0.821946855865954
"L",251,"N","L251N",0.375104181884533
"L",251,"P","L251P",-0.933447382214254
"L",251,"Q","L251Q",-0.669134364718706
"L",251,"R","L251R",-0.897236769950604
"L",251,"S","L251S",1.88326107360619
"L",251,"T","L251T",-0.233047106325032
"L",251,"V","L251V",0.279656180444348
"L",251,"W","L251W",1.3409587234774
"L",251,"Y","L251Y",0.786260901113636
"M",252,"A","M252A",1.08901440269051
"M",252,"C","M252C",1.71603581578521
"M",252,"D","M252D",0.288531802484068
"M",252,"E","M252E",-0.252401597115486
"M",252,"F","M252F",-0.0251780287681887
"M",252,"G","M252G",-0.100628038958733
"M",252,"H","M252H",0.335961438655171
"M",252,"I","M252I",0.855265500919734
"M",252,"K","M252K",-0.224104237631705
"M",252,"L","M252L",-0.309664376526238
"M",252,"N","M252N",0.511748073910458
"M",252,"P","M252P",-0.544807363548635
"M",252,"Q","M252Q",0.328920188484842
"M",252,"R","M252R",0.554953273671989
"M",252,"S","M252S",-0.320131131043539
"M",252,"T","M252T",-0.437328076981104
"M",252,"V","M252V",0.0814245720953522
"M",252,"W","M252W",-0.348507059582821
"M",252,"Y","M252Y",-1.00130623540256
"I",253,"A","I253A",0.00444209585258267
"I",253,"C","I253C",-0.968766814721051
"I",253,"D","I253D",0.893016880913806
"I",253,"E","I253E",1.54765687740291
"I",253,"F","I253F",0.554131520899959
"I",253,"G","I253G",-0.0710760043408724
"I",253,"H","I253H",0.239675911124236
"I",253,"K","I253K",0.733159924608137
"I",253,"L","I253L",0.259798615588966
"I",253,"M","I253M",0.174037407680776
"I",253,"N","I253N",-0.363138541910144
"I",253,"P","I253P",-0.254090965797662
"I",253,"Q","I253Q",0.123187849303265
"I",253,"R","I253R",0.508189031425439
"I",253,"S","I253S",0.448068111531845
"I",253,"T","I253T",0.616876813888082
"I",253,"V","I253V",-0.0547894329088911
"I",253,"W","I253W",0.451359931503282
"I",253,"Y","I253Y",0.223673091387401
"S",254,"A","S254A",0.322792031917987
"S",254,"C","S254C",0.00828297012659902
"S",254,"D","S254D",-0.157806972612755
"S",254,"E","S254E",0.269497662848909
"S",254,"F","S254F",0.031935321500272
"S",254,"G","S254G",0.606793468476676
"S",254,"H","S254H",0.0232434894513702
"S",254,"I","S254I",0.324718637355593
"S",254,"K","S254K",0.373333025536885
"S",254,"L","S254L",-0.20730862533441
"S",254,"M","S254M",0.247101524475323
"S",254,"N","S254N",-0.315548983848625
"S",254,"P","S254P",0.212770737360621
"S",254,"Q","S254Q",-0.36441490299257
"S",254,"R","S254R",0.89166607039194
"S",254,"T","S254T",0.253509235263028
"S",254,"V","S254V",-0.304284010900836
"S",254,"W","S254W",0.659181559672884
"S",254,"Y","S254Y",-0.266245443704548
"R",255,"A","R255A",0.677915934549963
"R",255,"C","R255C",0.312458281257749
"R",255,"D","R255D",0.689568615452524
"R",255,"E","R255E",0.518519581913699
"R",255,"F","R255F",0.661056474511266
"R",255,"G","R255G",-0.0966108003372631
"R",255,"H","R255H",-0.229195245913932
"R",255,"I","R255I",0.398878970919581
"R",255,"K","R255K",0.956015624499043
"R",255,"L","R255L",0.471994666346585
"R",255,"M","R255M",0.910746215035747
"R",255,"N","R255N",1.17667964402096
"R",255,"P","R255P",0.151380393976907
"R",255,"Q","R255Q",0.404455569725719
"R",255,"S","R255S",0.492616370114564
"R",255,"T","R255T",-0.385600339964573
"R",255,"V","R255V",0.558524679557004
"R",255,"W","R255W",0.608139627400161
"R",255,"Y","R255Y",0.401516782121652
"T",256,"A","T256A",1.3923742601653
"T",256,"C","T256C",0.195085857669225
"T",256,"D","T256D",0.28545888096304
"T",256,"E","T256E",0.282762196158013
"T",256,"F","T256F",0.328847997037488
"T",256,"G","T256G",-0.397471358524155
"T",256,"H","T256H",0.267503746367489
"T",256,"I","T256I",0.413986719677883
"T",256,"K","T256K",-0.186738152466797
"T",256,"L","T256L",-0.0274559645750017
"T",256,"M","T256M",0.313580422347252
"T",256,"N","T256N",-0.0589488166480904
"T",256,"P","T256P",0.803406927042922
"T",256,"Q","T256Q",0.411237853508485
"T",256,"R","T256R",-0.276239217579497
"T",256,"S","T256S",0.286700614035548
"T",256,"V","T256V",-0.187220840075307
"T",256,"W","T256W",0.187625809112885
"T",256,"Y","T256Y",0.395461177864402
"P",257,"A","P257A",0.206236497483772
"P",257,"C","P257C",-0.160189947265498
"P",257,"D","P257D",-1.65361137270639
"P",257,"E","P257E",-1.83805944257934
"P",257,"F","P257F",-1.39749736636014
"P",257,"G","P257G",0.478797204260654
"P",257,"H","P257H",-0.0149512835136503
"P",257,"I","P257I",0.143414282568972
"P",257,"K","P257K",0.301986093408572
"P",257,"L","P257L",-0.310153781865791
"P",257,"M","P257M",-0.789613865386021
"P",257,"N","P257N",-0.735556309813081
"P",257,"Q","P257Q",-1.00504761493571
"P",257,"R","P257R",-0.889032299400329
"P",257,"S","P257S",-0.41239336666067
"P",257,"T","P257T",-1.321665971938
"P",257,"V","P257V",-0.600470836344052
"P",257,"W","P257W",-1.99485867486947
"P",257,"Y","P257Y",-2.04575106106539
"E",258,"A","E258A",-0.0343341369650695
"E",258,"C","E258C",-0.154919387955547
"E",258,"D","E258D",0.147704827028824
"E",258,"F","E258F",0.333234008604989
"E",258,"G","E258G",-0.513883004842089
"E",258,"H","E258H",-0.189757102552652
"E",258,"I","E258I",0.0590647343078795
"E",258,"K","E258K",-0.186481620714169
"E",258,"L","E258L",-0.257305472978022
"E",258,"M","E258M",0.160437566382255
"E",258,"N","E258N",0.375695746315038
"E",258,"P","E258P",1.25985832595395
"E",258,"Q","E258Q",0.120030992707062
"E",258,"R","E258R",0.383327605840107
"E",258,"S","E258S",-0.275280517382434
"E",258,"T","E258T",0.192057948292057
"E",258,"V","E258V",0.214483576909717
"E",258,"W","E258W",-0.533148498715997
"E",258,"Y","E258Y",-0.121681485852547
"V",259,"A","V259A",-0.0366719615456998
"V",259,"C","V259C",0.492723356930671
"V",259,"D","V259D",0.0448144485362381
"V",259,"E","V259E",-0.516540813784106
"V",259,"F","V259F",0.0246760104741878
"V",259,"G","V259G",0.884749259747896
"V",259,"H","V259H",0.614608820001171
"V",259,"I","V259I",0.033431136435885
"V",259,"K","V259K",0.0596680258500175
"V",259,"L","V259L",0.0976920737326764
"V",259,"M","V259M",0.373577804013884
"V",259,"N","V259N",0.524882031864704
"V",259,"P","V259P",-0.164539688651115
"V",259,"Q","V259Q",0.420730058213452
"V",259,"R","V259R",-0.463564218280099
"V",259,"S","V259S",0.347515338554342
"V",259,"T","V259T",-0.106219213230868
"V",259,"W","V259W",0.00727622523945259
"V",259,"Y","V259Y",0.329791656620192
"T",260,"A","T260A",-0.49415111185956
"T",260,"C","T260C",-0.820577704229331
"T",260,"D","T260D",-0.473484522339769
"T",260,"E","T260E",0.295228505334488
"T",260,"F","T260F",0.453229011742997
"T",260,"G","T260G",0.193844285967949
"T",260,"H","T260H",-0.252854057661795
"T",260,"I","T260I",0.383721811485211
"T",260,"K","T260K",0.158913267829947
"T",260,"L","T260L",0.700814570545489
"T",260,"M","T260M",0.14337023485955
"T",260,"N","T260N",0.328102908410821
"T",260,"P","T260P",-0.585023785380245
"T",260,"Q","T260Q",0.115170769340217
"T",260,"R","T260R",0.753648797332327
"T",260,"S","T260S",-0.089755665088545
"T",260,"V","T260V",0.298073246678111
"T",260,"W","T260W",-0.468922809977108
"T",260,"Y","T260Y",-0.252494490876775
"C",261,"A","C261A",0.0256426522761111
"C",261,"D","C261D",-0.754844135336036
"C",261,"E","C261E",0.0913775626977212
"C",261,"F","C261F",0.0375445009890898
"C",261,"G","C261G",0.137118253105643
"C",261,"H","C261H",0.189856894477251
"C",261,"I","C261I",-0.293435135207245
"C",261,"K","C261K",-1.919310924299
"C",261,"L","C261L",-0.545862663475969
"C",261,"M","C261M",0.474101644724982
"C",261,"N","C261N",-0.0350788384831568
"C",261,"P","C261P",-0.576212211971982
"C",261,"Q","C261Q",-1.08197940153544
"C",261,"R","C261R",-0.88996038024102
"C",261,"S","C261S",0.154053810115746
"C",261,"T","C261T",-0.270573572286631
"C",261,"V","C261V",0.196096174729702
"C",261,"W","C261W",-0.657350895275889
"C",261,"Y","C261Y",-0.726543229086933
"V",262,"A","V262A",0.0386465338169891
"V",262,"C","V262C",-0.226692801522543
"V",262,"D","V262D",0.167542322040566
"V",262,"E","V262E",-1.47694394267334
"V",262,"F","V262F",-0.609064193496525
"V",262,"G","V262G",-0.672737701987161
"V",262,"H","V262H",-0.142659249692708
"V",262,"I","V262I",-0.812328479561406
"V",262,"K","V262K",-0.709567135931206
"V",262,"L","V262L",-0.662617519663745
"V",262,"M","V262M",-1.20411882593217
"V",262,"N","V262N",-0.286924162201048
"V",262,"P","V262P",0.0984450971013898
"V",262,"Q","V262Q",-0.773033234623366
"V",262,"R","V262R",-1.18802900999409
"V",262,"S","V262S",-0.539646795258052
"V",262,"T","V262T",0.0587301510230842
"V",262,"W","V262W",0.204380442153304
"V",262,"Y","V262Y",0.506965869262168
"V",263,"A","V263A",0.0138244158676676
"V",263,"C","V263C",0.0621377117268272
"V",263,"D","V263D",-1.29879315834906
"V",263,"E","V263E",-3.03513464879787
"V",263,"F","V263F",-3.53319733515578
"V",263,"G","V263G",-0.060713078879606
"V",263,"H","V263H",-2.33487025618476
"V",263,"I","V263I",-0.195925273202994
"V",263,"K","V263K",-3.31253342685075
"V",263,"L","V263L",-0.195390158566998
"V",263,"M","V263M",-0.591864043441889
"V",263,"N","V263N",-2.9292146289738
"V",263,"P","V263P",-0.635176760569403
"V",263,"Q","V263Q",-2.26197696380258
"V",263,"R","V263R",-2.48074200376226
"V",263,"S","V263S",-0.636395274683763
"V",263,"T","V263T",0.30284787106081
"V",263,"W","V263W",-3.84261875448143
"V",263,"Y","V263Y",-4.35334681656187
"V",264,"A","V264A",-0.306943624785365
"V",264,"C","V264C",-0.686121841840266
"V",264,"D","V264D",-1.71947365837734
"V",264,"E","V264E",-2.30783876539709
"V",264,"F","V264F",-1.07147649640801
"V",264,"G","V264G",-0.109010312726022
"V",264,"H","V264H",-0.454605175262576
"V",264,"I","V264I",0.237171490318442
"V",264,"K","V264K",-2.03691687407792
"V",264,"L","V264L",0.000321237797671422
"V",264,"M","V264M",-0.494765049025492
"V",264,"N","V264N",-0.030950579796127
"V",264,"P","V264P",-2.61108475255288
"V",264,"Q","V264Q",-0.613517289782885
"V",264,"R","V264R",-2.92300616556032
"V",264,"S","V264S",-0.246717626780534
"V",264,"T","V264T",-1.24414770532301
"V",264,"W","V264W",-1.48197665642494
"V",264,"Y","V264Y",-0.835228547069402
"D",265,"A","D265A",-2.7955987295635
"D",265,"C","D265C",-1.53383007940972
"D",265,"E","D265E",-0.550199723932729
"D",265,"F","D265F",-2.66139857923993
"D",265,"G","D265G",-2.67639247822195
"D",265,"H","D265H",-1.58278437228449
"D",265,"I","D265I",-3.88892485659986
"D",265,"K","D265K",-3.38492850665653
"D",265,"L","D265L",-2.31537147591336
"D",265,"M","D265M",-2.80096650452944
"D",265,"N","D265N",-5.78128107487236
"D",265,"P","D265P",-2.81402860067176
"D",265,"Q","D265Q",-3.41349258324195
"D",265,"R","D265R",-5.05057334744573
"D",265,"S","D265S",-2.70824359722356
"D",265,"T","D265T",-1.58998205599588
"D",265,"V","D265V",-2.37926898731736
"D",265,"W","D265W",-2.21731884971644
"D",265,"Y","D265Y",-3.64098836993946
"V",266,"A","V266A",-0.320810093297618
"V",266,"C","V266C",-2.94862482063367
"V",266,"D","V266D",-4.37412681921759
"V",266,"E","V266E",-2.75913224364011
"V",266,"F","V266F",-2.04131110464218
"V",266,"G","V266G",-1.98117301623581
"V",266,"H","V266H",-2.0245968345918
"V",266,"I","V266I",-0.0156524878374285
"V",266,"K","V266K",-2.80068836653285
"V",266,"L","V266L",-0.146550086747902
"V",266,"M","V266M",0.552523752841298
"V",266,"N","V266N",-0.943219497675633
"V",266,"P","V266P",-2.80013576027408
"V",266,"Q","V266Q",-1.53063312143383
"V",266,"R","V266R",-2.10570412549137
"V",266,"S","V266S",-2.17016349157657
"V",266,"T","V266T",-0.700564789669035
"V",266,"W","V266W",-3.11625749357611
"V",266,"Y","V266Y",-2.01002541487463
"S",267,"A","S267A",1.83842467125632
"S",267,"C","S267C",-0.265078692726988
"S",267,"D","S267D",0.556361914149957
"S",267,"E","S267E",4.10838125066911
"S",267,"F","S267F",-4.66974369298365
"S",267,"G","S267G",-0.384428075317737
"S",267,"H","S267H",-2.77456914471162
"S",267,"I","S267I",-0.78484329155649
"S",267,"K","S267K",-3.73630022054596
"S",267,"L","S267L",-1.71323686322676
"S",267,"M","S267M",0.948939434071422
"S",267,"N","S267N",-0.534755476082554
"S",267,"P","S267P",-2.84268220452014
"S",267,"Q","S267Q",-0.508780546046427
"S",267,"R","S267R",-3.08074874519066
"S",267,"T","S267T",0.175018778184892
"S",267,"V","S267V",-0.875782212265902
"S",267,"W","S267W",-2.72701967416555
"S",267,"Y","S267Y",-2.25170670867672
"H",268,"A","H268A",-0.121333530597875
"H",268,"C","H268C",-0.546056004047506
"H",268,"D","H268D",2.36987375365044
"H",268,"E","H268E",2.1541608105914
"H",268,"F","H268F",-0.360372597580095
"H",268,"G","H268G",0.816447252392142
"H",268,"I","H268I",-0.150439999055889
"H",268,"K","H268K",-0.589106666403682
"H",268,"L","H268L",0.0574514327168263
"H",268,"M","H268M",-0.690489849444631
"H",268,"N","H268N",0.321185798693553
"H",268,"P","H268P",-0.658307971694743
"H",268,"Q","H268Q",0.0170181260799086
"H",268,"R","H268R",-0.205586217006871
"H",268,"S","H268S",0.37146629756222
"H",268,"T","H268T",0.0332144142860759
"H",268,"V","H268V",-0.10431658325011
"H",268,"W","H268W",-0.187098228460691
"H",268,"Y","H268Y",0.167190232478978
"E",269,"A","E269A",-2.2095739477963
"E",269,"C","E269C",-2.3505739480441
"E",269,"D","E269D",-0.343481286700954
"E",269,"F","E269F",-2.92273867574762
"E",269,"G","E269G",-2.30332747743698
"E",269,"H","E269H",0.250295967707729
"E",269,"I","E269I",-2.03077494105923
"E",269,"K","E269K",-3.03008168342647
"E",269,"L","E269L",-1.71197760033263
"E",269,"M","E269M",-2.74462263243192
"E",269,"N","E269N",-2.1848593775228
"E",269,"P","E269P",-2.2625186491714
"E",269,"Q","E269Q",-0.88919620283774
"E",269,"R","E269R",-3.97839238142192
"E",269,"S","E269S",-1.78848514766458
"E",269,"T","E269T",-3.50370949071267
"E",269,"V","E269V",-1.2390558465888
"E",269,"W","E269W",-2.16278349176738
"E",269,"Y","E269Y",-2.60247875199705
"D",270,"A","D270A",-1.16986943538833
"D",270,"C","D270C",-2.11601689717893
"D",270,"E","D270E",-0.330115515951301
"D",270,"F","D270F",-2.87295225325972
"D",270,"G","D270G",-1.92638340353423
"D",270,"H","D270H",-1.96736323161918
"D",270,"I","D270I",-1.15662986131462
"D",270,"K","D270K",-3.60748931250692
"D",270,"L","D270L",-0.580595717615018
"D",270,"M","D270M",-0.976471389379218
"D",270,"N","D270N",-2.37227053226023
"D",270,"P","D270P",-2.29913395926006
"D",270,"Q","D270Q",-0.976438965232779
"D",270,"R","D270R",-2.38013818175025
"D",270,"S","D270S",-1.2640979295295
"D",270,"T","D270T",-2.07648174009387
"D",270,"V","D270V",-3.00190338241598
"D",270,"W","D270W",-1.22822524687629
"D",270,"Y","D270Y",-2.59140139661311
"P",271,"A","P271A",-0.200901045543362
"P",271,"C","P271C",-0.125362581085155
"P",271,"D","P271D",-0.307895705728006
"P",271,"E","P271E",0.557477222324718
"P",271,"F","P271F",-0.553433599493171
"P",271,"G","P271G",1.19860425418069
"P",271,"H","P271H",-0.277434478088981
"P",271,"I","P271I",1.10097634905627
"P",271,"K","P271K",-0.256349482450163
"P",271,"L","P271L",0.0676488981710527
"P",271,"M","P271M",-0.116679595098029
"P",271,"N","P271N",-0.847649750840607
"P",271,"Q","P271Q",-0.509682976712017
"P",271,"R","P271R",-0.0552618843128315
"P",271,"S","P271S",0.172367846346943
"P",271,"T","P271T",-0.449775418926554
"P",271,"V","P271V",-0.759707653039616
"P",271,"W","P271W",-0.499978913525362
"P",271,"Y","P271Y",-0.314258034622833
"E",272,"A","E272A",-0.340234191214123
"E",272,"C","E272C",-0.364923989664141
"E",272,"D","E272D",0.508465636302243
"E",272,"F","E272F",-0.454025667322867
"E",272,"G","E272G",-0.516627219013744
"E",272,"I","E272I",0.122216447257538
"E",272,"K","E272K",0.0927564328892797
"E",272,"L","E272L",-0.431219623537821
"E",272,"M","E272M",0.362724824828506
"E",272,"N","E272N",0.260467319636833
"E",272,"P","E272P",0.171221815541888
"E",272,"Q","E272Q",0.477519683355257
"E",272,"R","E272R",-0.126155622487367
"E",272,"S","E272S",-0.122188378141978
"E",272,"T","E272T",-0.202387321169644
"E",272,"V","E272V",0.100046134167168
"E",272,"W","E272W",-0.454201690493057
"E",272,"Y","E272Y",-0.901581345389865
"V",273,"A","V273A",0.802035608257588
"V",273,"C","V273C",0.237489415867812
"V",273,"D","V273D",-0.763728273433621
"V",273,"E","V273E",2.50089725553092
"V",273,"F","V273F",0.208406545468267
"V",273,"G","V273G",0.281781574838971
"V",273,"H","V273H",0.657911822728347
"V",273,"I","V273I",-0.0632285792421537
"V",273,"K","V273K",-1.19270094704484
"V",273,"L","V273L",0.803685170539653
"V",273,"M","V273M",0.946307779504222
"V",273,"N","V273N",-0.247689356489194
"V",273,"P","V273P",0.196275978166902
"V",273,"Q","V273Q",-0.0010756030845115
"V",273,"R","V273R",-3.10355528657996
"V",273,"S","V273S",0.521427142312062
"V",273,"T","V273T",0.780727178193531
"V",273,"W","V273W",-2.5795857945765
"V",273,"Y","V273Y",0.2284023439069
"K",274,"A","K274A",0.264245339633583
"K",274,"C","K274C",0.263494927987802
"K",274,"D","K274D",0.668811281174238
"K",274,"E","K274E",1.38758559704607
"K",274,"F","K274F",0.224541450197736
"K",274,"G","K274G",0.313891966015436
"K",274,"H","K274H",1.15172914349464
"K",274,"I","K274I",1.06667768731387
"K",274,"L","K274L",0.547198869516283
"K",274,"M","K274M",0.558608721828283
"K",274,"N","K274N",1.30624267816899
"K",274,"P","K274P",1.62528635363745
"K",274,"Q","K274Q",0.511726162281253
"K",274,"R","K274R",-0.131377133035177
"K",274,"S","K274S",0.0726730774711221
"K",274,"T","K274T",-0.232076642809207
"K",274,"V","K274V",-0.207113981816329
"K",274,"W","K274W",0.2283553903934
"K",274,"Y","K274Y",0.127906765805547
"F",275,"A","F275A",-0.70462985828796
"F",275,"C","F275C",0.683685484302419
"F",275,"D","F275D",0.189185456966385
"F",275,"E","F275E",-0.250887400022775
"F",275,"G","F275G",-0.284685226466207
"F",275,"H","F275H",-0.0103551642005244
"F",275,"I","F275I",0.425466237045958
"F",275,"K","F275K",-1.56250451184503
"F",275,"L","F275L",0.126469433145992
"F",275,"M","F275M",-0.0413012070970284
"F",275,"N","F275N",-0.131810417158731
"F",275,"P","F275P",0.686159882576645
"F",275,"Q","F275Q",-0.0777764712521264
"F",275,"R","F275R",-0.651092008847065
"F",275,"S","F275S",-0.480013642387139
"F",275,"T","F275T",-0.0063963449711855
"F",275,"V","F275V",0.552357438368454
"F",275,"W","F275W",0.114600496035601
"F",275,"Y","F275Y",0.0591050441922849
"N",276,"A","N276A",0.793931922100012
"N",276,"C","N276C",0.141097000130619
"N",276,"D","N276D",0.734550974498841
"N",276,"E","N276E",0.800482780498647
"N",276,"F","N276F",-0.159367181760289
"N",276,"G","N276G",-0.0498089323056329
"N",276,"H","N276H",0.787684214447005
"N",276,"I","N276I",0.0954123736250547
"N",276,"K","N276K",0.353486833904566
"N",276,"L","N276L",-0.248253842145534
"N",276,"M","N276M",0.166141296624307
"N",276,"P","N276P",-0.400438527920796
"N",276,"Q","N276Q",0.546912200502262
"N",276,"R","N276R",-0.339988489927983
"N",276,"S","N276S",-0.0580020577547703
"N",276,"T","N276T",-0.477178240918662
"N",276,"V","N276V",-0.0752329508510727
"N",276,"W","N276W",0.860691311097959
"N",276,"Y","N276Y",0.653804245228521
"W",277,"A","W277A",-0.378406767342184
"W",277,"C","W277C",-0.572348464141151
"W",277,"D","W277D",0.467105091904923
"W",277,"E","W277E",-0.290901590282557
"W",277,"F","W277F",0.0717520200985733
"W",277,"G","W277G",0.0995730265698847
"W",277,"H","W277H",0.554640550430275
"W",277,"I","W277I",-2.17205091785317
"W",277,"K","W277K",0.969895782664517
"W",277,"L","W277L",-0.144133801291644
"W",277,"M","W277M",0.307848689994171
"W",277,"N","W277N",-0.368328357017908
"W",277,"P","W277P",-0.595298994115707
"W",277,"Q","W277Q",-0.148929376913048
"W",277,"R","W277R",-0.410958149707601
"W",277,"S","W277S",-0.0366769725463382
"W",277,"T","W277T",0.0620638369371352
"W",277,"V","W277V",-0.573008315351555
"W",277,"Y","W277Y",0.171830928019417
"Y",278,"A","Y278A",0.281227503677922
"Y",278,"C","Y278C",0.902931075014519
"Y",278,"D","Y278D",-0.643600251922935
"Y",278,"E","Y278E",1.30663880288755
"Y",278,"F","Y278F",0.307791004085606
"Y",278,"G","Y278G",0.399428261693322
"Y",278,"H","Y278H",-0.14341095029007
"Y",278,"I","Y278I",0.674108837208332
"Y",278,"K","Y278K",-0.568248981608662
"Y",278,"L","Y278L",0.531401816900746
"Y",278,"M","Y278M",-0.430586835531717
"Y",278,"N","Y278N",-0.843861748185478
"Y",278,"P","Y278P",-0.596291921304927
"Y",278,"Q","Y278Q",0.328989932667338
"Y",278,"R","Y278R",0.461649855166995
"Y",278,"S","Y278S",-0.0226802398367706
"Y",278,"T","Y278T",0.676623940191159
"Y",278,"V","Y278V",0.107506956912196
"Y",278,"W","Y278W",0.816569947475727
"V",279,"A","V279A",-0.243948239920461
"V",279,"C","V279C",0.401022966364665
"V",279,"D","V279D",0.312715307565358
"V",279,"E","V279E",-0.399236452029151
"V",279,"F","V279F",-0.19838690230447
"V",279,"G","V279G",0.685704792280381
"V",279,"H","V279H",1.40048691653991
"V",279,"I","V279I",0.164336050312837
"V",279,"K","V279K",-0.140300685197917
"V",279,"L","V279L",0.00801313329132959
"V",279,"M","V279M",0.560288269149021
"V",279,"N","V279N",0.700545022961472
"V",279,"P","V279P",-0.445634582576216
"V",279,"Q","V279Q",0.639323077475346
"V",279,"R","V279R",0.191582592220843
"V",279,"S","V279S",0.36993692440102
"V",279,"T","V279T",0.15134380673211
"V",279,"W","V279W",0.232120161763305
"V",279,"Y","V279Y",0.21060138185591
"D",280,"A","D280A",0.407623506672322
"D",280,"C","D280C",0.303375972852616
"D",280,"E","D280E",0.120568774754214
"D",280,"F","D280F",0.419483670963444
"D",280,"G","D280G",0.360495002270412
"D",280,"H","D280H",-0.0180347856936683
"D",280,"I","D280I",-0.909844139252918
"D",280,"K","D280K",0.487675934837836
"D",280,"L","D280L",0.847935647503305
"D",280,"M","D280M",0.372877302744851
"D",280,"N","D280N",-0.266799275924534
"D",280,"P","D280P",-0.312121160040655
"D",280,"Q","D280Q",0.118066785915291
"D",280,"R","D280R",-0.0770003569775602
"D",280,"S","D280S",0.904040837355601
"D",280,"T","D280T",0.370982884104215
"D",280,"V","D280V",1.34231500786137
"D",280,"W","D280W",0.326723415445706
"D",280,"Y","D280Y",0.188391321210631
"G",281,"A","G281A",1.43987294917542
"G",281,"C","G281C",0.340126787370862
"G",281,"D","G281D",0.405283183278772
"G",281,"E","G281E",0.304880514606041
"G",281,"F","G281F",0.428342467408014
"G",281,"H","G281H",0.243805718245882
"G",281,"I","G281I",0.818432887126446
"G",281,"K","G281K",0.0254089135780344
"G",281,"L","G281L",0.128659398854436
"G",281,"M","G281M",0.341311446714198
"G",281,"N","G281N",0.80109900440682
"G",281,"P","G281P",-0.466176143214227
"G",281,"Q","G281Q",0.946092827016094
"G",281,"R","G281R",0.277099995297072
"G",281,"S","G281S",0.0422347196279029
"G",281,"T","G281T",0.584760392925528
"G",281,"V","G281V",-0.51170260353585
"G",281,"W","G281W",0.352453578704678
"G",281,"Y","G281Y",0.334776338696846
"V",282,"A","V282A",0.523310460957388
"V",282,"C","V282C",-0.208345373691968
"V",282,"D","V282D",0.20795624642886
"V",282,"E","V282E",0.159578663118901
"V",282,"F","V282F",0.0912324407176743
"V",282,"G","V282G",-0.654963163333572
"V",282,"H","V282H",-0.169780630487742
"V",282,"I","V282I",-0.255422388495175
"V",282,"K","V282K",0.343364462526754
"V",282,"L","V282L",0.0932602730983541
"V",282,"M","V282M",0.132093509094811
"V",282,"N","V282N",0.427819209749477
"V",282,"P","V282P",0.428925797795963
"V",282,"Q","V282Q",0.546119118548474
"V",282,"R","V282R",0.0343565001132932
"V",282,"S","V282S",0.0749899090791357
"V",282,"T","V282T",0.102860318609453
"V",282,"W","V282W",0.245008656155779
"V",282,"Y","V282Y",0.241914730701649
"E",283,"A","E283A",-0.676089263013865
"E",283,"C","E283C",-0.0087014575755597
"E",283,"D","E283D",-0.044217331274577
"E",283,"F","E283F",-0.2240863459629
"E",283,"G","E283G",0.202352343834047
"E",283,"H","E283H",0.282813967550319
"E",283,"I","E283I",0.872695635968459
"E",283,"K","E283K",-0.0521320717444219
"E",283,"L","E283L",-0.180557565478622
"E",283,"M","E283M",1.11183778297857
"E",283,"N","E283N",-0.412071622496384
"E",283,"P","E283P",-0.119939831448891
"E",283,"Q","E283Q",-0.256600286240594
"E",283,"R","E283R",-0.109348045195053
"E",283,"S","E283S",0.230652466762495
"E",283,"T","E283T",0.00937406446790198
"E",283,"V","E283V",-0.0477868862800383
"E",283,"W","E283W",-0.472822795583585
"E",283,"Y","E283Y",-0.50721650061354
"V",284,"A","V284A",0.221269632271455
"V",284,"C","V284C",0.24532260878867
"V",284,"D","V284D",0.454943301841219
"V",284,"E","V284E",0.124305134714994
"V",284,"F","V284F",0.632109779050936
"V",284,"G","V284G",0.618292099184207
"V",284,"H","V284H",-0.0571033924049233
"V",284,"I","V284I",0.161126739963409
"V",284,"K","V284K",0.189193657329177
"V",284,"L","V284L",0.363429518811801
"V",284,"M","V284M",-0.815382021117104
"V",284,"N","V284N",1.72149357061935
"V",284,"P","V284P",0.583301209830358
"V",284,"Q","V284Q",0.795161619836594
"V",284,"R","V284R",0.750456336678866
"V",284,"S","V284S",-0.305515662308251
"V",284,"T","V284T",1.08799516024377
"V",284,"W","V284W",0.536813533419297
"V",284,"Y","V284Y",-0.0911842223144326
"H",285,"A","H285A",0.633065282804863
"H",285,"C","H285C",0.443416316480291
"H",285,"D","H285D",0.188979390509779
"H",285,"E","H285E",0.988329153970568
"H",285,"F","H285F",0.441359172721515
"H",285,"G","H285G",0.40778243991831
"H",285,"I","H285I",-0.145220848786892
"H",285,"K","H285K",-0.0929278427035128
"H",285,"L","H285L",0.560847360416523
"H",285,"M","H285M",0.669586788508712
"H",285,"N","H285N",-0.0766141979681923
"H",285,"P","H285P",0.376797160940798
"H",285,"Q","H285Q",-0.0911722597317493
"H",285,"R","H285R",-0.293424382002225
"H",285,"S","H285S",0.388650448453629
"H",285,"T","H285T",0.35426504091458
"H",285,"V","H285V",0.089508151313689
"H",285,"W","H285W",0.521730467346898
"H",285,"Y","H285Y",0.334811390930852
"N",286,"A","N286A",0.65177919023966
"N",286,"C","N286C",1.12593921806122
"N",286,"D","N286D",-0.490337380598166
"N",286,"E","N286E",-0.118749563481151
"N",286,"F","N286F",0.307168427898835
"N",286,"G","N286G",0.524495744291041
"N",286,"H","N286H",-0.17323816907681
"N",286,"I","N286I",-0.217958804876495
"N",286,"K","N286K",0.250817487777792
"N",286,"L","N286L",0.557018612799174
"N",286,"M","N286M",0.40179584549603
"N",286,"P","N286P",0.134946189258933
"N",286,"Q","N286Q",0.0521655296221744
"N",286,"R","N286R",-0.0582113036007557
"N",286,"S","N286S",0.0266074775760417
"N",286,"T","N286T",1.40817153458964
"N",286,"V","N286V",-0.597529724229701
"N",286,"W","N286W",0.112398088599594
"N",286,"Y","N286Y",-0.0647509480329193
"A",287,"C","A287C",-0.33986112974039
"A",287,"D","A287D",0.46388157406228
"A",287,"E","A287E",-0.0783666041398105
"A",287,"F","A287F",0.341765853444683
"A",287,"G","A287G",-0.77860087721165
"A",287,"H","A287H",0.123464538599548
"A",287,"I","A287I",0.100046992186803
"A",287,"K","A287K",0.36588638966888
"A",287,"L","A287L",1.77446571556764
"A",287,"M","A287M",-0.45792652181043
"A",287,"N","A287N",0.583566579897119
"A",287,"P","A287P",-0.0999527247432486
"A",287,"Q","A287Q",0.229880504280659
"A",287,"R","A287R",0.91762784883801
"A",287,"S","A287S",-0.145949831833726
"A",287,"T","A287T",0.0197068292438416
"A",287,"V","A287V",0.373922242783663
"A",287,"W","A287W",0.145947763441572
"A",287,"Y","A287Y",-0.0638908316019253
"K",288,"A","K288A",-0.474470527851389
"K",288,"C","K288C",0.239487690710158
"K",288,"D","K288D",0.83706166018543
"K",288,"E","K288E",0.698507136188636
"K",288,"F","K288F",0.00268034358879892
"K",288,"G","K288G",0.0713915318267319
"K",288,"H","K288H",1.29027533832541
"K",288,"I","K288I",0.0498647119914759
"K",288,"L","K288L",0.382212811927148
"K",288,"M","K288M",-0.558526383434838
"K",288,"N","K288N",0.664266018338919
"K",288,"P","K288P",-0.0890720823949934
"K",288,"Q","K288Q",0.197246179516048
"K",288,"R","K288R",-0.166245345613947
"K",288,"S","K288S",0.750501998928886
"K",288,"T","K288T",-0.0253554780348276
"K",288,"V","K288V",0.493860002551961
"K",288,"W","K288W",0.337110624327645
"K",288,"Y","K288Y",-0.398067634617482
"T",289,"A","T289A",-0.106913513652939
"T",289,"C","T289C",0.370672320053383
"T",289,"D","T289D",0.586802472255469
"T",289,"E","T289E",-0.0103253593411237
"T",289,"F","T289F",0.0948587148753086
"T",289,"G","T289G",0.00756252193689998
"T",289,"H","T289H",0.517420855202329
"T",289,"I","T289I",-0.168696043411255
"T",289,"K","T289K",0.144103135826228
"T",289,"L","T289L",-0.5434603503198
"T",289,"M","T289M",-0.124870108723877
"T",289,"N","T289N",0.380959954857802
"T",289,"P","T289P",-0.702039798535684
"T",289,"Q","T289Q",-0.0874912598692313
"T",289,"R","T289R",0.0114848232340761
"T",289,"S","T289S",0.122701925349938
"T",289,"V","T289V",0.0356011162555115
"T",289,"W","T289W",0.519961381290953
"T",289,"Y","T289Y",0.0570589280647436
"K",290,"A","K290A",0.589706251929356
"K",290,"C","K290C",0.473518291795616
"K",290,"D","K290D",0.606265910858919
"K",290,"E","K290E",1.37026845419765
"K",290,"F","K290F",0.974754016439794
"K",290,"G","K290G",1.33655347417674
"K",290,"H","K290H",-0.0166317915388817
"K",290,"I","K290I",0.393378395427536
"K",290,"L","K290L",0.13018730280477
"K",290,"M","K290M",0.0902377160047515
"K",290,"N","K290N",0.770895209200824
"K",290,"P","K290P",-0.990081712336816
"K",290,"Q","K290Q",1.26828391291005
"K",290,"R","K290R",0.393494854880752
"K",290,"S","K290S",0.874839500340161
"K",290,"T","K290T",1.06585397488206
"K",290,"V","K290V",0.344610543464068
"K",290,"W","K290W",0.131339349877835
"K",290,"Y","K290Y",0.929105119017105
"P",291,"A","P291A",0.0842257802860959
"P",291,"C","P291C",-0.902797925215551
"P",291,"D","P291D",0.120669899027447
"P",291,"E","P291E",0.309193346886471
"P",291,"F","P291F",0.15347206448669
"P",291,"G","P291G",-0.32743012925132
"P",291,"H","P291H",0.263274742880928
"P",291,"I","P291I",-0.4986679670338
"P",291,"K","P291K",0.401724596169071
"P",291,"L","P291L",0.280766859958744
"P",291,"M","P291M",0.450009690917645
"P",291,"N","P291N",0.695383540712497
"P",291,"Q","P291Q",1.08440180069738
"P",291,"R","P291R",0.133026842358143
"P",291,"S","P291S",0.162571908696503
"P",291,"T","P291T",0.152127552883154
"P",291,"V","P291V",-0.134479588470029
"P",291,"W","P291W",0.00099839942368914
"P",291,"Y","P291Y",0.261776287907693
"R",292,"A","R292A",0.216968623650437
"R",292,"C","R292C",0.299627186318186
"R",292,"D","R292D",0.337107053963535
"R",292,"E","R292E",-0.199277951488494
"R",292,"F","R292F",-0.456843579749088
"R",292,"G","R292G",-0.122976784250327
"R",292,"H","R292H",0.910977410736931
"R",292,"I","R292I",-0.0432596661663422
"R",292,"K","R292K",0.413639421556458
"R",292,"L","R292L",0.0861784169488285
"R",292,"M","R292M",-0.000165391525658172
"R",292,"N","R292N",0.146321627676935
"R",292,"P","R292P",-0.129257153480059
"R",292,"Q","R292Q",0.306275376195689
"R",292,"S","R292S",0.321062067148118
"R",292,"T","R292T",0.550227353403382
"R",292,"V","R292V",0.462702556963663
"R",292,"W","R292W",0.346440526709512
"R",292,"Y","R292Y",-1.22035723248815
"E",293,"A","E293A",-0.235319637824307
"E",293,"C","E293C",-0.800874498933927
"E",293,"D","E293D",0.274082445089718
"E",293,"F","E293F",-0.348150415432917
"E",293,"G","E293G",0.345673203208515
"E",293,"H","E293H",-0.25597325891668
"E",293,"I","E293I",-0.393657125315712
"E",293,"K","E293K",0.265929796186069
"E",293,"L","E293L",-0.0778548074653539
"E",293,"M","E293M",0.0181532813846575
"E",293,"N","E293N",0.410768866675027
"E",293,"P","E293P",-2.56764468753161
"E",293,"Q","E293Q",-0.0757062395366417
"E",293,"R","E293R",0.220463193570082
"E",293,"S","E293S",0.451001865606723
"E",293,"T","E293T",-0.159491844842802
"E",293,"V","E293V",-0.217173420556114
"E",293,"W","E293W",-1.58714461769965
"E",293,"Y","E293Y",-0.575552990392723
"E",294,"A","E294A",1.88838545245201
"E",294,"C","E294C",-0.418863408115337
"E",294,"D","E294D",-0.245224867174278
"E",294,"F","E294F",-0.545659316422672
"E",294,"G","E294G",-0.58905393234881
"E",294,"H","E294H",-0.208843098511481
"E",294,"I","E294I",-0.576343843429303
"E",294,"K","E294K",-0.53025460217764
"E",294,"L","E294L",0.106203196657762
"E",294,"M","E294M",-0.246954759584773
"E",294,"N","E294N",-0.330965840858227
"E",294,"P","E294P",0.142201786307386
"E",294,"Q","E294Q",1.63909313749302
"E",294,"R","E294R",-0.743368248373197
"E",294,"S","E294S",-0.900278677650329
"E",294,"T","E294T",-0.714916834356825
"E",294,"V","E294V",-0.239456934020344
"E",294,"W","E294W",-0.76787839086913
"E",294,"Y","E294Y",-1.11435820222107
"Q",295,"A","Q295A",-0.22080912632027
"Q",295,"C","Q295C",0.0914477147778543
"Q",295,"D","Q295D",-0.798938018424327
"Q",295,"E","Q295E",0.804028955012983
"Q",295,"F","Q295F",-1.42837443786716
"Q",295,"G","Q295G",0.474590458770863
"Q",295,"H","Q295H",-0.821961052591865
"Q",295,"I","Q295I",-0.300886873303764
"Q",295,"K","Q295K",-0.230764700377768
"Q",295,"L","Q295L",0.147673880237711
"Q",295,"M","Q295M",0.284955863576086
"Q",295,"N","Q295N",-0.617674760956896
"Q",295,"P","Q295P",0.273095733931608
"Q",295,"R","Q295R",-0.857636734682361
"Q",295,"S","Q295S",-0.272422809307925
"Q",295,"T","Q295T",-0.064882442801073
"Q",295,"V","Q295V",1.09565777278661
"Q",295,"W","Q295W",-3.15059015373408
"Q",295,"Y","Q295Y",-1.05728116606896
"Y",296,"A","Y296A",-0.134807152268444
"Y",296,"C","Y296C",-0.564691167496208
"Y",296,"D","Y296D",0.0808740498078888
"Y",296,"E","Y296E",0.314406889678403
"Y",296,"F","Y296F",0.0192076557362407
"Y",296,"G","Y296G",0.0663193837257431
"Y",296,"H","Y296H",-0.179927616319262
"Y",296,"I","Y296I",-0.0393569774506017
"Y",296,"K","Y296K",-0.689058488234484
"Y",296,"L","Y296L",-0.469866945566574
"Y",296,"M","Y296M",0.0429477060132923
"Y",296,"N","Y296N",0.19954190282371
"Y",296,"P","Y296P",-1.83515363979191
"Y",296,"Q","Y296Q",-0.201052435302565
"Y",296,"R","Y296R",-0.87734024157039
"Y",296,"S","Y296S",0.157418081720376
"Y",296,"T","Y296T",0.250470395604667
"Y",296,"V","Y296V",-0.355932332363711
"Y",296,"W","Y296W",0.121618925068774
"N",297,"A","N297A",-4.80397176040497
"N",297,"C","N297C",-2.85839906102666
"N",297,"D","N297D",-2.92852258435283
"N",297,"E","N297E",-2.05837430133012
"N",297,"F","N297F",-1.73010417828953
"N",297,"G","N297G",-2.2945300421579
"N",297,"H","N297H",-2.90197626186567
"N",297,"I","N297I",-2.34512993147241
"N",297,"K","N297K",-3.21408799804219
"N",297,"L","N297L",-0.50730129442322
"N",297,"M","N297M",-2.30781939800383
"N",297,"P","N297P",-2.67513783226726
"N",297,"Q","N297Q",-4.26262268354727
"N",297,"R","N297R",-2.13877317556204
"N",297,"S","N297S",-3.12902822638323
"N",297,"T","N297T",-1.38361280247051
"N",297,"V","N297V",-2.72428581996657
"N",297,"W","N297W",-1.77724751243279
"N",297,"Y","N297Y",-2.08549915464382
"S",298,"A","S298A",1.2837297483801
"S",298,"C","S298C",-0.618475316207726
"S",298,"D","S298D",-0.102299085148987
"S",298,"E","S298E",0.261763740494381
"S",298,"F","S298F",0.810262944789132
"S",298,"G","S298G",-0.906105209834698
"S",298,"I","S298I",4.30114577110459
"S",298,"K","S298K",-1.02337627750277
"S",298,"L","S298L",-0.233606584936501
"S",298,"M","S298M",0.878522853025263
"S",298,"N","S298N",-0.465692551995014
"S",298,"P","S298P",-2.07941009035143
"S",298,"Q","S298Q",0.154216846990102
"S",298,"R","S298R",-2.01394055135908
"S",298,"T","S298T",1.29536035842976
"S",298,"V","S298V",1.37337501461418
"S",298,"W","S298W",-0.974897601443876
"S",298,"Y","S298Y",2.14592422342745
"T",299,"A","T299A",-3.60148489418016
"T",299,"C","T299C",-3.05420229122466
"T",299,"D","T299D",-3.24557534470482
"T",299,"E","T299E",-2.45334246130375
"T",299,"F","T299F",-3.02393674391741
"T",299,"G","T299G",-2.73195181072967
"T",299,"H","T299H",-2.05727929426523
"T",299,"I","T299I",-1.90324356663023
"T",299,"K","T299K",-2.37422960526322
"T",299,"L","T299L",-2.94467601793113
"T",299,"M","T299M",-3.44920223083294
"T",299,"N","T299N",-1.40343425051007
"T",299,"P","T299P",-2.00730689006802
"T",299,"Q","T299Q",-2.51974515651872
"T",299,"R","T299R",-2.35783850535288
"T",299,"S","T299S",-0.576136821413523
"T",299,"V","T299V",-2.5129995136303
"T",299,"W","T299W",-2.7893860957477
"T",299,"Y","T299Y",-1.64690676461826
"Y",300,"A","Y300A",-0.173645674687112
"Y",300,"C","Y300C",0.248320264692846
"Y",300,"D","Y300D",0.885293342526179
"Y",300,"E","Y300E",1.43280729838181
"Y",300,"F","Y300F",0.682648303380434
"Y",300,"G","Y300G",0.401715829867015
"Y",300,"H","Y300H",0.674167622126518
"Y",300,"I","Y300I",0.998544728921381
"Y",300,"K","Y300K",0.145055006390544
"Y",300,"L","Y300L",0.502375241730332
"Y",300,"M","Y300M",0.753803274419697
"Y",300,"N","Y300N",-0.0608472139170552
"Y",300,"P","Y300P",-1.79538756486952
"Y",300,"Q","Y300Q",1.03215956210715
"Y",300,"R","Y300R",-0.805812134831933
"Y",300,"S","Y300S",-0.324138896638346
"Y",300,"T","Y300T",0.465622501298286
"Y",300,"V","Y300V",-0.581985109489961
"Y",300,"W","Y300W",-0.122169480303257
"R",301,"A","R301A",0.670935157986596
"R",301,"C","R301C",0.102179530050074
"R",301,"D","R301D",-0.157960016885087
"R",301,"E","R301E",-0.651842762924079
"R",301,"F","R301F",0.784523869925238
"R",301,"G","R301G",-0.107415628276813
"R",301,"H","R301H",-0.759049910363477
"R",301,"I","R301I",0.0825542487700467
"R",301,"K","R301K",-0.685170667489815
"R",301,"L","R301L",1.24042246861749
"R",301,"M","R301M",0.774551785963982
"R",301,"N","R301N",1.31409364258216
"R",301,"P","R301P",-2.67112674264627
"R",301,"Q","R301Q",-0.570993176983147
"R",301,"S","R301S",1.7921847357991
"R",301,"T","R301T",-0.210806410569661
"R",301,"V","R301V",0.203697484971307
"R",301,"W","R301W",-0.596278075935937
"R",301,"Y","R301Y",-0.226892762300524
"V",302,"A","V302A",-0.74911635269228
"V",302,"C","V302C",0.0235172728752441
"V",302,"D","V302D",1.04232797112402
"V",302,"E","V302E",1.10404171890527
"V",302,"F","V302F",0.157361246077943
"V",302,"G","V302G",0.792232404091393
"V",302,"H","V302H",-0.304324195348896
"V",302,"I","V302I",0.0967374641090332
"V",302,"K","V302K",0.873166366677839
"V",302,"L","V302L",-0.448432522509522
"V",302,"M","V302M",0.469489220703405
"V",302,"N","V302N",-3.44700781891668
"V",302,"P","V302P",-1.73570425783611
"V",302,"Q","V302Q",0.147815871379652
"V",302,"R","V302R",0.664416023300775
"V",302,"S","V302S",0.0878355591289912
"V",302,"T","V302T",-0.329246317841626
"V",302,"W","V302W",-0.487177342995653
"V",302,"Y","V302Y",0.0646124308960991
"V",303,"A","V303A",-0.0700961424908174
"V",303,"C","V303C",0.469951197079844
"V",303,"D","V303D",-0.598814463622447
"V",303,"E","V303E",-0.0871667452015464
"V",303,"F","V303F",0.644063873702885
"V",303,"G","V303G",-0.354286143820211
"V",303,"H","V303H",-0.356119422476737
"V",303,"I","V303I",0.133202512085136
"V",303,"K","V303K",-0.198936467890966
"V",303,"L","V303L",0.0558911136153259
"V",303,"M","V303M",0.411230851562498
"V",303,"N","V303N",-0.649168573303907
"V",303,"P","V303P",1.02774760339365
"V",303,"Q","V303Q",0.270868844854853
"V",303,"R","V303R",0.495870626243649
"V",303,"S","V303S",-0.37642513510313
"V",303,"T","V303T",0.298415953683857
"V",303,"W","V303W",0.317226418222789
"V",303,"Y","V303Y",0.946652582110942
"S",304,"A","S304A",0.293175687801266
"S",304,"C","S304C",-0.175263971249537
"S",304,"D","S304D",0.732756593065597
"S",304,"E","S304E",-0.102617932224541
"S",304,"F","S304F",-1.12184719902813
"S",304,"G","S304G",-0.326625292400092
"S",304,"H","S304H",-0.243451251824509
"S",304,"I","S304I",-1.62604421318218
"S",304,"K","S304K",-1.24608510054446
"S",304,"L","S304L",-2.18865652614839
"S",304,"M","S304M",-0.421139448599484
"S",304,"N","S304N",-0.996741912401293
"S",304,"P","S304P",0.124227480121633
"S",304,"Q","S304Q",-0.616002216597646
"S",304,"R","S304R",-0.837858996820361
"S",304,"T","S304T",0.161092555398208
"S",304,"V","S304V",-1.6597840134669
"S",304,"W","S304W",-0.856164685402803
"S",304,"Y","S304Y",-0.308477249740192
"V",305,"A","V305A",-0.0513840903231009
"V",305,"C","V305C",-0.028577898522569
"V",305,"D","V305D",0.0116197046354679
"V",305,"E","V305E",-0.446001155308857
"V",305,"F","V305F",0.291954207194596
"V",305,"G","V305G",0.743002995803306
"V",305,"H","V305H",0.808368795703083
"V",305,"I","V305I",-0.126555725188855
"V",305,"K","V305K",0.207146967572596
"V",305,"L","V305L",0.60141448193916
"V",305,"M","V305M",0.204263012821207
"V",305,"N","V305N",1.19711354829643
"V",305,"P","V305P",0.21323583917748
"V",305,"Q","V305Q",0.204215738892198
"V",305,"R","V305R",-0.441054708878662
"V",305,"S","V305S",0.224503203809092
"V",305,"T","V305T",-0.104717688586325
"V",305,"W","V305W",0.0648388569180629
"V",305,"Y","V305Y",-0.168414268436663
"L",306,"A","L306A",0.38154531224973
"L",306,"C","L306C",0.4578987394295
"L",306,"D","L306D",-0.560558829515079
"L",306,"E","L306E",0.624916247990055
"L",306,"F","L306F",0.593857567709101
"L",306,"G","L306G",0.726968879351557
"L",306,"H","L306H",0.462786226481502
"L",306,"I","L306I",0.772677735946339
"L",306,"K","L306K",0.130933541651107
"L",306,"M","L306M",0.418607853989655
"L",306,"N","L306N",0.622723770697909
"L",306,"P","L306P",-0.483712504448078
"L",306,"Q","L306Q",0.408547757734649
"L",306,"R","L306R",0.805759748376072
"L",306,"S","L306S",-1.34619830366059
"L",306,"T","L306T",0.43075458438971
"L",306,"V","L306V",0.607337257340302
"L",306,"W","L306W",0.846108547549489
"L",306,"Y","L306Y",-0.245269551774963
"T",307,"A","T307A",-0.119245514392717
"T",307,"C","T307C",0.18050733982434
"T",307,"D","T307D",0.790542809613799
"T",307,"E","T307E",0.403784366726887
"T",307,"F","T307F",0.338360582586299
"T",307,"G","T307G",0.195529361548249
"T",307,"H","T307H",0.316670566367424
"T",307,"I","T307I",0.194282412033042
"T",307,"K","T307K",0.460533780020616
"T",307,"L","T307L",0.0467411600447521
"T",307,"M","T307M",0.120503675839682
"T",307,"N","T307N",-0.593020514305547
"T",307,"P","T307P",-0.00767960785793108
"T",307,"Q","T307Q",0.157943813300395
"T",307,"R","T307R",0.643147949388982
"T",307,"S","T307S",0.751002928559104
"T",307,"V","T307V",-0.102264339448743
"T",307,"W","T307W",0.814540503893608
"T",307,"Y","T307Y",0.491392412145694
"V",308,"A","V308A",0.535509630763929
"V",308,"C","V308C",0.121380592030219
"V",308,"D","V308D",-0.171793352412004
"V",308,"E","V308E",-0.336132964965988
"V",308,"F","V308F",0.76040862723754
"V",308,"G","V308G",0.625412046937163
"V",308,"H","V308H",-0.17033043405166
"V",308,"I","V308I",0.21821734534131
"V",308,"K","V308K",0.95185242664103
"V",308,"L","V308L",0.185664404061881
"V",308,"M","V308M",0.288710684275991
"V",308,"N","V308N",0.600016386320317
"V",308,"P","V308P",1.65159943655185
"V",308,"Q","V308Q",0.261291433488876
"V",308,"R","V308R",-0.315577340446545
"V",308,"S","V308S",-0.310542804183896
"V",308,"T","V308T",0.475417174016992
"V",308,"W","V308W",-0.544701627585264
"V",308,"Y","V308Y",0.122654148621943
"L",309,"A","L309A",0.386952162482333
"L",309,"C","L309C",0.469720463787758
"L",309,"D","L309D",0.524241884710025
"L",309,"E","L309E",-0.0312819250303745
"L",309,"F","L309F",-0.117975397274275
"L",309,"G","L309G",-0.163349535245952
"L",309,"H","L309H",-0.175859097725996
"L",309,"I","L309I",0.656269501034425
"L",309,"K","L309K",-0.0946671834906597
"L",309,"M","L309M",0.071751793728516
"L",309,"N","L309N",-0.0960102526630521
"L",309,"P","L309P",-0.917250465881681
"L",309,"Q","L309Q",0.04105050282841
"L",309,"R","L309R",0.206332705646809
"L",309,"S","L309S",-0.13907406210667
"L",309,"T","L309T",0.585424386290995
"L",309,"V","L309V",0.349963461489321
"L",309,"W","L309W",0.74821503493757
"L",309,"Y","L309Y",0.164601966234046
"H",310,"A","H310A",0.106151579287992
"H",310,"C","H310C",0.694777713168313
"H",310,"D","H310D",-0.190565973324948
"H",310,"E","H310E",0.0267907852502883
"H",310,"F","H310F",0.602005222967334
"H",310,"G","H310G",-0.224962588482072
"H",310,"I","H310I",-0.483387102092311
"H",310,"K","H310K",-0.0424646031443485
"H",310,"L","H310L",-2.17320500031376
"H",310,"M","H310M",0.0578662036465334
"H",310,"N","H310N",0.140306963658957
"H",310,"P","H310P",0.847397884215706
"H",310,"Q","H310Q",1.07756599635254
"H",310,"R","H310R",0.12982901749481
"H",310,"S","H310S",0.499248095376566
"H",310,"T","H310T",0.621570352994905
"H",310,"V","H310V",-0.123811156862609
"H",310,"W","H310W",0.146938150400702
"H",310,"Y","H310Y",-0.284790286445601
"Q",311,"A","Q311A",0.765357237223838
"Q",311,"C","Q311C",-0.0221054838590112
"Q",311,"D","Q311D",0.446616517902243
"Q",311,"E","Q311E",-0.642581219668046
"Q",311,"F","Q311F",0.152717742740599
"Q",311,"G","Q311G",0.154643982129017
"Q",311,"H","Q311H",0.232478103558614
"Q",311,"I","Q311I",0.169445199410962
"Q",311,"K","Q311K",0.0869914799372918
"Q",311,"L","Q311L",-1.20315803523065
"Q",311,"M","Q311M",0.739090345824387
"Q",311,"N","Q311N",-0.328146916597098
"Q",311,"P","Q311P",0.471348250220244
"Q",311,"R","Q311R",0.365795113262441
"Q",311,"S","Q311S",0.608375885266391
"Q",311,"T","Q311T",-0.127977387840056
"Q",311,"V","Q311V",0.191444211045369
"Q",311,"W","Q311W",0.276571584599631
"Q",311,"Y","Q311Y",0.230423881548964
"D",312,"A","D312A",0.413775229079968
"D",312,"C","D312C",0.115250535539099
"D",312,"E","D312E",0.287958248777901
"D",312,"F","D312F",0.513431540362854
"D",312,"G","D312G",-0.134301271378291
"D",312,"H","D312H",0.319490002932077
"D",312,"I","D312I",0.647482865372343
"D",312,"K","D312K",0.955451151180694
"D",312,"L","D312L",-0.0718565736512176
"D",312,"M","D312M",0.212801033846525
"D",312,"N","D312N",0.54272961037091
"D",312,"P","D312P",-0.0206016208232747
"D",312,"Q","D312Q",-0.204590241311096
"D",312,"R","D312R",1.06214476002721
"D",312,"S","D312S",0.0806970212708899
"D",312,"T","D312T",0.210871892619098
"D",312,"V","D312V",0.801570022183628
"D",312,"W","D312W",0.380854972879905
"D",312,"Y","D312Y",1.04296354813288
"W",313,"A","W313A",-0.807371953420085
"W",313,"C","W313C",-0.371056217113814
"W",313,"D","W313D",-1.03660426333321
"W",313,"E","W313E",-0.73920608667677
"W",313,"F","W313F",0.068809886670784
"W",313,"H","W313H",-0.78823654131489
"W",313,"I","W313I",-0.197807501518613
"W",313,"K","W313K",-1.62596294697277
"W",313,"L","W313L",-0.160499759056875
"W",313,"M","W313M",-0.681645807519616
"W",313,"N","W313N",-0.0696516779906949
"W",313,"P","W313P",-0.708925180591873
"W",313,"Q","W313Q",-0.453519912555998
"W",313,"R","W313R",-0.302621031751163
"W",313,"S","W313S",-0.0782487648837983
"W",313,"T","W313T",-0.964732465525869
"W",313,"V","W313V",-1.04888627736004
"W",313,"Y","W313Y",-0.0397217298214925
"L",314,"A","L314A",-0.185762516277696
"L",314,"C","L314C",-0.505000241753311
"L",314,"D","L314D",-0.556552849246829
"L",314,"E","L314E",0.315996522748631
"L",314,"F","L314F",-0.109822091495571
"L",314,"G","L314G",-0.996236222422064
"L",314,"H","L314H",-0.52454428105667
"L",314,"I","L314I",-1.17721644346643
"L",314,"K","L314K",0.0750724660692765
"L",314,"M","L314M",-0.178243634173898
"L",314,"N","L314N",-0.1360444888422
"L",314,"P","L314P",-0.261032097547624
"L",314,"Q","L314Q",-0.451736546393064
"L",314,"R","L314R",-0.435494132059532
"L",314,"S","L314S",-0.323635624886279
"L",314,"T","L314T",-0.425077799596309
"L",314,"V","L314V",-0.210255281386366
"L",314,"W","L314W",-0.113448244995541
"L",314,"Y","L314Y",0.517668117432234
"N",315,"A","N315A",0.342561185714455
"N",315,"C","N315C",-0.0239662320038575
"N",315,"D","N315D",0.578501646589931
"N",315,"E","N315E",0.774463163971622
"N",315,"F","N315F",-0.143446914487822
"N",315,"G","N315G",-0.0745377550164646
"N",315,"H","N315H",0.317860864985463
"N",315,"I","N315I",0.0670384414804494
"N",315,"K","N315K",0.7758346045601
"N",315,"L","N315L",0.339020814057826
"N",315,"M","N315M",0.516041452227286
"N",315,"P","N315P",-0.532387548909755
"N",315,"Q","N315Q",-0.0917621661174924
"N",315,"R","N315R",0.333744928765008
"N",315,"S","N315S",-0.127944991656658
"N",315,"T","N315T",0.03347557411773
"N",315,"V","N315V",-0.805288456216986
"N",315,"W","N315W",-0.111836876724424
"N",315,"Y","N315Y",0.420482204751388
"G",316,"A","G316A",0.0913373637016847
"G",316,"C","G316C",0.148209819905712
"G",316,"D","G316D",0.714835191180483
"G",316,"E","G316E",0.22696075472898
"G",316,"F","G316F",-0.260405437018235
"G",316,"H","G316H",0.45025540759839
"G",316,"I","G316I",0.0653648171537343
"G",316,"K","G316K",0.047433970838846
"G",316,"L","G316L",-0.966361549702924
"G",316,"M","G316M",-0.268170748680776
"G",316,"N","G316N",-0.0564437551950462
"G",316,"P","G316P",-0.365509553961269
"G",316,"Q","G316Q",0.136555997774505
"G",316,"R","G316R",-0.330773471795387
"G",316,"S","G316S",-0.15634775243243
"G",316,"T","G316T",-1.54687421207811
"G",316,"V","G316V",0.119567067053322
"G",316,"W","G316W",-0.110972078852392
"G",316,"Y","G316Y",-0.0203437980001619
"K",317,"A","K317A",-0.549771365193834
"K",317,"C","K317C",-0.217447835259353
"K",317,"D","K317D",0.535982161578759
"K",317,"E","K317E",1.98851691184626
"K",317,"F","K317F",0.795983021078499
"K",317,"G","K317G",0.422780823151496
"K",317,"H","K317H",-0.470882237393672
"K",317,"I","K317I",0.254676308208808
"K",317,"L","K317L",0.685454901938739
"K",317,"M","K317M",0.607687898038427
"K",317,"N","K317N",0.161536171671674
"K",317,"P","K317P",-0.576213730994584
"K",317,"Q","K317Q",-0.191163377477182
"K",317,"R","K317R",0.109750276928176
"K",317,"S","K317S",0.0388534268341747
"K",317,"T","K317T",0.035908428691643
"K",317,"V","K317V",0.377523096538417
"K",317,"W","K317W",0.357147696295101
"K",317,"Y","K317Y",0.496610945325718
"E",318,"A","E318A",-0.128411366255778
"E",318,"C","E318C",-0.539296608190682
"E",318,"D","E318D",-0.15336218928999
"E",318,"F","E318F",-0.175518758644854
"E",318,"G","E318G",-0.133928792865357
"E",318,"H","E318H",0.0503863107590676
"E",318,"I","E318I",0.461417555372649
"E",318,"K","E318K",0.21939484075093
"E",318,"L","E318L",-0.683438150728068
"E",318,"M","E318M",0.291217360744538
"E",318,"N","E318N",-0.0227644609641767
"E",318,"P","E318P",0.533934385744344
"E",318,"Q","E318Q",-0.617906787993917
"E",318,"R","E318R",0.102874711003544
"E",318,"S","E318S",-0.0738400849793057
"E",318,"T","E318T",-0.199913905531457
"E",318,"V","E318V",-0.217617005040251
"E",318,"W","E318W",0.16730223790363
"E",318,"Y","E318Y",0.0401756906525664
"Y",319,"A","Y319A",0.512559255626082
"Y",319,"C","Y319C",1.00572091072213
"Y",319,"D","Y319D",1.35498857993735
"Y",319,"E","Y319E",-0.266742377490126
"Y",319,"F","Y319F",-0.0844380476224464
"Y",319,"G","Y319G",0.155280815571168
"Y",319,"H","Y319H",1.83162006515616
"Y",319,"I","Y319I",0.0900117035560289
"Y",319,"K","Y319K",-0.232839542245993
"Y",319,"L","Y319L",0.0229295838394387
"Y",319,"M","Y319M",-0.283048400529226
"Y",319,"N","Y319N",0.162168300016268
"Y",319,"P","Y319P",-0.492497511411904
"Y",319,"Q","Y319Q",-0.350740628959249
"Y",319,"R","Y319R",-0.385820513244727
"Y",319,"S","Y319S",0.582015224854699
"Y",319,"T","Y319T",1.13693582175208
"Y",319,"V","Y319V",1.76309927866847
"Y",319,"W","Y319W",-0.0682088598980227
"K",320,"A","K320A",0.284985363570889
"K",320,"C","K320C",1.71839249205699
"K",320,"D","K320D",1.2307996850425
"K",320,"E","K320E",2.11121972559937
"K",320,"F","K320F",0.805040954488216
"K",320,"G","K320G",-0.203303415832761
"K",320,"H","K320H",1.21491313575076
"K",320,"I","K320I",0.886963704139967
"K",320,"L","K320L",1.15888186278377
"K",320,"M","K320M",0.985663198633826
"K",320,"N","K320N",-0.201936322679312
"K",320,"P","K320P",-0.0139178818405447
"K",320,"Q","K320Q",-0.257511709719403
"K",320,"R","K320R",0.264214235703424
"K",320,"S","K320S",0.992848406512164
"K",320,"T","K320T",0.340360160297838
"K",320,"V","K320V",0.76833191402081
"K",320,"W","K320W",-0.580486025902543
"K",320,"Y","K320Y",1.90128434367314
"C",321,"A","C321A",0.20436168789206
"C",321,"D","C321D",-0.262426902195178
"C",321,"E","C321E",0.737094745394231
"C",321,"F","C321F",-0.744796617310467
"C",321,"G","C321G",-0.794411362642796
"C",321,"H","C321H",-0.306396208388737
"C",321,"I","C321I",0.271496131574714
"C",321,"K","C321K",-0.398010865597793
"C",321,"L","C321L",-0.154606882513752
"C",321,"M","C321M",-0.234432662398609
"C",321,"N","C321N",-1.08693299004098
"C",321,"P","C321P",-0.110111639950048
"C",321,"Q","C321Q",0.0602063356222341
"C",321,"R","C321R",-0.107280394941677
"C",321,"S","C321S",0.386929575540466
"C",321,"T","C321T",-0.281447866567049
"C",321,"V","C321V",-0.214434879048609
"C",321,"W","C321W",-0.0909484455829015
"C",321,"Y","C321Y",-0.473104010362151
"K",322,"A","K322A",1.21175151091029
"K",322,"C","K322C",-0.231363144687405
"K",322,"D","K322D",0.277313493519447
"K",322,"E","K322E",0.577180723104988
"K",322,"F","K322F",0.417469377283499
"K",322,"G","K322G",0.849619055516705
"K",322,"H","K322H",0.426905850982869
"K",322,"I","K322I",0.53681092282134
"K",322,"L","K322L",1.01491936205131
"K",322,"M","K322M",0.3702917382657
"K",322,"N","K322N",-2.44126315498902
"K",322,"P","K322P",0.187963352962285
"K",322,"Q","K322Q",1.11715404404995
"K",322,"R","K322R",-0.482141791503389
"K",322,"S","K322S",1.52434378735124
"K",322,"T","K322T",0.898380425806816
"K",322,"V","K322V",1.50534406212031
"K",322,"W","K322W",0.0943890959796281
"K",322,"Y","K322Y",0.847919475427376
"V",323,"A","V323A",-0.0486966796210673
"V",323,"C","V323C",-0.24824936291178
"V",323,"D","V323D",2.04058980533638
"V",323,"E","V323E",-0.313081737033716
"V",323,"F","V323F",-1.13677041375308
"V",323,"G","V323G",-0.0403380617825352
"V",323,"H","V323H",-0.211546088381253
"V",323,"I","V323I",0.217910266836082
"V",323,"K","V323K",0.17514949059659
"V",323,"L","V323L",0.85451368074747
"V",323,"M","V323M",-0.786518184176267
"V",323,"N","V323N",-0.0351372973185402
"V",323,"P","V323P",-0.825001597868753
"V",323,"Q","V323Q",0.344458484250839
"V",323,"R","V323R",-0.807223184639148
"V",323,"S","V323S",-0.0713173495194962
"V",323,"T","V323T",-0.0398056440100725
"V",323,"W","V323W",-0.731235741616754
"V",323,"Y","V323Y",-0.580142930409594
"S",324,"A","S324A",0.136610279433004
"S",324,"C","S324C",0.0312357337803258
"S",324,"D","S324D",3.09326670623549
"S",324,"E","S324E",1.03942523269683
"S",324,"F","S324F",-0.511682093322025
"S",324,"G","S324G",0.0821873807111352
"S",324,"H","S324H",-0.539288155597895
"S",324,"I","S324I",0.232876812888721
"S",324,"K","S324K",-0.385134692223339
"S",324,"L","S324L",0.20899351147935
"S",324,"M","S324M",0.241010803428571
"S",324,"N","S324N",0.00833623021676991
"S",324,"P","S324P",-2.18701336641116
"S",324,"Q","S324Q",-0.246893615845492
"S",324,"R","S324R",-0.599878724843301
"S",324,"T","S324T",0.0601845338931637
"S",324,"V","S324V",0.161225725608597
"S",324,"W","S324W",0.0348049002100521
"S",324,"Y","S324Y",0.0985098060969468
"N",325,"A","N325A",-3.4388908533341
"N",325,"C","N325C",0.0275452440230221
"N",325,"D","N325D",-0.448490273889954
"N",325,"E","N325E",0.014045325513319
"N",325,"F","N325F",-2.81987502449657
"N",325,"G","N325G",-1.79395701055933
"N",325,"H","N325H",-1.29519047372105
"N",325,"I","N325I",-2.21079718094915
"N",325,"K","N325K",-2.99526841372269
"N",325,"L","N325L",-1.05905995860896
"N",325,"M","N325M",-0.370861554046743
"N",325,"P","N325P",-3.13406141807954
"N",325,"Q","N325Q",-0.569323313415017
"N",325,"R","N325R",-3.7051619032616
"N",325,"S","N325S",-0.437649639594746
"N",325,"T","N325T",-1.20554418933408
"N",325,"V","N325V",-3.60363739635246
"N",325,"W","N325W",-0.974602503151393
"N",325,"Y","N325Y",-1.46773512330663
"K",326,"A","K326A",3.34828451096357
"K",326,"C","K326C",1.86665320450626
"K",326,"D","K326D",0.669742215051905
"K",326,"E","K326E",2.40182309013628
"K",326,"F","K326F",1.3976070560129
"K",326,"G","K326G",0.159716958028055
"K",326,"H","K326H",0.424277815304653
"K",326,"I","K326I",1.03705947105765
"K",326,"L","K326L",0.624447806601339
"K",326,"M","K326M",3.82229050541795
"K",326,"N","K326N",1.7524892025712
"K",326,"P","K326P",-0.148512903701575
"K",326,"Q","K326Q",0.687883075347835
"K",326,"R","K326R",-0.436063735367712
"K",326,"S","K326S",4.05351215488112
"K",326,"T","K326T",1.83089905011935
"K",326,"V","K326V",1.12046969942167
"K",326,"W","K326W",0.503118834392313
"K",326,"Y","K326Y",1.1427638417118
"A",327,"C","A327C",-1.55780546824405
"A",327,"D","A327D",3.78673830398919
"A",327,"E","A327E",1.99958293794078
"A",327,"F","A327F",-0.378697760228647
"A",327,"G","A327G",-0.108371779866174
"A",327,"H","A327H",-2.04727879052649
"A",327,"I","A327I",-0.264786365776475
"A",327,"K","A327K",-3.4208293665008
"A",327,"L","A327L",-0.993249969330276
"A",327,"M","A327M",-1.09919297080388
"A",327,"N","A327N",-0.408963810030227
"A",327,"P","A327P",-0.193735698436733
"A",327,"Q","A327Q",-0.930126675233909
"A",327,"R","A327R",-3.37930207035981
"A",327,"S","A327S",-1.01756017514658
"A",327,"T","A327T",-1.62649055751761
"A",327,"V","A327V",-0.461659757424265
"A",327,"W","A327W",-0.319613886428728
"A",327,"Y","A327Y",-0.558977014594247
"L",328,"A","L328A",-1.23060872611788
"L",328,"C","L328C",-1.58958377952607
"L",328,"D","L328D",0.741975050483459
"L",328,"E","L328E",-0.340624750973204
"L",328,"F","L328F",0.027553280761829
"L",328,"G","L328G",-3.12231954163037
"L",328,"H","L328H",-3.16398729974593
"L",328,"I","L328I",0.337383370015148
"L",328,"K","L328K",-3.28360191702675
"L",328,"M","L328M",0.305352843088434
"L",328,"N","L328N",-1.22922646567948
"L",328,"P","L328P",-2.92000012580938
"L",328,"Q","L328Q",-1.12759673914176
"L",328,"R","L328R",-5.02196643417129
"L",328,"S","L328S",-0.804604681066843
"L",328,"T","L328T",-0.441699556390466
"L",328,"V","L328V",-0.309042229321592
"L",328,"W","L328W",-0.575900228414585
"L",328,"Y","L328Y",0.490584635570725
"P",329,"A","P329A",-1.66057041512509
"P",329,"C","P329C",-4.52504802970488
"P",329,"D","P329D",-2.05528460773972
"P",329,"E","P329E",-2.74079386362389
"P",329,"F","P329F",-3.50287930351108
"P",329,"G","P329G",-1.06180754798179
"P",329,"H","P329H",-2.69451764365043
"P",329,"I","P329I",-2.63073749269492
"P",329,"K","P329K",-2.7335496840276
"P",329,"L","P329L",-1.52739900328954
"P",329,"M","P329M",-1.97482537292378
"P",329,"N","P329N",-1.05627888846506
"P",329,"Q","P329Q",-2.95698685364966
"P",329,"R","P329R",-3.61439750612843
"P",329,"S","P329S",-3.30678852242003
"P",329,"T","P329T",-2.59981700050384
"P",329,"V","P329V",-2.44512349883189
"P",329,"W","P329W",-3.95662317115093
"P",329,"Y","P329Y",-4.04671268465053
"A",330,"C","A330C",0.501264539152865
"A",330,"D","A330D",1.03821360091944
"A",330,"E","A330E",0.701346770520954
"A",330,"F","A330F",2.6836607273471
"A",330,"G","A330G",0.884227678901348
"A",330,"H","A330H",0.545675893556092
"A",330,"I","A330I",1.64900650308575
"A",330,"K","A330K",-0.493944756852972
"A",330,"L","A330L",0.974202549490881
"A",330,"M","A330M",1.67706942440001
"A",330,"N","A330N",0.275345546053332
"A",330,"P","A330P",-2.57583742369967
"A",330,"Q","A330Q",-0.00257513730495788
"A",330,"R","A330R",-0.583552459831211
"A",330,"S","A330S",-0.478618573282837
"A",330,"T","A330T",0.185303523121411
"A",330,"V","A330V",1.17628433644681
"A",330,"W","A330W",3.88588975943024
"A",330,"Y","A330Y",1.62457746950316
"P",331,"A","P331A",0.462243318469562
"P",331,"C","P331C",0.683243906016241
"P",331,"D","P331D",1.82513244274592
"P",331,"E","P331E",1.61428616143829
"P",331,"F","P331F",-0.360180863601123
"P",331,"G","P331G",-2.85047084705193
"P",331,"H","P331H",0.0120662914998416
"P",331,"I","P331I",-0.312552518443461
"P",331,"K","P331K",-0.684661432936947
"P",331,"L","P331L",-0.245056009318236
"P",331,"M","P331M",-0.413892204627209
"P",331,"N","P331N",0.269513635843483
"P",331,"Q","P331Q",-0.389611823599129
"P",331,"R","P331R",0.268138413048313
"P",331,"S","P331S",0.166655395763005
"P",331,"T","P331T",0.172616635447887
"P",331,"V","P331V",-0.0146419679121553
"P",331,"W","P331W",-0.0444327658882176
"P",331,"Y","P331Y",-0.292261993243964
"I",332,"C","I332C",-0.679896393008014
"I",332,"D","I332D",4.32217282445404
"I",332,"E","I332E",5.19872319584152
"I",332,"F","I332F",1.14409644592664
"I",332,"G","I332G",1.72700248898118
"I",332,"H","I332H",0.621816221317068
"I",332,"K","I332K",-1.46762168620292
"I",332,"L","I332L",-0.245107751799811
"I",332,"M","I332M",0.344611655805088
"I",332,"N","I332N",0.818202734613369
"I",332,"P","I332P",-0.738561665078531
"I",332,"Q","I332Q",0.719692244057769
"I",332,"R","I332R",-3.5835072377776
"I",332,"S","I332S",0.864111396478592
"I",332,"T","I332T",1.09956317259422
"I",332,"V","I332V",0.980067579455383
"I",332,"W","I332W",-0.281744576074576
"I",332,"Y","I332Y",0.105567943444043
"E",333,"A","E333A",0.00247242626546517
"E",333,"C","E333C",0.103076622471455
"E",333,"D","E333D",-0.127010755439958
"E",333,"F","E333F",-0.545637764314223
"E",333,"G","E333G",-0.770085695975272
"E",333,"H","E333H",-0.207559222653469
"E",333,"I","E333I",-0.302450117875451
"E",333,"K","E333K",-0.327012617985134
"E",333,"L","E333L",-0.43978503131494
"E",333,"M","E333M",-0.804542841674088
"E",333,"N","E333N",-0.463217034190789
"E",333,"P","E333P",0.211669085381167
"E",333,"Q","E333Q",-0.0920650120259891
"E",333,"R","E333R",-0.525218214132842
"E",333,"S","E333S",0.148354527807837
"E",333,"T","E333T",0.00765173125496743
"E",333,"V","E333V",-0.179347422491166
"E",333,"W","E333W",0.0198507574049784
"E",333,"Y","E333Y",0.0784999739173791
"K",334,"A","K334A",1.68905568635279
"K",334,"C","K334C",0.286692685892186
"K",334,"D","K334D",2.45097398713601
"K",334,"E","K334E",4.17026667425361
"K",334,"F","K334F",2.00670101913536
"K",334,"G","K334G",0.585446654926146
"K",334,"H","K334H",0.694574785187659
"K",334,"I","K334I",2.70007870292339
"K",334,"L","K334L",2.19945198562336
"K",334,"M","K334M",1.89852577187565
"K",334,"N","K334N",1.68946919638867
"K",334,"P","K334P",2.31927909361259
"K",334,"Q","K334Q",1.34726178761937
"K",334,"R","K334R",-0.205471584561032
"K",334,"S","K334S",2.83456463309706
"K",334,"T","K334T",3.69864146776579
"K",334,"V","K334V",1.89605220703611
"K",334,"W","K334W",1.90777688045677
"K",334,"Y","K334Y",3.63701309312918
"T",335,"A","T335A",0.442437524584382
"T",335,"C","T335C",0.573286590055757
"T",335,"D","T335D",0.444833712859037
"T",335,"E","T335E",0.769450785037251
"T",335,"F","T335F",-0.202695731233592
"T",335,"G","T335G",0.252181723373508
"T",335,"H","T335H",-0.0187037184952772
"T",335,"I","T335I",-0.20373990103847
"T",335,"K","T335K",-0.582557716554272
"T",335,"L","T335L",0.62870752171021
"T",335,"M","T335M",0.12508851082095
"T",335,"N","T335N",-0.229818712682995
"T",335,"P","T335P",0.298743044728838
"T",335,"Q","T335Q",-0.310757142903085
"T",335,"R","T335R",-0.122566343793288
"T",335,"S","T335S",0.207093798429527
"T",335,"V","T335V",0.557595759030548
"T",335,"W","T335W",-0.130743967065258
"T",335,"Y","T335Y",-0.246421544188249
"I",336,"A","I336A",0.329298565091073
"I",336,"C","I336C",0.519427427375164
"I",336,"D","I336D",-0.331291977088692
"I",336,"E","I336E",0.313698415092005
"I",336,"F","I336F",-0.223145848143846
"I",336,"G","I336G",0.750814529971512
"I",336,"H","I336H",-0.317080272140976
"I",336,"K","I336K",-0.424604161145666
"I",336,"L","I336L",0.658805354367201
"I",336,"M","I336M",-0.124671144354034
"I",336,"N","I336N",-0.282982287741172
"I",336,"P","I336P",-1.1223931340991
"I",336,"Q","I336Q",-0.193016374602814
"I",336,"R","I336R",0.106076072206812
"I",336,"S","I336S",0.37948481190497
"I",336,"T","I336T",0.236546941720942
"I",336,"V","I336V",-0.0444616260239593
"I",336,"W","I336W",0.375058871213515
"I",336,"Y","I336Y",-0.494698243334303
"S",337,"A","S337A",0.111655426832143
"S",337,"C","S337C",0.822086256684896
"S",337,"D","S337D",0.241584325327988
"S",337,"E","S337E",-0.457844503651752
"S",337,"F","S337F",0.0309159596708058
"S",337,"G","S337G",0.742347984905574
"S",337,"H","S337H",0.202423673432803
"S",337,"I","S337I",0.381857527585299
"S",337,"K","S337K",-0.277914078486309
"S",337,"L","S337L",0.200068578095359
"S",337,"M","S337M",0.0152498676465238
"S",337,"N","S337N",0.856213775615978
"S",337,"P","S337P",0.12965009410025
"S",337,"Q","S337Q",-0.317033274817157
"S",337,"R","S337R",-0.558907157753213
"S",337,"T","S337T",0.378982631751607
"S",337,"V","S337V",0.651876255525439
"S",337,"W","S337W",-0.324024420047792
"S",337,"Y","S337Y",0.299846304468509
"K",338,"A","K338A",0.371303266185414
"K",338,"C","K338C",0.536714353174918
"K",338,"D","K338D",-0.733845864279308
"K",338,"E","K338E",-0.253053187567667
"K",338,"F","K338F",0.309101699921279
"K",338,"G","K338G",-0.621682405938418
"K",338,"H","K338H",-0.19705218351554
"K",338,"I","K338I",0.0500151286165694
"K",338,"L","K338L",0.624299519867184
"K",338,"M","K338M",-0.859028702184035
"K",338,"N","K338N",1.24105455032944
"K",338,"P","K338P",0.761810471591171
"K",338,"Q","K338Q",-0.270628240028315
"K",338,"R","K338R",0.268119296217549
"K",338,"S","K338S",0.260400353135801
"K",338,"T","K338T",0.437860861906634
"K",338,"V","K338V",-0.244129725491785
"K",338,"W","K338W",-0.175790113536987
"K",338,"Y","K338Y",-0.14642337618553
"A",339,"C","A339C",0.568520955456597
"A",339,"D","A339D",0.426841845968217
"A",339,"E","A339E",-0.24242975594199
"A",339,"F","A339F",1.01894536348744
"A",339,"G","A339G",1.04230706359006
"A",339,"H","A339H",1.42304555731608
"A",339,"I","A339I",0.861025593124644
"A",339,"K","A339K",0.931165063569992
"A",339,"L","A339L",0.480488163970346
"A",339,"M","A339M",-0.518704560762884
"A",339,"N","A339N",0.778956919924481
"A",339,"P","A339P",0.241075405508222
"A",339,"Q","A339Q",0.481527233596242
"A",339,"R","A339R",1.78908634427787
"A",339,"S","A339S",0.430547356074675
"A",339,"T","A339T",0.904843950814472
"A",339,"V","A339V",1.33546342693272
"A",339,"W","A339W",0.880356525647665
"A",339,"Y","A339Y",1.08714634429126
"K",340,"A","K340A",0.572632667326426
"K",340,"C","K340C",0.197460206117136
"K",340,"D","K340D",0.814271484535378
"K",340,"E","K340E",0.136357620569335
"K",340,"F","K340F",0.38934173546527
"K",340,"G","K340G",0.873695277124378
"K",340,"H","K340H",0.792247365112478
"K",340,"I","K340I",-0.247140160058676
"K",340,"L","K340L",0.691230559388602
"K",340,"M","K340M",0.142495244486068
"K",340,"N","K340N",-0.243199453142697
"K",340,"P","K340P",0.0071381039636039
"K",340,"Q","K340Q",0.439587370590111
"K",340,"R","K340R",-0.479373424459775
"K",340,"S","K340S",0.343693001476955
"K",340,"T","K340T",0.560053158729481
"K",340,"V","K340V",0.0685861598751044
"K",340,"W","K340W",-0.250934283539276
"K",340,"Y","K340Y",0.45806753962327
"G",341,"A","G341A",2.48227639995121
"G",341,"C","G341C",0.0624723784068213
"G",341,"D","G341D",0.801895892180731
"G",341,"E","G341E",1.96815727194771
"G",341,"F","G341F",0.373663196023311
"G",341,"H","G341H",1.2319336246756
"G",341,"I","G341I",1.17976704538929
"G",341,"K","G341K",0.462917949046164
"G",341,"L","G341L",1.38242580161379
"G",341,"M","G341M",0.355058214442875
"G",341,"N","G341N",0.651534251730082
"G",341,"P","G341P",-1.21370740125654
"G",341,"Q","G341Q",0.658446026231977
"G",341,"R","G341R",0.521498164170322
"G",341,"S","G341S",1.12448792048314
"G",341,"T","G341T",0.964634275249083
"G",341,"V","G341V",0.718434393610285
"G",341,"W","G341W",-0.311312805459806
"G",341,"Y","G341Y",0.571994116630972
"Q",342,"A","Q342A",-0.0366673362177928
"Q",342,"C","Q342C",0.0990069213201961
"Q",342,"D","Q342D",0.225175167530772
"Q",342,"E","Q342E",-0.477169840947293
"Q",342,"F","Q342F",0.0453525727960851
"Q",342,"G","Q342G",0.470345789010444
"Q",342,"H","Q342H",-0.177594040116198
"Q",342,"I","Q342I",-0.376274213345048
"Q",342,"K","Q342K",-0.262064243734566
"Q",342,"L","Q342L",0.0476380890305069
"Q",342,"M","Q342M",-0.0285138916707698
"Q",342,"N","Q342N",0.189897185428564
"Q",342,"P","Q342P",-0.144090760770343
"Q",342,"R","Q342R",-0.182123255759466
"Q",342,"S","Q342S",-0.476800892688116
"Q",342,"T","Q342T",0.16654368072828
"Q",342,"V","Q342V",-0.0351745985700817
"Q",342,"W","Q342W",0.278270809805053
"Q",342,"Y","Q342Y",0.00138561471927933
"P",343,"A","P343A",0.148673164751783
"P",343,"C","P343C",0.169063910090632
"P",343,"D","P343D",-0.253844667415935
"P",343,"E","P343E",0.189555896612319
"P",343,"F","P343F",-0.125090022320068
"P",343,"G","P343G",0.269190578360704
"P",343,"H","P343H",0.789805857079159
"P",343,"I","P343I",-0.376817475117956
"P",343,"K","P343K",0.017557212963343
"P",343,"L","P343L",-0.645460869359251
"P",343,"M","P343M",-0.144232439395818
"P",343,"N","P343N",0.324838009701733
"P",343,"Q","P343Q",0.427792663275471
"P",343,"R","P343R",0.460803191604975
"P",343,"S","P343S",0.196524821501166
"P",343,"T","P343T",0.458181041403455
"P",343,"V","P343V",-0.179227639474937
"P",343,"W","P343W",0.469372007281316
"P",343,"Y","P343Y",0.112156527698083
"R",344,"A","R344A",0.0707535578376853
"R",344,"C","R344C",0.0647913988185474
"R",344,"D","R344D",0.225165745278772
"R",344,"E","R344E",-0.201682053258073
"R",344,"F","R344F",0.25010260100263
"R",344,"G","R344G",-1.52530271748079
"R",344,"H","R344H",0.131996079923467
"R",344,"I","R344I",0.326020555870664
"R",344,"K","R344K",-0.298271249481264
"R",344,"L","R344L",0.356793100564209
"R",344,"M","R344M",0.630997396516636
"R",344,"N","R344N",0.340153716557842
"R",344,"P","R344P",-0.218705690677468
"R",344,"Q","R344Q",0.315145034155578
"R",344,"S","R344S",0.715976514240523
"R",344,"T","R344T",0.0661408345237739
"R",344,"V","R344V",-0.0110503749810952
"R",344,"Y","R344Y",-0.3361035553877
"E",345,"A","E345A",-0.422013181225323
"E",345,"C","E345C",-0.529179122875207
"E",345,"D","E345D",0.223636228374028
"E",345,"F","E345F",0.331699649533685
"E",345,"G","E345G",-0.63840302062058
"E",345,"H","E345H",-0.700564789669035
"E",345,"I","E345I",0.13347747118548
"E",345,"K","E345K",0.38852120856084
"E",345,"L","E345L",-0.00624494575695539
"E",345,"M","E345M",-0.16930217773055
"E",345,"N","E345N",1.4881458844418
"E",345,"P","E345P",0.167883992189213
"E",345,"Q","E345Q",0.240904495895342
"E",345,"R","E345R",0.476839064863187
"E",345,"S","E345S",-0.0605158831132976
"E",345,"T","E345T",0.213365330583837
"E",345,"V","E345V",-0.492668046867586
"E",345,"W","E345W",0.11992573595269
"E",345,"Y","E345Y",-0.307565211947206
"P",346,"A","P346A",0.236067205936205
"P",346,"C","P346C",0.107933060605211
"P",346,"D","P346D",-0.403382529756245
"P",346,"E","P346E",-0.473948480658899
"P",346,"F","P346F",0.0843156046626954
"P",346,"G","P346G",0.808670996578837
"P",346,"H","P346H",0.270072094657664
"P",346,"I","P346I",1.64137580455249
"P",346,"K","P346K",-1.34213172059095
"P",346,"L","P346L",0.867398164444693
"P",346,"M","P346M",0.930157800853625
"P",346,"N","P346N",-0.243834913915217
"P",346,"Q","P346Q",-1.67965644965354
"P",346,"R","P346R",-1.88740226954811
"P",346,"S","P346S",0.103150557640272
"P",346,"T","P346T",0.269720455760699
"P",346,"V","P346V",0.387669395037854
"P",346,"W","P346W",-3.73418056514882
"P",346,"Y","P346Y",-2.32728389182642
"Q",347,"A","Q347A",0.409839304733501
"Q",347,"C","Q347C",-0.00817193876849105
"Q",347,"D","Q347D",0.182449630217473
"Q",347,"E","Q347E",-0.127416906565356
"Q",347,"F","Q347F",-0.310406987312717
"Q",347,"G","Q347G",1.06664974702292
"Q",347,"H","Q347H",0.909694821307992
"Q",347,"I","Q347I",0.00985096609386888
"Q",347,"K","Q347K",0.472071579066091
"Q",347,"L","Q347L",-0.571516164771886
"Q",347,"M","Q347M",0.0904327642506491
"Q",347,"N","Q347N",0.130689220550272
"Q",347,"P","Q347P",1.16527125217163
"Q",347,"R","Q347R",-0.137709126207139
"Q",347,"S","Q347S",1.13329987836017
"Q",347,"T","Q347T",-0.537297843141906
"Q",347,"V","Q347V",-0.755368254366082
"Q",347,"W","Q347W",0.441183460372913
"Q",347,"Y","Q347Y",-0.626248811622802
"V",348,"A","V348A",-0.445355845061073
"V",348,"C","V348C",0.318227859827232
"V",348,"D","V348D",-1.31075238954483
"V",348,"E","V348E",-0.0914502649725527
"V",348,"F","V348F",-0.322162588250572
"V",348,"G","V348G",0.0087683070061363
"V",348,"H","V348H",0.0864874017621649
"V",348,"I","V348I",0.552719440091016
"V",348,"K","V348K",-1.06977426393806
"V",348,"L","V348L",-1.02859132736926
"V",348,"M","V348M",-0.216032128893676
"V",348,"N","V348N",-2.68879991203641
"V",348,"P","V348P",-0.371689094287806
"V",348,"Q","V348Q",-0.300894104943836
"V",348,"R","V348R",-0.0633179793292707
"V",348,"S","V348S",0.0833690885508314
"V",348,"T","V348T",-0.502006390020042
"V",348,"W","V348W",-0.274392352009796
"V",348,"Y","V348Y",0.141154672938863
"Y",349,"A","Y349A",0.277151722713776
"Y",349,"C","Y349C",0.431595067713143
"Y",349,"D","Y349D",0.666864027821806
"Y",349,"E","Y349E",-0.231966541987701
"Y",349,"F","Y349F",-0.503232308226202
"Y",349,"G","Y349G",0.182443319032747
"Y",349,"H","Y349H",-0.643135890696445
"Y",349,"I","Y349I",-0.535773489294799
"Y",349,"K","Y349K",-0.289869221752511
"Y",349,"L","Y349L",0.453844619045394
"Y",349,"M","Y349M",-0.0624945354700654
"Y",349,"N","Y349N",0.0503003996254071
"Y",349,"P","Y349P",-1.21715582585971
"Y",349,"Q","Y349Q",-0.304145454791292
"Y",349,"R","Y349R",0.15723166414447
"Y",349,"S","Y349S",0.0224171680865662
"Y",349,"T","Y349T",0.142694396748815
"Y",349,"V","Y349V",0.108806317415251
"Y",349,"W","Y349W",-0.155410393094101
"T",350,"A","T350A",1.62096501047245
"T",350,"C","T350C",1.04634405235882
"T",350,"D","T350D",-0.0354273560578077
"T",350,"E","T350E",0.231098278501365
"T",350,"F","T350F",-0.303904937950979
"T",350,"G","T350G",1.30841075283861
"T",350,"H","T350H",1.56480138560225
"T",350,"I","T350I",0.975599837427427
"T",350,"K","T350K",0.26904251103279
"T",350,"L","T350L",-0.182693176652961
"T",350,"M","T350M",-0.415270693331416
"T",350,"N","T350N",0.135477689211935
"T",350,"P","T350P",-0.0675928752428987
"T",350,"Q","T350Q",1.11000144798863
"T",350,"R","T350R",-0.743688639831018
"T",350,"S","T350S",0.642436579964753
"T",350,"V","T350V",0.521888680265285
"T",350,"W","T350W",0.25800764293695
"T",350,"Y","T350Y",0.340149085758272
"L",351,"A","L351A",0.879587852109288
"L",351,"C","L351C",0.281706642883512
"L",351,"D","L351D",0.209032258472034
"L",351,"E","L351E",0.974634786842742
"L",351,"F","L351F",0.351073351435964
"L",351,"G","L351G",0.1202865271531
"L",351,"H","L351H",0.776468759634847
"L",351,"I","L351I",0.248670181824492
"L",351,"K","L351K",0.65433290328706
"L",351,"M","L351M",0.225475859449458
"L",351,"N","L351N",0.145166229896356
"L",351,"P","L351P",0.435833093277168
"L",351,"Q","L351Q",0.0147801665118067
"L",351,"R","L351R",-0.429239733651353
"L",351,"S","L351S",0.742804428025487
"L",351,"T","L351T",0.277239705723076
"L",351,"V","L351V",-0.0086418113000551
"L",351,"W","L351W",0.811185865856132
"L",351,"Y","L351Y",0.679790638933336
"P",352,"A","P352A",-0.022857002484132
"P",352,"C","P352C",0.46580737144815
"P",352,"D","P352D",0.705361779069019
"P",352,"E","P352E",0.385037870259251
"P",352,"F","P352F",-0.246960242869131
"P",352,"G","P352G",0.0989007803138979
"P",352,"H","P352H",-0.406248079196181
"P",352,"I","P352I",0.365402759703751
"P",352,"K","P352K",0.0428750324619956
"P",352,"L","P352L",0.617989676396925
"P",352,"M","P352M",0.827165442349816
"P",352,"N","P352N",0.248327837068519
"P",352,"Q","P352Q",0.411512974851605
"P",352,"R","P352R",0.165780545166348
"P",352,"S","P352S",-0.296975668111656
"P",352,"T","P352T",-0.0416211028430981
"P",352,"V","P352V",0.439238450770107
"P",352,"W","P352W",-0.34344393691862
"P",352,"Y","P352Y",1.33970964793529
"P",353,"A","P353A",0.0758610853843831
"P",353,"C","P353C",0.649462229436582
"P",353,"D","P353D",0.0507110567753279
"P",353,"E","P353E",-0.609220453470278
"P",353,"F","P353F",0.219393918276576
"P",353,"G","P353G",1.04353709649865
"P",353,"H","P353H",0.539845837967803
"P",353,"I","P353I",0.0539728559618418
"P",353,"K","P353K",-0.573876446266231
"P",353,"L","P353L",0.402236985766031
"P",353,"M","P353M",0.109042869481651
"P",353,"N","P353N",0.00801952874133063
"P",353,"Q","P353Q",0.0508552831624901
"P",353,"R","P353R",0.219311156507158
"P",353,"S","P353S",0.512241482035697
"P",353,"T","P353T",-0.0774176821484937
"P",353,"V","P353V",0.198926226128065
"P",353,"W","P353W",-0.21319171897737
"P",353,"Y","P353Y",-0.135463538340887
"S",354,"A","S354A",-0.467593333216317
"S",354,"C","S354C",0.541976389601247
"S",354,"D","S354D",0.392172321236467
"S",354,"E","S354E",0.142548148891711
"S",354,"F","S354F",-0.125357161817363
"S",354,"G","S354G",-0.0133688322271038
"S",354,"H","S354H",0.283743206747532
"S",354,"I","S354I",0.209040256131602
"S",354,"K","S354K",-0.143520347096399
"S",354,"L","S354L",0.0447773111574829
"S",354,"M","S354M",1.03747934367541
"S",354,"N","S354N",-0.606249369585753
"S",354,"P","S354P",0.650580921036783
"S",354,"Q","S354Q",0.492986980900511
"S",354,"R","S354R",0.785866994962132
"S",354,"T","S354T",0.697106255420859
"S",354,"V","S354V",0.333710666931125
"S",354,"W","S354W",0.875193643614256
"S",354,"Y","S354Y",0.615639957647842
"R",355,"A","R355A",-0.526569259219853
"R",355,"C","R355C",-0.262362604021668
"R",355,"D","R355D",0.213631861350028
"R",355,"E","R355E",-0.11438865515896
"R",355,"F","R355F",0.649057057524877
"R",355,"G","R355G",0.774277660642529
"R",355,"H","R355H",0.415707512035733
"R",355,"I","R355I",0.0244327719054309
"R",355,"K","R355K",0.428611517297444
"R",355,"L","R355L",0.365642964460581
"R",355,"M","R355M",0.520346204871496
"R",355,"N","R355N",-1.33648031864114
"R",355,"P","R355P",-0.258485309954047
"R",355,"Q","R355Q",0.183240343222144
"R",355,"S","R355S",0.479195799574765
"R",355,"T","R355T",0.512354064044871
"R",355,"V","R355V",-0.412918048994121
"R",355,"W","R355W",-0.0972783642376658
"R",355,"Y","R355Y",0.111381776729454
"D",356,"A","D356A",0.179081796657718
"D",356,"C","D356C",0.47428286660175
"D",356,"E","D356E",-0.0641035797543721
"D",356,"F","D356F",0.841490497004599
"D",356,"G","D356G",-0.103837085657134
"D",356,"H","D356H",0.379029477013808
"D",356,"I","D356I",0.174525758231718
"D",356,"K","D356K",-0.234570800350143
"D",356,"L","D356L",0.527703926511426
"D",356,"M","D356M",-0.0379933566070219
"D",356,"N","D356N",0.260925894489964
"D",356,"P","D356P",0.272208858796962
"D",356,"Q","D356Q",-0.0710706586752665
"D",356,"R","D356R",0.218705212031704
"D",356,"S","D356S",-0.0294024646740232
"D",356,"T","D356T",0.568977666527626
"D",356,"V","D356V",0.268551208992195
"D",356,"W","D356W",0.284506079005352
"D",356,"Y","D356Y",0.466642985978899
"E",357,"A","E357A",0.179156441528546
"E",357,"C","E357C",0.540373042885165
"E",357,"D","E357D",-0.23664597022063
"E",357,"F","E357F",0.26281178513537
"E",357,"G","E357G",0.166232953835181
"E",357,"H","E357H",0.13008380829171
"E",357,"I","E357I",-0.258340016712086
"E",357,"K","E357K",-0.0251796437135218
"E",357,"L","E357L",-0.539335997401515
"E",357,"M","E357M",-0.151531899291425
"E",357,"N","E357N",-0.107452832433727
"E",357,"Q","E357Q",0.282100384692722
"E",357,"R","E357R",0.0559400815879293
"E",357,"S","E357S",-0.123871187054461
"E",357,"T","E357T",0.489048682296919
"E",357,"V","E357V",0.223140385105183
"E",357,"W","E357W",0.0368221378172959
"E",357,"Y","E357Y",-0.0518510819564905
"L",358,"A","L358A",0.107281072702444
"L",358,"C","L358C",0.197880621213658
"L",358,"D","L358D",-0.270593307815923
"L",358,"E","L358E",0.656620572251383
"L",358,"F","L358F",0.311112454544105
"L",358,"G","L358G",0.219996782338044
"L",358,"H","L358H",0.238472975321213
"L",358,"I","L358I",0.213790757428802
"L",358,"K","L358K",-0.226437219039008
"L",358,"M","L358M",-0.0187797209254491
"L",358,"N","L358N",0.20419931091425
"L",358,"P","L358P",-0.243113364585636
"L",358,"Q","L358Q",0.145991089102492
"L",358,"R","L358R",-0.264225627291709
"L",358,"S","L358S",0.0222502055317989
"L",358,"T","L358T",0.313775794937791
"L",358,"V","L358V",0.445016153159746
"L",358,"W","L358W",0.479850912611386
"L",358,"Y","L358Y",0.83506485489851
"T",359,"A","T359A",0.468711937979081
"T",359,"C","T359C",0.566965892353004
"T",359,"D","T359D",0.122502242039828
"T",359,"E","T359E",0.313947391227095
"T",359,"F","T359F",0.00743453318848322
"T",359,"G","T359G",0.0511406436262921
"T",359,"H","T359H",-0.330601843342342
"T",359,"I","T359I",-0.0146372609513808
"T",359,"K","T359K",-0.0313968695733616
"T",359,"L","T359L",0.111093192632573
"T",359,"M","T359M",0.508924706352413
"T",359,"N","T359N",1.199325998837
"T",359,"P","T359P",0.174085127896109
"T",359,"Q","T359Q",-1.02561655213958
"T",359,"R","T359R",0.670334825488772
"T",359,"S","T359S",0.0776038211063531
"T",359,"V","T359V",-1.13275245546284
"T",359,"W","T359W",-0.0142262718441286
"T",359,"Y","T359Y",-0.366497239954877
"K",360,"A","K360A",0.295177652505618
"K",360,"C","K360C",0.536672976861869
"K",360,"D","K360D",0.0497671841561809
"K",360,"E","K360E",0.506300789682681
"K",360,"F","K360F",0.822278668596496
"K",360,"G","K360G",0.40682186461255
"K",360,"H","K360H",0.0775644223882667
"K",360,"I","K360I",0.115718951344061
"K",360,"L","K360L",0.0821852948317226
"K",360,"M","K360M",0.14793827148335
"K",360,"N","K360N",0.2510253469757
"K",360,"P","K360P",0.133863851333333
"K",360,"Q","K360Q",1.47100973678019
"K",360,"R","K360R",-0.246226316089137
"K",360,"S","K360S",-0.101282585276631
"K",360,"T","K360T",0.370972012103931
"K",360,"V","K360V",0.794108756658765
"K",360,"W","K360W",0.849811156916378
"K",360,"Y","K360Y",0.349239102996707
"N",361,"A","N361A",0.00487303042395692
"N",361,"C","N361C",-0.117971253295186
"N",361,"D","N361D",0.0591329829623336
"N",361,"E","N361E",0.443465531702807
"N",361,"F","N361F",0.157321411112479
"N",361,"G","N361G",0.382156907393914
"N",361,"H","N361H",-0.0138958710118735
"N",361,"I","N361I",0.522412030277664
"N",361,"K","N361K",-0.423772181598684
"N",361,"L","N361L",0.11586644270187
"N",361,"M","N361M",-0.520243289846632
"N",361,"P","N361P",0.154468777170061
"N",361,"Q","N361Q",0.504523753518743
"N",361,"R","N361R",0.630177541138149
"N",361,"S","N361S",-0.0635870036262694
"N",361,"T","N361T",-0.240382563345112
"N",361,"V","N361V",0.0596199835938819
"N",361,"W","N361W",-0.568342087595631
"N",361,"Y","N361Y",-0.595502094127795
"Q",362,"A","Q362A",-0.00799498594855444
"Q",362,"C","Q362C",-0.475738291690779
"Q",362,"D","Q362D",0.327355956812328
"Q",362,"E","Q362E",0.415657723817301
"Q",362,"F","Q362F",0.255379263703061
"Q",362,"G","Q362G",0.364027717259571
"Q",362,"H","Q362H",0.372850037834921
"Q",362,"I","Q362I",-0.237764936164716
"Q",362,"K","Q362K",0.710916710853602
"Q",362,"L","Q362L",-0.178827272607101
"Q",362,"M","Q362M",0.130763968848566
"Q",362,"N","Q362N",0.159305998302846
"Q",362,"P","Q362P",1.39557253588441
"Q",362,"R","Q362R",0.73398954399796
"Q",362,"S","Q362S",-0.189314830081341
"Q",362,"T","Q362T",0.23542667164953
"Q",362,"V","Q362V",0.784277871375616
"Q",362,"W","Q362W",-0.29451206904546
"Q",362,"Y","Q362Y",-0.180984599391668
"V",363,"A","V363A",0.296307206426084
"V",363,"C","V363C",-0.171217895431306
"V",363,"D","V363D",0.165116080040806
"V",363,"E","V363E",0.104949899934661
"V",363,"F","V363F",0.103532963504571
"V",363,"G","V363G",-0.493295466520167
"V",363,"H","V363H",0.145707164068911
"V",363,"I","V363I",-0.696554542761704
"V",363,"K","V363K",0.0559770927137817
"V",363,"L","V363L",0.911326968835544
"V",363,"M","V363M",0.35626049192336
"V",363,"N","V363N",-0.0227766397163455
"V",363,"P","V363P",-0.389337465257069
"V",363,"Q","V363Q",0.783556352427469
"V",363,"R","V363R",0.254015508401196
"V",363,"S","V363S",-0.311606779305652
"V",363,"T","V363T",0.21741412796296
"V",363,"W","V363W",-0.180052250045084
"V",363,"Y","V363Y",-0.0278326773894666
"S",364,"A","S364A",0.0515200576973669
"S",364,"C","S364C",0.25746995795636
"S",364,"D","S364D",0.413159164174097
"S",364,"E","S364E",0.0492240855234562
"S",364,"F","S364F",-0.166499384838975
"S",364,"G","S364G",-0.461610581526387
"S",364,"H","S364H",-0.285777889927043
"S",364,"I","S364I",-0.023155106846103
"S",364,"K","S364K",-0.505728156857506
"S",364,"L","S364L",-0.0457918173235179
"S",364,"M","S364M",-0.515801892243922
"S",364,"N","S364N",-2.48245058166425
"S",364,"P","S364P",-0.148288163105665
"S",364,"Q","S364Q",-0.234168713570671
"S",364,"R","S364R",-0.699616330753284
"S",364,"T","S364T",-0.256447464614796
"S",364,"V","S364V",-0.230019626504212
"S",364,"W","S364W",0.0553507835709501
"S",364,"Y","S364Y",0.332845531042332
"L",365,"A","L365A",0.435997343698878
"L",365,"C","L365C",0.460308103545472
"L",365,"D","L365D",-0.769679574704343
"L",365,"E","L365E",0.700679898914976
"L",365,"F","L365F",0.171248141032285
"L",365,"G","L365G",0.252304754323151
"L",365,"H","L365H",0.583158942932593
"L",365,"I","L365I",0.209896455737387
"L",365,"K","L365K",-0.409774810512532
"L",365,"M","L365M",-0.808222603329276
"L",365,"N","L365N",0.643916152627086
"L",365,"P","L365P",0.414643734326336
"L",365,"Q","L365Q",-0.395347500463912
"L",365,"R","L365R",-1.17969312164161
"L",365,"S","L365S",0.608666748867071
"L",365,"T","L365T",0.118090780181836
"L",365,"V","L365V",0.328684845225015
"L",365,"W","L365W",0.173191296875533
"L",365,"Y","L365Y",0.304286869450519
"T",366,"A","T366A",0.0206031861688691
"T",366,"C","T366C",-0.380562722099271
"T",366,"D","T366D",0.58271066387879
"T",366,"E","T366E",-0.224705657962162
"T",366,"F","T366F",0.0750192964164221
"T",366,"G","T366G",0.481045300654617
"T",366,"H","T366H",0.500857560303844
"T",366,"I","T366I",1.96507050318623
"T",366,"K","T366K",-0.567613524994995
"T",366,"L","T366L",1.06321044314993
"T",366,"M","T366M",-0.112656820822733
"T",366,"N","T366N",0.334629129253854
"T",366,"P","T366P",0.886196974330596
"T",366,"Q","T366Q",-0.118783133738908
"T",366,"R","T366R",-0.472756696307206
"T",366,"S","T366S",-0.320264784647849
"T",366,"V","T366V",1.51867717531488
"T",366,"W","T366W",1.1818688760931
"T",366,"Y","T366Y",-0.0951553442331625
"C",367,"A","C367A",-0.155878380906403
"C",367,"D","C367D",-1.52679047326488
"C",367,"E","C367E",0.366207682578154
"C",367,"F","C367F",0.383509686127225
"C",367,"G","C367G",0.255713145562332
"C",367,"H","C367H",0.421935939703956
"C",367,"I","C367I",0.284821787568506
"C",367,"K","C367K",0.0430834029055781
"C",367,"L","C367L",1.0986655009139
"C",367,"M","C367M",0.510852119098906
"C",367,"N","C367N",0.0566167323798819
"C",367,"P","C367P",0.628919699911564
"C",367,"Q","C367Q",0.734909321323956
"C",367,"R","C367R",-1.4131844037019
"C",367,"S","C367S",0.0795324470058061
"C",367,"T","C367T",0.955112061579831
"C",367,"V","C367V",0.711535063802494
"C",367,"W","C367W",0.788317253941676
"C",367,"Y","C367Y",-0.352052477824494
"L",368,"A","L368A",-0.0765277734662532
"L",368,"C","L368C",0.130008364541575
"L",368,"D","L368D",0.906741568977295
"L",368,"E","L368E",-0.624324075973179
"L",368,"F","L368F",-0.0991362641660592
"L",368,"G","L368G",-0.697515910598122
"L",368,"H","L368H",-0.0861828677910865
"L",368,"I","L368I",1.29192048326934
"L",368,"K","L368K",-0.403731267683305
"L",368,"M","L368M",0.0770305147435396
"L",368,"N","L368N",0.109645042584648
"L",368,"P","L368P",-0.386677979200716
"L",368,"Q","L368Q",0.00428559692159385
"L",368,"R","L368R",0.482303743926868
"L",368,"S","L368S",0.674240034830125
"L",368,"T","L368T",-0.118593806035997
"L",368,"V","L368V",-0.377969702159466
"L",368,"W","L368W",1.43934142212013
"L",368,"Y","L368Y",0.345432289007132
"V",369,"A","V369A",-0.0338092930789091
"V",369,"C","V369C",-0.217738705658594
"V",369,"D","V369D",-1.3561060999046
"V",369,"E","V369E",-0.934527054139442
"V",369,"F","V369F",0.429254188788284
"V",369,"G","V369G",-0.736108959499642
"V",369,"H","V369H",-0.0252141414100173
"V",369,"I","V369I",-0.125372831644191
"V",369,"K","V369K",-1.0989694549159
"V",369,"L","V369L",-0.496750514295177
"V",369,"M","V369M",-0.331883760533931
"V",369,"N","V369N",0.406138945281337
"V",369,"P","V369P",-0.665158217032713
"V",369,"Q","V369Q",0.035070737436689
"V",369,"R","V369R",-0.0471697765052389
"V",369,"S","V369S",-0.915215815736727
"V",369,"T","V369T",-1.03765622563737
"V",369,"W","V369W",0.13713640796231
"V",369,"Y","V369Y",-0.113538140162531
"K",370,"C","K370C",0.00031245752426654
"K",370,"D","K370D",0.66151840087746
"K",370,"E","K370E",0.231618263427362
"K",370,"F","K370F",0.019345804191671
"K",370,"G","K370G",0.139048455298794
"K",370,"H","K370H",0.125372661212884
"K",370,"I","K370I",0.269899381305442
"K",370,"L","K370L",0.658567639089252
"K",370,"M","K370M",-0.169398401934766
"K",370,"N","K370N",1.12742785067517
"K",370,"P","K370P",0.278970332746508
"K",370,"Q","K370Q",-0.410757887638729
"K",370,"R","K370R",-0.288875125003115
"K",370,"S","K370S",-0.051996799492636
"K",370,"T","K370T",1.06722753075628
"K",370,"V","K370V",0.725602152252276
"K",370,"W","K370W",0.0932439893711083
"K",370,"Y","K370Y",0.544270364670653
"G",371,"A","G371A",1.04550798596601
"G",371,"C","G371C",0.283535227958224
"G",371,"D","G371D",0.0881889200827165
"G",371,"E","G371E",0.010560447369809
"G",371,"F","G371F",0.352394755860837
"G",371,"H","G371H",0.225571985153046
"G",371,"I","G371I",0.623387876268579
"G",371,"K","G371K",-0.264605258452608
"G",371,"L","G371L",0.368338688969521
"G",371,"M","G371M",0.274421530818095
"G",371,"N","G371N",0.194496760348538
"G",371,"P","G371P",0.147171658588182
"G",371,"Q","G371Q",-0.0378644112077711
"G",371,"R","G371R",-0.594352839915223
"G",371,"S","G371S",0.295762394729421
"G",371,"T","G371T",-0.040308536275673
"G",371,"V","G371V",-0.058828152712133
"G",371,"W","G371W",-0.0146626549289393
"G",371,"Y","G371Y",-0.291239464503561
"F",372,"A","F372A",-0.161889589802309
"F",372,"C","F372C",0.470789947080711
"F",372,"D","F372D",2.79398260110041
"F",372,"E","F372E",0.502140789565683
"F",372,"G","F372G",0.484125414755658
"F",372,"H","F372H",0.288331407293745
"F",372,"I","F372I",1.79772680385389
"F",372,"K","F372K",1.47311250456322
"F",372,"L","F372L",0.635283566288939
"F",372,"M","F372M",-0.528147560125403
"F",372,"N","F372N",1.1509191895137
"F",372,"P","F372P",-0.157805577488702
"F",372,"Q","F372Q",1.64517386875327
"F",372,"R","F372R",1.18230996230201
"F",372,"S","F372S",-0.487855566867553
"F",372,"T","F372T",-0.228101732244879
"F",372,"V","F372V",0.795011922605573
"F",372,"W","F372W",1.52508158924658
"F",372,"Y","F372Y",1.57861690108077
"Y",373,"A","Y373A",-0.102283785265522
"Y",373,"C","Y373C",-0.0203581617194384
"Y",373,"D","Y373D",0.277410434332145
"Y",373,"E","Y373E",-0.0103187903958863
"Y",373,"F","Y373F",-0.111162079488852
"Y",373,"G","Y373G",-0.585611183279581
"Y",373,"H","Y373H",0.277982986659533
"Y",373,"I","Y373I",-0.797345325685486
"Y",373,"K","Y373K",0.223249291133412
"Y",373,"L","Y373L",0.352605379227838
"Y",373,"M","Y373M",-0.27981085292139
"Y",373,"N","Y373N",0.422166436792856
"Y",373,"P","Y373P",1.64255936059727
"Y",373,"Q","Y373Q",0.539463780287267
"Y",373,"R","Y373R",0.0531214394729932
"Y",373,"S","Y373S",-0.100063913073566
"Y",373,"T","Y373T",0.225989701827061
"Y",373,"V","Y373V",-1.01796437714491
"Y",373,"W","Y373W",0.666793540110853
"P",374,"A","P374A",-0.0781743315956598
"P",374,"C","P374C",0.159041315335287
"P",374,"D","P374D",0.944703635914904
"P",374,"E","P374E",1.42713369000201
"P",374,"F","P374F",2.75539379560859
"P",374,"G","P374G",0.111891833063027
"P",374,"H","P374H",1.18277820050276
"P",374,"I","P374I",1.85309930676926
"P",374,"K","P374K",1.4535770690384
"P",374,"L","P374L",1.69470697762384
"P",374,"M","P374M",1.81873423257712
"P",374,"N","P374N",0.305588010457812
"P",374,"Q","P374Q",0.837601117375865
"P",374,"R","P374R",1.00541788362016
"P",374,"S","P374S",-0.229594438941902
"P",374,"T","P374T",0.744130944661096
"P",374,"V","P374V",0.163971479922876
"P",374,"W","P374W",1.85386552898881
"P",374,"Y","P374Y",0.424620853631702
"S",375,"A","S375A",0.769460423033054
"S",375,"C","S375C",-0.120437254119928
"S",375,"D","S375D",0.884115766739028
"S",375,"E","S375E",0.614499195663388
"S",375,"F","S375F",0.780843299154023
"S",375,"G","S375G",0.172343675704651
"S",375,"H","S375H",0.0481881424539325
"S",375,"I","S375I",0.182988156094826
"S",375,"K","S375K",0.395590833374819
"S",375,"L","S375L",0.654321069467062
"S",375,"M","S375M",0.675169229112751
"S",375,"N","S375N",0.294838234325916
"S",375,"P","S375P",0.380056043981382
"S",375,"Q","S375Q",0.272178533385558
"S",375,"R","S375R",1.18398804162012
"S",375,"T","S375T",1.07676339703459
"S",375,"V","S375V",0.783523926227569
"S",375,"W","S375W",0.119291933892709
"S",375,"Y","S375Y",1.09977437345617
"D",376,"A","D376A",-0.190350845348305
"D",376,"C","D376C",0.803684035815877
"D",376,"E","D376E",-0.252184442244428
"D",376,"F","D376F",0.62850107564517
"D",376,"G","D376G",-0.137385753197625
"D",376,"H","D376H",0.300135813571013
"D",376,"I","D376I",2.75229690584117
"D",376,"K","D376K",1.19819757258718
"D",376,"L","D376L",0.676220364217575
"D",376,"M","D376M",-0.158116630579777
"D",376,"N","D376N",-0.110670415801286
"D",376,"P","D376P",0.236532236174886
"D",376,"Q","D376Q",0.984040425423001
"D",376,"R","D376R",0.0836565033881476
"D",376,"S","D376S",0.456827042991646
"D",376,"T","D376T",2.14637995588255
"D",376,"V","D376V",1.64702215591031
"D",376,"W","D376W",0.115723610149041
"D",376,"Y","D376Y",0.0305617543920043
"I",377,"A","I377A",0.280004961817239
"I",377,"C","I377C",-0.125489055191338
"I",377,"D","I377D",0.00276135175326454
"I",377,"E","I377E",1.45421571882742
"I",377,"F","I377F",2.62737553121689
"I",377,"G","I377G",1.44775610643266
"I",377,"H","I377H",1.76600224238862
"I",377,"K","I377K",1.72680760111185
"I",377,"L","I377L",-0.0159793260302446
"I",377,"M","I377M",-0.152197078226747
"I",377,"N","I377N",1.4174183196696
"I",377,"P","I377P",1.21364652103907
"I",377,"Q","I377Q",1.49217051822263
"I",377,"R","I377R",1.7928188969269
"I",377,"S","I377S",0.891690693570797
"I",377,"T","I377T",-0.240836465515298
"I",377,"V","I377V",-0.120487918119861
"I",377,"W","I377W",1.62946683839518
"I",377,"Y","I377Y",2.13653885448216
"A",378,"C","A378C",1.05420255943339
"A",378,"D","A378D",0.225102829094122
"A",378,"E","A378E",0.40736403518315
"A",378,"F","A378F",0.280206182008106
"A",378,"G","A378G",-0.268243948933655
"A",378,"H","A378H",0.0742007069091568
"A",378,"I","A378I",0.857976084512924
"A",378,"K","A378K",0.443839586836683
"A",378,"L","A378L",0.427851535340986
"A",378,"M","A378M",0.220019173298901
"A",378,"N","A378N",0.240634676243439
"A",378,"P","A378P",1.64900949643722
"A",378,"Q","A378Q",-0.357534491586584
"A",378,"R","A378R",0.43714619982468
"A",378,"S","A378S",-0.00589207678714593
"A",378,"T","A378T",0.211320373961769
"A",378,"V","A378V",2.11189920549049
"A",378,"W","A378W",-0.548355672933017
"A",378,"Y","A378Y",0.568208755568828
"V",379,"A","V379A",-0.717199800145406
"V",379,"C","V379C",-0.247067636857196
"V",379,"D","V379D",-0.370327688371228
"V",379,"E","V379E",0.513488903129601
"V",379,"F","V379F",1.05882619940039
"V",379,"G","V379G",0.133728172050406
"V",379,"H","V379H",1.00762371570005
"V",379,"I","V379I",0.838667271291275
"V",379,"K","V379K",-0.686097803510213
"V",379,"L","V379L",0.132175573371722
"V",379,"M","V379M",0.0968796023574785
"V",379,"N","V379N",0.59827306574853
"V",379,"P","V379P",0.312009803130219
"V",379,"Q","V379Q",0.00286532567619867
"V",379,"R","V379R",-0.290931181886562
"V",379,"S","V379S",-0.167170565111331
"V",379,"T","V379T",0.0798782914048259
"V",379,"W","V379W",4.28225485213506
"V",379,"Y","V379Y",3.5925791452756
"E",380,"A","E380A",-0.704164666740869
"E",380,"C","E380C",-0.0676392397236596
"E",380,"D","E380D",-0.526301759577704
"E",380,"F","E380F",0.0137304887571755
"E",380,"G","E380G",0.00869136188448988
"E",380,"H","E380H",-0.724607352988186
"E",380,"I","E380I",0.784079253792521
"E",380,"K","E380K",-0.140298020427925
"E",380,"L","E380L",-0.347202430408366
"E",380,"M","E380M",1.26707843031718
"E",380,"N","E380N",-0.352393957154522
"E",380,"P","E380P",0.284618496979817
"E",380,"Q","E380Q",0.0151630960526928
"E",380,"R","E380R",0.0947853056926345
"E",380,"S","E380S",0.400587304514763
"E",380,"T","E380T",-0.163798525680463
"E",380,"V","E380V",0.319664833112264
"E",380,"W","E380W",-0.713010892248323
"E",380,"Y","E380Y",-0.454140660636927
"W",381,"A","W381A",-1.22576611319273
"W",381,"C","W381C",-1.65773574398197
"W",381,"D","W381D",0.142678945261107
"W",381,"E","W381E",-2.59108359546324
"W",381,"F","W381F",0.0923058624786446
"W",381,"G","W381G",-1.2831507518768
"W",381,"H","W381H",0.586276070730195
"W",381,"I","W381I",-0.717559719142076
"W",381,"K","W381K",-0.772000588632093
"W",381,"L","W381L",-0.858491951571725
"W",381,"M","W381M",0.502275497704355
"W",381,"N","W381N",-2.07888932494788
"W",381,"P","W381P",-1.11197465207621
"W",381,"Q","W381Q",-3.29015004384987
"W",381,"R","W381R",-1.09649285178316
"W",381,"S","W381S",-0.979494698937949
"W",381,"T","W381T",-3.55574446481811
"W",381,"V","W381V",-0.421284530604943
"W",381,"Y","W381Y",0.160080369662192
"E",382,"A","E382A",0.280027897154249
"E",382,"C","E382C",0.0454607596706917
"E",382,"D","E382D",0.264865689532885
"E",382,"F","E382F",-0.180440282690315
"E",382,"G","E382G",0.369929769929384
"E",382,"H","E382H",-0.117435862096747
"E",382,"I","E382I",1.04920297836263
"E",382,"K","E382K",0.105062237847286
"E",382,"L","E382L",-0.465716101245272
"E",382,"M","E382M",0.0604938949272871
"E",382,"N","E382N",-0.124274383663551
"E",382,"P","E382P",0.981411148418373
"E",382,"Q","E382Q",0.326049432120507
"E",382,"R","E382R",-0.000900039570923513
"E",382,"S","E382S",0.0857343741112156
"E",382,"T","E382T",0.0861610679677552
"E",382,"V","E382V",0.19877829604784
"E",382,"W","E382W",0.00181567755398708
"E",382,"Y","E382Y",-0.293854825259703
"S",383,"A","S383A",0.344658791380794
"S",383,"C","S383C",-0.600337894780758
"S",383,"D","S383D",0.502029889171992
"S",383,"E","S383E",0.399857299932288
"S",383,"F","S383F",0.514139620007546
"S",383,"G","S383G",0.415737548566833
"S",383,"H","S383H",0.573600306966645
"S",383,"I","S383I",-0.0958005985242614
"S",383,"K","S383K",-0.158810434501099
"S",383,"L","S383L",0.266349191245599
"S",383,"M","S383M",0.705992312047538
"S",383,"N","S383N",0.833063678654366
"S",383,"P","S383P",0.11996698042037
"S",383,"Q","S383Q",0.182935659768082
"S",383,"R","S383R",0.12391685105747
"S",383,"T","S383T",0.0595258711846329
"S",383,"V","S383V",0.43147945238157
"S",383,"W","S383W",0.142612353928925
"S",383,"Y","S383Y",0.490300891067916
"N",384,"A","N384A",-0.547843060430276
"N",384,"C","N384C",0.212739201490924
"N",384,"D","N384D",0.481312749500956
"N",384,"E","N384E",-0.441723113281693
"N",384,"F","N384F",-0.140951315306858
"N",384,"G","N384G",0.178900762220213
"N",384,"H","N384H",0.186506032826158
"N",384,"I","N384I",0.0989526401766763
"N",384,"K","N384K",0.370642233455652
"N",384,"L","N384L",0.274308104661628
"N",384,"M","N384M",0.751972793041776
"N",384,"P","N384P",0.344847419208638
"N",384,"Q","N384Q",0.325763413185143
"N",384,"R","N384R",0.776996232226577
"N",384,"S","N384S",0.248425919207529
"N",384,"T","N384T",-0.20677252189973
"N",384,"V","N384V",-0.0248424016817676
"N",384,"W","N384W",-0.0614684825808189
"N",384,"Y","N384Y",-0.414187895672917
"G",385,"A","G385A",0.0624252204620094
"G",385,"C","G385C",0.501726717552095
"G",385,"D","G385D",1.14197738520792
"G",385,"E","G385E",0.285517958696827
"G",385,"F","G385F",0.109602080245006
"G",385,"H","G385H",1.25633663067613
"G",385,"I","G385I",0.197671506314306
"G",385,"K","G385K",0.999612425754173
"G",385,"L","G385L",1.2242494499082
"G",385,"M","G385M",-0.0115584158966216
"G",385,"N","G385N",-0.00188060941129008
"G",385,"P","G385P",0.353816150438039
"G",385,"Q","G385Q",-0.281637854579825
"G",385,"R","G385R",-0.00977809290359354
"G",385,"S","G385S",0.65278535822639
"G",385,"T","G385T",-0.0986281113968142
"G",385,"V","G385V",0.622526644048866
"G",385,"W","G385W",0.306204031277436
"G",385,"Y","G385Y",1.01013927988103
"Q",386,"A","Q386A",0.235114053585042
"Q",386,"C","Q386C",0.307528887530624
"Q",386,"D","Q386D",0.07820634950357
"Q",386,"E","Q386E",0.316714017459575
"Q",386,"F","Q386F",-0.486880474530063
"Q",386,"G","Q386G",0.0209106490275653
"Q",386,"H","Q386H",0.645682358899304
"Q",386,"I","Q386I",0.289111011531651
"Q",386,"K","Q386K",0.147665221052721
"Q",386,"L","Q386L",0.543273825501313
"Q",386,"M","Q386M",0.422157150066763
"Q",386,"N","Q386N",0.667949328148711
"Q",386,"P","Q386P",0.266027313355232
"Q",386,"R","Q386R",0.602695906385917
"Q",386,"S","Q386S",0.616988851717724
"Q",386,"V","Q386V",0.257825900045488
"Q",386,"W","Q386W",0.480440077917455
"Q",386,"Y","Q386Y",0.326960597388609
"P",387,"A","P387A",0.472432810245079
"P",387,"C","P387C",1.1503979010436
"P",387,"D","P387D",0.229597104264152
"P",387,"E","P387E",0.428452401222449
"P",387,"F","P387F",-0.220261933369818
"P",387,"G","P387G",0.184489095482175
"P",387,"H","P387H",0.00432271276595931
"P",387,"I","P387I",0.379590503939968
"P",387,"K","P387K",0.124586520297762
"P",387,"L","P387L",-0.655700015458087
"P",387,"M","P387M",-0.367354786449125
"P",387,"N","P387N",-0.406876009450707
"P",387,"Q","P387Q",-0.0307391942572336
"P",387,"R","P387R",0.358545169337596
"P",387,"S","P387S",-0.509421568751411
"P",387,"T","P387T",-0.273708807873559
"P",387,"V","P387V",0.471435519767906
"P",387,"W","P387W",-0.203112018219256
"P",387,"Y","P387Y",0.156387283118136
"E",388,"A","E388A",0.438365747239456
"E",388,"C","E388C",-0.0188315802264754
"E",388,"D","E388D",0.136699820768213
"E",388,"F","E388F",0.152219880124906
"E",388,"G","E388G",0.336502817395105
"E",388,"H","E388H",0.76234281970602
"E",388,"I","E388I",-0.381869606587559
"E",388,"K","E388K",0.0960362268958327
"E",388,"L","E388L",0.502851894556901
"E",388,"M","E388M",-0.0342324970553433
"E",388,"N","E388N",0.470417348683221
"E",388,"P","E388P",0.249906308854118
"E",388,"Q","E388Q",-0.536121191587827
"E",388,"R","E388R",0.571266265353913
"E",388,"S","E388S",0.232024595636825
"E",388,"T","E388T",0.256744865417134
"E",388,"V","E388V",0.500207053277686
"E",388,"W","E388W",-0.696329194463709
"E",388,"Y","E388Y",-0.192685533598367
"N",389,"A","N389A",0.169398163465234
"N",389,"C","N389C",-0.456725400549944
"N",389,"D","N389D",0.674989204162908
"N",389,"E","N389E",0.699862004192562
"N",389,"F","N389F",0.230462991246094
"N",389,"G","N389G",0.285859090590845
"N",389,"H","N389H",-0.0354235909502269
"N",389,"I","N389I",-0.0997907694988471
"N",389,"K","N389K",-0.103446338805196
"N",389,"L","N389L",0.0195380624397323
"N",389,"M","N389M",0.0536869668134356
"N",389,"P","N389P",0.42743400956517
"N",389,"Q","N389Q",0.341400536960917
"N",389,"R","N389R",0.210443063865953
"N",389,"S","N389S",-0.0961056278351199
"N",389,"T","N389T",0.588754381901506
"N",389,"V","N389V",0.426711794969517
"N",389,"W","N389W",0.135704747084822
"N",389,"Y","N389Y",-0.0202683617494863
"N",390,"A","N390A",0.465792635665976
"N",390,"C","N390C",0.732425765192677
"N",390,"D","N390D",-0.304049572297306
"N",390,"E","N390E",0.503765784730885
"N",390,"F","N390F",0.853250548405592
"N",390,"G","N390G",0.818063495038977
"N",390,"H","N390H",0.24696017684594
"N",390,"I","N390I",0.450958558387159
"N",390,"K","N390K",0.0143199793031645
"N",390,"L","N390L",0.1499146555954
"N",390,"M","N390M",1.21912431692175
"N",390,"P","N390P",-0.392970479162305
"N",390,"Q","N390Q",0.104213574721409
"N",390,"R","N390R",0.353633065864241
"N",390,"S","N390S",-0.00638551541511013
"N",390,"T","N390T",0.553300330064353
"N",390,"V","N390V",0.389134294021343
"N",390,"W","N390W",0.130779608772434
"N",390,"Y","N390Y",-0.330157974189169
"Y",391,"A","Y391A",0.0646155706860755
"Y",391,"C","Y391C",-0.517430288878926
"Y",391,"D","Y391D",0.305562012389871
"Y",391,"E","Y391E",0.0467541810634393
"Y",391,"F","Y391F",-1.3147521224368
"Y",391,"G","Y391G",-0.125568923106909
"Y",391,"H","Y391H",0.6311890122615
"Y",391,"I","Y391I",0.117058901383154
"Y",391,"K","Y391K",0.450793049177334
"Y",391,"L","Y391L",0.0691654393419755
"Y",391,"M","Y391M",0.106880055313618
"Y",391,"N","Y391N",-0.174629241093544
"Y",391,"P","Y391P",0.85394677559854
"Y",391,"Q","Y391Q",-0.31704886975934
"Y",391,"R","Y391R",-0.101311408572756
"Y",391,"S","Y391S",0.687320805383654
"Y",391,"T","Y391T",-0.48878502940277
"Y",391,"V","Y391V",0.410108721456931
"Y",391,"W","Y391W",-0.0253612321161132
"K",392,"A","K392A",0.505390535268068
"K",392,"C","K392C",0.0323675037332845
"K",392,"D","K392D",0.380649780700673
"K",392,"E","K392E",0.897565942528647
"K",392,"F","K392F",0.161958005589879
"K",392,"G","K392G",0.347344591889899
"K",392,"H","K392H",-0.172158147303772
"K",392,"I","K392I",0.488723460518924
"K",392,"L","K392L",0.915141236080154
"K",392,"M","K392M",0.191243017879896
"K",392,"N","K392N",0.336135292089755
"K",392,"P","K392P",0.483527378203443
"K",392,"Q","K392Q",0.0975021341500256
"K",392,"R","K392R",-0.628189226863212
"K",392,"S","K392S",0.0922978379388655
"K",392,"T","K392T",0.455228339481368
"K",392,"V","K392V",0.327090023201823
"K",392,"W","K392W",0.35339278979127
"K",392,"Y","K392Y",-0.0803688930235594
"T",393,"A","T393A",0.294527191710204
"T",393,"C","T393C",0.622623247603695
"T",393,"D","T393D",1.67795667031825
"T",393,"E","T393E",0.69051847623356
"T",393,"F","T393F",0.326323303652843
"T",393,"G","T393G",-0.131303805811471
"T",393,"H","T393H",0.942767265466773
"T",393,"I","T393I",-0.219602684005712
"T",393,"K","T393K",-0.0132796516285323
"T",393,"L","T393L",-0.698532405749344
"T",393,"M","T393M",0.441189740163876
"T",393,"N","T393N",-0.494232157837987
"T",393,"P","T393P",0.715572646506174
"T",393,"Q","T393Q",0.0704353951514368
"T",393,"R","T393R",0.400309022793783
"T",393,"S","T393S",-0.463542178758764
"T",393,"V","T393V",-0.423047820483422
"T",393,"W","T393W",-0.224755851746291
"T",393,"Y","T393Y",-0.319376172559817
"T",394,"A","T394A",0.920072875200497
"T",394,"C","T394C",0.188235597481091
"T",394,"D","T394D",1.08648579386186
"T",394,"E","T394E",0.951831603273802
"T",394,"F","T394F",0.160928948545982
"T",394,"G","T394G",-0.0950852793932205
"T",394,"H","T394H",0.812234742163763
"T",394,"I","T394I",1.20395215924555
"T",394,"K","T394K",1.13596278220044
"T",394,"L","T394L",0.852612622938129
"T",394,"M","T394M",0.431408969700733
"T",394,"N","T394N",1.73815410094799
"T",394,"P","T394P",1.02798114557536
"T",394,"Q","T394Q",1.11153707064471
"T",394,"R","T394R",1.55696792774511
"T",394,"S","T394S",0.304557441260061
"T",394,"V","T394V",1.46803397519969
"T",394,"W","T394W",3.23501815015381
"T",394,"Y","T394Y",2.26470294498747
"P",395,"A","P395A",-0.281540640735983
"P",395,"C","P395C",-0.0173308531797703
"P",395,"D","P395D",-0.356554098927408
"P",395,"E","P395E",0.35058005968382
"P",395,"F","P395F",0.0304597411423072
"P",395,"G","P395G",-0.715970424366739
"P",395,"H","P395H",0.294798831710552
"P",395,"I","P395I",0.139781146690027
"P",395,"K","P395K",1.05658768639946
"P",395,"L","P395L",0.0090231990374397
"P",395,"M","P395M",-0.472333658464804
"P",395,"N","P395N",0.446168344269185
"P",395,"Q","P395Q",-0.112907458622668
"P",395,"R","P395R",-0.00692427790647863
"P",395,"S","P395S",-0.017385912229463
"P",395,"T","P395T",0.567794596018633
"P",395,"V","P395V",0.600130794661367
"P",395,"W","P395W",0.0260779246751062
"P",395,"Y","P395Y",-0.175032717950829
"P",396,"A","P396A",0.782122779213211
"P",396,"C","P396C",0.526233824526363
"P",396,"D","P396D",1.3936544889344
"P",396,"E","P396E",0.782594377335449
"P",396,"F","P396F",1.36347745383886
"P",396,"G","P396G",0.625144345603753
"P",396,"H","P396H",2.02435999645233
"P",396,"I","P396I",2.76473228361135
"P",396,"K","P396K",1.15721491486944
"P",396,"L","P396L",2.61800547045308
"P",396,"M","P396M",2.33807286362333
"P",396,"N","P396N",0.741662618780308
"P",396,"Q","P396Q",0.891220213661028
"P",396,"R","P396R",0.516080046246252
"P",396,"S","P396S",1.37748172421684
"P",396,"T","P396T",1.15593604309124
"P",396,"V","P396V",1.34045485205684
"P",396,"W","P396W",0.823811079188492
"P",396,"Y","P396Y",0.558035069977586
"V",397,"A","V397A",0.97055809561665
"V",397,"C","V397C",0.144222365550603
"V",397,"D","V397D",2.65460564793606
"V",397,"E","V397E",0.363898686069784
"V",397,"F","V397F",1.1690515440874
"V",397,"G","V397G",1.30745761809924
"V",397,"H","V397H",0.762569664331332
"V",397,"I","V397I",0.859830164694778
"V",397,"K","V397K",1.34411832864762
"V",397,"L","V397L",0.625372822353461
"V",397,"M","V397M",1.37279173535516
"V",397,"N","V397N",0.764711431269333
"V",397,"P","V397P",0.461106794556698
"V",397,"Q","V397Q",1.20779635180505
"V",397,"R","V397R",0.826494147028128
"V",397,"S","V397S",0.0955649541571402
"V",397,"T","V397T",-0.303010866182248
"V",397,"W","V397W",0.606130291843908
"V",397,"Y","V397Y",1.07728158087829
"L",398,"A","L398A",0.542059364169147
"L",398,"C","L398C",-0.366743877174271
"L",398,"D","L398D",0.088249633015122
"L",398,"E","L398E",0.366344768718286
"L",398,"F","L398F",0.653951695818973
"L",398,"G","L398G",-0.133356171838768
"L",398,"H","L398H",-0.387918327807023
"L",398,"I","L398I",0.2241447239477
"L",398,"K","L398K",0.368834854370052
"L",398,"M","L398M",0.541699292764356
"L",398,"N","L398N",0.458541443032707
"L",398,"P","L398P",-0.198171377362334
"L",398,"Q","L398Q",-0.0701754080249203
"L",398,"R","L398R",0.7420437894975
"L",398,"S","L398S",0.224750819822003
"L",398,"T","L398T",0.454960929357138
"L",398,"V","L398V",0.937666687481053
"L",398,"W","L398W",-0.901623253313242
"L",398,"Y","L398Y",0.421489610385337
"D",399,"A","D399A",1.10367710119754
"D",399,"C","D399C",0.343984903719361
"D",399,"E","D399E",1.50605066703731
"D",399,"F","D399F",0.151695531366607
"D",399,"G","D399G",1.32625929641041
"D",399,"H","D399H",-0.00946304304989987
"D",399,"I","D399I",0.771380283989782
"D",399,"K","D399K",1.25242812371877
"D",399,"L","D399L",0.222488514294704
"D",399,"M","D399M",1.73110116382377
"D",399,"N","D399N",0.340659238923913
"D",399,"P","D399P",0.688778912228097
"D",399,"Q","D399Q",0.534870476764787
"D",399,"R","D399R",0.211318404887684
"D",399,"S","D399S",0.0171645548501308
"D",399,"T","D399T",1.10685847628981
"D",399,"V","D399V",0.516532811520499
"D",399,"W","D399W",0.400975007554217
"D",399,"Y","D399Y",0.200181062542722
"S",400,"A","S400A",0.575332773087145
"S",400,"C","S400C",-0.273029715720388
"S",400,"D","S400D",-0.296575998397675
"S",400,"E","S400E",0.583775353416939
"S",400,"F","S400F",0.0687780230258127
"S",400,"G","S400G",-0.242689020339568
"S",400,"H","S400H",-0.498653709025235
"S",400,"I","S400I",0.138079313356845
"S",400,"K","S400K",0.0989941267056057
"S",400,"L","S400L",-0.0197735152701464
"S",400,"M","S400M",0.484445830942225
"S",400,"N","S400N",0.273799431437116
"S",400,"P","S400P",0.366976099982103
"S",400,"Q","S400Q",0.179664010972661
"S",400,"R","S400R",0.0180209437553041
"S",400,"T","S400T",0.815358020751535
"S",400,"V","S400V",-0.028989400531457
"S",400,"W","S400W",-0.28328615856311
"S",400,"Y","S400Y",0.240268906073296
"D",401,"A","D401A",0.966240861025319
"D",401,"C","D401C",0.525688539478118
"D",401,"E","D401E",0.989446444082994
"D",401,"F","D401F",0.0497393800085864
"D",401,"G","D401G",0.124293502856975
"D",401,"H","D401H",0.56967237027368
"D",401,"I","D401I",0.340334125799741
"D",401,"K","D401K",0.344126786632847
"D",401,"L","D401L",0.365118945708327
"D",401,"M","D401M",0.0641361115797474
"D",401,"N","D401N",0.337797710150679
"D",401,"P","D401P",2.66927963689856
"D",401,"Q","D401Q",0.906212341221905
"D",401,"R","D401R",-0.392896791789431
"D",401,"S","D401S",0.0447804999402358
"D",401,"T","D401T",-1.16172924737516
"D",401,"V","D401V",0.321604089759234
"D",401,"W","D401W",-0.308950742024565
"D",401,"Y","D401Y",-0.0305687348740048
"G",402,"A","G402A",0.171422087397012
"G",402,"C","G402C",-0.311324194112476
"G",402,"D","G402D",0.272317073563412
"G",402,"E","G402E",-0.357593449721297
"G",402,"F","G402F",0.1897818154374
"G",402,"H","G402H",0.0381667013666809
"G",402,"I","G402I",0.248832996004533
"G",402,"K","G402K",0.298134357268391
"G",402,"L","G402L",0.392578513225838
"G",402,"M","G402M",-0.0185121245939627
"G",402,"N","G402N",-0.290704350792723
"G",402,"P","G402P",0.404887924784254
"G",402,"Q","G402Q",-0.0490744865209198
"G",402,"R","G402R",0.50944063111654
"G",402,"S","G402S",0.134519175939134
"G",402,"T","G402T",-0.228037345713488
"G",402,"V","G402V",0.0474933829963923
"G",402,"W","G402W",1.15999570747626
"G",402,"Y","G402Y",0.107533095632694
"S",403,"A","S403A",1.36773153914333
"S",403,"C","S403C",-0.307807164806208
"S",403,"D","S403D",-0.523325971311808
"S",403,"E","S403E",1.47842284609234
"S",403,"F","S403F",0.366440156338769
"S",403,"G","S403G",0.764234171198353
"S",403,"H","S403H",0.104016349364018
"S",403,"I","S403I",0.536493781059935
"S",403,"K","S403K",0.0468823234187507
"S",403,"L","S403L",-0.0989142363566802
"S",403,"M","S403M",-0.302304088654381
"S",403,"N","S403N",0.276112489543736
"S",403,"P","S403P",0.0466135441877246
"S",403,"Q","S403Q",0.0259945069832422
"S",403,"R","S403R",0.341847143370639
"S",403,"T","S403T",-0.0881560886854375
"S",403,"V","S403V",0.352219662738645
"S",403,"W","S403W",-0.152090681261133
"S",403,"Y","S403Y",-0.0503887367912707
"F",404,"A","F404A",2.29617369365093
"F",404,"C","F404C",-0.0392376300263272
"F",404,"D","F404D",1.62302826790662
"F",404,"E","F404E",2.13165171566604
"F",404,"G","F404G",1.09882535097207
"F",404,"H","F404H",0.997769249254163
"F",404,"I","F404I",-0.183396849664752
"F",404,"K","F404K",1.18302797863698
"F",404,"L","F404L",1.88859659783029
"F",404,"M","F404M",1.21235094264876
"F",404,"N","F404N",1.24039873457523
"F",404,"P","F404P",0.519027913518365
"F",404,"Q","F404Q",0.877628632320841
"F",404,"R","F404R",1.43331482994335
"F",404,"S","F404S",1.20910404755725
"F",404,"T","F404T",1.13930095830991
"F",404,"V","F404V",1.1016089137509
"F",404,"W","F404W",2.31931249967189
"F",404,"Y","F404Y",0.291387055344564
"F",405,"A","F405A",0.518670134013853
"F",405,"C","F405C",-0.371768239037836
"F",405,"D","F405D",3.66396421355232
"F",405,"E","F405E",2.23229181470673
"F",405,"G","F405G",1.12650602395097
"F",405,"H","F405H",0.900509302245444
"F",405,"I","F405I",-0.0800568981377789
"F",405,"K","F405K",-0.453579979973885
"F",405,"L","F405L",-0.284320948500069
"F",405,"M","F405M",-0.418729224769803
"F",405,"N","F405N",1.62900507060021
"F",405,"P","F405P",-2.11476670971476
"F",405,"Q","F405Q",0.443934779398835
"F",405,"R","F405R",-2.29579095964651
"F",405,"S","F405S",1.72045517456959
"F",405,"T","F405T",0.617302812459165
"F",405,"V","F405V",0.0257022427306017
"F",405,"W","F405W",1.36675033330794
"F",405,"Y","F405Y",0.562543739131905
"L",406,"A","L406A",-0.473397329391208
"L",406,"C","L406C",-0.296511412964908
"L",406,"D","L406D",-0.62004809857324
"L",406,"E","L406E",0.22571889713675
"L",406,"F","L406F",1.7732817006411
"L",406,"G","L406G",-0.403037620692207
"L",406,"H","L406H",1.38904858721199
"L",406,"I","L406I",-0.55568715094406
"L",406,"K","L406K",-0.237416189625982
"L",406,"M","L406M",0.249223875555255
"L",406,"N","L406N",-0.705908217819656
"L",406,"P","L406P",-1.57299920482696
"L",406,"Q","L406Q",0.442716134052972
"L",406,"R","L406R",0.557932967866084
"L",406,"S","L406S",-0.428405315092378
"L",406,"T","L406T",-0.163264863002024
"L",406,"V","L406V",-0.637747428814133
"L",406,"W","L406W",2.0546485628805
"L",406,"Y","L406Y",2.51249775780559
"Y",407,"A","Y407A",0.39300625308725
"Y",407,"C","Y407C",0.625824871592601
"Y",407,"D","Y407D",-0.383412814555201
"Y",407,"E","Y407E",-0.40807304625925
"Y",407,"F","Y407F",0.0517198514451404
"Y",407,"G","Y407G",0.191289238259225
"Y",407,"H","Y407H",0.10153443953606
"Y",407,"I","Y407I",0.705199199114908
"Y",407,"K","Y407K",-0.846258672127846
"Y",407,"L","Y407L",-0.181555851947539
"Y",407,"M","Y407M",0.412761595595838
"Y",407,"N","Y407N",-1.57414795300142
"Y",407,"P","Y407P",-1.65133186460611
"Y",407,"Q","Y407Q",-0.0175120206703168
"Y",407,"R","Y407R",-0.473768348446016
"Y",407,"S","Y407S",0.561910069426053
"Y",407,"T","Y407T",0.230643869263658
"Y",407,"V","Y407V",0.802324719561722
"Y",407,"W","Y407W",3.01326535834675
"S",408,"A","S408A",0.464900534870971
"S",408,"C","S408C",-0.491966740842997
"S",408,"D","S408D",0.127200391073397
"S",408,"E","S408E",1.17427116257041
"S",408,"F","S408F",0.822198795193631
"S",408,"G","S408G",-0.208757387310095
"S",408,"H","S408H",1.18236135171287
"S",408,"I","S408I",0.783715037021289
"S",408,"K","S408K",1.68341139383433
"S",408,"L","S408L",0.939332151445675
"S",408,"M","S408M",-0.192293365029997
"S",408,"N","S408N",0.0419869588296633
"S",408,"P","S408P",-1.83278438448698
"S",408,"Q","S408Q",0.940791162111363
"S",408,"R","S408R",2.01594010819351
"S",408,"T","S408T",0.522517888979747
"S",408,"V","S408V",0.522218281914567
"S",408,"W","S408W",0.261505005781847
"S",408,"Y","S408Y",2.1901813163664
"K",409,"A","K409A",-0.368391222334193
"K",409,"C","K409C",0.418228589809258
"K",409,"D","K409D",0.497436449595662
"K",409,"E","K409E",0.484900487056456
"K",409,"F","K409F",0.638558754251732
"K",409,"G","K409G",0.643470729927825
"K",409,"H","K409H",0.624116107555185
"K",409,"I","K409I",1.26597110767065
"K",409,"L","K409L",0.630069883708286
"K",409,"M","K409M",0.721837309610926
"K",409,"N","K409N",-2.48093734669897
"K",409,"P","K409P",-0.664647981135723
"K",409,"Q","K409Q",0.852478487247744
"K",409,"R","K409R",-0.622842298712007
"K",409,"S","K409S",0.236291768102966
"K",409,"T","K409T",0.90336845896077
"K",409,"V","K409V",1.74272950414531
"K",409,"W","K409W",2.05177794126297
"K",409,"Y","K409Y",1.01433481119206
"L",410,"A","L410A",0.23258443857375
"L",410,"C","L410C",-0.0274985201089492
"L",410,"D","L410D",0.168593505007702
"L",410,"E","L410E",0.185006273396479
"L",410,"F","L410F",0.563722998272482
"L",410,"G","L410G",-0.222364908909398
"L",410,"H","L410H",0.364769409476187
"L",410,"I","L410I",-0.476350737356635
"L",410,"K","L410K",-0.156914866394911
"L",410,"M","L410M",0.0729061315946765
"L",410,"N","L410N",-0.171273521815
"L",410,"P","L410P",-2.5221255097244
"L",410,"Q","L410Q",-0.0331614948162539
"L",410,"R","L410R",0.0807598068117559
"L",410,"S","L410S",0.540696881075953
"L",410,"T","L410T",0.384180345156436
"L",410,"V","L410V",-0.369936963306131
"L",410,"W","L410W",0.373486285232129
"L",410,"Y","L410Y",0.0232600602708652
"T",411,"A","T411A",-0.0180544802573858
"T",411,"C","T411C",0.487097285758932
"T",411,"D","T411D",0.407922147800179
"T",411,"E","T411E",0.19505846505449
"T",411,"F","T411F",0.16263668756171
"T",411,"G","T411G",-0.394696404337119
"T",411,"H","T411H",-0.331578063775387
"T",411,"I","T411I",0.0125647574820141
"T",411,"K","T411K",-0.344450521034489
"T",411,"L","T411L",0.370103127797043
"T",411,"M","T411M",0.637986502632897
"T",411,"N","T411N",0.0565784431570647
"T",411,"P","T411P",0.399169653906947
"T",411,"Q","T411Q",-0.113874905030233
"T",411,"R","T411R",-0.365903261333739
"T",411,"S","T411S",0.279228654277934
"T",411,"V","T411V",-0.0745143566867017
"T",411,"W","T411W",0.185237425227924
"T",411,"Y","T411Y",-0.174187838083128
"V",412,"A","V412A",-0.203148929318219
"V",412,"C","V412C",0.0242159161953172
"V",412,"D","V412D",0.517203411008181
"V",412,"E","V412E",0.519399711499474
"V",412,"F","V412F",-0.0947574613668548
"V",412,"G","V412G",0.419505606471864
"V",412,"H","V412H",-0.124875621623765
"V",412,"I","V412I",-0.188458895475845
"V",412,"K","V412K",0.522500136868644
"V",412,"L","V412L",0.0246405072014855
"V",412,"M","V412M",-0.139966580197539
"V",412,"N","V412N",-0.282256334692744
"V",412,"P","V412P",1.77572779034043
"V",412,"Q","V412Q",-0.106441371231238
"V",412,"R","V412R",-0.0143404666454704
"V",412,"S","V412S",-0.0578575612257731
"V",412,"T","V412T",0.00847438835202595
"V",412,"W","V412W",-0.0344066730293353
"V",412,"Y","V412Y",-0.126343084239868
"D",413,"A","D413A",0.747378575753089
"D",413,"C","D413C",-0.229705213545583
"D",413,"E","D413E",-0.0118418221103435
"D",413,"F","D413F",0.144741648819796
"D",413,"G","D413G",0.0393268468364233
"D",413,"H","D413H",0.0489177674056087
"D",413,"I","D413I",0.187040823836449
"D",413,"K","D413K",0.195755749034584
"D",413,"L","D413L",-0.395377499946848
"D",413,"M","D413M",0.174658012570567
"D",413,"N","D413N",0.38898868527058
"D",413,"P","D413P",0.0483662270459227
"D",413,"Q","D413Q",-0.0469398177062573
"D",413,"R","D413R",0.187923097892192
"D",413,"S","D413S",0.251804895547336
"D",413,"T","D413T",-1.30823842593407
"D",413,"V","D413V",0.366386560882384
"D",413,"W","D413W",-0.618199505234248
"D",413,"Y","D413Y",0.406864170392498
"K",414,"A","K414A",0.364320017649333
"K",414,"C","K414C",0.139944564034763
"K",414,"D","K414D",-0.0528420194497805
"K",414,"E","K414E",0.364155223226985
"K",414,"F","K414F",0.444763350609816
"K",414,"G","K414G",0.715000569731606
"K",414,"H","K414H",0.0850778972763348
"K",414,"I","K414I",0.616274232833969
"K",414,"L","K414L",-0.0422544989492145
"K",414,"M","K414M",0.00673102777666348
"K",414,"N","K414N",0.335349991330981
"K",414,"P","K414P",0.0850412029754934
"K",414,"Q","K414Q",0.204512985471613
"K",414,"R","K414R",0.13525008500738
"K",414,"S","K414S",0.681434782046689
"K",414,"T","K414T",0.396933222528776
"K",414,"V","K414V",-0.204835508728065
"K",414,"W","K414W",0.259440362537224
"K",414,"Y","K414Y",0.659414705187581
"S",415,"A","S415A",0.360223068214557
"S",415,"C","S415C",-0.466749043959026
"S",415,"D","S415D",0.204113754990197
"S",415,"E","S415E",0.0132152420007626
"S",415,"F","S415F",-0.572766465027435
"S",415,"G","S415G",0.211408525548647
"S",415,"H","S415H",0.189266967557577
"S",415,"I","S415I",-0.206437219152392
"S",415,"K","S415K",0.452574194292903
"S",415,"L","S415L",0.0258323563127651
"S",415,"M","S415M",0.189102040442719
"S",415,"N","S415N",-0.0320310918208268
"S",415,"P","S415P",0.452803964942589
"S",415,"Q","S415Q",-0.105411759268186
"S",415,"R","S415R",-0.243242554195219
"S",415,"T","S415T",0.494424396728557
"S",415,"V","S415V",0.773966803106682
"S",415,"W","S415W",-0.484817579673378
"S",415,"Y","S415Y",0.00909464232127103
"R",416,"A","R416A",0.112225476847632
"R",416,"C","R416C",0.63629184558219
"R",416,"D","R416D",-0.0859441444600209
"R",416,"E","R416E",0.766854963148103
"R",416,"F","R416F",0.270455764476479
"R",416,"G","R416G",0.103014718516227
"R",416,"H","R416H",1.52763972309098
"R",416,"I","R416I",0.43336109695201
"R",416,"K","R416K",0.169365163221721
"R",416,"L","R416L",-0.533592955884013
"R",416,"M","R416M",0.349469974437331
"R",416,"N","R416N",-0.356582377222154
"R",416,"P","R416P",0.432248142226307
"R",416,"Q","R416Q",-0.0599848336004039
"R",416,"S","R416S",0.235123987094966
"R",416,"T","R416T",0.303256384790636
"R",416,"V","R416V",0.782752497091844
"R",416,"W","R416W",0.267902877392134
"R",416,"Y","R416Y",0.373652510428884
"W",417,"A","W417A",0.134820906123157
"W",417,"C","W417C",0.31778222005041
"W",417,"D","W417D",0.519642388552241
"W",417,"E","W417E",0.206101811783894
"W",417,"F","W417F",-0.48447459890403
"W",417,"G","W417G",-0.0669146688773579
"W",417,"H","W417H",0.800830103514798
"W",417,"I","W417I",-0.00529668263423531
"W",417,"K","W417K",-0.365214557239447
"W",417,"L","W417L",0.287886669137819
"W",417,"M","W417M",0.388278433051931
"W",417,"N","W417N",-0.0870458549830545
"W",417,"P","W417P",0.425973842315101
"W",417,"Q","W417Q",0.0497394785432601
"W",417,"R","W417R",0.198477760121384
"W",417,"S","W417S",-0.192269855496722
"W",417,"T","W417T",1.2748486518779
"W",417,"V","W417V",-0.448195831532524
"W",417,"Y","W417Y",0.13070837223612
"Q",418,"A","Q418A",0.489717654012343
"Q",418,"C","Q418C",0.228293352196971
"Q",418,"D","Q418D",-0.0818352521299046
"Q",418,"E","Q418E",0.316817857174583
"Q",418,"F","Q418F",-0.552094174468872
"Q",418,"G","Q418G",-1.11605932163238
"Q",418,"H","Q418H",-0.31142407625548
"Q",418,"I","Q418I",-0.474679965392029
"Q",418,"K","Q418K",0.230763829592854
"Q",418,"L","Q418L",0.305162655291337
"Q",418,"M","Q418M",0.313263019658643
"Q",418,"N","Q418N",0.334805680455918
"Q",418,"P","Q418P",0.14695659745431
"Q",418,"R","Q418R",0.385488054563747
"Q",418,"S","Q418S",-0.483294026401357
"Q",418,"T","Q418T",0.490611755143989
"Q",418,"V","Q418V",0.381680541718977
"Q",418,"W","Q418W",-0.051291184504918
"Q",418,"Y","Q418Y",0.579732319459301
"Q",419,"A","Q419A",-0.274340939967807
"Q",419,"C","Q419C",0.610088448225743
"Q",419,"D","Q419D",-0.228230683286741
"Q",419,"E","Q419E",0.203556764485218
"Q",419,"F","Q419F",0.307393184085367
"Q",419,"G","Q419G",0.107488007031222
"Q",419,"H","Q419H",0.520273574190357
"Q",419,"I","Q419I",0.420747643194167
"Q",419,"K","Q419K",-0.806516831056141
"Q",419,"L","Q419L",-0.0214069100090363
"Q",419,"M","Q419M",0.74961226384794
"Q",419,"N","Q419N",0.0759140636699682
"Q",419,"P","Q419P",0.244543967725154
"Q",419,"R","Q419R",0.518259045081753
"Q",419,"S","Q419S",0.323137780545406
"Q",419,"T","Q419T",0.522079027368675
"Q",419,"V","Q419V",0.238779832775637
"Q",419,"W","Q419W",0.221084312288382
"Q",419,"Y","Q419Y",0.000432566226206217
"G",420,"A","G420A",0.0282878974636175
"G",420,"C","G420C",0.251575348134394
"G",420,"D","G420D",-1.19113725760596
"G",420,"E","G420E",0.419899097938514
"G",420,"F","G420F",-0.36046254986425
"G",420,"H","G420H",0.209920493089074
"G",420,"I","G420I",-0.353809843052824
"G",420,"K","G420K",-0.102345346403302
"G",420,"L","G420L",0.317710437155307
"G",420,"M","G420M",0.443025989495631
"G",420,"N","G420N",0.404717268783359
"G",420,"P","G420P",1.99438459982183
"G",420,"Q","G420Q",0.687383217027395
"G",420,"R","G420R",-0.0227591970780002
"G",420,"S","G420S",0.824897776030052
"G",420,"T","G420T",-0.325454147030025
"G",420,"V","G420V",-0.0332954807283651
"G",420,"W","G420W",0.309711561437188
"G",420,"Y","G420Y",0.474077147094804
"N",421,"A","N421A",0.51282708456199
"N",421,"C","N421C",-0.0633766249524039
"N",421,"D","N421D",-0.0667745526273626
"N",421,"E","N421E",0.872277558457005
"N",421,"F","N421F",0.456815221743526
"N",421,"G","N421G",0.17102071308229
"N",421,"H","N421H",0.354331520056291
"N",421,"I","N421I",0.031894388257066
"N",421,"K","N421K",0.213983059291493
"N",421,"L","N421L",0.104617571015708
"N",421,"M","N421M",0.177204157680109
"N",421,"P","N421P",-0.145198076328108
"N",421,"Q","N421Q",0.0614387470491465
"N",421,"R","N421R",0.150864991544673
"N",421,"S","N421S",-0.50276582279213
"N",421,"T","N421T",0.0870473197373272
"N",421,"V","N421V",0.193697792328907
"N",421,"W","N421W",-0.0904567161890581
"N",421,"Y","N421Y",0.396188966318115
"V",422,"A","V422A",0.216028195995903
"V",422,"C","V422C",0.121910850086618
"V",422,"D","V422D",-0.162292954449178
"V",422,"E","V422E",0.30889040345167
"V",422,"F","V422F",0.384224234794765
"V",422,"G","V422G",-0.00184949585187011
"V",422,"H","V422H",-0.250256877984356
"V",422,"I","V422I",0.170092678834632
"V",422,"K","V422K",1.65626192792669
"V",422,"L","V422L",0.221656497345756
"V",422,"M","V422M",-0.357556875010377
"V",422,"N","V422N",0.447569183321028
"V",422,"P","V422P",-0.0444354350341359
"V",422,"Q","V422Q",0.236912494251637
"V",422,"R","V422R",0.218416411026956
"V",422,"S","V422S",1.3976401612692
"V",422,"T","V422T",0.125099163364391
"V",422,"W","V422W",-0.216244646538913
"V",422,"Y","V422Y",0.371829925949805
"F",423,"A","F423A",-0.56174186604542
"F",423,"C","F423C",0.641915055112101
"F",423,"D","F423D",0.300159868785284
"F",423,"E","F423E",-0.0707095996696758
"F",423,"G","F423G",-0.527568744916935
"F",423,"H","F423H",0.137717466428871
"F",423,"I","F423I",-0.1315617912495
"F",423,"K","F423K",0.688125856059491
"F",423,"L","F423L",-0.167809605950884
"F",423,"M","F423M",0.261282690905157
"F",423,"N","F423N",-0.206325624829737
"F",423,"P","F423P",0.678260785347426
"F",423,"Q","F423Q",-0.191605745531902
"F",423,"R","F423R",-0.237055278630266
"F",423,"S","F423S",0.265039333902323
"F",423,"T","F423T",0.691342890265359
"F",423,"V","F423V",0.0889346713424381
"F",423,"W","F423W",0.435530010092951
"F",423,"Y","F423Y",0.197034017949019
"S",424,"A","S424A",0.224127609485296
"S",424,"C","S424C",-0.963304959816655
"S",424,"D","S424D",-0.577162653086589
"S",424,"E","S424E",0.206512628561752
"S",424,"F","S424F",0.395096804778114
"S",424,"G","S424G",0.4429968857594
"S",424,"H","S424H",-0.539258443868778
"S",424,"I","S424I",0.549543953953068
"S",424,"K","S424K",0.0209960035435269
"S",424,"L","S424L",0.348806929379978
"S",424,"M","S424M",0.259711422384852
"S",424,"N","S424N",0.324158845902287
"S",424,"P","S424P",1.24830419963141
"S",424,"Q","S424Q",0.0615259305415212
"S",424,"R","S424R",0.43945031625753
"S",424,"T","S424T",0.203719292998187
"S",424,"V","S424V",-0.331608651505728
"S",424,"W","S424W",-0.993696143035506
"S",424,"Y","S424Y",-0.226404205855847
"C",425,"A","C425A",0.199975287238062
"C",425,"D","C425D",-1.23478503184182
"C",425,"E","C425E",-1.34184049012309
"C",425,"F","C425F",3.17747635004749
"C",425,"G","C425G",0.156873787139286
"C",425,"H","C425H",1.00047238022345
"C",425,"I","C425I",-0.337082995358425
"C",425,"K","C425K",-1.62082760619846
"C",425,"L","C425L",0.736633822819784
"C",425,"M","C425M",0.735267505474495
"C",425,"N","C425N",-0.451074310942284
"C",425,"P","C425P",0.492542377061934
"C",425,"Q","C425Q",-0.363801896406268
"C",425,"R","C425R",-1.40644616738211
"C",425,"S","C425S",-0.386813136887935
"C",425,"T","C425T",-0.0719535844997971
"C",425,"V","C425V",0.39633234489313
"C",425,"W","C425W",-1.19148901461379
"C",425,"Y","C425Y",1.10824761665273
"S",426,"A","S426A",0.149598410799086
"S",426,"C","S426C",-0.357196080751331
"S",426,"D","S426D",-0.72760197153473
"S",426,"E","S426E",-0.192438985718276
"S",426,"F","S426F",-0.463927411601724
"S",426,"G","S426G",0.036433897408855
"S",426,"H","S426H",0.172613695029854
"S",426,"I","S426I",-0.330250419183945
"S",426,"K","S426K",0.156656026946989
"S",426,"L","S426L",0.4058818846188
"S",426,"M","S426M",0.298369121284286
"S",426,"N","S426N",-0.209279239672963
"S",426,"P","S426P",0.676123153709966
"S",426,"Q","S426Q",0.273995132012069
"S",426,"R","S426R",0.320131461916015
"S",426,"T","S426T",1.28451553040639
"S",426,"V","S426V",0.102210175481094
"S",426,"W","S426W",0.0684956485453953
"S",426,"Y","S426Y",0.0243385176555752
"V",427,"A","V427A",-0.804592508787851
"V",427,"C","V427C",-0.123308368251332
"V",427,"D","V427D",-0.723439930667189
"V",427,"E","V427E",-0.727233346754872
"V",427,"F","V427F",-0.523422712650472
"V",427,"G","V427G",0.0433847512469218
"V",427,"H","V427H",0.660739352680891
"V",427,"I","V427I",-0.0745093212107347
"V",427,"K","V427K",-0.714161765641268
"V",427,"L","V427L",-0.503857302971944
"V",427,"M","V427M",0.453451227612534
"V",427,"N","V427N",-0.0999256338176437
"V",427,"P","V427P",0.338918772911616
"V",427,"Q","V427Q",-0.206331472883219
"V",427,"R","V427R",-1.04036369869669
"V",427,"S","V427S",-0.335818979468401
"V",427,"T","V427T",-1.45104862333421
"V",427,"W","V427W",0.581408574120578
"V",427,"Y","V427Y",-0.20854219929699
"M",428,"A","M428A",1.2139770750634
"M",428,"C","M428C",-0.0969552418436724
"M",428,"D","M428D",0.689892487997719
"M",428,"E","M428E",0.567053625284094
"M",428,"F","M428F",0.0573141763875548
"M",428,"G","M428G",0.0802013666102387
"M",428,"H","M428H",-0.0547537153858118
"M",428,"I","M428I",0.396780205070917
"M",428,"K","M428K",-0.359508277221191
"M",428,"L","M428L",0.612378206400544
"M",428,"N","M428N",0.0664442559380686
"M",428,"P","M428P",0.626612587753485
"M",428,"Q","M428Q",0.655994671413836
"M",428,"R","M428R",0.87604442347583
"M",428,"S","M428S",0.301181911793167
"M",428,"T","M428T",-0.0220676965519892
"M",428,"V","M428V",-0.253373351591486
"M",428,"W","M428W",0.464089922014232
"M",428,"Y","M428Y",-0.775948859512726
"H",429,"A","H429A",-0.531140981456022
"H",429,"C","H429C",-0.454990688026893
"H",429,"D","H429D",-0.59562985949431
"H",429,"E","H429E",-0.790184545668109
"H",429,"F","H429F",0.0544288901634153
"H",429,"G","H429G",-0.15571886504991
"H",429,"I","H429I",-1.94395961466034
"H",429,"K","H429K",-3.38342263058295
"H",429,"L","H429L",-2.92330931713787
"H",429,"M","H429M",-0.453648531659502
"H",429,"N","H429N",-0.0855528349876739
"H",429,"P","H429P",-2.64628137001865
"H",429,"Q","H429Q",0.0629159500657547
"H",429,"R","H429R",-3.8375029835738
"H",429,"S","H429S",-0.294575179230356
"H",429,"T","H429T",0.66875355587552
"H",429,"V","H429V",-3.01354970297205
"H",429,"W","H429W",-3.55765906160479
"H",429,"Y","H429Y",-1.84179982224603
"E",430,"A","E430A",1.03666655103724
"E",430,"C","E430C",-0.297247251275701
"E",430,"D","E430D",0.71338461765464
"E",430,"F","E430F",-0.254434588751479
"E",430,"G","E430G",0.154445277572595
"E",430,"H","E430H",0.466062393212061
"E",430,"I","E430I",-0.32694259551622
"E",430,"K","E430K",-0.154476916007706
"E",430,"L","E430L",0.259466565732578
"E",430,"M","E430M",1.07938874611656
"E",430,"N","E430N",0.402804102369605
"E",430,"P","E430P",0.315023098940212
"E",430,"Q","E430Q",0.346170270929305
"E",430,"R","E430R",0.255717294182248
"E",430,"S","E430S",0.263575104584514
"E",430,"T","E430T",-0.173217618474377
"E",430,"V","E430V",-0.0383615048059582
"E",430,"W","E430W",-0.30443830238357
"E",430,"Y","E430Y",0.197285908714574
"L",432,"A","L432A",0.484164526928387
"L",432,"C","L432C",0.227695117407443
"L",432,"D","L432D",-0.135387376979124
"L",432,"E","L432E",0.109638058970843
"L",432,"F","L432F",-0.6898042996579
"L",432,"G","L432G",0.653239572490867
"L",432,"H","L432H",0.462096043939664
"L",432,"I","L432I",0.247320126561044
"L",432,"K","L432K",-0.174680557600447
"L",432,"M","L432M",-0.159846211217933
"L",432,"N","L432N",-0.236515233883011
"L",432,"P","L432P",-0.00933963165265652
"L",432,"Q","L432Q",-0.171821859926964
"L",432,"R","L432R",0.0356017322746883
"L",432,"S","L432S",-0.589824829743586
"L",432,"T","L432T",0.45151984005721
"L",432,"V","L432V",0.22856726215709
"L",432,"W","L432W",-0.37942480390911
"L",432,"Y","L432Y",-0.30087454618603
"H",433,"A","H433A",-0.483996230711302
"H",433,"C","H433C",0.650602198490717
"H",433,"D","H433D",0.313256236454879
"H",433,"E","H433E",0.656759728313575
"H",433,"F","H433F",0.114773698614979
"H",433,"G","H433G",0.0982912660440903
"H",433,"I","H433I",0.216045676080278
"H",433,"K","H433K",0.47077170332463
"H",433,"L","H433L",0.882273809349251
"H",433,"M","H433M",0.783611929044348
"H",433,"N","H433N",-0.307324210012966
"H",433,"P","H433P",0.145802379864295
"H",433,"Q","H433Q",-0.947444341285288
"H",433,"R","H433R",-0.334127191877381
"H",433,"S","H433S",0.040695736542065
"H",433,"T","H433T",-1.04049370826922
"H",433,"V","H433V",0.392440661816584
"H",433,"W","H433W",0.387600111878867
"H",433,"Y","H433Y",0.236722157612613
"N",434,"A","N434A",0.0022149977043763
"N",434,"C","N434C",0.641615895021176
"N",434,"D","N434D",0.0216887995083127
"N",434,"E","N434E",1.15144713971284
"N",434,"F","N434F",0.0456724521979575
"N",434,"G","N434G",0.0794657468436081
"N",434,"H","N434H",0.0182281450532993
"N",434,"I","N434I",-0.0239121910427392
"N",434,"K","N434K",0.158777812404013
"N",434,"L","N434L",-0.430211897908573
"N",434,"P","N434P",0.290954001302502
"N",434,"Q","N434Q",0.134351186716914
"N",434,"R","N434R",0.087731283827032
"N",434,"S","N434S",-0.724755466790576
"N",434,"T","N434T",0.266893777382379
"N",434,"W","N434W",-0.141202035795188
"N",434,"Y","N434Y",0.0660334474886114
"H",435,"A","H435A",-0.48876773696893
"H",435,"C","H435C",-0.557663918543451
"H",435,"D","H435D",-0.819997551876094
"H",435,"E","H435E",-0.0762889763378026
"H",435,"F","H435F",0.205540705183778
"H",435,"G","H435G",0.951845428567366
"H",435,"I","H435I",-1.01825874832335
"H",435,"K","H435K",0.0810627940981183
"H",435,"L","H435L",-0.268067134329026
"H",435,"M","H435M",0.18337133966437
"H",435,"N","H435N",-0.733108826041507
"H",435,"P","H435P",-0.290100457973244
"H",435,"Q","H435Q",0.454749707377767
"H",435,"R","H435R",0.313275992644016
"H",435,"S","H435S",-0.354436011489704
"H",435,"T","H435T",-1.41672671224348
"H",435,"V","H435V",-0.742342527919211
"H",435,"W","H435W",1.49844729608518
"H",435,"Y","H435Y",0.241336175060938
"Y",436,"A","Y436A",-0.183196633708832
"Y",436,"C","Y436C",-0.615191794263794
"Y",436,"D","Y436D",-0.470972943119279
"Y",436,"E","Y436E",0.0493220931375798
"Y",436,"F","Y436F",0.306661205993698
"Y",436,"G","Y436G",0.472438742971352
"Y",436,"H","Y436H",-0.409054016089532
"Y",436,"I","Y436I",-0.568613822683815
"Y",436,"K","Y436K",-0.20345935649063
"Y",436,"L","Y436L",0.759975843840762
"Y",436,"M","Y436M",2.33010628641487
"Y",436,"N","Y436N",0.962278168454792
"Y",436,"P","Y436P",-1.32301498859332
"Y",436,"Q","Y436Q",0.0290148017244403
"Y",436,"R","Y436R",-0.24656433266982
"Y",436,"S","Y436S",0.224494216277442
"Y",436,"T","Y436T",-0.326830308910681
"Y",436,"V","Y436V",0.0308222368907323
"Y",436,"W","Y436W",-0.324984418605835
"T",437,"A","T437A",0.239339698123441
"T",437,"C","T437C",-0.251971502564634
"T",437,"D","T437D",0.186561381771623
"T",437,"E","T437E",0.139686393692973
"T",437,"F","T437F",-0.215131744543572
"T",437,"G","T437G",0.195700838693747
"T",437,"H","T437H",0.729659243311532
"T",437,"I","T437I",1.0662294973914
"T",437,"K","T437K",0.0461113742091185
"T",437,"L","T437L",0.315189833959075
"T",437,"M","T437M",0.161755675321877
"T",437,"N","T437N",-0.22144860571355
"T",437,"P","T437P",-0.40182929904902
"T",437,"Q","T437Q",0.591999794059289
"T",437,"R","T437R",0.0704592783919858
"T",437,"S","T437S",0.17310986409275
"T",437,"V","T437V",0.656722499165862
"T",437,"W","T437W",-0.470663099217581
"T",437,"Y","T437Y",-0.0677975125544932
"Q",438,"A","Q438A",-0.144810812483712
"Q",438,"C","Q438C",-0.679208451564674
"Q",438,"D","Q438D",-0.214829236144086
"Q",438,"E","Q438E",-0.0338737372777151
"Q",438,"F","Q438F",1.31634325088006
"Q",438,"G","Q438G",0.906502549497952
"Q",438,"H","Q438H",-0.325283939876146
"Q",438,"I","Q438I",0.508442032834249
"Q",438,"K","Q438K",0.394241612805017
"Q",438,"L","Q438L",-0.0547826231697353
"Q",438,"M","Q438M",0.320866251142103
"Q",438,"N","Q438N",0.40579672466517
"Q",438,"P","Q438P",0.150547538129727
"Q",438,"R","Q438R",0.143081260074668
"Q",438,"S","Q438S",-0.509645474663006
"Q",438,"T","Q438T",0.0339197537400598
"Q",438,"V","Q438V",0.0210053035294894
"Q",438,"W","Q438W",-0.325010566168226
"Q",438,"Y","Q438Y",0.394741813686916
"K",439,"A","K439A",0.458645917536441
"K",439,"C","K439C",1.21299323936026
"K",439,"D","K439D",-0.0848026860082249
"K",439,"E","K439E",-0.121790422623603
"K",439,"F","K439F",-0.295059488371866
"K",439,"G","K439G",0.126416296247976
"K",439,"H","K439H",0.494606280367488
"K",439,"I","K439I",-0.235572334287587
"K",439,"L","K439L",0.59992378792122
"K",439,"M","K439M",0.315022722581791
"K",439,"N","K439N",-0.460597145366136
"K",439,"P","K439P",0.852100802654821
"K",439,"Q","K439Q",-0.503986444033402
"K",439,"R","K439R",-1.41496112990102
"K",439,"S","K439S",0.0603213766392742
"K",439,"T","K439T",-0.211622580931383
"K",439,"V","K439V",1.2467480530228
"K",439,"W","K439W",0.161380177841585
"K",439,"Y","K439Y",-0.0495248713572586
"S",440,"A","S440A",-0.0147629489655483
"S",440,"C","S440C",0.285975258748851
"S",440,"D","S440D",-0.0288514017762848
"S",440,"E","S440E",0.116514265160575
"S",440,"F","S440F",0.561787438047209
"S",440,"G","S440G",-0.36623912360106
"S",440,"H","S440H",0.251005481837867
"S",440,"I","S440I",0.702940166716701
"S",440,"K","S440K",0.164369159548697
"S",440,"L","S440L",0.653496787622384
"S",440,"M","S440M",-0.305547039755444
"S",440,"N","S440N",-0.358543920582393
"S",440,"P","S440P",0.460253883087432
"S",440,"Q","S440Q",0.535694260494745
"S",440,"R","S440R",0.926535691378875
"S",440,"T","S440T",0.168740138329433
"S",440,"V","S440V",0.258617195340481
"S",440,"W","S440W",-0.0810021766244461
"S",440,"Y","S440Y",1.29087314268004
"L",441,"A","L441A",0.379296754948793
"L",441,"C","L441C",0.761973485215084
"L",441,"D","L441D",-0.320287901315393
"L",441,"E","L441E",0.595957964783872
"L",441,"F","L441F",0.55834829511427
"L",441,"G","L441G",0.316070000848044
"L",441,"H","L441H",0.216461742612992
"L",441,"I","L441I",-0.219543014892805
"L",441,"K","L441K",-0.417667194054715
"L",441,"M","L441M",0.629993511821416
"L",441,"N","L441N",-0.205606095182654
"L",441,"P","L441P",0.574491185164402
"L",441,"Q","L441Q",1.05401377647885
"L",441,"R","L441R",0.240162153906126
"L",441,"S","L441S",0.3841806958008
"L",441,"T","L441T",1.19505256045031
"L",441,"V","L441V",0.526703334659133
"L",441,"W","L441W",0.0282880599224382
"L",441,"Y","L441Y",-0.357168837927421
"S",442,"A","S442A",0.147243554651267
"S",442,"C","S442C",0.208498608026532
"S",442,"D","S442D",0.257814236511427
"S",442,"E","S442E",-0.204387963247373
"S",442,"F","S442F",-0.297829479244468
"S",442,"G","S442G",0.188158305538767
"S",442,"H","S442H",0.303528900714467
"S",442,"I","S442I",0.410713699605825
"S",442,"K","S442K",-0.0665837985048774
"S",442,"L","S442L",0.824677020945763
"S",442,"M","S442M",0.172452074320054
"S",442,"N","S442N",0.291116912998435
"S",442,"P","S442P",-0.0486896193769632
"S",442,"Q","S442Q",1.0006630441762
"S",442,"R","S442R",0.195700893360394
"S",442,"T","S442T",0.909001267823147
"S",442,"V","S442V",-0.131525474911743
"S",442,"W","S442W",-0.0548727820061229
"S",442,"Y","S442Y",0.580219350000087
"L",443,"A","L443A",0.661886028828909
"L",443,"C","L443C",-0.116103464615433
"L",443,"D","L443D",0.28222767144124
"L",443,"E","L443E",0.499353310378278
"L",443,"F","L443F",0.0443292499383028
"L",443,"G","L443G",1.49436908227498
"L",443,"H","L443H",0.654791005308759
"L",443,"I","L443I",1.66984366164019
"L",443,"K","L443K",-0.641869721129198
"L",443,"M","L443M",0.317366970691959
"L",443,"N","L443N",-0.113905535114047
"L",443,"P","L443P",0.143558254494905
"L",443,"Q","L443Q",0.247011862827164
"L",443,"R","L443R",-0.62515086652127
"L",443,"S","L443S",-0.0570218113262254
"L",443,"T","L443T",1.01750826875236
"L",443,"V","L443V",-0.185840204340211
"L",443,"W","L443W",0.36837463899724
"L",443,"Y","L443Y",0.240595280195719
"S",444,"A","S444A",0.5465086087932
"S",444,"C","S444C",0.917448834331848
"S",444,"D","S444D",0.28810329575069
"S",444,"E","S444E",-0.486960248145957
"S",444,"F","S444F",0.516953286479842
"S",444,"G","S444G",0.406567917389133
"S",444,"H","S444H",0.289432443836428
"S",444,"I","S444I",0.169829763128324
"S",444,"K","S444K",0.0141429398171104
"S",444,"L","S444L",0.0195466957557709
"S",444,"M","S444M",0.619460182573205
"S",444,"N","S444N",0.379371183275464
"S",444,"P","S444P",0.413204542102561
"S",444,"Q","S444Q",0.414604674614686
"S",444,"R","S444R",-0.295393698373493
"S",444,"T","S444T",0.0775286849265212
"S",444,"V","S444V",-0.186421831749598
"S",444,"W","S444W",0.365882733767149
"S",444,"Y","S444Y",0.649458535488307
"P",445,"A","P445A",-0.815637685501185
"P",445,"C","P445C",-0.198098567846025
"P",445,"D","P445D",0.316032356045979
"P",445,"E","P445E",0.349938068557328
"P",445,"F","P445F",0.281555611188199
"P",445,"G","P445G",0.728334550935622
"P",445,"H","P445H",0.246422095003735
"P",445,"I","P445I",-0.33263452296038
"P",445,"K","P445K",-0.568976317047963
"P",445,"L","P445L",0.0503468819584486
"P",445,"M","P445M",0.14761597355894
"P",445,"N","P445N",0.444734567200701
"P",445,"Q","P445Q",0.391802301658989
"P",445,"R","P445R",0.840528315528058
"P",445,"S","P445S",0.150889519125406
"P",445,"V","P445V",-0.136852606425004
"P",445,"W","P445W",1.24639779540896
"P",445,"Y","P445Y",1.10434813589597
"G",446,"A","G446A",0.0509116839505684
"G",446,"C","G446C",0.231713465567468
"G",446,"D","G446D",-0.587422846259333
"G",446,"E","G446E",-1.59823263582068
"G",446,"F","G446F",0.0136448907649802
"G",446,"H","G446H",0.227396822302519
"G",446,"I","G446I",-0.239395331202016
"G",446,"K","G446K",0.993641128568327
"G",446,"L","G446L",-0.484549434197444
"G",446,"M","G446M",0.221495592720458
"G",446,"N","G446N",0.592768394860839
"G",446,"P","G446P",-0.829331978556774
"G",446,"Q","G446Q",0.918236731165751
"G",446,"R","G446R",0.212239680841536
"G",446,"S","G446S",1.36594105758095
"G",446,"T","G446T",-0.0221358116857972
"G",446,"V","G446V",-0.347452415828724
"G",446,"W","G446W",-0.0323031576266203
"G",446,"Y","G446Y",0.152576032030868
"K",447,"A","K447A",0.101967535376143
"K",447,"C","K447C",1.23649797458536
"K",447,"D","K447D",-0.295432567384946
"K",447,"E","K447E",0.570688242591999
"K",447,"F","K447F",-0.0602238155387838
"K",447,"G","K447G",0.598414371317992
"K",447,"H","K447H",0.148748017562206
"K",447,"I","K447I",0.730764974238278
"K",447,"L","K447L",0.189584989445949
"K",447,"M","K447M",0.126054106581259
"K",447,"N","K447N",0.433015378040008
"K",447,"P","K447P",0.256718875120273
"K",447,"Q","K447Q",-0.430612149195858
"K",447,"R","K447R",-0.0589425956448129
"K",447,"S","K447S",-0.00535640508290751
"K",447,"T","K447T",0.00306579872395104
"K",447,"V","K447V",0.50027134299463
"K",447,"W","K447W",0.328849800435331
"K",447,"Y","K447Y",-0.0639649324938355
