"wildtype","site","mutation","name","scaledscore"
"E",216,"A","E216A",-0.211642589442283
"E",216,"C","E216C",0.0690249553746908
"E",216,"D","E216D",-0.930791581388315
"E",216,"F","E216F",0.624696132750545
"E",216,"G","E216G",-0.371114933104218
"E",216,"H","E216H",-0.743170170104781
"E",216,"I","E216I",2.42220172615882
"E",216,"K","E216K",0.141038764406846
"E",216,"L","E216L",-0.566885309027405
"E",216,"M","E216M",-0.169748272667752
"E",216,"N","E216N",1.23142345179533
"E",216,"P","E216P",0.489506475495452
"E",216,"Q","E216Q",0.318365093513719
"E",216,"R","E216R",1.79745465115229
"E",216,"S","E216S",-0.798010950847289
"E",216,"T","E216T",2.07539308389495
"E",216,"V","E216V",-0.856220727586761
"E",216,"W","E216W",0.410647088270396
"E",216,"Y","E216Y",0.0896535840380359
"P",217,"A","P217A",-0.359729256530457
"P",217,"C","P217C",-0.213657103161105
"P",217,"D","P217D",-0.206545437529853
"P",217,"E","P217E",-0.135192988517067
"P",217,"F","P217F",-0.505559750051959
"P",217,"G","P217G",-0.240783907528978
"P",217,"H","P217H",-0.150116052369982
"P",217,"I","P217I",-0.114612890597151
"P",217,"K","P217K",-0.582586207525382
"P",217,"L","P217L",-0.428439156076513
"P",217,"M","P217M",0.431773413017725
"P",217,"N","P217N",-1.93587952154547
"P",217,"Q","P217Q",0.357491873080904
"P",217,"R","P217R",-0.0217652179199541
"P",217,"S","P217S",-2.10549486725491
"P",217,"T","P217T",-0.292959936530429
"P",217,"V","P217V",0.268843136860657
"P",217,"W","P217W",-0.619610714063603
"P",217,"Y","P217Y",0.161630811008399
"K",218,"A","K218A",0.274976609774692
"K",218,"C","K218C",0.0748751659767377
"K",218,"D","K218D",-0.468348868365049
"K",218,"E","K218E",0.358331127896996
"K",218,"F","K218F",-0.260746853139445
"K",218,"G","K218G",0.224681195717552
"K",218,"H","K218H",-1.2936709564188
"K",218,"I","K218I",0.291646669147505
"K",218,"L","K218L",0.122131964887201
"K",218,"M","K218M",1.52880752540191
"K",218,"N","K218N",-0.271539615644122
"K",218,"P","K218P",1.31914068310544
"K",218,"Q","K218Q",0.832031369208349
"K",218,"R","K218R",0.469980178558012
"K",218,"S","K218S",-0.18140302744301
"K",218,"T","K218T",-0.691057015819125
"K",218,"V","K218V",0.146088499805477
"K",218,"W","K218W",-0.367828815778592
"K",218,"Y","K218Y",1.19038190756666
"S",219,"A","S219A",-0.0209264300759637
"S",219,"C","S219C",0.687655696383352
"S",219,"D","S219D",-0.14522058213395
"S",219,"E","S219E",-0.0202057581587111
"S",219,"F","S219F",-0.234259575588935
"S",219,"G","S219G",0.0392443394632413
"S",219,"H","S219H",-0.400233415075747
"S",219,"I","S219I",0.58316288021906
"S",219,"K","S219K",0.785351816826447
"S",219,"L","S219L",-0.857458830673225
"S",219,"M","S219M",0.338874741717665
"S",219,"N","S219N",-0.0694329490318488
"S",219,"P","S219P",0.166234618095255
"S",219,"Q","S219Q",-0.241998469789177
"S",219,"R","S219R",-0.939887795301615
"S",219,"T","S219T",0.00683091725089176
"S",219,"V","S219V",0.803486901482945
"S",219,"W","S219W",0.614816858979492
"S",219,"Y","S219Y",-0.371855323022555
"C",220,"A","C220A",-0.208123487571124
"C",220,"D","C220D",-0.548159883790605
"C",220,"E","C220E",0.532044891247134
"C",220,"F","C220F",-0.625023657534713
"C",220,"G","C220G",-0.687200972736449
"C",220,"H","C220H",-0.328701804776811
"C",220,"I","C220I",-0.0525509294864482
"C",220,"K","C220K",0.354429975800079
"C",220,"L","C220L",-0.300592010975317
"C",220,"M","C220M",0.853231635217461
"C",220,"N","C220N",0.1733842221813
"C",220,"P","C220P",-0.465832483812456
"C",220,"Q","C220Q",-0.384620478261053
"C",220,"R","C220R",-1.05090251317776
"C",220,"S","C220S",-0.561078956062708
"C",220,"T","C220T",-1.87318147363907
"C",220,"V","C220V",-0.40767074388382
"C",220,"W","C220W",0.193712170276548
"C",220,"Y","C220Y",0.327419802270163
"D",221,"A","D221A",0.162073098812102
"D",221,"C","D221C",0.267676132706318
"D",221,"E","D221E",0.910220050885577
"D",221,"F","D221F",-0.317871373045921
"D",221,"G","D221G",-0.808346141612472
"D",221,"H","D221H",-1.26845551999586
"D",221,"I","D221I",0.506516326919553
"D",221,"K","D221K",0.306322582864284
"D",221,"L","D221L",0.00808783525734241
"D",221,"M","D221M",0.334187832776981
"D",221,"N","D221N",-0.660891470811313
"D",221,"P","D221P",3.29792828006387
"D",221,"Q","D221Q",1.09856967374354
"D",221,"R","D221R",0.16144947827235
"D",221,"S","D221S",-0.485348523622181
"D",221,"T","D221T",0.0507659923409403
"D",221,"V","D221V",0.654195140432405
"D",221,"W","D221W",0.725271898663333
"D",221,"Y","D221Y",0.651216331060576
"K",222,"A","K222A",-0.451717799652229
"K",222,"C","K222C",-0.0827566395330888
"K",222,"D","K222D",-0.350864881741047
"K",222,"E","K222E",-0.722455619791913
"K",222,"F","K222F",-0.482931044820472
"K",222,"G","K222G",-0.333971061030653
"K",222,"H","K222H",0.0677771759790774
"K",222,"I","K222I",0.733230757439255
"K",222,"L","K222L",-2.42515112167802
"K",222,"M","K222M",0.419862647760775
"K",222,"N","K222N",-1.08475340703641
"K",222,"P","K222P",0.515577149311508
"K",222,"Q","K222Q",-0.192537959306921
"K",222,"R","K222R",-0.267334001341396
"K",222,"S","K222S",0.686583222265638
"K",222,"T","K222T",0.639363465874321
"K",222,"V","K222V",-1.24755490560378
"K",222,"W","K222W",-0.311840171226978
"K",222,"Y","K222Y",-0.10590262893579
"T",223,"A","T223A",-0.234584826388121
"T",223,"C","T223C",-0.954045893630308
"T",223,"D","T223D",0.14847734569561
"T",223,"E","T223E",-1.13294754703091
"T",223,"F","T223F",-0.286683767378311
"T",223,"G","T223G",-0.56912938822973
"T",223,"H","T223H",1.33789919773556
"T",223,"I","T223I",-0.163789031218121
"T",223,"K","T223K",-0.272982331174281
"T",223,"L","T223L",0.241063056800902
"T",223,"M","T223M",-0.197388994620739
"T",223,"N","T223N",0.124950892664729
"T",223,"P","T223P",-0.458471823464616
"T",223,"Q","T223Q",1.85765665039755
"T",223,"R","T223R",-0.999969896347736
"T",223,"S","T223S",0.175359655987037
"T",223,"V","T223V",0.505557780150134
"T",223,"W","T223W",-1.06335239724155
"T",223,"Y","T223Y",0.60165590059485
"H",224,"A","H224A",1.5903236389715
"H",224,"C","H224C",0.565314784086355
"H",224,"D","H224D",-0.834635991642688
"H",224,"E","H224E",-0.938303904409175
"H",224,"F","H224F",-0.684351236056997
"H",224,"G","H224G",0.1905924694356
"H",224,"I","H224I",0.281943459847891
"H",224,"K","H224K",-0.741223930581171
"H",224,"L","H224L",-0.107874420458306
"H",224,"M","H224M",-0.112354963867271
"H",224,"N","H224N",-0.898926525625077
"H",224,"P","H224P",0.486999359326301
"H",224,"Q","H224Q",0.605764707326003
"H",224,"R","H224R",0.415017081262169
"H",224,"S","H224S",1.52823631281942
"H",224,"T","H224T",1.2608361770548
"H",224,"V","H224V",0.877953682039961
"H",224,"W","H224W",-0.611792805739803
"H",224,"Y","H224Y",-0.192425773783652
"T",225,"A","T225A",-0.522730179377811
"T",225,"C","T225C",0.491515189009968
"T",225,"D","T225D",-1.18168104628885
"T",225,"E","T225E",-0.375840257834924
"T",225,"F","T225F",-0.725102272034189
"T",225,"G","T225G",1.07842063605525
"T",225,"H","T225H",0.00773501044741013
"T",225,"I","T225I",0.999802753211034
"T",225,"K","T225K",1.05311911937592
"T",225,"L","T225L",0.794972722532699
"T",225,"M","T225M",-0.0147928464908686
"T",225,"N","T225N",0.588868681234001
"T",225,"P","T225P",-1.13325875976456
"T",225,"Q","T225Q",0.116410061575847
"T",225,"S","T225S",0.217508031364467
"T",225,"V","T225V",-0.935784219568319
"T",225,"W","T225W",0.498808124539623
"T",225,"Y","T225Y",0.716223633885024
"C",226,"A","C226A",0.567075302033963
"C",226,"D","C226D",1.44147706523617
"C",226,"E","C226E",0.715863270212633
"C",226,"F","C226F",0.0486565466652827
"C",226,"G","C226G",-1.77519318150479
"C",226,"H","C226H",-0.857079893820693
"C",226,"I","C226I",2.23936157187862
"C",226,"K","C226K",-1.3235170972494
"C",226,"L","C226L",-0.0347766947488609
"C",226,"M","C226M",0.286276221448314
"C",226,"N","C226N",0.17346502933877
"C",226,"P","C226P",0.440229868757087
"C",226,"Q","C226Q",0.496339423402629
"C",226,"R","C226R",0.0533053766734221
"C",226,"S","C226S",0.113023027186335
"C",226,"T","C226T",-1.06816879228211
"C",226,"V","C226V",1.2055875054627
"C",226,"W","C226W",1.02710497182638
"C",226,"Y","C226Y",-0.398533545370169
"P",227,"A","P227A",-0.185752357284794
"P",227,"C","P227C",-0.920475009213008
"P",227,"D","P227D",1.62238315777966
"P",227,"E","P227E",0.684072103454738
"P",227,"F","P227F",0.57611362760697
"P",227,"G","P227G",-1.34590294790723
"P",227,"H","P227H",0.722934540240294
"P",227,"I","P227I",0.0713406461920956
"P",227,"K","P227K",0.253538390407609
"P",227,"L","P227L",1.37511741386625
"P",227,"M","P227M",0.323287065273497
"P",227,"N","P227N",-0.0654767214188195
"P",227,"Q","P227Q",-0.289029182518679
"P",227,"R","P227R",-1.03516500326422
"P",227,"S","P227S",0.135905416025893
"P",227,"T","P227T",0.753901859463165
"P",227,"V","P227V",0.860854414163799
"P",227,"W","P227W",1.01766886220976
"P",227,"Y","P227Y",0.553915175673092
"P",228,"A","P228A",-0.0173281026867942
"P",228,"C","P228C",0.116310197187426
"P",228,"D","P228D",-0.586878608831703
"P",228,"E","P228E",-0.579108826242356
"P",228,"F","P228F",-0.0553383313108621
"P",228,"G","P228G",-0.182568448979735
"P",228,"H","P228H",0.225278524146152
"P",228,"I","P228I",-0.136499556740876
"P",228,"K","P228K",-0.312157790089941
"P",228,"L","P228L",-0.607365957233093
"P",228,"M","P228M",-0.473290725282494
"P",228,"N","P228N",1.19827972925361
"P",228,"Q","P228Q",-0.291576856671155
"P",228,"R","P228R",-1.02914896748585
"P",228,"S","P228S",-0.478908147435411
"P",228,"T","P228T",0.209252127722239
"P",228,"V","P228V",-0.507337101370547
"P",228,"W","P228W",0.370080325008144
"P",228,"Y","P228Y",-0.157205830892578
"C",229,"A","C229A",-1.37104903832729
"C",229,"D","C229D",-1.53605716601091
"C",229,"E","C229E",-1.48377661803282
"C",229,"F","C229F",-0.214027272430283
"C",229,"G","C229G",-1.29076524376268
"C",229,"H","C229H",-0.445594435417418
"C",229,"I","C229I",-0.160444341457206
"C",229,"K","C229K",-3.3797473132635
"C",229,"L","C229L",0.382082678546249
"C",229,"M","C229M",-0.0485105183947287
"C",229,"N","C229N",-3.78166644106777
"C",229,"P","C229P",-0.76407103597283
"C",229,"Q","C229Q",0.0147615604950059
"C",229,"R","C229R",-1.65292760709129
"C",229,"S","C229S",-1.22079258412592
"C",229,"T","C229T",-2.96020786014763
"C",229,"V","C229V",-1.13058237844724
"C",229,"W","C229W",0.4158160399571
"C",229,"Y","C229Y",1.00031739056444
"P",230,"A","P230A",-0.635760288156607
"P",230,"C","P230C",0.386589846400981
"P",230,"D","P230D",0.683909043638094
"P",230,"E","P230E",0.510613523696683
"P",230,"F","P230F",0.437457357795489
"P",230,"G","P230G",0.377895181495231
"P",230,"H","P230H",-0.297135096361487
"P",230,"I","P230I",1.07439120754784
"P",230,"K","P230K",-0.358137602330949
"P",230,"L","P230L",0.747397079704398
"P",230,"M","P230M",0.00189578256919725
"P",230,"N","P230N",0.921531829326213
"P",230,"Q","P230Q",0.584631143696718
"P",230,"R","P230R",-0.386367519885642
"P",230,"S","P230S",0.648095925982061
"P",230,"T","P230T",1.08797366026687
"P",230,"V","P230V",-0.836797670815906
"P",230,"W","P230W",1.86310554671313
"P",230,"Y","P230Y",1.36100610095164
"A",231,"C","A231C",-0.114791021552218
"A",231,"D","A231D",-0.251681805466305
"A",231,"E","A231E",-0.887657563676494
"A",231,"F","A231F",0.665707060187471
"A",231,"G","A231G",0.0276302471858219
"A",231,"H","A231H",-1.02699280030431
"A",231,"I","A231I",-2.56123182271732
"A",231,"K","A231K",-0.485906821057389
"A",231,"L","A231L",0.577995439377807
"A",231,"M","A231M",0.608647849368243
"A",231,"N","A231N",-0.0578972926640019
"A",231,"P","A231P",0.446653418105842
"A",231,"Q","A231Q",0.1716146962883
"A",231,"R","A231R",0.958657908016735
"A",231,"S","A231S",0.0754375338412405
"A",231,"T","A231T",-0.0600961698037941
"A",231,"V","A231V",0.937108367739075
"A",231,"W","A231W",1.67512881098327
"A",231,"Y","A231Y",4.47735986462392
"P",232,"A","P232A",-0.532313084774238
"P",232,"C","P232C",-1.88776900659797
"P",232,"D","P232D",-0.689316303477173
"P",232,"E","P232E",2.05918963999811
"P",232,"F","P232F",2.50925454550434
"P",232,"G","P232G",-1.56592403802811
"P",232,"H","P232H",-1.21042036014123
"P",232,"I","P232I",0.946460324650177
"P",232,"K","P232K",0.480022867198167
"P",232,"L","P232L",1.96524567360897
"P",232,"M","P232M",2.10913832470905
"P",232,"N","P232N",-2.20158216090608
"P",232,"Q","P232Q",1.0516117107137
"P",232,"R","P232R",-0.927188876649559
"P",232,"S","P232S",0.0793234399364384
"P",232,"T","P232T",0.580443640289354
"P",232,"V","P232V",0.864243348131922
"P",232,"W","P232W",-0.526363544574471
"P",232,"Y","P232Y",-0.315567726761535
"E",233,"A","E233A",-1.94610904511544
"E",233,"C","E233C",-1.59631794073397
"E",233,"D","E233D",-0.406407674473922
"E",233,"F","E233F",-1.64126363667138
"E",233,"G","E233G",-0.272796347754695
"E",233,"H","E233H",-0.651029935247812
"E",233,"I","E233I",0.575351636246891
"E",233,"K","E233K",-1.00832461770196
"E",233,"L","E233L",-0.653815847138375
"E",233,"M","E233M",-1.38244455991874
"E",233,"N","E233N",-1.13024318138075
"E",233,"P","E233P",-0.253752815495991
"E",233,"Q","E233Q",-1.17487752998139
"E",233,"R","E233R",-0.253149919291968
"E",233,"S","E233S",1.58410732142926
"E",233,"T","E233T",-0.819495528390991
"E",233,"V","E233V",-0.356923119054185
"E",233,"W","E233W",2.10737694350177
"E",233,"Y","E233Y",2.04733112333524
"L",234,"A","L234A",0.513427242189574
"L",234,"C","L234C",0.372952299200181
"L",234,"D","L234D",-0.00645819043207585
"L",234,"E","L234E",-2.00425232852975
"L",234,"F","L234F",1.11585908730981
"L",234,"G","L234G",-2.7069952087429
"L",234,"H","L234H",-0.564668821389905
"L",234,"I","L234I",0.807806583354156
"L",234,"K","L234K",-3.27538233674894
"L",234,"M","L234M",-1.57489212063358
"L",234,"N","L234N",3.21924206305
"L",234,"P","L234P",0.123319807824729
"L",234,"Q","L234Q",-1.35930210520777
"L",234,"R","L234R",0.321729785230051
"L",234,"S","L234S",-0.992272611925003
"L",234,"T","L234T",-0.434264607883358
"L",234,"W","L234W",3.68190324068338
"L",234,"Y","L234Y",-0.999914318693514
"L",235,"A","L235A",-0.173830554939641
"L",235,"C","L235C",1.26424613992291
"L",235,"D","L235D",0.491205016838184
"L",235,"E","L235E",0.861805712593643
"L",235,"F","L235F",0.775476684974318
"L",235,"G","L235G",-2.61121281361154
"L",235,"H","L235H",2.51238416278347
"L",235,"I","L235I",-2.10008986894107
"L",235,"K","L235K",-2.35449914633156
"L",235,"M","L235M",-1.08580221247101
"L",235,"N","L235N",2.18728607980187
"L",235,"P","L235P",1.15352959794402
"L",235,"Q","L235Q",-0.594111262713154
"L",235,"R","L235R",-0.540353387870429
"L",235,"S","L235S",-0.161129215219442
"L",235,"T","L235T",3.18627650611537
"L",235,"V","L235V",0.852163830452603
"L",235,"W","L235W",-0.50724498490102
"L",235,"Y","L235Y",-0.718495101063453
"G",236,"A","G236A",1.78797844165396
"G",236,"C","G236C",0.267840293297011
"G",236,"D","G236D",1.50814440092927
"G",236,"E","G236E",1.14648910924244
"G",236,"F","G236F",0.0324875820835869
"G",236,"H","G236H",1.2120743983603
"G",236,"I","G236I",-0.00444053878797315
"G",236,"K","G236K",2.89865864280693
"G",236,"L","G236L",-3.55115055983211
"G",236,"M","G236M",2.80337019035631
"G",236,"N","G236N",-0.155079512637468
"G",236,"P","G236P",-1.51621818297727
"G",236,"Q","G236Q",-0.994399970162443
"G",236,"R","G236R",0.725912389850176
"G",236,"S","G236S",1.60271530170883
"G",236,"T","G236T",0.332250744697324
"G",236,"V","G236V",-1.20417611991922
"G",236,"W","G236W",0.4502583970796
"G",236,"Y","G236Y",-0.805271648496672
"G",237,"A","G237A",1.82869673403289
"G",237,"C","G237C",-0.161018473167082
"G",237,"D","G237D",1.33840967946411
"G",237,"E","G237E",-2.27178495187792
"G",237,"F","G237F",-0.11483992125573
"G",237,"H","G237H",-0.717092024238635
"G",237,"I","G237I",0.263553547763129
"G",237,"K","G237K",-2.47137513276052
"G",237,"L","G237L",-0.739821763352947
"G",237,"M","G237M",1.37390317811339
"G",237,"N","G237N",0.9065500957955
"G",237,"P","G237P",0.341077542921227
"G",237,"Q","G237Q",-1.61597188697724
"G",237,"R","G237R",-1.31437507184673
"G",237,"S","G237S",0.459536003255274
"G",237,"T","G237T",-1.03792414709487
"G",237,"V","G237V",-0.819428154652249
"G",237,"W","G237W",1.52464224385669
"G",237,"Y","G237Y",-0.102182516884925
"P",238,"A","P238A",-0.214622609121989
"P",238,"C","P238C",2.07392836094303
"P",238,"D","P238D",3.73600067451308
"P",238,"E","P238E",-0.0992566295641566
"P",238,"F","P238F",1.98025135480142
"P",238,"G","P238G",2.07331717833192
"P",238,"H","P238H",-1.81520531481038
"P",238,"I","P238I",-0.617406346919784
"P",238,"K","P238K",0.844401029864358
"P",238,"L","P238L",-0.741253195018055
"P",238,"M","P238M",-1.28710665195439
"P",238,"N","P238N",-3.37185743262521
"P",238,"Q","P238Q",-0.648851209017765
"P",238,"R","P238R",-0.106446252112377
"P",238,"S","P238S",-0.148755595876354
"P",238,"T","P238T",-0.520141400619985
"P",238,"V","P238V",-1.76485312142749
"P",238,"W","P238W",-4.2309751320372
"P",238,"Y","P238Y",-1.04637450098989
"S",239,"A","S239A",-0.198215221578595
"S",239,"C","S239C",0.716848426483125
"S",239,"D","S239D",1.47867204666885
"S",239,"E","S239E",0.582431707570981
"S",239,"F","S239F",-0.557995762426374
"S",239,"G","S239G",2.7251044954318
"S",239,"H","S239H",1.0903217582737
"S",239,"I","S239I",-0.0688022609663625
"S",239,"K","S239K",3.41520441375239
"S",239,"L","S239L",-0.456893628962917
"S",239,"M","S239M",-0.746236257056541
"S",239,"N","S239N",1.0504618806987
"S",239,"P","S239P",-0.626850497835055
"S",239,"Q","S239Q",-0.722743203238837
"S",239,"R","S239R",-0.417308063904246
"S",239,"T","S239T",0.785080991474933
"S",239,"V","S239V",-0.868766370873935
"S",239,"W","S239W",-0.552463299659589
"S",239,"Y","S239Y",-0.874140486789662
"V",240,"A","V240A",-0.767309189102464
"V",240,"C","V240C",-1.11296190393743
"V",240,"D","V240D",-0.370948635052995
"V",240,"E","V240E",0.0195099894313712
"V",240,"F","V240F",-1.12653624604069
"V",240,"G","V240G",-1.41621689266343
"V",240,"H","V240H",-2.63174245628244
"V",240,"I","V240I",-0.72675442675161
"V",240,"K","V240K",0.602779792552258
"V",240,"L","V240L",-0.878406875779347
"V",240,"M","V240M",0.202685637145168
"V",240,"N","V240N",-3.41845643979683
"V",240,"P","V240P",-1.14315316570488
"V",240,"Q","V240Q",-1.03071854650703
"V",240,"R","V240R",-0.361985885054657
"V",240,"S","V240S",-0.112315968010561
"V",240,"T","V240T",0.505961559663152
"V",240,"W","V240W",-0.0483258312805244
"V",240,"Y","V240Y",-0.842600488694691
"F",241,"A","F241A",-1.45632843958672
"F",241,"C","F241C",-0.832566936716739
"F",241,"D","F241D",-1.27094857355481
"F",241,"E","F241E",-0.78680977264298
"F",241,"G","F241G",-2.21582150185642
"F",241,"H","F241H",-1.35730500711867
"F",241,"I","F241I",0.209165739615489
"F",241,"K","F241K",-3.34867630523136
"F",241,"L","F241L",-1.05116763007176
"F",241,"M","F241M",0.193600987172261
"F",241,"N","F241N",-1.19321495506817
"F",241,"P","F241P",0.74197628845065
"F",241,"Q","F241Q",-0.617600959744259
"F",241,"R","F241R",-0.901425155200122
"F",241,"S","F241S",-1.54819623678729
"F",241,"T","F241T",-0.983531740232846
"F",241,"V","F241V",-1.9957144433213
"F",241,"W","F241W",0.250004823788954
"F",241,"Y","F241Y",1.21489806840203
"L",242,"F","L242F",0.392588284493598
"F",243,"A","F243A",-0.0542899205250553
"F",243,"C","F243C",0.575732035010632
"F",243,"D","F243D",-0.121669610909316
"F",243,"E","F243E",-0.928414923863281
"F",243,"H","F243H",1.11385240816294
"F",243,"I","F243I",-0.156914501878592
"F",243,"K","F243K",-1.79197013443411
"F",243,"L","F243L",-0.265772269093576
"F",243,"M","F243M",0.165777974108086
"F",243,"N","F243N",-0.489567105496218
"F",243,"P","F243P",0.464599718475195
"F",243,"Q","F243Q",-0.570102048497289
"F",243,"R","F243R",-2.03162114782319
"F",243,"S","F243S",0.0727863047607056
"F",243,"T","F243T",-1.79185593094013
"F",243,"V","F243V",0.869351687988466
"F",243,"W","F243W",0.591794064437
"F",243,"Y","F243Y",-0.185421218168507
"P",244,"A","P244A",-0.261261766936947
"P",244,"C","P244C",0.472045879678289
"P",244,"D","P244D",0.417092861310515
"P",244,"E","P244E",-0.105080927098975
"P",244,"F","P244F",0.662907702125544
"P",244,"G","P244G",-1.33661627418435
"P",244,"H","P244H",0.337645905703803
"P",244,"I","P244I",0.0567604104409018
"P",244,"K","P244K",-1.03328315024499
"P",244,"L","P244L",-0.463751380216161
"P",244,"M","P244M",0.55307150514014
"P",244,"N","P244N",-0.900920095058409
"P",244,"Q","P244Q",-0.225477233265231
"P",244,"R","P244R",-0.384768329547404
"P",244,"S","P244S",-0.342974167031061
"P",244,"T","P244T",-0.935851427301689
"P",244,"V","P244V",-1.30156058239657
"P",244,"W","P244W",-0.104780392344647
"P",244,"Y","P244Y",-0.479225324020947
"P",245,"A","P245A",-1.23091254329535
"P",245,"C","P245C",-0.0592967833963373
"P",245,"D","P245D",0.493257457243069
"P",245,"E","P245E",-1.01365392418925
"P",245,"F","P245F",0.433984082120175
"P",245,"G","P245G",-0.364566563642617
"P",245,"H","P245H",-1.750918164225
"P",245,"I","P245I",-0.0337775921392357
"P",245,"K","P245K",1.92440282569643
"P",245,"L","P245L",0.12318112499545
"P",245,"M","P245M",1.72379129712334
"P",245,"N","P245N",0.0837563447729886
"P",245,"Q","P245Q",0.0200834039463019
"P",245,"R","P245R",-0.165307441313193
"P",245,"S","P245S",2.24259102324179
"P",245,"T","P245T",-0.181306704388397
"P",245,"V","P245V",0.18253287788699
"P",245,"W","P245W",0.587802813377299
"P",245,"Y","P245Y",0.931416073640282
"K",246,"A","K246A",0.628271727919609
"K",246,"C","K246C",0.11046061679791
"K",246,"D","K246D",0.182611953555148
"K",246,"E","K246E",-0.317027212657219
"K",246,"F","K246F",0.633699989407447
"K",246,"G","K246G",1.1232215456205
"K",246,"H","K246H",-0.0456706871963243
"K",246,"I","K246I",0.235917655705503
"K",246,"L","K246L",-1.06269007468128
"K",246,"M","K246M",0.811622027193322
"K",246,"N","K246N",-0.209357451388174
"K",246,"P","K246P",0.363938307442541
"K",246,"Q","K246Q",-0.0269815777120941
"K",246,"R","K246R",0.891746125475008
"K",246,"S","K246S",-0.46856566503427
"K",246,"T","K246T",0.679649633181435
"K",246,"V","K246V",-0.0189773607762837
"K",246,"W","K246W",1.17936391456366
"K",246,"Y","K246Y",0.443772175007837
"P",247,"A","P247A",1.50784960986686
"P",247,"C","P247C",0.237094664768899
"P",247,"D","P247D",0.899551437375346
"P",247,"E","P247E",0.908914484884078
"P",247,"F","P247F",1.4277302582048
"P",247,"G","P247G",0.547352505239947
"P",247,"H","P247H",2.63292816296099
"P",247,"I","P247I",2.24035360545492
"P",247,"K","P247K",0.174268501483609
"P",247,"L","P247L",1.87937889035203
"P",247,"M","P247M",-0.182771844302746
"P",247,"N","P247N",2.47117874221903
"P",247,"Q","P247Q",1.45491508151374
"P",247,"R","P247R",0.281319641685936
"P",247,"S","P247S",0.0653090852563481
"P",247,"T","P247T",0.868140896598851
"P",247,"V","P247V",-1.3291290191463
"P",247,"W","P247W",-0.0920212109015002
"P",247,"Y","P247Y",2.76821187320674
"K",248,"A","K248A",0.174990779529859
"K",248,"C","K248C",-0.333073717492273
"K",248,"D","K248D",0.0201357409771534
"K",248,"E","K248E",-0.27386215900661
"K",248,"F","K248F",0.141250858093988
"K",248,"G","K248G",-0.0663905191151197
"K",248,"H","K248H",1.88255038590668
"K",248,"I","K248I",0.190404284933418
"K",248,"L","K248L",0.24267746262525
"K",248,"M","K248M",0.426167097775729
"K",248,"N","K248N",-0.140470263363227
"K",248,"P","K248P",0.442290267657333
"K",248,"Q","K248Q",-1.19940396993531
"K",248,"R","K248R",-0.543467927716106
"K",248,"S","K248S",-1.57045962700577
"K",248,"T","K248T",-1.36233521923128
"K",248,"V","K248V",-0.0335678336696505
"K",248,"W","K248W",-0.637488350043994
"K",248,"Y","K248Y",-1.07067043016601
"D",249,"A","D249A",0.624824830926146
"D",249,"C","D249C",0.876256040661593
"D",249,"E","D249E",-1.34867422136141
"D",249,"F","D249F",-0.277013672359174
"D",249,"G","D249G",-0.850591955766142
"D",249,"H","D249H",-1.08322535537863
"D",249,"I","D249I",1.47228776552237
"D",249,"K","D249K",-1.26396000565433
"D",249,"L","D249L",0.167688535070291
"D",249,"M","D249M",-2.67475129620934
"D",249,"N","D249N",0.565041669508953
"D",249,"P","D249P",0.722860019839122
"D",249,"Q","D249Q",-0.0801440060443509
"D",249,"R","D249R",0.557558835556927
"D",249,"S","D249S",-1.08070278570402
"D",249,"T","D249T",-0.183345922577661
"D",249,"V","D249V",-0.741769655148656
"D",249,"W","D249W",-0.238019090206143
"D",249,"Y","D249Y",-0.0283070022304117
"T",250,"A","T250A",0.371884392992653
"T",250,"C","T250C",1.91326032751399
"T",250,"D","T250D",-0.810296200175146
"T",250,"E","T250E",-0.678251312273486
"T",250,"F","T250F",1.6722261453189
"T",250,"G","T250G",1.37516614062444
"T",250,"H","T250H",2.6158178183472
"T",250,"I","T250I",-0.190675784045719
"T",250,"K","T250K",-0.582112532047706
"T",250,"L","T250L",-1.05083601600522
"T",250,"M","T250M",0.416916800221405
"T",250,"N","T250N",0.736800911000728
"T",250,"P","T250P",-0.707590156537367
"T",250,"Q","T250Q",-0.150171246323648
"T",250,"R","T250R",1.03889259116246
"T",250,"S","T250S",0.5225926563724
"T",250,"V","T250V",-0.848782478856768
"T",250,"W","T250W",1.39676651088307
"T",250,"Y","T250Y",1.73138145121778
"L",251,"A","L251A",0.128019713041617
"L",251,"C","L251C",1.6184675904104
"L",251,"D","L251D",2.30737170673366
"L",251,"E","L251E",-1.9918053401509
"L",251,"F","L251F",0.632247492440024
"L",251,"G","L251G",-1.63610396138535
"L",251,"H","L251H",-0.498187549210703
"L",251,"I","L251I",-0.965109035460872
"L",251,"K","L251K",-1.71072149630661
"L",251,"M","L251M",3.13363146059476
"L",251,"N","L251N",0.206629268525089
"L",251,"P","L251P",0.359935721628716
"L",251,"Q","L251Q",-0.934088936848691
"L",251,"R","L251R",-3.64061882271418
"L",251,"S","L251S",-0.838267626248177
"L",251,"T","L251T",0.351696879243774
"L",251,"V","L251V",0.251943147741949
"L",251,"W","L251W",-0.826077624399285
"L",251,"Y","L251Y",4.15459515575902
"M",252,"A","M252A",2.15350516045522
"M",252,"C","M252C",1.28515738016939
"M",252,"D","M252D",0.415652583667956
"M",252,"E","M252E",-1.42756796882415
"M",252,"F","M252F",-0.688900776114894
"M",252,"G","M252G",0.467284465835307
"M",252,"H","M252H",0.0966379409116659
"M",252,"I","M252I",-1.80629423694543
"M",252,"K","M252K",0.622895695889878
"M",252,"L","M252L",-0.518820738864828
"M",252,"N","M252N",-0.61325891757534
"M",252,"P","M252P",-0.298743435952366
"M",252,"Q","M252Q",-0.682957698771632
"M",252,"R","M252R",-1.32221810267466
"M",252,"S","M252S",0.0758370576610486
"M",252,"T","M252T",-0.779545140998739
"M",252,"V","M252V",-1.30057132722323
"M",252,"W","M252W",-1.09867994244074
"M",252,"Y","M252Y",-1.81207736907564
"I",253,"A","I253A",0.73005693650714
"I",253,"C","I253C",1.0186579025456
"I",253,"D","I253D",-0.0515597082713333
"I",253,"E","I253E",1.03462201328524
"I",253,"F","I253F",0.920514119159369
"I",253,"G","I253G",-0.886696897349629
"I",253,"H","I253H",0.638013150709441
"I",253,"K","I253K",-0.0287784796499048
"I",253,"L","I253L",0.0194153779811933
"I",253,"M","I253M",-0.722013401804094
"I",253,"N","I253N",0.250128925990649
"I",253,"P","I253P",1.59814003889365
"I",253,"Q","I253Q",0.419387853900821
"I",253,"R","I253R",-0.388869090062651
"I",253,"S","I253S",-0.252456626381972
"I",253,"T","I253T",-1.02059456529368
"I",253,"V","I253V",0.00539083069304664
"I",253,"W","I253W",-0.865813041583841
"I",253,"Y","I253Y",0.478526483834003
"S",254,"A","S254A",0.685664885211027
"S",254,"C","S254C",1.02275627964809
"S",254,"D","S254D",0.556193586992999
"S",254,"E","S254E",0.397522517268619
"S",254,"F","S254F",0.687593902072884
"S",254,"G","S254G",-0.356941820999856
"S",254,"H","S254H",1.42842418374921
"S",254,"I","S254I",-0.187865750588975
"S",254,"K","S254K",2.2719739667633
"S",254,"L","S254L",0.746812440688553
"S",254,"M","S254M",0.0376230787279666
"S",254,"N","S254N",-1.08563408295186
"S",254,"P","S254P",-0.539037075924901
"S",254,"Q","S254Q",0.592996802932838
"S",254,"R","S254R",0.486955044396387
"S",254,"T","S254T",0.0836278102635557
"S",254,"V","S254V",0.143027851917333
"S",254,"W","S254W",-1.47474524395634
"S",254,"Y","S254Y",-1.11310196174555
"R",255,"A","R255A",0.184303792038147
"R",255,"C","R255C",1.09527674619551
"R",255,"D","R255D",1.16205431169061
"R",255,"E","R255E",-0.0344287407421074
"R",255,"F","R255F",-0.53600040861082
"R",255,"G","R255G",0.417746737418929
"R",255,"H","R255H",1.4856563183025
"R",255,"I","R255I",0.650113722813366
"R",255,"K","R255K",-0.223186651297825
"R",255,"L","R255L",-0.205811811697721
"R",255,"M","R255M",-1.31677727163588
"R",255,"N","R255N",0.640056165463127
"R",255,"P","R255P",0.123662319512536
"R",255,"Q","R255Q",0.314783118364255
"R",255,"S","R255S",-0.149871736250707
"R",255,"T","R255T",-0.478511296854407
"R",255,"V","R255V",-0.0616006843608024
"R",255,"W","R255W",-0.205083253902643
"R",255,"Y","R255Y",-0.715917590647773
"T",256,"A","T256A",0.130825179934212
"T",256,"C","T256C",0.218397983110259
"T",256,"D","T256D",0.409555734259464
"T",256,"E","T256E",0.364031400126222
"T",256,"F","T256F",0.412199672021522
"T",256,"G","T256G",-1.3175341511851
"T",256,"H","T256H",0.144087722921661
"T",256,"I","T256I",-0.247629802186596
"T",256,"K","T256K",0.388791885084287
"T",256,"L","T256L",1.19477037953882
"T",256,"M","T256M",0.524585459319174
"T",256,"N","T256N",1.03416956830544
"T",256,"P","T256P",0.572465514281423
"T",256,"Q","T256Q",-2.7029010339374
"T",256,"R","T256R",-0.413229638990656
"T",256,"S","T256S",0.123863068568127
"T",256,"V","T256V",0.125880381432176
"T",256,"W","T256W",0.795597352582947
"T",256,"Y","T256Y",-0.11409197855516
"P",257,"A","P257A",0.455996778598159
"P",257,"C","P257C",-0.520750645083307
"P",257,"D","P257D",-2.27440913110113
"P",257,"E","P257E",-0.631935048992799
"P",257,"F","P257F",-0.921583604644685
"P",257,"G","P257G",-2.45132636310266
"P",257,"H","P257H",-0.951455733111019
"P",257,"I","P257I",-0.537516297584307
"P",257,"K","P257K",-0.695754362334736
"P",257,"L","P257L",-1.15612856223879
"P",257,"M","P257M",-0.479964218337257
"P",257,"N","P257N",-0.0326010865905031
"P",257,"Q","P257Q",-0.794560470140504
"P",257,"R","P257R",-0.586874022970039
"P",257,"S","P257S",-0.826035397580971
"P",257,"T","P257T",-1.62995609700445
"P",257,"V","P257V",-1.39668481265178
"P",257,"W","P257W",0.295954856979018
"P",257,"Y","P257Y",0.49870615214496
"E",258,"A","E258A",-2.55478861209855
"E",258,"C","E258C",-0.36796969992942
"E",258,"D","E258D",0.880831940044601
"E",258,"F","E258F",0.405950713443894
"E",258,"G","E258G",0.0940694983277321
"E",258,"H","E258H",0.293860951657484
"E",258,"I","E258I",-0.051633000202444
"E",258,"K","E258K",1.81453411917681
"E",258,"L","E258L",1.36461429828364
"E",258,"M","E258M",1.01227874123505
"E",258,"N","E258N",1.70304335889933
"E",258,"P","E258P",-0.717481818148007
"E",258,"Q","E258Q",0.361376675604457
"E",258,"R","E258R",1.46060613955375
"E",258,"S","E258S",0.189148800975558
"E",258,"T","E258T",-0.950747069416661
"E",258,"V","E258V",-1.30805231377414
"E",258,"W","E258W",0.718862439581465
"E",258,"Y","E258Y",0.119307386306455
"V",259,"A","V259A",-0.0278749048287243
"V",259,"C","V259C",0.0789958155030619
"V",259,"D","V259D",-0.696428877786843
"V",259,"E","V259E",0.198552089999282
"V",259,"F","V259F",-1.17385958977543
"V",259,"G","V259G",0.889882572083764
"V",259,"H","V259H",-0.352268500486642
"V",259,"I","V259I",-0.0750196502114041
"V",259,"K","V259K",-0.166521298028117
"V",259,"L","V259L",-1.12146357730591
"V",259,"M","V259M",0.142538073272566
"V",259,"N","V259N",1.59012182492242
"V",259,"P","V259P",0.41738913380656
"V",259,"Q","V259Q",0.16225714536686
"V",259,"R","V259R",1.17464571262319
"V",259,"S","V259S",1.00650766131637
"V",259,"T","V259T",-0.5083875195173
"V",259,"W","V259W",1.2376009502252
"V",259,"Y","V259Y",-0.584218601442423
"T",260,"A","T260A",0.729849085894525
"T",260,"C","T260C",-1.34390514003868
"T",260,"D","T260D",0.426084670221422
"T",260,"E","T260E",-0.5012287530066
"T",260,"F","T260F",0.224334501722019
"T",260,"G","T260G",-0.82767613744789
"T",260,"H","T260H",-0.732499969061205
"T",260,"I","T260I",0.681968145364402
"T",260,"K","T260K",-0.354472072483242
"T",260,"L","T260L",-1.80131430741481
"T",260,"M","T260M",-0.736025428715963
"T",260,"N","T260N",-0.247508812781837
"T",260,"P","T260P",-1.71218114964315
"T",260,"Q","T260Q",-0.920236779501517
"T",260,"R","T260R",0.491983792158487
"T",260,"S","T260S",-0.147067288432862
"T",260,"V","T260V",0.10079846105018
"T",260,"W","T260W",-0.689108712827492
"T",260,"Y","T260Y",0.947510518692942
"C",261,"A","C261A",0.124322171733376
"C",261,"D","C261D",-1.21075180126606
"C",261,"E","C261E",2.43827754417079
"C",261,"F","C261F",1.2380416193242
"C",261,"G","C261G",0.427008783705211
"C",261,"H","C261H",0.871402056495714
"C",261,"I","C261I",-0.0252613978403232
"C",261,"K","C261K",-0.189149984021109
"C",261,"L","C261L",3.31422727856838
"C",261,"M","C261M",0.00297551611603281
"C",261,"N","C261N",0.00461105860950472
"C",261,"P","C261P",0.517681225757679
"C",261,"Q","C261Q",0.182525442862688
"C",261,"R","C261R",-0.193436474884177
"C",261,"S","C261S",0.526788124734374
"C",261,"T","C261T",-1.42403879002126
"C",261,"V","C261V",0.325318375498978
"C",261,"W","C261W",-0.562805689120608
"C",261,"Y","C261Y",1.04376634465928
"V",262,"A","V262A",0.413480782587596
"V",262,"C","V262C",0.272085740320151
"V",262,"D","V262D",-0.681163082076282
"V",262,"E","V262E",-3.50703129425856
"V",262,"F","V262F",0.195064514252525
"V",262,"G","V262G",-1.8022301712749
"V",262,"H","V262H",0.177655734591294
"V",262,"I","V262I",-1.0498147712383
"V",262,"K","V262K",0.620090111429525
"V",262,"L","V262L",-0.188197233431856
"V",262,"M","V262M",0.0925455391827135
"V",262,"N","V262N",-0.186997221941356
"V",262,"P","V262P",-0.306931516503838
"V",262,"Q","V262Q",-0.248686304332922
"V",262,"R","V262R",0.209629939534015
"V",262,"S","V262S",-0.501141468241439
"V",262,"T","V262T",0.646503405369156
"V",262,"W","V262W",0.460390948487347
"V",262,"Y","V262Y",-0.816072631116837
"V",263,"A","V263A",0.315298687858901
"V",263,"C","V263C",0.775678018240681
"V",263,"D","V263D",2.24284358071997
"V",263,"E","V263E",-0.914821234714538
"V",263,"F","V263F",1.98025869590417
"V",263,"G","V263G",-0.00384849683366907
"V",263,"H","V263H",1.85408112739884
"V",263,"I","V263I",-0.625722252831666
"V",263,"K","V263K",-1.18913401097086
"V",263,"L","V263L",-1.32275401934634
"V",263,"M","V263M",-1.36959862878826
"V",263,"N","V263N",1.00950837625524
"V",263,"P","V263P",1.77775547220156
"V",263,"Q","V263Q",0.0578628103286995
"V",263,"R","V263R",0.607940047867297
"V",263,"S","V263S",-0.528650222403815
"V",263,"T","V263T",-1.40668778281793
"V",263,"W","V263W",-0.204220272050967
"V",263,"Y","V263Y",-2.42835464716714
"V",264,"A","V264A",0.180212778491853
"V",264,"C","V264C",-0.0448309715509997
"V",264,"D","V264D",-1.48196460108555
"V",264,"E","V264E",1.82049769446203
"V",264,"F","V264F",0.693874100865333
"V",264,"G","V264G",2.06216654915996
"V",264,"H","V264H",-1.40388488616509
"V",264,"I","V264I",-0.23777043603372
"V",264,"K","V264K",-1.27478480277059
"V",264,"L","V264L",-0.0566220108683485
"V",264,"M","V264M",0.868173070773058
"V",264,"N","V264N",1.42591504163699
"V",264,"P","V264P",-2.27578694152712
"V",264,"Q","V264Q",-0.688798796210718
"V",264,"R","V264R",-0.152874279747881
"V",264,"S","V264S",0.945201353804699
"V",264,"T","V264T",1.2153761735716
"V",264,"W","V264W",0.600142353729023
"V",264,"Y","V264Y",-0.101117642619193
"D",265,"A","D265A",-0.522462349562553
"D",265,"C","D265C",-1.38447107299122
"D",265,"E","D265E",-1.85088434831513
"D",265,"F","D265F",-0.0470720434743439
"D",265,"G","D265G",-0.812024746244083
"D",265,"H","D265H",-0.594193380786261
"D",265,"I","D265I",0.0238006792889456
"D",265,"K","D265K",0.201735968106265
"D",265,"L","D265L",1.3983729542727
"D",265,"M","D265M",1.89266594554326
"D",265,"N","D265N",0.326270807908152
"D",265,"P","D265P",0.515034160254236
"D",265,"Q","D265Q",0.344200415579648
"D",265,"R","D265R",2.74141701327761
"D",265,"S","D265S",-0.156944325922373
"D",265,"T","D265T",1.17435180648682
"D",265,"V","D265V",-0.498641080355365
"D",265,"W","D265W",-0.289418693854296
"D",265,"Y","D265Y",-0.375045331980446
"V",266,"A","V266A",-0.409509690316974
"V",266,"C","V266C",0.539615346676002
"V",266,"D","V266D",-0.994381301150348
"V",266,"E","V266E",-1.54920746200458
"V",266,"F","V266F",0.379576849784483
"V",266,"G","V266G",-2.90822509775902
"V",266,"H","V266H",-0.547171941608129
"V",266,"I","V266I",-3.00727558551601
"V",266,"K","V266K",0.403406928563147
"V",266,"L","V266L",1.4138900983722
"V",266,"M","V266M",-0.966333881093948
"V",266,"N","V266N",-0.223331557406365
"V",266,"P","V266P",-2.04635365027487
"V",266,"Q","V266Q",-0.908870859204463
"V",266,"R","V266R",0.80219333941168
"V",266,"S","V266S",-1.07351171121355
"V",266,"T","V266T",0.0569213746504237
"V",266,"W","V266W",-0.828376111408055
"V",266,"Y","V266Y",-0.763054652938889
"S",267,"A","S267A",0.942539856917407
"S",267,"C","S267C",0.465978106387843
"S",267,"D","S267D",-0.373597157386723
"S",267,"E","S267E",-2.59462142481464
"S",267,"F","S267F",0.340652457318925
"S",267,"G","S267G",-0.605411691318766
"S",267,"H","S267H",-1.69820597497326
"S",267,"I","S267I",1.32579527256551
"S",267,"K","S267K",-0.00384733325355607
"S",267,"L","S267L",1.82689870176308
"S",267,"M","S267M",0.887639050446993
"S",267,"N","S267N",-0.825487294549047
"S",267,"P","S267P",1.6582844500792
"S",267,"Q","S267Q",-1.34880596914541
"S",267,"R","S267R",0.429321131285413
"S",267,"T","S267T",-0.211103301908525
"S",267,"V","S267V",-0.158247545652389
"S",267,"W","S267W",0.442930135568568
"S",267,"Y","S267Y",-1.07748999669719
"H",268,"A","H268A",1.43684704938356
"H",268,"C","H268C",0.490812522403019
"H",268,"D","H268D",1.13086340979222
"H",268,"E","H268E",1.27821505691203
"H",268,"F","H268F",0.524164023851309
"H",268,"G","H268G",1.12248063930129
"H",268,"I","H268I",-0.758722346934911
"H",268,"K","H268K",-1.00060307155616
"H",268,"L","H268L",-0.412135979346283
"H",268,"M","H268M",-1.08311742568106
"H",268,"N","H268N",2.85564097514443
"H",268,"P","H268P",-0.0947844769784598
"H",268,"Q","H268Q",0.653216225037656
"H",268,"R","H268R",0.622182738377625
"H",268,"S","H268S",3.62835160131393
"H",268,"T","H268T",-0.617703944306732
"H",268,"V","H268V",0.802916866514964
"H",268,"W","H268W",0.198928153277855
"H",268,"Y","H268Y",0.662736045529617
"E",269,"A","E269A",-2.11007881744741
"E",269,"C","E269C",2.84879710867369
"E",269,"D","E269D",-0.570728476652232
"E",269,"F","E269F",-0.828942244668118
"E",269,"G","E269G",-0.951672322665515
"E",269,"H","E269H",0.0453329374758033
"E",269,"I","E269I",1.07996534972072
"E",269,"K","E269K",1.15095267662885
"E",269,"L","E269L",1.35068099926635
"E",269,"M","E269M",-1.86452407265234
"E",269,"N","E269N",-2.52885673687508
"E",269,"P","E269P",0.475254360757864
"E",269,"Q","E269Q",-1.6207239628841
"E",269,"R","E269R",-1.14029498721253
"E",269,"S","E269S",0.212275794387019
"E",269,"T","E269T",0.330621721891564
"E",269,"V","E269V",-2.70131035563786
"E",269,"W","E269W",0.749716373066655
"E",269,"Y","E269Y",-0.304997767751102
"D",270,"A","D270A",-1.6554229214739
"D",270,"C","D270C",-1.20124941153412
"D",270,"E","D270E",-0.806637894126682
"D",270,"F","D270F",-1.4155723796233
"D",270,"G","D270G",-0.48180729268358
"D",270,"H","D270H",-0.845373785964669
"D",270,"I","D270I",-1.159021481815
"D",270,"K","D270K",1.67714311461844
"D",270,"L","D270L",-1.84228380095456
"D",270,"M","D270M",-0.381304201730291
"D",270,"N","D270N",-2.18424297165334
"D",270,"P","D270P",1.2078057853436
"D",270,"Q","D270Q",-1.49796220206723
"D",270,"R","D270R",0.667660480180535
"D",270,"S","D270S",-1.5051820216497
"D",270,"T","D270T",0.264041707531378
"D",270,"V","D270V",-0.352525763232079
"D",270,"W","D270W",-0.595110546100858
"D",270,"Y","D270Y",-0.249126043027266
"P",271,"A","P271A",-0.507935103701212
"P",271,"C","P271C",-1.62657871507766
"P",271,"D","P271D",0.0419817029323674
"P",271,"E","P271E",1.41401746736395
"P",271,"F","P271F",-1.82957016459405
"P",271,"G","P271G",1.18977433428636
"P",271,"H","P271H",1.13925551378507
"P",271,"I","P271I",-1.94425804243287
"P",271,"K","P271K",-0.360832380973624
"P",271,"L","P271L",-0.120850308297491
"P",271,"M","P271M",-0.24181199522359
"P",271,"N","P271N",0.385116805007525
"P",271,"Q","P271Q",-0.82947967479763
"P",271,"R","P271R",-1.05719872430406
"P",271,"S","P271S",-0.37802357668141
"P",271,"T","P271T",-1.74864976343915
"P",271,"V","P271V",-1.38516069910283
"P",271,"W","P271W",-0.505993873787529
"P",271,"Y","P271Y",-1.50096169078683
"E",272,"A","E272A",-0.521939829260509
"E",272,"C","E272C",1.05631638158678
"E",272,"D","E272D",-1.27278832384144
"E",272,"F","E272F",-0.59168952891722
"E",272,"G","E272G",-0.534298618712944
"E",272,"I","E272I",-0.231198237089298
"E",272,"K","E272K",0.725357620551558
"E",272,"L","E272L",-0.924777584410346
"E",272,"M","E272M",0.110319705233605
"E",272,"N","E272N",-0.307387360162873
"E",272,"P","E272P",1.65692207638087
"E",272,"Q","E272Q",0.117935092453248
"E",272,"R","E272R",-0.172054595480673
"E",272,"S","E272S",0.126665194227308
"E",272,"T","E272T",-0.568301421653686
"E",272,"V","E272V",-0.961656933420053
"E",272,"W","E272W",-1.55436625759909
"E",272,"Y","E272Y",-1.13876775494311
"V",273,"A","V273A",0.295868889728912
"V",273,"C","V273C",1.38266322510997
"V",273,"D","V273D",-1.31497022643658
"V",273,"E","V273E",-2.18199538320103
"V",273,"F","V273F",1.41293320681527
"V",273,"G","V273G",0.27074819838445
"V",273,"H","V273H",0.656898191803916
"V",273,"I","V273I",-4.68696035447288e-05
"V",273,"K","V273K",2.06777684496756
"V",273,"L","V273L",1.49852724805446
"V",273,"M","V273M",2.10605657524035
"V",273,"N","V273N",-0.630212082367084
"V",273,"P","V273P",0.970974578069768
"V",273,"Q","V273Q",1.07411175531871
"V",273,"R","V273R",0.813265666050762
"V",273,"S","V273S",0.289791797962278
"V",273,"T","V273T",1.77392343990927
"V",273,"W","V273W",0.580021836689659
"V",273,"Y","V273Y",-1.19819030140125
"K",274,"A","K274A",-0.148018605528426
"K",274,"C","K274C",0.628845962138181
"K",274,"D","K274D",-0.363744789508565
"K",274,"E","K274E",-1.21186522355865
"K",274,"F","K274F",0.827779424740668
"K",274,"G","K274G",-0.569163442475503
"K",274,"H","K274H",-1.03927471345935
"K",274,"I","K274I",0.235106555871828
"K",274,"L","K274L",-0.362522988050102
"K",274,"M","K274M",-0.303307245396626
"K",274,"N","K274N",-0.803835207735529
"K",274,"P","K274P",1.03171657315792
"K",274,"Q","K274Q",-0.829689415811899
"K",274,"R","K274R",-0.618619356744076
"K",274,"S","K274S",0.982585198745641
"K",274,"T","K274T",-0.189039438920508
"K",274,"V","K274V",-0.0769180539291813
"K",274,"W","K274W",-0.908704199122266
"K",274,"Y","K274Y",1.47219891633497
"F",275,"A","F275A",0.759183148783076
"F",275,"C","F275C",2.22509539990272
"F",275,"D","F275D",-0.72069524459029
"F",275,"E","F275E",2.14776543178868
"F",275,"G","F275G",-1.72660215967354
"F",275,"H","F275H",-1.78627839113441
"F",275,"I","F275I",0.592440980942888
"F",275,"K","F275K",-0.71640197284691
"F",275,"L","F275L",-0.62080173846024
"F",275,"M","F275M",1.3692097220765
"F",275,"N","F275N",-0.184683984647217
"F",275,"P","F275P",0.701454116486845
"F",275,"Q","F275Q",0.0801208531126382
"F",275,"R","F275R",0.071042125281903
"F",275,"S","F275S",0.973866745963651
"F",275,"T","F275T",0.282536312719788
"F",275,"V","F275V",2.66224979174999
"F",275,"W","F275W",0.0489777707495481
"F",275,"Y","F275Y",-0.362030181761317
"N",276,"A","N276A",0.642626774721044
"N",276,"C","N276C",-1.53418102996944
"N",276,"D","N276D",0.504002408105225
"N",276,"E","N276E",0.20938741776249
"N",276,"F","N276F",-0.5072497651384
"N",276,"G","N276G",-0.692559062557229
"N",276,"H","N276H",0.469049562163212
"N",276,"I","N276I",-1.44429285026409
"N",276,"K","N276K",-0.425802246590958
"N",276,"L","N276L",-0.543387939050695
"N",276,"M","N276M",-0.585897517034807
"N",276,"P","N276P",-0.602252178538605
"N",276,"Q","N276Q",-0.660399716489302
"N",276,"R","N276R",-1.77576342904802
"N",276,"S","N276S",0.739535520995929
"N",276,"T","N276T",0.0637959683495872
"N",276,"V","N276V",-0.973902200515012
"N",276,"W","N276W",0.098220546169057
"N",276,"Y","N276Y",-0.0938513275697124
"W",277,"A","W277A",-0.00366307761629403
"W",277,"C","W277C",0.483934332744565
"W",277,"D","W277D",1.34512299235379
"W",277,"E","W277E",1.49708954657107
"W",277,"F","W277F",0.741713316039841
"W",277,"G","W277G",-0.3986490514001
"W",277,"H","W277H",0.671607461685206
"W",277,"I","W277I",2.18529100459104
"W",277,"K","W277K",0.0895847720970754
"W",277,"L","W277L",-0.213687933398106
"W",277,"M","W277M",0.166834583484254
"W",277,"N","W277N",-0.339833903552361
"W",277,"P","W277P",0.0637749152514394
"W",277,"Q","W277Q",0.318947701931342
"W",277,"R","W277R",0.307975775679255
"W",277,"S","W277S",1.13394628155838
"W",277,"T","W277T",-1.33023856413484
"W",277,"V","W277V",-0.654057741213269
"W",277,"Y","W277Y",-0.919305785932617
"Y",278,"A","Y278A",-0.0374336307961438
"Y",278,"C","Y278C",-0.343360792396149
"Y",278,"D","Y278D",1.03950816734988
"Y",278,"E","Y278E",0.476570540228329
"Y",278,"F","Y278F",-0.362114838544554
"Y",278,"G","Y278G",-2.3118346770041
"Y",278,"H","Y278H",-0.043217158860885
"Y",278,"I","Y278I",2.20684595086067
"Y",278,"K","Y278K",-0.649688338899849
"Y",278,"L","Y278L",0.113659883937983
"Y",278,"M","Y278M",0.394030863220223
"Y",278,"N","Y278N",0.256476828584514
"Y",278,"P","Y278P",0.955264498562795
"Y",278,"Q","Y278Q",0.254416190942499
"Y",278,"R","Y278R",0.049383645181203
"Y",278,"S","Y278S",-0.0218000578539285
"Y",278,"T","Y278T",-0.378464718153917
"Y",278,"V","Y278V",-0.472812560389034
"Y",278,"W","Y278W",-0.256540930424394
"V",279,"A","V279A",0.992447821376861
"V",279,"C","V279C",0.200144890880358
"V",279,"D","V279D",0.809865288797923
"V",279,"E","V279E",-0.110468084156403
"V",279,"F","V279F",-0.874886724365443
"V",279,"G","V279G",1.78851787369144
"V",279,"H","V279H",-3.05413241452758
"V",279,"I","V279I",-0.134619851108505
"V",279,"K","V279K",-0.160401546820645
"V",279,"L","V279L",0.0818623740443493
"V",279,"M","V279M",-0.272074606934245
"V",279,"N","V279N",0.238584938915475
"V",279,"P","V279P",-0.443500021293583
"V",279,"Q","V279Q",0.738730296020377
"V",279,"R","V279R",-0.270803561696615
"V",279,"S","V279S",0.825849945390021
"V",279,"T","V279T",0.735850292706767
"V",279,"W","V279W",-0.11522665494457
"V",279,"Y","V279Y",0.707555430376182
"D",280,"A","D280A",-0.491467947975121
"D",280,"C","D280C",0.108975157319226
"D",280,"E","D280E",0.881384763248318
"D",280,"F","D280F",-0.10684190587518
"D",280,"G","D280G",0.227498852661444
"D",280,"H","D280H",1.03987976853693
"D",280,"I","D280I",1.75868747816203
"D",280,"K","D280K",1.0674925268322
"D",280,"L","D280L",0.582707324701456
"D",280,"M","D280M",-0.107737233970084
"D",280,"N","D280N",-0.441098030075022
"D",280,"P","D280P",2.85303395815359
"D",280,"Q","D280Q",-1.36838065502677
"D",280,"R","D280R",0.742056298288164
"D",280,"S","D280S",1.21610728761472
"D",280,"T","D280T",-0.0780479047619231
"D",280,"V","D280V",0.288133630255207
"D",280,"W","D280W",0.446191105649
"D",280,"Y","D280Y",-0.590983051383661
"G",281,"A","G281A",-0.00388869921119462
"G",281,"C","G281C",-1.35659091733678
"G",281,"D","G281D",0.673831512323076
"G",281,"E","G281E",0.0634141949465615
"G",281,"F","G281F",-0.0446980718757407
"G",281,"H","G281H",0.501786807108253
"G",281,"I","G281I",0.364105331036015
"G",281,"K","G281K",0.296434147398315
"G",281,"L","G281L",-0.176482093512852
"G",281,"M","G281M",-0.0956726504727196
"G",281,"N","G281N",1.26004398555387
"G",281,"P","G281P",0.713444240433207
"G",281,"Q","G281Q",-1.70753157230673
"G",281,"R","G281R",0.821050269118784
"G",281,"S","G281S",1.09851574090611
"G",281,"T","G281T",1.92690796231086
"G",281,"V","G281V",-0.620709517636883
"G",281,"W","G281W",-0.44363992857323
"G",281,"Y","G281Y",0.318739565400649
"V",282,"A","V282A",1.38277801792714
"V",282,"C","V282C",0.536171042209201
"V",282,"D","V282D",0.261313971631509
"V",282,"E","V282E",-0.838398761594561
"V",282,"F","V282F",0.204572787942888
"V",282,"G","V282G",-0.306166756525636
"V",282,"H","V282H",-0.138721353269908
"V",282,"I","V282I",0.630492200457596
"V",282,"K","V282K",-1.53749031395023
"V",282,"L","V282L",-1.32059946233624
"V",282,"M","V282M",0.340564354266565
"V",282,"N","V282N",-0.0909506481844088
"V",282,"P","V282P",0.0771070236459847
"V",282,"Q","V282Q",-0.157366779663703
"V",282,"R","V282R",-1.48619850904877
"V",282,"S","V282S",-0.317044095532628
"V",282,"T","V282T",1.41308035049646
"V",282,"W","V282W",0.652807973058009
"V",282,"Y","V282Y",-0.031797628785351
"E",283,"A","E283A",0.770557284794197
"E",283,"C","E283C",-0.492279431659075
"E",283,"D","E283D",0.000243969053046962
"E",283,"F","E283F",0.184183857742212
"E",283,"G","E283G",1.42948583262304
"E",283,"H","E283H",0.987700238096341
"E",283,"I","E283I",-0.619859190983934
"E",283,"K","E283K",-0.516644135563745
"E",283,"L","E283L",-0.00879400763961635
"E",283,"M","E283M",0.0146945808945541
"E",283,"N","E283N",0.296507724079152
"E",283,"P","E283P",0.0990922407474672
"E",283,"Q","E283Q",0.445221773803822
"E",283,"R","E283R",0.806003079700284
"E",283,"S","E283S",0.250608204919075
"E",283,"T","E283T",-0.597766400266658
"E",283,"V","E283V",-1.22996818146737
"E",283,"W","E283W",-0.701958805298254
"E",283,"Y","E283Y",0.627407970349526
"V",284,"A","V284A",-0.39246311846047
"V",284,"C","V284C",0.323611027896772
"V",284,"D","V284D",0.198421802501602
"V",284,"E","V284E",0.382894399743315
"V",284,"F","V284F",-0.336875467927601
"V",284,"G","V284G",0.282210761246159
"V",284,"H","V284H",-0.00758311926288872
"V",284,"I","V284I",0.604600300273652
"V",284,"K","V284K",0.831027959416606
"V",284,"L","V284L",-0.310973857116911
"V",284,"M","V284M",-0.205323725148562
"V",284,"N","V284N",-0.209818557020039
"V",284,"P","V284P",0.0236218361776378
"V",284,"Q","V284Q",0.51946248763797
"V",284,"R","V284R",1.02513014484853
"V",284,"S","V284S",1.63657979578043
"V",284,"T","V284T",-0.264748059810361
"V",284,"W","V284W",1.06543059819836
"V",284,"Y","V284Y",0.0984781075544423
"H",285,"A","H285A",-0.206798865647856
"H",285,"C","H285C",0.398094803443268
"H",285,"D","H285D",-0.150476163617223
"H",285,"E","H285E",1.05802350891089
"H",285,"F","H285F",-0.797972827765304
"H",285,"G","H285G",-0.764653806141928
"H",285,"I","H285I",0.541470828037529
"H",285,"K","H285K",0.328346916418532
"H",285,"L","H285L",3.26415942071638
"H",285,"M","H285M",0.182079460573812
"H",285,"N","H285N",0.627517229715273
"H",285,"P","H285P",-0.282351109013024
"H",285,"Q","H285Q",0.161006071719143
"H",285,"R","H285R",0.0683492890392839
"H",285,"S","H285S",0.38918759148866
"H",285,"T","H285T",-0.327375065072348
"H",285,"V","H285V",-0.824978116198548
"H",285,"W","H285W",-1.91277917154691
"H",285,"Y","H285Y",-0.771497271276434
"N",286,"A","N286A",-0.0186111544161351
"N",286,"C","N286C",-0.175605239148628
"N",286,"D","N286D",-1.49426709305174
"N",286,"E","N286E",0.105446016793093
"N",286,"F","N286F",0.138138076599986
"N",286,"G","N286G",-0.401564032267349
"N",286,"H","N286H",0.802209759466284
"N",286,"I","N286I",0.182798183740357
"N",286,"K","N286K",1.10811906174991
"N",286,"L","N286L",-0.188045730282441
"N",286,"M","N286M",1.29861059515622
"N",286,"P","N286P",2.45640295343182
"N",286,"Q","N286Q",0.681253659321002
"N",286,"R","N286R",0.774608721554935
"N",286,"S","N286S",-2.53955944766295
"N",286,"T","N286T",-1.68836366477699
"N",286,"V","N286V",-0.0516932809865432
"N",286,"W","N286W",0.481038656561424
"N",286,"Y","N286Y",-0.938117411386268
"A",287,"C","A287C",-0.568911602795091
"A",287,"D","A287D",-0.659825167549899
"A",287,"E","A287E",2.43153883011682
"A",287,"F","A287F",0.994764708241559
"A",287,"G","A287G",0.703344452772207
"A",287,"H","A287H",-0.470668194144891
"A",287,"I","A287I",-0.556507090683699
"A",287,"K","A287K",0.149674567361262
"A",287,"L","A287L",-0.984625863669412
"A",287,"M","A287M",-0.324738834914533
"A",287,"N","A287N",0.327825055762431
"A",287,"P","A287P",1.28901976716977
"A",287,"Q","A287Q",0.91772546206317
"A",287,"R","A287R",0.226516561317426
"A",287,"S","A287S",0.655807557196961
"A",287,"T","A287T",0.156629669675244
"A",287,"V","A287V",0.135367321408073
"A",287,"W","A287W",-0.100755882927271
"A",287,"Y","A287Y",0.477143525621588
"K",288,"A","K288A",0.0557777074481731
"K",288,"C","K288C",-0.318586429753177
"K",288,"D","K288D",0.00122967065676096
"K",288,"E","K288E",-0.166484900429606
"K",288,"F","K288F",-0.798544810214144
"K",288,"G","K288G",0.270767745655537
"K",288,"H","K288H",1.11601156694352
"K",288,"I","K288I",0.754149219197959
"K",288,"L","K288L",-0.213431295269451
"K",288,"M","K288M",-0.0769838199892867
"K",288,"N","K288N",0.379349891616444
"K",288,"P","K288P",0.00924048551942261
"K",288,"Q","K288Q",-0.894756906618201
"K",288,"R","K288R",-0.332858488021458
"K",288,"S","K288S",-0.394416336768581
"K",288,"T","K288T",0.0678478615688027
"K",288,"V","K288V",0.135739563442207
"K",288,"W","K288W",-0.912816856688599
"K",288,"Y","K288Y",-0.254814029572837
"T",289,"A","T289A",0.21747903841418
"T",289,"C","T289C",-2.71055638179996
"T",289,"D","T289D",-0.391782320561288
"T",289,"E","T289E",0.351076128689151
"T",289,"F","T289F",1.54453686285193
"T",289,"G","T289G",-0.164579223663111
"T",289,"H","T289H",1.23213537292484
"T",289,"I","T289I",-0.833166148094355
"T",289,"K","T289K",0.130929269568555
"T",289,"L","T289L",-0.368768474575963
"T",289,"M","T289M",0.133214759364598
"T",289,"N","T289N",0.537356094669209
"T",289,"P","T289P",0.280721999341799
"T",289,"Q","T289Q",-1.06642141198078
"T",289,"R","T289R",-0.457272179728583
"T",289,"S","T289S",0.459305122327009
"T",289,"V","T289V",-0.144087380392293
"T",289,"W","T289W",1.02390609082435
"T",289,"Y","T289Y",-0.493330690857519
"K",290,"A","K290A",-0.277023858080049
"K",290,"C","K290C",1.17368890597607
"K",290,"D","K290D",-0.193067722209438
"K",290,"E","K290E",0.745411932884331
"K",290,"F","K290F",-0.0955959473380738
"K",290,"G","K290G",1.35329607967707
"K",290,"H","K290H",0.0786540973895978
"K",290,"I","K290I",-0.643497780209562
"K",290,"L","K290L",-1.27734723936981
"K",290,"M","K290M",-0.332476404713602
"K",290,"N","K290N",0.752984219396891
"K",290,"P","K290P",0.856563952834105
"K",290,"Q","K290Q",0.0551598907616501
"K",290,"R","K290R",-0.496864333404082
"K",290,"S","K290S",0.65142351337636
"K",290,"T","K290T",1.6369484717179
"K",290,"V","K290V",-0.495854018275463
"K",290,"W","K290W",-0.0867678938324777
"K",290,"Y","K290Y",2.29119523101878
"P",291,"A","P291A",0.261526269654656
"P",291,"C","P291C",-0.021171932541442
"P",291,"D","P291D",-0.765825182943817
"P",291,"E","P291E",0.298127207408445
"P",291,"F","P291F",-0.066931958168989
"P",291,"G","P291G",0.125802370435128
"P",291,"H","P291H",0.749576263934492
"P",291,"I","P291I",-0.276042191295487
"P",291,"K","P291K",0.087246861742362
"P",291,"L","P291L",0.215202729407837
"P",291,"M","P291M",-1.79377463005156
"P",291,"N","P291N",-0.619171652674609
"P",291,"Q","P291Q",-0.260377033393438
"P",291,"R","P291R",-1.19360932865028
"P",291,"S","P291S",-1.18204622976389
"P",291,"T","P291T",-0.200770635533219
"P",291,"V","P291V",-0.942646814957816
"P",291,"W","P291W",0.0819721118063076
"P",291,"Y","P291Y",-0.365414036342636
"R",292,"A","R292A",-1.26795646992853
"R",292,"C","R292C",1.20711928382674
"R",292,"D","R292D",-0.315913909329255
"R",292,"E","R292E",-0.595306961129831
"R",292,"F","R292F",0.00454014516474631
"R",292,"G","R292G",-0.610340758212295
"R",292,"H","R292H",-2.61978336711376
"R",292,"I","R292I",-0.642788015274614
"R",292,"K","R292K",-0.487992378158301
"R",292,"L","R292L",-0.313808520802482
"R",292,"M","R292M",-0.521030333747478
"R",292,"N","R292N",-0.683075589560891
"R",292,"P","R292P",-0.197169497213346
"R",292,"Q","R292Q",-0.554439881404283
"R",292,"S","R292S",-0.34248836801496
"R",292,"T","R292T",0.0338571919858207
"R",292,"V","R292V",-0.684589144400964
"R",292,"W","R292W",-0.462131565607771
"R",292,"Y","R292Y",-0.108234851792317
"E",293,"A","E293A",0.478252965056044
"E",293,"C","E293C",0.0561650937928641
"E",293,"D","E293D",0.178782959538134
"E",293,"F","E293F",-0.187074439026372
"E",293,"G","E293G",-1.14466133279974
"E",293,"H","E293H",0.849266223698113
"E",293,"I","E293I",-1.0611987358418
"E",293,"K","E293K",-0.222548567021469
"E",293,"L","E293L",-0.292600471826604
"E",293,"M","E293M",-0.247233156053787
"E",293,"N","E293N",-0.246837850853315
"E",293,"P","E293P",0.371521842203296
"E",293,"Q","E293Q",-1.26394138383142
"E",293,"R","E293R",-0.603325312438401
"E",293,"S","E293S",-2.62500811881965
"E",293,"T","E293T",-0.207402555061943
"E",293,"V","E293V",-0.449954460089534
"E",293,"W","E293W",-0.52425372634992
"E",293,"Y","E293Y",0.0658906281291353
"E",294,"A","E294A",-0.692475850254946
"E",294,"C","E294C",0.52123333737605
"E",294,"D","E294D",-0.869563680149279
"E",294,"F","E294F",0.931038723371463
"E",294,"G","E294G",0.721975858452155
"E",294,"H","E294H",-0.110149848782219
"E",294,"I","E294I",2.54453160002786
"E",294,"K","E294K",0.320752359849147
"E",294,"L","E294L",1.67961310432331
"E",294,"M","E294M",-0.478857102451237
"E",294,"N","E294N",0.778986089335718
"E",294,"P","E294P",0.81078906354045
"E",294,"Q","E294Q",-0.273745600411272
"E",294,"R","E294R",1.22055339270618
"E",294,"S","E294S",1.44667425690228
"E",294,"T","E294T",-0.0814708314644835
"E",294,"V","E294V",-0.263683753463777
"E",294,"W","E294W",0.799121250557623
"E",294,"Y","E294Y",0.675590985102023
"Q",295,"A","Q295A",-0.527250661090809
"Q",295,"C","Q295C",0.367918288940068
"Q",295,"D","Q295D",-1.45952809195241
"Q",295,"E","Q295E",-0.161816145635048
"Q",295,"F","Q295F",-1.15660294965397
"Q",295,"G","Q295G",-3.42972918938787
"Q",295,"H","Q295H",-0.598448514856317
"Q",295,"I","Q295I",-0.376809970810396
"Q",295,"K","Q295K",-1.38239197546742
"Q",295,"L","Q295L",2.36921130536032
"Q",295,"M","Q295M",1.58271234061502
"Q",295,"N","Q295N",-0.906739522032319
"Q",295,"P","Q295P",0.58328048909488
"Q",295,"R","Q295R",-0.526851725997473
"Q",295,"S","Q295S",-2.31657977227453
"Q",295,"T","Q295T",-0.0975848352497838
"Q",295,"V","Q295V",-0.622845090082908
"Q",295,"W","Q295W",-1.31460413336524
"Q",295,"Y","Q295Y",-2.70507240847727
"Y",296,"A","Y296A",-0.327141329130449
"Y",296,"C","Y296C",-0.0371370440192137
"Y",296,"D","Y296D",-0.0080842806293168
"Y",296,"E","Y296E",-0.181889781128785
"Y",296,"F","Y296F",-0.799503846307494
"Y",296,"G","Y296G",0.201395664109773
"Y",296,"H","Y296H",0.942181424208471
"Y",296,"I","Y296I",-0.995494629191303
"Y",296,"K","Y296K",-0.0329644964918575
"Y",296,"L","Y296L",1.7856536327067
"Y",296,"M","Y296M",0.496858406630695
"Y",296,"N","Y296N",0.0211293141366874
"Y",296,"P","Y296P",-2.52955491036104
"Y",296,"Q","Y296Q",0.0818134652822269
"Y",296,"R","Y296R",-0.479728170854412
"Y",296,"S","Y296S",0.389231444152614
"Y",296,"T","Y296T",0.0364107696416714
"Y",296,"V","Y296V",-0.445595134690695
"Y",296,"W","Y296W",-0.99414683625477
"N",297,"A","N297A",-6.75963700638431
"N",297,"C","N297C",-1.48510384827129
"N",297,"D","N297D",-1.02824005393649
"N",297,"E","N297E",-2.85564136663643
"N",297,"F","N297F",-1.70035141563714
"N",297,"G","N297G",-1.71400083993493
"N",297,"H","N297H",0.862502460214716
"N",297,"I","N297I",0.392470405751373
"N",297,"K","N297K",-2.68752065040662
"N",297,"L","N297L",-0.904110096229383
"N",297,"M","N297M",0.00365013841749815
"N",297,"P","N297P",0.365878935914751
"N",297,"Q","N297Q",-1.10743978087091
"N",297,"R","N297R",-1.21685510386384
"N",297,"S","N297S",2.40438074007875
"N",297,"T","N297T",-2.01647694172702
"N",297,"V","N297V",1.95133472737903
"N",297,"W","N297W",2.04617969379731
"N",297,"Y","N297Y",0.126399415667073
"S",298,"A","S298A",-2.50611289587827
"S",298,"C","S298C",1.5061798130553
"S",298,"D","S298D",-3.35639240868347
"S",298,"E","S298E",-3.36292132955507
"S",298,"F","S298F",-2.64764375107783
"S",298,"G","S298G",0.278780912501316
"S",298,"I","S298I",-0.991834374959308
"S",298,"K","S298K",-0.0947712999358498
"S",298,"L","S298L",0.66246048234911
"S",298,"M","S298M",-0.170103261981421
"S",298,"N","S298N",-1.21061938641665
"S",298,"P","S298P",0.688894689380971
"S",298,"Q","S298Q",-0.875890692187527
"S",298,"R","S298R",-0.2833683453345
"S",298,"T","S298T",-2.21755958478039
"S",298,"V","S298V",-1.68428976065381
"S",298,"W","S298W",-1.30912653552942
"S",298,"Y","S298Y",-3.25885546384191
"T",299,"A","T299A",1.14541096936738
"T",299,"C","T299C",0.340696277938329
"T",299,"D","T299D",0.18163107554148
"T",299,"E","T299E",-1.42278725493146
"T",299,"F","T299F",-0.799276371526956
"T",299,"G","T299G",0.0480090405787462
"T",299,"H","T299H",-2.12868590139703
"T",299,"I","T299I",0.30100556610618
"T",299,"K","T299K",1.94364593146597
"T",299,"L","T299L",-1.61648830983804
"T",299,"M","T299M",-1.71984110992625
"T",299,"N","T299N",-1.49680646764045
"T",299,"P","T299P",0.0592623008575488
"T",299,"Q","T299Q",-1.45591065416921
"T",299,"R","T299R",1.69949427784274
"T",299,"S","T299S",0.217335719785069
"T",299,"V","T299V",-2.2090072591084
"T",299,"W","T299W",2.41028511199986
"T",299,"Y","T299Y",-1.67506023193126
"Y",300,"A","Y300A",-0.1615100753593
"Y",300,"C","Y300C",-0.428685267259251
"Y",300,"D","Y300D",-1.49556755179798
"Y",300,"E","Y300E",2.4611379701185
"Y",300,"F","Y300F",-0.411008321316955
"Y",300,"G","Y300G",-0.491349471408223
"Y",300,"H","Y300H",-1.99667946753683
"Y",300,"I","Y300I",-0.520693236243495
"Y",300,"K","Y300K",-0.070864268181845
"Y",300,"L","Y300L",0.412481671325663
"Y",300,"M","Y300M",1.32265088955477
"Y",300,"N","Y300N",-0.969167739114184
"Y",300,"P","Y300P",0.355942965472671
"Y",300,"Q","Y300Q",-1.0479510181405
"Y",300,"R","Y300R",-1.80427485337553
"Y",300,"S","Y300S",0.672997335328002
"Y",300,"T","Y300T",-0.204485607211201
"Y",300,"V","Y300V",0.105170738878469
"Y",300,"W","Y300W",0.173328138642519
"R",301,"A","R301A",0.0915177628477144
"R",301,"C","R301C",-0.863903710261593
"R",301,"D","R301D",-1.75633462914837
"R",301,"E","R301E",-3.01962433641522
"R",301,"F","R301F",1.41191610521831
"R",301,"G","R301G",-0.269521612906477
"R",301,"H","R301H",0.348231466218747
"R",301,"I","R301I",0.373396608987517
"R",301,"K","R301K",-3.46782153799581
"R",301,"L","R301L",-0.462920055961898
"R",301,"M","R301M",3.56516648145932
"R",301,"N","R301N",-0.844635731761148
"R",301,"P","R301P",0.290798304050831
"R",301,"Q","R301Q",-0.312849920362819
"R",301,"S","R301S",0.8332407791271
"R",301,"T","R301T",-0.152476630070465
"R",301,"V","R301V",0.108631937549166
"R",301,"W","R301W",0.401548559422585
"R",301,"Y","R301Y",1.02248369069692
"V",302,"A","V302A",-1.80336344834851
"V",302,"C","V302C",0.559075657703939
"V",302,"D","V302D",1.53662468626658
"V",302,"E","V302E",1.32292447789632
"V",302,"F","V302F",0.910148637303889
"V",302,"G","V302G",0.38055226758224
"V",302,"H","V302H",-0.32712545451272
"V",302,"I","V302I",-0.283348759001772
"V",302,"K","V302K",1.25358827914396
"V",302,"L","V302L",-0.132090386228423
"V",302,"M","V302M",0.775993001841556
"V",302,"N","V302N",2.84916858621188
"V",302,"P","V302P",-1.51552814259257
"V",302,"Q","V302Q",1.50259182308389
"V",302,"R","V302R",1.58433893835327
"V",302,"S","V302S",0.418889054375289
"V",302,"T","V302T",-0.0886395289492623
"V",302,"W","V302W",-1.21323980658221
"V",302,"Y","V302Y",-0.863098805302752
"V",303,"A","V303A",-1.32473875548004
"V",303,"C","V303C",-0.608233038457349
"V",303,"D","V303D",0.131722524043632
"V",303,"E","V303E",-0.646832059203537
"V",303,"F","V303F",0.305058825801548
"V",303,"G","V303G",0.606872296965366
"V",303,"H","V303H",-0.137777943131258
"V",303,"I","V303I",-0.277608648353244
"V",303,"K","V303K",-0.0928334666660686
"V",303,"L","V303L",-0.521311140188054
"V",303,"M","V303M",-0.806324405869174
"V",303,"N","V303N",-0.190920843545717
"V",303,"P","V303P",-0.346115184028898
"V",303,"Q","V303Q",0.302224298459277
"V",303,"R","V303R",-0.144791915884978
"V",303,"S","V303S",-0.995682899358972
"V",303,"T","V303T",0.0619610877853825
"V",303,"W","V303W",0.791973938624719
"V",303,"Y","V303Y",-0.542905719138071
"S",304,"A","S304A",-0.609077675221484
"S",304,"C","S304C",-1.87610345715099
"S",304,"D","S304D",-0.249240732974376
"S",304,"E","S304E",-1.27717408807671
"S",304,"F","S304F",0.782630509413181
"S",304,"G","S304G",-0.621177608547087
"S",304,"H","S304H",-0.496204254299415
"S",304,"I","S304I",-0.857562136610734
"S",304,"K","S304K",-0.526253350331453
"S",304,"L","S304L",1.07095023099184
"S",304,"M","S304M",-4.02670453028695
"S",304,"N","S304N",-1.08941047666239
"S",304,"P","S304P",-0.511637599478951
"S",304,"Q","S304Q",0.501889369344944
"S",304,"R","S304R",-0.135804352455264
"S",304,"T","S304T",0.274869595550976
"S",304,"V","S304V",-1.09088348701856
"S",304,"W","S304W",-1.0907443813748
"S",304,"Y","S304Y",0.724363961178288
"V",305,"A","V305A",0.00012523577978447
"V",305,"C","V305C",-0.0663211008301598
"V",305,"D","V305D",0.475702926573341
"V",305,"E","V305E",1.47999311874805
"V",305,"F","V305F",0.218304371001254
"V",305,"G","V305G",-0.325213096884827
"V",305,"H","V305H",-0.380648391490429
"V",305,"I","V305I",-0.24662067243624
"V",305,"K","V305K",-0.113238317439162
"V",305,"L","V305L",-0.558908343267643
"V",305,"M","V305M",-0.0643727729511789
"V",305,"N","V305N",1.55880221308589
"V",305,"P","V305P",0.069982953105804
"V",305,"Q","V305Q",-0.927144985385689
"V",305,"R","V305R",2.10236121056229
"V",305,"S","V305S",0.10456832845354
"V",305,"T","V305T",0.483667794920915
"V",305,"W","V305W",-0.0423672095643522
"V",305,"Y","V305Y",-0.311463006399503
"L",306,"A","L306A",-0.119824592900913
"L",306,"C","L306C",1.5771024132687
"L",306,"D","L306D",1.15117462770216
"L",306,"E","L306E",0.15967363296289
"L",306,"F","L306F",0.391313472804057
"L",306,"G","L306G",-0.153847862103001
"L",306,"H","L306H",-0.0911826483065052
"L",306,"I","L306I",0.28373987534529
"L",306,"K","L306K",0.52389175349819
"L",306,"M","L306M",-0.774470252522609
"L",306,"N","L306N",0.904885171568877
"L",306,"P","L306P",-0.854031820591027
"L",306,"Q","L306Q",0.578623576195696
"L",306,"R","L306R",-0.70388465366234
"L",306,"S","L306S",0.092923401221125
"L",306,"T","L306T",-0.357762322966397
"L",306,"V","L306V",-0.629641668158894
"L",306,"W","L306W",0.168471400240221
"L",306,"Y","L306Y",0.588014753631377
"T",307,"A","T307A",-0.440147131797106
"T",307,"C","T307C",-1.95171194136783
"T",307,"D","T307D",-0.130015663971342
"T",307,"E","T307E",0.342867682211322
"T",307,"F","T307F",0.419942400433877
"T",307,"G","T307G",0.279681265158623
"T",307,"H","T307H",-0.841865355898096
"T",307,"I","T307I",1.51044912001546
"T",307,"K","T307K",0.557835982612136
"T",307,"L","T307L",0.206703827734127
"T",307,"M","T307M",0.42030633701137
"T",307,"N","T307N",0.523649839742397
"T",307,"P","T307P",0.603965262386057
"T",307,"Q","T307Q",2.01255225963638
"T",307,"R","T307R",-0.36302396073963
"T",307,"S","T307S",-0.114729413931969
"T",307,"V","T307V",0.569098023869023
"T",307,"W","T307W",1.51367943058876
"T",307,"Y","T307Y",-0.386322890163908
"V",308,"A","V308A",-0.37349419937166
"V",308,"C","V308C",0.0908091616458788
"V",308,"D","V308D",-0.708274575498436
"V",308,"E","V308E",0.539194503188727
"V",308,"F","V308F",-0.880714169540075
"V",308,"G","V308G",-0.252805325023775
"V",308,"H","V308H",0.925398023998451
"V",308,"I","V308I",-0.702628002776468
"V",308,"K","V308K",-0.412998384647587
"V",308,"L","V308L",-1.77195392466559
"V",308,"M","V308M",0.0541119184078546
"V",308,"N","V308N",-0.687379763560563
"V",308,"P","V308P",-0.378484521112867
"V",308,"Q","V308Q",-0.339193099216163
"V",308,"R","V308R",0.0163132536649469
"V",308,"S","V308S",-0.0342621223318835
"V",308,"T","V308T",0.832939435645534
"V",308,"W","V308W",1.88806041383762
"V",308,"Y","V308Y",-0.306374857170845
"L",309,"A","L309A",0.308184562909127
"L",309,"C","L309C",-0.994682456056007
"L",309,"D","L309D",-2.16657267509425
"L",309,"E","L309E",-1.08941507318047
"L",309,"F","L309F",0.57161882470063
"L",309,"G","L309G",0.112787018547044
"L",309,"H","L309H",0.6533004257201
"L",309,"I","L309I",0.444611126974285
"L",309,"K","L309K",-0.79801425065113
"L",309,"M","L309M",0.792717015424683
"L",309,"N","L309N",-0.532577941301241
"L",309,"P","L309P",0.713738139288402
"L",309,"Q","L309Q",-1.521103487598
"L",309,"R","L309R",1.04898524204103
"L",309,"S","L309S",1.14646140367896
"L",309,"T","L309T",0.0401111591300827
"L",309,"V","L309V",-0.301766437273528
"L",309,"W","L309W",-0.104577494521503
"L",309,"Y","L309Y",-0.277820338187818
"H",310,"A","H310A",1.65934246344979
"H",310,"C","H310C",-0.564978846941395
"H",310,"D","H310D",-0.199590071974458
"H",310,"E","H310E",0.852012261038128
"H",310,"F","H310F",-0.985695098909916
"H",310,"G","H310G",-0.365044115964103
"H",310,"I","H310I",-0.41124473779371
"H",310,"K","H310K",-0.595935028579547
"H",310,"L","H310L",-1.58646742360368
"H",310,"M","H310M",-0.312741739997294
"H",310,"N","H310N",-0.513637100115183
"H",310,"P","H310P",0.0270136070891887
"H",310,"Q","H310Q",-0.530685664724538
"H",310,"R","H310R",-0.895366521821305
"H",310,"S","H310S",0.264389281565866
"H",310,"T","H310T",-0.707528677881393
"H",310,"V","H310V",0.39696685424392
"H",310,"W","H310W",-0.422390106955785
"H",310,"Y","H310Y",-0.912570431875695
"Q",311,"A","Q311A",0.145415124574955
"Q",311,"C","Q311C",-0.0269247902065395
"Q",311,"D","Q311D",0.337094339290971
"Q",311,"E","Q311E",-1.03185244624902
"Q",311,"F","Q311F",0.669085652989283
"Q",311,"G","Q311G",-0.531850871926991
"Q",311,"H","Q311H",0.268457804728483
"Q",311,"I","Q311I",-0.472664638227026
"Q",311,"K","Q311K",-0.0207453238236566
"Q",311,"L","Q311L",-0.507642798001518
"Q",311,"M","Q311M",-0.364762408950261
"Q",311,"N","Q311N",-1.97247021070136
"Q",311,"P","Q311P",-0.0495829082294911
"Q",311,"R","Q311R",2.26700105177988
"Q",311,"S","Q311S",1.14548756699022
"Q",311,"T","Q311T",0.0618163321906567
"Q",311,"V","Q311V",0.152398724600521
"Q",311,"W","Q311W",1.84447259342684
"Q",311,"Y","Q311Y",-1.23773660808991
"D",312,"A","D312A",0.842743402641169
"D",312,"C","D312C",0.212773560516376
"D",312,"E","D312E",-1.13628161000369
"D",312,"F","D312F",-0.3937878359128
"D",312,"G","D312G",-0.14467760942196
"D",312,"H","D312H",-0.684696852797863
"D",312,"I","D312I",0.405357001511721
"D",312,"K","D312K",0.466894639537423
"D",312,"L","D312L",0.335994530379378
"D",312,"M","D312M",-0.43930279277996
"D",312,"N","D312N",0.626754943326516
"D",312,"P","D312P",-0.661082716205575
"D",312,"Q","D312Q",-0.296014847060374
"D",312,"R","D312R",0.32264202311871
"D",312,"S","D312S",-0.525229177432762
"D",312,"T","D312T",-0.295347266470747
"D",312,"V","D312V",0.136425988893404
"D",312,"W","D312W",-0.513216861328866
"D",312,"Y","D312Y",0.951799667012993
"W",313,"A","W313A",0.336240697105268
"W",313,"C","W313C",-0.228452407462929
"W",313,"D","W313D",1.87133427896264
"W",313,"E","W313E",1.00102854407064
"W",313,"F","W313F",0.12129550611495
"W",313,"H","W313H",-0.445624552837121
"W",313,"I","W313I",0.405639168589268
"W",313,"K","W313K",0.379579967805745
"W",313,"L","W313L",2.35371552418011
"W",313,"M","W313M",0.325196054981269
"W",313,"N","W313N",-0.0897280022690971
"W",313,"P","W313P",1.26333960832513
"W",313,"Q","W313Q",-0.467872508091269
"W",313,"R","W313R",1.7491848277392
"W",313,"S","W313S",-0.0786656058944839
"W",313,"T","W313T",0.543917085845825
"W",313,"V","W313V",0.83290103186824
"W",313,"Y","W313Y",-0.267560217244742
"L",314,"A","L314A",0.389158112702978
"L",314,"C","L314C",-0.33184900051957
"L",314,"D","L314D",-0.511687491611014
"L",314,"E","L314E",-0.209466945139056
"L",314,"F","L314F",-1.15653182092222
"L",314,"G","L314G",0.0867550760349741
"L",314,"H","L314H",-1.28215345762002
"L",314,"I","L314I",-0.0521919900789141
"L",314,"K","L314K",0.432248096052959
"L",314,"M","L314M",0.0817615980597224
"L",314,"N","L314N",-0.165171643865115
"L",314,"P","L314P",0.21293105096077
"L",314,"Q","L314Q",-1.12784533859045
"L",314,"R","L314R",-0.902284019348923
"L",314,"S","L314S",-0.472251067784693
"L",314,"T","L314T",-0.210233377280842
"L",314,"V","L314V",-0.456939768515199
"L",314,"W","L314W",-0.734758318956527
"L",314,"Y","L314Y",-0.736607154100861
"N",315,"A","N315A",0.0826258044127721
"N",315,"C","N315C",0.311564676806565
"N",315,"D","N315D",-0.0675484614622507
"N",315,"E","N315E",0.827688131632437
"N",315,"F","N315F",-1.26333319727145
"N",315,"G","N315G",0.0717549981383129
"N",315,"H","N315H",0.973416199128173
"N",315,"I","N315I",-0.64212265395885
"N",315,"K","N315K",-2.33847582254003
"N",315,"L","N315L",-2.31706247469207
"N",315,"M","N315M",0.343309179079595
"N",315,"P","N315P",-0.365383322127462
"N",315,"Q","N315Q",-0.00688565824106259
"N",315,"R","N315R",-0.0803266491509902
"N",315,"S","N315S",0.542806053759463
"N",315,"T","N315T",0.574816035044082
"N",315,"V","N315V",0.185450819786937
"N",315,"W","N315W",0.69969893703497
"N",315,"Y","N315Y",1.20447677539479
"G",316,"A","G316A",0.408172498042121
"G",316,"C","G316C",-0.261917595129524
"G",316,"D","G316D",0.0910998861755206
"G",316,"E","G316E",0.0641361914339887
"G",316,"F","G316F",-2.44116356670227
"G",316,"H","G316H",1.0161208924045
"G",316,"I","G316I",-0.543470734864637
"G",316,"K","G316K",-0.899473399470288
"G",316,"L","G316L",0.324457274535986
"G",316,"M","G316M",0.399429182063748
"G",316,"N","G316N",0.815887891598999
"G",316,"P","G316P",0.382896191061373
"G",316,"Q","G316Q",-0.228557673705891
"G",316,"R","G316R",-0.0830283650623915
"G",316,"S","G316S",1.30894704855313
"G",316,"T","G316T",0.372754509107067
"G",316,"V","G316V",0.73603604688469
"G",316,"W","G316W",-1.02982290181052
"G",316,"Y","G316Y",-0.882177419099473
"K",317,"A","K317A",0.243965071093277
"K",317,"C","K317C",0.698744760604281
"K",317,"D","K317D",0.152849843911327
"K",317,"E","K317E",-0.371794815638262
"K",317,"F","K317F",0.0277209578130425
"K",317,"G","K317G",0.711054293313126
"K",317,"H","K317H",-0.303980642107722
"K",317,"I","K317I",-0.157190465829824
"K",317,"L","K317L",-0.289529921808529
"K",317,"M","K317M",-0.018123274253313
"K",317,"N","K317N",-0.120281722151332
"K",317,"P","K317P",-0.252139467463672
"K",317,"Q","K317Q",-0.325520802138553
"K",317,"R","K317R",-0.47020032669793
"K",317,"S","K317S",0.59348870427126
"K",317,"T","K317T",-0.433079504186598
"K",317,"V","K317V",0.548863384134281
"K",317,"W","K317W",-0.595213683347287
"K",317,"Y","K317Y",-1.09713391099185
"E",318,"A","E318A",0.185986275076337
"E",318,"C","E318C",0.0883275997410873
"E",318,"D","E318D",-0.0569715257924142
"E",318,"F","E318F",0.588502808308719
"E",318,"G","E318G",-0.617118533067653
"E",318,"H","E318H",-1.24638913528657
"E",318,"I","E318I",0.389152293665171
"E",318,"K","E318K",0.428712963026854
"E",318,"L","E318L",0.108747920418036
"E",318,"M","E318M",0.973667724461785
"E",318,"N","E318N",0.150754787216794
"E",318,"P","E318P",-0.272172962776309
"E",318,"Q","E318Q",0.588026624344377
"E",318,"R","E318R",-0.481018258229049
"E",318,"S","E318S",0.0420803803245627
"E",318,"T","E318T",-1.79393387406029
"E",318,"V","E318V",-1.52471788398715
"E",318,"W","E318W",0.415062942620279
"E",318,"Y","E318Y",1.39272732591743
"Y",319,"A","Y319A",0.423994552086116
"Y",319,"C","Y319C",0.72744336154856
"Y",319,"D","Y319D",0.238967150503792
"Y",319,"E","Y319E",0.578513500306365
"Y",319,"F","Y319F",0.37423443012415
"Y",319,"G","Y319G",-0.336620984731625
"Y",319,"H","Y319H",0.552946709818646
"Y",319,"I","Y319I",1.12640154860054
"Y",319,"K","Y319K",-0.0103729820301411
"Y",319,"L","Y319L",-0.0610114184893817
"Y",319,"M","Y319M",-1.65039875905426
"Y",319,"N","Y319N",0.592894571362116
"Y",319,"P","Y319P",0.399982219219506
"Y",319,"Q","Y319Q",-0.585364478015577
"Y",319,"R","Y319R",-0.25318006926671
"Y",319,"S","Y319S",1.58353488738477
"Y",319,"T","Y319T",-0.359119645499792
"Y",319,"V","Y319V",0.885574733394076
"Y",319,"W","Y319W",0.188661424196938
"K",320,"A","K320A",0.392386811269354
"K",320,"C","K320C",-0.140687578791184
"K",320,"D","K320D",-0.393054981735827
"K",320,"E","K320E",0.907620464619588
"K",320,"F","K320F",0.0724606679208117
"K",320,"G","K320G",-1.06627529599802
"K",320,"H","K320H",0.516433186072824
"K",320,"I","K320I",-0.943801434051158
"K",320,"L","K320L",0.390990046195237
"K",320,"M","K320M",-0.307718804802792
"K",320,"N","K320N",0.657140868182345
"K",320,"P","K320P",0.0259899184319181
"K",320,"Q","K320Q",0.522312011324394
"K",320,"R","K320R",-1.54032731813898
"K",320,"S","K320S",0.0448165662421892
"K",320,"T","K320T",0.334039255691755
"K",320,"V","K320V",-0.392617657973775
"K",320,"W","K320W",1.15172385717649
"K",320,"Y","K320Y",-0.7537466983783
"C",321,"A","C321A",1.6670420289306
"C",321,"D","C321D",2.16367195638873
"C",321,"E","C321E",-1.61107578738095
"C",321,"F","C321F",0.999534865219608
"C",321,"G","C321G",-0.394648944696128
"C",321,"H","C321H",-1.08424724536189
"C",321,"I","C321I",0.765363122663916
"C",321,"K","C321K",-1.14468164804811
"C",321,"L","C321L",-1.24004072799854
"C",321,"M","C321M",-0.114864573183039
"C",321,"N","C321N",0.0656003242257992
"C",321,"P","C321P",-1.05079492975442
"C",321,"Q","C321Q",-0.140011748202898
"C",321,"R","C321R",-0.385314757230404
"C",321,"S","C321S",0.453986893913776
"C",321,"T","C321T",0.65158722200289
"C",321,"V","C321V",-0.183663156834753
"C",321,"W","C321W",-0.439638688476598
"C",321,"Y","C321Y",1.49337383140857
"K",322,"A","K322A",0.215046729763375
"K",322,"C","K322C",-0.319474973429479
"K",322,"D","K322D",-0.012644670735164
"K",322,"E","K322E",1.45373088154304
"K",322,"F","K322F",-0.139071441307741
"K",322,"G","K322G",-0.638767427846581
"K",322,"H","K322H",-0.233079074173548
"K",322,"I","K322I",-0.281613906353634
"K",322,"L","K322L",0.357758846716988
"K",322,"M","K322M",1.47909969250651
"K",322,"N","K322N",0.230585180908042
"K",322,"P","K322P",1.66096263707148
"K",322,"Q","K322Q",-2.10075585457786
"K",322,"R","K322R",-1.19328249230338
"K",322,"S","K322S",-0.373736243021299
"K",322,"T","K322T",-0.638150242781505
"K",322,"V","K322V",1.14164686358116
"K",322,"W","K322W",1.10245956115539
"K",322,"Y","K322Y",0.206737189450282
"V",323,"A","V323A",0.254666724529587
"V",323,"C","V323C",0.527114713527476
"V",323,"D","V323D",-0.750600464515666
"V",323,"E","V323E",0.615090679981761
"V",323,"F","V323F",0.094913996920591
"V",323,"G","V323G",-0.470156990201738
"V",323,"H","V323H",0.850946192727173
"V",323,"I","V323I",1.34389770078536
"V",323,"K","V323K",1.99060553346961
"V",323,"L","V323L",-1.22522544196003
"V",323,"M","V323M",-1.02963292275302
"V",323,"N","V323N",0.312977398466597
"V",323,"P","V323P",-0.254009966045176
"V",323,"Q","V323Q",-0.111580090665661
"V",323,"R","V323R",0.553075354637907
"V",323,"S","V323S",0.308775943057519
"V",323,"T","V323T",-0.522974830447356
"V",323,"W","V323W",-2.56871979098575
"V",323,"Y","V323Y",-0.408626110332532
"S",324,"A","S324A",-0.175688446827252
"S",324,"C","S324C",0.931736366502866
"S",324,"D","S324D",-1.49237601344555
"S",324,"E","S324E",-0.806822548765643
"S",324,"F","S324F",-0.425876295252823
"S",324,"G","S324G",-0.54336635967027
"S",324,"H","S324H",-2.63456272420975
"S",324,"I","S324I",-0.0771125569553824
"S",324,"K","S324K",-0.60059596195906
"S",324,"L","S324L",-0.886924577304168
"S",324,"M","S324M",-0.975851088775796
"S",324,"N","S324N",-0.23994055427359
"S",324,"P","S324P",-0.780231712823565
"S",324,"Q","S324Q",0.547605014168183
"S",324,"R","S324R",-0.605925899439443
"S",324,"T","S324T",-0.63366411891204
"S",324,"V","S324V",0.158818451184836
"S",324,"W","S324W",-0.532482536330796
"S",324,"Y","S324Y",-0.403443196314308
"N",325,"A","N325A",-0.551702670375319
"N",325,"C","N325C",0.555230473577845
"N",325,"D","N325D",-1.89206589189955
"N",325,"E","N325E",-0.873117598090658
"N",325,"F","N325F",0.330857945535977
"N",325,"G","N325G",-0.186557680102159
"N",325,"H","N325H",-0.22217966603621
"N",325,"I","N325I",2.48550067715028
"N",325,"K","N325K",1.17025365608706
"N",325,"L","N325L",-0.120927642403938
"N",325,"M","N325M",-1.04090343717529
"N",325,"P","N325P",-0.276372048603369
"N",325,"Q","N325Q",-1.92634669179241
"N",325,"R","N325R",-0.253900038904222
"N",325,"S","N325S",0.785431535192263
"N",325,"T","N325T",-1.03288601948436
"N",325,"V","N325V",-0.32548924441758
"N",325,"W","N325W",-0.15015048657633
"N",325,"Y","N325Y",-0.769553314724562
"K",326,"A","K326A",3.68560511682983
"K",326,"C","K326C",1.14883562617148
"K",326,"D","K326D",-0.590688380662062
"K",326,"E","K326E",0.774204240690478
"K",326,"F","K326F",0.000447770452043376
"K",326,"G","K326G",-0.639699313619944
"K",326,"H","K326H",0.57300127818847
"K",326,"I","K326I",1.94931403507926
"K",326,"L","K326L",0.93129880365653
"K",326,"M","K326M",-1.00541561469245
"K",326,"N","K326N",0.149453500570446
"K",326,"P","K326P",1.56891020032104
"K",326,"Q","K326Q",2.25565067287186
"K",326,"R","K326R",0.0183843823744019
"K",326,"S","K326S",0.590328478283048
"K",326,"T","K326T",-0.326430814480443
"K",326,"V","K326V",1.66705955395921
"K",326,"W","K326W",3.64739752325721
"K",326,"Y","K326Y",2.86649229834714
"A",327,"C","A327C",-0.476971726287958
"A",327,"D","A327D",-0.770487464459661
"A",327,"E","A327E",0.389132947803769
"A",327,"F","A327F",-1.48210581600274
"A",327,"G","A327G",0.556775962795391
"A",327,"H","A327H",-1.85858599850177
"A",327,"I","A327I",-2.117824894056
"A",327,"K","A327K",1.13606333671709
"A",327,"L","A327L",-2.21227465915652
"A",327,"M","A327M",-1.11879106941477
"A",327,"N","A327N",0.46393698572022
"A",327,"P","A327P",-1.32136484085521
"A",327,"Q","A327Q",-0.500821531541704
"A",327,"R","A327R",-1.31378812776445
"A",327,"S","A327S",0.311591657660458
"A",327,"T","A327T",-0.122812674480024
"A",327,"V","A327V",-1.21083705511121
"A",327,"W","A327W",-2.9604015561791
"A",327,"Y","A327Y",-2.86186156933928
"L",328,"A","L328A",0.362834886774139
"L",328,"C","L328C",0.512130194948628
"L",328,"D","L328D",-0.675665089053197
"L",328,"E","L328E",0.131341639455327
"L",328,"F","L328F",1.42259724272456
"L",328,"G","L328G",0.40105875974049
"L",328,"H","L328H",0.0844760154068123
"L",328,"I","L328I",0.54021972913589
"L",328,"K","L328K",0.529031912937537
"L",328,"M","L328M",-0.318764745320644
"L",328,"N","L328N",-1.04588702812736
"L",328,"P","L328P",-0.657131137660081
"L",328,"Q","L328Q",0.235401197905177
"L",328,"R","L328R",1.25160234028265
"L",328,"S","L328S",0.687074702611098
"L",328,"T","L328T",0.710918871059346
"L",328,"V","L328V",0.14962215703696
"L",328,"W","L328W",-3.33915116917139
"L",328,"Y","L328Y",-0.0294567402307704
"P",329,"A","P329A",-1.48641328738373
"P",329,"C","P329C",1.25405655757296
"P",329,"D","P329D",2.88476480014061
"P",329,"E","P329E",0.274523017604521
"P",329,"F","P329F",-1.15367638080903
"P",329,"G","P329G",1.43093130567361
"P",329,"H","P329H",-0.941603569675147
"P",329,"I","P329I",-0.559115184749871
"P",329,"K","P329K",1.65997989771667
"P",329,"L","P329L",0.612456647406623
"P",329,"M","P329M",-1.72987230400046
"P",329,"N","P329N",-0.299262895814825
"P",329,"Q","P329Q",-0.391170881085945
"P",329,"R","P329R",0.604595650523351
"P",329,"S","P329S",-1.12662918219376
"P",329,"T","P329T",-0.730643075850271
"P",329,"V","P329V",0.976441802373955
"P",329,"W","P329W",-1.0719091332992
"P",329,"Y","P329Y",0.373571567038884
"A",330,"C","A330C",0.421922611603944
"A",330,"D","A330D",-2.08369717655109
"A",330,"E","A330E",-1.03701104334628
"A",330,"F","A330F",-0.179448018879284
"A",330,"G","A330G",-1.09116798961224
"A",330,"H","A330H",-0.489511488292433
"A",330,"I","A330I",-1.75840255189912
"A",330,"K","A330K",0.293379523798767
"A",330,"L","A330L",-1.98523699878961
"A",330,"M","A330M",0.182293011698444
"A",330,"N","A330N",-0.27255555794709
"A",330,"P","A330P",1.10447782255614
"A",330,"Q","A330Q",-1.08172388533896
"A",330,"R","A330R",-0.203775758181018
"A",330,"S","A330S",0.153082664670191
"A",330,"T","A330T",-0.578540635244014
"A",330,"V","A330V",-2.46965345156025
"A",330,"W","A330W",-1.2231897480808
"A",330,"Y","A330Y",-1.07081000281912
"P",331,"A","P331A",-0.143775764843058
"P",331,"C","P331C",-0.826355241571774
"P",331,"D","P331D",-0.244277018059543
"P",331,"E","P331E",1.34847127732162
"P",331,"F","P331F",0.603529862091116
"P",331,"G","P331G",-2.06274098917788
"P",331,"H","P331H",0.0106486662828133
"P",331,"I","P331I",0.722653724660222
"P",331,"K","P331K",0.380812630033661
"P",331,"L","P331L",0.664821987531869
"P",331,"M","P331M",-1.2055608593094
"P",331,"N","P331N",0.53382952834399
"P",331,"Q","P331Q",-1.5527218045231
"P",331,"R","P331R",-1.42467924420091
"P",331,"S","P331S",-0.0616326133991309
"P",331,"T","P331T",-0.00116512791924241
"P",331,"V","P331V",1.75888286280028
"P",331,"W","P331W",1.09927627252178
"P",331,"Y","P331Y",0.75400278985514
"I",332,"C","I332C",-2.21911691923762
"I",332,"D","I332D",0.648376683070111
"I",332,"E","I332E",0.694416513817925
"I",332,"F","I332F",0.0298005750154349
"I",332,"G","I332G",1.53219481273788
"I",332,"H","I332H",0.215945322555464
"I",332,"K","I332K",1.15403189853303
"I",332,"L","I332L",0.339457484532072
"I",332,"M","I332M",0.813650642041528
"I",332,"N","I332N",0.104680329284278
"I",332,"P","I332P",0.0220898105200461
"I",332,"Q","I332Q",-2.3071541850795
"I",332,"R","I332R",2.42824002083236
"I",332,"S","I332S",0.992511073676755
"I",332,"T","I332T",-0.0747994646749376
"I",332,"V","I332V",-1.20077796365192
"I",332,"W","I332W",1.23951637453844
"I",332,"Y","I332Y",0.978563910582026
"E",333,"A","E333A",-0.706295090360105
"E",333,"C","E333C",0.468395909611958
"E",333,"D","E333D",-0.174125461042133
"E",333,"F","E333F",0.238682778789972
"E",333,"G","E333G",-0.593468466020017
"E",333,"H","E333H",-0.0962248461345223
"E",333,"I","E333I",-0.859015936575017
"E",333,"K","E333K",-0.198419231201253
"E",333,"L","E333L",2.44044283515747
"E",333,"M","E333M",-0.126855484043455
"E",333,"N","E333N",0.987025115153334
"E",333,"P","E333P",1.59723645869832
"E",333,"Q","E333Q",0.357163153131522
"E",333,"R","E333R",0.709264610491186
"E",333,"S","E333S",1.62773394709512
"E",333,"T","E333T",-1.02932361869637
"E",333,"V","E333V",0.28456522501528
"E",333,"W","E333W",1.62719734782432
"E",333,"Y","E333Y",-0.13516570346961
"K",334,"A","K334A",0.13556324743432
"K",334,"C","K334C",0.114275821408822
"K",334,"D","K334D",-0.0844307657186947
"K",334,"E","K334E",-0.563461792454029
"K",334,"F","K334F",0.265192462674208
"K",334,"G","K334G",0.080701976866268
"K",334,"H","K334H",1.15629214987281
"K",334,"I","K334I",2.10703478195675
"K",334,"L","K334L",0.785120970475874
"K",334,"M","K334M",-0.239504678637937
"K",334,"N","K334N",0.547991367012889
"K",334,"P","K334P",0.272468481853336
"K",334,"Q","K334Q",-0.371496946725861
"K",334,"R","K334R",0.418385709957262
"K",334,"S","K334S",-0.114152083784448
"K",334,"T","K334T",-0.436798520032203
"K",334,"V","K334V",0.624312851027302
"K",334,"W","K334W",-0.176090827584424
"K",334,"Y","K334Y",0.567339957826216
"T",335,"A","T335A",0.817560553786617
"T",335,"C","T335C",0.729432964364414
"T",335,"D","T335D",-0.234440332148316
"T",335,"E","T335E",1.06214321314964
"T",335,"F","T335F",1.2426876719354
"T",335,"G","T335G",0.350181045195064
"T",335,"H","T335H",-0.185383649895367
"T",335,"I","T335I",-0.136970248279016
"T",335,"K","T335K",0.120802325105929
"T",335,"L","T335L",1.20481919516397
"T",335,"M","T335M",0.102284577961305
"T",335,"N","T335N",0.619646462468741
"T",335,"P","T335P",0.355499918800767
"T",335,"Q","T335Q",-2.02786828205047
"T",335,"R","T335R",0.325777956820207
"T",335,"S","T335S",-0.332579514066646
"T",335,"V","T335V",-0.462260701964543
"T",335,"W","T335W",-0.0658769063219128
"T",335,"Y","T335Y",1.25461298559272
"I",336,"A","I336A",-0.712997507987336
"I",336,"C","I336C",-3.54128465761138
"I",336,"D","I336D",1.23950970034096
"I",336,"E","I336E",-0.062681309993844
"I",336,"F","I336F",-0.394907128097502
"I",336,"G","I336G",-1.06161175032991
"I",336,"H","I336H",0.214799277962789
"I",336,"K","I336K",0.22529110109708
"I",336,"L","I336L",1.35611125178276
"I",336,"M","I336M",0.170902345350334
"I",336,"N","I336N",-1.56082529014868
"I",336,"P","I336P",1.64642882123757
"I",336,"Q","I336Q",2.2076853478781
"I",336,"R","I336R",-1.04865652339151
"I",336,"S","I336S",-1.01203225781741
"I",336,"T","I336T",-1.29762942143756
"I",336,"V","I336V",0.0609309307121007
"I",336,"W","I336W",-2.61135243807797
"I",336,"Y","I336Y",-0.387902123302954
"S",337,"A","S337A",-0.46146882428394
"S",337,"C","S337C",0.946839972665699
"S",337,"D","S337D",0.281820486033677
"S",337,"E","S337E",-1.72240249891511
"S",337,"F","S337F",-0.729070478560952
"S",337,"G","S337G",-1.07830861055856
"S",337,"H","S337H",-1.01369951845253
"S",337,"I","S337I",-0.363939907895285
"S",337,"K","S337K",-0.596647353729809
"S",337,"L","S337L",0.0574105597301042
"S",337,"M","S337M",-0.618523844590789
"S",337,"N","S337N",0.782328700468987
"S",337,"P","S337P",0.367304779034673
"S",337,"Q","S337Q",-0.368688589913994
"S",337,"R","S337R",-1.50446788464317
"S",337,"T","S337T",0.442516410929075
"S",337,"V","S337V",0.244013261490174
"S",337,"W","S337W",0.0351371324459121
"S",337,"Y","S337Y",-0.802739883208037
"K",338,"A","K338A",1.11418115462739
"K",338,"C","K338C",-0.846224364489097
"K",338,"D","K338D",-3.30799528374019
"K",338,"E","K338E",-0.421461319881811
"K",338,"F","K338F",1.2088589133214
"K",338,"G","K338G",2.31385692382823
"K",338,"H","K338H",-0.296798126004875
"K",338,"I","K338I",0.0443066237529808
"K",338,"L","K338L",-0.0392938578844947
"K",338,"M","K338M",-0.0849464023433659
"K",338,"N","K338N",-0.138810705789753
"K",338,"P","K338P",-1.21780226426111
"K",338,"Q","K338Q",-1.65916877627167
"K",338,"R","K338R",0.0466456297326244
"K",338,"S","K338S",0.366868315433157
"K",338,"T","K338T",1.17155627862829
"K",338,"V","K338V",0.431686270293886
"K",338,"W","K338W",1.23689125414466
"K",338,"Y","K338Y",-1.31096162410036
"A",339,"C","A339C",0.28624700872677
"A",339,"D","A339D",0.615398756312529
"A",339,"E","A339E",0.668659334014755
"A",339,"F","A339F",-0.66446850070672
"A",339,"G","A339G",-1.39002776630605
"A",339,"H","A339H",0.576762096561018
"A",339,"I","A339I",0.274030448176915
"A",339,"K","A339K",0.478338131888367
"A",339,"L","A339L",-0.259188919244385
"A",339,"M","A339M",-0.635899000289188
"A",339,"N","A339N",-0.304310250751525
"A",339,"P","A339P",0.56675909275959
"A",339,"Q","A339Q",0.607402625801158
"A",339,"R","A339R",1.57400433131669
"A",339,"S","A339S",-0.0886716423106252
"A",339,"T","A339T",0.663155651926248
"A",339,"V","A339V",0.289047696619399
"A",339,"W","A339W",0.145048027113243
"A",339,"Y","A339Y",1.02188267599791
"K",340,"A","K340A",0.234215145189992
"K",340,"C","K340C",0.34270426802539
"K",340,"D","K340D",-0.871473999084046
"K",340,"E","K340E",0.228973003422897
"K",340,"F","K340F",0.0667344249719929
"K",340,"G","K340G",-0.00905517690885075
"K",340,"H","K340H",-0.872018144921331
"K",340,"I","K340I",1.44735290404116
"K",340,"L","K340L",-0.308005879954402
"K",340,"M","K340M",-1.06481596903914
"K",340,"N","K340N",-0.0181275053044347
"K",340,"P","K340P",-1.1971304533082
"K",340,"Q","K340Q",-1.05916938644738
"K",340,"R","K340R",-1.28234606446378
"K",340,"S","K340S",0.761735465682803
"K",340,"T","K340T",0.671267398116394
"K",340,"V","K340V",-1.0072494667248
"K",340,"W","K340W",-0.185793307130366
"K",340,"Y","K340Y",-0.429590658702145
"G",341,"A","G341A",-0.220437566573494
"G",341,"C","G341C",-0.0709758254093688
"G",341,"D","G341D",1.26595906525022
"G",341,"E","G341E",0.981517824446897
"G",341,"F","G341F",-0.428433387329949
"G",341,"H","G341H",1.10505085179913
"G",341,"I","G341I",2.12009153938791
"G",341,"K","G341K",0.67758650866001
"G",341,"L","G341L",0.908445561206526
"G",341,"M","G341M",2.40461189307054
"G",341,"N","G341N",-1.84548635200738
"G",341,"P","G341P",1.35287744111513
"G",341,"Q","G341Q",1.175666710969
"G",341,"R","G341R",-0.17457210404771
"G",341,"S","G341S",0.779822620465704
"G",341,"T","G341T",0.589422073830148
"G",341,"V","G341V",2.4307808231895
"G",341,"W","G341W",0.725421821579099
"G",341,"Y","G341Y",-0.558860007826667
"Q",342,"A","Q342A",1.11813562790942
"Q",342,"C","Q342C",-0.337996216997736
"Q",342,"D","Q342D",0.130158203521407
"Q",342,"E","Q342E",0.654862945504212
"Q",342,"F","Q342F",0.278780832077915
"Q",342,"G","Q342G",-0.632505848719733
"Q",342,"H","Q342H",0.895689304026705
"Q",342,"I","Q342I",0.284116610549985
"Q",342,"K","Q342K",-0.0320214499384861
"Q",342,"L","Q342L",-0.164687571761367
"Q",342,"M","Q342M",0.0615835892663833
"Q",342,"N","Q342N",0.295317000751535
"Q",342,"P","Q342P",-0.266038983950848
"Q",342,"R","Q342R",-1.53993648333071
"Q",342,"S","Q342S",-1.56639851793108
"Q",342,"T","Q342T",1.12165999225039
"Q",342,"V","Q342V",0.368929218445141
"Q",342,"W","Q342W",0.729371830933009
"Q",342,"Y","Q342Y",0.154646477305739
"P",343,"A","P343A",-0.850017319844766
"P",343,"C","P343C",-0.711349470253086
"P",343,"D","P343D",-0.380149557179406
"P",343,"E","P343E",0.0373981479302665
"P",343,"F","P343F",0.591837300402632
"P",343,"G","P343G",-1.07010930522709
"P",343,"H","P343H",-0.656790283695631
"P",343,"I","P343I",-0.193661633866238
"P",343,"K","P343K",0.289944311384639
"P",343,"L","P343L",0.198185587099011
"P",343,"M","P343M",0.631064948965932
"P",343,"N","P343N",-0.211986543017439
"P",343,"Q","P343Q",-0.130333938281476
"P",343,"R","P343R",-0.710519972888819
"P",343,"S","P343S",0.221769709137449
"P",343,"T","P343T",-0.826363627351928
"P",343,"V","P343V",-1.37191419557795
"P",343,"W","P343W",-2.87585687725377
"P",343,"Y","P343Y",0.556876464412357
"R",344,"A","R344A",0.452421710276158
"R",344,"C","R344C",-0.00326382130512983
"R",344,"D","R344D",1.05752187503123
"R",344,"E","R344E",-0.367826999332068
"R",344,"F","R344F",-0.598348198372441
"R",344,"G","R344G",-0.207792259498603
"R",344,"H","R344H",-0.516674719464028
"R",344,"I","R344I",0.121079519570885
"R",344,"K","R344K",2.27663685247857
"R",344,"L","R344L",0.518844195998025
"R",344,"M","R344M",-0.656980245910581
"R",344,"N","R344N",-0.243243952690719
"R",344,"P","R344P",-0.698765614558407
"R",344,"Q","R344Q",-0.0131206364313164
"R",344,"S","R344S",1.0161425532023
"R",344,"T","R344T",-0.0633387493286202
"R",344,"V","R344V",-0.142073298734245
"R",344,"Y","R344Y",-0.861268641052856
"E",345,"A","E345A",-0.781358731265447
"E",345,"C","E345C",-1.49784776574682
"E",345,"D","E345D",-0.057806569554388
"E",345,"F","E345F",-0.387027994884606
"E",345,"G","E345G",-1.52059490547046
"E",345,"H","E345H",0.105066536697439
"E",345,"I","E345I",-0.309010869399738
"E",345,"K","E345K",0.429787101729187
"E",345,"L","E345L",-0.507679896867689
"E",345,"M","E345M",0.672337982302135
"E",345,"N","E345N",-2.71756608513743
"E",345,"P","E345P",-0.405524090955062
"E",345,"Q","E345Q",-0.642042764066264
"E",345,"R","E345R",-0.0381701258236689
"E",345,"S","E345S",-0.266395883872138
"E",345,"T","E345T",-2.17959858069165
"E",345,"V","E345V",-0.18410488325493
"E",345,"W","E345W",-0.800153568537828
"E",345,"Y","E345Y",-0.289017579205588
"P",346,"A","P346A",0.152441487712329
"P",346,"C","P346C",-1.09461295545203
"P",346,"D","P346D",-0.336356062482886
"P",346,"E","P346E",-1.20102958282783
"P",346,"F","P346F",-0.534120048206932
"P",346,"G","P346G",0.889852860814271
"P",346,"H","P346H",-1.87107334936436
"P",346,"I","P346I",0.968102901039428
"P",346,"K","P346K",-2.25896822881497
"P",346,"L","P346L",-1.79825352673628
"P",346,"M","P346M",0.961598096113674
"P",346,"N","P346N",1.08803363278022
"P",346,"Q","P346Q",-1.60854025160224
"P",346,"R","P346R",3.38297254321615
"P",346,"S","P346S",0.243271823827681
"P",346,"T","P346T",0.402596564339166
"P",346,"V","P346V",0.332143699824919
"P",346,"W","P346W",-2.53099584813185
"P",346,"Y","P346Y",-1.78699270788348
"Q",347,"A","Q347A",0.59575818564341
"Q",347,"C","Q347C",-0.117057440048764
"Q",347,"D","Q347D",-1.00199319770904
"Q",347,"E","Q347E",0.654459585553987
"Q",347,"F","Q347F",-0.162793782411552
"Q",347,"G","Q347G",0.0764828377171166
"Q",347,"H","Q347H",0.534865474843801
"Q",347,"I","Q347I",-0.223429351143152
"Q",347,"K","Q347K",0.056025453951413
"Q",347,"L","Q347L",0.309753557432593
"Q",347,"M","Q347M",0.244102465769924
"Q",347,"N","Q347N",0.126505628116425
"Q",347,"P","Q347P",-1.08508506256396
"Q",347,"R","Q347R",0.278374695911339
"Q",347,"S","Q347S",-0.457973427810546
"Q",347,"T","Q347T",-0.253891630791371
"Q",347,"V","Q347V",-0.089249073094718
"Q",347,"W","Q347W",-0.158486976444715
"Q",347,"Y","Q347Y",-0.265883345670909
"V",348,"A","V348A",-0.0999282548885161
"V",348,"C","V348C",0.0165864120541473
"V",348,"D","V348D",0.664989609278077
"V",348,"E","V348E",-0.216541064270931
"V",348,"F","V348F",-0.037157446730827
"V",348,"G","V348G",-0.0661977071649547
"V",348,"H","V348H",0.868411786029148
"V",348,"I","V348I",-1.05473687147902
"V",348,"K","V348K",0.355551981796871
"V",348,"L","V348L",0.895081000617972
"V",348,"M","V348M",-0.409402208734213
"V",348,"N","V348N",2.2771734042541
"V",348,"P","V348P",0.142271388046057
"V",348,"Q","V348Q",-0.066971742200366
"V",348,"R","V348R",-0.486658762116236
"V",348,"S","V348S",0.652372488517936
"V",348,"T","V348T",0.54623421686395
"V",348,"W","V348W",-0.0294850973456484
"V",348,"Y","V348Y",-0.594748006713325
"Y",349,"A","Y349A",1.19847659217046
"Y",349,"C","Y349C",1.0881031094576
"Y",349,"D","Y349D",-0.0644459006904051
"Y",349,"E","Y349E",0.474853231081943
"Y",349,"F","Y349F",0.6505854871055
"Y",349,"G","Y349G",0.69298793509
"Y",349,"H","Y349H",-0.0761819960559252
"Y",349,"I","Y349I",0.0766998171340903
"Y",349,"K","Y349K",-0.267225075037778
"Y",349,"L","Y349L",0.136431444128243
"Y",349,"M","Y349M",-0.721268287636319
"Y",349,"N","Y349N",-1.23702529531193
"Y",349,"P","Y349P",-0.27518269945096
"Y",349,"Q","Y349Q",0.298386878065804
"Y",349,"R","Y349R",-0.815672842584833
"Y",349,"S","Y349S",-1.02703102137212
"Y",349,"T","Y349T",0.11847219020459
"Y",349,"V","Y349V",-0.22970709208103
"Y",349,"W","Y349W",0.221187227043174
"T",350,"A","T350A",-0.424232231119671
"T",350,"C","T350C",0.0510472907479939
"T",350,"D","T350D",0.225088124557667
"T",350,"E","T350E",-0.163246672169273
"T",350,"F","T350F",-1.37183410342371
"T",350,"G","T350G",0.427782719405059
"T",350,"H","T350H",-0.365447618131348
"T",350,"I","T350I",0.373554608184251
"T",350,"K","T350K",1.40006287117208
"T",350,"L","T350L",0.123595197576243
"T",350,"M","T350M",0.7221724108132
"T",350,"N","T350N",0.0917114946693505
"T",350,"P","T350P",-0.583444513022958
"T",350,"Q","T350Q",-0.954501543266188
"T",350,"R","T350R",-0.513146941042097
"T",350,"S","T350S",1.23090787300871
"T",350,"V","T350V",-0.116247020293011
"T",350,"W","T350W",-0.0690796349102917
"T",350,"Y","T350Y",0.524271454584137
"L",351,"A","L351A",0.408106405163005
"L",351,"C","L351C",0.863071102549999
"L",351,"D","L351D",0.277813879668342
"L",351,"E","L351E",0.614989508434944
"L",351,"F","L351F",0.393443806138721
"L",351,"G","L351G",-0.516895391064853
"L",351,"H","L351H",-0.38333036976162
"L",351,"I","L351I",0.22354633039702
"L",351,"K","L351K",-1.12033393489288
"L",351,"M","L351M",0.16007957490595
"L",351,"N","L351N",0.111426391323105
"L",351,"P","L351P",-0.535943174925747
"L",351,"Q","L351Q",-0.474667797354227
"L",351,"R","L351R",0.764266735981785
"L",351,"S","L351S",-0.102028803405435
"L",351,"T","L351T",0.341659294218885
"L",351,"V","L351V",-0.286512305724407
"L",351,"W","L351W",-0.105898590211845
"L",351,"Y","L351Y",0.214784007909013
"P",352,"A","P352A",-1.02463356721633
"P",352,"C","P352C",-1.07814631238626
"P",352,"D","P352D",-1.20296651107996
"P",352,"E","P352E",-1.24527241051042
"P",352,"F","P352F",0.431050087269782
"P",352,"G","P352G",0.0376842261092899
"P",352,"H","P352H",-0.0746212155232583
"P",352,"I","P352I",-0.178748329775164
"P",352,"K","P352K",-1.57733821062936
"P",352,"L","P352L",-0.312691809649568
"P",352,"M","P352M",-0.636512843738747
"P",352,"N","P352N",-0.660632664405838
"P",352,"Q","P352Q",0.0254307900796649
"P",352,"R","P352R",-0.407883408249869
"P",352,"S","P352S",0.622061451457937
"P",352,"T","P352T",-0.853399211736812
"P",352,"V","P352V",-2.30894971078964
"P",352,"W","P352W",-0.788978300895161
"P",352,"Y","P352Y",-0.092431539328834
"P",353,"A","P353A",0.310533008223538
"P",353,"C","P353C",-0.11654219670922
"P",353,"D","P353D",0.289389573612509
"P",353,"E","P353E",-0.52990329013048
"P",353,"F","P353F",-0.368304527192286
"P",353,"G","P353G",-0.730145295955159
"P",353,"H","P353H",1.17995249129283
"P",353,"I","P353I",-0.0353173320399234
"P",353,"K","P353K",-0.414085222489854
"P",353,"L","P353L",-1.2244047790918
"P",353,"M","P353M",-0.579354753200075
"P",353,"N","P353N",-0.462467432144503
"P",353,"Q","P353Q",0.969046041482338
"P",353,"R","P353R",-0.839766312325742
"P",353,"S","P353S",-0.0404304417912444
"P",353,"T","P353T",-0.00227910458204297
"P",353,"V","P353V",-0.130431805890358
"P",353,"W","P353W",0.919120784924717
"P",353,"Y","P353Y",0.547214705959183
"S",354,"A","S354A",0.215073221238134
"S",354,"C","S354C",0.187389561439591
"S",354,"D","S354D",-0.215636851314508
"S",354,"E","S354E",-1.38276627981079
"S",354,"F","S354F",0.217623378360967
"S",354,"G","S354G",-0.152209940315184
"S",354,"H","S354H",0.926017574889039
"S",354,"I","S354I",-0.106207391960931
"S",354,"K","S354K",-1.11826641829229
"S",354,"L","S354L",0.209260774929101
"S",354,"M","S354M",0.207909502476203
"S",354,"N","S354N",1.2149146032121
"S",354,"P","S354P",-0.385756136768535
"S",354,"Q","S354Q",-0.142367384465368
"S",354,"R","S354R",0.369680501270583
"S",354,"T","S354T",0.657738447312523
"S",354,"V","S354V",0.200048072526443
"S",354,"W","S354W",-0.48124697645695
"S",354,"Y","S354Y",-2.46335279373381
"R",355,"A","R355A",0.0710112806352554
"R",355,"C","R355C",-0.286508868162956
"R",355,"D","R355D",0.0131455817507408
"R",355,"E","R355E",-0.972216231116246
"R",355,"F","R355F",-1.09154117708295
"R",355,"G","R355G",0.30391861110582
"R",355,"H","R355H",0.491527159322377
"R",355,"I","R355I",-0.903348775688951
"R",355,"K","R355K",-0.327386278131896
"R",355,"L","R355L",-0.718926046771511
"R",355,"M","R355M",-0.24625515416743
"R",355,"N","R355N",-0.0419982462300461
"R",355,"P","R355P",-0.431816598242236
"R",355,"Q","R355Q",-0.675652743586751
"R",355,"S","R355S",0.288472356168598
"R",355,"T","R355T",0.27655735873412
"R",355,"V","R355V",-0.499792561266958
"R",355,"W","R355W",-0.464061465795546
"R",355,"Y","R355Y",-0.0144514219629618
"D",356,"A","D356A",0.814536645649531
"D",356,"C","D356C",0.268566178345554
"D",356,"E","D356E",-0.327649625926564
"D",356,"F","D356F",0.522690339253125
"D",356,"G","D356G",0.810479323450829
"D",356,"H","D356H",0.452545123578616
"D",356,"I","D356I",0.414054022547638
"D",356,"K","D356K",-2.3432736661517
"D",356,"L","D356L",0.573867999602722
"D",356,"M","D356M",0.0244967253791276
"D",356,"N","D356N",0.529646804052782
"D",356,"P","D356P",0.445110829479466
"D",356,"Q","D356Q",0.954650008288538
"D",356,"R","D356R",-0.383459496499214
"D",356,"S","D356S",0.818300032218826
"D",356,"T","D356T",-0.973065737461914
"D",356,"V","D356V",-0.239132767762795
"D",356,"W","D356W",-0.463344114568255
"D",356,"Y","D356Y",1.09173865330235
"E",357,"A","E357A",-0.00678247431085609
"E",357,"C","E357C",-0.202095129518337
"E",357,"D","E357D",-0.405493405492585
"E",357,"F","E357F",0.151630017230316
"E",357,"G","E357G",0.13695120581993
"E",357,"H","E357H",-0.323554463268887
"E",357,"I","E357I",-0.10602562814734
"E",357,"K","E357K",-0.529284816436373
"E",357,"L","E357L",-0.236176843648022
"E",357,"M","E357M",-1.31170390689227
"E",357,"N","E357N",-0.296160993888811
"E",357,"Q","E357Q",0.157923590125185
"E",357,"R","E357R",-0.169133243160101
"E",357,"S","E357S",0.276125942025836
"E",357,"T","E357T",-0.249407251307455
"E",357,"V","E357V",-0.670881109971941
"E",357,"W","E357W",-0.0954057247821393
"E",357,"Y","E357Y",0.217882290038126
"L",358,"A","L358A",0.225961176714914
"L",358,"C","L358C",0.546029434776584
"L",358,"D","L358D",0.165412700710825
"L",358,"E","L358E",0.79799883288385
"L",358,"F","L358F",0.0281839154626994
"L",358,"G","L358G",0.690447894634086
"L",358,"H","L358H",0.701618755577743
"L",358,"I","L358I",-0.587568262101879
"L",358,"K","L358K",-0.349615754764609
"L",358,"M","L358M",-0.248912742134264
"L",358,"N","L358N",0.412732270719391
"L",358,"P","L358P",0.412387596687701
"L",358,"Q","L358Q",0.108636097860094
"L",358,"R","L358R",-0.401769529402497
"L",358,"S","L358S",0.20264538942281
"L",358,"T","L358T",0.681384520514172
"L",358,"V","L358V",0.488936115088874
"L",358,"W","L358W",0.160134879807431
"L",358,"Y","L358Y",-0.0891122658077431
"T",359,"A","T359A",-0.824642832306669
"T",359,"C","T359C",-1.19444295903644
"T",359,"D","T359D",-1.20438242904714
"T",359,"E","T359E",-0.356925674051045
"T",359,"F","T359F",-2.14839523571232
"T",359,"G","T359G",0.246053822049829
"T",359,"H","T359H",0.256530931864776
"T",359,"I","T359I",-0.27754725731206
"T",359,"K","T359K",0.5558127623747
"T",359,"L","T359L",0.732670142626252
"T",359,"M","T359M",-0.246916637025986
"T",359,"N","T359N",0.229296236736851
"T",359,"P","T359P",0.0456362717597698
"T",359,"Q","T359Q",-0.558949441128849
"T",359,"R","T359R",0.450553280743399
"T",359,"S","T359S",0.423881177837916
"T",359,"V","T359V",-1.07307334007012
"T",359,"W","T359W",1.38594226968441
"T",359,"Y","T359Y",-0.0918227374121447
"K",360,"A","K360A",0.0868317844694112
"K",360,"C","K360C",-1.20693115158442
"K",360,"D","K360D",0.21240092459099
"K",360,"E","K360E",0.48394893957971
"K",360,"F","K360F",-0.00791781557955105
"K",360,"G","K360G",-0.466252434160048
"K",360,"H","K360H",0.15739410582235
"K",360,"I","K360I",1.03832907249209
"K",360,"L","K360L",1.53056331334219
"K",360,"M","K360M",0.514792521568196
"K",360,"N","K360N",-0.000528817339937164
"K",360,"P","K360P",-1.71888026595918
"K",360,"Q","K360Q",0.519782733390374
"K",360,"R","K360R",0.740516572743437
"K",360,"S","K360S",1.65130121773441
"K",360,"T","K360T",0.805131148773571
"K",360,"V","K360V",-0.0671694609149383
"K",360,"W","K360W",-0.171195678089967
"K",360,"Y","K360Y",-1.22959568859411
"N",361,"A","N361A",-0.446659027713171
"N",361,"C","N361C",-0.73148233001335
"N",361,"D","N361D",0.0879601122302996
"N",361,"E","N361E",-0.0675741741068919
"N",361,"F","N361F",0.352825270803293
"N",361,"G","N361G",-0.584058759133409
"N",361,"H","N361H",-0.0142442157049301
"N",361,"I","N361I",-1.11615257207654
"N",361,"K","N361K",-0.582568668782502
"N",361,"L","N361L",0.548221848314819
"N",361,"M","N361M",0.486335331201003
"N",361,"P","N361P",-0.641108608806034
"N",361,"Q","N361Q",0.0445771751352508
"N",361,"R","N361R",-0.436881677549606
"N",361,"S","N361S",-0.744502526683644
"N",361,"T","N361T",-0.0504637890719721
"N",361,"V","N361V",0.444689284680663
"N",361,"W","N361W",0.30246782694371
"N",361,"Y","N361Y",0.434774040610459
"Q",362,"A","Q362A",0.641556424561361
"Q",362,"C","Q362C",-0.587516962151779
"Q",362,"D","Q362D",-0.970908660343788
"Q",362,"E","Q362E",0.0515884342231219
"Q",362,"F","Q362F",1.08908612313165
"Q",362,"G","Q362G",-0.761335245102552
"Q",362,"H","Q362H",0.345392758032737
"Q",362,"I","Q362I",-0.723930933877892
"Q",362,"K","Q362K",-0.346904651583551
"Q",362,"L","Q362L",-1.29669611212147
"Q",362,"M","Q362M",0.0364894189786457
"Q",362,"N","Q362N",0.456668912707879
"Q",362,"P","Q362P",-0.00751846769501357
"Q",362,"R","Q362R",-2.54679562038301
"Q",362,"S","Q362S",0.975912900198955
"Q",362,"T","Q362T",0.957375057138845
"Q",362,"V","Q362V",0.0909621801841919
"Q",362,"W","Q362W",-0.434414444239069
"Q",362,"Y","Q362Y",0.750539842555098
"V",363,"A","V363A",1.22303011025122
"V",363,"C","V363C",0.425748200054765
"V",363,"D","V363D",-0.621929446207617
"V",363,"E","V363E",-1.50166953939096
"V",363,"F","V363F",-1.0771109148284
"V",363,"G","V363G",0.231302976201444
"V",363,"H","V363H",-0.418801719853866
"V",363,"I","V363I",0.908618917453424
"V",363,"K","V363K",-1.6582515677669
"V",363,"L","V363L",-0.728691820286103
"V",363,"M","V363M",0.431691565176879
"V",363,"N","V363N",1.26325058044028
"V",363,"P","V363P",-0.0148641516654346
"V",363,"Q","V363Q",0.227815767314787
"V",363,"R","V363R",0.0668948963853416
"V",363,"S","V363S",0.0335567913089837
"V",363,"T","V363T",-0.353337445729983
"V",363,"W","V363W",0.152599073773783
"V",363,"Y","V363Y",-0.2412780308044
"S",364,"A","S364A",0.790338373257028
"S",364,"C","S364C",-1.10416211331627
"S",364,"D","S364D",0.795761964800454
"S",364,"E","S364E",0.114468365039348
"S",364,"F","S364F",-0.701814649379554
"S",364,"G","S364G",-1.18053113407605
"S",364,"H","S364H",0.206795546078779
"S",364,"I","S364I",-0.00666446730568865
"S",364,"K","S364K",-0.491996832094359
"S",364,"L","S364L",0.308122842506443
"S",364,"M","S364M",0.493365138674192
"S",364,"N","S364N",0.0182450420102059
"S",364,"P","S364P",-0.589493294933431
"S",364,"Q","S364Q",-1.01151815115747
"S",364,"R","S364R",2.59605065819555
"S",364,"T","S364T",0.466307566314531
"S",364,"V","S364V",-0.995220558252627
"S",364,"W","S364W",0.0155933957373992
"S",364,"Y","S364Y",-0.0588625880628693
"L",365,"A","L365A",-1.00414040231972
"L",365,"C","L365C",-0.591695278305074
"L",365,"D","L365D",2.65125889981449
"L",365,"E","L365E",-0.583607583445586
"L",365,"F","L365F",0.157309967182863
"L",365,"G","L365G",0.310535650922853
"L",365,"H","L365H",0.275543141790573
"L",365,"I","L365I",-0.150412265343668
"L",365,"K","L365K",0.249416193978359
"L",365,"M","L365M",0.00457565808961827
"L",365,"N","L365N",-0.33900390047802
"L",365,"P","L365P",-0.22926251736999
"L",365,"Q","L365Q",-0.501460321999309
"L",365,"R","L365R",-0.419186464473289
"L",365,"S","L365S",0.526447885736181
"L",365,"T","L365T",0.641590304015585
"L",365,"V","L365V",-0.889081201239748
"L",365,"W","L365W",-1.21073948324219
"L",365,"Y","L365Y",-0.149814905167314
"T",366,"A","T366A",0.335710495307568
"T",366,"C","T366C",0.363998625005802
"T",366,"D","T366D",0.298346031123277
"T",366,"E","T366E",-2.7461006292356
"T",366,"F","T366F",1.63835597823859
"T",366,"G","T366G",0.149258545228595
"T",366,"H","T366H",1.46116835408123
"T",366,"I","T366I",-0.449700939870249
"T",366,"K","T366K",2.09102513821583
"T",366,"L","T366L",0.088419275996054
"T",366,"M","T366M",-0.427249619698891
"T",366,"N","T366N",0.54415372610259
"T",366,"P","T366P",1.01044093008026
"T",366,"Q","T366Q",0.765967506922522
"T",366,"R","T366R",-0.215736987149345
"T",366,"S","T366S",0.468798223461181
"T",366,"V","T366V",0.977260841206354
"T",366,"W","T366W",0.0354963003501246
"T",366,"Y","T366Y",0.0154372768069217
"C",367,"A","C367A",-0.4491992669484
"C",367,"D","C367D",0.645985243076489
"C",367,"E","C367E",-0.342749542822375
"C",367,"F","C367F",0.0282196543902703
"C",367,"G","C367G",0.0211738821864588
"C",367,"H","C367H",-0.470352311322999
"C",367,"I","C367I",1.30940738496166
"C",367,"K","C367K",1.06988355220849
"C",367,"L","C367L",0.375978687627646
"C",367,"M","C367M",0.675944615482772
"C",367,"N","C367N",0.859865624263697
"C",367,"P","C367P",0.365461454032339
"C",367,"Q","C367Q",-0.306080251422622
"C",367,"R","C367R",0.0238437344035832
"C",367,"S","C367S",-0.263328262274511
"C",367,"T","C367T",-0.233579383678667
"C",367,"V","C367V",0.908415932704174
"C",367,"W","C367W",-0.51625538436641
"C",367,"Y","C367Y",0.581344019381933
"L",368,"A","L368A",-0.870510365288342
"L",368,"C","L368C",-0.248449853051749
"L",368,"D","L368D",-0.183465763710851
"L",368,"E","L368E",-0.39351811267264
"L",368,"F","L368F",-0.146714110149708
"L",368,"G","L368G",0.524759898487095
"L",368,"H","L368H",0.248301349529293
"L",368,"I","L368I",0.467777715122976
"L",368,"K","L368K",-0.231525047442557
"L",368,"M","L368M",0.832619858603166
"L",368,"N","L368N",-0.603644785760102
"L",368,"P","L368P",-0.0743869696072538
"L",368,"Q","L368Q",0.281360647032494
"L",368,"R","L368R",0.5526955107294
"L",368,"S","L368S",-3.34844741484108
"L",368,"T","L368T",0.58380370450801
"L",368,"V","L368V",0.397269022315774
"L",368,"W","L368W",-0.187595584502858
"L",368,"Y","L368Y",-0.314990178400181
"V",369,"A","V369A",0.172631428681599
"V",369,"C","V369C",0.320975843796857
"V",369,"D","V369D",2.00386383139239
"V",369,"E","V369E",-0.636320530250095
"V",369,"F","V369F",-0.346424224749199
"V",369,"G","V369G",0.45965497616566
"V",369,"H","V369H",0.677322066620872
"V",369,"I","V369I",-1.16992079446752
"V",369,"K","V369K",0.732550667948269
"V",369,"L","V369L",-0.995443254938943
"V",369,"M","V369M",2.61708044145835
"V",369,"N","V369N",-0.139090455838845
"V",369,"P","V369P",-0.0527504198061665
"V",369,"Q","V369Q",-0.541276814715456
"V",369,"R","V369R",-0.372734692622863
"V",369,"S","V369S",0.243895425994687
"V",369,"T","V369T",-0.839444408755626
"V",369,"W","V369W",-0.443709862978383
"V",369,"Y","V369Y",-0.110088116523534
"K",370,"C","K370C",-0.144224932941394
"K",370,"D","K370D",-0.0490502927645334
"K",370,"E","K370E",-0.342021531824943
"K",370,"F","K370F",-0.217380435444764
"K",370,"G","K370G",-1.91509066145093
"K",370,"H","K370H",0.268355832238509
"K",370,"I","K370I",0.0789306373952058
"K",370,"L","K370L",-0.495635723000273
"K",370,"M","K370M",0.259822251571978
"K",370,"N","K370N",-0.0560553481282516
"K",370,"P","K370P",-0.395336082995393
"K",370,"Q","K370Q",0.903656178367453
"K",370,"R","K370R",0.0843651302518746
"K",370,"S","K370S",-0.148779446866106
"K",370,"T","K370T",-0.369401873877985
"K",370,"V","K370V",0.139328645237895
"K",370,"W","K370W",-0.379195311634913
"K",370,"Y","K370Y",0.819052358830968
"G",371,"A","G371A",-0.536734628580318
"G",371,"C","G371C",-1.60755265539503
"G",371,"D","G371D",-0.573083555077743
"G",371,"E","G371E",0.084605743476287
"G",371,"F","G371F",-0.230653711952556
"G",371,"H","G371H",0.459258820305798
"G",371,"I","G371I",-0.255820718663165
"G",371,"K","G371K",-1.1724647300073
"G",371,"L","G371L",-0.540354193824783
"G",371,"M","G371M",0.306735493564883
"G",371,"N","G371N",-0.146543346775339
"G",371,"P","G371P",-0.0788227578850478
"G",371,"Q","G371Q",0.904308326302321
"G",371,"R","G371R",1.46745797972465
"G",371,"S","G371S",0.251330014806826
"G",371,"T","G371T",-0.1185727598997
"G",371,"V","G371V",0.0538539263683598
"G",371,"W","G371W",-0.372496157446395
"G",371,"Y","G371Y",0.87316563217937
"F",372,"A","F372A",-1.04747373839349
"F",372,"C","F372C",2.23319764675916
"F",372,"D","F372D",2.05189514110715
"F",372,"E","F372E",0.0609496581982151
"F",372,"G","F372G",-0.394672366533497
"F",372,"H","F372H",-0.70385644957217
"F",372,"I","F372I",-1.21812792732337
"F",372,"K","F372K",-2.1843494438192
"F",372,"L","F372L",0.539169878247515
"F",372,"M","F372M",-1.3235550085669
"F",372,"N","F372N",-1.11557160860346
"F",372,"P","F372P",0.012201492865636
"F",372,"Q","F372Q",-1.08899329252638
"F",372,"R","F372R",1.66977956679318
"F",372,"S","F372S",-1.98891241533094
"F",372,"T","F372T",1.00043581224661
"F",372,"V","F372V",-0.292129737444233
"F",372,"W","F372W",2.38124665173732
"F",372,"Y","F372Y",1.028491125723
"Y",373,"A","Y373A",0.434987387273526
"Y",373,"C","Y373C",0.322031559053214
"Y",373,"D","Y373D",0.141499730200392
"Y",373,"E","Y373E",-0.780454109109233
"Y",373,"F","Y373F",0.128031038623974
"Y",373,"G","Y373G",-1.2995723086389
"Y",373,"H","Y373H",0.0567857090526398
"Y",373,"I","Y373I",-1.55917583723839
"Y",373,"K","Y373K",-0.344767137841498
"Y",373,"L","Y373L",0.117579008724155
"Y",373,"M","Y373M",-0.361285568771875
"Y",373,"N","Y373N",0.348716728936673
"Y",373,"P","Y373P",1.25910809034533
"Y",373,"Q","Y373Q",-0.341225551432676
"Y",373,"R","Y373R",-0.596589851997192
"Y",373,"S","Y373S",-0.676394531315008
"Y",373,"T","Y373T",-0.0313945736157384
"Y",373,"V","Y373V",-0.100020689765605
"Y",373,"W","Y373W",-2.87291836302095
"P",374,"A","P374A",-1.17450821437512
"P",374,"C","P374C",-0.297785850387716
"P",374,"D","P374D",2.07142646272174
"P",374,"E","P374E",1.99107198430825
"P",374,"F","P374F",2.74885295688307
"P",374,"G","P374G",-1.63026839640126
"P",374,"H","P374H",2.09074783319895
"P",374,"I","P374I",1.82196554903364
"P",374,"K","P374K",-0.302072598276572
"P",374,"L","P374L",1.54385466372794
"P",374,"M","P374M",0.826523613674485
"P",374,"N","P374N",-0.309954478061448
"P",374,"Q","P374Q",0.0964880979822138
"P",374,"R","P374R",0.585866499877899
"P",374,"S","P374S",-0.649277856426554
"P",374,"T","P374T",-0.232469664289514
"P",374,"V","P374V",-0.240315571104663
"P",374,"W","P374W",0.0718734610082591
"P",374,"Y","P374Y",0.437845273629746
"S",375,"A","S375A",1.33977572853591
"S",375,"C","S375C",-1.33499382473377
"S",375,"D","S375D",1.61416662428672
"S",375,"E","S375E",-0.889520135445472
"S",375,"F","S375F",0.496369661879538
"S",375,"G","S375G",1.48118986198266
"S",375,"H","S375H",0.814020255816539
"S",375,"I","S375I",2.18566324118938
"S",375,"K","S375K",-0.234039795411443
"S",375,"L","S375L",0.998543526673121
"S",375,"M","S375M",-0.959688685381788
"S",375,"N","S375N",0.223050468755145
"S",375,"P","S375P",0.115001953491106
"S",375,"Q","S375Q",-0.523721917876132
"S",375,"R","S375R",-0.177980064987009
"S",375,"T","S375T",2.40012188385929
"S",375,"V","S375V",1.22040682212857
"S",375,"W","S375W",0.490709463354775
"S",375,"Y","S375Y",-0.798132805902792
"D",376,"A","D376A",0.904483997376532
"D",376,"C","D376C",-0.629462057265289
"D",376,"E","D376E",-0.637281065792964
"D",376,"F","D376F",0.983154339922797
"D",376,"G","D376G",0.664135508206465
"D",376,"H","D376H",-1.23652240582725
"D",376,"I","D376I",1.90506596340694
"D",376,"K","D376K",0.556141678403573
"D",376,"L","D376L",0.725085133740923
"D",376,"M","D376M",-0.503117790809602
"D",376,"N","D376N",-0.612920324921156
"D",376,"P","D376P",0.864556999920958
"D",376,"Q","D376Q",0.543790289633096
"D",376,"R","D376R",-1.05754353230959
"D",376,"S","D376S",0.768389178935883
"D",376,"T","D376T",0.440744098251678
"D",376,"V","D376V",2.78762055747194
"D",376,"W","D376W",-4.6469829390096
"D",376,"Y","D376Y",1.49787395234527
"I",377,"A","I377A",3.59876099221599
"I",377,"C","I377C",-0.22786475609749
"I",377,"D","I377D",1.23769831926751
"I",377,"E","I377E",0.202115003631988
"I",377,"F","I377F",0.0547799367428976
"I",377,"G","I377G",1.04651118306341
"I",377,"H","I377H",-0.487149449588266
"I",377,"K","I377K",-0.866548072639831
"I",377,"L","I377L",0.305526364292027
"I",377,"M","I377M",-0.67355830551525
"I",377,"N","I377N",-0.397945419205521
"I",377,"P","I377P",1.69040037957547
"I",377,"Q","I377Q",1.55457523693689
"I",377,"R","I377R",0.621239958344145
"I",377,"S","I377S",-0.734325865181585
"I",377,"T","I377T",0.0509016016995079
"I",377,"V","I377V",-0.174071436110855
"I",377,"W","I377W",0.597130027289868
"I",377,"Y","I377Y",0.557510572418126
"A",378,"C","A378C",1.44679989605832
"A",378,"D","A378D",0.366978933375591
"A",378,"E","A378E",-0.333315675387249
"A",378,"F","A378F",0.412208179883076
"A",378,"G","A378G",-0.397527982792464
"A",378,"H","A378H",0.780942597787033
"A",378,"I","A378I",0.251862583634466
"A",378,"K","A378K",0.667665153770557
"A",378,"L","A378L",1.2222142213413
"A",378,"M","A378M",0.576587732547601
"A",378,"N","A378N",1.05612614895001
"A",378,"P","A378P",0.102546795545026
"A",378,"Q","A378Q",-1.48093814678504
"A",378,"R","A378R",-0.248180452416
"A",378,"S","A378S",-0.907638078165189
"A",378,"T","A378T",0.536074931847215
"A",378,"V","A378V",1.15884281757012
"A",378,"W","A378W",-0.463030211411903
"A",378,"Y","A378Y",-0.233929030583483
"V",379,"A","V379A",-0.261645813551851
"V",379,"C","V379C",-0.393822416721159
"V",379,"D","V379D",1.76665329772773
"V",379,"E","V379E",-0.474379663985093
"V",379,"F","V379F",-0.603210470651095
"V",379,"G","V379G",-0.326229003012909
"V",379,"H","V379H",-1.1058514350245
"V",379,"I","V379I",0.799186684266779
"V",379,"K","V379K",0.311577696652189
"V",379,"L","V379L",0.182700249539196
"V",379,"M","V379M",-0.715592101884679
"V",379,"N","V379N",0.138365349283829
"V",379,"P","V379P",0.446746599925728
"V",379,"Q","V379Q",0.188413620622965
"V",379,"R","V379R",0.376129710900793
"V",379,"S","V379S",0.825966139807721
"V",379,"T","V379T",0.206807207019079
"V",379,"W","V379W",-1.07033644967895
"V",379,"Y","V379Y",-0.462551530064098
"E",380,"A","E380A",0.287907648710217
"E",380,"C","E380C",-0.323989729387949
"E",380,"D","E380D",-0.806351730184575
"E",380,"F","E380F",1.02360737519423
"E",380,"G","E380G",-0.453762251031011
"E",380,"H","E380H",-0.716856268942077
"E",380,"I","E380I",0.477652767975719
"E",380,"K","E380K",0.41891018062926
"E",380,"L","E380L",-1.66514426260354
"E",380,"M","E380M",1.97739891182505
"E",380,"N","E380N",1.06836558031304
"E",380,"P","E380P",0.600475214694867
"E",380,"Q","E380Q",0.442472164207313
"E",380,"R","E380R",0.615841395079934
"E",380,"S","E380S",0.338141002487909
"E",380,"T","E380T",-0.658655262610188
"E",380,"V","E380V",0.131382898831915
"E",380,"W","E380W",-2.17080854020416
"E",380,"Y","E380Y",-0.150833791217445
"W",381,"A","W381A",-1.90664721319231
"W",381,"C","W381C",-0.0355178601127053
"W",381,"D","W381D",4.5284157100404
"W",381,"E","W381E",0.494336756551877
"W",381,"F","W381F",-1.44223922876701
"W",381,"G","W381G",1.12964923548724
"W",381,"H","W381H",0.691817288466389
"W",381,"I","W381I",-0.668555660310359
"W",381,"K","W381K",-1.47684342126329
"W",381,"L","W381L",-0.408067032320355
"W",381,"M","W381M",0.965371003587734
"W",381,"N","W381N",1.46062381224548
"W",381,"P","W381P",2.82984125092553
"W",381,"Q","W381Q",1.95424847052304
"W",381,"R","W381R",-1.05793704491482
"W",381,"S","W381S",1.13354430693615
"W",381,"T","W381T",0.0803185397603022
"W",381,"V","W381V",0.972833028287849
"W",381,"Y","W381Y",-0.246382004356166
"E",382,"A","E382A",0.570437450563803
"E",382,"C","E382C",0.50868178595044
"E",382,"D","E382D",0.898956220160046
"E",382,"F","E382F",-0.22813511084852
"E",382,"G","E382G",0.911991776190604
"E",382,"H","E382H",0.827824396283692
"E",382,"I","E382I",0.219064134772785
"E",382,"K","E382K",0.395334341340148
"E",382,"L","E382L",-0.412997500549855
"E",382,"M","E382M",-0.834620325664439
"E",382,"N","E382N",0.894942785487993
"E",382,"P","E382P",0.275535761274464
"E",382,"Q","E382Q",0.479578692829821
"E",382,"R","E382R",1.00497319592559
"E",382,"S","E382S",-0.411015803703543
"E",382,"T","E382T",0.877155359594083
"E",382,"V","E382V",0.85866368107494
"E",382,"W","E382W",-0.746243339538354
"E",382,"Y","E382Y",0.0890951309879895
"S",383,"A","S383A",0.0129095104416154
"S",383,"C","S383C",0.839206599356571
"S",383,"D","S383D",0.632543780332452
"S",383,"E","S383E",-0.0269267117396842
"S",383,"F","S383F",0.0352029478759118
"S",383,"G","S383G",0.164959879431501
"S",383,"H","S383H",-0.519384267505161
"S",383,"I","S383I",0.603455803074795
"S",383,"K","S383K",-0.183208156271873
"S",383,"L","S383L",-0.99597698317159
"S",383,"M","S383M",-1.94000074602482
"S",383,"N","S383N",-1.17010872017566
"S",383,"P","S383P",1.28318979624332
"S",383,"Q","S383Q",0.90290267808985
"S",383,"R","S383R",0.178039252157688
"S",383,"T","S383T",-0.190111954022681
"S",383,"V","S383V",-0.523358354892465
"S",383,"W","S383W",-0.287920177649057
"S",383,"Y","S383Y",0.317102624332955
"N",384,"A","N384A",0.380885570791948
"N",384,"C","N384C",2.12924693780302
"N",384,"D","N384D",-0.155165038335503
"N",384,"E","N384E",1.19638173960368
"N",384,"F","N384F",1.25542502442421
"N",384,"G","N384G",-0.103392277179794
"N",384,"H","N384H",-0.0419791163638048
"N",384,"I","N384I",-1.28934717223207
"N",384,"K","N384K",0.915053808888582
"N",384,"L","N384L",-0.58814622299476
"N",384,"M","N384M",-0.794593020997132
"N",384,"P","N384P",0.232678726204667
"N",384,"Q","N384Q",-1.24091374088563
"N",384,"R","N384R",0.0593786326759423
"N",384,"S","N384S",0.349088632711937
"N",384,"T","N384T",-0.215503252592234
"N",384,"V","N384V",0.606154001144379
"N",384,"W","N384W",0.828542213711497
"N",384,"Y","N384Y",-1.71239044761891
"G",385,"A","G385A",0.313832291457775
"G",385,"C","G385C",-0.483584443965484
"G",385,"D","G385D",0.106969896725746
"G",385,"E","G385E",-3.14672734000193
"G",385,"F","G385F",-0.231911128788613
"G",385,"H","G385H",1.07826139236933
"G",385,"I","G385I",0.917934424191589
"G",385,"K","G385K",-0.624909773164822
"G",385,"L","G385L",1.11431687343477
"G",385,"M","G385M",0.563655193878399
"G",385,"N","G385N",-0.0226653044818326
"G",385,"P","G385P",-0.673861605565473
"G",385,"Q","G385Q",-0.378565418263362
"G",385,"R","G385R",-0.774775211980468
"G",385,"S","G385S",-0.0750121280814889
"G",385,"T","G385T",-0.151228253170529
"G",385,"V","G385V",-0.464690066791166
"G",385,"W","G385W",0.165625708562637
"G",385,"Y","G385Y",-0.923750155113376
"Q",386,"A","Q386A",-0.367718420405572
"Q",386,"C","Q386C",-0.994640147923635
"Q",386,"D","Q386D",0.477533780788251
"Q",386,"E","Q386E",1.05201430759816
"Q",386,"F","Q386F",0.196840953691895
"Q",386,"G","Q386G",0.228586391094278
"Q",386,"H","Q386H",1.32295371767583
"Q",386,"I","Q386I",-0.267102502297403
"Q",386,"K","Q386K",0.484513372990365
"Q",386,"L","Q386L",-0.603728117878536
"Q",386,"M","Q386M",0.273359483506543
"Q",386,"N","Q386N",-0.0893753063430634
"Q",386,"P","Q386P",-0.0382604065845408
"Q",386,"R","Q386R",-0.325295944561099
"Q",386,"S","Q386S",1.24393661681621
"Q",386,"V","Q386V",0.305508171840552
"Q",386,"W","Q386W",-0.219283445979408
"Q",386,"Y","Q386Y",-1.028759340358
"P",387,"A","P387A",0.218101103019331
"P",387,"C","P387C",0.673792947676287
"P",387,"D","P387D",0.497229014274681
"P",387,"E","P387E",-1.45154826466543
"P",387,"F","P387F",2.12913172011735
"P",387,"G","P387G",-0.234083101520006
"P",387,"H","P387H",-0.374054094502461
"P",387,"I","P387I",1.64278347854811
"P",387,"K","P387K",-0.662877970382397
"P",387,"L","P387L",-0.781534133474099
"P",387,"M","P387M",0.238588050068984
"P",387,"N","P387N",0.3750107377371
"P",387,"Q","P387Q",-1.06736075232417
"P",387,"R","P387R",-0.444609146615574
"P",387,"S","P387S",0.841731909752381
"P",387,"T","P387T",-0.324713762569526
"P",387,"V","P387V",0.714041100764226
"P",387,"W","P387W",0.0724529078744839
"P",387,"Y","P387Y",-0.188774392694367
"E",388,"A","E388A",0.255484733778347
"E",388,"C","E388C",0.527536293904188
"E",388,"D","E388D",0.278271789444573
"E",388,"F","E388F",0.38295737801494
"E",388,"G","E388G",-0.099491903567808
"E",388,"H","E388H",3.84418486768378
"E",388,"I","E388I",-0.306052841029804
"E",388,"K","E388K",1.11752503680667
"E",388,"L","E388L",-0.339559882631517
"E",388,"M","E388M",-0.252510465092389
"E",388,"N","E388N",0.872846358403755
"E",388,"P","E388P",-0.916267935439164
"E",388,"Q","E388Q",-0.0956926288593022
"E",388,"R","E388R",0.419404242432979
"E",388,"S","E388S",-0.87653919202932
"E",388,"T","E388T",0.108143560770508
"E",388,"V","E388V",0.407881584391626
"E",388,"W","E388W",0.00538270486068512
"E",388,"Y","E388Y",-1.06702278264819
"N",389,"A","N389A",0.202997278172367
"N",389,"C","N389C",-0.12504543957713
"N",389,"D","N389D",0.362927303224409
"N",389,"E","N389E",1.00747332998654
"N",389,"F","N389F",0.262513165186415
"N",389,"G","N389G",-1.13738745735692
"N",389,"H","N389H",1.31297487660156
"N",389,"I","N389I",0.729634295525009
"N",389,"K","N389K",-0.0119174470947852
"N",389,"L","N389L",-2.42010751910677
"N",389,"M","N389M",-2.36548405425492
"N",389,"P","N389P",-1.96883647883857
"N",389,"Q","N389Q",-0.47634496986428
"N",389,"R","N389R",0.059618115638255
"N",389,"S","N389S",0.105361984072281
"N",389,"T","N389T",0.1984430713729
"N",389,"V","N389V",0.207582340192405
"N",389,"W","N389W",0.23444903333691
"N",389,"Y","N389Y",0.529291179574772
"N",390,"A","N390A",0.33341319063847
"N",390,"C","N390C",0.692277062780178
"N",390,"D","N390D",0.236593772979047
"N",390,"E","N390E",-0.173584443797136
"N",390,"F","N390F",-0.242419057473811
"N",390,"G","N390G",-0.545921581298583
"N",390,"H","N390H",-1.46815743166768
"N",390,"I","N390I",-1.38349085712128
"N",390,"K","N390K",-1.20726196359689
"N",390,"L","N390L",0.509724651002563
"N",390,"M","N390M",-0.110235656048397
"N",390,"P","N390P",0.714626215623321
"N",390,"Q","N390Q",-0.973712742169464
"N",390,"R","N390R",-1.11518184451676
"N",390,"S","N390S",-0.186046527450261
"N",390,"T","N390T",-1.81436992490569
"N",390,"V","N390V",0.677587930759769
"N",390,"W","N390W",0.0697597677903284
"N",390,"Y","N390Y",0.115449336082591
"Y",391,"A","Y391A",0.571675832159371
"Y",391,"C","Y391C",0.193692457431265
"Y",391,"D","Y391D",0.198279221385797
"Y",391,"E","Y391E",-0.212283353402357
"Y",391,"F","Y391F",0.50542573558088
"Y",391,"G","Y391G",-1.02419362394584
"Y",391,"H","Y391H",0.0474865530071213
"Y",391,"I","Y391I",-0.0358003217740035
"Y",391,"K","Y391K",0.78563695643923
"Y",391,"L","Y391L",0.310347150152958
"Y",391,"M","Y391M",-0.623903039782018
"Y",391,"N","Y391N",-0.443470036413447
"Y",391,"P","Y391P",1.07319171859008
"Y",391,"Q","Y391Q",-1.22379332665058
"Y",391,"R","Y391R",-0.0105392275632538
"Y",391,"S","Y391S",-0.335451125953592
"Y",391,"T","Y391T",0.104460428282856
"Y",391,"V","Y391V",1.95969025764437
"Y",391,"W","Y391W",-0.0519611070356426
"K",392,"A","K392A",-0.824914802916409
"K",392,"C","K392C",-0.338486695049491
"K",392,"D","K392D",-1.04954962420815
"K",392,"E","K392E",0.139853920330635
"K",392,"F","K392F",-0.919897728573967
"K",392,"G","K392G",-0.895492785621864
"K",392,"H","K392H",-0.862673662148375
"K",392,"I","K392I",0.298864331748856
"K",392,"L","K392L",0.198315094045285
"K",392,"M","K392M",-0.232375924840246
"K",392,"N","K392N",-0.308307189836299
"K",392,"P","K392P",0.476836202981487
"K",392,"Q","K392Q",-0.752375918455543
"K",392,"R","K392R",-1.54874614530668
"K",392,"S","K392S",1.36725255852246
"K",392,"T","K392T",1.18606751086321
"K",392,"V","K392V",1.66736346929979
"K",392,"W","K392W",-0.237037878606033
"K",392,"Y","K392Y",0.590264906050875
"T",393,"A","T393A",0.0457406551278024
"T",393,"C","T393C",-0.505865927829865
"T",393,"D","T393D",0.107514400886269
"T",393,"E","T393E",-1.83179045834977
"T",393,"F","T393F",1.07242233880114
"T",393,"G","T393G",0.596409635489434
"T",393,"H","T393H",0.845317937042621
"T",393,"I","T393I",-0.538307419085376
"T",393,"K","T393K",-0.0935127428311593
"T",393,"L","T393L",-0.262012569342389
"T",393,"M","T393M",-0.17789514956076
"T",393,"N","T393N",0.292945905830848
"T",393,"P","T393P",0.967016310395462
"T",393,"Q","T393Q",1.17196486343814
"T",393,"R","T393R",1.12946902037109
"T",393,"S","T393S",-2.74946547501478
"T",393,"V","T393V",0.635094615329844
"T",393,"W","T393W",1.95892317582802
"T",393,"Y","T393Y",1.75815647596046
"T",394,"A","T394A",0.679225654407849
"T",394,"C","T394C",1.3994648784159
"T",394,"D","T394D",0.614611288583735
"T",394,"E","T394E",-0.198118733236987
"T",394,"F","T394F",1.90107683363473
"T",394,"G","T394G",0.224647607123039
"T",394,"H","T394H",0.225073143963183
"T",394,"I","T394I",1.52334931366274
"T",394,"K","T394K",2.2265917070679
"T",394,"L","T394L",1.18314897192231
"T",394,"M","T394M",-0.472656590695143
"T",394,"N","T394N",0.391572053510036
"T",394,"P","T394P",-0.887133957304534
"T",394,"Q","T394Q",0.157533145694185
"T",394,"R","T394R",0.185391749028311
"T",394,"S","T394S",0.728619315464434
"T",394,"V","T394V",-0.172205429698244
"T",394,"W","T394W",2.75189139319547
"T",394,"Y","T394Y",0.243630354967101
"P",395,"A","P395A",-0.914303664976708
"P",395,"C","P395C",-1.551520447996
"P",395,"D","P395D",0.203322494943666
"P",395,"E","P395E",0.480196647197047
"P",395,"F","P395F",0.0479430365613898
"P",395,"G","P395G",0.459338072591895
"P",395,"H","P395H",0.553374714863465
"P",395,"I","P395I",1.00335231332266
"P",395,"K","P395K",2.62257068230264
"P",395,"L","P395L",-0.362141725050896
"P",395,"M","P395M",0.127634930472418
"P",395,"N","P395N",1.06988779384041
"P",395,"Q","P395Q",-0.0412421332932991
"P",395,"R","P395R",0.372510644376073
"P",395,"S","P395S",-0.0339452945874004
"P",395,"T","P395T",0.252676135346062
"P",395,"V","P395V",-1.30137650036115
"P",395,"W","P395W",3.31881321868187
"P",395,"Y","P395Y",-0.0623619962869662
"P",396,"A","P396A",-0.265506954731904
"P",396,"C","P396C",-0.262594485455621
"P",396,"D","P396D",0.549558089702752
"P",396,"E","P396E",0.263059717321137
"P",396,"F","P396F",1.30655023611844
"P",396,"G","P396G",1.00870479123685
"P",396,"H","P396H",-1.19593980273683
"P",396,"I","P396I",-0.4284713510904
"P",396,"K","P396K",0.981797092442417
"P",396,"L","P396L",0.398900410816683
"P",396,"M","P396M",1.03744673786353
"P",396,"N","P396N",0.98168829441048
"P",396,"Q","P396Q",1.36461151428332
"P",396,"R","P396R",0.897862362701764
"P",396,"S","P396S",1.34937243504891
"P",396,"T","P396T",1.38109109413067
"P",396,"V","P396V",0.395787701223405
"P",396,"W","P396W",-0.2678354774259
"P",396,"Y","P396Y",-0.97509662528495
"V",397,"A","V397A",0.0430802832224553
"V",397,"C","V397C",0.168949862740274
"V",397,"D","V397D",0.206119448075739
"V",397,"E","V397E",-1.48770426966126
"V",397,"F","V397F",1.39927102030152
"V",397,"G","V397G",-0.0269331727790012
"V",397,"H","V397H",0.120879971629784
"V",397,"I","V397I",0.553058695504241
"V",397,"K","V397K",0.140382912543267
"V",397,"L","V397L",0.494190991459108
"V",397,"M","V397M",0.551452855735179
"V",397,"N","V397N",0.793900154878737
"V",397,"P","V397P",-0.0602496350375757
"V",397,"Q","V397Q",1.49719475116825
"V",397,"R","V397R",0.326750601619025
"V",397,"S","V397S",-1.62345581678516
"V",397,"T","V397T",-0.154572142375309
"V",397,"W","V397W",0.693435969071504
"V",397,"Y","V397Y",0.696314700887873
"L",398,"A","L398A",0.595732105983012
"L",398,"C","L398C",0.809081048045959
"L",398,"D","L398D",-1.51747641435542
"L",398,"E","L398E",-1.36142154558518
"L",398,"F","L398F",-0.529452789399477
"L",398,"G","L398G",-0.769544732730471
"L",398,"H","L398H",-0.60918826650649
"L",398,"I","L398I",0.650094958073829
"L",398,"K","L398K",-0.366453903263046
"L",398,"M","L398M",-0.174164614775875
"L",398,"N","L398N",-0.458284705627559
"L",398,"P","L398P",-0.829871881881132
"L",398,"Q","L398Q",0.479181869147901
"L",398,"R","L398R",-0.312394558935215
"L",398,"S","L398S",-0.83273096270574
"L",398,"T","L398T",0.510711435385175
"L",398,"V","L398V",0.675917503561307
"L",398,"W","L398W",0.439987841639076
"L",398,"Y","L398Y",-0.417750756345356
"D",399,"A","D399A",0.383870716049904
"D",399,"C","D399C",0.39079967376809
"D",399,"E","D399E",1.10950883776113
"D",399,"F","D399F",0.607780718667352
"D",399,"G","D399G",0.602290100682714
"D",399,"H","D399H",0.515748474048604
"D",399,"I","D399I",1.13407311230484
"D",399,"K","D399K",-0.604406175039231
"D",399,"L","D399L",0.69057657350349
"D",399,"M","D399M",0.736555672327255
"D",399,"N","D399N",0.952483647371431
"D",399,"P","D399P",2.05121105016741
"D",399,"Q","D399Q",0.520278113754899
"D",399,"R","D399R",0.896657385367788
"D",399,"S","D399S",0.680318262677762
"D",399,"T","D399T",1.82421988684554
"D",399,"V","D399V",3.59494438692201
"D",399,"W","D399W",0.30958942541707
"D",399,"Y","D399Y",1.46461689652876
"S",400,"A","S400A",-1.19619701801718
"S",400,"C","S400C",0.103726785618768
"S",400,"D","S400D",-0.579172016792983
"S",400,"E","S400E",0.318813871767502
"S",400,"F","S400F",0.76056237620206
"S",400,"G","S400G",1.66701209118796
"S",400,"H","S400H",-1.52415709793755
"S",400,"I","S400I",-0.243955902503457
"S",400,"K","S400K",-1.23381909037868
"S",400,"L","S400L",0.375107656282332
"S",400,"M","S400M",-0.159934991977797
"S",400,"N","S400N",0.824066432079195
"S",400,"P","S400P",1.5084190277123
"S",400,"Q","S400Q",1.37002899252682
"S",400,"R","S400R",-0.75971676234612
"S",400,"T","S400T",-0.345178450411942
"S",400,"V","S400V",-0.36218546220293
"S",400,"W","S400W",0.124576342942766
"S",400,"Y","S400Y",0.0109018344105725
"D",401,"A","D401A",-0.589352322872864
"D",401,"C","D401C",-0.587497593527576
"D",401,"E","D401E",0.168265282892099
"D",401,"F","D401F",0.772995633989534
"D",401,"G","D401G",1.42141350618431
"D",401,"H","D401H",0.892976859310773
"D",401,"I","D401I",-0.706745798457598
"D",401,"K","D401K",-1.21056828176402
"D",401,"L","D401L",0.958974921602142
"D",401,"M","D401M",0.0819041448190874
"D",401,"N","D401N",-0.321194054289098
"D",401,"P","D401P",1.25826720033134
"D",401,"Q","D401Q",0.305860762335556
"D",401,"R","D401R",-0.719078565702495
"D",401,"S","D401S",-1.2105279443715
"D",401,"T","D401T",0.126295179892762
"D",401,"V","D401V",-0.87453805853188
"D",401,"W","D401W",-0.738884509132631
"D",401,"Y","D401Y",0.40590006073942
"G",402,"A","G402A",-0.304693614320865
"G",402,"C","G402C",1.57832043541998
"G",402,"D","G402D",-0.0987709600372574
"G",402,"E","G402E",-0.302469573380135
"G",402,"F","G402F",-1.15762321393374
"G",402,"H","G402H",0.635574929282088
"G",402,"I","G402I",-1.57154978903339
"G",402,"K","G402K",0.0926736210165803
"G",402,"L","G402L",-0.0636981408673457
"G",402,"M","G402M",2.3091470743735
"G",402,"N","G402N",0.142571406821667
"G",402,"P","G402P",-1.04364872669612
"G",402,"Q","G402Q",0.754142345090929
"G",402,"R","G402R",0.87551597282134
"G",402,"S","G402S",-0.0795975879879095
"G",402,"T","G402T",-0.127757442414151
"G",402,"V","G402V",-0.93329554007544
"G",402,"W","G402W",-0.0931217809439387
"G",402,"Y","G402Y",-0.174402239379989
"S",403,"A","S403A",-0.495789979260987
"S",403,"C","S403C",0.0421416044605795
"S",403,"D","S403D",0.346399692791836
"S",403,"E","S403E",-1.43906248462739
"S",403,"F","S403F",0.269914066871829
"S",403,"G","S403G",-1.12878378130747
"S",403,"H","S403H",-0.565383915585357
"S",403,"I","S403I",-0.664186401902841
"S",403,"K","S403K",-2.1905034242353
"S",403,"L","S403L",0.0889332307675284
"S",403,"M","S403M",0.860299933522851
"S",403,"N","S403N",-0.0797140359598663
"S",403,"P","S403P",0.49448090333634
"S",403,"Q","S403Q",-0.480282259640469
"S",403,"R","S403R",0.316845306490843
"S",403,"T","S403T",1.30244792911999
"S",403,"V","S403V",0.776515018065201
"S",403,"W","S403W",-0.387415946856606
"S",403,"Y","S403Y",-2.48150387801872
"F",404,"A","F404A",-1.17047683811318
"F",404,"C","F404C",-0.414997044620371
"F",404,"D","F404D",1.47571266415142
"F",404,"E","F404E",0.576574787879414
"F",404,"G","F404G",-0.00561916435603504
"F",404,"H","F404H",-0.966755011195948
"F",404,"I","F404I",-1.55298873550609
"F",404,"K","F404K",1.17234855053323
"F",404,"L","F404L",0.3360760764734
"F",404,"M","F404M",0.606096942465418
"F",404,"N","F404N",-0.0927975213555627
"F",404,"P","F404P",-0.23702503025037
"F",404,"Q","F404Q",1.03843298392159
"F",404,"R","F404R",-0.751819842009139
"F",404,"S","F404S",0.0265049599473535
"F",404,"T","F404T",1.42209037637708
"F",404,"V","F404V",1.09543783713943
"F",404,"W","F404W",-0.131431243990917
"F",404,"Y","F404Y",0.992810119968773
"F",405,"A","F405A",0.594480272078631
"F",405,"C","F405C",0.837855797590716
"F",405,"D","F405D",1.15138377574822
"F",405,"E","F405E",0.848453337502538
"F",405,"G","F405G",-0.143900984127585
"F",405,"H","F405H",-0.937167236054068
"F",405,"I","F405I",0.06809808204328
"F",405,"K","F405K",1.63344934913159
"F",405,"L","F405L",-0.936946240246536
"F",405,"M","F405M",0.294168403635821
"F",405,"N","F405N",1.41217481283775
"F",405,"P","F405P",1.87414010052423
"F",405,"Q","F405Q",0.863330490886536
"F",405,"R","F405R",1.69406386442825
"F",405,"S","F405S",2.12307160178379
"F",405,"T","F405T",-0.972838165358603
"F",405,"V","F405V",-0.101018443523633
"F",405,"W","F405W",1.27369661321814
"F",405,"Y","F405Y",-0.781333086694626
"L",406,"A","L406A",0.440175345783738
"L",406,"C","L406C",-0.528965867912927
"L",406,"D","L406D",0.0578144779568775
"L",406,"E","L406E",0.00279070994767384
"L",406,"F","L406F",0.893514755891723
"L",406,"G","L406G",-1.24177797007208
"L",406,"H","L406H",0.132621035342105
"L",406,"I","L406I",-0.426059767445041
"L",406,"K","L406K",-0.832115496938222
"L",406,"M","L406M",2.33304041682066
"L",406,"N","L406N",1.03067255288447
"L",406,"P","L406P",0.670817276213925
"L",406,"Q","L406Q",0.837247524837163
"L",406,"R","L406R",0.647571494022328
"L",406,"S","L406S",-0.00391494195429154
"L",406,"T","L406T",-1.05839479363959
"L",406,"V","L406V",-0.115910768706311
"L",406,"W","L406W",0.953332722266285
"L",406,"Y","L406Y",-0.64702011607763
"Y",407,"A","Y407A",-0.783071617899094
"Y",407,"C","Y407C",-0.385831902824722
"Y",407,"D","Y407D",1.67030203835328
"Y",407,"E","Y407E",-0.550684363301583
"Y",407,"F","Y407F",-0.345896068508663
"Y",407,"G","Y407G",-0.0246392241538287
"Y",407,"H","Y407H",0.0888406595638132
"Y",407,"I","Y407I",1.1042983667714
"Y",407,"K","Y407K",0.169755288781828
"Y",407,"L","Y407L",-1.9259110091974
"Y",407,"M","Y407M",-0.694731665299876
"Y",407,"N","Y407N",0.51536307697595
"Y",407,"P","Y407P",2.47745725748336
"Y",407,"Q","Y407Q",0.290530957120537
"Y",407,"R","Y407R",-0.38620047957937
"Y",407,"S","Y407S",-0.425576062600511
"Y",407,"T","Y407T",0.0972070910995545
"Y",407,"V","Y407V",1.02118742792763
"Y",407,"W","Y407W",1.46546574353831
"S",408,"A","S408A",-0.00573153907076423
"S",408,"C","S408C",0.171208539762596
"S",408,"D","S408D",0.197762820312106
"S",408,"E","S408E",-1.68404655882439
"S",408,"F","S408F",1.07944255134098
"S",408,"G","S408G",0.300091115740417
"S",408,"H","S408H",0.988613955501363
"S",408,"I","S408I",0.331547733662737
"S",408,"K","S408K",0.409707498231783
"S",408,"L","S408L",-1.6954772490985
"S",408,"M","S408M",-0.166113954871449
"S",408,"N","S408N",-0.820170746902401
"S",408,"P","S408P",2.94555580774385
"S",408,"Q","S408Q",1.49882189799834
"S",408,"R","S408R",1.35614907050228
"S",408,"T","S408T",-1.79731827785224
"S",408,"V","S408V",-0.709766689113223
"S",408,"W","S408W",1.03968837842114
"S",408,"Y","S408Y",1.21135304535342
"K",409,"A","K409A",0.629862187096835
"K",409,"C","K409C",-0.119435516469781
"K",409,"D","K409D",-0.480041756622972
"K",409,"E","K409E",0.55547196744812
"K",409,"F","K409F",-0.269388439770601
"K",409,"G","K409G",-0.173998266511769
"K",409,"H","K409H",1.30027219553178
"K",409,"I","K409I",0.810233124201678
"K",409,"L","K409L",0.634151641536711
"K",409,"M","K409M",-0.241836111330075
"K",409,"N","K409N",1.78670532394661
"K",409,"P","K409P",-0.555668441775482
"K",409,"Q","K409Q",1.65474054382262
"K",409,"R","K409R",2.04434532280676
"K",409,"S","K409S",-0.226085605447261
"K",409,"T","K409T",-0.769047591636336
"K",409,"V","K409V",0.679647561933294
"K",409,"W","K409W",-0.144276041835404
"K",409,"Y","K409Y",2.23488558631723
"L",410,"A","L410A",0.837533784852212
"L",410,"C","L410C",0.126849836256902
"L",410,"D","L410D",-1.21085065985624
"L",410,"E","L410E",-0.357340641241573
"L",410,"F","L410F",-0.0753927266061934
"L",410,"G","L410G",-0.639578681351254
"L",410,"H","L410H",0.556175246820691
"L",410,"I","L410I",1.07276692682143
"L",410,"K","L410K",-0.516017168179044
"L",410,"M","L410M",-1.37495457007574
"L",410,"N","L410N",-0.275068072106696
"L",410,"P","L410P",2.07809879318647
"L",410,"Q","L410Q",0.380725290303623
"L",410,"R","L410R",0.0740740120767531
"L",410,"S","L410S",-0.633812787778939
"L",410,"T","L410T",0.723294162033254
"L",410,"V","L410V",-0.909854821469798
"L",410,"W","L410W",-0.751789965543038
"L",410,"Y","L410Y",-0.501012446003398
"T",411,"A","T411A",0.39859478703369
"T",411,"C","T411C",-1.28595430935289
"T",411,"D","T411D",0.48281340377881
"T",411,"E","T411E",0.136348336142571
"T",411,"F","T411F",0.0604529603009873
"T",411,"G","T411G",0.333465513881279
"T",411,"H","T411H",0.156205870227767
"T",411,"I","T411I",0.0341721516824145
"T",411,"K","T411K",0.475481614737015
"T",411,"L","T411L",-0.610009532248833
"T",411,"M","T411M",0.0385570358590016
"T",411,"N","T411N",0.711859997255113
"T",411,"P","T411P",-0.789091425459716
"T",411,"Q","T411Q",0.702339472342774
"T",411,"R","T411R",-0.853691299193398
"T",411,"S","T411S",0.111682789496925
"T",411,"V","T411V",0.213704246313985
"T",411,"W","T411W",0.273903896112815
"T",411,"Y","T411Y",0.0140745301068424
"V",412,"A","V412A",-0.803855111042902
"V",412,"C","V412C",0.320607210546667
"V",412,"D","V412D",0.431416624556622
"V",412,"E","V412E",-2.85595453311674
"V",412,"F","V412F",-1.47288816876015
"V",412,"G","V412G",0.23097884459432
"V",412,"H","V412H",0.673434277018873
"V",412,"I","V412I",0.0524293693743113
"V",412,"K","V412K",-1.17125669483273
"V",412,"L","V412L",0.472223316533168
"V",412,"M","V412M",-0.915669694560971
"V",412,"N","V412N",0.521021905813276
"V",412,"P","V412P",0.666727960525018
"V",412,"Q","V412Q",-0.839344443105299
"V",412,"R","V412R",-1.73261866313292
"V",412,"S","V412S",-0.170305480234177
"V",412,"T","V412T",0.229726958178968
"V",412,"W","V412W",0.898760311333951
"V",412,"Y","V412Y",1.62750452309486
"D",413,"A","D413A",-0.80045906641582
"D",413,"C","D413C",-0.506254884847409
"D",413,"E","D413E",0.781065288110909
"D",413,"F","D413F",0.275214172780653
"D",413,"G","D413G",1.05683795100487
"D",413,"H","D413H",-0.628484068296193
"D",413,"I","D413I",-1.0810952993698
"D",413,"K","D413K",-0.466885044429518
"D",413,"L","D413L",-0.131613449699591
"D",413,"M","D413M",0.967981697356966
"D",413,"N","D413N",0.979035251834115
"D",413,"P","D413P",-0.0949260542957859
"D",413,"Q","D413Q",-1.45665776280038
"D",413,"R","D413R",-0.00845979359378267
"D",413,"S","D413S",-0.504216296214762
"D",413,"T","D413T",0.473429901250746
"D",413,"V","D413V",-0.424304203293432
"D",413,"W","D413W",-0.316183276979921
"D",413,"Y","D413Y",0.315396277813491
"K",414,"A","K414A",-0.0288721588433744
"K",414,"C","K414C",-0.141698160887245
"K",414,"D","K414D",-0.143693571349281
"K",414,"E","K414E",-0.278245004456597
"K",414,"F","K414F",0.980472828264995
"K",414,"G","K414G",-0.584834745148302
"K",414,"H","K414H",-0.826810791735072
"K",414,"I","K414I",-0.0214516238939116
"K",414,"L","K414L",-0.0716185089593909
"K",414,"M","K414M",-0.0699214277014537
"K",414,"N","K414N",-0.258245067515049
"K",414,"P","K414P",-0.272854462780521
"K",414,"Q","K414Q",1.27180302250882
"K",414,"R","K414R",0.240581438237916
"K",414,"S","K414S",-0.282244601810555
"K",414,"T","K414T",-0.292345404469548
"K",414,"V","K414V",0.558114699527107
"K",414,"W","K414W",-0.324348086243811
"K",414,"Y","K414Y",-0.753875857370136
"S",415,"A","S415A",-1.17125126045047
"S",415,"C","S415C",0.483913946360236
"S",415,"D","S415D",0.365423948734106
"S",415,"E","S415E",1.01383389780261
"S",415,"F","S415F",-0.51517535844614
"S",415,"G","S415G",0.913956404459922
"S",415,"H","S415H",0.525033598386933
"S",415,"I","S415I",0.592078241764654
"S",415,"K","S415K",0.0056782628772015
"S",415,"L","S415L",0.708099733677563
"S",415,"M","S415M",0.981529150459205
"S",415,"N","S415N",0.159214066915754
"S",415,"P","S415P",-0.707637093033964
"S",415,"Q","S415Q",-0.474604128511623
"S",415,"R","S415R",0.0392385769948884
"S",415,"T","S415T",1.11091105494322
"S",415,"V","S415V",-0.895830992281452
"S",415,"W","S415W",-0.0153942458584126
"S",415,"Y","S415Y",-1.54260242726034
"R",416,"A","R416A",0.0660533906170009
"R",416,"C","R416C",0.0913033651292662
"R",416,"D","R416D",0.0584517736954553
"R",416,"E","R416E",0.28676266018142
"R",416,"F","R416F",0.918503256769216
"R",416,"G","R416G",-0.451952786567062
"R",416,"H","R416H",-0.31825687385669
"R",416,"I","R416I",-1.9304077504946
"R",416,"K","R416K",0.284742276637032
"R",416,"L","R416L",0.117067733020012
"R",416,"M","R416M",0.572571165917469
"R",416,"N","R416N",1.07891701561181
"R",416,"P","R416P",0.566911850397465
"R",416,"Q","R416Q",1.19503653970485
"R",416,"S","R416S",-0.801533847201399
"R",416,"T","R416T",-0.437030801802075
"R",416,"V","R416V",0.529422188667765
"R",416,"W","R416W",-0.0573078889339816
"R",416,"Y","R416Y",-0.33284116710145
"W",417,"A","W417A",-0.37083671284727
"W",417,"C","W417C",0.634500832288837
"W",417,"D","W417D",0.480618504280561
"W",417,"E","W417E",-0.57907918323278
"W",417,"F","W417F",0.194273854870656
"W",417,"G","W417G",0.375875652021727
"W",417,"H","W417H",0.089577936036934
"W",417,"I","W417I",-0.0663975091380533
"W",417,"K","W417K",-0.0333914228069222
"W",417,"L","W417L",-0.640855871623356
"W",417,"M","W417M",1.07070361703081
"W",417,"N","W417N",0.411795705854356
"W",417,"P","W417P",-0.132377634894376
"W",417,"Q","W417Q",0.307813835629852
"W",417,"R","W417R",-2.04679273191879
"W",417,"S","W417S",-0.502254701124072
"W",417,"T","W417T",2.66913541663981
"W",417,"V","W417V",-0.505384334325994
"W",417,"Y","W417Y",0.895728690862613
"Q",418,"A","Q418A",0.087238960404645
"Q",418,"C","Q418C",0.34222587981859
"Q",418,"D","Q418D",0.091612359631921
"Q",418,"E","Q418E",0.219470470068986
"Q",418,"F","Q418F",-0.147565193148007
"Q",418,"G","Q418G",0.744914352405265
"Q",418,"H","Q418H",-1.83393535926726
"Q",418,"I","Q418I",1.96659242977576
"Q",418,"K","Q418K",0.077849708078281
"Q",418,"L","Q418L",0.520561127675037
"Q",418,"M","Q418M",-0.0224249815795675
"Q",418,"N","Q418N",0.139893721741664
"Q",418,"P","Q418P",0.239954837774401
"Q",418,"R","Q418R",-0.707369987569018
"Q",418,"S","Q418S",0.459703331266902
"Q",418,"T","Q418T",0.279446400931391
"Q",418,"V","Q418V",-0.678576481283959
"Q",418,"W","Q418W",-0.78992485043787
"Q",418,"Y","Q418Y",-1.74797002463871
"Q",419,"A","Q419A",-0.250540719119149
"Q",419,"C","Q419C",-0.548360203410975
"Q",419,"D","Q419D",0.628669021135779
"Q",419,"E","Q419E",0.317724434831221
"Q",419,"F","Q419F",-0.594199491734833
"Q",419,"G","Q419G",0.225892481662936
"Q",419,"H","Q419H",-0.961964733322813
"Q",419,"I","Q419I",-0.990936444053613
"Q",419,"K","Q419K",0.581720716042465
"Q",419,"L","Q419L",0.983448449802148
"Q",419,"M","Q419M",-0.0438297604004302
"Q",419,"N","Q419N",0.809715841908863
"Q",419,"P","Q419P",0.191118450451933
"Q",419,"R","Q419R",-0.590106851595645
"Q",419,"S","Q419S",0.486090239729581
"Q",419,"T","Q419T",0.287031118457604
"Q",419,"V","Q419V",-0.0221190974141953
"Q",419,"W","Q419W",-0.865862406798634
"Q",419,"Y","Q419Y",-0.499195300130752
"G",420,"A","G420A",-0.00279857446248712
"G",420,"C","G420C",-0.688411421162819
"G",420,"D","G420D",0.913447706106424
"G",420,"E","G420E",0.194747487447419
"G",420,"F","G420F",-1.33017799659068
"G",420,"H","G420H",-0.622586615768476
"G",420,"I","G420I",0.351754584127792
"G",420,"K","G420K",0.218264394461865
"G",420,"L","G420L",-1.09651944260882
"G",420,"M","G420M",-1.67421864224229
"G",420,"N","G420N",0.0968729909990774
"G",420,"P","G420P",-0.595617514268392
"G",420,"Q","G420Q",-0.421122007237496
"G",420,"R","G420R",0.665632012511482
"G",420,"S","G420S",0.352601964387337
"G",420,"T","G420T",-1.02202102055877
"G",420,"V","G420V",-0.610149144284315
"G",420,"W","G420W",-0.153657055974888
"G",420,"Y","G420Y",1.20221140049618
"N",421,"A","N421A",0.639208043546376
"N",421,"C","N421C",-0.2632246524858
"N",421,"D","N421D",0.235538225841667
"N",421,"E","N421E",0.454862687869885
"N",421,"F","N421F",-0.8905713667709
"N",421,"G","N421G",-0.250194693837439
"N",421,"H","N421H",-0.183527584427587
"N",421,"I","N421I",0.943115859879557
"N",421,"K","N421K",0.234466362647852
"N",421,"L","N421L",0.249594248689588
"N",421,"M","N421M",0.560184521603191
"N",421,"P","N421P",0.710635472102836
"N",421,"Q","N421Q",-0.148059741865526
"N",421,"R","N421R",0.38527772621308
"N",421,"S","N421S",-0.0953611530104951
"N",421,"T","N421T",-1.24451289501207
"N",421,"V","N421V",0.233803253842315
"N",421,"W","N421W",0.819461985128506
"N",421,"Y","N421Y",0.0299470547710146
"V",422,"A","V422A",1.68322876095061
"V",422,"C","V422C",0.0834034793333483
"V",422,"D","V422D",-0.306667982991504
"V",422,"E","V422E",-0.140472374922305
"V",422,"F","V422F",0.479568409649992
"V",422,"G","V422G",-0.0858792582512298
"V",422,"H","V422H",0.682111608054784
"V",422,"I","V422I",-0.761778797918242
"V",422,"K","V422K",0.16505917837364
"V",422,"L","V422L",0.077161165437856
"V",422,"M","V422M",-1.38564357246269
"V",422,"N","V422N",2.17048177234088
"V",422,"P","V422P",1.13138329084111
"V",422,"Q","V422Q",-1.32622528098735
"V",422,"R","V422R",0.0227036779953728
"V",422,"S","V422S",0.0131704936047242
"V",422,"T","V422T",-0.0774029523268714
"V",422,"W","V422W",0.799968449371155
"V",422,"Y","V422Y",0.924317136563038
"F",423,"A","F423A",0.17847521798081
"F",423,"C","F423C",0.340285994305427
"F",423,"D","F423D",0.255343522329911
"F",423,"E","F423E",-0.391797638917578
"F",423,"G","F423G",0.151972259123144
"F",423,"H","F423H",-0.11389583506861
"F",423,"I","F423I",-0.299176804265072
"F",423,"K","F423K",2.94846498948105
"F",423,"L","F423L",0.329785325320026
"F",423,"M","F423M",-0.0350782250221171
"F",423,"N","F423N",-0.343482603187888
"F",423,"P","F423P",0.607920944816346
"F",423,"Q","F423Q",0.647448794984268
"F",423,"R","F423R",-0.475302260267833
"F",423,"S","F423S",0.796353186356277
"F",423,"T","F423T",-0.190612055957721
"F",423,"V","F423V",-0.479496123718867
"F",423,"W","F423W",0.108023237730526
"F",423,"Y","F423Y",0.381631875809876
"S",424,"A","S424A",-2.04783327885236
"S",424,"C","S424C",0.725954568880377
"S",424,"D","S424D",-1.42802322015757
"S",424,"E","S424E",-3.38242047714038
"S",424,"F","S424F",-0.689432752064733
"S",424,"G","S424G",0.397963546212873
"S",424,"H","S424H",-0.350328566671922
"S",424,"I","S424I",0.419065056961027
"S",424,"K","S424K",-0.00371313855816296
"S",424,"L","S424L",0.907831101790541
"S",424,"M","S424M",0.105089098304499
"S",424,"N","S424N",0.759650214125776
"S",424,"P","S424P",-0.760383505048869
"S",424,"Q","S424Q",-0.228576421479317
"S",424,"R","S424R",0.626762805806565
"S",424,"T","S424T",0.82962666624389
"S",424,"V","S424V",-0.373364415644744
"S",424,"W","S424W",0.0993692303384393
"S",424,"Y","S424Y",0.359466682906536
"C",425,"A","C425A",-0.610442482891285
"C",425,"D","C425D",2.11155637662819
"C",425,"E","C425E",0.0863928974309142
"C",425,"F","C425F",1.1785176914733
"C",425,"G","C425G",0.0549455716035766
"C",425,"H","C425H",1.73766910771158
"C",425,"I","C425I",0.122246586898113
"C",425,"K","C425K",3.47821072244933
"C",425,"L","C425L",-0.00483235100066465
"C",425,"M","C425M",0.789720977392944
"C",425,"N","C425N",0.157219255692504
"C",425,"P","C425P",-0.441939784456956
"C",425,"Q","C425Q",-0.000357141276316789
"C",425,"R","C425R",-0.640967424587656
"C",425,"S","C425S",0.797034595858984
"C",425,"T","C425T",0.48941745150913
"C",425,"V","C425V",0.403565681851871
"C",425,"W","C425W",-0.694055716141648
"C",425,"Y","C425Y",-0.977916490745508
"S",426,"A","S426A",-0.279885567989055
"S",426,"C","S426C",0.186011317542827
"S",426,"D","S426D",-0.590358163595536
"S",426,"E","S426E",-0.194421897213375
"S",426,"F","S426F",-1.51719417646209
"S",426,"G","S426G",0.538556547110444
"S",426,"H","S426H",0.438201278928174
"S",426,"I","S426I",-0.35019830433248
"S",426,"K","S426K",-0.5979860829556
"S",426,"L","S426L",0.503953045299563
"S",426,"M","S426M",0.339017863286517
"S",426,"N","S426N",2.10265054496811
"S",426,"P","S426P",-0.201732224903824
"S",426,"Q","S426Q",-0.628605398452822
"S",426,"R","S426R",-0.870348068824338
"S",426,"T","S426T",1.35493151659345
"S",426,"V","S426V",1.10477073245649
"S",426,"W","S426W",0.932313598308579
"S",426,"Y","S426Y",0.0875572085708991
"V",427,"A","V427A",0.725737738193471
"V",427,"C","V427C",0.0244213975558872
"V",427,"D","V427D",0.977753161234284
"V",427,"E","V427E",0.899055503937827
"V",427,"F","V427F",0.0358017823187166
"V",427,"G","V427G",1.43880479901294
"V",427,"H","V427H",0.0248457069954636
"V",427,"I","V427I",0.846567680324924
"V",427,"K","V427K",0.232694712034488
"V",427,"L","V427L",-0.370031085545712
"V",427,"M","V427M",0.0722198415642717
"V",427,"N","V427N",0.585340808683658
"V",427,"P","V427P",-0.0906353287844447
"V",427,"Q","V427Q",-0.328395978167709
"V",427,"R","V427R",1.30405906672216
"V",427,"S","V427S",0.505390574112198
"V",427,"T","V427T",0.37784155773925
"V",427,"W","V427W",0.771637079018398
"V",427,"Y","V427Y",-0.260342154239097
"M",428,"A","M428A",-0.910395452298842
"M",428,"C","M428C",-0.792799559907161
"M",428,"D","M428D",-0.966529363164572
"M",428,"E","M428E",-0.0172660291566457
"M",428,"F","M428F",0.116694510060726
"M",428,"G","M428G",-0.576920714698078
"M",428,"H","M428H",-0.170699353498504
"M",428,"I","M428I",-0.816949181190531
"M",428,"K","M428K",0.176522978526783
"M",428,"L","M428L",0.106394467397864
"M",428,"N","M428N",1.21797018617225
"M",428,"P","M428P",-0.859254742366462
"M",428,"Q","M428Q",-0.0850561100592593
"M",428,"R","M428R",0.951068039345492
"M",428,"S","M428S",1.24657406363634
"M",428,"T","M428T",0.798188605220815
"M",428,"V","M428V",-0.379293937904554
"M",428,"W","M428W",-0.144903708712314
"M",428,"Y","M428Y",-0.311002612959005
"H",429,"A","H429A",-0.287997428159108
"H",429,"C","H429C",0.790556910102465
"H",429,"D","H429D",-2.22159256102434
"H",429,"E","H429E",-2.90231805977853
"H",429,"F","H429F",0.890956933678101
"H",429,"G","H429G",-0.410554776999582
"H",429,"I","H429I",-3.10905837977561
"H",429,"K","H429K",-0.291065977812487
"H",429,"L","H429L",1.90050683781059
"H",429,"M","H429M",-0.0601411056612719
"H",429,"N","H429N",1.30668274680825
"H",429,"P","H429P",-0.806107703490893
"H",429,"Q","H429Q",-0.21625742669654
"H",429,"R","H429R",-4.04704215264241
"H",429,"S","H429S",-0.810032873552157
"H",429,"T","H429T",-1.59794572599552
"H",429,"V","H429V",-3.41345656711037
"H",429,"W","H429W",-0.815552967999737
"H",429,"Y","H429Y",0.173773150677824
"E",430,"A","E430A",-1.06619969038231
"E",430,"C","E430C",1.86722450476779
"E",430,"D","E430D",0.653456205316537
"E",430,"F","E430F",-0.319185012775151
"E",430,"G","E430G",0.0315441048582802
"E",430,"H","E430H",0.82208538419325
"E",430,"I","E430I",-1.50001052098206
"E",430,"K","E430K",-0.856820970856999
"E",430,"L","E430L",-0.24921785783431
"E",430,"M","E430M",1.38083295568174
"E",430,"N","E430N",0.525572327020878
"E",430,"P","E430P",0.249135074809441
"E",430,"Q","E430Q",-0.211567408872657
"E",430,"R","E430R",-0.528862040947307
"E",430,"S","E430S",1.0339641215662
"E",430,"T","E430T",-3.78379690532507
"E",430,"V","E430V",0.348359214277672
"E",430,"W","E430W",-0.998406820890583
"E",430,"Y","E430Y",-0.723905711182074
"L",432,"A","L432A",0.688699623260749
"L",432,"C","L432C",-0.412304624376322
"L",432,"D","L432D",-0.614991091755204
"L",432,"E","L432E",-2.34312673251762
"L",432,"F","L432F",-0.202052675733164
"L",432,"G","L432G",0.948619247924524
"L",432,"H","L432H",0.126077634640856
"L",432,"I","L432I",0.018732965417344
"L",432,"K","L432K",-0.376973919270758
"L",432,"M","L432M",1.18289226693622
"L",432,"N","L432N",0.102378791393918
"L",432,"P","L432P",-0.116084378834384
"L",432,"Q","L432Q",-0.666106061887131
"L",432,"R","L432R",-0.079395219891134
"L",432,"S","L432S",-0.450384811712906
"L",432,"T","L432T",-0.00752033524777977
"L",432,"V","L432V",-2.17332109009724
"L",432,"W","L432W",1.22005080714756
"L",432,"Y","L432Y",-1.32343214529887
"H",433,"A","H433A",-0.121970033712346
"H",433,"C","H433C",-0.333049378589368
"H",433,"D","H433D",0.37135306015574
"H",433,"E","H433E",1.80594681165512
"H",433,"F","H433F",-0.271886787468985
"H",433,"G","H433G",-0.141087996232791
"H",433,"I","H433I",-1.55908903493524
"H",433,"K","H433K",0.225324488095454
"H",433,"L","H433L",-0.384999303500094
"H",433,"M","H433M",0.0561470597365116
"H",433,"N","H433N",1.8946568531798
"H",433,"P","H433P",-0.410015870341899
"H",433,"Q","H433Q",0.434869278806832
"H",433,"R","H433R",0.441686649834856
"H",433,"S","H433S",-0.0950857250318449
"H",433,"T","H433T",-0.146220099027926
"H",433,"V","H433V",0.869519549201933
"H",433,"W","H433W",-0.226001414598826
"H",433,"Y","H433Y",-0.141256833884173
"N",434,"A","N434A",0.0683228712960098
"N",434,"C","N434C",0.322640394479043
"N",434,"D","N434D",0.0173019330678951
"N",434,"E","N434E",0.217040541196512
"N",434,"F","N434F",0.127383107380623
"N",434,"G","N434G",-1.62569957716015
"N",434,"H","N434H",0.395931757603345
"N",434,"I","N434I",0.124184931850891
"N",434,"K","N434K",0.491631631019912
"N",434,"L","N434L",-0.8838389036593
"N",434,"P","N434P",0.341551033050788
"N",434,"Q","N434Q",0.763890644521833
"N",434,"R","N434R",0.625003039312945
"N",434,"S","N434S",0.304921109708841
"N",434,"T","N434T",0.789774971892307
"N",434,"W","N434W",-1.29621634404349
"N",434,"Y","N434Y",0.285507951648898
"H",435,"A","H435A",-0.0822769119263766
"H",435,"C","H435C",-0.165690790036825
"H",435,"D","H435D",-0.32092844998884
"H",435,"E","H435E",-0.375384448803824
"H",435,"F","H435F",-1.01807574179447
"H",435,"G","H435G",-0.407961665228972
"H",435,"I","H435I",-1.05041477563745
"H",435,"K","H435K",0.0955371103520341
"H",435,"L","H435L",0.56533244632782
"H",435,"M","H435M",-0.452923083490166
"H",435,"N","H435N",-0.337450349175666
"H",435,"P","H435P",0.0773570646631231
"H",435,"Q","H435Q",0.155868580865327
"H",435,"R","H435R",0.501408482891742
"H",435,"S","H435S",1.92484997197102
"H",435,"T","H435T",-1.62687715365984
"H",435,"V","H435V",-0.247874821522094
"H",435,"W","H435W",0.92520701150035
"H",435,"Y","H435Y",0.779989681461827
"Y",436,"A","Y436A",-0.254274510201955
"Y",436,"C","Y436C",0.00635894929353695
"Y",436,"D","Y436D",-0.185609317220075
"Y",436,"E","Y436E",-0.043193957851703
"Y",436,"F","Y436F",0.568269807926758
"Y",436,"G","Y436G",0.0288840174319055
"Y",436,"H","Y436H",0.176829558462019
"Y",436,"I","Y436I",0.723316034561516
"Y",436,"K","Y436K",1.08221050861061
"Y",436,"L","Y436L",-0.552089113629971
"Y",436,"M","Y436M",0.788278749291752
"Y",436,"N","Y436N",0.998414488117897
"Y",436,"P","Y436P",-0.393883477061613
"Y",436,"Q","Y436Q",0.428181838599554
"Y",436,"R","Y436R",-0.484624419077447
"Y",436,"S","Y436S",-0.721407374753717
"Y",436,"T","Y436T",-0.247003291340533
"Y",436,"V","Y436V",-1.11546476265218
"Y",436,"W","Y436W",-0.0145213865683111
"T",437,"A","T437A",-0.942279760445218
"T",437,"C","T437C",-0.632509631998623
"T",437,"D","T437D",-0.0791820836703801
"T",437,"E","T437E",0.929565318354703
"T",437,"F","T437F",0.751932453252345
"T",437,"G","T437G",0.766588559880666
"T",437,"H","T437H",1.27952261676103
"T",437,"I","T437I",0.763275952430054
"T",437,"K","T437K",-2.19426789118284
"T",437,"L","T437L",0.969791517572136
"T",437,"M","T437M",-0.374057186787929
"T",437,"N","T437N",0.0713520363926991
"T",437,"P","T437P",-0.524887885929318
"T",437,"Q","T437Q",1.65384263103111
"T",437,"R","T437R",-0.017607341422078
"T",437,"S","T437S",1.08966289955116
"T",437,"V","T437V",-0.174061399645974
"T",437,"W","T437W",-0.167562092572456
"T",437,"Y","T437Y",-1.16194560254444
"Q",438,"A","Q438A",1.837573722333
"Q",438,"C","Q438C",0.764001977390338
"Q",438,"D","Q438D",-0.211166100430247
"Q",438,"E","Q438E",0.506736613011252
"Q",438,"F","Q438F",-0.54973840456642
"Q",438,"G","Q438G",-0.258735541997287
"Q",438,"H","Q438H",-2.15152381664815
"Q",438,"I","Q438I",0.66144591495548
"Q",438,"K","Q438K",-0.370016419964336
"Q",438,"L","Q438L",0.841272490936795
"Q",438,"M","Q438M",0.432721001917374
"Q",438,"N","Q438N",-0.906065043587277
"Q",438,"P","Q438P",-0.776846133968186
"Q",438,"R","Q438R",-0.56038527663299
"Q",438,"S","Q438S",-0.0264371608568717
"Q",438,"T","Q438T",0.224587579785954
"Q",438,"V","Q438V",0.0796464639531908
"Q",438,"W","Q438W",-0.0609997052875861
"Q",438,"Y","Q438Y",1.28860668123964
"K",439,"A","K439A",-1.5558598296714
"K",439,"C","K439C",1.33415456042879
"K",439,"D","K439D",-0.809711787339607
"K",439,"E","K439E",2.30498583641481
"K",439,"F","K439F",-0.393926792753257
"K",439,"G","K439G",0.710272795440549
"K",439,"H","K439H",-0.549792766036919
"K",439,"I","K439I",-1.63689927689616
"K",439,"L","K439L",-0.44210258933334
"K",439,"M","K439M",1.08721046650376
"K",439,"N","K439N",-0.277437752383592
"K",439,"P","K439P",1.17335196777058
"K",439,"Q","K439Q",-0.911002325122032
"K",439,"R","K439R",-0.154698073564408
"K",439,"S","K439S",-0.535592769472935
"K",439,"T","K439T",-3.30323904793008
"K",439,"V","K439V",0.590496984502198
"K",439,"W","K439W",-1.2387840708353
"K",439,"Y","K439Y",-0.229050570906496
"S",440,"A","S440A",1.06762350664012
"S",440,"C","S440C",-0.809908941756058
"S",440,"D","S440D",0.620879311839344
"S",440,"E","S440E",0.486766802997704
"S",440,"F","S440F",0.101185330055676
"S",440,"G","S440G",-0.209403753184203
"S",440,"H","S440H",0.84880733454704
"S",440,"I","S440I",-0.367245142497062
"S",440,"K","S440K",-0.233904335914578
"S",440,"L","S440L",0.844126637646102
"S",440,"M","S440M",-0.875912825066916
"S",440,"N","S440N",-0.225049539330959
"S",440,"P","S440P",-0.613921235512738
"S",440,"Q","S440Q",0.775717046307016
"S",440,"R","S440R",0.49546657407451
"S",440,"T","S440T",-0.101531614764494
"S",440,"V","S440V",0.313368268948735
"S",440,"W","S440W",1.1997683483001
"S",440,"Y","S440Y",-0.616273118909147
"L",441,"A","L441A",1.06435927864677
"L",441,"C","L441C",2.4443254654679
"L",441,"D","L441D",-0.566487850089694
"L",441,"E","L441E",-0.0404727235360198
"L",441,"F","L441F",0.227311591688992
"L",441,"G","L441G",-0.145133462943098
"L",441,"H","L441H",-0.289499553510521
"L",441,"I","L441I",0.378407207550561
"L",441,"K","L441K",0.988573169686387
"L",441,"M","L441M",-0.527651941965896
"L",441,"N","L441N",0.873835117571394
"L",441,"P","L441P",0.813601743206435
"L",441,"Q","L441Q",4.68728779462913
"L",441,"R","L441R",0.296484210841172
"L",441,"S","L441S",-0.23243413756374
"L",441,"T","L441T",1.15250568837011
"L",441,"V","L441V",1.003270258399
"L",441,"W","L441W",-0.0194940645885516
"L",441,"Y","L441Y",-0.729502045259055
"S",442,"A","S442A",1.22942627339452
"S",442,"C","S442C",0.099925421233
"S",442,"D","S442D",0.0958851348456461
"S",442,"E","S442E",0.40930230751582
"S",442,"F","S442F",0.82546582459251
"S",442,"G","S442G",1.1525278053253
"S",442,"H","S442H",0.358042509023023
"S",442,"I","S442I",-0.51222732449426
"S",442,"K","S442K",0.0957695736997753
"S",442,"L","S442L",1.04243164948772
"S",442,"M","S442M",-0.063338477174578
"S",442,"N","S442N",0.692265156669297
"S",442,"P","S442P",1.3225496417131
"S",442,"Q","S442Q",0.921768928859028
"S",442,"R","S442R",0.641513500086468
"S",442,"T","S442T",0.0654041766239458
"S",442,"V","S442V",-0.912498617560304
"S",442,"W","S442W",0.378078941281631
"S",442,"Y","S442Y",0.270018593377815
"L",443,"A","L443A",0.943039714999603
"L",443,"C","L443C",-0.0581525060815935
"L",443,"D","L443D",0.625024609815132
"L",443,"E","L443E",0.565438258072688
"L",443,"F","L443F",-0.0468468079672258
"L",443,"G","L443G",0.461190528210388
"L",443,"H","L443H",0.370135152343453
"L",443,"I","L443I",0.178028095114777
"L",443,"K","L443K",-0.46487855271642
"L",443,"M","L443M",-1.73836743532935
"L",443,"N","L443N",0.25155504351628
"L",443,"P","L443P",-0.736890310549218
"L",443,"Q","L443Q",0.579008636949908
"L",443,"R","L443R",0.661636176372723
"L",443,"S","L443S",0.324986449234649
"L",443,"T","L443T",-0.556236017217155
"L",443,"V","L443V",-0.225089181067159
"L",443,"W","L443W",-0.420621312213856
"L",443,"Y","L443Y",1.35740305901942
"S",444,"A","S444A",0.394419691998778
"S",444,"C","S444C",0.672224260104871
"S",444,"D","S444D",0.433270028780261
"S",444,"E","S444E",-0.499684761876428
"S",444,"F","S444F",-0.522611869368558
"S",444,"G","S444G",-0.526830012688204
"S",444,"H","S444H",-0.729466195357529
"S",444,"I","S444I",-0.469091744311764
"S",444,"K","S444K",-0.0971514347059303
"S",444,"L","S444L",-0.371722491396759
"S",444,"M","S444M",1.11390098494566
"S",444,"N","S444N",0.587497188474177
"S",444,"P","S444P",-0.0188692927357493
"S",444,"Q","S444Q",0.41964788748346
"S",444,"R","S444R",-0.0257640060400997
"S",444,"T","S444T",0.0885292517785813
"S",444,"V","S444V",0.613458118934099
"S",444,"W","S444W",0.415225521819241
"S",444,"Y","S444Y",1.43173359297947
"P",445,"A","P445A",0.763547659714842
"P",445,"C","P445C",-1.56258468926521
"P",445,"D","P445D",-0.501437997303538
"P",445,"E","P445E",2.40488890308364
"P",445,"F","P445F",-0.479025456350308
"P",445,"G","P445G",-1.19357182722864
"P",445,"H","P445H",1.22071237896777
"P",445,"I","P445I",-0.509834390340851
"P",445,"K","P445K",0.126627243113798
"P",445,"L","P445L",0.239889457789036
"P",445,"M","P445M",-0.260533751372132
"P",445,"N","P445N",1.59000900197534
"P",445,"Q","P445Q",-0.102430069210962
"P",445,"R","P445R",-0.758549433056705
"P",445,"S","P445S",-1.47091752180485
"P",445,"V","P445V",0.163508599412308
"P",445,"W","P445W",0.0824286893791376
"P",445,"Y","P445Y",-0.421359046779944
"G",446,"A","G446A",0.612992548527941
"G",446,"C","G446C",2.01382657680132
"G",446,"D","G446D",0.142105996925993
"G",446,"E","G446E",-2.18338819656561
"G",446,"F","G446F",0.859394472695966
"G",446,"H","G446H",-0.427688363588716
"G",446,"I","G446I",-1.22339518252271
"G",446,"K","G446K",-0.357902382936469
"G",446,"L","G446L",-1.1714657850638
"G",446,"M","G446M",1.00437433871167
"G",446,"N","G446N",0.157685768002681
"G",446,"P","G446P",0.582506015245291
"G",446,"Q","G446Q",-1.07097587195898
"G",446,"R","G446R",0.0198845722690674
"G",446,"S","G446S",0.240156285466958
"G",446,"T","G446T",-0.82477491388447
"G",446,"V","G446V",0.185988596453926
"G",446,"W","G446W",0.0700409384548157
"G",446,"Y","G446Y",0.127714142998993
"K",447,"A","K447A",-1.28960488835483
"K",447,"C","K447C",-0.693556450961888
"K",447,"D","K447D",-0.269162517690533
"K",447,"E","K447E",0.382450607106016
"K",447,"F","K447F",1.18323491182376
"K",447,"G","K447G",0.282674496017846
"K",447,"H","K447H",-0.527530091325192
"K",447,"I","K447I",-0.219896475100839
"K",447,"L","K447L",0.0912338710485366
"K",447,"M","K447M",0.808218079830255
"K",447,"N","K447N",-0.204165879481494
"K",447,"P","K447P",-0.0648061039949409
"K",447,"Q","K447Q",0.310870680473936
"K",447,"R","K447R",-0.811113127818089
"K",447,"S","K447S",0.856346816943181
"K",447,"T","K447T",0.334247752361001
"K",447,"V","K447V",-0.437511537367538
"K",447,"W","K447W",0.112992772006512
"K",447,"Y","K447Y",0.227579005164404
