"wildtype","site","mutation","name","scaledscore"
"E",216,"A","E216A",0.06684495097276
"E",216,"C","E216C",-0.0461363524172798
"E",216,"D","E216D",-0.0310149846920991
"E",216,"F","E216F",-0.0783150651742295
"E",216,"G","E216G",0.0339169596525004
"E",216,"H","E216H",0.0488717569546299
"E",216,"I","E216I",0.0747888326095813
"E",216,"K","E216K",0.0146867458120711
"E",216,"L","E216L",0.161219756369131
"E",216,"M","E216M",-0.00805787561178998
"E",216,"N","E216N",0.0827795041508399
"E",216,"P","E216P",-0.0456629866359302
"E",216,"Q","E216Q",-0.0833081038858785
"E",216,"R","E216R",-0.137248974756129
"E",216,"S","E216S",0.00206137817706082
"E",216,"T","E216T",-0.0397816804661788
"E",216,"V","E216V",-0.0172510235328998
"E",216,"W","E216W",-0.0616183741131298
"E",216,"Y","E216Y",0.0632255365869707
"P",217,"A","P217A",-0.0298513711479464
"P",217,"C","P217C",0.0931344589686431
"P",217,"D","P217D",-0.0182286065451867
"P",217,"E","P217E",-0.0274806038129776
"P",217,"F","P217F",-0.0469482750225869
"P",217,"G","P217G",-0.0945572700878565
"P",217,"H","P217H",-0.00523950638847689
"P",217,"I","P217I",0.00733558659112223
"P",217,"K","P217K",-0.0344873259886165
"P",217,"L","P217L",-0.0452397935811368
"P",217,"M","P217M",0.0550678550962131
"P",217,"N","P217N",-0.167441833218657
"P",217,"Q","P217Q",-0.0603195162322572
"P",217,"R","P217R",0.407272604775474
"P",217,"S","P217S",0.0973966500970229
"P",217,"T","P217T",-0.0186555166843463
"P",217,"V","P217V",-0.068399174687817
"P",217,"W","P217W",-0.0664040372713974
"P",217,"Y","P217Y",0.0230456751407835
"K",218,"A","K218A",-0.261577176071649
"K",218,"C","K218C",0.0383662348777204
"K",218,"D","K218D",0.0824280461691609
"K",218,"E","K218E",-0.0537227306098188
"K",218,"F","K218F",0.0753180290674509
"K",218,"G","K218G",0.132385233003441
"K",218,"H","K218H",-0.0773375560099495
"K",218,"I","K218I",0.00166444524732122
"K",218,"L","K218L",0.0973153538217209
"K",218,"M","K218M",0.0546470618971419
"K",218,"N","K218N",-0.045334646416649
"K",218,"P","K218P",0.0473939145415409
"K",218,"Q","K218Q",-0.0272861348799894
"K",218,"R","K218R",-0.0329466550684291
"K",218,"S","K218S",-0.0800445148726888
"K",218,"T","K218T",-0.0743521826793388
"K",218,"V","K218V",-0.117845703829049
"K",218,"W","K218W",-0.0115872969375491
"K",218,"Y","K218Y",0.252516278749612
"S",219,"A","S219A",-0.0790428859073109
"S",219,"C","S219C",-0.0656020668506305
"S",219,"D","S219D",-0.141543890441471
"S",219,"E","S219E",-0.0100541878750104
"S",219,"F","S219F",0.0701414614417089
"S",219,"G","S219G",0.0132897201153486
"S",219,"H","S219H",-0.0101150136011712
"S",219,"I","S219I",-0.0831361295915811
"S",219,"K","S219K",0.0681125458710192
"S",219,"L","S219L",0.0927056998858489
"S",219,"M","S219M",-0.0875859589227415
"S",219,"N","S219N",-0.0381812991890409
"S",219,"P","S219P",-0.111525425113401
"S",219,"Q","S219Q",-0.0207580570843908
"S",219,"R","S219R",-0.0369130129011919
"S",219,"T","S219T",0.0570844490942188
"S",219,"V","S219V",0.237675204978159
"S",219,"W","S219W",0.145448846091639
"C",220,"A","C220A",-0.0945995162873743
"C",220,"D","C220D",0.112544887351726
"C",220,"E","C220E",0.0746566885555959
"C",220,"F","C220F",-0.167068761731124
"C",220,"G","C220G",-0.0122765169985344
"C",220,"H","C220H",0.00731190003549573
"C",220,"I","C220I",0.0549309300120761
"C",220,"K","C220K",-0.0808040665190743
"C",220,"L","C220L",-0.0206477901540739
"C",220,"M","C220M",-0.107438865511734
"C",220,"N","C220N",-0.00122553237654426
"C",220,"P","C220P",-0.0717810446824743
"C",220,"Q","C220Q",-0.0530977529954242
"C",220,"R","C220R",0.133366576772286
"C",220,"S","C220S",-0.020303647127675
"C",220,"T","C220T",0.0371518111486362
"C",220,"V","C220V",0.032618175621016
"C",220,"W","C220W",0.0806047648922858
"C",220,"Y","C220Y",0.0960577599949152
"D",221,"A","D221A",-0.0344502674809537
"D",221,"C","D221C",0.0170820640915472
"D",221,"E","D221E",0.0218235805647768
"D",221,"F","D221F",0.0505747624583168
"D",221,"G","D221G",-0.0734824110560732
"D",221,"H","D221H",0.0891920458279765
"D",221,"I","D221I",-0.160999745621943
"D",221,"K","D221K",0.0637036495743073
"D",221,"L","D221L",0.0692206932548369
"D",221,"M","D221M",-0.137384760041903
"D",221,"N","D221N",0.0453078670381968
"D",221,"P","D221P",0.0740818271648267
"D",221,"Q","D221Q",-0.0380774684247831
"D",221,"R","D221R",-0.101981277888103
"D",221,"S","D221S",0.0105484764719168
"D",221,"T","D221T",0.0430869810920569
"D",221,"V","D221V",0.0826173019795069
"D",221,"W","D221W",-0.038301881475203
"D",221,"Y","D221Y",0.0174385624706976
"K",222,"A","K222A",0.0239100037685448
"K",222,"C","K222C",0.0545798216508141
"K",222,"D","K222D",0.125267434463224
"K",222,"E","K222E",0.0495734289763335
"K",222,"F","K222F",-0.084422313389506
"K",222,"G","K222G",0.0194526982322841
"K",222,"H","K222H",-0.00913677012493656
"K",222,"I","K222I",0.0301682723465143
"K",222,"L","K222L",0.100522862625614
"K",222,"M","K222M",-0.0262026798417955
"K",222,"N","K222N",-0.103069551665095
"K",222,"P","K222P",-0.0740743698131358
"K",222,"Q","K222Q",0.0331338668890243
"K",222,"R","K222R",-0.140428617887575
"K",222,"S","K222S",0.0567722014734741
"K",222,"T","K222T",-0.00472663740424616
"K",222,"V","K222V",-0.0314349171399361
"K",222,"W","K222W",0.0556998941193151
"K",222,"Y","K222Y",-0.0755846272789166
"T",223,"A","T223A",0.0983226146588053
"T",223,"C","T223C",0.236325162737195
"T",223,"D","T223D",-0.0608640304295539
"T",223,"E","T223E",-0.080265631405205
"T",223,"F","T223F",0.0122863813214551
"T",223,"G","T223G",0.0412396214695853
"T",223,"H","T223H",-0.109980725809215
"T",223,"I","T223I",0.0583721961266452
"T",223,"K","T223K",-0.0821241163090549
"T",223,"L","T223L",0.00156344019310516
"T",223,"M","T223M",-0.159172850923864
"T",223,"N","T223N",-0.0212376610020451
"T",223,"P","T223P",0.00972534721644545
"T",223,"Q","T223Q",-0.0375752047254945
"T",223,"R","T223R",-0.163071488504435
"T",223,"S","T223S",-0.0659295683286449
"T",223,"V","T223V",0.0527836151474254
"T",223,"W","T223W",0.0977936564376655
"T",223,"Y","T223Y",0.171809242129185
"H",224,"A","H224A",-0.149840207617687
"H",224,"C","H224C",0.122403374286623
"H",224,"D","H224D",0.0289852949520234
"H",224,"E","H224E",0.0723047127398725
"H",224,"F","H224F",0.0121909993430133
"H",224,"G","H224G",-0.0384019017831462
"H",224,"I","H224I",0.00631348625542323
"H",224,"K","H224K",-0.0831604712219372
"H",224,"L","H224L",-0.0171508290694964
"H",224,"M","H224M",-0.0999683629899371
"H",224,"N","H224N",-0.0657765756376171
"H",224,"P","H224P",0.000222966680603232
"H",224,"Q","H224Q",0.0480560404723126
"H",224,"R","H224R",0.028596962498023
"H",224,"S","H224S",0.227011278003283
"H",224,"T","H224T",-0.0316296360129663
"H",224,"V","H224V",0.0401722785459625
"H",224,"W","H224W",-0.0586712952983265
"H",224,"Y","H224Y",-0.0416581141460267
"T",225,"A","T225A",0.0116943217966825
"T",225,"C","T225C",-0.0347554497537375
"T",225,"D","T225D",0.00287604319089273
"T",225,"E","T225E",-0.0322027041764775
"T",225,"F","T225F",0.0539461746341829
"T",225,"G","T225G",-0.00799062763753748
"T",225,"H","T225H",-0.134092810821528
"T",225,"I","T225I",0.00938772690869303
"T",225,"K","T225K",-0.0313929372478765
"T",225,"L","T225L",-0.158657212850196
"T",225,"M","T225M",-0.157803063606657
"T",225,"N","T225N",-0.0674310910053371
"T",225,"P","T225P",0.0608537329134928
"T",225,"Q","T225Q",0.118497364539663
"T",225,"S","T225S",0.0317486592502027
"T",225,"V","T225V",0.0944685033367727
"T",225,"W","T225W",0.148705362099582
"T",225,"Y","T225Y",0.092148008429183
"C",226,"A","C226A",0.145636523609459
"C",226,"D","C226D",-0.0424692407581412
"C",226,"E","C226E",-0.000538929944660628
"C",226,"F","C226F",-0.140868594083161
"C",226,"G","C226G",0.077209572311279
"C",226,"H","C226H",0.131027664455189
"C",226,"I","C226I",-0.0672030110635814
"C",226,"K","C226K",-0.0133050017858008
"C",226,"L","C226L",-0.0152605445340415
"C",226,"M","C226M",-0.171407102064901
"C",226,"N","C226N",-0.0167893515465414
"C",226,"P","C226P",-0.103673775235691
"C",226,"Q","C226Q",0.083874853934499
"C",226,"R","C226R",0.0619585247599196
"C",226,"S","C226S",-0.0501949770579807
"C",226,"T","C226T",0.081898004815019
"C",226,"V","C226V",0.0390677933962191
"C",226,"W","C226W",-0.00275736225426123
"C",226,"Y","C226Y",0.00379495304717897
"P",227,"A","P227A",0.0957197498747373
"P",227,"C","P227C",0.0827344666660773
"P",227,"D","P227D",-0.0145039208278624
"P",227,"E","P227E",-0.0232657606171625
"P",227,"F","P227F",-0.0493155911908626
"P",227,"G","P227G",0.0241671318564273
"P",227,"H","P227H",-0.111969271384973
"P",227,"I","P227I",-0.00194551308837289
"P",227,"K","P227K",0.155095412212717
"P",227,"L","P227L",-0.0542357697798526
"P",227,"M","P227M",-0.00318868986753179
"P",227,"N","P227N",-0.0506446204203731
"P",227,"Q","P227Q",0.139644494952468
"P",227,"R","P227R",-0.077788668707803
"P",227,"S","P227S",-0.107992010019963
"P",227,"T","P227T",0.118942743025357
"P",227,"V","P227V",-0.163573064873773
"P",227,"W","P227W",-0.0779189253405131
"P",227,"Y","P227Y",0.120037807531257
"P",228,"A","P228A",-0.118536868162576
"P",228,"C","P228C",0.129775502055803
"P",228,"D","P228D",-0.0431537619996064
"P",228,"E","P228E",-0.0189090337980864
"P",228,"F","P228F",0.0687143792020736
"P",228,"G","P228G",-0.0598886730469066
"P",228,"H","P228H",-0.0832680545123564
"P",228,"I","P228I",0.0318798115590337
"P",228,"K","P228K",-0.111257700757268
"P",228,"L","P228L",-0.0733745362113259
"P",228,"M","P228M",-0.105980457209847
"P",228,"N","P228N",0.122510914898883
"P",228,"Q","P228Q",-0.242457780439755
"P",228,"R","P228R",0.0977017521755145
"P",228,"S","P228S",0.118777570109093
"P",228,"T","P228T",0.0783220526149537
"P",228,"V","P228V",0.00866801559250379
"P",228,"W","P228W",0.279969433547334
"P",228,"Y","P228Y",-0.0794925656174664
"C",229,"A","C229A",0.126410556283977
"C",229,"D","C229D",0.0923221130209972
"C",229,"E","C229E",0.188516278470307
"C",229,"F","C229F",-0.0343705875677728
"C",229,"G","C229G",-0.0714168147373028
"C",229,"H","C229H",0.152725752873398
"C",229,"I","C229I",-0.0905634295570318
"C",229,"K","C229K",-0.0238509767633428
"C",229,"L","C229L",-0.135568724467193
"C",229,"M","C229M",0.0506169629370572
"C",229,"N","C229N",0.0960064400624972
"C",229,"P","C229P",-0.0587900350663728
"C",229,"Q","C229Q",0.0577709424053672
"C",229,"R","C229R",-0.0856138467390728
"C",229,"S","C229S",-0.0483019775327818
"C",229,"T","C229T",0.0125989415103472
"C",229,"V","C229V",-0.285898749858993
"C",229,"W","C229W",-0.0444166503651028
"C",229,"Y","C229Y",0.101823805091017
"P",230,"A","P230A",-0.143694595379031
"P",230,"C","P230C",0.0868121018758705
"P",230,"D","P230D",0.0132363457382795
"P",230,"E","P230E",0.0412987334800295
"P",230,"F","P230F",0.269971632189569
"P",230,"G","P230G",-0.185915322228801
"P",230,"H","P230H",0.0859007366829495
"P",230,"I","P230I",0.0904274829559095
"P",230,"K","P230K",-0.132768318862211
"P",230,"L","P230L",0.196258094238719
"P",230,"M","P230M",0.16325744117064
"P",230,"N","P230N",0.0612040190618685
"P",230,"Q","P230Q",-0.2684436464265
"P",230,"R","P230R",-0.244731850876821
"P",230,"S","P230S",-0.16741172904037
"P",230,"T","P230T",-0.0295350649436605
"P",230,"V","P230V",-0.0478255241395405
"P",230,"W","P230W",0.196743600544819
"P",230,"Y","P230Y",0.0152158639582795
"A",231,"C","A231C",0.143269281753663
"A",231,"D","A231D",0.155221380613743
"A",231,"E","A231E",-0.157120951970577
"A",231,"F","A231F",0.0212462336382631
"A",231,"G","A231G",-0.0985245584011469
"A",231,"H","A231H",0.023517287889333
"A",231,"I","A231I",0.0142658943064931
"A",231,"K","A231K",-0.223479172017867
"A",231,"L","A231L",-0.0910803412085572
"A",231,"M","A231M",-0.00384087536362693
"A",231,"N","A231N",0.131312056392993
"A",231,"P","A231P",-0.106669279799797
"A",231,"Q","A231Q",-0.202499783974307
"A",231,"R","A231R",0.149480950783094
"A",231,"S","A231S",-0.00163128393294695
"A",231,"T","A231T",-0.0775932338513776
"A",231,"V","A231V",-0.0789701458387668
"A",231,"W","A231W",0.158275617503094
"A",231,"Y","A231Y",0.244820923478294
"P",232,"A","P232A",-0.222477340785915
"P",232,"C","P232C",-0.0687292206141564
"P",232,"D","P232D",-0.225528167548866
"P",232,"E","P232E",-0.0309408225144364
"P",232,"F","P232F",0.276688481108344
"P",232,"G","P232G",-0.283584299160796
"P",232,"H","P232H",0.0381440119491336
"P",232,"I","P232I",0.0948037976505136
"P",232,"K","P232K",-0.188718576565007
"P",232,"L","P232L",0.607100484973454
"P",232,"M","P232M",0.180870525099854
"P",232,"N","P232N",-0.161669834195495
"P",232,"Q","P232Q",-0.159899159567916
"P",232,"R","P232R",-0.269137193140976
"P",232,"S","P232S",-0.207054824829696
"P",232,"T","P232T",-0.120568298574056
"P",232,"V","P232V",0.0637607356397136
"P",232,"W","P232W",0.266093905213144
"P",232,"Y","P232Y",0.410845795863164
"E",233,"A","E233A",-0.0355932724579644
"E",233,"C","E233C",0.0505066569648356
"E",233,"D","E233D",-0.0802937233490055
"E",233,"F","E233F",-0.0362636504597244
"E",233,"G","E233G",0.0954085394322746
"E",233,"H","E233H",0.296217229308065
"E",233,"I","E233I",0.0948354927754746
"E",233,"K","E233K",0.195135125525995
"E",233,"L","E233L",-0.308989894782955
"E",233,"M","E233M",-0.0112698442406754
"E",233,"N","E233N",0.181315255663935
"E",233,"P","E233P",-0.210751739605416
"E",233,"Q","E233Q",-0.0808709176108954
"E",233,"R","E233R",-0.099829986336745
"E",233,"S","E233S",0.0357903609698946
"E",233,"T","E233T",-0.0898453077125453
"E",233,"V","E233V",-0.0608236056730054
"E",233,"W","E233W",0.0123808276358246
"E",233,"Y","E233Y",0.0529424539526346
"L",234,"A","L234A",0.0745770525600538
"L",234,"C","L234C",0.579716060315264
"L",234,"D","L234D",-0.225785083627216
"L",234,"E","L234E",0.0794599507270338
"L",234,"F","L234F",-0.0211851796197755
"L",234,"G","L234G",0.261680025832954
"L",234,"H","L234H",-0.0620481913264563
"L",234,"I","L234I",-0.377054020160726
"L",234,"K","L234K",-0.176050633006767
"L",234,"M","L234M",-0.430940991328965
"L",234,"N","L234N",0.0282160943145438
"L",234,"P","L234P",0.0823536405278138
"L",234,"Q","L234Q",0.0889587861998738
"L",234,"R","L234R",0.214375529779834
"L",234,"S","L234S",0.0803577581118838
"L",234,"T","L234T",-0.133914510505055
"L",234,"W","L234W",0.0256199825836338
"L",234,"Y","L234Y",-0.0883362713779259
"L",235,"A","L235A",0.0889824372693635
"L",235,"C","L235C",-0.107942725684466
"L",235,"D","L235D",-0.156425941044947
"L",235,"E","L235E",-0.287568153961706
"L",235,"F","L235F",0.449924522902374
"L",235,"G","L235G",0.193468234899844
"L",235,"H","L235H",-0.0101829438059855
"L",235,"I","L235I",-0.474100073958036
"L",235,"K","L235K",0.262159442552705
"L",235,"M","L235M",0.0420743330451835
"L",235,"N","L235N",0.215644731891524
"L",235,"P","L235P",-0.172195705694187
"L",235,"Q","L235Q",-0.149904228523176
"L",235,"R","L235R",0.0600656993958745
"L",235,"S","L235S",-0.112516088496757
"L",235,"T","L235T",0.0652694377976125
"L",235,"V","L235V",-0.317683265679786
"L",235,"W","L235W",0.104923452840904
"L",235,"Y","L235Y",0.306006834253664
"G",236,"A","G236A",0.42257647138949
"G",236,"C","G236C",0.17498877703276
"G",236,"D","G236D",0.32889874962696
"G",236,"E","G236E",0.59471536537987
"G",236,"F","G236F",0.09060272088402
"G",236,"H","G236H",-0.50748626899553
"G",236,"I","G236I",-0.16510085640976
"G",236,"K","G236K",-0.0412917141242899
"G",236,"L","G236L",-0.42362778871605
"G",236,"M","G236M",-0.25696631032375
"G",236,"P","G236P",-0.2275297825826
"G",236,"Q","G236Q",-0.0118358835292799
"G",236,"R","G236R",0.30553015659253
"G",236,"S","G236S",0.76171224119936
"G",236,"T","G236T",-0.0896316139456301
"G",236,"V","G236V",-0.37003053959031
"G",236,"W","G236W",-0.42795491792816
"G",236,"Y","G236Y",-0.15756880595963
"G",237,"A","G237A",-0.0412916116462597
"G",237,"C","G237C",-0.0670515224791097
"G",237,"D","G237D",0.0244001699262503
"G",237,"E","G237E",0.216763026844988
"G",237,"F","G237F",0.186019426854539
"G",237,"H","G237H",-0.163169344536121
"G",237,"I","G237I",0.0856319483952093
"G",237,"K","G237K",0.172639005709149
"G",237,"L","G237L",0.317146401925099
"G",237,"M","G237M",-0.0105553362506207
"G",237,"N","G237N",0.00552201786953929
"G",237,"P","G237P",-0.219643068044121
"G",237,"Q","G237Q",0.136346034381049
"G",237,"R","G237R",-0.0903734377252607
"G",237,"S","G237S",-0.545885765005691
"G",237,"T","G237T",0.0152525062501083
"G",237,"V","G237V",-0.0873882789133197
"G",237,"W","G237W",0.0249266106072803
"G",237,"Y","G237Y",0.0407112158372903
"P",238,"A","P238A",0.0999223149286428
"P",238,"C","P238C",-0.0478327576033862
"P",238,"D","P238D",0.263747949583773
"P",238,"E","P238E",-0.323000761784897
"P",238,"F","P238F",0.663051807458534
"P",238,"H","P238H",-0.426781037646787
"P",238,"I","P238I",-0.0713430249648462
"P",238,"K","P238K",0.267113888956354
"P",238,"L","P238L",0.150149784203844
"P",238,"M","P238M",-0.116268468579467
"P",238,"Q","P238Q",-0.163646869909037
"P",238,"S","P238S",-0.536169326161297
"P",238,"T","P238T",-0.251825931535948
"P",238,"V","P238V",0.494795778054613
"P",238,"W","P238W",-0.343522480513427
"P",238,"Y","P238Y",0.341609135513333
"S",239,"A","S239A",0.0254119377032293
"S",239,"C","S239C",0.143568970463849
"S",239,"D","S239D",0.643247189209169
"S",239,"E","S239E",-0.27956092835311
"S",239,"F","S239F",-0.17164924527568
"S",239,"G","S239G",0.59602605031583
"S",239,"H","S239H",-0.0315475314241507
"S",239,"I","S239I",0.147797121126809
"S",239,"K","S239K",0.0659155032931593
"S",239,"L","S239L",0.355663737520338
"S",239,"M","S239M",-0.0442687849297407
"S",239,"N","S239N",-0.407774242641731
"S",239,"P","S239P",0.0177266040530103
"S",239,"Q","S239Q",-0.0637157138968307
"S",239,"T","S239T",-0.0774860083468397
"S",239,"V","S239V",-0.0563025532432807
"S",239,"W","S239W",-0.679405074954432
"S",239,"Y","S239Y",-0.183647030619601
"V",240,"A","V240A",0.0598579286523207
"V",240,"C","V240C",0.0292513710126106
"V",240,"D","V240D",0.296311737314141
"V",240,"E","V240E",-0.255340291594589
"V",240,"F","V240F",-0.0225868928872893
"V",240,"G","V240G",-0.0583254242639293
"V",240,"H","V240H",-0.236361178122999
"V",240,"I","V240I",0.16060417849136
"V",240,"K","V240K",0.299688276831011
"V",240,"L","V240L",0.0342782505043603
"V",240,"M","V240M",-0.0606311781266803
"V",240,"N","V240N",-0.0157582214770393
"V",240,"P","V240P",-0.186555404737779
"V",240,"Q","V240Q",0.0804414836409209
"V",240,"R","V240R",-0.187592804578299
"V",240,"S","V240S",-0.120054501433889
"V",240,"T","V240T",0.00794663521862067
"V",240,"W","V240W",0.165291276318721
"V",240,"Y","V240Y",0.00953475923842967
"F",241,"A","F241A",0.093823190902051
"F",241,"C","F241C",0.097431261008091
"F",241,"D","F241D",0.045981770310741
"F",241,"E","F241E",-0.057346748126549
"F",241,"G","F241G",0.107050533000551
"F",241,"H","F241H",-0.211194839365919
"F",241,"I","F241I",-0.0653379629190995
"F",241,"K","F241K",0.132300731321561
"F",241,"L","F241L",-0.121229372631319
"F",241,"M","F241M",-0.157081941573828
"F",241,"N","F241N",-0.059139125088599
"F",241,"P","F241P",0.162095903578091
"F",241,"Q","F241Q",0.00952571752562124
"F",241,"R","F241R",-0.110781124785169
"F",241,"S","F241S",0.097360536726072
"F",241,"T","F241T",-0.00391454711156926
"F",241,"V","F241V",0.00616904472943085
"F",241,"W","F241W",0.0948219875972811
"F",241,"Y","F241Y",-0.0605350150974395
"L",242,"F","L242F",0
"F",243,"A","F243A",-0.120177100705648
"F",243,"C","F243C",-0.241076682336708
"F",243,"D","F243D",0.103177826093702
"F",243,"E","F243E",0.133994312813012
"F",243,"H","F243H",-0.115306280515899
"F",243,"I","F243I",0.0619253742830317
"F",243,"K","F243K",-0.0522830354363186
"F",243,"L","F243L",0.0728870810414217
"F",243,"M","F243M",0.112989363680473
"F",243,"N","F243N",0.0167348582486217
"F",243,"P","F243P",-0.026835052634438
"F",243,"Q","F243Q",0.0389732932015017
"F",243,"R","F243R",-0.0100506277691783
"F",243,"S","F243S",0.0571965306528917
"F",243,"T","F243T",0.158018128133022
"F",243,"V","F243V",0.201505295989672
"F",243,"W","F243W",-0.177822952437589
"F",243,"Y","F243Y",-0.213850332301569
"P",244,"A","P244A",0.126991645543823
"P",244,"C","P244C",-0.0438291150144862
"P",244,"D","P244D",0.0868344416899939
"P",244,"E","P244E",0.0730146574521541
"P",244,"F","P244F",-0.133757592139747
"P",244,"G","P244G",-0.108780342430966
"P",244,"H","P244H",-0.0711653026141962
"P",244,"I","P244I",0.0758232365335839
"P",244,"K","P244K",-0.0348931492422462
"P",244,"L","P244L",-0.134596895137655
"P",244,"M","P244M",-0.0465869345525162
"P",244,"N","P244N",-0.0375638559261162
"P",244,"Q","P244Q",-0.0351333072010772
"P",244,"R","P244R",-0.0394346256594862
"P",244,"S","P244S",0.158757093354694
"P",244,"T","P244T",0.114003457800774
"P",244,"V","P244V",0.0221397592238532
"P",244,"W","P244W",-0.125155113095356
"P",244,"Y","P244Y",0.153331941414973
"P",245,"A","P245A",-0.132725262316835
"P",245,"C","P245C",-0.133235170269696
"P",245,"D","P245D",-0.0263259383652358
"P",245,"E","P245E",-0.0589785832385156
"P",245,"F","P245F",0.0193847193474438
"P",245,"G","P245G",0.137726481620024
"P",245,"H","P245H",-0.136034192314327
"P",245,"I","P245I",0.100322737103654
"P",245,"K","P245K",-0.0382630729068258
"P",245,"L","P245L",-0.0265275624915159
"P",245,"M","P245M",-0.173559290957896
"P",245,"N","P245N",0.0572437881201238
"P",245,"Q","P245Q",0.211715760469714
"P",245,"R","P245R",0.333392943549734
"P",245,"S","P245S",-0.143075583919876
"P",245,"T","P245T",-0.0935517932353755
"P",245,"V","P245V",-0.0769259157453754
"P",245,"W","P245W",0.205090490123745
"P",245,"Y","P245Y",-0.0256745545729663
"K",246,"A","K246A",0.215707368010811
"K",246,"C","K246C",-0.0732462480850287
"K",246,"D","K246D",0.0320435351881509
"K",246,"E","K246E",-0.119991046856728
"K",246,"F","K246F",0.00282998787554108
"K",246,"G","K246G",-0.0155818839703188
"K",246,"H","K246H",-0.0218859216144582
"K",246,"I","K246I",-0.0780860625175088
"K",246,"L","K246L",0.0682036146360807
"K",246,"M","K246M",0.207271432280731
"K",246,"N","K246N",0.0458480957568912
"K",246,"P","K246P",-0.164991198172719
"K",246,"Q","K246Q",-0.099892620258749
"K",246,"R","K246R",0.0362733280896008
"K",246,"S","K246S",0.0620916186254408
"K",246,"T","K246T",-0.0731286672518885
"K",246,"V","K246V",0.0116043321371708
"K",246,"W","K246W",-0.0195616385336295
"K",246,"Y","K246Y",-0.0155080253393893
"P",247,"A","P247A",0.0135239294897901
"P",247,"C","P247C",0.02559829227597
"P",247,"D","P247D",-0.0270456707256993
"P",247,"E","P247E",-0.1528694300059
"P",247,"F","P247F",0.0043145146700299
"P",247,"G","P247G",-0.0709096701991598
"P",247,"H","P247H",-0.0629776817249398
"P",247,"I","P247I",0.0561944006072704
"P",247,"K","P247K",0.10277026310231
"P",247,"L","P247L",0.17030788300635
"P",247,"M","P247M",0.0669685222982198
"P",247,"N","P247N",0.0304461162246702
"P",247,"Q","P247Q",0.0929500140497899
"P",247,"R","P247R",-0.26831113403965
"P",247,"S","P247S",-0.0118725876144207
"P",247,"T","P247T",0.06387256365785
"P",247,"V","P247V",0.19093717246411
"P",247,"W","P247W",0.0141525158951799
"P",247,"Y","P247Y",-0.23805001343177
"K",248,"A","K248A",0.21245306004719
"K",248,"C","K248C",-0.0399130176185206
"K",248,"D","K248D",0.174972702693548
"K",248,"E","K248E",0.0311537708731097
"K",248,"F","K248F",0.118100619049649
"K",248,"G","K248G",0.0837738535305089
"K",248,"H","K248H",0.0519759827540393
"K",248,"I","K248I",-0.191461816591331
"K",248,"L","K248L",-0.302351503037771
"K",248,"M","K248M",-0.07490866553201
"K",248,"N","K248N",-0.0369408531026799
"K",248,"P","K248P",-0.00125023026486057
"K",248,"Q","K248Q",0.0835062827210097
"K",248,"R","K248R",-0.0593765285066702
"K",248,"S","K248S",0.0467864560278294
"K",248,"T","K248T",-0.0743557371696907
"K",248,"V","K248V",-0.0294078467038406
"K",248,"W","K248W",-0.00173052767549051
"K",248,"Y","K248Y",0.00897399850597901
"D",249,"A","D249A",-0.111092123498625
"D",249,"C","D249C",0.152019635774515
"D",249,"E","D249E",-0.0370249569091849
"D",249,"F","D249F",-0.111279139948845
"D",249,"G","D249G",-0.0509041367445149
"D",249,"H","D249H",0.0709832032569256
"D",249,"I","D249I",-0.0679629225828049
"D",249,"K","D249K",0.172195858390254
"D",249,"L","D249L",-0.321337221059335
"D",249,"M","D249M",0.0127220446960857
"D",249,"N","D249N",-0.114463846491685
"D",249,"P","D249P",0.110321541031515
"D",249,"Q","D249Q",-0.0910674269464146
"D",249,"R","D249R",0.119603543686734
"D",249,"S","D249S",0.156628051816325
"D",249,"T","D249T",0.271837335714535
"D",249,"V","D249V",-0.182010642899975
"D",249,"W","D249W",0.0536894226407054
"D",249,"Y","D249Y",-0.0328582199262146
"T",250,"A","T250A",-0.12467769174164
"T",250,"C","T250C",-0.0806937103716505
"T",250,"D","T250D",-0.0118329137653805
"T",250,"E","T250E",0.128055036624889
"T",250,"F","T250F",0.0544588396265485
"T",250,"G","T250G",-0.0138178347587805
"T",250,"H","T250H",0.17781397359345
"T",250,"I","T250I",-0.0902201313703505
"T",250,"K","T250K",-0.0873857285521405
"T",250,"L","T250L",-0.0584373940256305
"T",250,"M","T250M",0.20179668295996
"T",250,"N","T250N",-0.0199983483752705
"T",250,"P","T250P",-0.139204873039941
"T",250,"Q","T250Q",0.0144113315891095
"T",250,"R","T250R",0.0573175251005085
"T",250,"S","T250S",0.0385926545290495
"T",250,"V","T250V",-0.0366243841903005
"T",250,"W","T250W",0.11162080631523
"T",250,"Y","T250Y",-0.121173840147659
"L",251,"A","L251A",0.165572875153523
"L",251,"C","L251C",-0.179649521382087
"L",251,"D","L251D",0.0710623800190331
"L",251,"E","L251E",0.0537715111956131
"L",251,"F","L251F",0.00201298480161391
"L",251,"G","L251G",0.0974483502433031
"L",251,"H","L251H",-0.0546791248403865
"L",251,"I","L251I",-0.0637865973497374
"L",251,"K","L251K",-0.0284476296523669
"L",251,"M","L251M",-0.0323219420287767
"L",251,"N","L251N",-0.0373044662971867
"L",251,"P","L251P",0.0417163757864031
"L",251,"Q","L251Q",0.0293666791102131
"L",251,"R","L251R",-0.0642419922506366
"L",251,"S","L251S",0.219706822757583
"L",251,"T","L251T",-0.136557467963007
"L",251,"V","L251V",-0.135411611076287
"L",251,"W","L251W",0.0290301443876331
"L",251,"Y","L251Y",0.0227122293855531
"M",252,"A","M252A",-0.0302693239177486
"M",252,"C","M252C",-0.206555053468239
"M",252,"D","M252D",0.0649966255732409
"M",252,"E","M252E",0.0764419097308319
"M",252,"F","M252F",-0.0422222226413685
"M",252,"G","M252G",0.00059136648781128
"M",252,"H","M252H",-0.0855053745834397
"M",252,"I","M252I",-0.11783928028691
"M",252,"K","M252K",0.135388663966932
"M",252,"L","M252L",0.101796945470521
"M",252,"N","M252N",0.0804867918020409
"M",252,"P","M252P",0.0488852278056109
"M",252,"Q","M252Q",-0.146261852206809
"M",252,"R","M252R",-0.0453888681876492
"M",252,"S","M252S",0.0440944195034209
"M",252,"T","M252T",0.0172380829669111
"M",252,"V","M252V",0.0522272575818609
"M",252,"W","M252W",0.0671288764749509
"M",252,"Y","M252Y",-0.0152341920719689
"I",253,"A","I253A",-0.14098059083627
"I",253,"C","I253C",0.11206662883568
"I",253,"D","I253D",0.18175782677354
"I",253,"E","I253E",-0.17508422471352
"I",253,"F","I253F",-0.0264400608055407
"I",253,"G","I253G",0.08696248058496
"I",253,"H","I253H",0.04557644050201
"I",253,"K","I253K",-0.06892677719395
"I",253,"L","I253L",0.0469912559665499
"I",253,"M","I253M",0.13163810607652
"I",253,"N","I253N",-0.14266827298116
"I",253,"P","I253P",0.256323790556511
"I",253,"Q","I253Q",-0.00101307788433986
"I",253,"R","I253R",-0.0861467566512793
"I",253,"S","I253S",-0.0138302970466807
"I",253,"T","I253T",-0.0846336165964394
"I",253,"V","I253V",0.0745987019272399
"I",253,"W","I253W",-0.14467032930683
"I",253,"Y","I253Y",-0.0515212272070006
"S",254,"A","S254A",-0.0392024015722693
"S",254,"C","S254C",0.16519118168168
"S",254,"D","S254D",-0.0186568933730698
"S",254,"E","S254E",0.00512009329059091
"S",254,"F","S254F",-0.020728219945279
"S",254,"G","S254G",0.0317146218798302
"S",254,"H","S254H",0.0796973270107502
"S",254,"I","S254I",0.0270841299608503
"S",254,"K","S254K",0.00609375063766113
"S",254,"L","S254L",0.10805324511466
"S",254,"M","S254M",0.0657140345483106
"S",254,"N","S254N",-0.0241878424913394
"S",254,"P","S254P",-0.18829096268268
"S",254,"Q","S254Q",0.0192268525693108
"S",254,"R","S254R",-0.17251146920047
"S",254,"T","S254T",0.0542579998327301
"S",254,"V","S254V",-0.11489326041219
"S",254,"W","S254W",0.0155224749313509
"S",254,"Y","S254Y",0.000795338219570542
"R",255,"A","R255A",0.106564534841795
"R",255,"C","R255C",-0.00404981552253416
"R",255,"D","R255D",0.0603520613619262
"R",255,"E","R255E",-0.200207220818744
"R",255,"F","R255F",-0.0921789327713443
"R",255,"G","R255G",0.0733490006665258
"R",255,"H","R255H",0.201683947069387
"R",255,"I","R255I",-0.0297284684899744
"R",255,"K","R255K",-0.0240186658375246
"R",255,"L","R255L",0.118944910824976
"R",255,"M","R255M",-0.199537706419654
"R",255,"N","R255N",0.107700127017965
"R",255,"P","R255P",0.172390728888736
"R",255,"Q","R255Q",0.0300477624129857
"R",255,"S","R255S",-0.144160414100814
"R",255,"T","R255T",-0.0427998504739443
"R",255,"V","R255V",-0.0122874880995445
"R",255,"W","R255W",-0.0310087812347542
"R",255,"Y","R255Y",-0.0910557293154642
"T",256,"A","T256A",-0.0513694164163131
"T",256,"C","T256C",-0.0634100762010935
"T",256,"D","T256D",0.114466946848826
"T",256,"E","T256E",0.0899960853845263
"T",256,"F","T256F",-0.00318650362997354
"T",256,"G","T256G",-0.0880541102610931
"T",256,"H","T256H",-0.0165847986690738
"T",256,"I","T256I",-0.0288023304023336
"T",256,"K","T256K",0.102983830634856
"T",256,"L","T256L",0.0472648117615463
"T",256,"M","T256M",-0.120238259574414
"T",256,"N","T256N",-0.123341138661434
"T",256,"P","T256P",-0.109540073139364
"T",256,"Q","T256Q",-0.0301286305328937
"T",256,"R","T256R",0.0884240145952463
"T",256,"S","T256S",-0.0554945552885638
"T",256,"V","T256V",0.188466654260856
"T",256,"W","T256W",0.045479738575816
"T",256,"Y","T256Y",0.0130678107148762
"P",257,"A","P257A",-0.0573378719071713
"P",257,"C","P257C",-0.0400096926277009
"P",257,"D","P257D",-0.238262860480241
"P",257,"E","P257E",0.290680391458598
"P",257,"F","P257F",0.046556851876979
"P",257,"G","P257G",-0.234240721920431
"P",257,"H","P257H",0.0115988742908093
"P",257,"I","P257I",-0.195938441906111
"P",257,"K","P257K",0.117115289102679
"P",257,"L","P257L",-0.207158523636981
"P",257,"M","P257M",0.10326572148898
"P",257,"N","P257N",-0.295544541007041
"P",257,"Q","P257Q",0.224275165023638
"P",257,"R","P257R",0.133728357287028
"P",257,"S","P257S",0.115364452059419
"P",257,"T","P257T",0.049707315579899
"P",257,"V","P257V",-0.10105111707328
"P",257,"W","P257W",0.074781996907469
"P",257,"Y","P257Y",0.202469355483459
"E",258,"A","E258A",-0.0225830826143688
"E",258,"C","E258C",0.0838494292647719
"E",258,"D","E258D",-0.312095740120388
"E",258,"F","E258F",0.094546495746142
"E",258,"G","E258G",0.132467083179712
"E",258,"H","E258H",0.0481127470749615
"E",258,"I","E258I",-0.109714264327478
"E",258,"K","E258K",-0.143723303118358
"E",258,"L","E258L",0.0332577504537318
"E",258,"M","E258M",-0.0118784979022781
"E",258,"N","E258N",-0.00812931041634817
"E",258,"P","E258P",0.0705137546691013
"E",258,"Q","E258Q",0.0191502318670718
"E",258,"R","E258R",-0.0616930867072691
"E",258,"S","E258S",-0.0159438829968483
"E",258,"T","E258T",0.153646272556421
"E",258,"V","E258V",-0.0234459622495483
"E",258,"W","E258W",0.113950938454992
"E",258,"Y","E258Y",-0.0402875728140179
"V",259,"A","V259A",-0.155654445528063
"V",259,"C","V259C",-0.0784225105939526
"V",259,"D","V259D",-0.0351990073474426
"V",259,"E","V259E",-0.208923039853733
"V",259,"F","V259F",-0.0288832022142026
"V",259,"G","V259G",-0.285745377522864
"V",259,"H","V259H",0.0377739839638174
"V",259,"I","V259I",-0.0541252150870626
"V",259,"K","V259K",0.226967540722007
"V",259,"L","V259L",0.102664349713268
"V",259,"M","V259M",0.128752654475288
"V",259,"N","V259N",-0.198321715286283
"V",259,"P","V259P",0.106360384166327
"V",259,"Q","V259Q",0.181997367169037
"V",259,"R","V259R",0.0569169502441073
"V",259,"S","V259S",-0.00243451886415279
"V",259,"T","V259T",-0.0750434876509326
"V",259,"W","V259W",0.0131973162812373
"V",259,"Y","V259Y",0.268121973213597
"T",260,"A","T260A",0.165831138703291
"T",260,"C","T260C",0.0895399574323428
"T",260,"D","T260D",0.0847382123227523
"T",260,"E","T260E",-0.0593564937134185
"T",260,"F","T260F",-0.190162140886698
"T",260,"G","T260G",-0.0354810883345384
"T",260,"H","T260H",-0.0242399276193781
"T",260,"I","T260I",-0.119281381616569
"T",260,"K","T260K",-0.0089466168203474
"T",260,"L","T260L",-0.0350865289738473
"T",260,"M","T260M",0.0250287501800515
"T",260,"N","T260N",0.0194249172945418
"T",260,"P","T260P",-0.106916751908248
"T",260,"Q","T260Q",-0.185509891422607
"T",260,"R","T260R",0.0595232398699823
"T",260,"S","T260S",0.120669718538612
"T",260,"V","T260V",0.110544595865072
"T",260,"W","T260W",0.0311896930143825
"T",260,"Y","T260Y",0.058490598074622
"C",261,"A","C261A",-0.0547516685683718
"C",261,"D","C261D",-0.162495914850392
"C",261,"E","C261E",0.200431222239428
"C",261,"F","C261F",0.0729167891039086
"C",261,"G","C261G",0.118637560233888
"C",261,"H","C261H",-0.181252864623922
"C",261,"I","C261I",-0.0646172668857724
"C",261,"K","C261K",0.126605311232048
"C",261,"M","C261M",-0.209034994545422
"C",261,"N","C261N",0.135289678306738
"C",261,"P","C261P",0.217021227013518
"C",261,"Q","C261Q",0.036841374606519
"C",261,"R","C261R",0.268709373300708
"C",261,"S","C261S",-0.219900633853272
"C",261,"T","C261T",-0.175594704309022
"C",261,"V","C261V",-0.229374492782442
"C",261,"W","C261W",-0.0499527554944619
"C",261,"Y","C261Y",0.170522759876318
"V",262,"A","V262A",0.0622285855429441
"V",262,"C","V262C",0.00337190558742294
"V",262,"D","V262D",-0.00535727057980696
"V",262,"E","V262E",-0.0388713221822967
"V",262,"F","V262F",0.170795682951383
"V",262,"G","V262G",0.0214541486555741
"V",262,"H","V262H",-0.170093386330316
"V",262,"I","V262I",0.0384185065345631
"V",262,"K","V262K",0.148136226287762
"V",262,"L","V262L",-0.121878232002157
"V",262,"M","V262M",-0.0762167307545964
"V",262,"N","V262N",-0.164460898001717
"V",262,"P","V262P",-0.0542381781707166
"V",262,"Q","V262Q",-0.323557403787338
"V",262,"R","V262R",-0.025092462603427
"V",262,"S","V262S",0.193765036301113
"V",262,"T","V262T",-0.0245757533823574
"V",262,"W","V262W",0.143443696344102
"V",262,"Y","V262Y",0.222727849589864
"V",263,"A","V263A",-0.305985022086164
"V",263,"C","V263C",-0.197719658687684
"V",263,"D","V263D",0.123665726615507
"V",263,"E","V263E",-0.124085143694805
"V",263,"F","V263F",-0.225200093551594
"V",263,"G","V263G",-0.0624351334207944
"V",263,"H","V263H",0.0394339594931055
"V",263,"I","V263I",0.322048074735426
"V",263,"L","V263L",0.288267233207106
"V",263,"M","V263M",0.381378520267967
"V",263,"N","V263N",-0.0948846577850342
"V",263,"P","V263P",0.0142937216271845
"V",263,"Q","V263Q",0.247245522466125
"V",263,"R","V263R",-0.294265634698074
"V",263,"S","V263S",-0.0253910779611843
"V",263,"T","V263T",0.113813425277647
"V",263,"W","V263W",-0.108912985348785
"V",263,"Y","V263Y",-0.0912667764559452
"V",264,"A","V264A",-0.012052777028759
"V",264,"C","V264C",-0.00766091833204902
"V",264,"D","V264D",-0.281728027622839
"V",264,"E","V264E",0.111276848587621
"V",264,"F","V264F",-0.013302581383749
"V",264,"G","V264G",0.915825371854141
"V",264,"H","V264H",0.194643912183851
"V",264,"I","V264I",-0.262937833504849
"V",264,"K","V264K",-0.432912394754839
"V",264,"L","V264L",0.028901212252921
"V",264,"M","V264M",-0.040908393486069
"V",264,"N","V264N",0.219457849174891
"V",264,"P","V264P",-0.221467931396799
"V",264,"Q","V264Q",-0.207921770263789
"V",264,"R","V264R",0.00388799501537099
"V",264,"S","V264S",-0.056008458694319
"V",264,"T","V264T",0.246177226041561
"V",264,"W","V264W",0.138556551494282
"V",264,"Y","V264Y",-0.321825880136579
"D",265,"A","D265A",0.185988924743577
"D",265,"C","D265C",0.00119196977142674
"D",265,"E","D265E",-0.287698798393943
"D",265,"F","D265F",-0.213203404312813
"D",265,"G","D265G",0.142691334243667
"D",265,"H","D265H",-0.161319894674233
"D",265,"I","D265I",0.209587793140997
"D",265,"K","D265K",0.0484151586532167
"D",265,"L","D265L",-0.174299944938833
"D",265,"M","D265M",0.0873217703397567
"D",265,"N","D265N",0.285700945803636
"D",265,"P","D265P",0.0142317254688867
"D",265,"Q","D265Q",-0.340692648576752
"D",265,"R","D265R",0.164277574130247
"D",265,"S","D265S",-0.0733302802782734
"D",265,"T","D265T",-0.126844961590703
"D",265,"V","D265V",0.294046594323457
"D",265,"W","D265W",0.257467953385587
"D",265,"Y","D265Y",-0.313531811238903
"V",266,"A","V266A",0.121869207109768
"V",266,"C","V266C",-0.139718694704641
"V",266,"D","V266D",0.249097959393608
"V",266,"E","V266E",-0.396850945496632
"V",266,"F","V266F",0.263266537432798
"V",266,"G","V266G",0.199611151510958
"V",266,"H","V266H",-0.164985196585612
"V",266,"I","V266I",-0.0751507363315118
"V",266,"K","V266K",-0.0172561624879918
"V",266,"L","V266L",0.108939295710478
"V",266,"M","V266M",0.777662179830248
"V",266,"N","V266N",0.0962085663647982
"V",266,"P","V266P",-0.141531472794751
"V",266,"Q","V266Q",-0.0581357236181518
"V",266,"R","V266R",-0.142844758157151
"V",266,"S","V266S",-0.161099991783452
"V",266,"W","V266W",-0.0352308466698718
"V",266,"Y","V266Y",-0.483850368722892
"S",267,"A","S267A",0.141916946915728
"S",267,"C","S267C",0.0148692692572578
"S",267,"D","S267D",-0.296757113000192
"S",267,"E","S267E",1.69188626558415
"S",267,"F","S267F",-0.221314811350052
"S",267,"G","S267G",0.251095744048698
"S",267,"H","S267H",-0.539022284571532
"S",267,"I","S267I",0.407173537212538
"S",267,"K","S267K",-0.382151846827562
"S",267,"L","S267L",-0.219075100129292
"S",267,"M","S267M",0.378640143264818
"S",267,"N","S267N",-0.343889275675382
"S",267,"P","S267P",-0.136932347164492
"S",267,"Q","S267Q",-0.0679026608589922
"S",267,"R","S267R",-0.324734072604392
"S",267,"T","S267T",-0.210882882946532
"S",267,"V","S267V",0.578034372216327
"S",267,"W","S267W",-0.293974005112712
"S",267,"Y","S267Y",-0.426979878258382
"H",268,"A","H268A",-0.0456642687214085
"H",268,"C","H268C",-0.14806704315226
"H",268,"D","H268D",-0.231647864168439
"H",268,"E","H268E",-0.282404274625279
"H",268,"F","H268F",-0.179244666097829
"H",268,"G","H268G",0.30819088804775
"H",268,"I","H268I",-0.0960750423620595
"H",268,"K","H268K",0.22694867480945
"H",268,"L","H268L",0.00310636328321046
"H",268,"M","H268M",-0.268920920819029
"H",268,"N","H268N",0.2792013944787
"H",268,"P","H268P",0.27107995309513
"H",268,"Q","H268Q",-0.15856482996791
"H",268,"R","H268R",0.22981120027042
"H",268,"S","H268S",-0.326596625548469
"H",268,"T","H268T",-0.0486676812832695
"H",268,"V","H268V",0.190431801595229
"H",268,"W","H268W",0.20860879177866
"H",268,"Y","H268Y",0.0684741493874005
"E",269,"A","E269A",-0.112356116360509
"E",269,"C","E269C",-0.024849359849579
"E",269,"D","E269D",-0.216775139210769
"E",269,"F","E269F",-0.070731738217349
"E",269,"G","E269G",-0.181972918334499
"E",269,"H","E269H",-0.0887431825509386
"E",269,"I","E269I",0.075863211208151
"E",269,"K","E269K",0.312315777031131
"E",269,"L","E269L",0.188376774967771
"E",269,"M","E269M",0.555774340297801
"E",269,"N","E269N",0.059086684911341
"E",269,"P","E269P",-0.121911696748949
"E",269,"Q","E269Q",0.141830604342341
"E",269,"R","E269R",0.096241989218441
"E",269,"S","E269S",-0.144184737644299
"E",269,"T","E269T",-0.343516480019969
"E",269,"V","E269V",-0.003877802975149
"E",269,"W","E269W",-0.225934558037899
"E",269,"Y","E269Y",0.105364347972931
"D",270,"A","D270A",0.0958910859501422
"D",270,"C","D270C",-0.0866657670433378
"D",270,"E","D270E",-0.730485695869378
"D",270,"F","D270F",0.116409358126402
"D",270,"G","D270G",0.0719046755283622
"D",270,"H","D270H",0.0674567079939522
"D",270,"I","D270I",0.218310212406782
"D",270,"K","D270K",0.0536093463590622
"D",270,"L","D270L",-0.119688810732878
"D",270,"M","D270M",-0.256290484035258
"D",270,"N","D270N",0.134099689174922
"D",270,"P","D270P",-0.222507891946507
"D",270,"Q","D270Q",-0.0390740383815788
"D",270,"R","D270R",0.0738831736091322
"D",270,"S","D270S",0.0543925154654222
"D",270,"T","D270T",-0.187946727719788
"D",270,"V","D270V",0.476470600447122
"D",270,"W","D270W",0.0955565365561732
"D",270,"Y","D270Y",0.184675514111251
"P",271,"A","P271A",-0.101763978446274
"P",271,"C","P271C",0.0896559802296666
"P",271,"D","P271D",-0.0599021942587135
"P",271,"E","P271E",-0.0535710130553729
"P",271,"F","P271F",0.0592502310047476
"P",271,"G","P271G",0.415228200741697
"P",271,"H","P271H",-0.0271708331497831
"P",271,"I","P271I",-0.227896463997993
"P",271,"K","P271K",-0.0273565078030231
"P",271,"L","P271L",0.0851398019589766
"P",271,"M","P271M",0.0212083088654269
"P",271,"N","P271N",-0.071114271954243
"P",271,"Q","P271Q",-0.0408840119514429
"P",271,"R","P271R",-0.149233773956773
"P",271,"S","P271S",0.0824695099241366
"P",271,"T","P271T",0.197304109210038
"P",271,"V","P271V",-0.155271708232353
"P",271,"W","P271W",-0.108683492954313
"P",271,"Y","P271Y",0.0725921078255976
"E",272,"A","E272A",0.264414348710003
"E",272,"C","E272C",-0.120580267728977
"E",272,"D","E272D",-0.232330415854876
"E",272,"F","E272F",-0.0265425070061772
"E",272,"G","E272G",-0.0700165334182175
"E",272,"I","E272I",-0.0835680714460279
"E",272,"K","E272K",0.226683122018103
"E",272,"L","E272L",-0.0993995988640273
"E",272,"M","E272M",0.0217441365675123
"E",272,"N","E272N",-0.161956081219197
"E",272,"P","E272P",0.243074874533013
"E",272,"Q","E272Q",0.181224285159353
"E",272,"R","E272R",0.253250483103663
"E",272,"S","E272S",0.178596954838213
"E",272,"T","E272T",0.0952815546658428
"E",272,"V","E272V",-0.140311813358967
"E",272,"W","E272W",-0.369682840897657
"E",272,"Y","E272Y",-0.159881629801577
"V",273,"A","V273A",-0.145302689672502
"V",273,"C","V273C",0.30652371201528
"V",273,"D","V273D",-0.551707640692722
"V",273,"E","V273E",0.326455493710939
"V",273,"F","V273F",-0.248025532300661
"V",273,"G","V273G",0.455564177381778
"V",273,"H","V273H",0.0488581844237389
"V",273,"I","V273I",-0.0343629796028111
"V",273,"K","V273K",-0.370737054738641
"V",273,"L","V273L",-0.15473973022255
"V",273,"M","V273M",0.465525544228109
"V",273,"N","V273N",0.231549129199589
"V",273,"P","V273P",-0.146857389266411
"V",273,"Q","V273Q",-0.135473958466991
"V",273,"R","V273R",-0.558274090459471
"V",273,"S","V273S",0.230504718558779
"V",273,"T","V273T",0.127268966498559
"V",273,"W","V273W",-0.34800062225624
"V",273,"Y","V273Y",0.501231761662229
"K",274,"A","K274A",-0.0831347890130568
"K",274,"C","K274C",0.247674419045633
"K",274,"D","K274D",-0.123494000998607
"K",274,"E","K274E",-0.0260949399530068
"K",274,"F","K274F",0.192886401051292
"K",274,"G","K274G",-0.438034343219368
"K",274,"H","K274H",0.104211888270683
"K",274,"I","K274I",-0.0775949360753058
"K",274,"L","K274L",-0.0359674145536868
"K",274,"M","K274M",0.0699841700911733
"K",274,"N","K274N",0.121532580783333
"K",274,"P","K274P",-0.324966299773537
"K",274,"Q","K274Q",-0.0058198496048065
"K",274,"R","K274R",0.079571274910393
"K",274,"S","K274S",0.230341087396493
"K",274,"T","K274T",0.0099122185052133
"K",274,"V","K274V",0.103110145049253
"K",274,"W","K274W",-0.0537315471450568
"K",274,"Y","K274Y",0.00961393523296321
"F",275,"A","F275A",0.508725711601631
"F",275,"C","F275C",0.28146164336168
"F",275,"D","F275D",0.0260352254434109
"F",275,"E","F275E",-0.10395005074555
"F",275,"G","F275G",0.20623014604204
"F",275,"H","F275H",-0.126089195262029
"F",275,"I","F275I",-0.025841493445399
"F",275,"K","F275K",-0.31880282055228
"F",275,"L","F275L",-0.0758958641394596
"F",275,"M","F275M",-0.0201797218600603
"F",275,"N","F275N",-0.25042450861945
"F",275,"P","F275P",-0.0353749309202395
"F",275,"Q","F275Q",-0.17381461587897
"F",275,"R","F275R",0.21459222078622
"F",275,"S","F275S",0.10015255713037
"F",275,"T","F275T",-0.181389432250861
"F",275,"V","F275V",0.10034479265165
"F",275,"W","F275W",-0.161329789004209
"F",275,"Y","F275Y",0.0355501256615006
"N",276,"A","N276A",0.0459535982213348
"N",276,"C","N276C",-0.0526934748089951
"N",276,"D","N276D",-0.0954004365830554
"N",276,"E","N276E",-0.141146243563495
"N",276,"F","N276F",-0.0627272983198155
"N",276,"G","N276G",0.0788707049276847
"N",276,"H","N276H",0.0686696196457952
"N",276,"I","N276I",-0.0254159731458247
"N",276,"K","N276K",0.068489175942305
"N",276,"L","N276L",0.171910859102345
"N",276,"M","N276M",0.00320732045348422
"N",276,"P","N276P",0.250937338759755
"N",276,"Q","N276Q",-0.0769972117279154
"N",276,"R","N276R",-0.130516258682695
"N",276,"S","N276S",-0.0914875304388552
"N",276,"T","N276T",0.0794270258173946
"N",276,"V","N276V",-0.0529054165544653
"N",276,"W","N276W",-0.118944596257055
"N",276,"Y","N276Y",0.0807687972120752
"W",277,"A","W277A",0.109612583766555
"W",277,"C","W277C",-0.0341682790598045
"W",277,"D","W277D",-0.123575817518085
"W",277,"E","W277E",0.0957309166615159
"W",277,"F","W277F",-0.0400183457335551
"W",277,"G","W277G",-0.0305277932119653
"W",277,"H","W277H",-0.0736895055037646
"W",277,"I","W277I",0.162494428564145
"W",277,"K","W277K",-0.312660774786545
"W",277,"L","W277L",0.084937151417816
"W",277,"M","W277M",-0.066039801456515
"W",277,"N","W277N",0.0483298986363749
"W",277,"P","W277P",0.175204275932345
"W",277,"Q","W277Q",0.0234628070584159
"W",277,"R","W277R",-0.171589058312674
"W",277,"S","W277S",-0.0367366662964242
"W",277,"T","W277T",0.0362436347019049
"W",277,"V","W277V",0.144624434794505
"W",277,"Y","W277Y",0.00836591034575494
"Y",278,"A","Y278A",-0.0150820316716377
"Y",278,"C","Y278C",-0.0234223786750979
"Y",278,"D","Y278D",0.270767598001592
"Y",278,"E","Y278E",0.208778373695972
"Y",278,"F","Y278F",-0.162663793819208
"Y",278,"G","Y278G",-0.0212254684688883
"Y",278,"H","Y278H",-0.0965798502818481
"Y",278,"I","Y278I",-0.0362585247246482
"Y",278,"K","Y278K",0.135439242480543
"Y",278,"L","Y278L",-0.0538791052780073
"Y",278,"M","Y278M",0.00200183980770215
"Y",278,"N","Y278N",-0.0426077564061685
"Y",278,"P","Y278P",-0.462146671955618
"Y",278,"Q","Y278Q",0.00988854808440165
"Y",278,"R","Y278R",-0.0773744825791173
"Y",278,"S","Y278S",0.0352767263319423
"Y",278,"T","Y278T",-0.0115195425748883
"Y",278,"V","Y278V",0.085934971053062
"Y",278,"W","Y278W",0.254672306979912
"V",279,"A","V279A",-0.0163823604361115
"V",279,"C","V279C",-0.0834048411887907
"V",279,"D","V279D",-0.0807952344863605
"V",279,"E","V279E",0.12512309281198
"V",279,"F","V279F",0.0769102231133789
"V",279,"G","V279G",-0.061834081256021
"V",279,"H","V279H",-0.0158309850142315
"V",279,"I","V279I",-0.155966402280061
"V",279,"K","V279K",0.0404010614389489
"V",279,"L","V279L",-0.0370111957631114
"V",279,"M","V279M",-0.108272598003011
"V",279,"N","V279N",0.145237829380929
"V",279,"P","V279P",-0.0639490130939609
"V",279,"Q","V279Q",0.0246938873390989
"V",279,"R","V279R",-0.017334579261971
"V",279,"S","V279S",0.00210888374984967
"V",279,"T","V279T",0.0946133980724689
"V",279,"W","V279W",-0.0177543681490813
"V",279,"Y","V279Y",0.149447283026059
"D",280,"A","D280A",-0.176459291471913
"D",280,"C","D280C",0.0724774112816967
"D",280,"E","D280E",-0.0934326729914832
"D",280,"F","D280F",0.0775251266889667
"D",280,"G","D280G",-0.0310894027252531
"D",280,"H","D280H",-0.128119062141893
"D",280,"I","D280I",0.110534061029207
"D",280,"K","D280K",-0.0961345144720334
"D",280,"L","D280L",0.0481623963043277
"D",280,"M","D280M",-0.000827123384043858
"D",280,"N","D280N",0.0714007095137068
"D",280,"P","D280P",0.396405398460947
"D",280,"Q","D280Q",0.00564101236512714
"D",280,"R","D280R",0.208717206574147
"D",280,"S","D280S",-0.139293307361553
"D",280,"T","D280T",-0.114512407182083
"D",280,"V","D280V",-0.248071362714283
"D",280,"W","D280W",-0.0409378803280334
"D",280,"Y","D280Y",0.0780137025544468
"G",281,"A","G281A",0.102799417403145
"G",281,"C","G281C",0.00856755132256472
"G",281,"D","G281D",0.0601450579172553
"G",281,"E","G281E",0.053067090258005
"G",281,"F","G281F",-0.0983146013109262
"G",281,"H","G281H",0.0550057517028346
"G",281,"I","G281I",0.0751012611153845
"G",281,"K","G281K",-0.0154065888250052
"G",281,"L","G281L",0.0964932760436143
"G",281,"M","G281M",-0.165328051591205
"G",281,"N","G281N",-0.0805390859963557
"G",281,"P","G281P",0.169860616091185
"G",281,"Q","G281Q",0.177976704723315
"G",281,"R","G281R",0.0196163611450846
"G",281,"S","G281S",-0.102894427796585
"G",281,"T","G281T",-0.0585774552586749
"G",281,"V","G281V",-0.127921380070065
"G",281,"W","G281W",-0.144206695027345
"G",281,"Y","G281Y",-0.0254448018462252
"V",282,"A","V282A",0.155237126017967
"V",282,"C","V282C",-0.0487602770880529
"V",282,"D","V282D",0.0294502298491276
"V",282,"E","V282E",0.0388215465668977
"V",282,"F","V282F",-0.0366164959566223
"V",282,"G","V282G",-0.0528282890948531
"V",282,"H","V282H",0.230243618798628
"V",282,"I","V282I",-0.0309785322737225
"V",282,"K","V282K",-0.0610773968587329
"V",282,"L","V282L",-0.021426039161763
"V",282,"M","V282M",-0.0828368907458626
"V",282,"N","V282N",0.0297204716918179
"V",282,"P","V282P",-0.206461702873173
"V",282,"Q","V282Q",-0.0642716961652126
"V",282,"R","V282R",0.0556501381553277
"V",282,"S","V282S",0.0870469905188772
"V",282,"T","V282T",0.0484900835389969
"V",282,"W","V282W",-0.0585422873160132
"V",282,"Y","V282Y",-0.0108605976036328
"E",283,"A","E283A",-0.176829163419582
"E",283,"C","E283C",0.150991479584009
"E",283,"D","E283D",0.038159901374318
"E",283,"F","E283F",-0.0395891183707403
"E",283,"G","E283G",-0.104994060333461
"E",283,"H","E283H",-0.086094304758361
"E",283,"I","E283I",-0.158863981118781
"E",283,"K","E283K",0.057207810123139
"E",283,"L","E283L",0.075337228553799
"E",283,"M","E283M",0.037670544846089
"E",283,"N","E283N",0.217732817680798
"E",283,"P","E283P",0.019757835154449
"E",283,"Q","E283Q",0.085859014647219
"E",283,"R","E283R",-0.0599840390980014
"E",283,"S","E283S",-0.141863505605151
"E",283,"T","E283T",-0.13679014413875
"E",283,"V","E283V",0.074400083894439
"E",283,"W","E283W",-0.0337187085138507
"E",283,"Y","E283Y",0.181610309498419
"V",284,"A","V284A",0.0269433692526077
"V",284,"C","V284C",0.0871358393496978
"V",284,"D","V284D",-0.0253460240259123
"V",284,"E","V284E",-0.0760958931638718
"V",284,"F","V284F",-0.171160312124792
"V",284,"G","V284G",0.000912317267158277
"V",284,"H","V284H",0.0820049317192278
"V",284,"I","V284I",-0.126348311336932
"V",284,"K","V284K",-0.0112156005252717
"V",284,"L","V284L",0.0613806253261878
"V",284,"M","V284M",0.0496935615609878
"V",284,"N","V284N",0.102815645188408
"V",284,"P","V284P",-0.214045897871271
"V",284,"Q","V284Q",0.128095902201198
"V",284,"R","V284R",0.104566976489778
"V",284,"S","V284S",0.180105172472128
"V",284,"T","V284T",-0.255417568486392
"V",284,"W","V284W",0.100679091722738
"V",284,"Y","V284Y",-0.0447038250156724
"H",285,"A","H285A",-0.0636255490875244
"H",285,"C","H285C",-0.0385874401585844
"H",285,"D","H285D",-0.144420642805734
"H",285,"E","H285E",0.124566624409096
"H",285,"F","H285F",-0.0983450264653238
"H",285,"G","H285G",0.184996900259926
"H",285,"I","H285I",0.0534352792315063
"H",285,"K","H285K",0.109403191673176
"H",285,"L","H285L",0.112602525496936
"H",285,"M","H285M",-0.0596067363772748
"H",285,"N","H285N",0.0614324762566657
"H",285,"P","H285P",0.0156357588058858
"H",285,"Q","H285Q",0.0481965573581964
"H",285,"R","H285R",-0.0766709875808744
"H",285,"S","H285S",0.0251643228049656
"H",285,"T","H285T",-0.118390987096904
"H",285,"V","H285V",-0.0256668965123343
"H",285,"W","H285W",-0.0560447162404647
"H",285,"Y","H285Y",-0.0540746539713335
"N",286,"A","N286A",-0.0671388443782994
"N",286,"C","N286C",-0.0266167927641499
"N",286,"D","N286D",-0.098835952178989
"N",286,"E","N286E",-0.18517240897866
"N",286,"F","N286F",-0.0563349493011491
"N",286,"G","N286G",0.0692344026463909
"N",286,"H","N286H",0.1235131908201
"N",286,"I","N286I",-0.0722567958174094
"N",286,"K","N286K",-0.11975672761626
"N",286,"L","N286L",-0.0883211051521895
"N",286,"M","N286M",0.0590490333118707
"N",286,"P","N286P",0.30752030640395
"N",286,"Q","N286Q",-0.0521391959581503
"N",286,"R","N286R",-0.0281013390681995
"N",286,"S","N286S",0.0427163757159603
"N",286,"T","N286T",-0.0439410776940095
"N",286,"V","N286V",0.0397444999031198
"N",286,"W","N286W",0.0780242236517508
"N",286,"Y","N286Y",0.118813156454321
"A",287,"C","A287C",0.0418045445794219
"A",287,"D","A287D",-0.191283577692668
"A",287,"E","A287E",-0.0802556168486386
"A",287,"F","A287F",-0.00574546709588791
"A",287,"H","A287H",0.169595036474581
"A",287,"I","A287I",0.138995098089502
"A",287,"K","A287K",0.132016723561021
"A",287,"L","A287L",-0.0766884656264587
"A",287,"M","A287M",-0.264860261458188
"A",287,"N","A287N",0.0273957422520622
"A",287,"P","A287P",-0.104410014435308
"A",287,"Q","A287Q",0.113585183766311
"A",287,"R","A287R",0.00405650823875129
"A",287,"S","A287S",0.0702088376849218
"A",287,"T","A287T",0.0927360266856615
"A",287,"V","A287V",0.0579579870558517
"A",287,"W","A287W",-0.0998204543845681
"A",287,"Y","A287Y",-0.0252878308463687
"K",288,"A","K288A",-0.00444130133917301
"K",288,"C","K288C",0.0869545810175972
"K",288,"D","K288D",-0.0694621742398532
"K",288,"E","K288E",-0.167495650276223
"K",288,"F","K288F",-0.0779164468316532
"K",288,"G","K288G",-0.125079274577443
"K",288,"H","K288H",-0.0200643889013738
"K",288,"I","K288I",0.0174367362370172
"K",288,"L","K288L",0.0664576946812972
"K",288,"M","K288M",0.123172342699196
"K",288,"N","K288N",-0.0116062485283236
"K",288,"P","K288P",0.125413312582257
"K",288,"Q","K288Q",0.164894981361867
"K",288,"R","K288R",-0.0489896993384632
"K",288,"S","K288S",-0.125666184307263
"K",288,"T","K288T",0.123054660052107
"K",288,"V","K288V",0.00658030047113649
"K",288,"W","K288W",-0.0506223698784129
"K",288,"Y","K288Y",-0.0126208708842927
"T",289,"A","T289A",-0.0324831935864092
"T",289,"C","T289C",0.0176039479854607
"T",289,"D","T289D",0.0577814826162909
"T",289,"E","T289E",-0.209222879432798
"T",289,"F","T289F",-0.0819175038913692
"T",289,"G","T289G",0.264903740547911
"T",289,"H","T289H",0.135603537663931
"T",289,"I","T289I",-0.420560848741428
"T",289,"K","T289K",0.429507998175371
"T",289,"L","T289L",-0.141870927866709
"T",289,"M","T289M",-0.0554393930900482
"T",289,"N","T289N",0.0897399196589503
"T",289,"P","T289P",-0.0109476504197192
"T",289,"Q","T289Q",-0.0741225440906992
"T",289,"R","T289R",-0.130618541299048
"T",289,"S","T289S",0.165274667210501
"T",289,"V","T289V",-0.0448420342836892
"T",289,"W","T289W",0.0515988664210912
"T",289,"Y","T289Y",-0.00998864357758918
"K",290,"A","K290A",0.188844371508886
"K",290,"C","K290C",-0.227003154881825
"K",290,"D","K290D",-0.00496662492431479
"K",290,"E","K290E",-0.0855661234416254
"K",290,"F","K290F",0.0996769628074447
"K",290,"G","K290G",-0.00188274317529509
"K",290,"H","K290H",-0.0134398462757253
"K",290,"I","K290I",-0.124582947505655
"K",290,"L","K290L",-0.0392668349587553
"K",290,"M","K290M",-0.0660426162273755
"K",290,"N","K290N",-0.062692641553386
"K",290,"P","K290P",0.0737727551826246
"K",290,"Q","K290Q",-0.104147436745125
"K",290,"R","K290R",0.0568995065291246
"K",290,"S","K290S",0.0111105825401549
"K",290,"T","K290T",0.181205433487435
"K",290,"V","K290V",0.149633084516865
"K",290,"W","K290W",-0.0625277482061748
"K",290,"Y","K290Y",0.0309760213227246
"P",291,"A","P291A",0.0538831704839773
"P",291,"C","P291C",0.0636678799119965
"P",291,"D","P291D",-0.320280280981733
"P",291,"E","P291E",-0.180008406967203
"P",291,"F","P291F",-0.0959112314626932
"P",291,"G","P291G",0.0951734796854666
"P",291,"H","P291H",0.185750213199487
"P",291,"I","P291I",0.0379752464950773
"P",291,"K","P291K",0.0249806776356875
"P",291,"L","P291L",-0.00421840980006287
"P",291,"M","P291M",-0.0342691853173738
"P",291,"N","P291N",-0.144965298394073
"P",291,"Q","P291Q",-0.0406947652367629
"P",291,"R","P291R",0.102141658424937
"P",291,"S","P291S",0.00504352230237637
"P",291,"T","P291T",0.00423089098923701
"P",291,"V","P291V",0.212501130439727
"P",291,"W","P291W",0.0268356314679965
"P",291,"Y","P291Y",0.00816407712393663
"R",292,"A","R292A",0.149689052851151
"R",292,"C","R292C",-0.113383777138329
"R",292,"D","R292D",0.025099876364591
"R",292,"E","R292E",0.236928473276741
"R",292,"F","R292F",0.00199119155375099
"R",292,"G","R292G",0.12966576066178
"R",292,"H","R292H",-0.264348479367179
"R",292,"I","R292I",-0.00361448891666902
"R",292,"K","R292K",0.116881223162281
"R",292,"L","R292L",-0.204187735276599
"R",292,"M","R292M",-0.243196716547019
"R",292,"N","R292N",0.103852440414152
"R",292,"P","R292P",0.145860701562582
"R",292,"Q","R292Q",-0.232522383159978
"R",292,"S","R292S",0.03267790504456
"R",292,"T","R292T",-0.034955710120419
"R",292,"V","R292V",-0.035374369984749
"R",292,"W","R292W",0.241405117720371
"R",292,"Y","R292Y",-0.052468082101019
"E",293,"A","E293A",0.124174208782348
"E",293,"C","E293C",-0.400482950281742
"E",293,"D","E293D",-0.121551328708902
"E",293,"F","E293F",0.181706977788858
"E",293,"G","E293G",-0.0525059875729623
"E",293,"H","E293H",0.0202768004437981
"E",293,"I","E293I",0.046794161596148
"E",293,"K","E293K",-0.0445704011742525
"E",293,"L","E293L",0.0722928512903483
"E",293,"M","E293M",0.172816096886648
"E",293,"N","E293N",-0.0376360939325917
"E",293,"P","E293P",-0.101282486328002
"E",293,"Q","E293Q",0.135698901175308
"E",293,"R","E293R",-0.109214176364722
"E",293,"S","E293S",0.0206891694943081
"E",293,"T","E293T",-0.105183065349512
"E",293,"V","E293V",-0.172855038738842
"E",293,"W","E293W",0.370832360993768
"E",294,"A","E294A",0.0855017737930353
"E",294,"C","E294C",-0.163762639939665
"E",294,"D","E294D",-0.136879779832745
"E",294,"F","E294F",0.240935168824035
"E",294,"G","E294G",-0.256581749768175
"E",294,"H","E294H",0.188907296824315
"E",294,"I","E294I",0.313383891838765
"E",294,"K","E294K",0.508300571454535
"E",294,"L","E294L",-0.00339117905403369
"E",294,"M","E294M",-0.0267855753179747
"E",294,"N","E294N",-0.158369575165335
"E",294,"P","E294P",0.0961773212634853
"E",294,"Q","E294Q",-0.165884040164185
"E",294,"R","E294R",0.128521045850334
"E",294,"S","E294S",-0.147875469696705
"E",294,"T","E294T",-0.542269295614075
"E",294,"V","E294V",0.105320803826215
"E",294,"W","E294W",-0.140492404371595
"E",294,"Y","E294Y",0.0752438352497653
"Q",295,"A","Q295A",-0.0604986102982011
"Q",295,"C","Q295C",-0.156426571087661
"Q",295,"D","Q295D",-0.424618058483621
"Q",295,"E","Q295E",-0.323220024606332
"Q",295,"F","Q295F",0.197956925487619
"Q",295,"G","Q295G",0.137054422305679
"Q",295,"H","Q295H",-0.0162291846067012
"Q",295,"I","Q295I",-0.0364401391361412
"Q",295,"K","Q295K",0.0408481405164091
"Q",295,"L","Q295L",0.0135947486581095
"Q",295,"M","Q295M",-0.0949069173091001
"Q",295,"N","Q295N",0.244984814367249
"Q",295,"P","Q295P",0.128283267384059
"Q",295,"R","Q295R",0.17452691890763
"Q",295,"S","Q295S",-0.0916315319128111
"Q",295,"T","Q295T",-0.288353558835231
"Q",295,"V","Q295V",-0.0406891152864311
"Q",295,"W","Q295W",0.312716882393959
"Q",295,"Y","Q295Y",0.283047591541519
"Y",296,"A","Y296A",0.0102990971692316
"Y",296,"C","Y296C",-0.0433664033154884
"Y",296,"D","Y296D",0.0303393994440516
"Y",296,"E","Y296E",-0.107084735408498
"Y",296,"F","Y296F",0.0183928822985716
"Y",296,"G","Y296G",0.165913624772992
"Y",296,"H","Y296H",0.00520900844750255
"Y",296,"I","Y296I",0.0471362650580616
"Y",296,"K","Y296K",0.377153867082492
"Y",296,"L","Y296L",-0.176462364845369
"Y",296,"M","Y296M",-0.0211967583559684
"Y",296,"N","Y296N",-0.107474743557779
"Y",296,"P","Y296P",-0.0934068065467384
"Y",296,"Q","Y296Q",0.0893329034068226
"Y",296,"R","Y296R",0.133232724916692
"Y",296,"S","Y296S",0.140781708441012
"Y",296,"V","Y296V",-0.120692733271649
"Y",296,"W","Y296W",-0.348106935735938
"N",297,"A","N297A",-0.469471259908489
"N",297,"C","N297C",-0.319718661795658
"N",297,"D","N297D",-0.206961904359258
"N",297,"E","N297E",0.0423195964015315
"N",297,"F","N297F",0.100384662525701
"N",297,"G","N297G",0.0464007271765815
"N",297,"H","N297H",-0.00609689380534853
"N",297,"I","N297I",-0.276786646082119
"N",297,"K","N297K",-0.162014764953718
"N",297,"L","N297L",0.208459710842641
"N",297,"M","N297M",-0.0931314671314385
"N",297,"P","N297P",0.156969464411161
"N",297,"Q","N297Q",-0.131789177414279
"N",297,"R","N297R",0.0984753046861615
"N",297,"S","N297S",0.303783014392381
"N",297,"T","N297T",-0.0756729080455085
"N",297,"V","N297V",0.287218975377681
"N",297,"W","N297W",0.27118536721736
"N",297,"Y","N297Y",0.226446860464612
"S",298,"A","S298A",-0.560461645573137
"S",298,"C","S298C",-0.298842374795137
"S",298,"D","S298D",0.303108252858603
"S",298,"E","S298E",0.153681086298363
"S",298,"F","S298F",0.137406165532353
"S",298,"G","S298G",0.0755219411662928
"S",298,"I","S298I",-0.0614699137895774
"S",298,"K","S298K",0.254513306575753
"S",298,"L","S298L",0.250883171402733
"S",298,"M","S298M",0.205548823621803
"S",298,"N","S298N",0.160758411346443
"S",298,"P","S298P",-0.207688678051727
"S",298,"Q","S298Q",0.111417098158443
"S",298,"R","S298R",0.161305379735713
"S",298,"T","S298T",-0.509934474024437
"S",298,"V","S298V",-0.0919891904165778
"S",298,"W","S298W",0.211014189500523
"S",298,"Y","S298Y",-0.294771549546427
"T",299,"A","T299A",0.143801865654811
"T",299,"C","T299C",0.197026295706141
"T",299,"D","T299D",-0.23873760424007
"T",299,"E","T299E",0.356364023579421
"T",299,"F","T299F",0.0975566197452206
"T",299,"G","T299G",-0.477409318529559
"T",299,"H","T299H",-0.0703616952949894
"T",299,"I","T299I",0.0615139402870306
"T",299,"K","T299K",-0.176200461145749
"T",299,"L","T299L",-0.0576294774417894
"T",299,"M","T299M",0.35316015710452
"T",299,"N","T299N",-0.0647997031659694
"T",299,"P","T299P",0.114869970727231
"T",299,"Q","T299Q",-0.302320383915349
"T",299,"R","T299R",-0.13225531402722
"T",299,"S","T299S",0.0808498944420406
"T",299,"V","T299V",0.100544502430231
"T",299,"W","T299W",-0.14519816650585
"T",299,"Y","T299Y",0.159224854589901
"Y",300,"A","Y300A",-0.0958437043149548
"Y",300,"C","Y300C",-0.0697439890973253
"Y",300,"D","Y300D",-0.0077049090209758
"Y",300,"E","Y300E",0.438068689820465
"Y",300,"F","Y300F",-0.0937309415146453
"Y",300,"G","Y300G",-0.309863208342026
"Y",300,"H","Y300H",-0.174211804542965
"Y",300,"I","Y300I",-0.239693833607595
"Y",300,"K","Y300K",-0.0120483916201253
"Y",300,"L","Y300L",0.270614576893515
"Y",300,"M","Y300M",-0.089114783045925
"Y",300,"N","Y300N",-0.0670676389068051
"Y",300,"P","Y300P",0.173781461569725
"Y",300,"Q","Y300Q",-0.0892777831369354
"Y",300,"R","Y300R",0.183046313976316
"Y",300,"S","Y300S",0.064864199850485
"Y",300,"T","Y300T",-0.140419090400415
"Y",300,"V","Y300V",0.112204940855855
"Y",300,"W","Y300W",0.146139894584335
"R",301,"A","R301A",-0.0513473425376718
"R",301,"C","R301C",-0.103168569528242
"R",301,"D","R301D",-0.0551083883819113
"R",301,"E","R301E",-0.0222878605967623
"R",301,"F","R301F",0.360567786765558
"R",301,"G","R301G",-0.150761505162362
"R",301,"H","R301H",0.259913942054979
"R",301,"I","R301I",-0.151847956403321
"R",301,"K","R301K",0.107632555306108
"R",301,"L","R301L",-0.206418396390341
"R",301,"M","R301M",-0.141662164424922
"R",301,"N","R301N",-0.0859804195455017
"R",301,"P","R301P",0.630529486669198
"R",301,"Q","R301Q",0.119257543066068
"R",301,"S","R301S",-0.174307910834442
"R",301,"T","R301T",-0.103973343677712
"R",301,"V","R301V",-0.258492126948332
"R",301,"W","R301W",-0.0143252351623913
"R",301,"Y","R301Y",0.0417799057319987
"V",302,"C","V302C",0.213885747404836
"V",302,"D","V302D",0.255161441671924
"V",302,"E","V302E",-0.0394771154466645
"V",302,"F","V302F",-0.109742044204245
"V",302,"G","V302G",0.299468141962565
"V",302,"H","V302H",-0.0933210525959441
"V",302,"I","V302I",-0.341973805308606
"V",302,"K","V302K",0.0393758987863756
"V",302,"L","V302L",-0.205260308245215
"V",302,"M","V302M",-0.0760766532922946
"V",302,"N","V302N",0.012768659327956
"V",302,"P","V302P",-0.111785938528324
"V",302,"Q","V302Q",0.0595876143285555
"V",302,"R","V302R",0.394523588147076
"V",302,"S","V302S",0.116411023228915
"V",302,"T","V302T",-0.136433422629145
"V",302,"W","V302W",-0.0586675028566345
"V",302,"Y","V302Y",-0.218444271751135
"V",303,"A","V303A",-0.171038506536037
"V",303,"C","V303C",-0.0329557096103079
"V",303,"E","V303E",0.0446248215222326
"V",303,"F","V303F",-0.0266537912335069
"V",303,"G","V303G",0.187671865436503
"V",303,"H","V303H",0.156056643357814
"V",303,"I","V303I",-0.105294352223077
"V",303,"K","V303K",-0.0637624054222174
"V",303,"L","V303L",0.0521787145096427
"V",303,"M","V303M",-0.0648779297826672
"V",303,"N","V303N",0.201811013728573
"V",303,"P","V303P",0.0159435360447627
"V",303,"Q","V303Q",-0.0292742127031069
"V",303,"R","V303R",0.262539903065713
"V",303,"S","V303S",-0.339248507940657
"V",303,"T","V303T",0.0234928069936727
"V",303,"W","V303W",-0.0764843271083271
"V",303,"Y","V303Y",-0.0347295620990071
"S",304,"A","S304A",-0.151775090980199
"S",304,"C","S304C",0.165407458123602
"S",304,"D","S304D",-0.0587047311285279
"S",304,"E","S304E",-0.183513027323909
"S",304,"F","S304F",-0.245889104273949
"S",304,"G","S304G",-0.111750951269009
"S",304,"H","S304H",0.0480319066477513
"S",304,"I","S304I",0.764566064982541
"S",304,"K","S304K",-0.398918368539499
"S",304,"L","S304L",0.00521903997004065
"S",304,"M","S304M",-0.00830703340720905
"S",304,"N","S304N",0.150909719922111
"S",304,"P","S304P",0.132561114943951
"S",304,"Q","S304Q",-0.181446920809509
"S",304,"R","S304R",-0.0358977837398589
"S",304,"T","S304T",0.035724436124881
"S",304,"V","S304V",-0.0241244585900289
"S",304,"W","S304W",0.0979077293468211
"V",305,"A","V305A",-0.0217247824510541
"V",305,"C","V305C",-0.182762412554393
"V",305,"D","V305D",0.00532775411994538
"V",305,"E","V305E",0.209625843477406
"V",305,"F","V305F",-0.242187257849564
"V",305,"G","V305G",0.0113621092842253
"V",305,"H","V305H",-0.094523053099894
"V",305,"I","V305I",0.266303524293387
"V",305,"K","V305K",-0.118654409809794
"V",305,"L","V305L",-0.114899270442754
"V",305,"M","V305M",0.157753314184926
"V",305,"N","V305N",0.187312442143286
"V",305,"P","V305P",-0.00493379246061391
"V",305,"Q","V305Q",0.180701641604026
"V",305,"R","V305R",0.0377533141849264
"V",305,"S","V305S",0.0629612394246956
"V",305,"T","V305T",-0.362973536997624
"V",305,"W","V305W",-0.0376293889822544
"V",305,"Y","V305Y",0.0611867219311256
"L",306,"A","L306A",0.162278146959053
"L",306,"C","L306C",0.101346079413443
"L",306,"D","L306D",0.215135821253813
"L",306,"E","L306E",-0.143534559044566
"L",306,"F","L306F",-0.085297718926477
"L",306,"G","L306G",0.0829230671852328
"L",306,"H","L306H",0.0131484902062129
"L",306,"I","L306I",0.0746218441250932
"L",306,"K","L306K",-0.0564490861537876
"L",306,"M","L306M",-0.138661797140107
"L",306,"N","L306N",0.0199685796430222
"L",306,"P","L306P",0.144828463887533
"L",306,"Q","L306Q",-0.0859907337291268
"L",306,"R","L306R",0.104561244316083
"L",306,"S","L306S",0.0264124468783227
"L",306,"T","L306T",0.00361137962178248
"L",306,"V","L306V",-0.0382245413765678
"L",306,"W","L306W",-0.219446964877937
"L",306,"Y","L306Y",-0.181230162241018
"T",307,"A","T307A",-0.226476878513271
"T",307,"C","T307C",-0.0156982825649412
"T",307,"D","T307D",-0.117427905711621
"T",307,"E","T307E",-0.0735904578455511
"T",307,"F","T307F",0.0906636623953783
"T",307,"G","T307G",0.324561959920599
"T",307,"H","T307H",-0.0617995892955005
"T",307,"I","T307I",-0.205579850313362
"T",307,"K","T307K",-0.0287848830929813
"T",307,"L","T307L",0.0693901695044193
"T",307,"M","T307M",-0.086547788844401
"T",307,"N","T307N",-0.114414923548661
"T",307,"P","T307P",-0.0962492248407001
"T",307,"Q","T307Q",0.0985886845520692
"T",307,"R","T307R",0.109720898243479
"T",307,"S","T307S",0.238647005279789
"T",307,"V","T307V",0.120749560991709
"T",307,"W","T307W",0.0261743492685285
"T",307,"Y","T307Y",-0.0519265055849813
"V",308,"A","V308A",-0.166098188006953
"V",308,"C","V308C",0.0623626719017867
"V",308,"D","V308D",0.185599052444767
"V",308,"E","V308E",0.0627237740904867
"V",308,"F","V308F",-0.220140920962973
"V",308,"G","V308G",0.129812099614917
"V",308,"H","V308H",0.223796893627138
"V",308,"I","V308I",-0.0799276527243038
"V",308,"K","V308K",-0.0596938703168937
"V",308,"L","V308L",0.0118642607791368
"V",308,"M","V308M",-0.204866396426272
"V",308,"N","V308N",0.105433523500907
"V",308,"P","V308P",-0.172862213105183
"V",308,"Q","V308Q",-0.261599062028523
"V",308,"R","V308R",0.216685500925277
"V",308,"S","V308S",-0.0166815089717229
"V",308,"T","V308T",0.187923127786977
"V",308,"W","V308W",0.194070773465997
"V",308,"Y","V308Y",-0.198401865594563
"L",309,"A","L309A",-0.112443756111474
"L",309,"C","L309C",-0.0672302115051246
"L",309,"D","L309D",0.100806536440336
"L",309,"E","L309E",-0.0878749348212542
"L",309,"F","L309F",0.101669131891945
"L",309,"G","L309G",0.216145481950926
"L",309,"H","L309H",-0.0246621331162539
"L",309,"I","L309I",-0.0825781146522747
"L",309,"K","L309K",0.156131283656056
"L",309,"M","L309M",-0.0772924959431439
"L",309,"N","L309N",-0.082465520838524
"L",309,"P","L309P",0.273307578262897
"L",309,"Q","L309Q",-0.0964854471058042
"L",309,"R","L309R",-0.112854101304514
"L",309,"S","L309S",0.0760425972938255
"L",309,"T","L309T",-0.0637594707397146
"L",309,"V","L309V",-0.0232312408347838
"L",309,"W","L309W",-0.0606298490207241
"L",309,"Y","L309Y",-0.032595333502394
"H",310,"A","H310A",-0.0931340105283799
"H",310,"C","H310C",0.10868383725596
"H",310,"D","H310D",-0.10127138801026
"H",310,"E","H310E",0.0986052521157198
"H",310,"F","H310F",-0.14526280563083
"H",310,"G","H310G",0.0873750652055998
"H",310,"I","H310I",0.0432569894994798
"H",310,"K","H310K",-0.0539491150289394
"H",310,"L","H310L",0.13099307133647
"H",310,"M","H310M",-0.0228943873692699
"H",310,"N","H310N",-0.0346741242997898
"H",310,"P","H310P",-0.06038024694426
"H",310,"Q","H310Q",-0.0280537110690301
"H",310,"R","H310R",0.29915034348978
"H",310,"S","H310S",0.0369198423792598
"H",310,"T","H310T",-0.15460385173416
"H",310,"V","H310V",0.0160712993197298
"H",310,"W","H310W",-0.0826164259419197
"H",310,"Y","H310Y",-0.0442156340451598
"Q",311,"A","Q311A",0.0271086725357363
"Q",311,"C","Q311C",0.0539842124258169
"Q",311,"D","Q311D",0.0547548825376666
"Q",311,"E","Q311E",-0.0937201233357738
"Q",311,"F","Q311F",0.0934757341190868
"Q",311,"G","Q311G",-0.0392369456217233
"Q",311,"H","Q311H",0.0318051445679461
"Q",311,"I","Q311I",-0.137033183982755
"Q",311,"K","Q311K",0.0405256662795767
"Q",311,"L","Q311L",-0.221588150624654
"Q",311,"M","Q311M",0.197603131284046
"Q",311,"N","Q311N",-0.0475804803620038
"Q",311,"P","Q311P",-0.0477443968792833
"Q",311,"R","Q311R",0.0480367165886465
"Q",311,"S","Q311S",0.0887774899482962
"Q",311,"T","Q311T",-0.108952580411214
"Q",311,"V","Q311V",-0.0211608889820537
"Q",311,"W","Q311W",0.103898133684026
"Q",311,"Y","Q311Y",-0.0229530337713844
"D",312,"A","D312A",-0.0493239008231073
"D",312,"C","D312C",-0.00894723873002801
"D",312,"E","D312E",-0.0174751561427578
"D",312,"F","D312F",0.0669515079013221
"D",312,"G","D312G",0.0200269102910526
"D",312,"H","D312H",0.0841755512702817
"D",312,"I","D312I",-0.0937869760146178
"D",312,"K","D312K",-0.0176856868784985
"D",312,"L","D312L",0.202270848169682
"D",312,"M","D312M",-0.0467079286258179
"D",312,"N","D312N",-0.0439726528479476
"D",312,"P","D312P",-0.0115153328987081
"D",312,"Q","D312Q",0.141503120065702
"D",312,"R","D312R",-0.0764048046013588
"D",312,"S","D312S",0.0286229915893618
"D",312,"T","D312T",-0.0279061755089478
"D",312,"V","D312V",-0.156630307413898
"D",312,"W","D312W",-0.0244360167097073
"D",312,"Y","D312Y",0.0312412479079922
"W",313,"C","W313C",0.0344725408417215
"W",313,"D","W313D",0.0313430036023907
"W",313,"E","W313E",-0.175392450040499
"W",313,"F","W313F",-0.143144626044989
"W",313,"H","W313H",0.0394497532462814
"W",313,"I","W313I",-0.0193150788798493
"W",313,"K","W313K",-0.179910709278489
"W",313,"L","W313L",-0.175440206034559
"W",313,"M","W313M",-0.0635399635957488
"W",313,"N","W313N",0.0594910214550513
"W",313,"P","W313P",0.0362648182433512
"W",313,"Q","W313Q",0.262092202347631
"W",313,"R","W313R",-0.215154544969539
"W",313,"S","W313S",0.415793266347001
"W",313,"T","W313T",0.160036500052881
"W",313,"V","W313V",0.019689951460921
"W",313,"Y","W313Y",-0.0867354787535588
"L",314,"A","L314A",0.0504950477949926
"L",314,"C","L314C",0.0662861528932326
"L",314,"D","L314D",0.131421926291133
"L",314,"E","L314E",0.0990255179869826
"L",314,"F","L314F",-0.107188597622738
"L",314,"G","L314G",0.0614090845325436
"L",314,"H","L314H",0.129039513209413
"L",314,"I","L314I",-0.213575192335847
"L",314,"K","L314K",-0.152405612333818
"L",314,"M","L314M",0.00750578128498261
"L",314,"N","L314N",-0.151841881743418
"L",314,"P","L314P",0.132079534126803
"L",314,"Q","L314Q",0.0556654253559626
"L",314,"R","L314R",0.0648919907094626
"L",314,"S","L314S",0.0662408382085926
"L",314,"T","L314T",0.0526894150363826
"L",314,"V","L314V",-0.218290186087377
"L",314,"W","L314W",0.149243162729343
"L",314,"Y","L314Y",-0.222691920036627
"N",315,"A","N315A",-0.0884533689269306
"N",315,"C","N315C",0.0523394256018395
"N",315,"D","N315D",0.0369239079817701
"N",315,"E","N315E",-0.000881470352730181
"N",315,"F","N315F",-0.0764640430822306
"N",315,"G","N315G",0.182770586788859
"N",315,"H","N315H",-0.0436768966161103
"N",315,"I","N315I",0.150598162702718
"N",315,"K","N315K",-0.055773605567611
"N",315,"L","N315L",-0.0578348970810203
"N",315,"M","N315M",0.213798910755809
"N",315,"P","N315P",0.00811264549472892
"N",315,"Q","N315Q",-0.19497431102701
"N",315,"R","N315R",0.0575860854760797
"N",315,"S","N315S",-0.0281264915669905
"N",315,"T","N315T",-0.0395536296236209
"N",315,"W","N315W",0.030992547423749
"N",315,"Y","N315Y",-0.147383558381301
"G",316,"A","G316A",-0.0454905967438036
"G",316,"C","G316C",-0.157086362309665
"G",316,"D","G316D",-0.0380846206933033
"G",316,"E","G316E",-0.197049666386294
"G",316,"F","G316F",0.206490698776967
"G",316,"H","G316H",0.0644573128919272
"G",316,"I","G316I",-0.0536741878671937
"G",316,"K","G316K",0.0482776993590363
"G",316,"L","G316L",0.0170807630003564
"G",316,"M","G316M",0.0294392343335758
"G",316,"N","G316N",-0.0160255066095941
"G",316,"P","G316P",-0.274638396360004
"G",316,"Q","G316Q",0.0301996734068661
"G",316,"R","G316R",0.0578164135538162
"G",316,"S","G316S",0.139503403484606
"G",316,"T","G316T",0.120337204904436
"G",316,"V","G316V",-0.265055096393893
"G",316,"W","G316W",0.173044389301476
"G",316,"Y","G316Y",0.160457640350686
"K",317,"A","K317A",0.0633844203448468
"K",317,"C","K317C",0.0360469868198166
"K",317,"D","K317D",0.00543286154318672
"K",317,"E","K317E",-0.0453051700006244
"K",317,"F","K317F",-0.167033950929404
"K",317,"G","K317G",-0.0993745620452837
"K",317,"H","K317H",-0.036664246514474
"K",317,"I","K317I",-0.0906701700283837
"K",317,"L","K317L",0.00639116501864638
"K",317,"M","K317M",0.00290197114470629
"K",317,"N","K317N",-0.0270891848976842
"K",317,"P","K317P",0.244199839133976
"K",317,"Q","K317Q",-0.0298661365093731
"K",317,"R","K317R",-0.0124099140432732
"K",317,"S","K317S",0.0544899821754157
"K",317,"T","K317T",0.203297403814416
"K",317,"V","K317V",-0.0574203149794343
"K",317,"W","K317W",-0.104630862656834
"K",317,"Y","K317Y",0.0543198826097562
"E",318,"A","E318A",0.0705038937113053
"E",318,"C","E318C",0.0653710974066559
"E",318,"D","E318D",-0.0172960857378044
"E",318,"F","E318F",-0.0804962882723137
"E",318,"G","E318G",-0.0800274808888136
"E",318,"H","E318H",0.0101743023470453
"E",318,"I","E318I",-0.0466570232062847
"E",318,"K","E318K",0.151214987672296
"E",318,"L","E318L",-0.284276224880353
"E",318,"M","E318M",0.117714475031066
"E",318,"N","E318N",0.0429160537921955
"E",318,"P","E318P",-0.0143328913750347
"E",318,"Q","E318Q",0.0504520254826257
"E",318,"R","E318R",-0.0320363651804039
"E",318,"S","E318S",-0.0434331005848643
"E",318,"T","E318T",0.0154013882687955
"E",318,"V","E318V",-0.00634284985945396
"E",318,"W","E318W",0.109782417049265
"E",318,"Y","E318Y",-0.028632330775924
"Y",319,"A","Y319A",-0.0144313463261038
"Y",319,"C","Y319C",-0.0745331896548336
"Y",319,"D","Y319D",0.00825090713955685
"Y",319,"E","Y319E",0.0680543176613762
"Y",319,"F","Y319F",-0.0166256647339943
"Y",319,"G","Y319G",0.163441996508776
"Y",319,"H","Y319H",-0.109222291970594
"Y",319,"I","Y319I",-0.187140642950444
"Y",319,"K","Y319K",-0.220207793396564
"Y",319,"L","Y319L",0.0876156030704062
"Y",319,"M","Y319M",0.126979201592716
"Y",319,"N","Y319N",0.0358507943886269
"Y",319,"P","Y319P",0.129038310091736
"Y",319,"Q","Y319Q",-0.0266400475153138
"Y",319,"R","Y319R",-0.0389169115412933
"Y",319,"S","Y319S",0.0521305438682262
"Y",319,"T","Y319T",0.109456570014727
"Y",319,"V","Y319V",-0.0144854313559335
"Y",319,"W","Y319W",-0.0786149248910737
"K",320,"A","K320A",0.10528332938648
"K",320,"C","K320C",0.00368400604619899
"K",320,"D","K320D",0.10499923196718
"K",320,"E","K320E",-0.13846290678176
"K",320,"F","K320F",0.162207790698369
"K",320,"G","K320G",0.10067370406521
"K",320,"H","K320H",0.154520769328899
"K",320,"I","K320I",0.0343226976797394
"K",320,"L","K320L",0.0242635672735691
"K",320,"M","K320M",-0.156821197483341
"K",320,"N","K320N",-0.121892191437201
"K",320,"P","K320P",-0.18274710559707
"K",320,"Q","K320Q",-0.0138289566263808
"K",320,"R","K320R",-0.00198821359664061
"K",320,"S","K320S",-0.12122088604437
"K",320,"T","K320T",0.0578040698356192
"K",320,"V","K320V",-0.0225507794083607
"K",320,"W","K320W",0.0698028159156295
"K",320,"Y","K320Y",-0.0580497452217699
"C",321,"A","C321A",-0.155498587775443
"C",321,"D","C321D",-0.107489693945354
"C",321,"E","C321E",-0.000446294750294812
"C",321,"F","C321F",0.326486068564036
"C",321,"G","C321G",-0.133090771059895
"C",321,"H","C321H",0.247667540017655
"C",321,"I","C321I",-0.201088557764434
"C",321,"K","C321K",0.00255422788780608
"C",321,"L","C321L",-0.267881771654004
"C",321,"M","C321M",0.136978203164756
"C",321,"N","C321N",-0.0971615723142742
"C",321,"P","C321P",-0.0887846511817545
"C",321,"Q","C321Q",-0.00634076699502392
"C",321,"R","C321R",0.189124825294996
"C",321,"S","C321S",0.308573934339886
"C",321,"T","C321T",-0.141133476633954
"C",321,"V","C321V",-0.198807046997365
"C",321,"W","C321W",0.113866331569136
"C",321,"Y","C321Y",0.0724720602335259
"K",322,"A","K322A",-0.035119559023198
"K",322,"C","K322C",0.0714667086035519
"K",322,"D","K322D",-0.0711391396740574
"K",322,"E","K322E",-0.0293980950555381
"K",322,"F","K322F",0.101417646164282
"K",322,"G","K322G",0.046418812786942
"K",322,"H","K322H",-0.0646671999459981
"K",322,"I","K322I",0.0759214083948229
"K",322,"L","K322L",-0.0129204348536681
"K",322,"M","K322M",-0.118929477440778
"K",322,"N","K322N",0.065826626163443
"K",322,"P","K322P",-0.224067413883088
"K",322,"Q","K322Q",-0.0187121561271081
"K",322,"R","K322R",-0.136381301049408
"K",322,"S","K322S",0.205969806431552
"K",322,"T","K322T",0.099699507626883
"K",322,"V","K322V",-0.0423169322741491
"K",322,"W","K322W",0.136096025454272
"K",322,"Y","K322Y",-0.0491648322987581
"V",323,"A","V323A",-0.00496991541399994
"V",323,"C","V323C",0.0384717313640701
"V",323,"D","V323D",0.07209536129007
"V",323,"E","V323E",-0.02848824441999
"V",323,"F","V323F",0.20743178095365
"V",323,"G","V323G",-0.0680098442327994
"V",323,"H","V323H",0.07838233595028
"V",323,"I","V323I",0.08598545101823
"V",323,"K","V323K",-0.14982632959385
"V",323,"L","V323L",-0.3090898042244
"V",323,"M","V323M",0.23557529433824
"V",323,"N","V323N",-0.287904638709931
"V",323,"P","V323P",0.0779062176533701
"V",323,"Q","V323Q",0.28155364040579
"V",323,"R","V323R",-0.23921041873451
"V",323,"S","V323S",0.09214127753417
"V",323,"T","V323T",-0.0415050028599499
"V",323,"W","V323W",0.0301163530952201
"V",323,"Y","V323Y",-0.0706552454136598
"S",324,"A","S324A",-0.166582615853777
"S",324,"C","S324C",0.134123927925843
"S",324,"D","S324D",-0.076248283516606
"S",324,"E","S324E",-0.180551058944887
"S",324,"F","S324F",-0.035178080277667
"S",324,"G","S324G",-0.230881003047896
"S",324,"H","S324H",-0.081682273651388
"S",324,"I","S324I",0.130867381142234
"S",324,"K","S324K",0.00908877339689321
"S",324,"L","S324L",0.0692753755837233
"S",324,"M","S324M",-0.100661677439257
"S",324,"N","S324N",-0.170690418694837
"S",324,"P","S324P",0.367857603474313
"S",324,"Q","S324Q",0.0349942029147126
"S",324,"R","S324R",-0.201970825141267
"S",324,"T","S324T",0.0621353499021734
"S",324,"V","S324V",0.194905289830693
"S",324,"W","S324W",0.101218998786353
"S",324,"Y","S324Y",0.139979333610643
"N",325,"A","N325A",-0.047760054952259
"N",325,"C","N325C",0.698913383814861
"N",325,"D","N325D",0.287159416378781
"N",325,"E","N325E",-0.100063209132879
"N",325,"F","N325F",-0.147681434036389
"N",325,"G","N325G",-0.761083745375098
"N",325,"H","N325H",-0.268351784998979
"N",325,"I","N325I",0.155601881643801
"N",325,"K","N325K",-0.441618990479969
"N",325,"L","N325L",0.00995366119281094
"N",325,"M","N325M",0.356901401333381
"N",325,"P","N325P",-0.00608914110492803
"N",325,"Q","N325Q",0.091460143523081
"N",325,"R","N325R",-0.161363029475589
"N",325,"S","N325S",0.410496598644731
"N",325,"T","N325T",0.00271646022143995
"N",325,"V","N325V",-0.244356203102399
"N",325,"W","N325W",0.162559253864091
"N",325,"Y","N325Y",0.00260539204151194
"K",326,"A","K326A",-0.0532561693071374
"K",326,"C","K326C",0.0903133192062225
"K",326,"D","K326D",0.0340562251360028
"K",326,"E","K326E",-0.0429265234085072
"K",326,"F","K326F",-0.0653113538950078
"K",326,"G","K326G",-0.178912925794577
"K",326,"H","K326H",-0.0593703866974371
"K",326,"I","K326I",-0.0343298495203381
"K",326,"L","K326L",-0.153988464699657
"K",326,"M","K326M",0.0775028185783925
"K",326,"N","K326N",-0.280523353702437
"K",326,"P","K326P",0.438624257192083
"K",326,"Q","K326Q",0.0557772811047425
"K",326,"R","K326R",-0.0870064985746675
"K",326,"S","K326S",0.0560131030648525
"K",326,"T","K326T",-0.303441387205166
"K",326,"V","K326V",-0.00680155946995686
"K",326,"W","K326W",0.222492353262563
"K",326,"Y","K326Y",0.291089114730033
"A",327,"C","A327C",-0.134679074684649
"A",327,"D","A327D",0.435522417137661
"A",327,"E","A327E",0.311624044663362
"A",327,"F","A327F",-0.150055706293368
"A",327,"G","A327G",0.271578362070623
"A",327,"H","A327H",-0.0103076847117185
"A",327,"I","A327I",-0.0331516459383095
"A",327,"K","A327K",-0.169436224097369
"A",327,"L","A327L",0.0794564877135615
"A",327,"M","A327M",-0.0134212962679885
"A",327,"N","A327N",0.0280997479785815
"A",327,"P","A327P",0.141852874531611
"A",327,"Q","A327Q",-0.0756530553506585
"A",327,"R","A327R",0.0234051909981215
"A",327,"S","A327S",-0.377822388120658
"A",327,"T","A327T",-0.117668022000739
"A",327,"V","A327V",-0.159342568619109
"A",327,"W","A327W",0.0817857131715715
"A",327,"Y","A327Y",-0.131787172180528
"L",328,"A","L328A",-0.278688710544981
"L",328,"C","L328C",-0.359081009149071
"L",328,"D","L328D",-0.171662850995641
"L",328,"E","L328E",-0.218314178894071
"L",328,"F","L328F",0.571235434690729
"L",328,"G","L328G",-0.258135804506041
"L",328,"H","L328H",-0.404570801802541
"L",328,"I","L328I",0.37608344698922
"L",328,"K","L328K",-0.176271977129621
"L",328,"M","L328M",0.195711210031339
"L",328,"N","L328N",-0.479773132490611
"L",328,"P","L328P",-0.590255045220151
"L",328,"Q","L328Q",-0.280399803295931
"L",328,"R","L328R",0.0200642685379493
"L",328,"S","L328S",-0.19539913759573
"L",328,"T","L328T",0.584142551366229
"L",328,"V","L328V",-0.0399121632056397
"L",328,"W","L328W",0.985993620768489
"L",328,"Y","L328Y",0.719234082446069
"P",329,"A","P329A",0.15133857980542
"P",329,"C","P329C",0.118173688000091
"P",329,"D","P329D",0.0710736567771312
"P",329,"E","P329E",0.441078233184631
"P",329,"F","P329F",0.193994172924141
"P",329,"G","P329G",-0.0821074289613199
"P",329,"H","P329H",-0.382324338352929
"P",329,"I","P329I",-0.299633007513309
"P",329,"K","P329K",0.155714148163411
"P",329,"L","P329L",0.0451267502735711
"P",329,"M","P329M",-0.328726179114879
"P",329,"N","P329N",-0.0916413257943294
"P",329,"Q","P329Q",-0.168209449331709
"P",329,"R","P329R",-0.125797675443179
"P",329,"S","P329S",-0.202633241541909
"P",329,"T","P329T",0.213850510902342
"P",329,"V","P329V",-0.131910832123089
"P",329,"W","P329W",-0.118674185611279
"P",329,"Y","P329Y",0.541307923757191
"A",330,"C","A330C",0.090653101751548
"A",330,"D","A330D",0.187659068544178
"A",330,"E","A330E",0.0104241000249975
"A",330,"F","A330F",-0.424342848112831
"A",330,"G","A330G",0.229949227059948
"A",330,"H","A330H",-0.00148507582818176
"A",330,"I","A330I",-0.0951885058184318
"A",330,"K","A330K",0.162373724513408
"A",330,"L","A330L",-0.470391165866872
"A",330,"M","A330M",-0.284778349660012
"A",330,"N","A330N",0.455832406280269
"A",330,"P","A330P",0.0716416635722384
"A",330,"Q","A330Q",0.337550833045059
"A",330,"R","A330R",0.358966511831238
"A",330,"S","A330S",0.329980727482649
"A",330,"T","A330T",0.0643538414547489
"A",330,"V","A330V",-0.146908631453332
"A",330,"W","A330W",-0.544875016464692
"A",330,"Y","A330Y",-0.331415612355932
"P",331,"A","P331A",-0.241744045570373
"P",331,"C","P331C",0.0778213291114177
"P",331,"D","P331D",-0.153418420087383
"P",331,"E","P331E",0.0894063481188567
"P",331,"F","P331F",0.0859716244253967
"P",331,"G","P331G",-0.330439376077843
"P",331,"H","P331H",0.0310939562701667
"P",331,"I","P331I",0.233582010321796
"P",331,"K","P331K",-0.0669094050639633
"P",331,"L","P331L",0.155018474149797
"P",331,"M","P331M",0.0830892509205367
"P",331,"N","P331N",0.0790354690282767
"P",331,"Q","P331Q",-0.183313523785593
"P",331,"R","P331R",-0.146126846778773
"P",331,"S","P331S",-0.104090545387833
"P",331,"T","P331T",0.0910613252746467
"P",331,"V","P331V",0.128047304570518
"P",331,"W","P331W",-0.0177436271543833
"P",331,"Y","P331Y",0.189658697714737
"I",332,"C","I332C",0.0480945222809144
"I",332,"D","I332D",-0.049007682908406
"I",332,"E","I332E",0.0541565187447643
"I",332,"F","I332F",0.0877126756878042
"I",332,"G","I332G",-0.268332104932046
"I",332,"H","I332H",-0.054890394888016
"I",332,"K","I332K",0.202404662054294
"I",332,"L","I332L",0.145577242328164
"I",332,"M","I332M",0.245597117693664
"I",332,"N","I332N",0.265577682949844
"I",332,"Q","I332Q",-0.150217361808146
"I",332,"R","I332R",-0.0516316985262859
"I",332,"S","I332S",-0.348552573530957
"I",332,"T","I332T",-0.247436900464056
"I",332,"V","I332V",0.0131618724257843
"I",332,"W","I332W",-0.113026254076225
"I",332,"Y","I332Y",0.220812676968904
"E",333,"A","E333A",-0.0380861671468634
"E",333,"C","E333C",0.219584445612566
"E",333,"D","E333D",-0.249863194780284
"E",333,"F","E333F",0.244293496588046
"E",333,"G","E333G",-0.227112777395523
"E",333,"H","E333H",-0.181438590203514
"E",333,"I","E333I",0.0723002180439662
"E",333,"K","E333K",-0.0146722556607238
"E",333,"L","E333L",-0.0780440831894743
"E",333,"M","E333M",-0.0443841447892038
"E",333,"N","E333N",-0.0336248596755642
"E",333,"P","E333P",0.0643638289345957
"E",333,"Q","E333Q",-0.0290805740707034
"E",333,"R","E333R",0.160183927639647
"E",333,"S","E333S",-0.276715107381693
"E",333,"T","E333T",0.103667578788876
"E",333,"V","E333V",0.159323058106106
"E",333,"W","E333W",0.0416082395887862
"E",333,"Y","E333Y",0.107696960990956
"K",334,"A","K334A",-0.264156239046538
"K",334,"C","K334C",-0.171719746340088
"K",334,"D","K334D",-0.154597283605699
"K",334,"E","K334E",-0.166247106147039
"K",334,"F","K334F",0.00710709411343138
"K",334,"G","K334G",0.0593302838894914
"K",334,"H","K334H",0.150321822951011
"K",334,"I","K334I",-0.0771439210036186
"K",334,"L","K334L",-0.0587530943642586
"K",334,"M","K334M",0.137808232221572
"K",334,"N","K334N",0.194066428180761
"K",334,"P","K334P",-0.0465774147318876
"K",334,"Q","K334Q",-0.00996767361475862
"K",334,"R","K334R",0.513142097056441
"K",334,"S","K334S",0.223010076860042
"K",334,"T","K334T",-0.115037607296569
"K",334,"V","K334V",0.0734893486720804
"K",334,"W","K334W",-0.160481621451489
"K",334,"Y","K334Y",-0.133593676342889
"T",335,"A","T335A",-0.17861459527251
"T",335,"C","T335C",0.23763907506587
"T",335,"D","T335D",-0.0290888148646699
"T",335,"E","T335E",-0.0702065442700112
"T",335,"F","T335F",0.0850206614830291
"T",335,"G","T335G",-0.17673507447083
"T",335,"H","T335H",-0.0356661401341205
"T",335,"I","T335I",0.0372506084755597
"T",335,"K","T335K",0.0508714185261796
"T",335,"L","T335L",-0.00159584823023116
"T",335,"M","T335M",0.0265783088298502
"T",335,"N","T335N",0.16056363601419
"T",335,"P","T335P",-0.206331709270141
"T",335,"Q","T335Q",0.00912154923415882
"T",335,"R","T335R",0.0442385625464297
"T",335,"S","T335S",0.0142724771045291
"T",335,"V","T335V",-0.0526781485675605
"T",335,"W","T335W",-0.129730123674379
"T",335,"Y","T335Y",0.21509070147466
"I",336,"A","I336A",-0.00420569800780587
"I",336,"C","I336C",-0.374616832232276
"I",336,"D","I336D",0.182215295875704
"I",336,"E","I336E",-0.159754772065706
"I",336,"F","I336F",0.102938465102444
"I",336,"G","I336G",-0.0141205298561959
"I",336,"H","I336H",0.0652136847093841
"I",336,"K","I336K",-0.0254078444095559
"I",336,"L","I336L",0.176976055492815
"I",336,"M","I336M",-0.106740518535586
"I",336,"N","I336N",0.126945966726264
"I",336,"P","I336P",0.0849225013826941
"I",336,"Q","I336Q",0.0492621532142841
"I",336,"R","I336R",0.0975285581595951
"I",336,"S","I336S",-0.0190893392592249
"I",336,"T","I336T",-0.0164019904382159
"I",336,"V","I336V",0.0119114096036341
"I",336,"W","I336W",-0.0970522140205358
"I",336,"Y","I336Y",-0.0805243514417159
"S",337,"A","S337A",-0.110629931250247
"S",337,"C","S337C",-0.0503340849009371
"S",337,"D","S337D",-0.065109407498327
"S",337,"E","S337E",0.036528045423853
"S",337,"F","S337F",-0.211656158757397
"S",337,"G","S337G",-0.305523656121017
"S",337,"H","S337H",-0.0585170747009175
"S",337,"I","S337I",0.329817337092224
"S",337,"K","S337K",0.249028271648303
"S",337,"L","S337L",0.059873088362974
"S",337,"M","S337M",0.234684719093683
"S",337,"N","S337N",-0.173175146674566
"S",337,"P","S337P",-0.162822026082437
"S",337,"Q","S337Q",0.0254377161282529
"S",337,"R","S337R",0.0133279423986636
"S",337,"T","S337T",0.050975489737513
"S",337,"V","S337V",0.0329968626138426
"S",337,"W","S337W",0.079479736063084
"S",337,"Y","S337Y",0.025618277423453
"K",338,"A","K338A",0.166676043628069
"K",338,"C","K338C",0.083535882078589
"K",338,"D","K338D",-0.15999890977339
"K",338,"E","K338E",0.0159852810081793
"K",338,"F","K338F",-0.104006699137331
"K",338,"G","K338G",-0.175924667327571
"K",338,"H","K338H",0.141245144026598
"K",338,"I","K338I",0.116468472144739
"K",338,"L","K338L",-0.0774450686538815
"K",338,"M","K338M",0.209683407801789
"K",338,"N","K338N",0.0148663306626784
"K",338,"P","K338P",-0.205574045075821
"K",338,"Q","K338Q",-0.0358213441370514
"K",338,"R","K338R",0.00188612658661863
"K",338,"S","K338S",-0.0793546883312606
"K",338,"T","K338T",-0.0179693265055307
"K",338,"V","K338V",-0.0956426459761415
"K",338,"W","K338W",0.181583298855169
"K",338,"Y","K338Y",0.0198074081255488
"A",339,"C","A339C",0.012680326974499
"A",339,"D","A339D",-0.0661614715835906
"A",339,"E","A339E",-0.136389365692231
"A",339,"F","A339F",0.0316333495162992
"A",339,"G","A339G",-0.0875398235581009
"A",339,"H","A339H",0.0563673026271183
"A",339,"I","A339I",0.0212736014180587
"A",339,"K","A339K",0.0219635630277985
"A",339,"L","A339L",-0.106398999883841
"A",339,"M","A339M",-0.0889453986047806
"A",339,"N","A339N",0.0278663200464088
"A",339,"P","A339P",0.0405398980405284
"A",339,"Q","A339Q",0.0356533685831288
"A",339,"R","A339R",0.0224572043025594
"A",339,"S","A339S",0.000584600827769198
"A",339,"T","A339T",0.0835953012779189
"A",339,"V","A339V",-0.156928071101451
"A",339,"W","A339W",0.183679199824669
"A",339,"Y","A339Y",0.104069093957239
"K",340,"A","K340A",0.0909565874233912
"K",340,"C","K340C",0.102688537396721
"K",340,"D","K340D",0.00995526504043211
"K",340,"E","K340E",0.0528775265694313
"K",340,"F","K340F",-0.0108347151050977
"K",340,"G","K340G",-0.044640056466818
"K",340,"H","K340H",-0.0955957386734584
"K",340,"I","K340I",-0.0674924735155894
"K",340,"L","K340L",-0.0203128166277384
"K",340,"M","K340M",-0.0055947541841278
"K",340,"N","K340N",-0.0205915111071179
"K",340,"P","K340P",0.0517950167880708
"K",340,"Q","K340Q",0.167735848752752
"K",340,"R","K340R",-0.0876028317834584
"K",340,"S","K340S",0.0349184986778122
"K",340,"T","K340T",0.039762132171112
"K",340,"V","K340V",-0.029779804659129
"K",340,"W","K340W",-0.0953089041439594
"K",340,"Y","K340Y",-0.0729358065532284
"G",341,"A","G341A",0.0316947441232646
"G",341,"C","G341C",0.140666184755906
"G",341,"D","G341D",-0.0127739759974254
"G",341,"E","G341E",-0.114399344928285
"G",341,"F","G341F",0.0814159717943246
"G",341,"H","G341H",-0.116551773893745
"G",341,"I","G341I",0.0774553683853245
"G",341,"K","G341K",-0.179938788779505
"G",341,"L","G341L",0.120144095050316
"G",341,"M","G341M",-0.165166451721735
"G",341,"N","G341N",-0.144232679237934
"G",341,"P","G341P",-0.213431161642425
"G",341,"Q","G341Q",-0.00507674146157544
"G",341,"R","G341R",0.295787679658805
"G",341,"S","G341S",-0.252026429587605
"G",341,"T","G341T",-0.0302275989049254
"G",341,"V","G341V",0.228008961862445
"G",341,"W","G341W",0.405049336029765
"G",341,"Y","G341Y",-0.146397395504985
"Q",342,"A","Q342A",0.134783831879618
"Q",342,"C","Q342C",0.400272999731616
"Q",342,"D","Q342D",-0.0558420097462922
"Q",342,"E","Q342E",-0.0836909836130231
"Q",342,"F","Q342F",0.0014593659172274
"Q",342,"G","Q342G",-0.0931255113860428
"Q",342,"H","Q342H",-0.133070443160052
"Q",342,"I","Q342I",-0.041468324901133
"Q",342,"K","Q342K",-0.0276783016794123
"Q",342,"L","Q342L",0.0383689837638374
"Q",342,"M","Q342M",0.0534406268738274
"Q",342,"N","Q342N",-0.254677267520683
"Q",342,"P","Q342P",0.0881622694630672
"Q",342,"R","Q342R",-0.000954339945732402
"Q",342,"S","Q342S",0.0854227677137371
"Q",342,"T","Q342T",-0.126926706212232
"Q",342,"V","Q342V",-0.122716798507783
"Q",342,"W","Q342W",0.0937915043438372
"Q",342,"Y","Q342Y",0.0444483369856169
"P",343,"A","P343A",-0.16154014192138
"P",343,"C","P343C",0.08749632432003
"P",343,"D","P343D",0.1322912643971
"P",343,"E","P343E",-0.20877359186026
"P",343,"F","P343F",0.42731283295983
"P",343,"G","P343G",-0.19228794750912
"P",343,"H","P343H",0.19065257933146
"P",343,"I","P343I",-0.0928551889294206
"P",343,"K","P343K",0.02792069164295
"P",343,"L","P343L",0.16895476540823
"P",343,"M","P343M",-0.0398465421065994
"P",343,"N","P343N",0.04495908564251
"P",343,"Q","P343Q",0.088824691414891
"P",343,"R","P343R",-0.34021403208415
"P",343,"S","P343S",-0.13077859448344
"P",343,"T","P343T",-0.14653315008652
"P",343,"V","P343V",-0.118483472347251
"P",343,"W","P343W",0.14848367104428
"P",343,"Y","P343Y",0.11441675516686
"R",344,"A","R344A",-0.0435291051526263
"R",344,"C","R344C",-0.0252590608106569
"R",344,"D","R344D",0.0497636466171036
"R",344,"E","R344E",0.0482806789562631
"R",344,"F","R344F",0.00134298858291277
"R",344,"G","R344G",-0.437517327495226
"R",344,"H","R344H",0.0568843090274636
"R",344,"I","R344I",0.0349335632057237
"R",344,"K","R344K",0.122316540204683
"R",344,"L","R344L",-0.0817090477494966
"R",344,"M","R344M",-0.128700571603137
"R",344,"N","R344N",0.00704202955731347
"R",344,"P","R344P",0.199121201273193
"R",344,"Q","R344Q",0.0285835656134632
"R",344,"S","R344S",-0.0190261982071272
"R",344,"T","R344T",0.150215605974563
"R",344,"V","R344V",0.084205946746873
"R",344,"Y","R344Y",-0.0469487647412865
"E",345,"A","E345A",-0.0583669326247422
"E",345,"C","E345C",0.0520069150959071
"E",345,"D","E345D",-0.0316282595816419
"E",345,"F","E345F",0.0054086123303874
"E",345,"G","E345G",-0.00948442224772168
"E",345,"I","E345I",0.00764878451973776
"E",345,"K","E345K",-0.00482812093987213
"E",345,"L","E345L",0.196225710883078
"E",345,"M","E345M",-0.148851320399372
"E",345,"N","E345N",-0.0642119387845125
"E",345,"P","E345P",-0.0471643118574327
"E",345,"Q","E345Q",0.0525648750095585
"E",345,"R","E345R",0.0242307581141575
"E",345,"S","E345S",0.029423332745207
"E",345,"T","E345T",-0.147494246339661
"E",345,"V","E345V",0.071752640576678
"E",345,"W","E345W",0.171011104166538
"E",345,"Y","E345Y",-0.0982431806662917
"P",346,"A","P346A",-0.0985373249965018
"P",346,"C","P346C",-0.140038065077512
"P",346,"D","P346D",0.374087832029509
"P",346,"E","P346E",0.265807647741187
"P",346,"F","P346F",0.183716814962538
"P",346,"G","P346G",-0.0869921861302713
"P",346,"H","P346H",-0.00814678710839148
"P",346,"I","P346I",-0.118198158537361
"P",346,"K","P346K",0.131845340409698
"P",346,"L","P346L",-0.152930153891652
"P",346,"M","P346M",-0.0479337796698213
"P",346,"N","P346N",0.0134430786940783
"P",346,"Q","P346Q",-0.0762453600374921
"P",346,"R","P346R",-0.426964519793902
"P",346,"S","P346S",-0.0846880766236111
"P",346,"T","P346T",-0.0711458317088016
"P",346,"V","P346V",-0.0931963642089417
"P",346,"W","P346W",0.178075044833618
"P",346,"Y","P346Y",0.258040849113628
"Q",347,"A","Q347A",-0.0566010416102695
"Q",347,"C","Q347C",0.122729223956581
"Q",347,"D","Q347D",-0.0902002796336996
"Q",347,"E","Q347E",0.102602170780691
"Q",347,"F","Q347F",-0.0225432279400196
"Q",347,"G","Q347G",0.0159528945774605
"Q",347,"H","Q347H",0.0597430081135503
"Q",347,"I","Q347I",0.0442440802101505
"Q",347,"K","Q347K",-0.10463649972414
"Q",347,"L","Q347L",-0.0868633742767199
"Q",347,"M","Q347M",-0.0263191540412802
"Q",347,"N","Q347N",-0.0681147583028299
"Q",347,"P","Q347P",0.165088260959381
"Q",347,"R","Q347R",0.0657708801528704
"Q",347,"S","Q347S",-0.0129066320919993
"Q",347,"T","Q347T",0.00201983104673075
"Q",347,"V","Q347V",-0.0629458136686898
"Q",347,"W","Q347W",0.0552319127635705
"Q",347,"Y","Q347Y",-0.10225148127134
"V",348,"A","V348A",-0.00877375179994841
"V",348,"C","V348C",0.0205035885362415
"V",348,"D","V348D",-0.0113377825172585
"V",348,"E","V348E",0.0993825969441124
"V",348,"F","V348F",-0.0472739008467882
"V",348,"G","V348G",0.0578105434405424
"V",348,"H","V348H",0.013891460571182
"V",348,"I","V348I",-0.0334517582457192
"V",348,"K","V348K",-0.0259748550292092
"V",348,"L","V348L",-0.231307528672819
"V",348,"M","V348M",-0.0843330184501687
"V",348,"N","V348N",-0.0287244060361884
"V",348,"P","V348P",-0.0177771287143982
"V",348,"Q","V348Q",0.135775872984751
"V",348,"R","V348R",0.0447628375741324
"V",348,"S","V348S",0.0494194823923014
"V",348,"T","V348T",-0.0869021145673188
"V",348,"W","V348W",0.120365500130801
"V",348,"Y","V348Y",0.0339443623057514
"Y",349,"A","Y349A",0.0247806346029499
"Y",349,"C","Y349C",0.00968469608317914
"Y",349,"D","Y349D",-0.0211895462029604
"Y",349,"E","Y349E",0.00273362651092904
"Y",349,"F","Y349F",-0.151018781138821
"Y",349,"G","Y349G",-0.0749418751001004
"Y",349,"H","Y349H",0.27517657136216
"Y",349,"I","Y349I",0.0549113809062302
"Y",349,"K","Y349K",0.0764028431198494
"Y",349,"L","Y349L",-0.0438674897875209
"Y",349,"M","Y349M",0.0537664988143
"Y",349,"N","Y349N",0.142344208004279
"Y",349,"P","Y349P",0.309984635517969
"Y",349,"Q","Y349Q",-0.0454904912702508
"Y",349,"R","Y349R",-0.139599983584071
"Y",349,"S","Y349S",-0.191109871712631
"Y",349,"T","Y349T",-0.0174300669845411
"Y",349,"V","Y349V",-0.0506217420349207
"Y",349,"W","Y349W",-0.214515247106031
"T",350,"A","T350A",-0.0235034523460987
"T",350,"C","T350C",-0.0161238422934394
"T",350,"D","T350D",-0.0977988171510989
"T",350,"E","T350E",0.00966050979149134
"T",350,"F","T350F",0.089056304550731
"T",350,"G","T350G",0.153601789748511
"T",350,"H","T350H",-0.122974479669009
"T",350,"I","T350I",0.0708977929758813
"T",350,"K","T350K",-0.0567506587644187
"T",350,"L","T350L",-0.00632314493934913
"T",350,"M","T350M",0.0168162693425614
"T",350,"N","T350N",0.112162903059961
"T",350,"P","T350P",-0.0107976020854995
"T",350,"Q","T350Q",0.0350442058559212
"T",350,"R","T350R",-0.0357253798853195
"T",350,"S","T350S",0.0149790719136916
"T",350,"V","T350V",0.0246080817736413
"T",350,"W","T350W",-0.0222093742785493
"T",350,"Y","T350Y",-0.134620177599609
"L",351,"A","L351A",-0.0198316301835573
"L",351,"C","L351C",-0.163099179594058
"L",351,"D","L351D",-0.0562292736458577
"L",351,"E","L351E",0.035224291317553
"L",351,"F","L351F",-0.0479562504920074
"L",351,"G","L351G",0.0952748522304311
"L",351,"H","L351H",-0.330414770410868
"L",351,"I","L351I",0.0701091010053515
"L",351,"K","L351K",-0.0533570921673979
"L",351,"M","L351M",0.083029979149892
"L",351,"N","L351N",-0.0150182783013376
"L",351,"P","L351P",-0.00818225775927813
"L",351,"Q","L351Q",-0.0201807879833883
"L",351,"R","L351R",0.480215745140401
"L",351,"S","L351S",-0.0445207021103876
"L",351,"T","L351T",0.0208648992793424
"L",351,"V","L351V",0.0144711017048523
"L",351,"W","L351W",-0.0274844117367682
"L",351,"Y","L351Y",-0.012915335442918
"P",352,"A","P352A",-0.0521906581340455
"P",352,"C","P352C",0.00511797580772548
"P",352,"D","P352D",0.073022232952435
"P",352,"E","P352E",0.0658543797077948
"P",352,"F","P352F",0.150706856014955
"P",352,"G","P352G",-0.0993929332312351
"P",352,"H","P352H",-0.0830299599181146
"P",352,"I","P352I",0.0740764105461746
"P",352,"K","P352K",0.142253742052595
"P",352,"L","P352L",-0.137901321095755
"P",352,"M","P352M",0.0445816949974045
"P",352,"N","P352N",0.0126255601398241
"P",352,"Q","P352Q",0.00249886523609526
"P",352,"R","P352R",0.226835882441234
"P",352,"S","P352S",-0.0239959372516747
"P",352,"T","P352T",-0.188546743473766
"P",352,"V","P352V",0.0457309475644747
"P",352,"W","P352W",-0.221163257061415
"P",352,"Y","P352Y",-0.0370837372947053
"P",353,"A","P353A",-0.0439048895972943
"P",353,"C","P353C",-0.0445748693043443
"P",353,"D","P353D",0.0973451787666356
"P",353,"E","P353E",0.0417296853646058
"P",353,"F","P353F",0.00128361168492633
"P",353,"G","P353G",-0.0920978077837934
"P",353,"H","P353H",0.0325813646821655
"P",353,"I","P353I",-0.0177518072674546
"P",353,"K","P353K",0.0840455996795055
"P",353,"L","P353L",-0.0805887124460843
"P",353,"M","P353M",0.0923495118686356
"P",353,"N","P353N",-0.0743041802355438
"P",353,"Q","P353Q",0.0308975118306562
"P",353,"R","P353R",0.102071999417275
"P",353,"S","P353S",0.0521388412146055
"P",353,"T","P353T",-0.0683041026339536
"P",353,"V","P353V",-0.0812204075011043
"P",353,"W","P353W",0.0511825861868657
"P",353,"Y","P353Y",-0.0828791139263044
"S",354,"C","S354C",0.0646740027503329
"S",354,"D","S354D",0.0599846346752435
"S",354,"E","S354E",-0.0730857707371769
"S",354,"F","S354F",-0.0765279164653059
"S",354,"G","S354G",-0.0822603080453579
"S",354,"H","S354H",0.0313444216947931
"S",354,"I","S354I",-0.0177217013408666
"S",354,"K","S354K",0.196424761982993
"S",354,"L","S354L",-0.293651713740227
"S",354,"M","S354M",-0.104776514749237
"S",354,"N","S354N",0.129065586613633
"S",354,"P","S354P",0.147032630656173
"S",354,"Q","S354Q",-0.108924722592976
"S",354,"R","S354R",0.0783119732822439
"S",354,"T","S354T",0.071856881679793
"S",354,"V","S354V",-0.034709834536407
"S",354,"W","S354W",-0.0711490551148259
"S",354,"Y","S354Y",0.0841126439871735
"R",355,"A","R355A",0.0476848487071649
"R",355,"C","R355C",-0.00721439532817519
"R",355,"D","R355D",0.108003195724384
"R",355,"E","R355E",0.0636327198788843
"R",355,"F","R355F",0.0538787219474456
"R",355,"G","R355G",-0.0928511952121253
"R",355,"H","R355H",-0.0229340773645456
"R",355,"I","R355I",0.00755225397727489
"R",355,"K","R355K",0.00770121061949393
"R",355,"L","R355L",-0.0555738978032657
"R",355,"M","R355M",0.00907371619162468
"R",355,"N","R355N",-0.303927657798245
"R",355,"P","R355P",0.0391584679296454
"R",355,"Q","R355Q",0.0972048049542048
"R",355,"S","R355S",-0.0438825768228751
"R",355,"T","R355T",0.0313423975864643
"R",355,"V","R355V",-0.0166885368308053
"R",355,"W","R355W",0.153585358184936
"R",355,"Y","R355Y",-0.0757453585414852
"D",356,"A","D356A",0.0636147478680042
"D",356,"C","D356C",-0.0130653933745856
"D",356,"E","D356E",-0.0268669563986848
"D",356,"F","D356F",0.0213173377927144
"D",356,"G","D356G",0.0737693196857742
"D",356,"H","D356H",-0.0495575496391157
"D",356,"I","D356I",-0.159992354433977
"D",356,"K","D356K",0.160070154351074
"D",356,"L","D356L",-0.018066905951435
"D",356,"M","D356M",-0.0763933320791557
"D",356,"N","D356N",-0.0599637823656557
"D",356,"P","D356P",-0.0246847976356649
"D",356,"Q","D356Q",0.0970700306821344
"D",356,"R","D356R",-0.0333710633882954
"D",356,"S","D356S",0.0985083586223344
"D",356,"T","D356T",0.0788692438951547
"D",356,"V","D356V",0.0152809239753048
"D",356,"Y","D356Y",-0.146537981605926
"E",357,"A","E357A",-0.285156897550346
"E",357,"C","E357C",0.0552149187537642
"E",357,"D","E357D",-0.0803515126960662
"E",357,"F","E357F",-0.0531903353455457
"E",357,"G","E357G",-0.0858096592598157
"E",357,"H","E357H",0.056523672284815
"E",357,"I","E357I",-0.00566129350188568
"E",357,"K","E357K",0.201264317855234
"E",357,"L","E357L",0.119128557456944
"E",357,"M","E357M",-0.0569040145266751
"E",357,"N","E357N",0.0114635615617146
"E",357,"Q","E357Q",-0.0720422914716251
"E",357,"R","E357R",0.226267062147093
"E",357,"S","E357S",-0.0809565731233153
"E",357,"T","E357T",-0.000440662699395883
"E",357,"V","E357V",0.162688817105114
"E",357,"W","E357W",-0.0203369726047249
"E",357,"Y","E357Y",-0.0917006943852854
"L",358,"A","L358A",0.0786278189809807
"L",358,"C","L358C",0.0381572584615214
"L",358,"D","L358D",-0.00147819720996902
"L",358,"E","L358E",-0.177346878653129
"L",358,"F","L358F",-0.00558006604568919
"L",358,"G","L358G",-0.0967993730586186
"L",358,"H","L358H",-0.00821052464116891
"L",358,"I","L358I",-0.0665168996537889
"L",358,"K","L358K",0.0478099228740811
"L",358,"M","L358M",-0.00657395611914881
"L",358,"N","L358N",-0.0693838846076194
"L",358,"P","L358P",-0.00284427010145918
"L",358,"Q","L358Q",-0.0317873718227891
"L",358,"R","L358R",0.165762330012382
"L",358,"S","L358S",-0.021356259846539
"L",358,"T","L358T",-0.0522563880742189
"L",358,"V","L358V",0.249162884807741
"L",358,"W","L358W",0.0965819240008407
"L",358,"Y","L358Y",-0.135968069303408
"T",359,"A","T359A",-0.0051549676681958
"T",359,"C","T359C",0.0122129528016052
"T",359,"D","T359D",-0.0141776398244951
"T",359,"E","T359E",-0.0423241133226456
"T",359,"F","T359F",-0.0302727704182247
"T",359,"G","T359G",-0.106384533875695
"T",359,"H","T359H",0.156704033294745
"T",359,"I","T359I",-0.0524343803653048
"T",359,"K","T359K",-0.0282468227350051
"T",359,"L","T359L",0.00626641980885499
"T",359,"M","T359M",-0.246675530403595
"T",359,"N","T359N",0.0453546247432245
"T",359,"P","T359P",-0.0981963000364253
"T",359,"Q","T359Q",0.180865975842416
"T",359,"R","T359R",-0.0356642099605858
"T",359,"S","T359S",0.0123498962459841
"T",359,"V","T359V",0.140740260553635
"T",359,"W","T359W",-0.0545117886172951
"T",359,"Y","T359Y",0.159548893937005
"K",360,"A","K360A",0.119486729238519
"K",360,"C","K360C",0.0432706351914493
"K",360,"D","K360D",0.0741362410260384
"K",360,"E","K360E",0.0150601043539388
"K",360,"F","K360F",-0.106878616936551
"K",360,"G","K360G",-0.125488150817221
"K",360,"H","K360H",-0.0357707426040408
"K",360,"I","K360I",0.306042949285999
"K",360,"L","K360L",0.00279598055886947
"K",360,"M","K360M",0.0755920519132988
"K",360,"N","K360N",-0.00705483386911083
"K",360,"P","K360P",-0.0142409767623608
"K",360,"Q","K360Q",-0.446276115160082
"K",360,"R","K360R",-0.0647521952525816
"K",360,"S","K360S",0.0954963261802897
"K",360,"T","K360T",0.0358686671141885
"K",360,"V","K360V",0.0771370341768493
"K",360,"W","K360W",0.0672325468765091
"K",360,"Y","K360Y",-0.111657634514
"N",361,"A","N361A",0.0439517093697189
"N",361,"C","N361C",0.176103395098737
"N",361,"D","N361D",-0.0596569502344821
"N",361,"E","N361E",-0.126167483015632
"N",361,"F","N361F",0.0176082154432185
"N",361,"G","N361G",-0.0278973766904813
"N",361,"H","N361H",-0.0162191371131323
"N",361,"I","N361I",0.126676671772068
"N",361,"K","N361K",-0.144715498630782
"N",361,"L","N361L",0.0209396788930989
"N",361,"M","N361M",0.115413400558038
"N",361,"P","N361P",0.00247771686168861
"N",361,"Q","N361Q",-0.00676526336325124
"N",361,"R","N361R",-0.016781355784992
"N",361,"S","N361S",0.125744112620618
"N",361,"T","N361T",0.033967709122829
"N",361,"V","N361V",-0.0607394902620117
"N",361,"W","N361W",-0.202729014302642
"N",361,"Y","N361Y",-0.00121104034261101
"Q",362,"A","Q362A",-0.203532545078823
"Q",362,"C","Q362C",0.0314750013875668
"Q",362,"D","Q362D",-0.300568300396653
"Q",362,"E","Q362E",-0.0106398429189226
"Q",362,"F","Q362F",0.0933656308417071
"Q",362,"G","Q362G",0.173727839007937
"Q",362,"H","Q362H",-0.0583199922912528
"Q",362,"I","Q362I",0.176665916618247
"Q",362,"K","Q362K",0.0585132078908267
"Q",362,"L","Q362L",-0.115394355105763
"Q",362,"M","Q362M",0.114541928174827
"Q",362,"N","Q362N",-0.116689756022933
"Q",362,"P","Q362P",-0.0546782557515836
"Q",362,"R","Q362R",0.136123862019337
"Q",362,"S","Q362S",-0.204091689883422
"Q",362,"T","Q362T",0.048793188641956
"Q",362,"V","Q362V",0.0422825100119669
"Q",362,"W","Q362W",0.156011683396777
"Q",362,"Y","Q362Y",0.032413969458207
"V",363,"A","V363A",0.162781029396131
"V",363,"C","V363C",-0.0452678482331187
"V",363,"D","V363D",-0.0470246354613385
"V",363,"E","V363E",-0.0965900125432485
"V",363,"F","V363F",0.0454726914843319
"V",363,"G","V363G",0.0880771279312716
"V",363,"H","V363H",0.0839564106804321
"V",363,"I","V363I",-0.0700623121893584
"V",363,"K","V363K",-0.0137756114672886
"V",363,"L","V363L",0.038138057674122
"V",363,"M","V363M",-0.138141658554969
"V",363,"N","V363N",-0.0183107494207681
"V",363,"P","V363P",-0.0410198907371185
"V",363,"Q","V363Q",-0.104066461513799
"V",363,"R","V363R",0.0907408994996314
"V",363,"S","V363S",0.061913351572772
"V",363,"T","V363T",-0.0473322956559187
"V",363,"W","V363W",0.131479613058351
"V",363,"Y","V363Y",-0.0809677055201184
"S",364,"A","S364A",-0.0971934329327813
"S",364,"C","S364C",0.0734769679917388
"S",364,"D","S364D",0.0326995495435883
"S",364,"E","S364E",0.174106567382009
"S",364,"F","S364F",-0.112247123589181
"S",364,"G","S364G",-0.0672716649168514
"S",364,"H","S364H",0.112502307363229
"S",364,"I","S364I",-0.0276329216035213
"S",364,"K","S364K",0.10848842570473
"S",364,"L","S364L",-0.0118618903440615
"S",364,"M","S364M",0.15684123080621
"S",364,"N","S364N",0.196068017630999
"S",364,"P","S364P",-0.165869075924051
"S",364,"Q","S364Q",-0.0875584585739918
"S",364,"R","S364R",-0.0836828673406008
"S",364,"T","S364T",-0.0881474273958204
"S",364,"V","S364V",-0.0202303024975505
"S",364,"W","S364W",0.0181025314903386
"S",364,"Y","S364Y",-0.110590432794431
"L",365,"A","L365A",-0.027930000252695
"L",365,"C","L365C",-0.0285912126960149
"L",365,"D","L365D",0.143884489152915
"L",365,"E","L365E",-0.0976572345478547
"L",365,"F","L365F",-0.0321210608292446
"L",365,"G","L365G",0.0683429517174556
"L",365,"H","L365H",0.0354867221132748
"L",365,"I","L365I",-0.0618051279152645
"L",365,"K","L365K",-0.135018984910305
"L",365,"M","L365M",0.153702908580815
"L",365,"N","L365N",0.100350712950975
"L",365,"P","L365P",-0.0633385298042846
"L",365,"Q","L365Q",-0.0678036773856243
"L",365,"R","L365R",-0.0225188495474143
"L",365,"S","L365S",0.00342523097413506
"L",365,"T","L365T",-0.0428666283647352
"L",365,"V","L365V",0.0227574540353654
"L",365,"W","L365W",0.0122223054434152
"L",365,"Y","L365Y",0.0394785312850854
"T",366,"A","T366A",-0.070240547361711
"T",366,"C","T366C",0.0195193219932885
"T",366,"D","T366D",-0.0756410351279818
"T",366,"E","T366E",-0.036136448903281
"T",366,"F","T366F",-0.172404741154292
"T",366,"G","T366G",0.0871126303564684
"T",366,"H","T366H",-0.0441160536739712
"T",366,"I","T366I",-0.00415894978992113
"T",366,"K","T366K",0.228610720687947
"T",366,"L","T366L",0.015196792692748
"T",366,"M","T366M",0.104020503291608
"T",366,"N","T366N",0.0584440604504787
"T",366,"P","T366P",-0.0394552010586911
"T",366,"Q","T366Q",0.108672292306648
"T",366,"R","T366R",-0.129424049832273
"T",366,"S","T366S",-0.0885330466479915
"T",366,"V","T366V",0.0510043129634289
"T",366,"W","T366W",-0.0210852040915718
"T",366,"Y","T366Y",0.00861464289906847
"C",367,"A","C367A",0.0454639263382147
"C",367,"D","C367D",0.0254272576338444
"C",367,"E","C367E",-0.0393998526555165
"C",367,"F","C367F",-0.0489931385664956
"C",367,"G","C367G",0.162983045459844
"C",367,"H","C367H",0.139016830767664
"C",367,"I","C367I",0.119253697456224
"C",367,"K","C367K",-0.0244327440736855
"C",367,"L","C367L",-0.241003497486686
"C",367,"M","C367M",-0.00368046675804578
"C",367,"N","C367N",-0.0356899930384255
"C",367,"P","C367P",0.176818899582373
"C",367,"Q","C367Q",-0.0484897144845259
"C",367,"R","C367R",-0.219557103480886
"C",367,"S","C367S",0.00355891575639413
"C",367,"T","C367T",-0.0573014941351559
"C",367,"V","C367V",-0.0462514761928753
"C",367,"W","C367W",0.00974855670141382
"C",367,"Y","C367Y",0.0825283511763243
"L",368,"A","L368A",0.00626524794770584
"L",368,"C","L368C",0.0583832357628458
"L",368,"D","L368D",0.0819752243617754
"L",368,"F","L368F",0.106170506451825
"L",368,"G","L368G",0.0727960027178554
"L",368,"H","L368H",0.037459958005626
"L",368,"I","L368I",-0.0392041610170546
"L",368,"K","L368K",-0.00277592453133396
"L",368,"M","L368M",0.332723578175564
"L",368,"N","L368N",0.0738911207692054
"L",368,"P","L368P",-0.269079417293754
"L",368,"Q","L368Q",-0.0992415566720738
"L",368,"R","L368R",0.0142915907578551
"L",368,"S","L368S",-0.193397392758275
"L",368,"T","L368T",-0.0507257026805448
"L",368,"V","L368V",-0.169079417293755
"L",368,"W","L368W",0.178468076467295
"L",368,"Y","L368Y",-0.138920969170765
"V",369,"A","V369A",-0.0781504062079046
"V",369,"C","V369C",-0.0656702118423445
"V",369,"D","V369D",0.305156844194625
"V",369,"E","V369E",0.0624243946544764
"V",369,"F","V369F",-0.0346591401056839
"V",369,"G","V369G",0.0425683267038455
"V",369,"H","V369H",-0.122794777212544
"V",369,"I","V369I",0.0795478965037764
"V",369,"L","V369L",-0.0282359771496745
"V",369,"M","V369M",0.0271521641991157
"V",369,"N","V369N",-0.146685061119315
"V",369,"P","V369P",0.164039390061774
"V",369,"Q","V369Q",-0.174320716029955
"V",369,"R","V369R",-0.180033928737735
"V",369,"S","V369S",-0.139789625825634
"V",369,"T","V369T",0.396813843904875
"V",369,"W","V369W",-0.052714333243225
"V",369,"Y","V369Y",-0.054648682748474
"K",370,"C","K370C",-0.0489001684344986
"K",370,"D","K370D",0.0622009715193913
"K",370,"E","K370E",0.142525659944461
"K",370,"F","K370F",0.0606283509940407
"K",370,"G","K370G",-0.00321579943751939
"K",370,"H","K370H",0.269880640042941
"K",370,"I","K370I",-0.0982084271873586
"K",370,"L","K370L",0.0079354521817313
"K",370,"M","K370M",0.125190305125581
"K",370,"N","K370N",0.029012714862651
"K",370,"P","K370P",0.0403517901730511
"K",370,"Q","K370Q",0.0636084513999012
"K",370,"R","K370R",-0.0231249254280087
"K",370,"S","K370S",-0.186783027349109
"K",370,"T","K370T",-0.0521874314152889
"K",370,"V","K370V",0.00393759708973049
"K",370,"W","K370W",-0.168846271238329
"K",370,"Y","K370Y",-0.224005882843369
"G",371,"A","G371A",-0.0953914779546507
"G",371,"C","G371C",-0.0754195703974107
"G",371,"D","G371D",0.13850118628481
"G",371,"E","G371E",0.00941762748968912
"G",371,"F","G371F",-0.0384596875578107
"G",371,"H","G371H",-0.0312555264877905
"G",371,"I","G371I",0.0740235770203095
"G",371,"K","G371K",0.0487452352051796
"G",371,"L","G371L",-0.0552305922449707
"G",371,"M","G371M",-0.0768029974533308
"G",371,"N","G371N",-0.00509941594005037
"G",371,"P","G371P",0.42000292100241
"G",371,"Q","G371Q",0.0739654580392895
"G",371,"R","G371R",-0.0230854609194302
"G",371,"S","G371S",-0.14692443311388
"G",371,"T","G371T",-0.0631518165208802
"G",371,"V","G371V",-0.13292710513914
"G",371,"W","G371W",-0.0711543247461104
"G",371,"Y","G371Y",0.0502464034337691
"F",372,"A","F372A",0.000629648039962211
"F",372,"C","F372C",-0.080581685866158
"F",372,"D","F372D",0.360735605184813
"F",372,"E","F372E",0.174509117245062
"F",372,"G","F372G",0.0653585948045421
"F",372,"H","F372H",-0.131951181467228
"F",372,"I","F372I",-0.0361058239465678
"F",372,"K","F372K",-0.00816307701108779
"F",372,"L","F372L",-0.0158682448407176
"F",372,"M","F372M",-0.250578070816988
"F",372,"N","F372N",-0.143066559757868
"F",372,"P","F372P",-0.0556176637825877
"F",372,"Q","F372Q",-0.0422805425360878
"F",372,"R","F372R",0.181972910375592
"F",372,"S","F372S",-0.0180270896244083
"F",372,"T","F372T",-0.0688330960172782
"F",372,"V","F372V",-0.108940437742918
"F",372,"W","F372W",0.0936762668430821
"F",372,"Y","F372Y",0.0831313309168411
"Y",373,"A","Y373A",-0.0649353099671232
"Y",373,"C","Y373C",-0.0184945759500849
"Y",373,"D","Y373D",0.136915059831536
"Y",373,"E","Y373E",-0.0508144513830436
"Y",373,"F","Y373F",-0.220704477173713
"Y",373,"G","Y373G",-0.213466697983823
"Y",373,"H","Y373H",-0.201635160909803
"Y",373,"I","Y373I",0.115353885830586
"Y",373,"K","Y373K",0.0527887045247862
"Y",373,"L","Y373L",0.0374568492005861
"Y",373,"M","Y373M",-0.151020716130754
"Y",373,"N","Y373N",0.196897887734786
"Y",373,"P","Y373P",-0.0578069866254739
"Y",373,"Q","Y373Q",0.0148544991993761
"Y",373,"R","Y373R",-0.00314788619506384
"Y",373,"S","Y373S",0.0357426334703372
"Y",373,"T","Y373T",-0.0179186035285838
"Y",373,"V","Y373V",0.102111962801766
"Y",373,"W","Y373W",0.307823383253706
"P",374,"A","P374A",-0.0847469220059381
"P",374,"C","P374C",0.236049144334033
"P",374,"D","P374D",0.189235511524153
"P",374,"E","P374E",0.0251517384468326
"P",374,"F","P374F",-0.0128101023014884
"P",374,"G","P374G",-0.0369293969014774
"P",374,"H","P374H",0.0162925816911937
"P",374,"I","P374I",-0.158371268581817
"P",374,"K","P374K",0.121398183191913
"P",374,"L","P374L",0.212831648052693
"P",374,"M","P374M",-0.146743495457827
"P",374,"N","P374N",0.0539587325997216
"P",374,"Q","P374Q",-0.143954401618357
"P",374,"R","P374R",-0.173070214008687
"P",374,"S","P374S",-0.144651831944327
"P",374,"T","P374T",-0.0720682366712174
"P",374,"V","P374V",0.0312430980328426
"P",374,"W","P374W",0.0438556419504627
"P",374,"Y","P374Y",0.0433295896672926
"S",375,"A","S375A",0.00831767423474652
"S",375,"C","S375C",-0.101724833071543
"S",375,"D","S375D",0.137804494942368
"S",375,"E","S375E",0.0533853197791568
"S",375,"F","S375F",0.0154214227068963
"S",375,"G","S375G",-0.0952662058512532
"S",375,"H","S375H",-0.223885927179593
"S",375,"I","S375I",0.155102619252177
"S",375,"K","S375K",-0.0276769299749728
"S",375,"L","S375L",0.136980939062227
"S",375,"M","S375M",0.0448326413117866
"S",375,"N","S375N",-0.122270171003713
"S",375,"P","S375P",-0.169607011286503
"S",375,"Q","S375Q",-0.0892329885541832
"S",375,"R","S375R",0.00962685035104672
"S",375,"T","S375T",-0.0515191000142835
"S",375,"V","S375V",0.127039749569797
"S",375,"W","S375W",0.0780265551800875
"S",375,"Y","S375Y",0.114644900545757
"D",376,"A","D376A",-0.244023999144599
"D",376,"C","D376C",-0.0379855887657591
"D",376,"E","D376E",-0.0283377658208991
"D",376,"F","D376F",0.235983187480961
"D",376,"G","D376G",-0.158763803136938
"D",376,"H","D376H",0.023723297157011
"D",376,"I","D376I",0.0193370553780007
"D",376,"K","D376K",0.0593964040952907
"D",376,"L","D376L",0.123056091803191
"D",376,"M","D376M",0.223527559144371
"D",376,"N","D376N",-0.145026975538689
"D",376,"P","D376P",-0.0163140169207287
"D",376,"Q","D376Q",-0.0196256900909683
"D",376,"R","D376R",0.220071827006221
"D",376,"S","D376S",-0.0378849702892893
"D",376,"T","D376T",-0.255372004120609
"D",376,"V","D376V",-0.0198096717362594
"D",376,"W","D376W",-0.0159282738757293
"D",376,"Y","D376Y",0.073977337375421
"I",377,"A","I377A",0.12761195276127
"I",377,"C","I377C",0.15408440957649
"I",377,"D","I377D",-0.15832945079617
"I",377,"E","I377E",0.0156396674463601
"I",377,"F","I377F",0.25167106946498
"I",377,"G","I377G",-0.071759639218469
"I",377,"H","I377H",0.0880103834359311
"I",377,"K","I377K",-0.27190967102038
"I",377,"L","I377L",0.0436799292438503
"I",377,"M","I377M",-0.33563547873982
"I",377,"N","I377N",-0.17150156163064
"I",377,"P","I377P",-0.0115155435164095
"I",377,"Q","I377Q",-0.0357877994001493
"I",377,"R","I377R",-0.0850008949028492
"I",377,"S","I377S",-0.0380554882649596
"I",377,"T","I377T",-0.29879254945549
"I",377,"V","I377V",0.00316267588740034
"I",377,"W","I377W",0.25218580237951
"I",377,"Y","I377Y",0.542242186749541
"A",378,"C","A378C",-0.0115628375736475
"A",378,"D","A378D",-0.0400511642309774
"A",378,"E","A378E",0.008807248432542
"A",378,"F","A378F",0.0786138561599427
"A",378,"G","A378G",0.0205722076506632
"A",378,"H","A378H",0.025453302462643
"A",378,"I","A378I",-0.147773016553647
"A",378,"K","A378K",-0.262835764406157
"A",378,"L","A378L",-0.100375599990757
"A",378,"M","A378M",-0.161622303519826
"A",378,"N","A378N",0.028095518621562
"A",378,"P","A378P",0.483411977584752
"A",378,"Q","A378Q",-0.134243526829767
"A",378,"R","A378R",-0.0775718448826571
"A",378,"S","A378S",0.0305550086099328
"A",378,"T","A378T",0.110642326578042
"A",378,"V","A378V",0.216080371819183
"A",378,"W","A378W",0.0025109825957229
"A",378,"Y","A378Y",-0.0687067425275477
"V",379,"A","V379A",0.0249613184451247
"V",379,"C","V379C",-0.0350032092318343
"V",379,"D","V379D",0.0147431289563053
"V",379,"E","V379E",-0.0544867652031541
"V",379,"F","V379F",0.104885556085985
"V",379,"G","V379G",0.0743774391840954
"V",379,"H","V379H",0.232320153973435
"V",379,"I","V379I",-0.183867091488114
"V",379,"K","V379K",0.0316377623197956
"V",379,"L","V379L",0.278756177172095
"V",379,"M","V379M",-0.193397157799825
"V",379,"N","V379N",-0.133356628621605
"V",379,"P","V379P",-0.0942181396553049
"V",379,"Q","V379Q",0.0344931911124257
"V",379,"R","V379R",-0.308081562322965
"V",379,"S","V379S",0.0173457598887249
"V",379,"T","V379T",0.00715816111937506
"V",379,"W","V379W",0.162308776206725
"V",379,"Y","V379Y",0.0194231298587155
"E",380,"A","E380A",-0.0791833524065589
"E",380,"C","E380C",-0.160504204852859
"E",380,"D","E380D",0.100333401348481
"E",380,"F","E380F",0.118484336807561
"E",380,"G","E380G",-0.0665806534428689
"E",380,"H","E380H",-0.0702653739630489
"E",380,"I","E380I",0.0664199728475206
"E",380,"K","E380K",-0.137451966591249
"E",380,"L","E380L",0.140690170930941
"E",380,"M","E380M",-0.0689156201230489
"E",380,"N","E380N",0.118606683423181
"E",380,"P","E380P",0.135430835700071
"E",380,"Q","E380Q",-0.0213569935993786
"E",380,"R","E380R",0.0339620229683507
"E",380,"S","E380S",-0.0116815854082288
"E",380,"T","E380T",-0.0305817578039881
"E",380,"V","E380V",-0.0716377863069289
"E",380,"Y","E380Y",0.00423187047205083
"W",381,"A","W381A",-0.0166800002688838
"W",381,"C","W381C",0.0218836456125258
"W",381,"D","W381D",1.01572290811808
"W",381,"E","W381E",0.294141647823166
"W",381,"F","W381F",-0.152775800033253
"W",381,"G","W381G",0.445975487976547
"W",381,"H","W381H",-0.0293533201903042
"W",381,"I","W381I",-0.209944772419453
"W",381,"K","W381K",-0.025091664101484
"W",381,"L","W381L",0.0256203728100164
"W",381,"M","W381M",0.131885082707856
"W",381,"N","W381N",-0.317275628430544
"W",381,"P","W381P",-0.231384368399184
"W",381,"Q","W381Q",-0.499504646177104
"W",381,"R","W381R",-0.208573869796643
"W",381,"S","W381S",-0.0284261021292045
"W",381,"T","W381T",0.0615637811985861
"W",381,"V","W381V",-0.0834874924780735
"W",381,"Y","W381Y",-0.194295261822644
"E",382,"A","E382A",-0.0381240669854461
"E",382,"C","E382C",-0.0582054708668058
"E",382,"D","E382D",0.0951354024605345
"E",382,"F","E382F",0.000869733545493736
"E",382,"G","E382G",-0.108708362476136
"E",382,"H","E382H",0.0557480495991041
"E",382,"I","E382I",0.0874447354753836
"E",382,"K","E382K",-0.0733151007937562
"E",382,"L","E382L",0.0361882973691137
"E",382,"M","E382M",-0.159422171799115
"E",382,"N","E382N",0.114351834265645
"E",382,"P","E382P",-0.0912421339347159
"E",382,"Q","E382Q",0.0161200256520345
"E",382,"R","E382R",-0.078544749789225
"E",382,"S","E382S",0.0984624610258645
"E",382,"T","E382T",0.0152803199677341
"E",382,"V","E382V",0.0325765571204138
"E",382,"W","E382W",-0.0449575246702058
"E",382,"Y","E382Y",0.100342164834084
"S",383,"A","S383A",-0.0558184795109011
"S",383,"C","S383C",-0.00263629047965131
"S",383,"D","S383D",-0.0425546903580521
"S",383,"E","S383E",-0.0574419692703621
"S",383,"F","S383F",0.0302808067792282
"S",383,"G","S383G",-0.0131772581539616
"S",383,"H","S383H",0.0369253687162989
"S",383,"I","S383I",0.0818523475637183
"S",383,"K","S383K",-0.00255534608958153
"S",383,"L","S383L",-0.147300525164922
"S",383,"M","S383M",0.0889393511093881
"S",383,"N","S383N",-0.0023376611112016
"S",383,"P","S383P",-0.0229088010963614
"S",383,"Q","S383Q",0.0140612833649984
"S",383,"R","S383R",0.0660447428592889
"S",383,"T","S383T",-0.0675577428487118
"S",383,"V","S383V",-0.0476559848070015
"S",383,"W","S383W",0.0736184999128784
"S",383,"Y","S383Y",0.0702223485849083
"N",384,"A","N384A",0.104407833641972
"N",384,"C","N384C",-0.0700697967258084
"N",384,"D","N384D",0.0330758089212224
"N",384,"E","N384E",-0.0332551430340982
"N",384,"F","N384F",-0.0148490232644873
"N",384,"G","N384G",-0.094155224291868
"N",384,"H","N384H",0.0216520854441426
"N",384,"I","N384I",0.231659826918043
"N",384,"K","N384K",0.00203529992850246
"N",384,"L","N384L",-0.0519413385846479
"N",384,"M","N384M",-0.0154735690433976
"N",384,"P","N384P",-0.087809668719128
"N",384,"Q","N384Q",-0.087660350339408
"N",384,"R","N384R",0.0377248077261816
"N",384,"S","N384S",0.125030921560732
"N",384,"T","N384T",0.0883950348207818
"N",384,"V","N384V",-0.0512502507421877
"N",384,"W","N384W",-0.00772189682395854
"N",384,"Y","N384Y",-0.129795357392588
"G",385,"A","G385A",0.208477902112055
"G",385,"C","G385C",-0.0405455700145446
"G",385,"D","G385D",-0.0761797562133849
"G",385,"E","G385E",-0.0757467358774555
"G",385,"F","G385F",0.0324035644991946
"G",385,"H","G385H",0.122651594576175
"G",385,"I","G385I",0.0113054897774144
"G",385,"K","G385K",-0.0886986768296553
"G",385,"L","G385L",-0.142654440628565
"G",385,"M","G385M",0.0690302420651144
"G",385,"N","G385N",-0.185863770427355
"G",385,"P","G385P",0.0939172922917738
"G",385,"Q","G385Q",0.139282900314245
"G",385,"R","G385R",0.0449113326656053
"G",385,"S","G385S",-0.184227719610595
"G",385,"T","G385T",-0.00936188989181459
"G",385,"V","G385V",0.0700812772221946
"G",385,"W","G385W",0.0113732395809346
"G",385,"Y","G385Y",-0.000156275611335046
"Q",386,"A","Q386A",0.123500108961142
"Q",386,"C","Q386C",0.0146370897159418
"Q",386,"D","Q386D",0.0697276308499113
"Q",386,"E","Q386E",0.0895234818567214
"Q",386,"F","Q386F",-0.193828607355318
"Q",386,"G","Q386G",0.0252723812341413
"Q",386,"H","Q386H",0.0898103663685621
"Q",386,"I","Q386I",-0.0614363457888185
"Q",386,"K","Q386K",0.0330080344229415
"Q",386,"L","Q386L",-0.118922964765428
"Q",386,"M","Q386M",0.0572619931454019
"Q",386,"N","Q386N",-0.0484800399016683
"Q",386,"P","Q386P",-0.0649502560947584
"Q",386,"R","Q386R",-0.0554279771068984
"Q",386,"S","Q386S",0.0139970506204321
"Q",386,"V","Q386V",0.00694683744995129
"Q",386,"W","Q386W",0.0120484025663314
"Q",386,"Y","Q386Y",0.00731281382141179
"P",387,"A","P387A",-0.134907296327791
"P",387,"C","P387C",0.0362883324615391
"P",387,"D","P387D",-0.01017563260854
"P",387,"E","P387E",-0.0934893467831506
"P",387,"F","P387F",0.0411837779327487
"P",387,"G","P387G",0.0152193640609592
"P",387,"H","P387H",0.115153426112299
"P",387,"I","P387I",-0.118507886434871
"P",387,"K","P387K",-0.0856065321909707
"P",387,"M","P387M",0.00633057483150967
"P",387,"N","P387N",0.0779766263567998
"P",387,"Q","P387Q",0.0998663103676592
"P",387,"R","P387R",-0.13721206225718
"P",387,"S","P387S",-0.00788186079245003
"P",387,"T","P387T",0.146553501116569
"P",387,"V","P387V",0.186398945932299
"P",387,"W","P387W",-0.0581595962494905
"P",387,"Y","P387Y",-0.0790306455279408
"E",388,"A","E388A",-0.00611185686440466
"E",388,"C","E388C",-0.125129504392705
"E",388,"D","E388D",0.038952534503425
"E",388,"F","E388F",0.0673893525547452
"E",388,"G","E388G",0.113512412418825
"E",388,"H","E388H",-0.0418447547313251
"E",388,"I","E388I",0.0697295790142348
"E",388,"K","E388K",0.0187663984075848
"E",388,"L","E388L",-0.0342826371092441
"E",388,"M","E388M",0.0706446866965752
"E",388,"N","E388N",0.0704004840516846
"E",388,"P","E388P",-0.0686722514907851
"E",388,"Q","E388Q",-0.0533121419626851
"E",388,"R","E388R",-0.246606317250345
"E",388,"S","E388S",0.058536213232465
"E",388,"T","E388T",-0.0244160394677253
"E",388,"V","E388V",0.0348772140107843
"E",388,"Y","E388Y",0.0575666283788954
"N",389,"A","N389A",-0.0789961872706523
"N",389,"C","N389C",0.0718787886302979
"N",389,"D","N389D",0.0595877477091574
"N",389,"E","N389E",-0.179923555953212
"N",389,"F","N389F",0.0497176998086585
"N",389,"G","N389G",0.0778993423213478
"N",389,"H","N389H",0.0875837938221676
"N",389,"I","N389I",-0.0283681014704421
"N",389,"K","N389K",0.0650038012600681
"N",389,"L","N389L",0.225786512970818
"N",389,"M","N389M",0.0276776113262579
"N",389,"P","N389P",-0.081115758889342
"N",389,"Q","N389Q",-0.101410364143562
"N",389,"R","N389R",-0.095946995595502
"N",389,"S","N389S",0.00451846131070795
"N",389,"T","N389T",0.0663542990648179
"N",389,"V","N389V",-0.091462955241702
"N",389,"W","N389W",-0.0717964729080921
"N",389,"Y","N389Y",-0.00698766675179203
"N",390,"A","N390A",-0.141554465282044
"N",390,"C","N390C",0.111881362980407
"N",390,"D","N390D",0.774754755661656
"N",390,"E","N390E",-0.199684461922534
"N",390,"F","N390F",-0.118838578095334
"N",390,"G","N390G",0.0123288020067168
"N",390,"H","N390H",0.0530999612121962
"N",390,"I","N390I",0.0107459163689564
"N",390,"K","N390K",-0.143065782353984
"N",390,"L","N390L",-0.110588622618774
"N",390,"M","N390M",0.0813813979626362
"N",390,"P","N390P",0.0615848367219668
"N",390,"Q","N390Q",-0.110004763517904
"N",390,"R","N390R",-0.0374230119981934
"N",390,"S","N390S",-0.054804662530174
"N",390,"T","N390T",-0.0423647523637433
"N",390,"V","N390V",-0.0611689644814039
"N",390,"W","N390W",-0.0265234551594137
"N",390,"Y","N390Y",-0.059755512591034
"Y",391,"A","Y391A",0.0795665974210231
"Y",391,"C","Y391C",0.0793271437932624
"Y",391,"D","Y391D",-0.0151794732177284
"Y",391,"E","Y391E",-0.0402702215146377
"Y",391,"F","Y391F",-0.173830417325658
"Y",391,"G","Y391G",-0.0188616065173277
"Y",391,"H","Y391H",0.068175071713362
"Y",391,"I","Y391I",-0.0491383579187183
"Y",391,"K","Y391K",-0.0573061066778177
"Y",391,"L","Y391L",-0.0129410011293482
"Y",391,"M","Y391M",0.0163351777640721
"Y",391,"N","Y391N",0.0736013779076825
"Y",391,"P","Y391P",-0.0226235070474874
"Y",391,"Q","Y391Q",-0.272630045431857
"Y",391,"R","Y391R",0.00105116097279147
"Y",391,"S","Y391S",0.131257616466862
"Y",391,"V","Y391V",0.0429601402865321
"Y",391,"W","Y391W",0.170506450454992
"K",392,"A","K392A",-0.0335264510706006
"K",392,"C","K392C",-0.0258567398418208
"K",392,"D","K392D",-0.0399925002218211
"K",392,"E","K392E",0.0398924710219184
"K",392,"F","K392F",-0.0812269477380605
"K",392,"G","K392G",-0.0247532903033516
"K",392,"H","K392H",0.000835551513959315
"K",392,"I","K392I",0.0238505129142492
"K",392,"L","K392L",0.0234839894258894
"K",392,"M","K392M",0.0214763079960285
"K",392,"N","K392N",0.0328510409525089
"K",392,"P","K392P",0.145283712079238
"K",392,"Q","K392Q",0.0168157127900593
"K",392,"R","K392R",-0.399034845827691
"K",392,"S","K392S",0.130357794419539
"K",392,"T","K392T",-0.0251387440914614
"K",392,"V","K392V",0.159875520682439
"K",392,"W","K392W",-0.000659534125641185
"K",392,"Y","K392Y",0.0354664394246189
"T",393,"A","T393A",-0.00401951811110807
"T",393,"C","T393C",0.372189905745013
"T",393,"D","T393D",-0.00981213451897905
"T",393,"E","T393E",-0.111903067957718
"T",393,"F","T393F",0.0687662822214216
"T",393,"G","T393G",0.180516571274462
"T",393,"H","T393H",0.0290520981666813
"T",393,"I","T393I",-0.0569402752669086
"T",393,"K","T393K",-0.476082575090188
"T",393,"L","T393L",0.0217370075883221
"T",393,"M","T393M",-0.0465917072251079
"T",393,"N","T393N",-0.0261890146984987
"T",393,"P","T393P",-0.0360259790520779
"T",393,"Q","T393Q",-0.00572295403874873
"T",393,"R","T393R",-0.121074050601478
"T",393,"S","T393S",0.182017826309672
"T",393,"V","T393V",0.0198815711506015
"T",393,"W","T393W",0.0757891620503212
"T",393,"Y","T393Y",-0.055589147945679
"T",394,"A","T394A",-0.10398331049348
"T",394,"C","T394C",-0.0950916757158291
"T",394,"D","T394D",-0.0170049364228699
"T",394,"E","T394E",-0.0281022486695193
"T",394,"F","T394F",-0.0825126870862292
"T",394,"G","T394G",-0.12974616013357
"T",394,"H","T394H",-0.0319059498926393
"T",394,"I","T394I",0.1444427131633
"T",394,"K","T394K",0.0909998309092314
"T",394,"L","T394L",0.21501659626077
"T",394,"M","T394M",0.0507801061561104
"T",394,"N","T394N",-0.0152626384329695
"T",394,"P","T394P",0.141939622289671
"T",394,"Q","T394Q",-0.0349493014771491
"T",394,"R","T394R",0.14622539879057
"T",394,"S","T394S",-0.145015494687709
"T",394,"V","T394V",-0.0578581349260397
"T",394,"W","T394W",0.12536835031141
"T",394,"Y","T394Y",-0.17334007994306
"P",395,"A","P395A",0.143994546658621
"P",395,"C","P395C",0.08346557962449
"P",395,"D","P395D",0.0849029339502402
"P",395,"E","P395E",-0.0200654076802601
"P",395,"F","P395F",-0.0898136056412
"P",395,"G","P395G",0.0606031146349303
"P",395,"H","P395H",-0.16253981064909
"P",395,"I","P395I",-0.0112148142077198
"P",395,"K","P395K",-0.23605441608396
"P",395,"L","P395L",0.0819871627415302
"P",395,"M","P395M",0.11412913794227
"P",395,"N","P395N",0.190426086054789
"P",395,"Q","P395Q",-0.08955552504424
"P",395,"R","P395R",-0.097510777977941
"P",395,"S","P395S",0.0867036306465296
"P",395,"T","P395T",0.189562438923151
"P",395,"V","P395V",-0.15603287163112
"P",395,"W","P395W",-0.15177866456531
"P",395,"Y","P395Y",-0.0212087376957105
"P",396,"A","P396A",-0.324917199777788
"P",396,"C","P396C",0.0474373534865919
"P",396,"D","P396D",-0.00448435081015799
"P",396,"E","P396E",-0.019517973149418
"P",396,"F","P396F",-0.0253270008404676
"P",396,"G","P396G",-0.108731142515728
"P",396,"H","P396H",0.151987230712922
"P",396,"I","P396I",0.251526084782982
"P",396,"K","P396K",0.0397451758460918
"P",396,"L","P396L",0.0568963083828119
"P",396,"M","P396M",-0.116493049567887
"P",396,"N","P396N",0.0623100259806629
"P",396,"Q","P396Q",0.184519915479462
"P",396,"R","P396R",-0.0287750840531378
"P",396,"S","P396S",-0.120565207425188
"P",396,"T","P396T",0.0297521098149622
"P",396,"V","P396V",-0.0769789811427582
"P",396,"W","P396W",-0.0693019997716875
"P",396,"Y","P396Y",0.0709177845677319
"V",397,"A","V397A",0.0735617546517763
"V",397,"C","V397C",0.0287442471537468
"V",397,"D","V397D",-0.118944129597724
"V",397,"E","V397E",0.0274434558232359
"V",397,"F","V397F",0.0244561241730467
"V",397,"G","V397G",-0.0197180559634332
"V",397,"H","V397H",-0.0119227226390235
"V",397,"I","V397I",-0.190543123800284
"V",397,"K","V397K",-0.0736745670653437
"V",397,"L","V397L",-0.0475109724027441
"V",397,"M","V397M",0.118373317654816
"V",397,"N","V397N",0.293163469367966
"V",397,"P","V397P",-0.213265685012724
"V",397,"Q","V397Q",0.106564112135206
"V",397,"R","V397R",-0.00192780852520439
"V",397,"S","V397S",-0.0947013996164739
"V",397,"T","V397T",0.124591742537836
"V",397,"W","V397W",-0.0212922447985032
"V",397,"Y","V397Y",-0.0033975140761742
"L",398,"A","L398A",-0.107111126110503
"L",398,"C","L398C",-0.319537778972603
"L",398,"D","L398D",-0.0915148142916932
"L",398,"E","L398E",-0.160368789660064
"L",398,"F","L398F",-0.109121855358363
"L",398,"G","L398G",0.0902182445746769
"L",398,"H","L398H",0.114387415691217
"L",398,"I","L398I",-0.0512351883681232
"L",398,"K","L398K",0.0680247730056072
"L",398,"M","L398M",0.149470126391897
"L",398,"N","L398N",-0.0596410731528031
"L",398,"P","L398P",-0.112172719869883
"L",398,"Q","L398Q",0.0123369759334871
"L",398,"R","L398R",0.102653410061437
"L",398,"S","L398S",-0.0442562291356038
"L",398,"T","L398T",0.087228814144037
"L",398,"V","L398V",-0.0106977669814132
"L",398,"W","L398W",0.414117413356817
"L",398,"Y","L398Y",0.027220168741877
"D",399,"A","D399A",0.0445005273241603
"D",399,"C","D399C",-0.0659727342090791
"D",399,"E","D399E",-0.0591488009956901
"D",399,"F","D399F",0.28158071983518
"D",399,"G","D399G",0.00451138074165035
"D",399,"H","D399H",0.0652397651857607
"D",399,"I","D399I",0.0476019477418103
"D",399,"K","D399K",-0.0164540249762689
"D",399,"L","D399L",-0.25629729984198
"D",399,"M","D399M",0.229710011610751
"D",399,"N","D399N",-0.0240285352312396
"D",399,"P","D399P",-0.0262752900251891
"D",399,"Q","D399Q",-0.080101019432049
"D",399,"R","D399R",-0.17997998159022
"D",399,"S","D399S",0.15536530667766
"D",399,"T","D399T",0.0823908498156497
"D",399,"V","D399V",0.101502148272
"D",399,"W","D399W",-0.08064959208462
"D",399,"Y","D399Y",-0.22349537881829
"S",400,"A","S400A",0.0203077808001958
"S",400,"C","S400C",0.0395528967056754
"S",400,"D","S400D",0.0347324141943551
"S",400,"E","S400E",-0.121403986478295
"S",400,"F","S400F",-0.00182887544897451
"S",400,"G","S400G",0.0387474888661455
"S",400,"H","S400H",-0.162858918772485
"S",400,"I","S400I",0.171848709073776
"S",400,"K","S400K",-0.0117583349575244
"S",400,"L","S400L",-0.040721176192685
"S",400,"M","S400M",0.267277678441915
"S",400,"N","S400N",0.170780426085706
"S",400,"P","S400P",-0.0187889912486751
"S",400,"Q","S400Q",-0.134319710074566
"S",400,"R","S400R",-0.076384199852524
"S",400,"T","S400T",0.0736898949878649
"S",400,"V","S400V",0.028502605409045
"S",400,"W","S400W",-0.235169390808805
"S",400,"Y","S400Y",-0.042206310730145
"D",401,"A","D401A",0.10087301436988
"D",401,"C","D401C",0.06544708557005
"D",401,"E","D401E",-0.173938667470859
"D",401,"F","D401F",0.0915993397923205
"D",401,"G","D401G",0.111270864435941
"D",401,"H","D401H",0.0385929715029208
"D",401,"I","D401I",0.0286159631237913
"D",401,"K","D401K",-0.0345453925150098
"D",401,"L","D401L",-0.0304822664641197
"D",401,"M","D401M",-0.00356940500191919
"D",401,"N","D401N",-0.0100623782285995
"D",401,"P","D401P",-0.0394906370712786
"D",401,"Q","D401Q",-0.0392424323512501
"D",401,"R","D401R",-0.114319937176749
"D",401,"S","D401S",-0.0305309612622992
"D",401,"T","D401T",0.00781714132023004
"D",401,"V","D401V",-0.00177911287530944
"D",401,"W","D401W",0.0380523632319707
"D",401,"Y","D401Y",-0.00430755292970933
"G",402,"A","G402A",0.00323892694227993
"G",402,"C","G402C",0.0860679612724905
"G",402,"D","G402D",-0.0522093725501094
"G",402,"E","G402E",-0.0931512901308391
"G",402,"F","G402F",0.0268870495369509
"G",402,"H","G402H",-0.175410721244979
"G",402,"I","G402I",-0.0981047069369998
"G",402,"K","G402K",0.188578135680101
"G",402,"L","G402L",-0.0802274014113093
"G",402,"M","G402M",-0.0766422820572998
"G",402,"N","G402N",0.0443702866284008
"G",402,"P","G402P",0.0511677228757304
"G",402,"Q","G402Q",0.258706342431241
"G",402,"R","G402R",0.0306332230434308
"G",402,"S","G402S",-0.0223802287956296
"G",402,"T","G402T",0.0860412806722105
"G",402,"V","G402V",-0.0416341403223699
"G",402,"W","G402W",-0.0854729597252994
"G",402,"Y","G402Y",-0.0504578259079995
"S",403,"A","S403A",-0.203362803390058
"S",403,"C","S403C",0.0751365244280322
"S",403,"D","S403D",0.253945024535592
"S",403,"E","S403E",0.0687836760449622
"S",403,"F","S403F",-0.0555621502823071
"S",403,"G","S403G",-0.0414913921501978
"S",403,"H","S403H",0.105664779385072
"S",403,"I","S403I",-0.00506883492546838
"S",403,"K","S403K",-0.0614809502952185
"S",403,"L","S403L",-0.00150297819092808
"S",403,"M","S403M",0.111619520915802
"S",403,"N","S403N",0.0578728965457912
"S",403,"P","S403P",0.0158888566001512
"S",403,"Q","S403Q",-0.0332832671235183
"S",403,"R","S403R",-0.019193680375047
"S",403,"T","S403T",-0.0522974301573273
"S",403,"V","S403V",-0.073441242252668
"S",403,"W","S403W",-0.0144929253236978
"S",403,"Y","S403Y",-0.127733623988968
"F",404,"A","F404A",0.191003132650705
"F",404,"C","F404C",-0.199374782811916
"F",404,"D","F404D",-0.174175838175235
"F",404,"E","F404E",-0.275245241238126
"F",404,"G","F404G",0.168970787457384
"F",404,"H","F404H",-0.0847375575125855
"F",404,"I","F404I",0.0869323724981539
"F",404,"K","F404K",0.0913392230655549
"F",404,"L","F404L",-0.189063407853026
"F",404,"M","F404M",-0.238562656060336
"F",404,"N","F404N",-0.114480295731445
"F",404,"P","F404P",0.435917695926314
"F",404,"Q","F404Q",-0.0231724197358561
"F",404,"R","F404R",0.0951851765624439
"F",404,"S","F404S",0.0624492454467949
"F",404,"T","F404T",0.165459981696124
"F",404,"V","F404V",0.00541718243606441
"F",404,"W","F404W",0.00224235323660381
"F",404,"Y","F404Y",-0.00610495185761599
"F",405,"A","F405A",0.0676113106719983
"F",405,"C","F405C",-0.157857169216842
"F",405,"D","F405D",-0.245538634310012
"F",405,"E","F405E",0.0526320896954986
"F",405,"G","F405G",0.178088420036159
"F",405,"H","F405H",-0.253667273752581
"F",405,"I","F405I",0.0482729790640577
"F",405,"K","F405K",0.185678388043868
"F",405,"L","F405L",-0.00651127782974158
"F",405,"M","F405M",0.179810750433609
"F",405,"N","F405N",0.123587358363718
"F",405,"P","F405P",0.293242999553248
"F",405,"Q","F405Q",-0.176690913267272
"F",405,"R","F405R",-0.263016778673202
"F",405,"S","F405S",-0.133414988900562
"F",405,"T","F405T",0.221074009605518
"F",405,"V","F405V",0.00829951674489802
"F",405,"W","F405W",-0.133529978682182
"F",405,"Y","F405Y",0.0119291924198186
"L",406,"A","L406A",-0.0380054838943953
"L",406,"C","L406C",0.0613251179988248
"L",406,"D","L406D",-0.0859725007778951
"L",406,"E","L406E",0.0284856417616352
"L",406,"F","L406F",0.0678970018479548
"L",406,"G","L406G",-0.0276430999120954
"L",406,"H","L406H",0.123301243966625
"L",406,"I","L406I",-0.0940400754027358
"L",406,"K","L406K",-0.129819671177835
"L",406,"M","L406M",-0.0432082635354552
"L",406,"N","L406N",-0.0608522286216054
"L",406,"P","L406P",0.0475394771963048
"L",406,"Q","L406Q",-0.128876355775036
"L",406,"R","L406R",-0.0227906267713754
"L",406,"S","L406S",0.132670638507194
"L",406,"T","L406T",0.0958898113608148
"L",406,"V","L406V",-0.0780894644367148
"L",406,"W","L406W",0.131205360415235
"L",406,"Y","L406Y",0.0209834772505552
"Y",407,"A","Y407A",0.0120795814014842
"Y",407,"C","Y407C",-0.140069190111264
"Y",407,"D","Y407D",0.0858852097159745
"Y",407,"E","Y407E",0.151106734120745
"Y",407,"F","Y407F",-0.042657260620155
"Y",407,"G","Y407G",-0.0227185065677755
"Y",407,"H","Y407H",-0.137536559429035
"Y",407,"I","Y407I",-0.0992445975025058
"Y",407,"K","Y407K",-0.177517234925385
"Y",407,"L","Y407L",-0.0786736596638456
"Y",407,"M","Y407M",-0.0957997668960751
"Y",407,"N","Y407N",0.336043641095885
"Y",407,"P","Y407P",0.188053373762645
"Y",407,"Q","Y407Q",0.049247696727245
"Y",407,"R","Y407R",-0.0149254075138954
"Y",407,"S","Y407S",-0.155860151062955
"Y",407,"T","Y407T",-0.150933720109655
"Y",407,"V","Y407V",0.00239520300465482
"Y",407,"W","Y407W",0.291124614573916
"S",408,"A","S408A",-0.0535964016877229
"S",408,"C","S408C",-0.109283642707922
"S",408,"D","S408D",0.293137491816297
"S",408,"E","S408E",-0.0233576901736329
"S",408,"F","S408F",0.0480306626769575
"S",408,"G","S408G",-0.140407644433413
"S",408,"H","S408H",0.171356616619538
"S",408,"I","S408I",-0.119483719069473
"S",408,"K","S408K",0.0494162567423978
"S",408,"L","S408L",-0.0206534187728026
"S",408,"N","S408N",0.062225081437317
"S",408,"P","S408P",-0.103470831295743
"S",408,"Q","S408Q",0.0851452200175673
"S",408,"R","S408R",0.125046421950346
"S",408,"T","S408T",-0.158015510531144
"S",408,"V","S408V",-0.0622645844462229
"S",408,"W","S408W",-0.0902486858296428
"S",408,"Y","S408Y",0.0464243776872974
"K",409,"A","K409A",-0.090099205787929
"K",409,"C","K409C",0.0785225823104112
"K",409,"D","K409D",0.0465914674557013
"K",409,"E","K409E",-0.0615151657643087
"K",409,"F","K409F",0.00690168084898105
"K",409,"G","K409G",0.00497870578760143
"K",409,"H","K409H",-0.020551672603269
"K",409,"I","K409I",-0.205411307160949
"K",409,"L","K409L",-0.111906974532909
"K",409,"M","K409M",0.103829963730501
"K",409,"N","K409N",0.166685034543611
"K",409,"P","K409P",0.0458088577689211
"K",409,"Q","K409Q",0.00649604911827087
"K",409,"R","K409R",-0.0253059667407684
"K",409,"S","K409S",0.00367941863245072
"K",409,"T","K409T",0.022739800866731
"K",409,"V","K409V",-0.162285221441529
"K",409,"W","K409W",0.0462239412752912
"K",409,"Y","K409Y",0.144618011693191
"L",410,"A","L410A",-0.0774686403587151
"L",410,"C","L410C",-0.0641790887833452
"L",410,"D","L410D",0.116629035612396
"L",410,"E","L410E",-0.0116737879329152
"L",410,"F","L410F",-0.00635574387701498
"L",410,"G","L410G",-0.00149657623226478
"L",410,"H","L410H",-0.0520341555075852
"L",410,"I","L410I",0.0624824261183649
"L",410,"K","L410K",0.133211680131885
"L",410,"M","L410M",-0.00875607248405498
"L",410,"N","L410N",0.0881611484345647
"L",410,"Q","L410Q",0.0113970495770942
"L",410,"R","L410R",-0.146415234964875
"L",410,"S","L410S",-0.0390920830410549
"L",410,"T","L410T",0.194955075726386
"L",410,"V","L410V",0.0536881531069852
"L",410,"W","L410W",-0.118203473135675
"L",410,"Y","L410Y",-0.134849712390175
"T",411,"A","T411A",-0.0681554563067762
"T",411,"C","T411C",-0.0619015127146961
"T",411,"D","T411D",0.266019454639954
"T",411,"E","T411E",-0.0734762170138258
"T",411,"F","T411F",0.0114586458979843
"T",411,"G","T411G",0.0562399438879143
"T",411,"H","T411H",-0.0079421442348958
"T",411,"I","T411I",0.0283885362008044
"T",411,"K","T411K",-0.122321821681936
"T",411,"L","T411L",0.0740516843516242
"T",411,"M","T411M",-0.061957032269265
"T",411,"N","T411N",0.0224214835991044
"T",411,"P","T411P",0.0422940326890738
"T",411,"Q","T411Q",-0.0339514699599154
"T",411,"R","T411R",-0.0072107530945161
"T",411,"S","T411S",-0.0352281822979758
"T",411,"V","T411V",-0.107866895568856
"T",411,"W","T411W",0.0296491487254543
"T",411,"Y","T411Y",0.0494885551507443
"V",412,"A","V412A",0.0432904176959533
"V",412,"C","V412C",-0.392291962343606
"V",412,"D","V412D",-0.0418102110610271
"V",412,"E","V412E",0.0282083885500121
"V",412,"F","V412F",0.00873386411276227
"V",412,"G","V412G",-0.102580607733087
"V",412,"H","V412H",0.348982733724323
"V",412,"I","V412I",0.00846426294899254
"V",412,"K","V412K",0.0527337025297526
"V",412,"L","V412L",-0.0338657130236076
"V",412,"M","V412M",0.0360250390927625
"V",412,"N","V412N",-0.0880698316929374
"V",412,"P","V412P",-0.0578965652378976
"V",412,"Q","V412Q",0.0388867877461526
"V",412,"R","V412R",-0.140181851049517
"V",412,"S","V412S",0.103774364217302
"V",412,"T","V412T",0.033944254585392
"V",412,"W","V412W",0.0852730015075932
"V",412,"Y","V412Y",0.0683799254306826
"D",413,"A","D413A",-0.0234922577487916
"D",413,"C","D413C",0.354314109088528
"D",413,"E","D413E",-0.120720417607952
"D",413,"F","D413F",-0.0167048263256711
"D",413,"G","D413G",-0.203577839239853
"D",413,"H","D413H",-0.0538998642708911
"D",413,"I","D413I",-0.0752405304459417
"D",413,"K","D413K",-0.0431980300369522
"D",413,"L","D413L",-0.124791709615811
"D",413,"M","D413M",-0.119649725876202
"D",413,"N","D413N",0.00255514062717814
"D",413,"P","D413P",-0.0731826859029819
"D",413,"Q","D413Q",0.056212106370619
"D",413,"R","D413R",0.0431277197694989
"D",413,"S","D413S",-0.115399560441652
"D",413,"T","D413T",0.167917872743348
"D",413,"V","D413V",0.282285068253348
"D",413,"W","D413W",0.0394822498313984
"D",413,"Y","D413Y",0.0239631808287785
"K",414,"A","K414A",-0.119965532867493
"K",414,"C","K414C",-0.0183064739740336
"K",414,"D","K414D",0.0606650337026272
"K",414,"E","K414E",-0.113092442278432
"K",414,"F","K414F",-0.027839074330393
"K",414,"G","K414G",0.229357617266397
"K",414,"H","K414H",0.118615630886627
"K",414,"I","K414I",0.0789864414361464
"K",414,"L","K414L",-0.181400491895062
"K",414,"M","K414M",0.069402001951287
"K",414,"N","K414N",0.236961283841406
"K",414,"P","K414P",-0.0644454280733238
"K",414,"Q","K414Q",-0.113492886389203
"K",414,"R","K414R",0.0684125878140961
"K",414,"S","K414S",-0.104149460528872
"K",414,"T","K414T",-0.0139323515901231
"K",414,"W","K414W",-0.0401682897726537
"K",414,"Y","K414Y",-0.0656081651989936
"S",415,"A","S415A",-0.0946501434565884
"S",415,"C","S415C",0.269498196446191
"S",415,"D","S415D",-0.161944370681879
"S",415,"E","S415E",0.105907069487591
"S",415,"F","S415F",-0.045343931694969
"S",415,"G","S415G",0.0296609762744008
"S",415,"H","S415H",0.0732528621267608
"S",415,"I","S415I",-0.0121960209729392
"S",415,"K","S415K",-0.271084449870589
"S",415,"L","S415L",0.00981544427675118
"S",415,"M","S415M",-0.00792409618347892
"S",415,"N","S415N",-0.0626885160173484
"S",415,"P","S415P",0.0337393341942614
"S",415,"Q","S415Q",-0.101932104411099
"S",415,"R","S415R",0.311313061392252
"S",415,"T","S415T",0.102943045683381
"S",415,"V","S415V",-0.0556362070138991
"S",415,"W","S415W",-0.0201801031551091
"S",415,"Y","S415Y",-0.102550046423689
"R",416,"A","R416A",0.133836234788866
"R",416,"C","R416C",0.0685803361536665
"R",416,"D","R416D",-0.0947983251331739
"R",416,"E","R416E",0.0717990916523269
"R",416,"F","R416F",0.059749606652156
"R",416,"G","R416G",0.0490808053762963
"R",416,"H","R416H",0.0260669849907557
"R",416,"I","R416I",-0.130215660437834
"R",416,"K","R416K",0.0619988042495158
"R",416,"L","R416L",0.0203379089433059
"R",416,"M","R416M",0.0405053970190065
"R",416,"N","R416N",-0.0526637747524035
"R",416,"P","R416P",-0.125642437162274
"R",416,"Q","R416Q",0.00114570035489688
"R",416,"S","R416S",-0.0828527594361939
"R",416,"T","R416T",-0.0305546068514034
"R",416,"V","R416V",0.00865111032177697
"R",416,"W","R416W",0.0618207231716061
"R",416,"Y","R416Y",-0.0868451399008939
"W",417,"A","W417A",0.00515003460220941
"W",417,"C","W417C",0.0668220813581895
"W",417,"D","W417D",-0.0816166319015092
"W",417,"E","W417E",-0.0101682059720797
"W",417,"F","W417F",-0.00933017515777049
"W",417,"G","W417G",0.13573357734796
"W",417,"H","W417H",-0.000345453206139695
"W",417,"I","W417I",-0.13333452677208
"W",417,"K","W417K",-0.10609886315885
"W",417,"L","W417L",-0.10150793066754
"W",417,"M","W417M",0.10451350029859
"W",417,"N","W417N",-0.00266626710372029
"W",417,"P","W417P",0.0160113714931097
"W",417,"Q","W417Q",0.0330513597287998
"W",417,"R","W417R",-0.101821650610089
"W",417,"S","W417S",0.0971617898868605
"W",417,"T","W417T",0.04859414580768
"W",417,"V","W417V",0.125106995579721
"W",417,"Y","W417Y",-0.0852551515533402
"Q",418,"A","Q418A",0.0434246021288031
"Q",418,"C","Q418C",0.0214085593518631
"Q",418,"D","Q418D",-0.0322449372405368
"Q",418,"E","Q418E",-0.138201300298087
"Q",418,"F","Q418F",0.130519796945613
"Q",418,"G","Q418G",0.0912342654159232
"Q",418,"H","Q418H",0.0456004129994229
"Q",418,"I","Q418I",-0.200459758015857
"Q",418,"K","Q418K",-0.000362089324367119
"Q",418,"L","Q418L",0.0270179008167228
"Q",418,"M","Q418M",-0.0866824381395071
"Q",418,"N","Q418N",0.0712683008238132
"Q",418,"P","Q418P",-0.182202470776707
"Q",418,"R","Q418R",0.179313940280543
"Q",418,"S","Q418S",-0.075134132094997
"Q",418,"T","Q418T",-0.0120056732962764
"Q",418,"V","Q418V",0.0982967821579532
"Q",418,"W","Q418W",0.0128406436746337
"Q",418,"Y","Q418Y",0.00636759459104348
"Q",419,"A","Q419A",-0.131423405201453
"Q",419,"C","Q419C",0.0911098411868673
"Q",419,"D","Q419D",-0.0909742778578634
"Q",419,"E","Q419E",0.0245307098837377
"Q",419,"F","Q419F",0.0168027673082471
"Q",419,"G","Q419G",-0.048867754665783
"Q",419,"H","Q419H",0.0427291446904376
"Q",419,"I","Q419I",-0.0730104843856626
"Q",419,"K","Q419K",0.0114123290976075
"Q",419,"L","Q419L",0.0353582477522269
"Q",419,"M","Q419M",0.0389388943381978
"Q",419,"N","Q419N",0.0877775395657171
"Q",419,"P","Q419P",0.078239682427587
"Q",419,"R","Q419R",0.0437117527855377
"Q",419,"S","Q419S",0.00761743859020812
"Q",419,"T","Q419T",-0.248559204981293
"Q",419,"V","Q419V",-0.0354575044619828
"Q",419,"W","Q419W",0.177648529619547
"Q",419,"Y","Q419Y",-0.0275842456918823
"G",420,"A","G420A",-0.0679350644536215
"G",420,"C","G420C",-0.0620307688240517
"G",420,"D","G420D",0.106375049394018
"G",420,"E","G420E",-0.00887541201652118
"G",420,"F","G420F",-0.0361079263935614
"G",420,"H","G420H",0.109547698102608
"G",420,"I","G420I",-0.0240672605307914
"G",420,"K","G420K",0.0912341162742479
"G",420,"L","G420L",0.0734260176241886
"G",420,"M","G420M",-0.0858454973217117
"G",420,"N","G420N",0.0991536070915878
"G",420,"P","G420P",-0.0747188768289617
"G",420,"Q","G420Q",0.00907633785815852
"G",420,"R","G420R",0.102155463850579
"G",420,"S","G420S",-0.252979524116431
"G",420,"T","G420T",-0.0712932447561913
"G",420,"V","G420V",0.025754455829098
"G",420,"W","G420W",0.0815619076650983
"G",420,"Y","G420Y",-0.0144310784477418
"N",421,"A","N421A",0.105786356699312
"N",421,"C","N421C",-0.0864806499224291
"N",421,"D","N421D",-0.0534721745293081
"N",421,"E","N421E",0.0785000122597914
"N",421,"F","N421F",0.0431467297440422
"N",421,"G","N421G",0.0548240579250825
"N",421,"H","N421H",-0.0825197168457681
"N",421,"I","N421I",-0.162619004307517
"N",421,"K","N421K",0.0275936798811625
"N",421,"L","N421L",-0.0387035021524085
"N",421,"M","N421M",0.149573752554812
"N",421,"P","N421P",0.0223870284300221
"N",421,"Q","N421Q",-0.0560292651759581
"N",421,"R","N421R",-0.116273705048837
"N",421,"S","N421S",0.183300789602263
"N",421,"T","N421T",-0.013986415381038
"N",421,"V","N421V",-0.0586351088535071
"N",421,"W","N421W",-0.0842510604322481
"N",421,"Y","N421Y",0.0878581955525322
"V",422,"A","V422A",0.121161929334829
"V",422,"C","V422C",-0.0636610851571016
"V",422,"D","V422D",0.0617336251156386
"V",422,"E","V422E",-0.134976259930712
"V",422,"F","V422F",-0.115547433982112
"V",422,"G","V422G",0.0571250527537481
"V",422,"H","V422H",0.0432742953681683
"V",422,"I","V422I",-0.0313287824058213
"V",422,"K","V422K",-0.0626795663933609
"V",422,"L","V422L",0.254091942188947
"V",422,"M","V422M",-0.0227878648724112
"V",422,"N","V422N",-0.0756939960964615
"V",422,"P","V422P",-0.0686071525579116
"V",422,"Q","V422Q",-0.0179464461320019
"V",422,"R","V422R",0.160061569935298
"V",422,"S","V422S",-0.196341593168132
"V",422,"T","V422T",0.00588096856125806
"V",422,"W","V422W",0.0279348544248083
"V",422,"Y","V422Y",0.0583059430133285
"F",423,"A","F423A",0.0122172193226201
"F",423,"C","F423C",-0.0306234371151996
"F",423,"D","F423D",0.0468887569521498
"F",423,"E","F423E",-0.0628540301776203
"F",423,"G","F423G",-0.05183281702017
"F",423,"H","F423H",0.0340029340691802
"F",423,"I","F423I",-0.13133076171099
"F",423,"K","F423K",-0.0452196387405303
"F",423,"L","F423L",-0.0448124844011303
"F",423,"M","F423M",-0.0146681283170703
"F",423,"N","F423N",0.0347575243874595
"F",423,"P","F423P",-0.0598240258675899
"F",423,"Q","F423Q",0.0434962761136005
"F",423,"R","F423R",0.15546436408948
"F",423,"S","F423S",-0.02098853265999
"F",423,"T","F423T",0.15654333721727
"F",423,"V","F423V",0.0515656340186695
"F",423,"W","F423W",0.0150483396086204
"F",423,"Y","F423Y",-0.08783052976876
"S",424,"A","S424A",-0.0880325807992788
"S",424,"C","S424C",0.0375354026550012
"S",424,"D","S424D",-0.0643784539876487
"S",424,"E","S424E",-0.0640916169081283
"S",424,"F","S424F",0.0679433074049111
"S",424,"G","S424G",0.134084955254771
"S",424,"H","S424H",0.0569462611774212
"S",424,"I","S424I",0.00668890826026059
"S",424,"K","S424K",-0.211846048713369
"S",424,"L","S424L",-0.0367016367469491
"S",424,"M","S424M",-0.0362838118269584
"S",424,"N","S424N",-0.0606661904123287
"S",424,"P","S424P",0.00506774468325069
"S",424,"Q","S424Q",0.0299283410341309
"S",424,"R","S424R",-0.0235295225600696
"S",424,"T","S424T",-0.0326916813234595
"S",424,"V","S424V",0.0139497411605111
"S",424,"W","S424W",-0.0197838804812285
"S",424,"Y","S424Y",0.285860762129161
"C",425,"A","C425A",0.0274483828009834
"C",425,"D","C425D",-0.156274728039895
"C",425,"E","C425E",0.187455311050014
"C",425,"F","C425F",-0.136130963589656
"C",425,"G","C425G",0.0571617446639436
"C",425,"H","C425H",-0.0895672618472068
"C",425,"I","C425I",-0.0543612037112063
"C",425,"K","C425K",0.0625997729411142
"C",425,"L","C425L",-0.063401711576816
"C",425,"M","C425M",0.0264053650160338
"C",425,"N","C425N",-0.0129583831388463
"C",425,"P","C425P",-0.045894827673517
"C",425,"Q","C425Q",0.112645807911294
"C",425,"R","C425R",0.297552433134904
"C",425,"S","C425S",0.0801772729689936
"C",425,"T","C425T",-0.0612009637843461
"C",425,"V","C425V",-0.215984953617886
"C",425,"W","C425W",0.0494194401440432
"C",425,"Y","C425Y",-0.0650905336519464
"S",426,"A","S426A",-0.098445589626972
"S",426,"C","S426C",0.148587148873218
"S",426,"D","S426D",-0.0522657359181311
"S",426,"E","S426E",0.244824037057018
"S",426,"F","S426F",0.178583395276948
"S",426,"G","S426G",-0.122787761292561
"S",426,"H","S426H",0.0514430378355879
"S",426,"I","S426I",-0.335101138327582
"S",426,"K","S426K",-0.0145613901535917
"S",426,"L","S426L",-0.0305238763334419
"S",426,"M","S426M",-0.0452932384091316
"S",426,"N","S426N",-0.021033762348031
"S",426,"P","S426P",0.0956722684394784
"S",426,"Q","S426Q",0.051949074712959
"S",426,"R","S426R",-0.0450938793776015
"S",426,"T","S426T",0.0268142610994691
"S",426,"V","S426V",-0.130195058110422
"S",426,"W","S426W",0.0417730337180986
"S",426,"Y","S426Y",0.0556551728846877
"V",427,"A","V427A",0.081998321371491
"V",427,"C","V427C",0.0621156325985104
"V",427,"D","V427D",-0.022184882772819
"V",427,"E","V427E",0.20406778996034
"V",427,"F","V427F",0.0098123658747817
"V",427,"G","V427G",0.0056901065698818
"V",427,"H","V427H",-0.203834721030399
"V",427,"I","V427I",-0.145299036794469
"V",427,"K","V427K",0.104403522570251
"V",427,"L","V427L",0.206364019348511
"V",427,"M","V427M",0.123718342187891
"V",427,"N","V427N",-0.0973682087706087
"V",427,"P","V427P",-0.059307004887319
"V",427,"Q","V427Q",-0.157802815096319
"V",427,"R","V427R",0.092395996278071
"V",427,"S","V427S",-0.160260085565319
"V",427,"T","V427T",0.0340424005375817
"V",427,"W","V427W",-0.208524124264509
"V",427,"Y","V427Y",0.129972381884451
"M",428,"A","M428A",0.0750277537715651
"M",428,"C","M428C",0.0675192921840355
"M",428,"D","M428D",-0.109097684267495
"M",428,"E","M428E",-0.196450980015335
"M",428,"F","M428F",0.064792110642196
"M",428,"G","M428G",0.0127917538236954
"M",428,"H","M428H",0.0165692627985847
"M",428,"I","M428I",0.0629294496628847
"M",428,"K","M428K",-0.0344414303766843
"M",428,"L","M428L",-0.0898509958569247
"M",428,"N","M428N",-0.0190846392105049
"M",428,"P","M428P",0.0179753282075352
"M",428,"Q","M428Q",-0.201636263947555
"M",428,"R","M428R",0.013145797645055
"M",428,"S","M428S",0.124981710747895
"M",428,"T","M428T",0.0241061653344752
"M",428,"V","M428V",0.0482037040758256
"M",428,"W","M428W",0.0830747360273753
"M",428,"Y","M428Y",0.0394449287533755
"H",429,"A","H429A",-0.0755936353200768
"H",429,"C","H429C",0.00652138085864315
"H",429,"D","H429D",-0.0223421820121568
"H",429,"E","H429E",0.0178428502747632
"H",429,"F","H429F",-0.0345354185144869
"H",429,"G","H429G",0.0471211910516732
"H",429,"I","H429I",0.464352584385253
"H",429,"K","H429K",0.145211658463883
"H",429,"L","H429L",-0.166990648401867
"H",429,"M","H429M",-0.0741279936308268
"H",429,"N","H429N",-0.0309918977356468
"H",429,"P","H429P",0.0449359094006231
"H",429,"Q","H429Q",-0.267069245500387
"H",429,"R","H429R",0.0189480980596732
"H",429,"S","H429S",0.130647124454243
"H",429,"T","H429T",0.0488245759267621
"H",429,"V","H429V",-0.0173833939757458
"H",429,"W","H429W",-0.0962588297512069
"H",429,"Y","H429Y",-0.139112128033117
"E",430,"A","E430A",-0.0285081529508856
"E",430,"C","E430C",-0.0474535460319862
"E",430,"D","E430D",-0.0795219093576657
"E",430,"F","E430F",0.143518952776874
"E",430,"G","E430G",-0.183865192879256
"E",430,"H","E430H",-0.0420415073314556
"E",430,"I","E430I",0.0883168510388741
"E",430,"K","E430K",0.154315329560084
"E",430,"L","E430L",-0.0911612047327454
"E",430,"M","E430M",-0.0239181829381753
"E",430,"N","E430N",-0.00544840859876528
"E",430,"P","E430P",-0.126454468577556
"E",430,"Q","E430Q",0.0452248164176142
"E",430,"R","E430R",0.0707119441263141
"E",430,"S","E430S",-0.170583061112066
"E",430,"T","E430T",0.0283448065486743
"E",430,"V","E430V",0.201869253548173
"E",430,"W","E430W",0.0239644007027341
"E",430,"Y","E430Y",0.042689279791214
"L",432,"A","L432A",-0.0530764604986096
"L",432,"C","L432C",0.09283495396594
"L",432,"D","L432D",0.15913370367454
"L",432,"E","L432E",-0.103628908804539
"L",432,"F","L432F",-0.0753618260501907
"L",432,"G","L432G",-0.10105737306204
"L",432,"H","L432H",-0.0340954961265803
"L",432,"I","L432I",-0.0614504511938401
"L",432,"K","L432K",0.11388810764786
"L",432,"M","L432M",0.0159013402385695
"L",432,"N","L432N",0.0430629835282899
"L",432,"P","L432P",0.0209117104821203
"L",432,"Q","L432Q",0.0769269928338999
"L",432,"R","L432R",0.0975970950625199
"L",432,"S","L432S",0.0117061574279999
"L",432,"T","L432T",-0.111274735008909
"L",432,"V","L432V",-0.0850743955767504
"L",432,"W","L432W",-0.0357655893214
"L",432,"Y","L432Y",0.0288221907811199
"H",433,"A","H433A",0.172902504234549
"H",433,"C","H433C",-0.0397641419243001
"H",433,"D","H433D",-0.0370332345785703
"H",433,"E","H433E",-0.00583846940694098
"H",433,"F","H433F",0.148810249629969
"H",433,"G","H433G",-0.0292158202211408
"H",433,"I","H433I",-0.000567469365800967
"H",433,"K","H433K",-0.120239616995531
"H",433,"L","H433L",-0.0929540589273999
"H",433,"M","H433M",0.0369289749282193
"H",433,"N","H433N",-0.0457980953261308
"H",433,"P","H433P",0.0857502988401994
"H",433,"Q","H433Q",-0.0613978992550107
"H",433,"R","H433R",-0.0425530055706507
"H",433,"S","H433S",-0.0311806801410406
"H",433,"T","H433T",-0.0658784831434709
"H",433,"V","H433V",-0.00300459264433016
"H",433,"W","H433W",-0.0769067337567402
"H",433,"Y","H433Y",0.20794027362412
"N",434,"A","N434A",-0.105598951249883
"N",434,"C","N434C",-0.0978863733681724
"N",434,"D","N434D",0.0597841578974669
"N",434,"E","N434E",0.0262595874926669
"N",434,"F","N434F",-0.123447613978172
"N",434,"G","N434G",-0.0736331272145932
"N",434,"H","N434H",0.00595984061578689
"N",434,"I","N434I",0.0500753215441569
"N",434,"K","N434K",-0.00826239286130331
"N",434,"L","N434L",0.217400560090547
"N",434,"P","N434P",0.0470737068961269
"N",434,"Q","N434Q",0.119505489045687
"N",434,"R","N434R",-0.0883340083276525
"N",434,"S","N434S",-0.128066634250383
"N",434,"T","N434T",0.0497282086489479
"N",434,"W","N434W",0.104344138724307
"N",434,"Y","N434Y",-0.0549019097055328
"H",435,"A","H435A",0.130511659767898
"H",435,"C","H435C",0.0105134090742383
"H",435,"D","H435D",0.106798337659128
"H",435,"E","H435E",0.0209365336763883
"H",435,"F","H435F",-0.134896637108851
"H",435,"G","H435G",0.128388046152018
"H",435,"I","H435I",0.0867721175052883
"H",435,"K","H435K",-0.0477991875232512
"H",435,"L","H435L",-0.0684300629308711
"H",435,"M","H435M",-0.0963712471058915
"H",435,"N","H435N",0.139080344205608
"H",435,"P","H435P",0.0920020594906983
"H",435,"Q","H435Q",-0.147616454271542
"H",435,"R","H435R",-0.357760137309982
"H",435,"S","H435S",0.112437171661538
"H",435,"T","H435T",0.0414540136273183
"H",435,"V","H435V",0.0164718036195083
"H",435,"W","H435W",-0.0811258637450513
"H",435,"Y","H435Y",0.0486340935558083
"Y",436,"A","Y436A",0.0368806917899687
"Y",436,"C","Y436C",0.0747570439133194
"Y",436,"D","Y436D",0.0289804104341285
"Y",436,"E","Y436E",0.00323150897181906
"Y",436,"F","Y436F",-0.112398637806372
"Y",436,"G","Y436G",-0.0763756305408607
"Y",436,"H","Y436H",-0.0594908407723114
"Y",436,"I","Y436I",0.00951839250239955
"Y",436,"K","Y436K",0.0252453646847084
"Y",436,"L","Y436L",-0.308636720952081
"Y",436,"M","Y436M",0.103315247567869
"Y",436,"N","Y436N",0.0634658998329993
"Y",436,"P","Y436P",0.0569317032247991
"Y",436,"Q","Y436Q",0.0165510963545892
"Y",436,"R","Y436R",0.133745793397869
"Y",436,"S","Y436S",-0.096603642118861
"Y",436,"T","Y436T",0.0406306934289289
"Y",436,"V","Y436V",-0.0058588486325311
"Y",436,"W","Y436W",0.0661104747196194
"T",437,"A","T437A",0.0659632771274534
"T",437,"C","T437C",0.0300406616211841
"T",437,"D","T437D",-0.00340728145701612
"T",437,"E","T437E",0.133817671618783
"T",437,"F","T437F",0.00182988035095368
"T",437,"G","T437G",-0.068683188177646
"T",437,"H","T437H",-0.00120136488550672
"T",437,"I","T437I",-0.0851122397850661
"T",437,"K","T437K",-0.0711706090532163
"T",437,"L","T437L",-0.0210594363196864
"T",437,"M","T437M",-0.0171596790429263
"T",437,"N","T437N",-0.088224374310336
"T",437,"P","T437P",0.0430127780758935
"T",437,"Q","T437Q",-0.0852720966040961
"T",437,"R","T437R",0.0258811224864636
"T",437,"S","T437S",0.0362764624953335
"T",437,"V","T437V",-0.147987675204507
"T",437,"W","T437W",0.0835865476232034
"T",437,"Y","T437Y",0.168869543440734
"Q",438,"A","Q438A",0.0266962980903735
"Q",438,"C","Q438C",-0.210556522745317
"Q",438,"D","Q438D",0.0728685228115329
"Q",438,"E","Q438E",0.0541569527267129
"Q",438,"F","Q438F",0.134721127994163
"Q",438,"G","Q438G",0.0065784175818231
"Q",438,"H","Q438H",0.101160564517283
"Q",438,"I","Q438I",0.0972180446151531
"Q",438,"K","Q438K",-0.0173280681725374
"Q",438,"L","Q438L",-0.0649924556935173
"Q",438,"M","Q438M",-0.118067442261956
"Q",438,"N","Q438N",-0.248417151612757
"Q",438,"P","Q438P",-0.0935941223565871
"Q",438,"R","Q438R",-0.0348089631666571
"Q",438,"S","Q438S",0.0753560675376134
"Q",438,"T","Q438T",-0.117664683783967
"Q",438,"V","Q438V",0.0399957941190929
"Q",438,"W","Q438W",0.133672800563614
"Q",438,"Y","Q438Y",0.163004819235934
"K",439,"A","K439A",0.0116167792957865
"K",439,"C","K439C",-0.0416966303792329
"K",439,"D","K439D",0.0748848451270974
"K",439,"E","K439E",-0.198713551710633
"K",439,"F","K439F",0.0834661951890568
"K",439,"G","K439G",0.00392730543449672
"K",439,"H","K439H",0.0269550788541067
"K",439,"I","K439I",0.0737445601209265
"K",439,"L","K439L",-0.0991082280131132
"K",439,"M","K439M",-0.0746015730150435
"K",439,"N","K439N",0.138636311626017
"K",439,"P","K439P",0.139980756383147
"K",439,"Q","K439Q",0.0650999009046667
"K",439,"R","K439R",-0.177774310315993
"K",439,"S","K439S",0.0554808035320272
"K",439,"T","K439T",0.0312647500258375
"K",439,"V","K439V",-0.157873263806713
"K",439,"W","K439W",0.00077567482260699
"K",439,"Y","K439Y",0.043934595924956
"S",440,"A","S440A",-0.0680815660836979
"S",440,"C","S440C",0.050462042644242
"S",440,"D","S440D",0.051467370073262
"S",440,"E","S440E",-0.0373349698155682
"S",440,"F","S440F",-0.138180337161468
"S",440,"G","S440G",-0.0821831140496276
"S",440,"H","S440H",0.263285121532963
"S",440,"I","S440I",-0.130299584263788
"S",440,"K","S440K",0.117579608106482
"S",440,"L","S440L",-0.238963185403448
"S",440,"M","S440M",-0.0145293821521978
"S",440,"N","S440N",0.282743663807932
"S",440,"P","S440P",0.0214282981237318
"S",440,"Q","S440Q",-0.00862435634557757
"S",440,"R","S440R",0.0265998119336222
"S",440,"T","S440T",0.0772212268081112
"S",440,"V","S440V",-0.121974881277248
"S",440,"W","S440W",0.0188282877242024
"S",440,"Y","S440Y",-0.0694440542019276
"L",441,"A","L441A",-0.109691938938038
"L",441,"C","L441C",-0.041854820784468
"L",441,"D","L441D",-0.308485992889818
"L",441,"E","L441E",0.0195580381854821
"L",441,"F","L441F",-0.117305655344548
"L",441,"G","L441G",0.124134870105882
"L",441,"H","L441H",-0.107713915487358
"L",441,"I","L441I",0.0517676674448626
"L",441,"K","L441K",0.247418321697892
"L",441,"M","L441M",0.00407244451753178
"L",441,"N","L441N",0.147585840213062
"L",441,"P","L441P",-0.0769925859230771
"L",441,"Q","L441Q",-0.103348647164598
"L",441,"R","L441R",0.248150414299162
"L",441,"S","L441S",-0.078074673234678
"L",441,"T","L441T",-0.0415515845561576
"L",441,"V","L441V",0.115128488233432
"L",441,"W","L441W",0.149925241201032
"L",441,"Y","L441Y",-0.122721511575598
"S",442,"A","S442A",0.0426370138582774
"S",442,"C","S442C",-0.312311282934833
"S",442,"D","S442D",0.000363949188068001
"S",442,"E","S442E",0.0168482267365768
"S",442,"F","S442F",-0.0352493661218725
"S",442,"G","S442G",-0.0625152568985222
"S",442,"H","S442H",0.030087951998807
"S",442,"I","S442I",-0.0114167616426729
"S",442,"K","S442K",0.0099430151649475
"S",442,"L","S442L",-0.0557294478900621
"S",442,"M","S442M",-0.0979479900244727
"S",442,"N","S442N",-0.0524705613151333
"S",442,"P","S442P",0.105655708553977
"S",442,"Q","S442Q",0.142742990784327
"S",442,"R","S442R",0.0870180240763576
"S",442,"T","S442T",-0.0277732973471723
"S",442,"V","S442V",0.0986837948980376
"S",442,"W","S442W",0.0235665630940575
"S",442,"Y","S442Y",0.097866725821307
"L",443,"A","L443A",-0.0926541215145768
"L",443,"C","L443C",0.0363990335888237
"L",443,"D","L443D",-0.116329393505157
"L",443,"E","L443E",-0.156115922712447
"L",443,"F","L443F",-0.0689915346168365
"L",443,"G","L443G",-0.242011284806957
"L",443,"H","L443H",0.182893465502253
"L",443,"I","L443I",-0.0757050657998962
"L",443,"K","L443K",0.211192692512043
"L",443,"M","L443M",0.0628773623986732
"L",443,"N","L443N",0.0214381526840431
"L",443,"P","L443P",0.0731319843928429
"L",443,"Q","L443Q",0.0158443932288829
"L",443,"R","L443R",0.0419890627773035
"L",443,"S","L443S",0.178650682075942
"L",443,"T","L443T",-0.0791768789739872
"L",443,"V","L443V",0.0660418484295429
"L",443,"W","L443W",-0.0948989083247968
"L",443,"Y","L443Y",0.0354244326643026
"S",444,"A","S444A",-0.0596104645274837
"S",444,"C","S444C",-0.0503508746236236
"S",444,"D","S444D",-0.00125740270957429
"S",444,"E","S444E",0.171809622131746
"S",444,"F","S444F",-0.0245219477717637
"S",444,"G","S444G",-0.0944284874194137
"S",444,"H","S444H",0.0456489221482062
"S",444,"I","S444I",-0.0477370759257733
"S",444,"K","S444K",0.00270643242010631
"S",444,"L","S444L",0.0651709300428363
"S",444,"M","S444M",0.0268334105543261
"S",444,"N","S444N",0.0521067674110563
"S",444,"P","S444P",-0.0847390498127537
"S",444,"Q","S444Q",-0.0898434515505137
"S",444,"R","S444R",0.00544372962333611
"S",444,"T","S444T",-0.106841658047013
"S",444,"V","S444V",-0.00325145082337419
"S",444,"W","S444W",0.0507583026413366
"S",444,"Y","S444Y",0.142103746238336
"P",445,"A","P445A",0.143877004705525
"P",445,"C","P445C",0.266154821874076
"P",445,"D","P445D",-0.0865275629389946
"P",445,"E","P445E",-0.036007933713915
"P",445,"F","P445F",-0.102849598378405
"P",445,"G","P445G",-0.032574009570155
"P",445,"H","P445H",0.0197455576705054
"P",445,"I","P445I",-0.0156600926698254
"P",445,"K","P445K",0.171865734850735
"P",445,"L","P445L",-0.142591911761874
"P",445,"M","P445M",0.127388572923555
"P",445,"N","P445N",-0.0347220832859752
"P",445,"Q","P445Q",0.102595364075466
"P",445,"R","P445R",-0.0435869731818255
"P",445,"S","P445S",-0.0579482539619154
"P",445,"V","P445V",-0.0609471079215951
"P",445,"W","P445W",-0.105069580331095
"P",445,"Y","P445Y",-0.113141948384286
"G",446,"A","G446A",-0.104110639633744
"G",446,"C","G446C",0.0505460595910658
"G",446,"D","G446D",0.170061063616856
"G",446,"E","G446E",0.180274275417746
"G",446,"F","G446F",-0.0331029593894948
"G",446,"H","G446H",-0.0404878515211949
"G",446,"I","G446I",0.0816611384112267
"G",446,"K","G446K",-0.0160735558734245
"G",446,"L","G446L",-0.00566432850949398
"G",446,"M","G446M",-0.0270402324366342
"G",446,"N","G446N",-0.0963478405148835
"G",446,"P","G446P",0.224335671490506
"G",446,"Q","G446Q",-0.0784552219086046
"G",446,"R","G446R",-0.0150557437472945
"G",446,"S","G446S",-0.185822512587554
"G",446,"T","G446T",0.0264321937151563
"G",446,"V","G446V",0.108496253520936
"G",446,"W","G446W",-0.195607629968964
"G",446,"Y","G446Y",-0.0440381396722043
"K",447,"A","K447A",-0.021063779079028
"K",447,"C","K447C",-0.00923070010230839
"K",447,"D","K447D",0.318387740649871
"K",447,"E","K447E",0.00993011560722121
"K",447,"F","K447F",-0.241535292754799
"K",447,"G","K447G",0.00509481958550121
"K",447,"H","K447H",0.054638970402152
"K",447,"I","K447I",0.0338972705311214
"K",447,"L","K447L",-0.118013511978179
"K",447,"M","K447M",-0.0180559590363886
"K",447,"N","K447N",0.0765775910813414
"K",447,"P","K447P",-0.0773896155926176
"K",447,"Q","K447Q",-0.0275580600879685
"K",447,"R","K447R",0.021546493768512
"K",447,"S","K447S",0.0276274789722917
"K",447,"T","K447T",-0.0746131048591686
"K",447,"V","K447V",0.0276818818730716
"K",447,"W","K447W",0.0687234825383614
"K",447,"Y","K447Y",-0.0566458215189886
