"wildtype","site","mutation","name","scaledscore"
"E",216,"A","E216A",-0.0862236140058359
"E",216,"C","E216C",0.00778568808322427
"E",216,"D","E216D",-0.0225634606957952
"E",216,"F","E216F",-0.0527477872873154
"E",216,"G","E216G",-0.0594737547721253
"E",216,"H","E216H",0.020209536160495
"E",216,"I","E216I",-0.0365445232095452
"E",216,"K","E216K",0.00205400273656497
"E",216,"L","E216L",0.137328102811925
"E",216,"M","E216M",-0.0702433275162058
"E",216,"N","E216N",0.0609336647021346
"E",216,"P","E216P",0.162440193434795
"E",216,"Q","E216Q",-0.0164830604235648
"E",216,"R","E216R",-0.0638687725378748
"E",216,"S","E216S",0.141439142983385
"E",216,"T","E216T",0.0460902396650456
"E",216,"V","E216V",-0.0376926575077557
"E",216,"W","E216W",-0.174278229865125
"E",216,"Y","E216Y",0.0418386172435747
"P",217,"A","P217A",-0.00696133977119387
"P",217,"C","P217C",0.0807260116211754
"P",217,"D","P217D",-0.0452113270961041
"P",217,"E","P217E",-0.120416327186264
"P",217,"F","P217F",0.0179275094212459
"P",217,"G","P217G",0.000763610528846227
"P",217,"H","P217H",0.0838035498223561
"P",217,"I","P217I",-0.0286316011109147
"P",217,"K","P217K",0.0545992335771759
"P",217,"L","P217L",-0.0524652037187643
"P",217,"M","P217M",0.0846995862213857
"P",217,"N","P217N",-0.0295674905472741
"P",217,"Q","P217Q",0.0086185547465556
"P",217,"R","P217R",0.157735370502256
"P",217,"S","P217S",0.119732780156106
"P",217,"T","P217T",-0.0264502228266341
"P",217,"V","P217V",0.0076391217920655
"P",217,"W","P217W",-0.122821562079154
"P",217,"Y","P217Y",-0.183720254052864
"K",218,"A","K218A",-0.157365891873691
"K",218,"C","K218C",0.0881793032026292
"K",218,"D","K218D",-0.0216884373602506
"K",218,"E","K218E",0.02308072193916
"K",218,"F","K218F",-0.0810835116657505
"K",218,"G","K218G",0.0314606273030502
"K",218,"H","K218H",-0.000171040065150362
"K",218,"I","K218I",0.0144340232376796
"K",218,"L","K218L",-0.0489135551147008
"K",218,"M","K218M",-0.00683958000051026
"K",218,"N","K218N",-0.0138747216131103
"K",218,"P","K218P",0.0930385737252288
"K",218,"Q","K218Q",-0.0626275203703315
"K",218,"R","K218R",0.0951616898295693
"K",218,"S","K218S",0.0332186874994196
"K",218,"T","K218T",-0.0321882274325198
"K",218,"V","K218V",-0.0394884371194808
"K",218,"W","K218W",-0.0744855343003115
"K",218,"Y","K218Y",0.160152830179071
"S",219,"A","S219A",0.0287639643707081
"S",219,"C","S219C",-0.0663443208473515
"S",219,"D","S219D",-0.0816497818847514
"S",219,"E","S219E",-0.0602401073165214
"S",219,"F","S219F",-0.0222406313441319
"S",219,"G","S219G",-0.0386998106517017
"S",219,"H","S219H",0.0547565536033784
"S",219,"I","S219I",-0.0519190958123713
"S",219,"K","S219K",-0.0567233124186811
"S",219,"L","S219L",0.0781151141754782
"S",219,"M","S219M",-0.0640889066768821
"S",219,"N","S219N",-0.024293686707731
"S",219,"P","S219P",0.0503895858075481
"S",219,"Q","S219Q",-0.0311164830359615
"S",219,"R","S219R",0.0495071557277978
"S",219,"T","S219T",0.0395865302687282
"S",219,"V","S219V",0.242277490599408
"S",219,"W","S219W",-0.0460802578569616
"C",220,"A","C220A",-0.124364805713275
"C",220,"D","C220D",0.00688209249078375
"C",220,"E","C220E",-0.0535025974480166
"C",220,"F","C220F",-0.0810933793959461
"C",220,"G","C220G",0.0477407789287533
"C",220,"H","C220H",-0.00707895533305636
"C",220,"I","C220I",0.136683738193455
"C",220,"K","C220K",0.0370490304908635
"C",220,"L","C220L",0.0853282011239542
"C",220,"M","C220M",0.144254079363924
"C",220,"N","C220N",-0.167554715374986
"C",220,"P","C220P",-0.0664554785289664
"C",220,"Q","C220Q",0.0120183671418939
"C",220,"R","C220R",-0.137328001750286
"C",220,"S","C220S",0.0304730428275632
"C",220,"T","C220T",-0.105283397765296
"C",220,"V","C220V",0.159441218521604
"C",220,"W","C220W",-0.00181824543957656
"C",220,"Y","C220Y",0.0846090276666131
"D",221,"A","D221A",0.0845810111828243
"D",221,"C","D221C",0.0457717883477749
"D",221,"E","D221E",-0.0286602102969357
"D",221,"F","D221F",0.0730778087601741
"D",221,"G","D221G",-0.0417565800303662
"D",221,"H","D221H",-0.132129227920726
"D",221,"I","D221I",-0.176872396408446
"D",221,"K","D221K",-0.0330787135719558
"D",221,"L","D221L",-0.040199358927845
"D",221,"M","D221M",-0.0718433587532957
"D",221,"N","D221N",-0.0229165908592054
"D",221,"P","D221P",0.066021109182434
"D",221,"Q","D221Q",0.237484128698823
"D",221,"R","D221R",-0.026852514298846
"D",221,"S","D221S",0.0623898631292442
"D",221,"T","D221T",0.0420921050844437
"D",221,"V","D221V",-0.000759843873845832
"D",221,"W","D221W",0.0137123359667247
"D",221,"Y","D221Y",-0.0500613554109756
"K",222,"A","K222A",0.0122863891401694
"K",222,"C","K222C",-0.121732273836981
"K",222,"D","K222D",0.0620419222708993
"K",222,"E","K222E",-0.0866710089225106
"K",222,"F","K222F",-0.0577152126962501
"K",222,"G","K222G",0.213930444643359
"K",222,"H","K222H",-0.0282724799829808
"K",222,"I","K222I",-0.0289252204150207
"K",222,"L","K222L",0.0597849923741192
"K",222,"M","K222M",0.0174373458086697
"K",222,"N","K222N",-0.04739575048837
"K",222,"P","K222P",-0.0581909177679113
"K",222,"Q","K222Q",0.0275501252862699
"K",222,"R","K222R",0.140380395409839
"K",222,"S","K222S",0.0229482898524001
"K",222,"T","K222T",0.0337564948861598
"K",222,"V","K222V",-0.129355037348081
"K",222,"W","K222W",0.0208349329235398
"K",222,"Y","K222Y",-0.0526934311373211
"T",223,"A","T223A",0.142856897737244
"T",223,"C","T223C",-0.0625860789965554
"T",223,"D","T223D",-0.0832471751346258
"T",223,"E","T223E",-0.156329837151776
"T",223,"F","T223F",-0.0319357495928656
"T",223,"G","T223G",0.0581421849382437
"T",223,"H","T223H",0.00664451696424464
"T",223,"I","T223I",-0.0238518979716263
"T",223,"K","T223K",-0.0201840689902857
"T",223,"L","T223L",0.0411462986014144
"T",223,"M","T223M",-0.0343597783281158
"T",223,"N","T223N",-0.0422636401842958
"T",223,"P","T223P",0.0267778833127841
"T",223,"Q","T223Q",0.105362542047015
"T",223,"R","T223R",-0.016225045891346
"T",223,"S","T223S",0.068990841470214
"T",223,"V","T223V",-0.0242378869988762
"T",223,"W","T223W",-0.0261843141476959
"T",223,"Y","T223Y",0.0714843083169036
"H",224,"A","H224A",-0.0975840041472853
"H",224,"C","H224C",0.00311955708676502
"H",224,"D","H224D",-0.0288991798611855
"H",224,"E","H224E",0.106571890818254
"H",224,"F","H224F",-0.0775827850087753
"H",224,"G","H224G",0.0803944178051452
"H",224,"I","H224I",0.00321007588262482
"H",224,"K","H224K",-0.104555670764845
"H",224,"L","H224L",0.0150760841315547
"H",224,"M","H224M",-0.0330124236862455
"H",224,"N","H224N",0.00577117587059472
"H",224,"P","H224P",-0.0701955932686143
"H",224,"Q","H224Q",0.149312598081554
"H",224,"R","H224R",0.0363567847863644
"H",224,"S","H224S",0.136606270155485
"H",224,"T","H224T",-0.0505372988308253
"H",224,"V","H224V",-0.0171950488007653
"H",224,"W","H224W",-0.0334908610633349
"H",224,"Y","H224Y",-0.0233659891864653
"T",225,"A","T225A",0.0287119921116285
"T",225,"C","T225C",0.0894412129169489
"T",225,"D","T225D",0.0372848777498394
"T",225,"E","T225E",-0.0145293676830518
"T",225,"F","T225F",0.00509153948451925
"T",225,"G","T225G",-0.0360696995752711
"T",225,"H","T225H",0.0289507517113686
"T",225,"I","T225I",-0.0353264156810112
"T",225,"K","T225K",0.0252480268810088
"T",225,"L","T225L",-0.120590162970661
"T",225,"M","T225M",-0.140848420194161
"T",225,"N","T225N",0.0201712548062793
"T",225,"P","T225P",0.0438371303244292
"T",225,"Q","T225Q",0.0655803447483388
"T",225,"S","T225S",-0.0396641941193307
"T",225,"V","T225V",-0.135408856260581
"T",225,"W","T225W",0.0880059071359989
"T",225,"Y","T225Y",0.0901140786137089
"C",226,"A","C226A",0.0621487194359115
"C",226,"D","C226D",-0.201310242048059
"C",226,"E","C226E",-0.0133536538966589
"C",226,"F","C226F",-0.0234034385087288
"C",226,"G","C226G",0.0434071613833106
"C",226,"H","C226H",0.0267467218032512
"C",226,"I","C226I",-0.10421706449686
"C",226,"K","C226K",0.00479160636636169
"C",226,"L","C226L",0.12560827240679
"C",226,"M","C226M",-0.093498708586619
"C",226,"N","C226N",-0.00881109856536881
"C",226,"P","C226P",-0.0348926313530987
"C",226,"Q","C226Q",0.125928491955971
"C",226,"R","C226R",-0.029513872622929
"C",226,"S","C226S",-0.0493258656092087
"C",226,"T","C226T",-0.0487673187781591
"C",226,"V","C226V",0.0976476776532113
"C",226,"W","C226W",0.0923428250151012
"C",226,"Y","C226Y",0.0284724184457811
"P",227,"A","P227A",0.204520617246776
"P",227,"C","P227C",-0.0650839242024943
"P",227,"D","P227D",-0.0779990837036546
"P",227,"E","P227E",0.0287511636137652
"P",227,"F","P227F",0.0713651107295459
"P",227,"G","P227G",0.0365584606143561
"P",227,"H","P227H",-0.00563305009055413
"P",227,"I","P227I",-0.00849157663798448
"P",227,"K","P227K",-0.0252902037245446
"P",227,"L","P227L",0.122188606069106
"P",227,"M","P227M",-0.136717733662083
"P",227,"N","P227N",0.0310703001516759
"P",227,"Q","P227Q",0.0166036755922863
"P",227,"R","P227R",-0.0252817418548641
"P",227,"S","P227S",-0.055385225340095
"P",227,"T","P227T",-0.125424209495764
"P",227,"V","P227V",0.0122774424446057
"P",227,"W","P227W",-0.0451576900843944
"P",227,"Y","P227Y",0.0471290623343166
"P",228,"A","P228A",-0.192707880519699
"P",228,"C","P228C",0.0532591776215411
"P",228,"D","P228D",-0.0326681634747886
"P",228,"E","P228E",0.021040057882101
"P",228,"F","P228F",0.0762103635603308
"P",228,"G","P228G",-0.139893513581908
"P",228,"H","P228H",-0.0106673122226387
"P",228,"I","P228I",0.136120683514051
"P",228,"K","P228K",-0.10124033929598
"P",228,"L","P228L",0.091131211917181
"P",228,"M","P228M",-0.0979748712746194
"P",228,"N","P228N",0.0436613036931614
"P",228,"Q","P228Q",-0.373317964268789
"P",228,"R","P228R",0.0570797590195013
"P",228,"S","P228S",0.115939310351991
"P",228,"T","P228T",0.211113112930091
"P",228,"V","P228V",0.010889806932881
"P",228,"W","P228W",0.195177560751851
"P",228,"Y","P228Y",-0.063152303536259
"C",229,"A","C229A",0.0301332278212659
"C",229,"D","C229D",0.00804599651761616
"C",229,"E","C229E",0.0276836957684859
"C",229,"F","C229F",-0.0772306446710641
"C",229,"G","C229G",-0.000353409924824244
"C",229,"H","C229H",0.109127143921276
"C",229,"I","C229I",-0.121944440847834
"C",229,"K","C229K",0.100258728317286
"C",229,"L","C229L",0.116041061045686
"C",229,"M","C229M",0.0588889197346859
"C",229,"N","C229N",0.0242603302634349
"C",229,"P","C229P",-0.0499820583858542
"C",229,"Q","C229Q",0.133788882332636
"C",229,"R","C229R",-0.153664591079495
"C",229,"S","C229S",-0.0776138246756738
"C",229,"T","C229T",-0.0135629267808345
"C",229,"V","C229V",-0.182909219750974
"C",229,"W","C229W",0.0160899842643659
"C",229,"Y","C229Y",0.0529431461298159
"P",230,"A","P230A",-0.0518509477124269
"P",230,"C","P230C",0.0888888645991932
"P",230,"D","P230D",-0.0510697654385269
"P",230,"E","P230E",0.0299468846221231
"P",230,"F","P230F",0.267933594754333
"P",230,"G","P230G",-0.202583800564667
"P",230,"H","P230H",-0.0215627081882969
"P",230,"I","P230I",0.0593336135330131
"P",230,"K","P230K",-0.183057684973417
"P",230,"L","P230L",0.0712835021023231
"P",230,"M","P230M",0.184975318917433
"P",230,"N","P230N",0.0326883400402432
"P",230,"Q","P230Q",-0.131687643954017
"P",230,"R","P230R",-0.180214957911537
"P",230,"S","P230S",-0.0816934290747266
"P",230,"T","P230T",0.000993625383023139
"P",230,"V","P230V",-0.0693066090025571
"P",230,"W","P230W",0.251444372279673
"P",230,"Y","P230Y",-0.0144605694111869
"A",231,"C","A231C",-0.00662032731028893
"A",231,"D","A231D",-0.0206040399919685
"A",231,"E","A231E",0.00261319463481158
"A",231,"F","A231F",0.0291319864357412
"A",231,"G","A231G",-0.0954904499422886
"A",231,"H","A231H",-0.0511242307643895
"A",231,"I","A231I",0.133016757426291
"A",231,"K","A231K",-0.308010407893159
"A",231,"L","A231L",-0.0398999584115094
"A",231,"M","A231M",-0.0121914674337686
"A",231,"N","A231N",0.105410579856341
"A",231,"P","A231P",-0.0604374201095794
"A",231,"Q","A231Q",0.0567650452225102
"A",231,"R","A231R",-0.104218078763019
"A",231,"S","A231S",-0.00739644001863923
"A",231,"T","A231T",-0.0865036145823588
"A",231,"V","A231V",0.0937994639450212
"A",231,"W","A231W",0.202846631810741
"A",231,"Y","A231Y",0.168912775889511
"P",232,"A","P232A",-0.152910236653761
"P",232,"C","P232C",-0.107494592061212
"P",232,"D","P232D",0.0247077003813283
"P",232,"E","P232E",-0.0327965213048817
"P",232,"F","P232F",0.277230015808647
"P",232,"G","P232G",-0.304731841681961
"P",232,"H","P232H",-0.116181479740112
"P",232,"I","P232I",0.279070552922848
"P",232,"K","P232K",-0.139297990163083
"P",232,"L","P232L",0.540540437223128
"P",232,"M","P232M",0.265082729850098
"P",232,"N","P232N",-0.339916371374571
"P",232,"Q","P232Q",-0.0083368037213617
"P",232,"R","P232R",-0.259012531798751
"P",232,"S","P232S",-0.249864004043442
"P",232,"T","P232T",-0.295405091914871
"P",232,"V","P232V",0.0729332958718693
"P",232,"W","P232W",0.337384443244218
"P",232,"Y","P232Y",0.208998289155869
"E",233,"A","E233A",-0.112353910307782
"E",233,"C","E233C",0.134737140060748
"E",233,"D","E233D",0.0148108817809076
"E",233,"F","E233F",0.0739019290045579
"E",233,"G","E233G",0.202797592540158
"E",233,"H","E233H",0.153087209379658
"E",233,"I","E233I",0.0153794318428781
"E",233,"K","E233K",-0.0141324215618122
"E",233,"L","E233L",-0.368970697395592
"E",233,"M","E233M",-0.0975622236953928
"E",233,"N","E233N",0.00817050951237779
"E",233,"P","E233P",-0.190941359869482
"E",233,"Q","E233Q",0.0374615353602685
"E",233,"R","E233R",0.0314197344805684
"E",233,"S","E233S",0.155409091323058
"E",233,"T","E233T",-0.00107898333867242
"E",233,"V","E233V",-0.0146874844219918
"E",233,"W","E233W",0.0306774850009175
"E",233,"Y","E233Y",-0.058125459695372
"L",234,"A","L234A",-0.176773626577191
"L",234,"C","L234C",0.353140335210029
"L",234,"D","L234D",-0.115351649408711
"L",234,"E","L234E",0.404587396860689
"L",234,"F","L234F",0.152171344480899
"L",234,"G","L234G",0.0752463485062491
"L",234,"H","L234H",-0.0313238997334016
"L",234,"I","L234I",-0.242941651940101
"L",234,"K","L234K",-0.172862610534551
"L",234,"M","L234M",-0.474684369664691
"L",234,"N","L234N",-0.0774923014239901
"L",234,"P","L234P",0.079458254245949
"L",234,"Q","L234Q",0.144061896235888
"L",234,"R","L234R",0.138337960783529
"L",234,"S","L234S",0.172269275683739
"L",234,"T","L234T",-0.0209596656882707
"L",234,"W","L234W",0.0508769679767193
"L",234,"Y","L234Y",-0.257760005012781
"L",235,"A","L235A",0.00494369530396342
"L",235,"C","L235C",0.0699795205223937
"L",235,"D","L235D",-0.0646490965464362
"L",235,"E","L235E",-0.101163924965406
"L",235,"F","L235F",0.466978980802594
"L",235,"G","L235G",0.0170604750687037
"L",235,"H","L235H",0.0923535326723937
"L",235,"I","L235I",-0.416861187983327
"L",235,"K","L235K",0.0193791223355137
"L",235,"M","L235M",-0.0626377354281459
"L",235,"N","L235N",-0.0403923210717461
"L",235,"P","L235P",-0.175125775328017
"L",235,"Q","L235Q",-0.150546076095266
"L",235,"R","L235R",-0.109654510830026
"L",235,"S","L235S",-0.0248543732898966
"L",235,"T","L235T",-0.0689808091115068
"L",235,"V","L235V",-0.298527952869766
"L",235,"W","L235W",0.210487944488374
"L",235,"Y","L235Y",0.632210492325604
"G",236,"A","G236A",0.539430785248253
"G",236,"C","G236C",0.107131039998524
"G",236,"D","G236D",0.252696399163003
"G",236,"E","G236E",0.485096268879263
"G",236,"F","G236F",0.020987886569073
"G",236,"H","G236H",-0.325820998928807
"G",236,"I","G236I",-0.151872151801417
"G",236,"K","G236K",0.0323979582977627
"G",236,"L","G236L",-0.637041175384077
"G",236,"M","G236M",-0.246202217428267
"G",236,"P","G236P",-0.166700531718067
"G",236,"Q","G236Q",-0.085414555362637
"G",236,"R","G236R",0.220472017420502
"G",236,"S","G236S",0.777696064124712
"G",236,"T","G236T",0.0741936179667628
"G",236,"V","G236V",-0.318199441232597
"G",236,"W","G236W",-0.409498601915747
"G",236,"Y","G236Y",-0.169352363896237
"G",237,"A","G237A",0.0995685690835534
"G",237,"C","G237C",0.0451039962754242
"G",237,"D","G237D",-0.0632563453196865
"G",237,"E","G237E",-0.0799777652469168
"G",237,"F","G237F",0.138631637053732
"G",237,"H","G237H",-0.162347349904667
"G",237,"K","G237K",0.0887398661290734
"G",237,"L","G237L",0.197167884002643
"G",237,"M","G237M",0.108100759661933
"G",237,"N","G237N",0.0701911214185441
"G",237,"P","G237P",-0.120695413981357
"G",237,"Q","G237Q",-0.148988108864917
"G",237,"R","G237R",0.106695481759692
"G",237,"S","G237S",-0.0884552922459373
"G",237,"T","G237T",0.0680641805380234
"G",237,"V","G237V",-0.213552635081497
"G",237,"W","G237W",0.0397741326137836
"G",237,"Y","G237Y",-0.084764717891426
"P",238,"A","P238A",-0.131203768674273
"P",238,"C","P238C",-0.0150935888580321
"P",238,"D","P238D",0.0730624137044189
"P",238,"E","P238E",-0.491761606156212
"P",238,"F","P238F",0.610894517924599
"P",238,"G","P238G",0.726770213546298
"P",238,"H","P238H",-0.403426980985722
"P",238,"I","P238I",-0.252272295037391
"P",238,"K","P238K",-0.122519462779862
"P",238,"L","P238L",0.224131483004269
"P",238,"M","P238M",-0.0250707522405918
"P",238,"Q","P238Q",-0.177266889288612
"P",238,"T","P238T",0.0869022218130379
"P",238,"V","P238V",0.194539106634088
"P",238,"W","P238W",-0.478590727081982
"P",238,"Y","P238Y",0.180906114475968
"S",239,"A","S239A",0.00262073777294106
"S",239,"C","S239C",0.197332609956291
"S",239,"D","S239D",0.369479612844031
"S",239,"E","S239E",-0.0885127525768882
"S",239,"F","S239F",-0.274438313501409
"S",239,"G","S239G",0.562631013012681
"S",239,"H","S239H",-0.0123365758317886
"S",239,"I","S239I",0.215620113867451
"S",239,"K","S239K",-0.0525908734333889
"S",239,"L","S239L",0.326074863511731
"S",239,"M","S239M",0.0306984722936304
"S",239,"N","S239N",-0.187733237783829
"S",239,"P","S239P",-0.0721146241577581
"S",239,"Q","S239Q",-0.11176918963601
"S",239,"T","S239T",0.00870210460671146
"S",239,"V","S239V",0.0757028919718011
"S",239,"W","S239W",-0.455321199733459
"S",239,"Y","S239Y",-0.534045653182739
"V",240,"A","V240A",0.0793293331243236
"V",240,"C","V240C",0.0787860639229633
"V",240,"D","V240D",0.143527256039613
"V",240,"E","V240E",-0.103724005932287
"V",240,"F","V240F",0.0396012575719932
"V",240,"G","V240G",-0.0734202189454968
"V",240,"H","V240H",-0.116066836153257
"V",240,"I","V240I",0.123823489099623
"V",240,"K","V240K",0.156115785272013
"V",240,"L","V240L",-0.0609433275525168
"V",240,"M","V240M",-0.144572632519978
"V",240,"N","V240N",-0.106352092289917
"V",240,"P","V240P",-0.167764421241516
"V",240,"Q","V240Q",0.312171379837653
"V",240,"R","V240R",0.0255933936694532
"V",240,"S","V240S",-0.106395057008127
"V",240,"T","V240T",0.0201097554297122
"V",240,"W","V240W",0.0825945731369838
"V",240,"Y","V240Y",-0.182413695461237
"F",241,"A","F241A",0.000250801753579409
"F",241,"C","F241C",0.0805848574124485
"F",241,"D","F241D",-0.0522398430031715
"F",241,"E","F241E",-0.157241485653761
"F",241,"G","F241G",-0.00117518667929069
"F",241,"H","F241H",0.115746988454249
"F",241,"I","F241I",0.00303289333393851
"F",241,"K","F241K",0.115342428996099
"F",241,"L","F241L",-0.0364838217256516
"F",241,"M","F241M",-0.00220354962034099
"F",241,"N","F241N",0.175163532318889
"F",241,"P","F241P",0.0991828869458597
"F",241,"Q","F241Q",-0.0443819198772202
"F",241,"R","F241R",-0.367326392998542
"F",241,"S","F241S",-0.0710936173753503
"F",241,"T","F241T",-0.00570491155907149
"F",241,"V","F241V",-0.172053832006941
"F",241,"W","F241W",0.140451468930759
"F",241,"Y","F241Y",0.180148702353518
"L",242,"F","L242F",0
"F",243,"A","F243A",0.0180862453389907
"F",243,"C","F243C",-0.212380029699399
"F",243,"D","F243D",0.0458335430206911
"F",243,"E","F243E",-0.03788616074841
"F",243,"H","F243H",0.1153658422923
"F",243,"I","F243I",0.222822711543642
"F",243,"K","F243K",0.192929890560581
"F",243,"L","F243L",0.03296398518405
"F",243,"M","F243M",-0.0887069511856793
"F",243,"N","F243N",-0.0558351690009693
"F",243,"P","F243P",-0.0307690274637795
"F",243,"Q","F243Q",0.0147247015154108
"F",243,"R","F243R",-0.105095472653499
"F",243,"S","F243S",-0.0447518210846192
"F",243,"T","F243T",0.0636453427670003
"F",243,"V","F243V",0.128487675176592
"F",243,"W","F243W",-0.13600028880902
"F",243,"Y","F243Y",-0.123435016753879
"P",244,"A","P244A",0.0639225836916968
"P",244,"C","P244C",-0.122643646608382
"P",244,"D","P244D",0.0948492353070062
"P",244,"E","P244E",0.0441041626037467
"P",244,"F","P244F",-0.142938090032193
"P",244,"G","P244G",-0.0636285110634721
"P",244,"H","P244H",-0.104561422314533
"P",244,"I","P244I",0.0340185656958564
"P",244,"K","P244K",-0.0743364525391131
"P",244,"L","P244L",-0.102246093433143
"P",244,"M","P244M",0.101253667495616
"P",244,"N","P244N",0.0294848866794369
"P",244,"Q","P244Q",0.0661533701534068
"P",244,"R","P244R",-0.0581554708779731
"P",244,"S","P244S",0.0485570938394669
"P",244,"T","P244T",0.0735647854972473
"P",244,"V","P244V",0.105805188715627
"P",244,"W","P244W",-0.129695947904613
"P",244,"Y","P244Y",0.136492095094316
"P",245,"A","P245A",0.0190260510313078
"P",245,"C","P245C",0.0795354166500774
"P",245,"D","P245D",-0.0908731527050421
"P",245,"E","P245E",-0.362841732974132
"P",245,"F","P245F",0.00536793992661748
"P",245,"G","P245G",0.0749734424878476
"P",245,"H","P245H",0.0656540355261978
"P",245,"I","P245I",0.310892131372928
"P",245,"K","P245K",0.00959018223157798
"P",245,"L","P245L",0.000420475700648293
"P",245,"M","P245M",-0.0916372254798521
"P",245,"N","P245N",0.251372863426028
"P",245,"Q","P245Q",0.120906683314158
"P",245,"R","P245R",-0.162158983707732
"P",245,"S","P245S",-0.190179122102422
"P",245,"T","P245T",-0.0592176700278321
"P",245,"V","P245V",0.050338596105608
"P",245,"W","P245W",0.0104106287135583
"P",245,"Y","P245Y",-0.0415805594895421
"K",246,"A","K246A",0.0785748464188187
"K",246,"C","K246C",-0.0578587376460412
"K",246,"D","K246D",-0.118622974663621
"K",246,"E","K246E",-0.000228106698470908
"K",246,"F","K246F",0.00610686430466904
"K",246,"G","K246G",0.135673139524389
"K",246,"H","K246H",-0.0325390958619206
"K",246,"I","K246I",0.0118135270423489
"K",246,"L","K246L",-0.0110857863133914
"K",246,"M","K246M",-0.00218275331680091
"K",246,"N","K246N",-0.0267969608578516
"K",246,"P","K246P",-0.0828011327780405
"K",246,"Q","K246Q",0.0114100797181486
"K",246,"R","K246R",0.074641125782699
"K",246,"S","K246S",-0.00262038801336091
"K",246,"T","K246T",-0.0138302758892111
"K",246,"V","K246V",-0.0152489063074711
"K",246,"W","K246W",0.090170368946079
"K",246,"Y","K246Y",-0.0445748333909709
"P",247,"A","P247A",-0.0470420863008769
"P",247,"C","P247C",-0.0346353346795167
"P",247,"D","P247D",0.0394581204217639
"P",247,"E","P247E",-0.0672450715122768
"P",247,"F","P247F",0.0371205327699933
"P",247,"G","P247G",-0.0938151809727668
"P",247,"H","P247H",-0.0442227565092468
"P",247,"I","P247I",0.00707481770919303
"P",247,"K","P247K",-0.0322864973107171
"P",247,"L","P247L",0.211936498945583
"P",247,"M","P247M",0.0642825375445133
"P",247,"N","P247N",-0.0514671314624966
"P",247,"Q","P247Q",-0.00524960350609673
"P",247,"R","P247R",-0.197062382282157
"P",247,"S","P247S",0.0790149328152925
"P",247,"T","P247T",0.205304900217533
"P",247,"V","P247V",-0.0799167543972166
"P",247,"W","P247W",0.0150815763865735
"P",247,"Y","P247Y",-0.00633111787707732
"K",248,"A","K248A",0.0752778810494921
"K",248,"C","K248C",-0.0830579905142679
"K",248,"D","K248D",0.00653457964026165
"K",248,"E","K248E",0.00526530566511265
"K",248,"F","K248F",-0.0471657968980582
"K",248,"G","K248G",0.0631589779849516
"K",248,"H","K248H",0.0496281434142321
"K",248,"I","K248I",0.0568981923204428
"K",248,"L","K248L",-0.0870081894084379
"K",248,"M","K248M",0.0733315455118222
"K",248,"N","K248N",-0.0314305198551678
"K",248,"P","K248P",-0.00400058055663765
"K",248,"Q","K248Q",0.0500433437007726
"K",248,"R","K248R",-0.0677162340414779
"K",248,"S","K248S",-0.00055794117619775
"K",248,"T","K248T",0.0440607640666617
"K",248,"V","K248V",-0.00359569282789775
"K",248,"W","K248W",-0.00613597164180815
"K",248,"Y","K248Y",-0.093529816433798
"D",249,"A","D249A",0.0660176891676731
"D",249,"C","D249C",0.044348928390844
"D",249,"E","D249E",-0.0673541347448564
"D",249,"F","D249F",0.0628130827518238
"D",249,"G","D249G",-0.0946229237491164
"D",249,"H","D249H",0.090547882754024
"D",249,"I","D249I",-0.244494502180246
"D",249,"K","D249K",0.0448137145597535
"D",249,"L","D249L",-0.156656228382216
"D",249,"M","D249M",0.0570140353068935
"D",249,"N","D249N",0.171242570716564
"D",249,"P","D249P",0.0644489904068037
"D",249,"Q","D249Q",-0.0275153915867663
"D",249,"R","D249R",-0.0244349163194868
"D",249,"S","D249S",0.131172838114594
"D",249,"T","D249T",-0.127052181104825
"D",249,"V","D249V",-0.0914166628680864
"D",249,"W","D249W",0.019480572319424
"D",249,"Y","D249Y",0.081646636447203
"T",250,"A","T250A",-0.0179797176224795
"T",250,"C","T250C",-0.10951562869421
"T",250,"D","T250D",-0.0801526148012794
"T",250,"E","T250E",-0.140634012532549
"T",250,"F","T250F",0.27023175754254
"T",250,"G","T250G",0.00683925969806046
"T",250,"H","T250H",0.26378085269892
"T",250,"I","T250I",-0.14572796209011
"T",250,"K","T250K",-0.00925349865531955
"T",250,"L","T250L",-0.103827313685879
"T",250,"M","T250M",0.21005404241105
"T",250,"N","T250N",-0.121200237227839
"T",250,"P","T250P",-0.0479279789941193
"T",250,"Q","T250Q",-0.0751668232010189
"T",250,"R","T250R",-0.0255347111554095
"T",250,"S","T250S",-0.0653432432503093
"T",250,"V","T250V",-0.05800019250575
"T",250,"W","T250W",0.17787737265258
"T",250,"Y","T250Y",0.0714806494131205
"L",251,"A","L251A",0.135120267002662
"L",251,"C","L251C",-0.191875600828058
"L",251,"D","L251D",-0.0106966937447777
"L",251,"E","L251E",-0.0212943590356576
"L",251,"F","L251F",0.0281614051749324
"L",251,"G","L251G",0.073085310448012
"L",251,"H","L251H",-0.104736420840518
"L",251,"I","L251I",-0.109944146431279
"L",251,"K","L251K",-0.0253881333329684
"L",251,"M","L251M",0.0442468349473024
"L",251,"N","L251N",0.084460793239322
"L",251,"P","L251P",-0.0504133406875174
"L",251,"Q","L251Q",0.0133738236187521
"L",251,"R","L251R",-0.169339302480448
"L",251,"S","L251S",0.232871331340233
"L",251,"T","L251T",-0.0452857140853482
"L",251,"V","L251V",-0.0517651984382977
"L",251,"W","L251W",0.0153534168179321
"L",251,"Y","L251Y",0.154065727315722
"M",252,"A","M252A",-0.0350393198663533
"M",252,"C","M252C",0.0103071541827953
"M",252,"D","M252D",0.00210154751994535
"M",252,"E","M252E",-0.0972691088312242
"M",252,"F","M252F",-0.191700865154194
"M",252,"G","M252G",0.0728750630985962
"M",252,"H","M252H",0.020114564934876
"M",252,"I","M252I",-0.0915037875186241
"M",252,"K","M252K",0.051470359450806
"M",252,"L","M252L",-0.0616987992509836
"M",252,"N","M252N",0.0611950769833552
"M",252,"P","M252P",-0.00417714060862475
"M",252,"Q","M252Q",-0.0196860601448839
"M",252,"R","M252R",0.0581226421423961
"M",252,"S","M252S",0.0269186672180853
"M",252,"T","M252T",0.0829356447256559
"M",252,"V","M252V",0.115948524586805
"M",252,"W","M252W",-0.0219700579562741
"M",252,"Y","M252Y",0.0210558944878459
"I",253,"A","I253A",-0.0572173705655699
"I",253,"C","I253C",-0.0160837190644695
"I",253,"D","I253D",0.08882132669643
"I",253,"E","I253E",-0.285121788739089
"I",253,"F","I253F",0.0376140499836194
"I",253,"G","I253G",-0.0647589041740498
"I",253,"H","I253H",0.00425348408657006
"I",253,"K","I253K",-0.0175235322837201
"I",253,"L","I253L",0.0276764780848201
"I",253,"M","I253M",0.0735192037027001
"I",253,"N","I253N",-0.0716792202972299
"I",253,"P","I253P",0.2021632095241
"I",253,"Q","I253Q",0.00481137265869946
"I",253,"R","I253R",-0.0568251627918396
"I",253,"S","I253S",0.12642139839633
"I",253,"T","I253T",0.10762805494706
"I",253,"V","I253V",0.0305544597800401
"I",253,"W","I253W",-0.0548794383744902
"I",253,"Y","I253Y",-0.0793739015699107
"S",254,"A","S254A",-0.00191037010801924
"S",254,"C","S254C",0.00907998316040016
"S",254,"D","S254D",0.0337029568793501
"S",254,"E","S254E",-0.0750974664104793
"S",254,"F","S254F",-0.16604328078886
"S",254,"G","S254G",0.0323446266503702
"S",254,"H","S254H",0.041434862423561
"S",254,"I","S254I",0.0803969611610207
"S",254,"K","S254K",0.0277417096967707
"S",254,"L","S254L",0.0714591386470211
"S",254,"M","S254M",0.0266260412886805
"S",254,"N","S254N",-0.27883073025881
"S",254,"P","S254P",-0.0365674620926295
"S",254,"Q","S254Q",0.0538326374937707
"S",254,"R","S254R",0.0731941442097403
"S",254,"T","S254T",0.0659314571916802
"S",254,"V","S254V",0.0302602913430905
"S",254,"W","S254W",-0.030036859876329
"S",254,"Y","S254Y",0.0424813593896707
"R",255,"A","R255A",0.0761077320415952
"R",255,"C","R255C",0.0399544819960851
"R",255,"D","R255D",-0.00750085989595521
"R",255,"E","R255E",-0.00525290260898491
"R",255,"F","R255F",-0.0664941528247147
"R",255,"G","R255G",0.0676632818952556
"R",255,"H","R255H",0.230429704578556
"R",255,"I","R255I",-0.0521627805110847
"R",255,"K","R255K",-0.0242324089416246
"R",255,"L","R255L",-0.0461187869908746
"R",255,"M","R255M",-0.0838008782904747
"R",255,"N","R255N",0.00266567598786469
"R",255,"P","R255P",0.00245942710326518
"R",255,"Q","R255Q",4.0122875055686e-05
"R",255,"S","R255S",0.0137535776396844
"R",255,"T","R255T",0.0619680836910654
"R",255,"V","R255V",-0.0158941861712143
"R",255,"W","R255W",-0.0375322950537647
"R",255,"Y","R255Y",-0.156052836519735
"T",256,"A","T256A",-0.0572726378120692
"T",256,"C","T256C",-0.0644563565318795
"T",256,"D","T256D",0.12068662886481
"T",256,"E","T256E",0.0249788486752304
"T",256,"F","T256F",-0.012123718336599
"T",256,"G","T256G",-0.0333576892633394
"T",256,"H","T256H",0.0553497931763411
"T",256,"I","T256I",0.0359194273050098
"T",256,"K","T256K",-0.0179118048766896
"T",256,"L","T256L",0.16125350878907
"T",256,"M","T256M",-0.0581184771066399
"T",256,"N","T256N",-0.0230566404109496
"T",256,"P","T256P",-0.0516511600408292
"T",256,"Q","T256Q",-0.0646068661032296
"T",256,"R","T256R",0.0283468524199106
"T",256,"S","T256S",-0.116888047561579
"T",256,"V","T256V",0.18641965270137
"T",256,"W","T256W",-0.00199634933004951
"T",256,"Y","T256Y",-0.111514964557889
"P",257,"A","P257A",0.0135447563838198
"P",257,"C","P257C",0.0826127108270495
"P",257,"D","P257D",-0.10403878124972
"P",257,"E","P257E",0.018439644701999
"P",257,"F","P257F",-0.0219479074328606
"P",257,"G","P257G",-0.0955736496866505
"P",257,"H","P257H",-0.0738205169977905
"P",257,"I","P257I",-0.12173339985731
"P",257,"K","P257K",0.171030154500661
"P",257,"L","P257L",-0.11062992927121
"P",257,"M","P257M",0.11419296425757
"P",257,"N","P257N",-0.137762563332151
"P",257,"Q","P257Q",0.123543637957949
"P",257,"R","P257R",0.0350101253421397
"P",257,"S","P257S",0.0123141558185595
"P",257,"T","P257T",0.0839343875183995
"P",257,"V","P257V",-0.10945011166193
"P",257,"W","P257W",-0.0235114929098608
"P",257,"Y","P257Y",0.143845815091339
"E",258,"A","E258A",-0.0673602405759617
"E",258,"C","E258C",0.00525060525004846
"E",258,"D","E258D",0.0223006578908089
"E",258,"F","E258F",-0.0344974568472517
"E",258,"G","E258G",0.0455781209177184
"E",258,"H","E258H",0.0729274275868086
"E",258,"I","E258I",-0.100362959469232
"E",258,"K","E258K",-0.112266263353082
"E",258,"L","E258L",0.0885473822110776
"E",258,"M","E258M",-0.0241805490621312
"E",258,"N","E258N",0.045422904667018
"E",258,"P","E258P",0.0867958658436485
"E",258,"Q","E258Q",-0.0394330341123715
"E",258,"R","E258R",-0.0859224406085515
"E",258,"S","E258S",0.0809410315003685
"E",258,"T","E258T",0.0538525836124179
"E",258,"V","E258V",-0.0560970462088513
"E",258,"W","E258W",0.043035088113049
"E",258,"Y","E258Y",-0.0245316773555313
"V",259,"A","V259A",-0.0883150410637064
"V",259,"C","V259C",0.0941848598829737
"V",259,"D","V259D",-0.126521767258605
"V",259,"E","V259E",-0.403208381419897
"V",259,"F","V259F",-0.185652268105256
"V",259,"G","V259G",-0.187625622918387
"V",259,"H","V259H",0.172351281903803
"V",259,"I","V259I",-0.0121934772366761
"V",259,"K","V259K",0.141198640241104
"V",259,"L","V259L",0.0846092984409742
"V",259,"M","V259M",0.0371420825829138
"V",259,"N","V259N",-0.0251022120264264
"V",259,"P","V259P",0.173922618738124
"V",259,"Q","V259Q",0.115249149168874
"V",259,"R","V259R",-0.101817067074155
"V",259,"S","V259S",0.0032634829852235
"V",259,"T","V259T",-0.0196863038059657
"V",259,"W","V259W",0.0287812050537536
"V",259,"Y","V259Y",0.299419521911334
"T",260,"A","T260A",-0.0164808083546015
"T",260,"C","T260C",0.247647592203699
"T",260,"D","T260D",0.013113406802269
"T",260,"E","T260E",-0.113545677961071
"T",260,"F","T260F",-0.105446324200641
"T",260,"G","T260G",-0.121358424840142
"T",260,"H","T260H",-0.105239352499111
"T",260,"I","T260I",-0.026423884853791
"T",260,"K","T260K",0.0596635944349693
"T",260,"L","T260L",-0.11104688164894
"T",260,"M","T260M",0.0234422561832384
"T",260,"N","T260N",-0.0130682040469212
"T",260,"P","T260P",-0.065582648164661
"T",260,"Q","T260Q",-0.034542528845821
"T",260,"R","T260R",0.0472898516667489
"T",260,"S","T260S",0.0318417620706395
"T",260,"V","T260V",0.094567652900639
"T",260,"W","T260W",0.264449743065719
"T",260,"Y","T260Y",-0.069281123912221
"C",261,"A","C261A",-0.0821203942653459
"C",261,"D","C261D",-0.192634140089295
"C",261,"E","C261E",-0.194862640702415
"C",261,"F","C261F",0.134198351710865
"C",261,"G","C261G",0.0834536624029746
"C",261,"H","C261H",-0.338101144348506
"C",261,"I","C261I",0.00212108198364454
"C",261,"K","C261K",0.218188197405895
"C",261,"M","C261M",-0.0848839797187839
"C",261,"N","C261N",0.104895576756645
"C",261,"P","C261P",0.289348224461905
"C",261,"Q","C261Q",0.0636926720201955
"C",261,"R","C261R",0.286276973189495
"C",261,"S","C261S",-0.111970916530325
"C",261,"T","C261T",-0.0390518310200952
"C",261,"V","C261V",-0.169957748019965
"C",261,"W","C261W",-0.0535156821743149
"C",261,"Y","C261Y",0.0849237369374246
"V",262,"A","V262A",0.110003674651218
"V",262,"C","V262C",0.0399227489997188
"V",262,"D","V262D",-0.126952600726512
"V",262,"E","V262E",-0.0856256265264816
"V",262,"F","V262F",-0.0123568395687919
"V",262,"G","V262G",0.0379760959180889
"V",262,"H","V262H",-0.0226712929935014
"V",262,"I","V262I",-0.00842385275022123
"V",262,"K","V262K",0.102883614694138
"V",262,"L","V262L",-0.0813779811395616
"V",262,"M","V262M",0.106294846551238
"V",262,"N","V262N",-0.119037307877592
"V",262,"P","V262P",0.0998969486541083
"V",262,"Q","V262Q",-0.374008702999542
"V",262,"R","V262R",-0.110928972694112
"V",262,"S","V262S",0.167964435925998
"V",262,"T","V262T",-0.0356410091453015
"V",262,"W","V262W",0.145119908148668
"V",262,"Y","V262Y",0.166961912878439
"V",263,"A","V263A",-0.182143659045888
"V",263,"C","V263C",-0.019500790167738
"V",263,"D","V263D",0.0600775893155323
"V",263,"E","V263E",-0.155739700656898
"V",263,"F","V263F",-0.194290198668578
"V",263,"G","V263G",-0.045016923917277
"V",263,"H","V263H",0.404242058182022
"V",263,"I","V263I",0.144721784396442
"V",263,"K","V263K",-0.0560334591647378
"V",263,"L","V263L",0.334366632815431
"V",263,"M","V263M",0.477223439993862
"V",263,"N","V263N",0.161955603399682
"V",263,"P","V263P",-0.0503967681450683
"V",263,"Q","V263Q",-0.155162466586629
"V",263,"R","V263R",-0.275150954017118
"V",263,"S","V263S",-0.026976020335107
"V",263,"T","V263T",0.201678997013052
"V",263,"W","V263W",-0.177382884449068
"V",263,"Y","V263Y",-0.446472279961918
"V",264,"A","V264A",0.0284394406412215
"V",264,"C","V264C",-0.151371192167038
"V",264,"D","V264D",-0.342602054263809
"V",264,"E","V264E",0.180687809948513
"V",264,"F","V264F",-0.130091400809608
"V",264,"G","V264G",0.551069261166302
"V",264,"H","V264H",0.151880258254711
"V",264,"I","V264I",-0.116228874476388
"V",264,"K","V264K",-0.230261553774908
"V",264,"L","V264L",0.119420849973932
"V",264,"M","V264M",0.123641053157262
"V",264,"N","V264N",0.235919078910762
"V",264,"P","V264P",-0.433905182620358
"V",264,"Q","V264Q",-0.0413876817489682
"V",264,"R","V264R",-0.0504145661138788
"V",264,"S","V264S",0.0528773085741015
"V",264,"T","V264T",0.240656541460152
"V",264,"W","V264W",-0.00449008661590827
"V",264,"Y","V264Y",-0.183839009496088
"D",265,"A","D265A",0.0835800964213557
"D",265,"C","D265C",0.0416545675324756
"D",265,"E","D265E",-0.231722461873494
"D",265,"F","D265F",0.434204595038536
"D",265,"G","D265G",0.0721661246615957
"D",265,"H","D265H",-0.139231995279243
"D",265,"I","D265I",0.0997684457785757
"D",265,"K","D265K",-0.0410074332861647
"D",265,"L","D265L",-0.0715384952809543
"D",265,"M","D265M",0.241164829468757
"D",265,"N","D265N",0.101486786642525
"D",265,"P","D265P",-0.241264681568844
"D",265,"Q","D265Q",-0.349816785127564
"D",265,"R","D265R",0.230758352060706
"D",265,"S","D265S",-0.0972062071485444
"D",265,"T","D265T",-0.059663155379094
"D",265,"V","D265V",0.118376218089176
"D",265,"W","D265W",0.018535048667216
"D",265,"Y","D265Y",-0.210243849417014
"V",266,"A","V266A",-0.0383003699536823
"V",266,"C","V266C",-0.148535052231232
"V",266,"D","V266D",-0.0485857914228118
"V",266,"E","V266E",-0.219331513124552
"V",266,"F","V266F",0.174882592839738
"V",266,"G","V266G",0.136159730955148
"V",266,"H","V266H",-0.0918906309484724
"V",266,"I","V266I",0.0533344607478487
"V",266,"K","V266K",-0.0533179951144618
"V",266,"L","V266L",0.147044075281557
"V",266,"M","V266M",0.753672817239149
"V",266,"N","V266N",0.0154897990664171
"V",266,"P","V266P",-0.287207988081732
"V",266,"Q","V266Q",0.165765931842818
"V",266,"R","V266R",-0.236390889807662
"V",266,"S","V266S",-0.193624742305642
"V",266,"W","V266W",-0.0703055077960926
"V",266,"Y","V266Y",-0.058858927186332
"S",267,"A","S267A",0.236727708566229
"S",267,"C","S267C",-0.0988569732914416
"S",267,"D","S267D",-0.0249107508471616
"S",267,"E","S267E",1.70458786852233
"S",267,"F","S267F",-0.239662913293351
"S",267,"G","S267G",0.389493013598928
"S",267,"H","S267H",-0.584261058099772
"S",267,"I","S267I",0.513034824620038
"S",267,"K","S267K",-0.309577395630871
"S",267,"L","S267L",-0.369694558825572
"S",267,"M","S267M",0.311590638480578
"S",267,"N","S267N",-0.225772857009682
"S",267,"P","S267P",-0.175205890401902
"S",267,"Q","S267Q",-0.0719297005298816
"S",267,"R","S267R",-0.244346209779461
"S",267,"T","S267T",-0.133121696614502
"S",267,"V","S267V",0.450231353566757
"S",267,"W","S267W",-0.615846647048312
"S",267,"Y","S267Y",-0.512478755982952
"H",268,"A","H268A",-0.197182313747493
"H",268,"C","H268C",-0.144084955219473
"H",268,"D","H268D",-0.196638006144113
"H",268,"E","H268E",-0.200902859396623
"H",268,"F","H268F",-0.160502998045953
"H",268,"G","H268G",0.294184016208207
"H",268,"I","H268I",-0.120563343972442
"H",268,"K","H268K",0.0474527128433372
"H",268,"L","H268L",-0.091842180704722
"H",268,"M","H268M",-0.177156821794333
"H",268,"N","H268N",0.539719963096727
"H",268,"P","H268P",0.0267630533355572
"H",268,"Q","H268Q",0.0855252831606872
"H",268,"R","H268R",0.224097058946407
"H",268,"S","H268S",-0.182135335761012
"H",268,"T","H268T",-0.0823321972681628
"H",268,"V","H268V",0.119729468819397
"H",268,"W","H268W",0.167159322530777
"H",268,"Y","H268Y",0.0487101331132282
"E",269,"A","E269A",-0.136427787504892
"E",269,"C","E269C",0.0495553053564481
"E",269,"D","E269D",-0.148416373536562
"E",269,"F","E269F",0.0637205670051679
"E",269,"G","E269G",-0.0399661913971825
"E",269,"H","E269H",-0.00572402025664182
"E",269,"I","E269I",-0.292555454859092
"E",269,"K","E269K",0.411272718179378
"E",269,"L","E269L",-0.0289388655762617
"E",269,"M","E269M",0.0643852998296983
"E",269,"N","E269N",0.00777259835865758
"E",269,"P","E269P",-0.213906702387332
"E",269,"Q","E269Q",0.0712228199391977
"E",269,"R","E269R",0.144611073623958
"E",269,"S","E269S",0.0879803802514478
"E",269,"T","E269T",-0.044928692854372
"E",269,"V","E269V",-0.0178438498040621
"E",269,"W","E269W",-0.0692659216263316
"E",269,"Y","E269Y",0.0974530972587778
"D",270,"A","D270A",-0.00205633627315192
"D",270,"C","D270C",0.234193913238118
"D",270,"E","D270E",-0.463788052344022
"D",270,"F","D270F",-0.108097167222372
"D",270,"G","D270G",-0.132187429610102
"D",270,"H","D270H",0.0612604373055779
"D",270,"I","D270I",0.201885545448728
"D",270,"K","D270K",-0.00833602821342252
"D",270,"L","D270L",-0.0256443555980324
"D",270,"M","D270M",-0.0406291057164924
"D",270,"N","D270N",0.188914788849178
"D",270,"P","D270P",-0.173747558460121
"D",270,"Q","D270Q",-0.124964650143032
"D",270,"R","D270R",0.0144596740324473
"D",270,"S","D270S",-0.132398733005342
"D",270,"T","D270T",0.126026890922408
"D",270,"V","D270V",0.393846696465188
"D",270,"W","D270W",0.0619645262102979
"D",270,"Y","D270Y",-0.0707030558858522
"P",271,"A","P271A",-0.0422726212992129
"P",271,"C","P271C",0.0291458202108063
"P",271,"D","P271D",-0.0796573793869334
"P",271,"E","P271E",-0.0094017968776126
"P",271,"F","P271F",0.0048794563623866
"P",271,"G","P271G",0.498230358306297
"P",271,"H","P271H",-0.0066937093340836
"P",271,"I","P271I",-0.190993482639723
"P",271,"K","P271K",-0.007781073271673
"P",271,"L","P271L",0.0985871117262166
"P",271,"M","P271M",-0.130948442456272
"P",271,"N","P271N",0.102069877348887
"P",271,"Q","P271Q",0.0415603577725966
"P",271,"R","P271R",-0.0210203635519631
"P",271,"S","P271S",0.020882656420017
"P",271,"T","P271T",0.102935001276697
"P",271,"V","P271V",-0.100728992346733
"P",271,"W","P271W",-0.153517400568183
"P",271,"Y","P271Y",-0.155275377691512
"E",272,"A","E272A",0.247143451071363
"E",272,"C","E272C",-0.140165238417206
"E",272,"D","E272D",-0.171194978847216
"E",272,"F","E272F",-0.186544491243817
"E",272,"G","E272G",-0.121184795646707
"E",272,"I","E272I",-0.141379427419648
"E",272,"K","E272K",0.307866316968383
"E",272,"L","E272L",-0.0257923953962167
"E",272,"M","E272M",0.0435256781772027
"E",272,"N","E272N",-0.240352555976547
"E",272,"P","E272P",0.216092105327803
"E",272,"Q","E272Q",0.113912475398283
"E",272,"R","E272R",0.217835798054894
"E",272,"S","E272S",0.178605631232913
"E",272,"T","E272T",0.217433577417493
"E",272,"V","E272V",-0.0325978265910565
"E",272,"W","E272W",-0.254218256391207
"E",272,"Y","E272Y",-0.228985067718717
"V",273,"A","V273A",-0.17806780167098
"V",273,"C","V273C",0.300194336290202
"V",273,"D","V273D",-0.0577127570905903
"V",273,"E","V273E",0.363560088831761
"V",273,"F","V273F",-0.259963128643729
"V",273,"G","V273G",0.31445348013007
"V",273,"H","V273H",-0.165837722163889
"V",273,"I","V273I",-0.0373658286290393
"V",273,"K","V273K",-0.553268669255109
"V",273,"L","V273L",-0.0302822220503293
"V",273,"M","V273M",0.0841996353955707
"V",273,"N","V273N",0.0255694338959607
"V",273,"P","V273P",-0.0796775062794593
"V",273,"Q","V273Q",-0.185995860077809
"V",273,"R","V273R",-0.400584015602489
"V",273,"S","V273S",0.23759834093497
"V",273,"T","V273T",0.205227699804011
"V",273,"W","V273W",-0.292779619839969
"V",273,"Y","V273Y",0.710732116020851
"K",274,"A","K274A",-0.0831548617191663
"K",274,"C","K274C",0.119334552711433
"K",274,"D","K274D",-0.107147889247386
"K",274,"E","K274E",0.00806012340231342
"K",274,"F","K274F",0.115654195752364
"K",274,"G","K274G",-0.191258332715266
"K",274,"H","K274H",0.199683413481274
"K",274,"I","K274I",0.069250148512104
"K",274,"L","K274L",0.0905108222328639
"K",274,"M","K274M",0.073979495076564
"K",274,"N","K274N",0.0826447864998341
"K",274,"P","K274P",-0.287126302089646
"K",274,"Q","K274Q",0.0278232752995942
"K",274,"R","K274R",0.119858942601404
"K",274,"S","K274S",-0.105543122741126
"K",274,"T","K274T",-0.162473066064086
"K",274,"V","K274V",0.0636894044896434
"K",274,"W","K274W",-0.0414447558213973
"K",274,"Y","K274Y",0.00765917033868373
"F",275,"A","F275A",0.140755956220488
"F",275,"C","F275C",0.231419758562518
"F",275,"D","F275D",-0.0154485557645614
"F",275,"E","F275E",-0.296660521636212
"F",275,"G","F275G",-0.144731277894982
"F",275,"H","F275H",-0.0577259829195516
"F",275,"I","F275I",-0.0712010981043616
"F",275,"K","F275K",-0.115309346619502
"F",275,"L","F275L",-0.0215044326066216
"F",275,"M","F275M",0.0307765991222182
"F",275,"N","F275N",-0.0650218627090016
"F",275,"P","F275P",0.0325064630475087
"F",275,"Q","F275Q",-0.147127356794441
"F",275,"R","F275R",0.270549563066698
"F",275,"S","F275S",0.246303337822318
"F",275,"T","F275T",0.0495048740759281
"F",275,"V","F275V",0.0806862697164877
"F",275,"W","F275W",-0.167147130794332
"F",275,"Y","F275Y",0.0193747442093984
"N",276,"A","N276A",0.138950301827208
"N",276,"C","N276C",-0.0857482756277817
"N",276,"D","N276D",-0.106657970754732
"N",276,"E","N276E",-0.138078000641382
"N",276,"F","N276F",-0.0428126162421218
"N",276,"G","N276G",0.057119736223938
"N",276,"H","N276H",0.070872917050199
"N",276,"I","N276I",-0.0134256597310411
"N",276,"K","N276K",0.0814846073635281
"N",276,"L","N276L",0.0465404389031382
"N",276,"M","N276M",-0.0226026429607921
"N",276,"P","N276P",0.0929420976265583
"N",276,"Q","N276Q",0.0108294801940182
"N",276,"R","N276R",0.0406724382261984
"N",276,"S","N276S",-0.000475465757791081
"N",276,"T","N276T",-0.010813931507231
"N",276,"V","N276V",-0.0136475245263616
"N",276,"W","N276W",-0.158385640664642
"N",276,"Y","N276Y",0.0532357109990889
"W",277,"A","W277A",-0.000897803965811327
"W",277,"C","W277C",0.101224260217209
"W",277,"D","W277D",-0.0688491291021805
"W",277,"E","W277E",-0.0903534682210009
"W",277,"F","W277F",0.0407852079044987
"W",277,"G","W277G",-0.185819956567831
"W",277,"H","W277H",-0.0304472027190411
"W",277,"I","W277I",-0.221571561389271
"W",277,"K","W277K",-0.22556509502559
"W",277,"L","W277L",0.24992692517334
"W",277,"M","W277M",-0.0148569726337112
"W",277,"N","W277N",0.0629822928518388
"W",277,"P","W277P",0.186717770301769
"W",277,"Q","W277Q",-0.0730091485152514
"W",277,"R","W277R",0.11588040116903
"W",277,"S","W277S",-0.0310850740616207
"W",277,"T","W277T",0.0481733540198787
"W",277,"V","W277V",0.0725898930933885
"W",277,"Y","W277Y",0.0641753074703592
"Y",278,"A","Y278A",-0.0272465657422889
"Y",278,"C","Y278C",0.0389944853759014
"Y",278,"D","Y278D",0.14858268229678
"Y",278,"E","Y278E",0.0318157917419515
"Y",278,"F","Y278F",0.0602753838489813
"Y",278,"G","Y278G",0.0305701208925915
"Y",278,"H","Y278H",-0.177219720053599
"Y",278,"I","Y278I",0.0479569634732209
"Y",278,"K","Y278K",-0.129553850300039
"Y",278,"L","Y278L",0.0793600075823613
"Y",278,"M","Y278M",0.00641790756862145
"Y",278,"N","Y278N",-0.127310945765839
"Y",278,"Q","Y278Q",-0.0176998095377088
"Y",278,"R","Y278R",-0.127531474231879
"Y",278,"S","Y278S",0.0685761185382909
"Y",278,"T","Y278T",-0.0880564439975689
"Y",278,"V","Y278V",0.0757598074186307
"Y",278,"W","Y278W",0.106309540891591
"V",279,"A","V279A",0.070548730484377
"V",279,"C","V279C",-0.061324634416002
"V",279,"D","V279D",0.0407758676682976
"V",279,"E","V279E",0.0540306476109777
"V",279,"F","V279F",0.0671858902765971
"V",279,"G","V279G",-0.00542377826448306
"V",279,"H","V279H",0.00115737664181684
"V",279,"I","V279I",-0.105447279388463
"V",279,"K","V279K",-0.0886831733911229
"V",279,"L","V279L",0.0787991879740474
"V",279,"M","V279M",0.00540432593787754
"V",279,"N","V279N",-0.00865613494978276
"V",279,"P","V279P",-0.145005882601103
"V",279,"Q","V279Q",0.00611849811670724
"V",279,"R","V279R",0.0226635711857574
"V",279,"S","V279S",0.133909809901677
"V",279,"T","V279T",0.0561102856173376
"V",279,"W","V279W",-0.00707918310890286
"V",279,"Y","V279Y",-0.115084125295612
"D",280,"A","D280A",-0.00140484282674426
"D",280,"C","D280C",0.0639937588498053
"D",280,"E","D280E",-0.146971727874665
"D",280,"F","D280F",-0.0238590869728536
"D",280,"G","D280G",-0.044921929736974
"D",280,"H","D280H",0.038953321462576
"D",280,"I","D280I",-0.0185182522558937
"D",280,"K","D280K",-0.0975195219695041
"D",280,"L","D280L",0.0560592255336863
"D",280,"M","D280M",-0.0222378022197142
"D",280,"N","D280N",0.129139976841946
"D",280,"P","D280P",-0.0437229476266143
"D",280,"Q","D280Q",-0.0733053325590846
"D",280,"R","D280R",0.0599280178766258
"D",280,"S","D280S",-0.0134996715750536
"D",280,"T","D280T",0.0131849237006554
"D",280,"V","D280V",0.0606776213715357
"D",280,"W","D280W",-0.00127740542293505
"D",280,"Y","D280Y",0.0653016754032062
"G",281,"A","G281A",0.00883932807474598
"G",281,"C","G281C",-0.0372852462090042
"G",281,"D","G281D",-0.0249573443234335
"G",281,"E","G281E",0.0836258770783659
"G",281,"F","G281F",-0.122090736237644
"G",281,"H","G281H",0.0585031533081954
"G",281,"I","G281I",-0.114531980694894
"G",281,"K","G281K",0.0970327570525961
"G",281,"L","G281L",0.133433490643436
"G",281,"M","G281M",-0.0983424577586043
"G",281,"N","G281N",0.0250315233760653
"G",281,"P","G281P",0.166264956408526
"G",281,"Q","G281Q",0.0568619549731659
"G",281,"R","G281R",0.026524671376646
"G",281,"S","G281S",-0.0914365981652143
"G",281,"T","G281T",-0.00775975505399373
"G",281,"V","G281V",0.0845560790699861
"G",281,"W","G281W",-0.0178211330139747
"G",281,"Y","G281Y",-0.226448539904964
"V",282,"A","V282A",-0.0481133079661879
"V",282,"C","V282C",0.0139368884034324
"V",282,"D","V282D",0.0746316943271422
"V",282,"E","V282E",-0.00381394612010802
"V",282,"F","V282F",-0.0559099019569377
"V",282,"G","V282G",0.00518727344378219
"V",282,"H","V282H",0.0110014993718726
"V",282,"I","V282I",0.0664880354706115
"V",282,"K","V282K",0.0525764948909716
"V",282,"L","V282L",0.0104787249832819
"V",282,"M","V282M",-0.00168564062289747
"V",282,"N","V282N",0.0503640534545027
"V",282,"P","V282P",-0.0876454524185183
"V",282,"Q","V282Q",-0.0515191220677482
"V",282,"R","V282R",-0.136478757417028
"V",282,"S","V282S",0.105758273048962
"V",282,"T","V282T",-0.111028049355568
"V",282,"W","V282W",0.078741701905742
"V",282,"Y","V282Y",0.0270295386246918
"E",283,"A","E283A",-0.189364437214236
"E",283,"C","E283C",0.0585259006003936
"E",283,"D","E283D",0.0767297143889636
"E",283,"F","E283F",-0.0118078843522162
"E",283,"G","E283G",-0.130858138338236
"E",283,"H","E283H",0.0845098022530936
"E",283,"I","E283I",-0.0504150138495267
"E",283,"K","E283K",0.0345828655897836
"E",283,"L","E283L",0.116450575571925
"E",283,"M","E283M",0.0653637661827836
"E",283,"N","E283N",-0.0602498535405764
"E",283,"P","E283P",0.0639006070376836
"E",283,"Q","E283Q",-0.0798056494672765
"E",283,"R","E283R",-0.0222087817892064
"E",283,"S","E283S",-0.166990108160636
"E",283,"T","E283T",0.0119082194035436
"E",283,"V","E283V",0.0302506392309339
"E",283,"W","E283W",0.0251282525776431
"E",283,"Y","E283Y",0.144349523875164
"V",284,"A","V284A",0.0335605848648831
"V",284,"C","V284C",0.00180644748587341
"V",284,"D","V284D",-0.00646865339335718
"V",284,"E","V284E",-0.0440420717463069
"V",284,"F","V284F",0.0137953343339729
"V",284,"G","V284G",0.0319889597029541
"V",284,"H","V284H",0.0261225057747029
"V",284,"I","V284I",-0.0905823901722469
"V",284,"K","V284K",0.0142206804396636
"V",284,"L","V284L",0.0817310783533931
"V",284,"M","V284M",0.110290710066422
"V",284,"N","V284N",0.137776397208983
"V",284,"P","V284P",-0.388980833589177
"V",284,"Q","V284Q",0.106952320135644
"V",284,"R","V284R",0.023875474345723
"V",284,"S","V284S",0.0076312878075333
"V",284,"T","V284T",-0.168796245133447
"V",284,"W","V284W",0.141019201660703
"V",284,"Y","V284Y",-0.0319007881459168
"H",285,"A","H285A",-0.108222429283693
"H",285,"C","H285C",-0.107495103313654
"H",285,"D","H285D",-0.169597238691153
"H",285,"E","H285E",0.195466443427107
"H",285,"F","H285F",-0.0697209047012626
"H",285,"G","H285G",0.0544934468263474
"H",285,"I","H285I",-0.075861882874543
"H",285,"K","H285K",0.111184730515647
"H",285,"L","H285L",0.0418459923011669
"H",285,"M","H285M",-0.0227549429177234
"H",285,"N","H285N",0.0233556957737173
"H",285,"P","H285P",-0.0594284500073527
"H",285,"Q","H285Q",0.0336624457409771
"H",285,"R","H285R",-0.0248383588371234
"H",285,"S","H285S",0.0805167436267169
"H",285,"T","H285T",0.00210950751081643
"H",285,"V","H285V",0.125633177743106
"H",285,"W","H285W",0.013747356545327
"H",285,"Y","H285Y",-0.0440962293844231
"N",286,"A","N286A",0.0784644342019473
"N",286,"C","N286C",0.0689241543381374
"N",286,"D","N286D",0.0467701485006874
"N",286,"E","N286E",-0.0364749357237025
"N",286,"F","N286F",0.0343559762682079
"N",286,"G","N286G",0.030631618898068
"N",286,"H","N286H",0.0813398178900974
"N",286,"I","N286I",-0.106693920863283
"N",286,"K","N286K",-0.0648130804504032
"N",286,"L","N286L",0.015774517357587
"N",286,"M","N286M",-0.0866161873502329
"N",286,"P","N286P",0.261532835214297
"N",286,"Q","N286Q",-0.0461291205386528
"N",286,"R","N286R",-0.0780316190747432
"N",286,"S","N286S",-0.0909546750379023
"N",286,"T","N286T",-0.110962141230333
"N",286,"V","N286V",-0.0201415886715428
"N",286,"W","N286W",0.00604139894517762
"N",286,"Y","N286Y",0.0169823673265879
"A",287,"C","A287C",0.138903241399022
"A",287,"D","A287D",-0.202495625781379
"A",287,"E","A287E",0.0956892441953115
"A",287,"F","A287F",-0.0622787242445678
"A",287,"H","A287H",-0.0351757347958589
"A",287,"I","A287I",0.368433337367781
"A",287,"K","A287K",0.117340641279602
"A",287,"L","A287L",-0.0362823357101382
"A",287,"M","A287M",-0.236634483793738
"A",287,"N","A287N",-0.122705982184748
"A",287,"P","A287P",-0.0620839884376089
"A",287,"Q","A287Q",0.102470631070091
"A",287,"R","A287R",0.0312846723565215
"A",287,"S","A287S",-0.125753521049528
"A",287,"T","A287T",0.0444368005822314
"A",287,"V","A287V",0.142537692811002
"A",287,"W","A287W",-0.142417189695608
"A",287,"Y","A287Y",-0.0152686753683881
"K",288,"A","K288A",-0.038510837083409
"K",288,"C","K288C",0.0146820106771205
"K",288,"D","K288D",0.0693113222659706
"K",288,"E","K288E",-0.114227629751929
"K",288,"F","K288F",-0.153767470621
"K",288,"G","K288G",0.029723225695831
"K",288,"H","K288H",0.01338750412483
"K",288,"I","K288I",-0.0671060563556493
"K",288,"L","K288L",-0.0617793058125093
"K",288,"M","K288M",0.0598442398552604
"K",288,"N","K288N",0.10231085890981
"K",288,"P","K288P",0.192021166312261
"K",288,"Q","K288Q",0.0561173276016808
"K",288,"R","K288R",-0.0587772746605203
"K",288,"S","K288S",-0.132340681134049
"K",288,"T","K288T",0.0903422735658402
"K",288,"V","K288V",-0.00361867472114921
"K",288,"W","K288W",-0.0193585643758191
"K",288,"Y","K288Y",0.0217465655074308
"T",289,"A","T289A",0.00294189206677774
"T",289,"C","T289C",-0.169341689589022
"T",289,"D","T289D",0.0204920685484984
"T",289,"E","T289E",-0.206062360199161
"T",289,"F","T289F",-0.232658584396692
"T",289,"G","T289G",0.154663704196188
"T",289,"H","T289H",0.186418061982808
"T",289,"I","T289I",-0.250955512838482
"T",289,"K","T289K",0.463701771557777
"T",289,"L","T289L",-0.0480125927286322
"T",289,"M","T289M",-0.148814497764392
"T",289,"N","T289N",0.171062344356107
"T",289,"P","T289P",-0.300478858813652
"T",289,"Q","T289Q",-0.116265355354462
"T",289,"R","T289R",0.190305844886798
"T",289,"S","T289S",0.187832715370908
"T",289,"V","T289V",0.0548901622002181
"T",289,"W","T289W",0.0908685947186481
"T",289,"Y","T289Y",-0.0505877082002322
"K",290,"A","K290A",0.120100467097113
"K",290,"C","K290C",-0.061271025973437
"K",290,"D","K290D",-0.0108140683881969
"K",290,"E","K290E",-0.0240642995469666
"K",290,"F","K290F",0.103363515603733
"K",290,"G","K290G",-0.0289917862020165
"K",290,"H","K290H",-0.0617119460647266
"K",290,"I","K290I",-0.0225609076782766
"K",290,"L","K290L",-0.170830465007547
"K",290,"M","K290M",-0.0940990433229964
"K",290,"N","K290N",-0.0145401254965873
"K",290,"P","K290P",-0.0409485883869968
"K",290,"Q","K290Q",-0.0645917813950373
"K",290,"R","K290R",-0.0160611934047467
"K",290,"S","K290S",-0.0112547260319162
"K",290,"T","K290T",0.182119370673373
"K",290,"V","K290V",0.012999046754523
"K",290,"W","K290W",0.0650742616973631
"K",290,"Y","K290Y",0.138083295073343
"P",291,"A","P291A",0.0874548628724247
"P",291,"C","P291C",-0.0895994373128358
"P",291,"D","P291D",-0.166692064820107
"P",291,"E","P291E",-0.105453652977596
"P",291,"F","P291F",-0.107691415200596
"P",291,"G","P291G",0.172357538777075
"P",291,"H","P291H",0.322243640600085
"P",291,"I","P291I",0.0166531618359244
"P",291,"K","P291K",-0.0715498581572658
"P",291,"L","P291L",0.00812647004530508
"P",291,"M","P291M",0.0887754143673542
"P",291,"N","P291N",-0.161800522041066
"P",291,"Q","P291Q",0.0583608761123745
"P",291,"R","P291R",0.0650845422977543
"P",291,"S","P291S",-0.0556828485611358
"P",291,"T","P291T",-0.0364628749192951
"P",291,"V","P291V",0.170061714678473
"P",291,"W","P291W",-0.0931883814861168
"P",291,"Y","P291Y",-0.100997166110757
"R",292,"A","R292A",0.150513471284261
"R",292,"C","R292C",-0.00347374304021836
"R",292,"D","R292D",0.00372788860734063
"R",292,"E","R292E",0.0522098848537116
"R",292,"F","R292F",-0.0761383916328683
"R",292,"G","R292G",0.109939829610421
"R",292,"H","R292H",-0.0620217598726484
"R",292,"I","R292I",-0.0714853058107484
"R",292,"K","R292K",0.0685745796071526
"R",292,"L","R292L",-0.120811088737958
"R",292,"M","R292M",-0.318050400756378
"R",292,"N","R292N",0.250142973536252
"R",292,"P","R292P",0.00250451165566165
"R",292,"Q","R292Q",-0.128687928948988
"R",292,"S","R292S",0.0733688146883006
"R",292,"T","R292T",-0.109448138044947
"R",292,"V","R292V",-0.0175833264493484
"R",292,"W","R292W",0.179312820788391
"R",292,"Y","R292Y",0.0174053086626116
"E",293,"A","E293A",0.0134531371343987
"E",293,"C","E293C",-0.240223461093001
"E",293,"D","E293D",-0.0681737891374818
"E",293,"F","E293F",0.124963750278219
"E",293,"G","E293G",-0.126110985721681
"E",293,"H","E293H",0.21470898369697
"E",293,"I","E293I",0.117291882584718
"E",293,"K","E293K",0.100433573308609
"E",293,"L","E293L",-0.0175063775243011
"E",293,"M","E293M",0.102963682444719
"E",293,"N","E293N",0.0449064731575991
"E",293,"P","E293P",-0.469730383890681
"E",293,"Q","E293Q",0.0598477139416792
"E",293,"R","E293R",-0.0046240841126707
"E",293,"S","E293S",0.0064520955308889
"E",293,"T","E293T",-0.0312866289957311
"E",293,"V","E293V",-0.0529795923500313
"E",293,"W","E293W",0.225614010747779
"E",294,"A","E294A",0.214349589983781
"E",294,"C","E294C",-0.330032892310489
"E",294,"D","E294D",-0.170797708853239
"E",294,"F","E294F",0.203068818458021
"E",294,"G","E294G",-0.13871751967573
"E",294,"H","E294H",0.0280085992948305
"E",294,"I","E294I",0.149284789095611
"E",294,"K","E294K",0.54930790341289
"E",294,"L","E294L",0.15173404977399
"E",294,"M","E294M",-0.0470751176020095
"E",294,"N","E294N",-0.204103730450019
"E",294,"P","E294P",-0.0518093903896885
"E",294,"Q","E294Q",-0.1482591153014
"E",294,"R","E294R",0.12482695475288
"E",294,"S","E294S",-0.12954079843945
"E",294,"T","E294T",-0.281235770547269
"E",294,"V","E294V",0.1491033984064
"E",294,"W","E294W",-0.0855674248844895
"E",294,"Y","E294Y",0.0174553652753805
"Q",295,"A","Q295A",0.0283908602965781
"Q",295,"C","Q295C",-0.0149616709131522
"Q",295,"D","Q295D",-0.431014444566122
"Q",295,"E","Q295E",-0.121812680373673
"Q",295,"F","Q295F",0.098800980782608
"Q",295,"G","Q295G",0.308210509275168
"Q",295,"H","Q295H",-0.0921203779696822
"Q",295,"I","Q295I",0.102390520536478
"Q",295,"K","Q295K",-0.0364034068853322
"Q",295,"L","Q295L",0.077107025268168
"Q",295,"M","Q295M",-0.0300933842049522
"Q",295,"N","Q295N",0.100970559374308
"Q",295,"P","Q295P",0.093452261790768
"Q",295,"R","Q295R",0.0173895832245085
"Q",295,"S","Q295S",-0.119306755848932
"Q",295,"T","Q295T",-0.194997410315462
"Q",295,"V","Q295V",0.00170358147327782
"Q",295,"W","Q295W",0.137353767604128
"Q",295,"Y","Q295Y",0.0749404814513179
"Y",296,"A","Y296A",0.209070935303467
"Y",296,"C","Y296C",-0.0187158443704424
"Y",296,"D","Y296D",-0.153109724500072
"Y",296,"E","Y296E",-0.197571004908003
"Y",296,"F","Y296F",0.0250487469387276
"Y",296,"G","Y296G",0.00305975086598645
"Y",296,"H","Y296H",0.368284520642108
"Y",296,"I","Y296I",0.0317974568627475
"Y",296,"K","Y296K",0.0175862022211468
"Y",296,"L","Y296L",-0.491779774513533
"Y",296,"M","Y296M",0.00308072263018724
"Y",296,"N","Y296N",-0.0380968824786232
"Y",296,"P","Y296P",-0.0476718471980029
"Y",296,"Q","Y296Q",-0.0354311802200622
"Y",296,"R","Y296R",0.385151668795737
"Y",296,"S","Y296S",-0.0167939838081133
"Y",296,"V","Y296V",-0.0825086237150334
"Y",296,"W","Y296W",0.0385988614517771
"N",297,"A","N297A",-0.249362440656958
"N",297,"C","N297C",-0.134780560334348
"N",297,"D","N297D",-0.133340747887088
"N",297,"E","N297E",0.0969784209034216
"N",297,"F","N297F",0.116798036443852
"N",297,"G","N297G",0.340471355917392
"N",297,"H","N297H",-0.107921542871089
"N",297,"I","N297I",-0.121006968512819
"N",297,"K","N297K",0.0558874373229523
"N",297,"L","N297L",0.0270019681622911
"N",297,"M","N297M",0.0774132157959806
"N",297,"P","N297P",-0.0435269663682183
"N",297,"Q","N297Q",-0.231062115899848
"N",297,"R","N297R",-0.0474982634179284
"N",297,"S","N297S",0.284202086638042
"N",297,"T","N297T",-0.282998031837708
"N",297,"V","N297V",-0.0616353544789287
"N",297,"W","N297W",0.311794222140561
"N",297,"Y","N297Y",0.102586248940443
"S",298,"A","S298A",-0.374816110659112
"S",298,"C","S298C",0.0637978487591475
"S",298,"D","S298D",0.034013918184538
"S",298,"E","S298E",0.0343711025550677
"S",298,"F","S298F",0.0712197878865775
"S",298,"G","S298G",0.082845783372858
"S",298,"I","S298I",-0.305105062312671
"S",298,"K","S298K",0.328032712601198
"S",298,"L","S298L",0.226260120873188
"S",298,"M","S298M",0.120874961914538
"S",298,"N","S298N",-0.122464251205312
"S",298,"P","S298P",-0.0226244762028722
"S",298,"Q","S298Q",0.281050456520748
"S",298,"R","S298R",0.225424433629438
"S",298,"T","S298T",-0.370639423754762
"S",298,"V","S298V",-0.101650619085283
"S",298,"W","S298W",-0.0244249248549332
"S",298,"Y","S298Y",-0.146166258222352
"T",299,"A","T299A",0.0411902565434631
"T",299,"C","T299C",0.247589449701264
"T",299,"D","T299D",-0.0746946385951378
"T",299,"E","T299E",0.207356784035962
"T",299,"F","T299F",0.206999701943342
"T",299,"G","T299G",-0.351824140729747
"T",299,"H","T299H",0.0454394272499017
"T",299,"I","T299I",0.0826236175860827
"T",299,"K","T299K",-0.0658324155010873
"T",299,"L","T299L",-0.00212564535653765
"T",299,"M","T299M",0.116464506311123
"T",299,"N","T299N",-0.039950280767717
"T",299,"P","T299P",0.0682829616032126
"T",299,"Q","T299Q",-0.245313854930916
"T",299,"R","T299R",-0.0831590114341074
"T",299,"S","T299S",0.107312473813813
"T",299,"V","T299V",0.0520686388512427
"T",299,"W","T299W",-0.287622776318647
"T",299,"Y","T299Y",-0.0248050540055067
"Y",300,"A","Y300A",0.00397166562193978
"Y",300,"C","Y300C",-0.105596499306411
"Y",300,"D","Y300D",0.106191516368639
"Y",300,"E","Y300E",0.43050354733606
"Y",300,"F","Y300F",0.0556532987781502
"Y",300,"G","Y300G",-0.29675560823678
"Y",300,"H","Y300H",0.0321961676738596
"Y",300,"I","Y300I",-0.0459711134828299
"Y",300,"K","Y300K",-0.15217165447794
"Y",300,"L","Y300L",-0.162885114023059
"Y",300,"M","Y300M",0.00505070857963038
"Y",300,"N","Y300N",-0.0258703562692206
"Y",300,"P","Y300P",0.12806841684667
"Y",300,"Q","Y300Q",0.0486568620923001
"Y",300,"R","Y300R",-0.16772861663953
"Y",300,"S","Y300S",-0.0280732892634096
"Y",300,"T","Y300T",-0.0608850868628198
"Y",300,"V","Y300V",0.123697629695521
"Y",300,"W","Y300W",0.111947525569231
"R",301,"A","R301A",-0.0315117695100664
"R",301,"C","R301C",-0.0817180638021474
"R",301,"D","R301D",-0.0446425069417764
"R",301,"E","R301E",-0.238680961875816
"R",301,"F","R301F",0.443153567329224
"R",301,"G","R301G",-0.102715256959916
"R",301,"H","R301H",0.0917500706505639
"R",301,"I","R301I",-0.0353888138267054
"R",301,"K","R301K",-0.343115937204376
"R",301,"L","R301L",0.0930152384746439
"R",301,"M","R301M",0.0540645626704635
"R",301,"N","R301N",0.0424588039430232
"R",301,"P","R301P",0.319728214546564
"R",301,"Q","R301Q",0.108245075101653
"R",301,"S","R301S",-0.0520916192192754
"R",301,"T","R301T",-0.0465474703300464
"R",301,"V","R301V",-0.186348403934636
"R",301,"W","R301W",-0.110476279732706
"R",301,"Y","R301Y",0.120821550621334
"V",302,"C","V302C",0.095500595171666
"V",302,"D","V302D",0.306003346537425
"V",302,"E","V302E",0.0339548587448964
"V",302,"F","V302F",-0.335267778430554
"V",302,"G","V302G",0.208622011457326
"V",302,"H","V302H",-0.155311095652243
"V",302,"I","V302I",-0.278577273157184
"V",302,"K","V302K",0.310666838925026
"V",302,"L","V302L",-0.183641284075184
"V",302,"M","V302M",-0.109543716082844
"V",302,"N","V302N",-0.0394805725194735
"V",302,"P","V302P",-0.397306455354804
"V",302,"Q","V302Q",0.065814580849286
"V",302,"R","V302R",0.546865962425407
"V",302,"S","V302S",0.188914012925916
"V",302,"T","V302T",-0.186953133959874
"V",302,"W","V302W",0.00162909496253619
"V",302,"Y","V302Y",-0.0718899927673238
"V",303,"A","V303A",-0.0537123806082826
"V",303,"C","V303C",-0.049334500969163
"V",303,"E","V303E",-0.0492758099931327
"V",303,"F","V303F",-0.0169439618760325
"V",303,"G","V303G",0.0214136223571569
"V",303,"H","V303H",0.0167451353852473
"V",303,"I","V303I",-0.125842048502132
"V",303,"K","V303K",-0.019342111786563
"V",303,"L","V303L",0.0339674400569568
"V",303,"M","V303M",-0.0704590588955928
"V",303,"N","V303N",0.283593115606847
"V",303,"P","V303P",-0.00171834272385308
"V",303,"Q","V303Q",0.0274146246111578
"V",303,"R","V303R",0.135686907756638
"V",303,"S","V303S",-0.170270365806713
"V",303,"T","V303T",-0.0476896612987935
"V",303,"W","V303W",-0.0399156035328225
"V",303,"Y","V303Y",0.125683000219077
"S",304,"A","S304A",0.00527715894461561
"S",304,"C","S304C",0.153289326359487
"S",304,"D","S304D",-0.00484791923077341
"S",304,"E","S304E",-0.119048394718002
"S",304,"F","S304F",-0.160764757559373
"S",304,"G","S304G",0.0047676643490866
"S",304,"H","S304H",0.0891290142284463
"S",304,"I","S304I",-0.0875391403601534
"S",304,"K","S304K",-0.536826698133623
"S",304,"L","S304L",-0.0374772575262034
"S",304,"M","S304M",0.0223003501786466
"S",304,"N","S304N",0.163715536422886
"S",304,"P","S304P",0.268994048469127
"S",304,"Q","S304Q",-0.284519141269523
"S",304,"R","S304R",0.0876884062584967
"S",304,"T","S304T",-0.00588036979519341
"S",304,"V","S304V",0.136182169550437
"S",304,"W","S304W",0.305560003831618
"V",305,"A","V305A",-0.142718112454493
"V",305,"C","V305C",-0.113964317895423
"V",305,"D","V305D",0.0196848627294861
"V",305,"E","V305E",-0.115446114109553
"V",305,"F","V305F",-0.114990067718223
"V",305,"G","V305G",-0.021347414192064
"V",305,"H","V305H",-0.0413710792843725
"V",305,"I","V305I",-0.0271315408435731
"V",305,"K","V305K",-0.0689698879381833
"V",305,"L","V305L",-0.128616407083123
"V",305,"M","V305M",0.0502717557930258
"V",305,"N","V305N",0.353966885457337
"V",305,"P","V305P",0.0114638684983774
"V",305,"Q","V305Q",0.134644306894387
"V",305,"R","V305R",0.240271755793028
"V",305,"S","V305S",0.0850868193127268
"V",305,"T","V305T",-0.166999493582014
"V",305,"W","V305W",0.0758876985694868
"V",305,"Y","V305Y",-0.0297235179468334
"L",306,"A","L306A",-0.012205461544381
"L",306,"C","L306C",0.0771014386018989
"L",306,"D","L306D",-0.0131935310893414
"L",306,"E","L306E",-0.21234553249734
"L",306,"F","L306F",-0.018327851685261
"L",306,"G","L306G",0.026943311708169
"L",306,"H","L306H",0.0733900284183086
"L",306,"I","L306I",0.116270576552829
"L",306,"K","L306K",-0.112431700980721
"L",306,"M","L306M",0.0782522606749387
"L",306,"N","L306N",-0.0155848198776514
"L",306,"P","L306P",0.018109110998479
"L",306,"Q","L306Q",-0.0226652331486805
"L",306,"R","L306R",0.0497832857241687
"L",306,"S","L306S",0.0781091109984786
"L",306,"T","L306T",0.0796551695957792
"L",306,"V","L306V",0.0388575470958783
"L",306,"W","L306W",-0.0985936966950811
"L",306,"Y","L306Y",-0.131124012850471
"T",307,"A","T307A",-0.110981520896607
"T",307,"C","T307C",0.0149910446355727
"T",307,"D","T307D",-0.0432019400107172
"T",307,"E","T307E",-0.0721297134058069
"T",307,"F","T307F",-0.0321434451386678
"T",307,"G","T307G",0.201645590188563
"T",307,"H","T307H",-0.128449145954787
"T",307,"I","T307I",-0.128319437933207
"T",307,"K","T307K",-0.0119935096209175
"T",307,"L","T307L",-0.00306286701965693
"T",307,"M","T307M",-0.138048664591757
"T",307,"N","T307N",0.061909710601462
"T",307,"P","T307P",0.0570795088635227
"T",307,"Q","T307Q",0.0552804435009627
"T",307,"R","T307R",-0.014758755534377
"T",307,"S","T307S",0.221676084496743
"T",307,"V","T307V",0.0983709227173425
"T",307,"W","T307W",0.00383471448061272
"T",307,"Y","T307Y",-0.0316990193782774
"V",308,"A","V308A",-0.0178251550172168
"V",308,"C","V308C",-0.0609447254888075
"V",308,"D","V308D",0.0400157869254126
"V",308,"E","V308E",0.055842087049703
"V",308,"F","V308F",-0.104615105623777
"V",308,"G","V308G",0.0777864776265427
"V",308,"H","V308H",0.242803099874964
"V",308,"I","V308I",-0.104728404143058
"V",308,"K","V308K",0.233006806241823
"V",308,"L","V308L",-0.0244451670418672
"V",308,"M","V308M",-0.089732899065037
"V",308,"N","V308N",-0.126260046705158
"V",308,"P","V308P",-0.281236526921087
"V",308,"Q","V308Q",-0.110042529193427
"V",308,"R","V308R",0.0496017806433822
"V",308,"S","V308S",-0.119924924619357
"V",308,"T","V308T",0.149501581745663
"V",308,"W","V308W",0.212090046998253
"V",308,"Y","V308Y",-0.0208921832869471
"L",309,"A","L309A",0.0639180170468413
"L",309,"C","L309C",0.0591572161866622
"L",309,"D","L309D",0.170192174969601
"L",309,"E","L309E",0.0250440306453318
"L",309,"F","L309F",0.0731277707003314
"L",309,"G","L309G",0.103778822271562
"L",309,"H","L309H",0.0962773902263922
"L",309,"I","L309I",-0.0443809626566081
"L",309,"K","L309K",0.0411066987874626
"L",309,"M","L309M",0.0429369377157824
"L",309,"N","L309N",-0.185937642422838
"L",309,"P","L309P",-0.358531540406317
"L",309,"Q","L309Q",0.150602499424623
"L",309,"R","L309R",0.060269419727982
"L",309,"S","L309S",-0.108872752869908
"L",309,"T","L309T",-0.0804812129345783
"L",309,"V","L309V",-0.0414576272338075
"L",309,"W","L309W",-0.0151911595256085
"L",309,"Y","L309Y",-0.0515580796529074
"H",310,"A","H310A",-0.0229000040257587
"H",310,"C","H310C",0.0137829927664108
"H",310,"D","H310D",0.070639281060941
"H",310,"E","H310E",-0.0118844676317589
"H",310,"F","H310F",-0.0355045440118693
"H",310,"G","H310G",0.070271813765401
"H",310,"I","H310I",-0.0332807371763688
"H",310,"K","H310K",-0.0488245435741583
"H",310,"L","H310L",0.156974392319591
"H",310,"M","H310M",0.078130691256611
"H",310,"N","H310N",-0.101548037924699
"H",310,"P","H310P",0.0241836571454308
"H",310,"Q","H310Q",-0.00340581781241901
"H",310,"R","H310R",0.093407130969941
"H",310,"S","H310S",-0.019996287706769
"H",310,"T","H310T",-0.052963448738899
"H",310,"V","H310V",-0.0344973085637989
"H",310,"W","H310W",-0.123911608797499
"H",310,"Y","H310Y",-0.018673153320329
"Q",311,"A","Q311A",0.0053319318565709
"Q",311,"C","Q311C",0.0540133478259216
"Q",311,"D","Q311D",-0.0165788152325691
"Q",311,"E","Q311E",0.00411580529874058
"Q",311,"F","Q311F",0.0964420937307014
"Q",311,"G","Q311G",0.0846915055378913
"Q",311,"H","Q311H",-0.0201055480838385
"Q",311,"I","Q311I",-0.13057876593
"Q",311,"K","Q311K",0.0507909711483711
"Q",311,"L","Q311L",0.0868210254758507
"Q",311,"M","Q311M",-0.013979265286349
"Q",311,"N","Q311N",-0.0333759380449484
"Q",311,"P","Q311P",0.0476485094179017
"Q",311,"R","Q311R",-0.146456437868619
"Q",311,"S","Q311S",0.0451357326052303
"Q",311,"T","Q311T",-0.177926968883139
"Q",311,"V","Q311V",0.0362229746869612
"Q",311,"W","Q311W",0.0961051932976517
"Q",311,"Y","Q311Y",-0.0683173515523295
"D",312,"A","D312A",0.0280986239501505
"D",312,"C","D312C",-0.0115675680774899
"D",312,"E","D312E",-0.1168558314709
"D",312,"F","D312F",0.0110143419687011
"D",312,"G","D312G",-0.162502626478609
"D",312,"H","D312H",-0.0358088256631698
"D",312,"I","D312I",-0.0165850721203592
"D",312,"K","D312K",-0.0081226516345799
"D",312,"L","D312L",-0.0496009029893388
"D",312,"M","D312M",-0.0138677509987592
"D",312,"N","D312N",-0.0429116688353389
"D",312,"P","D312P",0.0302566760835402
"D",312,"Q","D312Q",0.234542509035871
"D",312,"R","D312R",0.0840465606553506
"D",312,"S","D312S",0.0305038325221808
"D",312,"T","D312T",0.0310362012534003
"D",312,"V","D312V",-0.0944490181876297
"D",312,"W","D312W",0.0653662858655005
"D",312,"Y","D312Y",0.0374068851214803
"W",313,"C","W313C",-0.0646271933357786
"W",313,"D","W313D",0.0414789446613814
"W",313,"E","W313E",0.0684144407377022
"W",313,"F","W313F",-0.208418041404039
"W",313,"H","W313H",0.0371431059497015
"W",313,"I","W313I",-0.24215506124688
"W",313,"K","W313K",0.405643630502281
"W",313,"L","W313L",-0.0591711893882593
"W",313,"M","W313M",0.0107354214293608
"W",313,"N","W313N",0.0594429613547412
"W",313,"P","W313P",0.026726177271391
"W",313,"Q","W313Q",0.107223815363301
"W",313,"R","W313R",-0.158629429120079
"W",313,"S","W313S",0.113328090700911
"W",313,"T","W313T",0.174251174607121
"W",313,"V","W313V",-0.145577142583319
"W",313,"Y","W313Y",-0.165809705499539
"L",314,"A","L314A",0.154921055503658
"L",314,"C","L314C",-0.210895885382553
"L",314,"D","L314D",0.0697377886856079
"L",314,"E","L314E",0.253085966953078
"L",314,"F","L314F",-0.0431717323653315
"L",314,"G","L314G",0.0754044201771991
"L",314,"H","L314H",0.0713206588895177
"L",314,"I","L314I",-0.117351117630301
"L",314,"K","L314K",-0.00870893705268152
"L",314,"M","L314M",0.0215241391934087
"L",314,"N","L314N",-0.050546523404622
"L",314,"P","L314P",-0.0385031460275908
"L",314,"Q","L314Q",0.0220688535771286
"L",314,"R","L314R",-0.0104309294681618
"L",314,"S","L314S",0.0950262855666782
"L",314,"T","L314T",0.0061381749727186
"L",314,"V","L314V",-0.217395379499262
"L",314,"W","L314W",0.0538599603344481
"L",314,"Y","L314Y",-0.126083653022942
"N",315,"A","N315A",-0.0191759155407202
"N",315,"C","N315C",-0.0719951015647905
"N",315,"D","N315D",0.0571791839791597
"N",315,"E","N315E",-0.0805480398943297
"N",315,"F","N315F",-0.0469314441021601
"N",315,"G","N315G",0.13825780092517
"N",315,"H","N315H",-0.02902433099816
"N",315,"I","N315I",0.0105513471107194
"N",315,"K","N315K",-0.0345612079618699
"N",315,"L","N315L",-0.11134256549647
"N",315,"M","N315M",0.0219339644092901
"N",315,"P","N315P",0.18899473438531
"N",315,"Q","N315Q",-0.0210052656146898
"N",315,"R","N315R",0.0716919051731903
"N",315,"S","N315S",-0.00367218100382947
"N",315,"T","N315T",-0.00791950343694023
"N",315,"W","N315W",-0.0341303064580599
"N",315,"Y","N315Y",-0.0283030739108197
"G",316,"A","G316A",-0.128925821060083
"G",316,"C","G316C",-0.0653736705036043
"G",316,"D","G316D",0.0849834753766173
"G",316,"E","G316E",-0.145938727064374
"G",316,"F","G316F",0.142180773419867
"G",316,"H","G316H",0.0589693739681363
"G",316,"I","G316I",-0.143687598642614
"G",316,"K","G316K",0.0722141558951763
"G",316,"L","G316L",-0.013793927665024
"G",316,"M","G316M",0.115368938251056
"G",316,"N","G316N",0.0448952736028266
"G",316,"P","G316P",-0.179476871368074
"G",316,"Q","G316Q",-0.118362734802514
"G",316,"R","G316R",0.0254433313825957
"G",316,"S","G316S",-0.0195215934022639
"G",316,"T","G316T",0.435984458968846
"G",316,"V","G316V",-0.189742946867124
"G",316,"W","G316W",0.0217178775940359
"G",316,"Y","G316Y",0.0030662329165163
"K",317,"A","K317A",0.158999099737287
"K",317,"C","K317C",-0.0311266538026226
"K",317,"D","K317D",0.0367768608227573
"K",317,"E","K317E",-0.0043393287075628
"K",317,"F","K317F",-0.0886193227346221
"K",317,"G","K317G",-0.0716930536423521
"K",317,"H","K317H",-0.0427371568661327
"K",317,"I","K317I",-0.0660252212972429
"K",317,"L","K317L",0.0881542890114671
"K",317,"M","K317M",-0.0465533619015228
"K",317,"N","K317N",0.0159122074367271
"K",317,"P","K317P",-0.0271279789318925
"K",317,"Q","K317Q",-0.0216125015520822
"K",317,"R","K317R",0.00610199752418827
"K",317,"S","K317S",0.251707020141796
"K",317,"T","K317T",-0.0864575342640727
"K",317,"V","K317V",0.034195883536857
"K",317,"W","K317W",-0.0801036164573827
"K",317,"Y","K317Y",-0.0254516280535921
"E",318,"A","E318A",0.157891379321601
"E",318,"C","E318C",-0.135013745848198
"E",318,"D","E318D",0.0200773111424912
"E",318,"F","E318F",-0.0834499945710688
"E",318,"G","E318G",-0.0412904948611688
"E",318,"H","E318H",-0.0425076967109595
"E",318,"I","E318I",0.215874795549701
"E",318,"K","E318K",-0.044908488776019
"E",318,"L","E318L",-0.218611954137769
"E",318,"M","E318M",0.122752199716241
"E",318,"N","E318N",-0.058080218246089
"E",318,"P","E318P",0.0573256625992908
"E",318,"Q","E318Q",0.0516168562059304
"E",318,"R","E318R",0.0027858046230113
"E",318,"S","E318S",0.0856034516419612
"E",318,"T","E318T",0.0467678341648804
"E",318,"V","E318V",-0.0290823685519389
"E",318,"W","E318W",-0.10738837314253
"E",318,"Y","E318Y",-0.000361960119368568
"Y",319,"A","Y319A",0.0653132179293258
"Y",319,"C","Y319C",-0.0193496393408742
"Y",319,"D","Y319D",0.116320140739966
"Y",319,"E","Y319E",-0.0110237336109039
"Y",319,"F","Y319F",-0.158505759514284
"Y",319,"G","Y319G",-0.041104694776244
"Y",319,"H","Y319H",-0.066966869180194
"Y",319,"I","Y319I",-0.0182429897986141
"Y",319,"K","Y319K",-0.0206483172427042
"Y",319,"L","Y319L",0.0628745088990748
"Y",319,"M","Y319M",0.172513529422416
"Y",319,"N","Y319N",-0.012953744216604
"Y",319,"P","Y319P",0.121627960768446
"Y",319,"Q","Y319Q",-0.162550334748424
"Y",319,"R","Y319R",-0.00900164280316374
"Y",319,"S","Y319S",0.0411365981089555
"Y",319,"T","Y319T",-0.0153033210129042
"Y",319,"V","Y319V",-0.0442272773848039
"Y",319,"W","Y319W",9.2367761535761e-05
"K",320,"A","K320A",-0.0470173883329566
"K",320,"C","K320C",-0.0241585746585067
"K",320,"D","K320D",0.221420939371212
"K",320,"E","K320E",-0.0939014837671162
"K",320,"F","K320F",0.0656905035391243
"K",320,"G","K320G",-0.110245411819017
"K",320,"H","K320H",0.0448694558278733
"K",320,"I","K320I",0.0421022304317643
"K",320,"L","K320L",0.0354176853508223
"K",320,"M","K320M",-0.130095295419657
"K",320,"N","K320N",-0.0348973345433372
"K",320,"P","K320P",-0.00356582891990723
"K",320,"Q","K320Q",-0.030118750183447
"K",320,"R","K320R",-0.105544884098937
"K",320,"S","K320S",-0.0621476821088669
"K",320,"T","K320T",0.0447743820778223
"K",320,"V","K320V",0.0307167770482333
"K",320,"W","K320W",0.161317490739493
"K",320,"Y","K320Y",-0.00461683053459643
"C",321,"A","C321A",-0.0133535164540883
"C",321,"D","C321D",-0.0419666007463184
"C",321,"E","C321E",-0.168144464696838
"C",321,"F","C321F",0.141256636594972
"C",321,"G","C321G",0.0416043601934617
"C",321,"H","C321H",-0.0506752601877891
"C",321,"I","C321I",0.141643914708592
"C",321,"K","C321K",0.0246880820625522
"C",321,"L","C321L",-0.129687222407038
"C",321,"M","C321M",0.131216465396882
"C",321,"N","C321N",0.0302831563777209
"C",321,"P","C321P",0.0407165876333911
"C",321,"Q","C321Q",-0.113565741084598
"C",321,"R","C321R",0.0832109107613417
"C",321,"S","C321S",-0.172820832412718
"C",321,"T","C321T",0.0405143614544419
"C",321,"V","C321V",0.0155589070416916
"C",321,"W","C321W",-0.120016669716378
"C",321,"Y","C321Y",0.119536925480722
"K",322,"A","K322A",-0.0839020656008662
"K",322,"C","K322C",0.111784397502034
"K",322,"D","K322D",0.064812006090865
"K",322,"E","K322E",0.032334905239174
"K",322,"F","K322F",0.169863090313195
"K",322,"G","K322G",-0.031806136363266
"K",322,"H","K322H",-0.129438254350606
"K",322,"I","K322I",0.223465039087664
"K",322,"L","K322L",0.018765931885684
"K",322,"M","K322M",-0.0434485486660554
"K",322,"N","K322N",-0.0451178618296257
"K",322,"P","K322P",-0.238213964282456
"K",322,"Q","K322Q",0.024587116418694
"K",322,"R","K322R",-0.116911894116166
"K",322,"S","K322S",-0.0291509283302762
"K",322,"T","K322T",0.00720470217032398
"K",322,"V","K322V",0.095616391969804
"K",322,"W","K322W",-0.0841053374351954
"K",322,"Y","K322Y",0.053661410297075
"V",323,"A","V323A",-0.0969654743567689
"V",323,"C","V323C",-0.13150263767597
"V",323,"D","V323D",-0.0251556444317993
"V",323,"E","V323E",-0.24293757801012
"V",323,"F","V323F",0.0158761146336506
"V",323,"G","V323G",-0.083914800721069
"V",323,"H","V323H",-0.0995167000514598
"V",323,"I","V323I",0.339867942634661
"V",323,"K","V323K",-0.209130975332621
"V",323,"L","V323L",-0.144207667749309
"V",323,"M","V323M",0.22726020463806
"V",323,"P","V323P",0.0710391642573805
"V",323,"Q","V323Q",0.256367086823099
"V",323,"R","V323R",-0.0819816641776496
"V",323,"S","V323S",0.130196329957811
"V",323,"T","V323T",-0.017711697985149
"V",323,"W","V323W",0.14198872298388
"V",323,"Y","V323Y",-0.0495707254366291
"S",324,"A","S324A",-0.13461445575524
"S",324,"C","S324C",0.00160471963100085
"S",324,"D","S324D",0.0206845633139107
"S",324,"E","S324E",-0.20478820774915
"S",324,"F","S324F",0.0443970904294403
"S",324,"G","S324G",-0.11558060087829
"S",324,"H","S324H",0.0233029707020002
"S",324,"I","S324I",0.151613420949351
"S",324,"K","S324K",-0.0190229545431695
"S",324,"L","S324L",0.141515004120041
"S",324,"M","S324M",0.0159302206011111
"S",324,"N","S324N",0.00404476968735105
"S",324,"P","S324P",-0.0109297637313095
"S",324,"Q","S324Q",-0.0165465790069395
"S",324,"R","S324R",-0.26658500915222
"S",324,"T","S324T",0.0954445222430603
"S",324,"V","S324V",0.0477916430030602
"S",324,"W","S324W",0.101606232897171
"S",324,"Y","S324Y",0.12013241323882
"N",325,"A","N325A",-0.32841445612144
"N",325,"C","N325C",0.69927899576104
"N",325,"D","N325D",0.42298173554206
"N",325,"E","N325E",-0.10184246848681
"N",325,"F","N325F",-0.300267943857521
"N",325,"G","N325G",-0.3335469753954
"N",325,"H","N325H",-0.23272573262921
"N",325,"I","N325I",0.0921979084098901
"N",325,"K","N325K",-0.33184810890181
"N",325,"L","N325L",-0.0515709700196198
"N",325,"M","N325M",0.34731311971741
"N",325,"P","N325P",-0.11081442139327
"N",325,"Q","N325Q",0.0803866795707301
"N",325,"R","N325R",-0.18573125903506
"N",325,"S","N325S",0.36692524022885
"N",325,"T","N325T",0.0996251973054391
"N",325,"V","N325V",-0.30689112783385
"N",325,"W","N325W",0.20506235585791
"N",325,"Y","N325Y",-0.0301177687193392
"K",326,"A","K326A",0.0945557037831162
"K",326,"C","K326C",0.140078031475396
"K",326,"D","K326D",0.132334142252236
"K",326,"E","K326E",0.208697826438296
"K",326,"F","K326F",-0.0494982084560338
"K",326,"G","K326G",-0.219709095061584
"K",326,"H","K326H",-0.0530401950542238
"K",326,"I","K326I",-0.0016944604898541
"K",326,"L","K326L",0.174353109248277
"K",326,"M","K326M",0.112336737863496
"K",326,"N","K326N",-0.207869437360044
"K",326,"P","K326P",0.0104656569769362
"K",326,"Q","K326Q",0.0706721944989762
"K",326,"R","K326R",-0.365669583345284
"K",326,"S","K326S",0.151871334305706
"K",326,"T","K326T",-0.249512924400003
"K",326,"V","K326V",0.0689122010622872
"K",326,"W","K326W",-0.0501114377284743
"K",326,"Y","K326Y",0.0328284039907762
"A",327,"C","A327C",0.0623123773940867
"A",327,"D","A327D",0.604378974477266
"A",327,"E","A327E",0.390034284660586
"A",327,"F","A327F",0.0338022150237367
"A",327,"G","A327G",0.222987056500996
"A",327,"H","A327H",-0.152107009958584
"A",327,"I","A327I",0.0877446164190647
"A",327,"K","A327K",-0.317860101826514
"A",327,"L","A327L",-0.0365881556414748
"A",327,"M","A327M",-0.0685485040074444
"A",327,"N","A327N",0.0571389754380257
"A",327,"P","A327P",0.0670609735239157
"A",327,"Q","A327Q",-0.250839344127124
"A",327,"R","A327R",-0.0209480852985137
"A",327,"S","A327S",-0.341059099580364
"A",327,"T","A327T",-0.222897905987504
"A",327,"V","A327V",0.0189532579305057
"A",327,"W","A327W",0.0445234860848057
"A",327,"Y","A327Y",-0.178088011025464
"L",328,"A","L328A",-0.151055828470034
"L",328,"C","L328C",-0.281139710379475
"L",328,"D","L328D",-0.280760044624195
"L",328,"E","L328E",-0.207884376548785
"L",328,"F","L328F",0.540848112953235
"L",328,"G","L328G",-0.112655022216505
"L",328,"H","L328H",-0.192590647543525
"L",328,"I","L328I",0.376865885155436
"L",328,"K","L328K",-0.236211376176065
"L",328,"M","L328M",0.205584141872515
"L",328,"N","L328N",-0.593344565722755
"L",328,"P","L328P",-0.406789172442136
"L",328,"Q","L328Q",-0.175522057206495
"L",328,"R","L328R",-0.201514777984285
"L",328,"S","L328S",-0.476036646418495
"L",328,"T","L328T",0.353526446986265
"L",328,"V","L328V",-0.0505850065811944
"L",328,"W","L328W",1.21057024614378
"L",328,"Y","L328Y",0.678694399202715
"P",329,"A","P329A",0.0648996231109491
"P",329,"C","P329C",0.278250940618009
"P",329,"D","P329D",0.05584360864595
"P",329,"E","P329E",-0.00756198340091079
"P",329,"F","P329F",0.758371259143909
"P",329,"G","P329G",0.0649321034934589
"P",329,"H","P329H",0.00124141316227005
"P",329,"I","P329I",-0.523042513462791
"P",329,"K","P329K",-0.173111337499391
"P",329,"L","P329L",-0.0930512206228009
"P",329,"M","P329M",-0.198212008624781
"P",329,"N","P329N",-0.0484071367533305
"P",329,"Q","P329Q",-0.283144456763681
"P",329,"R","P329R",-0.0496142818951304
"P",329,"S","P329S",-0.147065747856971
"P",329,"T","P329T",-0.0478169163809499
"P",329,"V","P329V",-0.0379703004725308
"P",329,"W","P329W",0.0842781379634295
"P",329,"Y","P329Y",0.301180817595289
"A",330,"C","A330C",0.014976883122723
"A",330,"D","A330D",0.226045554140603
"A",330,"E","A330E",0.018256238727273
"A",330,"F","A330F",-0.381614501116137
"A",330,"G","A330G",0.139904876407733
"A",330,"H","A330H",-0.030909228294287
"A",330,"I","A330I",-0.079046435204987
"A",330,"K","A330K",0.193284831298593
"A",330,"L","A330L",-0.277549185993006
"A",330,"M","A330M",-0.140704650292997
"A",330,"N","A330N",0.125086448834603
"A",330,"P","A330P",0.157131595605463
"A",330,"Q","A330Q",0.225983955018923
"A",330,"R","A330R",0.357777801480003
"A",330,"S","A330S",0.157165403541334
"A",330,"T","A330T",0.122202832949653
"A",330,"V","A330V",-0.113975996373997
"A",330,"W","A330W",-0.504802578629546
"A",330,"Y","A330Y",-0.209213845221947
"P",331,"A","P331A",-0.16562963183325
"P",331,"C","P331C",0.0545918969950704
"P",331,"D","P331D",-0.157710225779519
"P",331,"E","P331E",0.18128447119397
"P",331,"F","P331F",0.15614069982023
"P",331,"G","P331G",-0.378609994026
"P",331,"H","P331H",0.0431227859561804
"P",331,"I","P331I",-0.000150069920469592
"P",331,"K","P331K",-0.0961962644630202
"P",331,"L","P331L",0.0610136028112414
"P",331,"M","P331M",0.15802505821026
"P",331,"N","P331N",0.0227142104192304
"P",331,"Q","P331Q",-0.23335294464781
"P",331,"R","P331R",-0.257951678288089
"P",331,"S","P331S",-0.0539754976665096
"P",331,"T","P331T",0.0619645569186904
"P",331,"V","P331V",0.234746387716731
"P",331,"W","P331W",0.14366154804523
"P",331,"Y","P331Y",0.22631108853783
"I",332,"C","I332C",-0.16188352414668
"I",332,"D","I332D",-0.19522686295948
"I",332,"E","I332E",0.0347168664290903
"I",332,"F","I332F",0.16907792219629
"I",332,"G","I332G",-0.11441391177192
"I",332,"H","I332H",-0.108615369307169
"I",332,"K","I332K",0.0788244300678397
"I",332,"L","I332L",0.184369515807541
"I",332,"M","I332M",0.276475948305
"I",332,"N","I332N",0.12507750191836
"I",332,"Q","I332Q",-0.17434417877223
"I",332,"R","I332R",0.122965705148639
"I",332,"S","I332S",-0.17509140099454
"I",332,"T","I332T",-0.354953110145
"I",332,"V","I332V",-0.15798684516919
"I",332,"W","I332W",0.0641576966260603
"I",332,"Y","I332Y",0.38684961676739
"E",333,"A","E333A",-0.0353089238472682
"E",333,"C","E333C",0.224515915597572
"E",333,"D","E333D",-0.162431731168749
"E",333,"F","E333F",0.298113550899812
"E",333,"G","E333G",-0.291582366558248
"E",333,"H","E333H",-0.186804068567768
"E",333,"I","E333I",0.0355262811339822
"E",333,"K","E333K",-0.104306506568988
"E",333,"L","E333L",0.0689936845750316
"E",333,"M","E333M",0.00102684878253129
"E",333,"N","E333N",0.0132357622771715
"E",333,"P","E333P",0.0415470903238408
"E",333,"Q","E333Q",-0.046257341221478
"E",333,"R","E333R",-0.0200100591508084
"E",333,"S","E333S",-0.186457050115288
"E",333,"T","E333T",0.043817969609472
"E",333,"V","E333V",0.106919488211082
"E",333,"W","E333W",-0.00331677269829861
"E",333,"Y","E333Y",0.202778228486402
"K",334,"A","K334A",-0.311777875024996
"K",334,"C","K334C",-0.0704997588353758
"K",334,"D","K334D",-0.107396522578946
"K",334,"E","K334E",-0.215532560295796
"K",334,"F","K334F",0.0414202261396742
"K",334,"G","K334G",-0.0233668671845058
"K",334,"H","K334H",0.152069936595375
"K",334,"I","K334I",-0.168952653718976
"K",334,"L","K334L",-0.0477911715091558
"K",334,"M","K334M",0.144673023669625
"K",334,"N","K334N",0.200023319181194
"K",334,"P","K334P",0.0405570575465452
"K",334,"Q","K334Q",0.0854643233659242
"K",334,"R","K334R",0.340857224826504
"K",334,"S","K334S",0.209067081377705
"K",334,"T","K334T",-0.102936430818407
"K",334,"V","K334V",0.153966354964884
"K",334,"W","K334W",-0.0654085641358858
"K",334,"Y","K334Y",-0.254436143565387
"T",335,"A","T335A",-0.0774127273692824
"T",335,"C","T335C",0.129707556077746
"T",335,"D","T335D",-0.116307123306583
"T",335,"E","T335E",0.225294957044286
"T",335,"F","T335F",0.182158820051146
"T",335,"G","T335G",-0.0899917664816625
"T",335,"H","T335H",0.0074616939003582
"T",335,"I","T335I",-0.0165726361201126
"T",335,"K","T335K",0.0190246915370777
"T",335,"L","T335L",-0.0652281644506032
"T",335,"M","T335M",-0.0609639631805021
"T",335,"N","T335N",0.0670137862702069
"T",335,"P","T335P",-0.140949187757003
"T",335,"Q","T335Q",-0.0520866344305024
"T",335,"R","T335R",-0.0470003798953527
"T",335,"S","T335S",0.0379812189379876
"T",335,"V","T335V",-0.0405455959071923
"T",335,"W","T335W",-0.0812008121042518
"T",335,"Y","T335Y",0.119616267184237
"I",336,"A","I336A",-0.00616160724151055
"I",336,"C","I336C",-0.229903629798011
"I",336,"D","I336D",-0.0252376675205405
"I",336,"E","I336E",-0.119248830081491
"I",336,"F","I336F",0.13996455562491
"I",336,"G","I336G",0.0652641666026895
"I",336,"H","I336H",0.085792487051599
"I",336,"K","I336K",0.0808605465462498
"I",336,"L","I336L",0.16083998602405
"I",336,"M","I336M",-0.00890782648782054
"I",336,"N","I336N",0.259077283458839
"I",336,"P","I336P",-0.0499386732148905
"I",336,"Q","I336Q",0.0330696967135495
"I",336,"R","I336R",0.0548532562840995
"I",336,"S","I336S",-0.0369879818008705
"I",336,"T","I336T",0.0789958068464685
"I",336,"V","I336V",-0.0654722369617995
"I",336,"W","I336W",-0.226556815994071
"I",336,"Y","I336Y",-0.190302516051451
"S",337,"A","S337A",-0.0495613224651619
"S",337,"C","S337C",0.00548991317047683
"S",337,"D","S337D",0.0659412400162072
"S",337,"E","S337E",-0.091321899728933
"S",337,"F","S337F",-0.0297561230448827
"S",337,"G","S337G",-0.262206006705824
"S",337,"H","S337H",-0.063581587623733
"S",337,"I","S337I",0.167445858793727
"S",337,"K","S337K",0.120487845023887
"S",337,"L","S337L",0.0243080089594575
"S",337,"M","S337M",0.0970852425304072
"S",337,"N","S337N",-0.00159968334823198
"S",337,"P","S337P",-0.0774784134211625
"S",337,"Q","S337Q",-0.0382610160346425
"S",337,"R","S337R",0.016046615407128
"S",337,"T","S337T",0.222298840854117
"S",337,"V","S337V",0.0113154130858771
"S",337,"W","S337W",-0.0206257891021925
"S",337,"Y","S337Y",-0.096027136366522
"K",338,"A","K338A",0.158575738159825
"K",338,"C","K338C",0.0146738383879552
"K",338,"D","K338D",-0.0273111171824243
"K",338,"E","K338E",-0.0595917164580242
"K",338,"F","K338F",0.0370827832686058
"K",338,"G","K338G",0.164721743739585
"K",338,"H","K338H",0.0827812957246252
"K",338,"I","K338I",-0.0538677734802149
"K",338,"L","K338L",-0.192408716574705
"K",338,"M","K338M",-0.0603201151662351
"K",338,"N","K338N",0.0156455698572651
"K",338,"P","K338P",-0.0744406574954648
"K",338,"Q","K338Q",-0.0792756523510749
"K",338,"R","K338R",-0.112983539046365
"K",338,"S","K338S",0.195838157310045
"K",338,"T","K338T",0.0274211373263556
"K",338,"V","K338V",-0.164412814617805
"K",338,"W","K338W",0.196043520987685
"K",338,"Y","K338Y",-0.0681716823896345
"A",339,"C","A339C",0.168400889020453
"A",339,"D","A339D",-0.030055486239147
"A",339,"E","A339E",-0.0827676292666272
"A",339,"F","A339F",0.0483660801154137
"A",339,"G","A339G",-0.187768648879027
"A",339,"H","A339H",-0.046554111638358
"A",339,"I","A339I",0.00469570175289266
"A",339,"K","A339K",0.0421016463633317
"A",339,"L","A339L",-0.140036526762678
"A",339,"M","A339M",-0.244230149377627
"A",339,"N","A339N",0.0188683889283429
"A",339,"P","A339P",0.0578448281416827
"A",339,"Q","A339Q",-0.143806014299768
"A",339,"R","A339R",-0.0648904800505171
"A",339,"S","A339S",-0.130830728062417
"A",339,"T","A339T",0.204248407884413
"A",339,"V","A339V",0.240580857789543
"A",339,"W","A339W",0.130466321038643
"A",339,"Y","A339Y",0.155366653541453
"K",340,"A","K340A",0.120005565870329
"K",340,"C","K340C",0.11159661764282
"K",340,"D","K340D",-0.0545603393288006
"K",340,"E","K340E",0.0437494973373095
"K",340,"F","K340F",0.0197538863873192
"K",340,"G","K340G",0.0559773614226597
"K",340,"H","K340H",-0.127271356822031
"K",340,"I","K340I",-0.0271523303890305
"K",340,"L","K340L",-0.0436501111981805
"K",340,"M","K340M",-0.1041021436566
"K",340,"N","K340N",0.0369993537153798
"K",340,"P","K340P",0.0154651590643193
"K",340,"Q","K340Q",0.0682054647868493
"K",340,"R","K340R",-0.0609799015298509
"K",340,"S","K340S",0.0336955603489399
"K",340,"T","K340T",0.0547771335452797
"K",340,"V","K340V",0.0453440426922893
"K",340,"W","K340W",-0.0471223607894307
"K",340,"Y","K340Y",-0.140731099099572
"G",341,"A","G341A",-0.0260027433492196
"G",341,"C","G341C",0.0566177968058804
"G",341,"D","G341D",0.0633217848660814
"G",341,"E","G341E",-0.15997050157489
"G",341,"F","G341F",-0.0382686911668186
"G",341,"H","G341H",-0.0507845321149297
"G",341,"I","G341I",0.13685768459216
"G",341,"K","G341K",-0.12936430256887
"G",341,"L","G341L",0.0707139915282103
"G",341,"M","G341M",-0.17305077826187
"G",341,"N","G341N",-0.148342594715229
"G",341,"P","G341P",-0.18197045929399
"G",341,"Q","G341Q",-0.0888912093429487
"G",341,"R","G341R",0.19711629687405
"G",341,"S","G341S",-0.00938746592516965
"G",341,"T","G341T",0.15711338759327
"G",341,"V","G341V",0.25737957039749
"G",341,"W","G341W",0.29161716444851
"G",341,"Y","G341Y",-0.22470439879172
"Q",342,"A","Q342A",-0.0438789160049476
"Q",342,"C","Q342C",0.237642740822372
"Q",342,"D","Q342D",-0.100009807425567
"Q",342,"E","Q342E",-0.0696860519783183
"Q",342,"F","Q342F",-0.0449942773729777
"Q",342,"G","Q342G",-0.125999417035368
"Q",342,"H","Q342H",-0.0486637692207273
"Q",342,"I","Q342I",0.0668346345839621
"Q",342,"K","Q342K",0.0116273879037722
"Q",342,"L","Q342L",-0.0310802500501975
"Q",342,"M","Q342M",-0.00982973437846801
"Q",342,"N","Q342N",-0.275808119275029
"Q",342,"P","Q342P",0.356465228948162
"Q",342,"R","Q342R",-0.0186115797804883
"Q",342,"S","Q342S",0.176521377972212
"Q",342,"T","Q342T",-0.0172206835906675
"Q",342,"V","Q342V",-0.0573433036184381
"Q",342,"W","Q342W",-0.013723877697158
"Q",342,"Y","Q342Y",0.0077584171978719
"P",343,"A","P343A",-0.0508104010730667
"P",343,"C","P343C",-0.0446962909603165
"P",343,"D","P343D",0.148399137720413
"P",343,"E","P343E",-0.0145862848333868
"P",343,"F","P343F",0.153254105998622
"P",343,"G","P343G",-0.0975259201211368
"P",343,"H","P343H",0.0398686462350232
"P",343,"I","P343I",-0.0538078150094271
"P",343,"K","P343K",0.0300275932581834
"P",343,"L","P343L",0.00662420392752314
"P",343,"M","P343M",-0.0827627757603963
"P",343,"N","P343N",-0.0132103436319976
"P",343,"Q","P343Q",-0.00894157914437706
"P",343,"R","P343R",0.0422051397901432
"P",343,"S","P343S",-0.0925093305651964
"P",343,"T","P343T",0.0326126913419832
"P",343,"V","P343V",-0.160207684749447
"P",343,"W","P343W",0.111057919720713
"P",343,"Y","P343Y",0.0550089878561432
"R",344,"A","R344A",0.0143829258153874
"R",344,"C","R344C",-0.0277998513217632
"R",344,"D","R344D",-0.143564670251313
"R",344,"E","R344E",-0.0138763277102125
"R",344,"F","R344F",0.0853077271870472
"R",344,"G","R344G",0.0912346398047972
"R",344,"H","R344H",0.0501919144589769
"R",344,"I","R344I",0.0295846711518975
"R",344,"K","R344K",0.103650020067867
"R",344,"L","R344L",-0.0402388042376227
"R",344,"M","R344M",-0.0478015106798324
"R",344,"N","R344N",-0.0529110662823226
"R",344,"P","R344P",-0.0750803171763321
"R",344,"Q","R344Q",-0.0509364079965131
"R",344,"S","R344S",-0.0754427752613828
"R",344,"T","R344T",0.0638774925505468
"R",344,"V","R344V",0.0269603121691171
"R",344,"Y","R344Y",0.062462027711657
"E",345,"A","E345A",-0.0663533453680666
"E",345,"C","E345C",-0.0676786594227956
"E",345,"D","E345D",-0.00633219165937532
"E",345,"F","E345F",0.000241529496513779
"E",345,"G","E345G",-0.025472823711205
"E",345,"I","E345I",0.026131278144464
"E",345,"K","E345K",-0.0812666825756956
"E",345,"L","E345L",0.0942438381095145
"E",345,"M","E345M",0.0164392792176151
"E",345,"N","E345N",0.0327724305949146
"E",345,"P","E345P",-0.0211211383804753
"E",345,"Q","E345Q",0.088590909126825
"E",345,"R","E345R",0.0544718763698239
"E",345,"S","E345S",0.0293322623702738
"E",345,"T","E345T",-0.00400154965632492
"E",345,"V","E345V",-0.00624773028739542
"E",345,"W","E345W",0.0227676809400649
"E",345,"Y","E345Y",-0.0865169633086756
"P",346,"A","P346A",-0.00753082826460633
"P",346,"C","P346C",-0.0604348899633154
"P",346,"D","P346D",0.145937026565744
"P",346,"E","P346E",0.140967664053733
"P",346,"F","P346F",0.0379080798964742
"P",346,"G","P346G",-0.112466780845655
"P",346,"H","P346H",0.0379938902152542
"P",346,"I","P346I",-0.00183574904642564
"P",346,"K","P346K",0.0726095159311942
"P",346,"L","P346L",-0.191523716146616
"P",346,"M","P346M",-0.0121513274215053
"P",346,"N","P346N",-0.0382255268804857
"P",346,"Q","P346Q",0.147657569950584
"P",346,"R","P346R",-0.175735531181506
"P",346,"S","P346S",-0.0474061072079053
"P",346,"T","P346T",-0.0826972897405255
"P",346,"V","P346V",0.0158484741236337
"P",346,"W","P346W",0.0720422751786442
"P",346,"Y","P346Y",0.0590432507832842
"Q",347,"A","Q347A",0.0171135345125497
"Q",347,"C","Q347C",0.1175823055078
"Q",347,"D","Q347D",-0.0460049090188302
"Q",347,"E","Q347E",0.0498900378606606
"Q",347,"F","Q347F",0.00232847989404012
"Q",347,"G","Q347G",0.0707909302625802
"Q",347,"H","Q347H",-0.0630292442284806
"Q",347,"I","Q347I",-0.11931801536867
"Q",347,"K","Q347K",-0.0657842980024699
"Q",347,"L","Q347L",0.0262177848786098
"Q",347,"M","Q347M",0.00316746016774942
"Q",347,"N","Q347N",0.0553283368510999
"Q",347,"P","Q347P",0.103322518580601
"Q",347,"R","Q347R",-0.09139472372791
"Q",347,"S","Q347S",0.04950247136282
"Q",347,"T","Q347T",-0.05287412331907
"Q",347,"V","Q347V",-0.16005523459112
"Q",347,"W","Q347W",0.05498129559328
"Q",347,"Y","Q347Y",0.0482353927847601
"V",348,"A","V348A",-0.0173255712023222
"V",348,"C","V348C",0.0608949779500075
"V",348,"D","V348D",0.0520245327286874
"V",348,"E","V348E",0.0844836437511473
"V",348,"F","V348F",-0.0354130495894526
"V",348,"G","V348G",0.00357610908724763
"V",348,"H","V348H",0.0747296639410672
"V",348,"I","V348I",-0.0145649606840034
"V",348,"K","V348K",-0.0170441177185329
"V",348,"L","V348L",0.0293853291222269
"V",348,"M","V348M",0.000740909794647332
"V",348,"N","V348N",-0.0919031683759027
"V",348,"P","V348P",-0.053558559295073
"V",348,"Q","V348Q",0.0161067126305171
"V",348,"R","V348R",-0.0733176834499017
"V",348,"S","V348S",0.0799739268595278
"V",348,"T","V348T",-0.0761352964493127
"V",348,"W","V348W",-0.0222098910022427
"V",348,"Y","V348Y",-0.000443508098332768
"Y",349,"A","Y349A",-0.0576803398231863
"Y",349,"C","Y349C",0.0127177698053634
"Y",349,"D","Y349D",-0.0760023858536461
"Y",349,"E","Y349E",0.0251585816009735
"Y",349,"F","Y349F",-0.0917110331792364
"Y",349,"G","Y349G",0.0362701801424136
"Y",349,"H","Y349H",0.288288966820765
"Y",349,"I","Y349I",0.0413353572560042
"Y",349,"K","Y349K",-0.0730805012329861
"Y",349,"L","Y349L",-0.0483043746065868
"Y",349,"M","Y349M",-0.00742324126069633
"Y",349,"N","Y349N",0.0377724369478042
"Y",349,"P","Y349P",0.211913323680704
"Y",349,"Q","Y349Q",-0.0756249053434862
"Y",349,"R","Y349R",-0.0120820671029967
"Y",349,"S","Y349S",-0.0433259619802365
"Y",349,"T","Y349T",-0.0262124886575762
"Y",349,"V","Y349V",0.0270985519774533
"Y",349,"W","Y349W",-0.169107869190846
"T",350,"A","T350A",-0.0194395578369964
"T",350,"C","T350C",0.0549765624516931
"T",350,"D","T350D",-0.0704102592408172
"T",350,"E","T350E",-0.162782939157917
"T",350,"F","T350F",0.108995031224703
"T",350,"G","T350G",0.179266074805113
"T",350,"H","T350H",-0.00336386812782683
"T",350,"I","T350I",-0.0452698620775767
"T",350,"K","T350K",-0.0599183323810069
"T",350,"L","T350L",-0.0409157852649571
"T",350,"M","T350M",0.132041662908033
"T",350,"N","T350N",0.117214699152673
"T",350,"P","T350P",0.129445087454953
"T",350,"Q","T350Q",0.0987041072398633
"T",350,"R","T350R",-0.192773816278138
"T",350,"S","T350S",0.0595703136534533
"T",350,"V","T350V",-0.0644081923434064
"T",350,"W","T350W",-0.076626098550527
"T",350,"Y","T350Y",-0.144304827631317
"L",351,"A","L351A",0.0848610831028079
"L",351,"C","L351C",0.0559033217407375
"L",351,"D","L351D",-0.0440458522899124
"L",351,"E","L351E",-0.0384631894052617
"L",351,"F","L351F",0.063789532485648
"L",351,"G","L351G",0.0271872479101077
"L",351,"H","L351H",-0.0161306419398922
"L",351,"I","L351I",-0.0705220110508019
"L",351,"K","L351K",0.0412860630057882
"L",351,"M","L351M",-0.0227737832633717
"L",351,"N","L351N",-0.112466808971422
"L",351,"P","L351P",-0.0403074115879723
"L",351,"Q","L351Q",-0.0384792317881922
"L",351,"R","L351R",0.102277605133618
"L",351,"S","L351S",-0.0498375106588321
"L",351,"T","L351T",-0.00683240413905248
"L",351,"V","L351V",-0.0339251788807017
"L",351,"W","L351W",0.074733597124388
"L",351,"Y","L351Y",0.0237455734723172
"P",352,"A","P352A",-0.159470350207817
"P",352,"C","P352C",0.283725710760705
"P",352,"D","P352D",-0.0100357254357857
"P",352,"E","P352E",0.0208663547206543
"P",352,"F","P352F",0.0377072977119244
"P",352,"G","P352G",-0.0793442349464357
"P",352,"H","P352H",-0.0795230670625859
"P",352,"I","P352I",0.114513798253454
"P",352,"K","P352K",0.0318557482303044
"P",352,"L","P352L",-0.0459427424401657
"P",352,"M","P352M",-0.0612118776866561
"P",352,"N","P352N",-0.0841127400900865
"P",352,"Q","P352Q",-0.0212811617277062
"P",352,"R","P352R",0.153064798878354
"P",352,"S","P352S",0.0385649764572447
"P",352,"T","P352T",-0.0245715311864664
"P",352,"V","P352V",0.0315168698056547
"P",352,"W","P352W",-0.167254793517246
"P",352,"Y","P352Y",0.0209326694826542
"P",353,"A","P353A",-0.0162637018477982
"P",353,"C","P353C",-0.0217208536947091
"P",353,"D","P353D",-0.0719245540711483
"P",353,"E","P353E",0.017752437864411
"P",353,"F","P353F",0.0451640714739712
"P",353,"G","P353G",-0.044241121579809
"P",353,"H","P353H",0.0395448305198805
"P",353,"I","P353I",0.0512464503904909
"P",353,"K","P353K",0.0580322925026911
"P",353,"L","P353L",0.0507087128996416
"P",353,"M","P353M",-0.0600832405739695
"P",353,"N","P353N",-0.0435440012937091
"P",353,"Q","P353Q",-0.0825829735131586
"P",353,"R","P353R",0.00285249152831105
"P",353,"S","P353S",0.0956592312421208
"P",353,"T","P353T",0.0800351506538311
"P",353,"V","P353V",-0.076675293754379
"P",353,"W","P353W",0.0358392460113109
"P",353,"Y","P353Y",-0.0597991747579789
"S",354,"A","S354A",-0.120629351962318
"S",354,"C","S354C",0.0374634381379915
"S",354,"D","S354D",-0.022077965620638
"S",354,"E","S354E",-0.0376267527144085
"S",354,"F","S354F",-0.0694264298679181
"S",354,"G","S354G",-0.044825965786579
"S",354,"H","S354H",0.275045628017282
"S",354,"I","S354I",-0.136949317424468
"S",354,"K","S354K",0.167464978984401
"S",354,"L","S354L",-0.107382979292688
"S",354,"M","S354M",-0.0565723339854287
"S",354,"N","S354N",0.0281628942582515
"S",354,"P","S354P",-0.0383032600732278
"S",354,"Q","S354Q",-0.0924769721307284
"S",354,"R","S354R",0.136503453172062
"S",354,"T","S354T",0.00628497115102179
"S",354,"V","S354V",-0.0608918464176886
"S",354,"W","S354W",-8.78221537678053e-05
"S",354,"Y","S354Y",0.136325633708852
"R",355,"A","R355A",0.16063683314522
"R",355,"C","R355C",-0.0279863823695403
"R",355,"D","R355D",0.0643448266192794
"R",355,"E","R355E",-0.0404888214023003
"R",355,"F","R355F",0.0663990211526903
"R",355,"G","R355G",-0.0682002255083707
"R",355,"H","R355H",-0.0418070574861109
"R",355,"I","R355I",-0.0256043107659401
"R",355,"K","R355K",-0.0207226835268508
"R",355,"L","R355L",-0.0687011473141008
"R",355,"M","R355M",0.012346876686419
"R",355,"N","R355N",-0.11217534351465
"R",355,"P","R355P",-0.0223316914477203
"R",355,"Q","R355Q",0.104400043789369
"R",355,"S","R355S",-0.0873977232004602
"R",355,"T","R355T",-0.14107554327872
"R",355,"V","R355V",-0.0341255520894008
"R",355,"W","R355W",0.25124675730172
"R",355,"Y","R355Y",0.0312421232094695
"D",356,"A","D356A",-0.0721500164524299
"D",356,"C","D356C",0.11530464121361
"D",356,"E","D356E",-0.0145610640180797
"D",356,"F","D356F",-0.03013702214237
"D",356,"G","D356G",0.0700983845813004
"D",356,"H","D356H",-0.0395768436360204
"D",356,"I","D356I",-0.109776473698581
"D",356,"K","D356K",0.06485956063946
"D",356,"L","D356L",0.00720039984272039
"D",356,"M","D356M",0.1272354975494
"D",356,"N","D356N",-0.00303671017363041
"D",356,"P","D356P",0.0173040835190404
"D",356,"Q","D356Q",-0.0287420672905098
"D",356,"R","D356R",0.00935961600082049
"D",356,"S","D356S",0.0981240668453203
"D",356,"T","D356T",0.0197930947898004
"D",356,"V","D356V",-0.0460911725453701
"D",356,"W","D356W",-0.0552744882769702
"D",356,"Y","D356Y",-0.129933486747511
"E",357,"A","E357A",0.0481456909718628
"E",357,"C","E357C",-0.0272811809219781
"E",357,"D","E357D",-0.190043876062398
"E",357,"F","E357F",-0.00727055518348767
"E",357,"G","E357G",0.0512091815084226
"E",357,"H","E357H",-0.0361278295674081
"E",357,"I","E357I",-0.0108653724396177
"E",357,"K","E357K",0.115597490384252
"E",357,"L","E357L",0.0804608142609622
"E",357,"M","E357M",0.0118616412493725
"E",357,"N","E357N",0.0060562989236824
"E",357,"Q","E357Q",0.0490190988883824
"E",357,"R","E357R",0.0989495337905116
"E",357,"S","E357S",-0.0409664277011083
"E",357,"T","E357T",-0.162690635735048
"E",357,"V","E357V",0.0738724343886519
"E",357,"W","E357W",-0.0286042251005573
"E",357,"Y","E357Y",-0.0313220816544976
"L",358,"A","L358A",0.0261656442981154
"L",358,"C","L358C",0.0232674782512058
"L",358,"D","L358D",0.0615709536949452
"L",358,"E","L358E",-0.0382012365064451
"L",358,"F","L358F",0.0543138699192157
"L",358,"G","L358G",-0.0273978538929344
"L",358,"H","L358H",0.0183417577302455
"L",358,"I","L358I",0.112512879273685
"L",358,"K","L358K",-0.0361082841574453
"L",358,"M","L358M",0.000454773542005387
"L",358,"N","L358N",-0.0451710807186349
"L",358,"P","L358P",-0.163434849227005
"L",358,"Q","L358Q",0.0513985278798449
"L",358,"R","L358R",0.0401187201225456
"L",358,"S","L358S",-3.19677887243124e-05
"L",358,"T","L358T",-0.0514257859544746
"L",358,"V","L358V",0.0529854482391151
"L",358,"W","L358W",-0.0686564582846249
"L",358,"Y","L358Y",-0.0107025364206349
"T",359,"A","T359A",-0.0316683045576096
"T",359,"C","T359C",0.0426221300102108
"T",359,"D","T359D",-0.0708865764606891
"T",359,"E","T359E",0.0467925198324309
"T",359,"F","T359F",-0.0257995903245187
"T",359,"G","T359G",-0.0180826122189396
"T",359,"H","T359H",0.255005133467771
"T",359,"I","T359I",0.089013191725321
"T",359,"K","T359K",0.0203677560061811
"T",359,"L","T359L",-0.00406525267884867
"T",359,"M","T359M",-0.229145220874309
"T",359,"N","T359N",-0.0787673084095987
"T",359,"P","T359P",-0.111861412124079
"T",359,"Q","T359Q",0.0252056360959015
"T",359,"R","T359R",-0.0508047155002491
"T",359,"S","T359S",-0.0488162153215898
"T",359,"V","T359V",0.0874189558549313
"T",359,"W","T359W",-0.0441772223726384
"T",359,"Y","T359Y",0.147649107850322
"K",360,"A","K360A",-0.020591674234335
"K",360,"C","K360C",0.0707123768660556
"K",360,"D","K360D",0.0535168034877649
"K",360,"E","K360E",0.0195837357254454
"K",360,"F","K360F",-0.0453114869146547
"K",360,"G","K360G",-0.0689295485587444
"K",360,"H","K360H",-0.0444430325924547
"K",360,"I","K360I",0.288501961432465
"K",360,"L","K360L",-0.0781184780672839
"K",360,"M","K360M",0.0729831969694854
"K",360,"N","K360N",0.127218086130605
"K",360,"P","K360P",-0.132736817294945
"K",360,"Q","K360Q",-0.387647480774886
"K",360,"R","K360R",-0.0766626140764655
"K",360,"S","K360S",0.103847599486446
"K",360,"T","K360T",0.0640918482356256
"K",360,"V","K360V",-0.0294894830138745
"K",360,"W","K360W",0.106505624193175
"K",360,"Y","K360Y",-0.0230306169994248
"N",361,"A","N361A",-0.00421892169117027
"N",361,"C","N361C",-0.0131731926804512
"N",361,"D","N361D",0.0160556118173192
"N",361,"E","N361E",0.0190035878378892
"N",361,"F","N361F",0.157289184726749
"N",361,"G","N361G",0.0408905048938194
"N",361,"H","N361H",-0.0587362446007206
"N",361,"I","N361I",0.0312875340991497
"N",361,"K","N361K",0.0435796828794191
"N",361,"L","N361L",-0.0496133983500604
"N",361,"M","N361M",-0.0769341959942216
"N",361,"P","N361P",-0.0562299453656303
"N",361,"Q","N361Q",-0.0506579779775897
"N",361,"R","N361R",0.0593530712211292
"N",361,"S","N361S",-0.00785208108888017
"N",361,"T","N361T",0.10906865110615
"N",361,"V","N361V",-0.149987328499531
"N",361,"W","N361W",0.017858112129189
"N",361,"Y","N361Y",-0.0269826544625599
"Q",362,"A","Q362A",-0.0763810002231111
"Q",362,"C","Q362C",-0.073411544240811
"Q",362,"D","Q362D",-0.37019294896934
"Q",362,"E","Q362E",0.0504373800066291
"Q",362,"F","Q362F",0.0171028384241499
"Q",362,"G","Q362G",0.170654486253299
"Q",362,"H","Q362H",0.00506817176021968
"Q",362,"I","Q362I",0.155088454161749
"Q",362,"K","Q362K",0.0988094389953591
"Q",362,"L","Q362L",0.0448278064907297
"Q",362,"M","Q362M",0.108079149655089
"Q",362,"N","Q362N",-0.121964471257401
"Q",362,"P","Q362P",-0.153623027852031
"Q",362,"R","Q362R",-0.0629751721228502
"Q",362,"S","Q362S",0.0829226289972993
"Q",362,"T","Q362T",-0.0902442461854307
"Q",362,"V","Q362V",0.0792047032710401
"Q",362,"W","Q362W",0.102611251917589
"Q",362,"Y","Q362Y",0.0339861009178202
"V",363,"A","V363A",0.10142408424703
"V",363,"C","V363C",-0.09491247419358
"V",363,"D","V363D",-0.0527469599526005
"V",363,"E","V363E",-0.0470008019537302
"V",363,"F","V363F",0.00602126063717059
"V",363,"G","V363G",0.0931435667541396
"V",363,"H","V363H",0.1112654414381
"V",363,"I","V363I",0.00347811229885012
"V",363,"K","V363K",0.0164315880599593
"V",363,"L","V363L",-0.0281509950201095
"V",363,"M","V363M",-0.0289834174814198
"V",363,"N","V363N",-0.20640885991935
"V",363,"P","V363P",0.00538099658220006
"V",363,"Q","V363Q",-0.05681577157439
"V",363,"R","V363R",0.00317925293483026
"V",363,"S","V363S",0.0931107638736903
"V",363,"T","V363T",0.00356341471221946
"V",363,"W","V363W",0.03517928645176
"V",363,"Y","V363Y",0.0428415121052299
"S",364,"A","S364A",-0.127446726994731
"S",364,"C","S364C",0.0195927580834491
"S",364,"D","S364D",-0.0550998924030109
"S",364,"E","S364E",0.0639706702558692
"S",364,"F","S364F",-0.107848687050331
"S",364,"G","S364G",0.169712900319619
"S",364,"H","S364H",0.124634937062198
"S",364,"I","S364I",0.0373353794267789
"S",364,"K","S364K",0.0258742058114189
"S",364,"L","S364L",-0.0125630269379414
"S",364,"M","S364M",-0.0403089444081811
"S",364,"N","S364N",-0.0581996958624909
"S",364,"P","S364P",-0.0543690139997906
"S",364,"Q","S364Q",-0.0125128178831218
"S",364,"R","S364R",0.0321986190033691
"S",364,"T","S364T",0.0364401833417597
"S",364,"V","S364V",0.0117390054982595
"S",364,"W","S364W",0.00665565351297857
"S",364,"Y","S364Y",-0.0598055067761006
"L",365,"A","L365A",0.0020245867803979
"L",365,"C","L365C",0.0807658515129484
"L",365,"D","L365D",-0.047592541383252
"L",365,"E","L365E",-0.0153802162166016
"L",365,"F","L365F",0.0190717023117786
"L",365,"G","L365G",-0.0278203454807715
"L",365,"H","L365H",0.0339753578668878
"L",365,"I","L365I",-0.040462657477301
"L",365,"K","L365K",-0.0795380937780818
"L",365,"M","L365M",0.210461906221918
"L",365,"N","L365N",-0.016824900528132
"L",365,"P","L365P",0.0761582288900884
"L",365,"Q","L365Q",-0.00548557882496076
"L",365,"R","L365R",-0.0472063032113514
"L",365,"S","L365S",-0.116041320013122
"L",365,"T","L365T",-0.0154983358398717
"L",365,"W","L365W",-0.0109307539921623
"L",365,"Y","L365Y",0.000323413161588196
"T",366,"A","T366A",-0.00610401954419496
"T",366,"C","T366C",0.228862223809635
"T",366,"D","T366D",0.0656070715551043
"T",366,"E","T366E",-0.134810029463005
"T",366,"F","T366F",-0.0201525296829954
"T",366,"G","T366G",-0.0404285944035851
"T",366,"H","T366H",-0.066560125840345
"T",366,"I","T366I",0.302689414664995
"T",366,"K","T366K",-0.0507884797670559
"T",366,"L","T366L",0.00251580987734486
"T",366,"M","T366M",-0.0440975233724756
"T",366,"N","T366N",0.0353930722624647
"T",366,"P","T366P",-0.0740828243928646
"T",366,"Q","T366Q",0.0120460780300749
"T",366,"R","T366R",-0.0556441352917651
"T",366,"S","T366S",-0.187863325081105
"T",366,"V","T366V",0.115565709693915
"T",366,"W","T366W",-0.0927659985035953
"T",366,"Y","T366Y",0.0106182054494542
"C",367,"A","C367A",0.024041467075031
"C",367,"D","C367D",0.0992536778255095
"C",367,"E","C367E",-0.0616048837517603
"C",367,"F","C367F",-0.0625978433924997
"C",367,"G","C367G",-0.0236755267689898
"C",367,"H","C367H",-0.0786472105355497
"C",367,"I","C367I",0.103405656899181
"C",367,"K","C367K",-0.057478373367999
"C",367,"L","C367L",-0.0725264428829992
"C",367,"M","C367M",0.0842031323118805
"C",367,"N","C367N",0.129633265521201
"C",367,"P","C367P",-0.01645241621782
"C",367,"Q","C367Q",0.12697049111236
"C",367,"R","C367R",-0.24939193209081
"C",367,"S","C367S",-0.0211464235665094
"C",367,"T","C367T",0.0110613471846402
"C",367,"V","C367V",0.0580509773815508
"C",367,"W","C367W",-0.0436045882714794
"C",367,"Y","C367Y",0.0505056255350608
"L",368,"A","L368A",-0.0444084076390308
"L",368,"C","L368C",-0.083206571188331
"L",368,"D","L368D",0.0600494920896785
"L",368,"E","L368E",-0.0924369215468213
"L",368,"F","L368F",0.0670209938553494
"L",368,"G","L368G",-0.0757442139121407
"L",368,"H","L368H",0.161249997247079
"L",368,"I","L368I",-0.0626008244554806
"L",368,"K","L368K",-0.0422945944405609
"L",368,"M","L368M",0.186558337548199
"L",368,"N","L368N",-0.0483068269592915
"L",368,"P","L368P",-0.22243692154682
"L",368,"Q","L368Q",-0.0249961237729207
"L",368,"R","L368R",0.0952547312276589
"L",368,"S","L368S",-0.070667545148381
"L",368,"T","L368T",0.0154784428143388
"L",368,"V","L368V",0.0475630784531793
"L",368,"W","L368W",0.174396454676248
"L",368,"Y","L368Y",-0.0404725773019515
"V",369,"A","V369A",-0.00944109101840095
"V",369,"C","V369C",-0.102001009940311
"V",369,"D","V369D",0.17366726442405
"V",369,"E","V369E",0.24194121697873
"V",369,"F","V369F",-0.113333434262081
"V",369,"G","V369G",-0.0528756535713318
"V",369,"H","V369H",0.181240531994679
"V",369,"I","V369I",0.207171232789639
"V",369,"L","V369L",-0.119191844806201
"V",369,"M","V369M",-0.128522994278241
"V",369,"N","V369N",-0.0890614726455817
"V",369,"P","V369P",0.163019939351018
"V",369,"Q","V369Q",-0.0854877409182707
"V",369,"R","V369R",-0.0420723657222307
"V",369,"S","V369S",0.033085312793889
"V",369,"W","V369W",-0.139557974980192
"V",369,"Y","V369Y",-0.118579916189161
"K",370,"C","K370C",-0.0710017188582492
"K",370,"D","K370D",0.049831478981151
"K",370,"E","K370E",0.171322291937291
"K",370,"F","K370F",-0.0243273773264896
"K",370,"G","K370G",0.0297468164161403
"K",370,"H","K370H",0.0713993143168104
"K",370,"I","K370I",-0.0412062482680291
"K",370,"L","K370L",0.0307283161146704
"K",370,"M","K370M",0.167563350230681
"K",370,"N","K370N",0.128941124109351
"K",370,"P","K370P",-0.00205525545861018
"K",370,"Q","K370Q",-0.0336900503959292
"K",370,"R","K370R",-0.0181853205310593
"K",370,"S","K370S",-0.160131264775869
"K",370,"T","K370T",0.0125457673096508
"K",370,"V","K370V",0.0103019496197998
"K",370,"W","K370W",-0.112830311417559
"K",370,"Y","K370Y",-0.208952862003749
"G",371,"A","G371A",-0.131781465138898
"G",371,"C","G371C",0.012618183524052
"G",371,"D","G371D",0.0912727060920313
"G",371,"E","G371E",-0.0230946441283189
"G",371,"F","G371F",-0.0348063454623986
"G",371,"H","G371H",-0.0537679721086082
"G",371,"I","G371I",0.0632919935591414
"G",371,"K","G371K",0.0455699963982818
"G",371,"L","G371L",-0.0145145474761284
"G",371,"M","G371M",-0.100122409185749
"G",371,"N","G371N",0.0561295744083721
"G",371,"P","G371P",0.155442600833652
"G",371,"Q","G371Q",-0.031759630754548
"G",371,"R","G371R",0.107928692991143
"G",371,"S","G371S",0.0820461661441716
"G",371,"T","G371T",-0.0857036578633783
"G",371,"V","G371V",-0.153377912462258
"G",371,"W","G371W",0.00133182973879116
"G",371,"Y","G371Y",0.0132968408906511
"F",372,"A","F372A",0.0888245854861584
"F",372,"C","F372C",-0.271052566145862
"F",372,"D","F372D",0.563469743349359
"F",372,"E","F372E",0.154955999168358
"F",372,"G","F372G",-0.143510667083921
"F",372,"H","F372H",-0.00522076997035265
"F",372,"I","F372I",0.0347409472500284
"F",372,"K","F372K",0.198811446467458
"F",372,"L","F372L",0.000883485863288375
"F",372,"M","F372M",-0.242880302276012
"F",372,"N","F372N",-0.259861105101782
"F",372,"P","F372P",-0.123631530744112
"F",372,"Q","F372Q",0.00729317572925836
"F",372,"R","F372R",0.288947433854138
"F",372,"S","F372S",-0.141052566145861
"F",372,"T","F372T",-0.0794756611586219
"F",372,"V","F372V",-0.218376954169431
"F",372,"W","F372W",0.133909046652908
"F",372,"Y","F372Y",0.0132262589749984
"Y",373,"A","Y373A",0.0139779557536225
"Y",373,"C","Y373C",-0.114815275030567
"Y",373,"D","Y373D",0.165410368591313
"Y",373,"E","Y373E",-0.0805462802964874
"Y",373,"F","Y373F",-0.0488859757004168
"Y",373,"G","Y373G",-0.110297630635426
"Y",373,"H","Y373H",0.0960299364534327
"Y",373,"I","Y373I",-0.0146872190369881
"Y",373,"K","Y373K",0.104778752747203
"Y",373,"L","Y373L",0.0114056367654224
"Y",373,"M","Y373M",-0.00145227988781749
"Y",373,"N","Y373N",0.0106987960589427
"Y",373,"P","Y373P",0.0812583438926033
"Y",373,"Q","Y373Q",0.0259429331803921
"Y",373,"R","Y373R",-0.198948287673427
"Y",373,"S","Y373S",-0.0799728015118469
"Y",373,"T","Y373T",-0.0475604428788678
"Y",373,"V","Y373V",0.154184671023933
"Y",373,"W","Y373W",0.0334787981849826
"P",374,"A","P374A",-0.188663904762255
"P",374,"C","P374C",0.0399318707161458
"P",374,"D","P374D",0.0839343309920748
"P",374,"E","P374E",0.132190370354476
"P",374,"F","P374F",0.0422142182524758
"P",374,"G","P374G",-0.0931816282042442
"P",374,"H","P374H",0.0669083360064668
"P",374,"I","P374I",0.0212296263809568
"P",374,"K","P374K",0.0863391506617068
"P",374,"L","P374L",0.0728209264605358
"P",374,"M","P374M",0.0127068441466448
"P",374,"N","P374N",-0.190569701686754
"P",374,"Q","P374Q",0.0438032355948458
"P",374,"R","P374R",-0.0928717381451239
"P",374,"S","P374S",-0.107853916038804
"P",374,"T","P374T",-0.179804459399494
"P",374,"V","P374V",0.0247991277688258
"P",374,"W","P374W",0.128207345008245
"P",374,"Y","P374Y",0.0978599658932758
"S",375,"A","S375A",0.0883338085995074
"S",375,"C","S375C",-0.0281462377978125
"S",375,"D","S375D",0.0427162965354682
"S",375,"E","S375E",-0.00971392434846269
"S",375,"F","S375F",-0.0397878748248232
"S",375,"G","S375G",-0.128153374865703
"S",375,"H","S375H",-0.0881386652132332
"S",375,"I","S375I",0.154188659632148
"S",375,"K","S375K",-0.228568844652273
"S",375,"L","S375L",0.127787342583247
"S",375,"M","S375M",-0.0485945794863025
"S",375,"N","S375N",-0.116259000119122
"S",375,"P","S375P",-0.104955918324932
"S",375,"Q","S375Q",-0.0295328323631429
"S",375,"R","S375R",0.0652521686409871
"S",375,"T","S375T",0.000918434046716828
"S",375,"V","S375V",0.211253294690747
"S",375,"W","S375W",0.0387283101041374
"S",375,"Y","S375Y",0.0926729371628464
"D",376,"A","D376A",-0.0374747187249096
"D",376,"C","D376C",-0.0199047489513904
"D",376,"E","D376E",-0.0428843439005296
"D",376,"F","D376F",0.23514436052394
"D",376,"G","D376G",-0.238211842833529
"D",376,"H","D376H",-0.13577605502098
"D",376,"I","D376I",0.0443012508800195
"D",376,"K","D376K",0.01601252858899
"D",376,"L","D376L",0.0368472161184498
"D",376,"M","D376M",0.00260920728411006
"D",376,"N","D376N",-0.0451023755309604
"D",376,"P","D376P",0.06243362355264
"D",376,"Q","D376Q",0.0193785412653804
"D",376,"R","D376R",0.21522843444846
"D",376,"S","D376S",0.08812250848988
"D",376,"T","D376T",-0.0500225282522602
"D",376,"V","D376V",0.00220962907733006
"D",376,"W","D376W",-0.16167761743708
"D",376,"Y","D376Y",0.00876693042243976
"I",377,"A","I377A",0.14703619304431
"I",377,"C","I377C",0.0171086617251404
"I",377,"D","I377D",-0.25427715936034
"I",377,"E","I377E",0.00690278793672991
"I",377,"F","I377F",0.0939854656853805
"I",377,"G","I377G",-0.0361546324753097
"I",377,"H","I377H",0.16037335047615
"I",377,"K","I377K",-0.01761390910282
"I",377,"L","I377L",-0.0247639372320498
"I",377,"M","I377M",-0.0364811907413504
"I",377,"N","I377N",-0.0760933915894397
"I",377,"P","I377P",-0.0381690363234104
"I",377,"Q","I377Q",-0.0110042650188195
"I",377,"R","I377R",-0.08274993153853
"I",377,"S","I377S",-0.00650639489810026
"I",377,"T","I377T",-0.26812295013457
"I",377,"V","I377V",-0.0625446540691005
"I",377,"W","I377W",0.0813425793208702
"I",377,"Y","I377Y",0.407732414295259
"A",378,"C","A378C",0.0545661965067397
"A",378,"D","A378D",0.00315675878381997
"A",378,"E","A378E",0.0759731334669991
"A",378,"F","A378F",0.128290917722389
"A",378,"G","A378G",-0.0258359709174703
"A",378,"H","A378H",-0.0719256747701302
"A",378,"I","A378I",0.165895695289179
"A",378,"K","A378K",-0.0887601661921704
"A",378,"L","A378L",-0.139358046383331
"A",378,"M","A378M",-0.274816590423761
"A",378,"N","A378N",0.097642582575189
"A",378,"P","A378P",0.330746762905439
"A",378,"Q","A378Q",-0.0731107534634004
"A",378,"R","A378R",-0.0466560906660605
"A",378,"S","A378S",-0.0430828366398806
"A",378,"T","A378T",0.0334712898985487
"A",378,"V","A378V",0.110671874096039
"A",378,"W","A378W",-0.101008570629391
"A",378,"Y","A378Y",-0.135860511158751
"V",379,"A","V379A",-0.245956820063835
"V",379,"C","V379C",-0.0754649469043542
"V",379,"D","V379D",0.0879554475690255
"V",379,"E","V379E",0.0901082853993459
"V",379,"F","V379F",0.186687458933455
"V",379,"G","V379G",0.141539927200976
"V",379,"H","V379H",-0.0584258413962341
"V",379,"I","V379I",0.000369166087636255
"V",379,"K","V379K",-0.0739324796044842
"V",379,"L","V379L",-0.020571285290094
"V",379,"M","V379M",-0.153520786867243
"V",379,"N","V379N",0.053083628036836
"V",379,"P","V379P",0.0897539145055665
"V",379,"Q","V379Q",0.0522754826784963
"V",379,"R","V379R",-0.215868017683714
"V",379,"S","V379S",-0.00495722243862395
"V",379,"T","V379T",-0.0572271639348143
"V",379,"W","V379W",0.00935748203642559
"V",379,"Y","V379Y",0.194793771735636
"E",380,"A","E380A",-0.071491111766514
"E",380,"C","E380C",-0.077341536136724
"E",380,"D","E380D",0.0737205142076364
"E",380,"F","E380F",0.110699511810436
"E",380,"G","E380G",-0.064055167877564
"E",380,"H","E380H",0.108995923569866
"E",380,"I","E380I",-0.0107910042382241
"E",380,"K","E380K",-0.049029811958954
"E",380,"L","E380L",0.000835044329635638
"E",380,"M","E380M",-0.0141720709556344
"E",380,"N","E380N",-0.00795563796557346
"E",380,"P","E380P",0.00588340561297614
"E",380,"Q","E380Q",0.00550166157988594
"E",380,"R","E380R",0.0860363361183155
"E",380,"S","E380S",0.0354275462498565
"E",380,"T","E380T",0.00291054716481674
"E",380,"V","E380V",-0.089146822791754
"E",380,"Y","E380Y",-0.046027326952484
"W",381,"A","W381A",0.0359328056131934
"W",381,"C","W381C",-0.103124959159087
"W",381,"D","W381D",0.799553438326583
"W",381,"E","W381E",0.0715459590642634
"W",381,"F","W381F",-0.0663897250758363
"W",381,"G","W381G",0.136215163954013
"W",381,"H","W381H",-0.0611669814058362
"W",381,"I","W381I",0.0108990257508137
"W",381,"K","W381K",-0.0883173051056265
"W",381,"L","W381L",0.0973207711486134
"W",381,"M","W381M",-0.109819476865407
"W",381,"N","W381N",-0.263561281087057
"W",381,"P","W381P",0.0436856576831444
"W",381,"R","W381R",-0.246801220056866
"W",381,"T","W381T",-0.0725243554566268
"W",381,"V","W381V",-0.0447332144411363
"W",381,"Y","W381Y",-0.138714302887147
"E",382,"A","E382A",0.0616883653776566
"E",382,"C","E382C",-0.0525634445625032
"E",382,"D","E382D",0.0799271467654565
"E",382,"F","E382F",0.0101030625591261
"E",382,"G","E382G",0.0466566388548959
"E",382,"H","E382H",-0.102214480117094
"E",382,"I","E382I",0.0297143116238863
"E",382,"K","E382K",0.0411935684736762
"E",382,"L","E382L",0.0203178809655464
"E",382,"M","E382M",-0.240219953198403
"E",382,"N","E382N",0.00218064531403631
"E",382,"P","E382P",-0.145280723510644
"E",382,"Q","E382Q",0.029091515935016
"E",382,"R","E382R",-0.00940438431646368
"E",382,"S","E382S",0.056335718478006
"E",382,"T","E382T",0.0552409628311168
"E",382,"V","E382V",0.00751671668206581
"E",382,"W","E382W",0.0864056218665061
"E",382,"Y","E382Y",0.0233108299781162
"S",383,"A","S383A",0.100764971681213
"S",383,"C","S383C",0.141053089205092
"S",383,"D","S383D",-0.0161582234727188
"S",383,"E","S383E",-0.0452277202053088
"S",383,"F","S383F",-0.111755816250388
"S",383,"G","S383G",-0.0238855093897085
"S",383,"H","S383H",-0.0314146442003981
"S",383,"I","S383I",0.0399187818050711
"S",383,"K","S383K",0.0300909509095316
"S",383,"L","S383L",-0.0642658962807484
"S",383,"M","S383M",0.191413138675172
"S",383,"N","S383N",-0.164832540361898
"S",383,"P","S383P",-0.136811384501278
"S",383,"Q","S383Q",0.145680399364292
"S",383,"R","S383R",0.0469046485805423
"S",383,"T","S383T",0.00258141571999156
"S",383,"V","S383V",-0.0827618436923586
"S",383,"W","S383W",0.0248881015992209
"S",383,"Y","S383Y",-0.0461819191853183
"N",384,"A","N384A",-0.00188269642693955
"N",384,"C","N384C",-0.000819775234499769
"N",384,"D","N384D",-0.0302958154587395
"N",384,"E","N384E",-0.10297443115951
"N",384,"F","N384F",-0.0158344953794193
"N",384,"G","N384G",0.0269424327080702
"N",384,"H","N384H",0.016778806517001
"N",384,"I","N384I",-0.0627670760784992
"N",384,"K","N384K",-0.0289648851048893
"N",384,"L","N384L",0.00942999900636007
"N",384,"M","N384M",0.0269650838024108
"N",384,"P","N384P",-0.0898847600298095
"N",384,"Q","N384Q",0.0174751898730506
"N",384,"R","N384R",0.04836123015958
"N",384,"S","N384S",0.103562861633601
"N",384,"T","N384T",0.0802621053053006
"N",384,"V","N384V",-0.0164230150027091
"N",384,"W","N384W",0.0729029100183006
"N",384,"Y","N384Y",-0.0528336691486599
"G",385,"A","G385A",0.0895878685128218
"G",385,"C","G385C",0.0558833872080825
"G",385,"D","G385D",-0.0962013501088279
"G",385,"E","G385E",-0.0656436917703382
"G",385,"F","G385F",0.00804091449690183
"G",385,"H","G385H",0.0951491697615119
"G",385,"I","G385I",-0.0467976394119682
"G",385,"K","G385K",0.0010842391909123
"G",385,"L","G385L",-0.0533369930392779
"G",385,"M","G385M",0.023675004087582
"G",385,"N","G385N",-0.0548396094180778
"G",385,"P","G385P",-0.0195407233487381
"G",385,"Q","G385Q",0.0711082225983824
"G",385,"R","G385R",0.144207494846952
"G",385,"S","G385S",-0.0723495178489572
"G",385,"T","G385T",0.0231826795989723
"G",385,"V","G385V",-0.0713327272993173
"G",385,"W","G385W",-0.0567259861337079
"G",385,"Y","G385Y",0.0248492580770921
"Q",386,"A","Q386A",0.0296199463004406
"Q",386,"C","Q386C",0.0468854768338898
"Q",386,"D","Q386D",0.0590696338284001
"Q",386,"E","Q386E",0.0613409764153495
"Q",386,"F","Q386F",-0.00749931275570991
"Q",386,"G","Q386G",0.0346490708643299
"Q",386,"H","Q386H",-0.00504679504774011
"Q",386,"I","Q386I",-0.04681221721617
"Q",386,"K","Q386K",0.0124558813126901
"Q",386,"L","Q386L",-0.0769928544150799
"Q",386,"M","Q386M",0.0158851218673495
"Q",386,"N","Q386N",0.00407746597963989
"Q",386,"P","Q386P",-0.0992823069008699
"Q",386,"R","Q386R",-0.0917344766822099
"Q",386,"S","Q386S",0.0715957069100602
"Q",386,"V","Q386V",-0.00651934986597031
"Q",386,"W","Q386W",-0.0724267522421099
"Q",386,"Y","Q386Y",0.0707347848137104
"P",387,"A","P387A",-0.000613290085676446
"P",387,"C","P387C",-0.0514992068670261
"P",387,"D","P387D",-0.00680040812857607
"P",387,"E","P387E",-0.113858633511556
"P",387,"F","P387F",-0.0266789896341463
"P",387,"G","P387G",-0.0203543368714968
"P",387,"H","P387H",0.0969363985343342
"P",387,"I","P387I",-0.0757970808044763
"P",387,"K","P387K",-0.0492696982554956
"P",387,"M","P387M",-0.0561987615002761
"P",387,"N","P387N",-0.00666112605741598
"P",387,"Q","P387Q",0.0509610159727133
"P",387,"R","P387R",-0.0965703760127156
"P",387,"S","P387S",0.0480073419885641
"P",387,"T","P387T",0.0646081853214134
"P",387,"V","P387V",0.133209407670964
"P",387,"W","P387W",-0.0460059066263959
"P",387,"Y","P387Y",0.156585464867264
"E",388,"A","E388A",-0.151146248630584
"E",388,"C","E388C",-0.112169918853704
"E",388,"D","E388D",0.0607020967036861
"E",388,"F","E388F",0.0490673560383367
"E",388,"G","E388G",-0.0306200230858441
"E",388,"H","E388H",0.0296640849406461
"E",388,"I","E388I",0.0787336252739169
"E",388,"K","E388K",0.0433535645072959
"E",388,"L","E388L",-0.169459524636294
"E",388,"M","E388M",0.134984531072396
"E",388,"N","E388N",-0.0374468960548135
"E",388,"P","E388P",-0.0309082119593834
"E",388,"Q","E388Q",-0.0435468724849332
"E",388,"R","E388R",-0.0405189088236931
"E",388,"S","E388S",0.0387281977220058
"E",388,"T","E388T",0.00820450284461589
"E",388,"V","E388V",0.0162179664555958
"E",388,"W","E388W",0.222045834498626
"E",388,"Y","E388Y",-0.0658851555278729
"N",389,"A","N389A",-0.0929131621194109
"N",389,"C","N389C",-0.00880783304681004
"N",389,"D","N389D",-0.0930775928003199
"N",389,"E","N389E",-0.119505796738459
"N",389,"F","N389F",0.0586686484890803
"N",389,"G","N389G",0.0133999984248396
"N",389,"H","N389H",0.21002027642403
"N",389,"I","N389I",-0.0838336538967099
"N",389,"K","N389K",0.0825799394567108
"N",389,"L","N389L",0.12387852208438
"N",389,"M","N389M",-0.0360742685945004
"N",389,"P","N389P",0.0463113272802299
"N",389,"Q","N389Q",-0.0301393832293602
"N",389,"R","N389R",0.0154324225229507
"N",389,"S","N389S",0.0808334690422498
"N",389,"T","N389T",-0.0383980247135199
"N",389,"V","N389V",-0.0301460370127005
"N",389,"W","N389W",-0.000746540192109936
"N",389,"Y","N389Y",-0.0974823113805699
"N",390,"A","N390A",0.128939518973431
"N",390,"C","N390C",0.0284067280641213
"N",390,"D","N390D",0.125083232048991
"N",390,"E","N390E",0.0205194612390213
"N",390,"F","N390F",-0.165461656477069
"N",390,"G","N390G",0.0416943439667818
"N",390,"H","N390H",0.0270535831596117
"N",390,"I","N390I",-0.0280132220357086
"N",390,"K","N390K",-0.0381439528230887
"N",390,"L","N390L",-0.0316155505527585
"N",390,"M","N390M",-0.0379834915797686
"N",390,"P","N390P",0.0782343428142917
"N",390,"Q","N390Q",0.0135429038178118
"N",390,"R","N390R",-0.0340542905201487
"N",390,"S","N390S",-0.0717632511759181
"N",390,"T","N390T",-0.00492278418926785
"N",390,"V","N390V",-0.136420591986569
"N",390,"W","N390W",0.0866059620538122
"N",390,"Y","N390Y",-0.00170128479757904
"Y",391,"A","Y391A",-0.0134130162607486
"Y",391,"C","Y391C",0.0541846973588913
"Y",391,"D","Y391D",0.0168416068215103
"Y",391,"E","Y391E",-0.0199097076018
"Y",391,"F","Y391F",0.35173045284973
"Y",391,"G","Y391G",-0.19019857096383
"Y",391,"H","Y391H",-0.0145722856716399
"Y",391,"I","Y391I",-0.00010632288461963
"Y",391,"K","Y391K",-0.0814142880541291
"Y",391,"L","Y391L",-0.0214543693499292
"Y",391,"M","Y391M",-0.0628031604607089
"Y",391,"N","Y391N",0.16850951352023
"Y",391,"P","Y391P",0.0235286203567608
"Y",391,"Q","Y391Q",-0.122871526940469
"Y",391,"R","Y391R",0.0438807225909605
"Y",391,"S","Y391S",-0.0186616238765196
"Y",391,"V","Y391V",-0.0897107071163501
"Y",391,"W","Y391W",-0.0235600343173395
"K",392,"A","K392A",0.0105000704841905
"K",392,"C","K392C",-0.0052476564574588
"K",392,"D","K392D",-0.0689475995219597
"K",392,"E","K392E",-0.0036149713855202
"K",392,"F","K392F",-0.0960332079767994
"K",392,"G","K392G",-0.12116591692845
"K",392,"H","K392H",0.0774880543151913
"K",392,"I","K392I",0.0817960444639408
"K",392,"L","K392L",0.0666538839694005
"K",392,"M","K392M",0.0230744122783105
"K",392,"N","K392N",-0.0221809041042488
"K",392,"P","K392P",0.272853964926681
"K",392,"Q","K392Q",0.0078971024955506
"K",392,"R","K392R",-0.206913443705489
"K",392,"S","K392S",-0.0269766807292199
"K",392,"T","K392T",0.0379848333154006
"K",392,"V","K392V",-0.0430202516075599
"K",392,"W","K392W",-0.0846700827714494
"K",392,"Y","K392Y",0.10052234893949
"T",393,"A","T393A",-0.0836420955361655
"T",393,"C","T393C",0.128263190813435
"T",393,"D","T393D",-0.0550726999537755
"T",393,"E","T393E",-0.0745325148490853
"T",393,"F","T393F",-0.023626652107066
"T",393,"G","T393G",-0.0101711743960552
"T",393,"H","T393H",0.115310012407405
"T",393,"I","T393I",0.0450140502062147
"T",393,"K","T393K",-0.0754515446528853
"T",393,"L","T393L",0.111700829237025
"T",393,"M","T393M",-0.0825917018353848
"T",393,"N","T393N",-0.0159379771179951
"T",393,"P","T393P",0.0124815237997152
"T",393,"Q","T393Q",0.00905048891337434
"T",393,"R","T393R",-0.00920363089080531
"T",393,"S","T393S",-0.0969035491719549
"T",393,"V","T393V",-0.0127469355398549
"T",393,"W","T393W",0.153380822345095
"T",393,"Y","T393Y",-0.0353204416712357
"T",394,"A","T394A",-0.0842075784841025
"T",394,"C","T394C",-0.0738905309521715
"T",394,"D","T394D",0.0385029671935678
"T",394,"E","T394E",-0.101296967339332
"T",394,"F","T394F",-0.0245570579478018
"T",394,"G","T394G",-0.227512050103533
"T",394,"H","T394H",0.0745363035079378
"T",394,"I","T394I",0.00452199993677778
"T",394,"K","T394K",0.203626320964259
"T",394,"L","T394L",0.211627086213398
"T",394,"M","T394M",-0.0480989775576023
"T",394,"N","T394N",0.0182580540637588
"T",394,"P","T394P",0.0444543373430878
"T",394,"Q","T394Q",0.0187178552638078
"T",394,"R","T394R",0.0711289600389278
"T",394,"S","T394S",-0.187972636618262
"T",394,"V","T394V",-0.0321602384599817
"T",394,"W","T394W",0.145563480045548
"T",394,"Y","T394Y",-0.0512413271082827
"P",395,"A","P395A",0.00825229353687168
"P",395,"C","P395C",-0.0554049600578789
"P",395,"D","P395D",-0.0595271179555585
"P",395,"E","P395E",0.00584090873662097
"P",395,"F","P395F",-0.097140774943669
"P",395,"G","P395G",0.207230953397381
"P",395,"H","P395H",0.00081864716023167
"P",395,"I","P395I",0.0270509002506907
"P",395,"K","P395K",-0.0432621918876796
"P",395,"L","P395L",-0.124018379981509
"P",395,"M","P395M",-0.017485587551959
"P",395,"N","P395N",0.12692677162623
"P",395,"Q","P395Q",-0.0461023466066789
"P",395,"R","P395R",0.0182560489131712
"P",395,"S","P395S",0.027125459555031
"P",395,"T","P395T",0.0762764153130514
"P",395,"V","P395V",0.0525763402710513
"P",395,"W","P395W",0.010146572629761
"P",395,"Y","P395Y",-0.117559952405159
"P",396,"A","P396A",-0.173090375518837
"P",396,"C","P396C",0.208820466822453
"P",396,"D","P396D",-0.0630024757329969
"P",396,"E","P396E",0.014975140117874
"P",396,"F","P396F",-0.056884407179627
"P",396,"G","P396G",-0.0893103245954369
"P",396,"H","P396H",0.095284373403414
"P",396,"I","P396I",0.108634909353963
"P",396,"K","P396K",0.053433235555732
"P",396,"L","P396L",-0.000753939915506985
"P",396,"M","P396M",-0.0909998015697865
"P",396,"N","P396N",-0.165502253676126
"P",396,"Q","P396Q",0.076666764444093
"P",396,"R","P396R",0.121112547208283
"P",396,"S","P396S",-0.176142495904047
"P",396,"T","P396T",0.052702706699123
"P",396,"V","P396V",0.115838153186403
"P",396,"W","P396W",0.056191518394473
"P",396,"Y","P396Y",-0.0879737410934469
"V",397,"A","V397A",0.0370721812076184
"V",397,"C","V397C",-0.060552139905361
"V",397,"D","V397D",-0.0833496347312912
"V",397,"E","V397E",0.0784983773369684
"V",397,"F","V397F",0.0776563546563684
"V",397,"G","V397G",0.0954050026314384
"V",397,"H","V397H",-0.117235265323142
"V",397,"I","V397I",-0.094754069706132
"V",397,"K","V397K",-0.0583686910862817
"V",397,"L","V397L",0.0760154957595184
"V",397,"M","V397M",0.155142042764818
"V",397,"N","V397N",0.164272220132168
"V",397,"P","V397P",-0.167500055461311
"V",397,"Q","V397Q",0.0628784508188084
"V",397,"R","V397R",0.0417687686753174
"V",397,"S","V397S",-0.148099421064302
"V",397,"T","V397T",-0.119347724724511
"V",397,"W","V397W",-0.043363810528851
"V",397,"Y","V397Y",0.103861918548158
"L",398,"A","L398A",-0.0672947041822452
"L",398,"C","L398C",-0.154391751909536
"L",398,"D","L398D",-0.0312893383004357
"L",398,"E","L398E",-0.156603895897557
"L",398,"F","L398F",0.0266862858524847
"L",398,"G","L398G",0.0953496609827043
"L",398,"H","L398H",0.137979371314814
"L",398,"I","L398I",0.0670964182700243
"L",398,"K","L398K",0.0758529092706443
"L",398,"M","L398M",-0.0203972923806156
"L",398,"N","L398N",-0.033786260263306
"L",398,"P","L398P",-0.0230654735515355
"L",398,"Q","L398Q",-0.0540060708173059
"L",398,"R","L398R",-0.217923954100506
"L",398,"S","L398S",0.0513428294217439
"L",398,"T","L398T",0.115593790642093
"L",398,"V","L398V",-0.0403559317387455
"L",398,"W","L398W",0.256707151392084
"L",398,"Y","L398Y",-0.0274937440048059
"D",399,"A","D399A",0.0969531727354494
"D",399,"C","D399C",-0.0469355147878701
"D",399,"E","D399E",-0.0308335244753706
"D",399,"F","D399F",-0.0142623230988606
"D",399,"G","D399G",-0.0789376378012903
"D",399,"H","D399H",0.119906437478809
"D",399,"I","D399I",-0.0156779972509909
"D",399,"K","D399K",-0.0541460086629404
"D",399,"L","D399L",-0.211438651253421
"D",399,"M","D399M",0.116852109380649
"D",399,"N","D399N",0.165189160078929
"D",399,"P","D399P",-0.0742657116134704
"D",399,"Q","D399Q",-0.0282210229842304
"D",399,"R","D399R",-0.12547984245816
"D",399,"S","D399S",0.19886207966587
"D",399,"T","D399T",0.00220840892180926
"D",399,"V","D399V",0.106418730692739
"D",399,"W","D399W",-0.103623069762531
"D",399,"Y","D399Y",-0.0225687948051206
"S",400,"A","S400A",-0.0389640500427803
"S",400,"C","S400C",-0.0239476132822297
"S",400,"D","S400D",0.00980929103693949
"S",400,"E","S400E",-0.0104493900578696
"S",400,"F","S400F",0.0244617589955899
"S",400,"G","S400G",-0.05413834132631
"S",400,"H","S400H",-0.215922005935821
"S",400,"I","S400I",0.11755555522724
"S",400,"K","S400K",-0.0114641926415594
"S",400,"L","S400L",-0.00367130055484978
"S",400,"M","S400M",0.203911616704359
"S",400,"N","S400N",0.0145077731043409
"S",400,"P","S400P",0.0424381098515004
"S",400,"Q","S400Q",-0.0723621930586701
"S",400,"R","S400R",-0.0739060136628901
"S",400,"T","S400T",0.1310583212123
"S",400,"V","S400V",0.000412592658390103
"S",400,"W","S400W",-0.122889233624511
"S",400,"Y","S400Y",0.08355931539683
"D",401,"A","D401A",0.156417245996459
"D",401,"C","D401C",0.05979946106272
"D",401,"E","D401E",-0.18161520543606
"D",401,"F","D401F",0.0476078501796101
"D",401,"G","D401G",-0.119170949205751
"D",401,"H","D401H",0.0612392811251304
"D",401,"I","D401I",-0.0168247826052598
"D",401,"K","D401K",-0.145808830461201
"D",401,"L","D401L",-0.0466051534249198
"D",401,"M","D401M",-0.11578970576885
"D",401,"N","D401N",0.0789045785715899
"D",401,"P","D401P",-0.00412554685646914
"D",401,"Q","D401Q",-0.00428359073461014
"D",401,"R","D401R",-0.00154723720892004
"D",401,"S","D401S",-0.00057783040807944
"D",401,"T","D401T",0.0299287037408696
"D",401,"V","D401V",0.0485801815417007
"D",401,"W","D401W",0.19430632941715
"D",401,"Y","D401Y",-0.0404347995251099
"G",402,"A","G402A",0.0444415970792806
"G",402,"C","G402C",0.187083624809841
"G",402,"D","G402D",0.0381240747521309
"G",402,"E","G402E",-0.055602304197119
"G",402,"F","G402F",0.00677299209973142
"G",402,"H","G402H",-0.144312549143198
"G",402,"I","G402I",0.067293509085831
"G",402,"K","G402K",0.197696187605021
"G",402,"L","G402L",-0.0293571808820788
"G",402,"M","G402M",-0.0530755166269592
"G",402,"N","G402N",0.072058877894251
"G",402,"P","G402P",-0.153954160141149
"G",402,"Q","G402Q",0.0387604275799113
"G",402,"R","G402R",0.087169588161391
"G",402,"S","G402S",-0.0178157555784089
"G",402,"T","G402T",-0.182754638494739
"G",402,"V","G402V",-0.00475565143620978
"G",402,"W","G402W",-0.0455617540243388
"G",402,"Y","G402Y",-0.0522113685431891
"S",403,"A","S403A",-0.139376698519864
"S",403,"C","S403C",0.0222800060643968
"S",403,"D","S403D",0.125448828755716
"S",403,"E","S403E",-0.0619580589325133
"S",403,"F","S403F",0.0830546049391772
"S",403,"G","S403G",0.0970251108038062
"S",403,"H","S403H",0.0261248711865261
"S",403,"I","S403I",0.104793165459886
"S",403,"K","S403K",-0.0342303725902143
"S",403,"L","S403L",0.00709034066758586
"S",403,"M","S403M",0.0274692661915163
"S",403,"N","S403N",0.00657870583379545
"S",403,"P","S403P",0.0680094947719563
"S",403,"Q","S403Q",-0.0168686386283539
"S",403,"R","S403R",-0.0858619564639437
"S",403,"T","S403T",-0.119016704832563
"S",403,"V","S403V",0.00899118723944645
"S",403,"W","S403W",0.0111498038214663
"S",403,"Y","S403Y",-0.130702955767823
"F",404,"A","F404A",0.0656050645872092
"F",404,"C","F404C",-0.249603121266691
"F",404,"D","F404D",-0.20816417473211
"F",404,"E","F404E",-0.308799821482971
"F",404,"G","F404G",0.134426507625309
"F",404,"H","F404H",0.0131815955255692
"F",404,"I","F404I",-0.128243539458801
"F",404,"K","F404K",0.21561336923558
"F",404,"L","F404L",-0.23988789804337
"F",404,"M","F404M",-0.124030555396671
"F",404,"N","F404N",-0.0193005364859203
"F",404,"P","F404P",0.4217564605412
"F",404,"Q","F404Q",0.0155396320906382
"F",404,"R","F404R",0.0617222248189792
"F",404,"S","F404S",0.21364769630866
"F",404,"T","F404T",0.215235221325559
"F",404,"V","F404V",0.00317260413528923
"F",404,"W","F404W",0.0469120837185792
"F",404,"Y","F404Y",-0.128782813046041
"F",405,"A","F405A",0.0983352989733526
"F",405,"C","F405C",-0.221669433732388
"F",405,"D","F405D",-0.0778451628966577
"F",405,"E","F405E",0.163823124698123
"F",405,"G","F405G",0.207008064213533
"F",405,"H","F405H",-0.134024679710867
"F",405,"I","F405I",-0.177580304692847
"F",405,"K","F405K",-0.0492275851213771
"F",405,"L","F405L",-0.110776466014497
"F",405,"M","F405M",-0.136480968640567
"F",405,"N","F405N",0.188631212738543
"F",405,"P","F405P",0.169660901645183
"F",405,"Q","F405Q",-0.0400436974200476
"F",405,"R","F405R",-0.221007749115437
"F",405,"S","F405S",0.0237482199536327
"F",405,"T","F405T",0.182032570968394
"F",405,"V","F405V",0.0756962208091126
"F",405,"W","F405W",-0.0719881679068475
"F",405,"Y","F405Y",0.131708601251663
"L",406,"A","L406A",-0.192617690679611
"L",406,"C","L406C",-0.0721711771281708
"L",406,"D","L406D",-0.123679469000551
"L",406,"E","L406E",0.02167489760361
"L",406,"F","L406F",0.212053201191829
"L",406,"G","L406G",-0.0713962562477511
"L",406,"H","L406H",0.154300631282959
"L",406,"I","L406I",-0.188390879253251
"L",406,"K","L406K",-0.07685462181162
"L",406,"M","L406M",0.101301164730879
"L",406,"N","L406N",0.131503730110969
"L",406,"P","L406P",-0.12127654374549
"L",406,"Q","L406Q",-0.0985087843230011
"L",406,"R","L406R",0.0745639024205195
"L",406,"S","L406S",0.015864152392309
"L",406,"T","L406T",-0.0598114682085802
"L",406,"V","L406V",-0.0975302104832299
"L",406,"W","L406W",0.162282649435309
"L",406,"Y","L406Y",0.228692771712869
"Y",407,"A","Y407A",0.000300153668083711
"Y",407,"C","Y407C",-0.120585321361776
"Y",407,"D","Y407D",-0.0494775115735662
"Y",407,"E","Y407E",-0.030767081710236
"Y",407,"F","Y407F",-0.181529666969486
"Y",407,"G","Y407G",0.0396302774700947
"Y",407,"H","Y407H",-0.0412608297101259
"Y",407,"I","Y407I",0.0222389645132041
"Y",407,"K","Y407K",-0.0483518976951559
"Y",407,"L","Y407L",0.101296719144954
"Y",407,"M","Y407M",0.0333306190038839
"Y",407,"N","Y407N",0.112880119369964
"Y",407,"P","Y407P",0.0241541533445346
"Y",407,"Q","Y407Q",-0.0164773564705554
"Y",407,"R","Y407R",0.136530757363184
"Y",407,"S","Y407S",-0.179298995531076
"Y",407,"T","Y407T",-0.0689090689810357
"Y",407,"V","Y407V",0.045491669524674
"Y",407,"W","Y407W",0.220804296600435
"S",408,"A","S408A",-0.131851399719368
"S",408,"C","S408C",-0.112687801087058
"S",408,"D","S408D",0.306900157937392
"S",408,"E","S408E",-0.0948251868483976
"S",408,"F","S408F",0.109460648159582
"S",408,"G","S408G",-0.203947527080738
"S",408,"H","S408H",0.202823226371093
"S",408,"I","S408I",-0.168256057083437
"S",408,"K","S408K",0.117162823774292
"S",408,"L","S408L",-0.100761110608637
"S",408,"N","S408N",-0.0680151141760883
"S",408,"P","S408P",-0.0610015718406978
"S",408,"Q","S408Q",0.168794764271162
"S",408,"R","S408R",0.146019116038522
"S",408,"T","S408T",-0.146815490594009
"S",408,"V","S408V",-0.00871877772458809
"S",408,"W","S408W",-0.082689144958348
"S",408,"Y","S408Y",0.128408445169322
"K",409,"A","K409A",-0.1962068908473
"K",409,"C","K409C",0.00714172801218136
"K",409,"D","K409D",0.0250757396737805
"K",409,"E","K409E",-0.0742203377342193
"K",409,"F","K409F",-0.0935990438002594
"K",409,"G","K409G",0.0273825496706402
"K",409,"H","K409H",-0.0601806685208401
"K",409,"I","K409I",-0.0829725285858599
"K",409,"L","K409L",0.0799548418394315
"K",409,"M","K409M",0.0933117152306505
"K",409,"N","K409N",-0.0234771617492792
"K",409,"P","K409P",0.1213474350986
"K",409,"Q","K409Q",0.13528625637168
"K",409,"S","K409S",-0.0348504391549401
"K",409,"T","K409T",0.0749333362711915
"K",409,"V","K409V",-0.1703030084857
"K",409,"W","K409W",0.1033753723461
"K",409,"Y","K409Y",0.0680011043641405
"L",410,"A","L410A",-0.142019265389643
"L",410,"C","L410C",-0.0841669794380928
"L",410,"D","L410D",0.0194607205784175
"L",410,"E","L410E",-0.0383316623074931
"L",410,"F","L410F",0.0951065099782676
"L",410,"G","L410G",-0.100614279192233
"L",410,"H","L410H",0.0191221032689667
"L",410,"I","L410I",0.158245481090247
"L",410,"K","L410K",0.142654558541737
"L",410,"M","L410M",0.00780203074628772
"L",410,"N","L410N",-0.0698459145270526
"L",410,"Q","L410Q",-0.0312281838263834
"L",410,"R","L410R",0.0336754449226971
"L",410,"S","L410S",-0.0876040993355728
"L",410,"T","L410T",0.0833806395560673
"L",410,"V","L410V",0.00556771561391722
"L",410,"W","L410W",0.0419175730458368
"L",410,"Y","L410Y",-0.0531223933259723
"T",411,"A","T411A",-0.0985658640319066
"T",411,"C","T411C",-0.0313922016261368
"T",411,"D","T411D",0.235394785921154
"T",411,"E","T411E",-0.0699058251708061
"T",411,"F","T411F",-0.0378918675286058
"T",411,"G","T411G",0.179959987622514
"T",411,"H","T411H",0.0312072330142131
"T",411,"I","T411I",-0.0820159966784158
"T",411,"K","T411K",-0.167051270111616
"T",411,"L","T411L",0.0745643876131436
"T",411,"M","T411M",0.0240249589095237
"T",411,"N","T411N",0.100160554336035
"T",411,"P","T411P",0.0700136185301036
"T",411,"Q","T411Q",-0.00587444513660649
"T",411,"R","T411R",-0.0429120650156361
"T",411,"S","T411S",-0.0364267137177861
"T",411,"V","T411V",-0.0532775016707466
"T",411,"W","T411W",0.0228785949565232
"T",411,"Y","T411Y",-0.112890370214946
"V",412,"A","V412A",0.00366095551414946
"V",412,"C","V412C",-0.26406098525917
"V",412,"D","V412D",0.0208965009023102
"V",412,"E","V412E",-0.0153092272360907
"V",412,"F","V412F",-0.0710619440123309
"V",412,"G","V412G",0.00828458324289005
"V",412,"H","V412H",0.257592632455319
"V",412,"I","V412I",0.0858755543763791
"V",412,"K","V412K",0.0852140963362497
"V",412,"L","V412L",0.0726435012161194
"V",412,"M","V412M",-0.0140940289427808
"V",412,"N","V412N",-0.101993899115211
"V",412,"P","V412P",0.086873748627239
"V",412,"Q","V412Q",0.0674048986721702
"V",412,"R","V412R",-0.0802738276238105
"V",412,"S","V412S",-0.0337465676900007
"V",412,"T","V412T",-0.138268794132772
"V",412,"W","V412W",0.00945719133600942
"V",412,"Y","V412Y",0.0209056113333296
"D",413,"A","D413A",-0.0102211609991043
"D",413,"C","D413C",-0.106077627596264
"D",413,"E","D413E",0.00346002065345629
"D",413,"F","D413F",-0.0361810643228138
"D",413,"G","D413G",0.0604588570509454
"D",413,"H","D413H",-0.00899812360180441
"D",413,"I","D413I",0.0308633028110749
"D",413,"K","D413K",0.0527158721169956
"D",413,"L","D413L",-0.142472300067633
"D",413,"M","D413M",-0.0896188875925853
"D",413,"N","D413N",0.107435753471626
"D",413,"P","D413P",-0.0384445265893243
"D",413,"Q","D413Q",-0.0453982779200741
"D",413,"R","D413R",0.0319972459687756
"D",413,"S","D413S",0.083388405551716
"D",413,"T","D413T",-0.0583207556477543
"D",413,"V","D413V",0.0969767718297163
"D",413,"W","D413W",0.0631595732227756
"D",413,"Y","D413Y",0.00527692166027639
"K",414,"A","K414A",-0.0508612691264689
"K",414,"C","K414C",0.0755781739440309
"K",414,"D","K414D",0.00286363131070111
"K",414,"E","K414E",-0.0514846477064488
"K",414,"F","K414F",-0.0409193665514484
"K",414,"G","K414G",0.207746183216501
"K",414,"H","K414H",0.0134400931840713
"K",414,"I","K414I",-0.0127856331320091
"K",414,"L","K414L",-0.107204007864008
"K",414,"M","K414M",-0.0290506656530685
"K",414,"N","K414N",0.121899168103411
"K",414,"P","K414P",-0.0369496063593591
"K",414,"Q","K414Q",-0.0540308982832887
"K",414,"R","K414R",0.0972391793755701
"K",414,"S","K414S",-0.0464153896004689
"K",414,"T","K414T",0.0293630830817913
"K",414,"W","K414W",-0.0422168723960388
"K",414,"Y","K414Y",-0.0762111555434695
"S",415,"A","S415A",-0.0586188128077411
"S",415,"C","S415C",0.0388786624164475
"S",415,"D","S415D",0.0179716831873185
"S",415,"E","S415E",0.244845242735178
"S",415,"F","S415F",-0.00250938437176181
"S",415,"G","S415G",0.0206453179899483
"S",415,"H","S415H",-0.0833488190842412
"S",415,"I","S415I",-0.010082801662861
"S",415,"K","S415K",-0.141566562742542
"S",415,"L","S415L",-0.232076963567372
"S",415,"M","S415M",0.0169567193751084
"S",415,"N","S415N",-0.0505582329083411
"S",415,"P","S415P",-0.00977676471241114
"S",415,"Q","S415Q",0.0744570091345383
"S",415,"R","S415R",0.0686448028323988
"S",415,"T","S415T",0.108480587554458
"S",415,"V","S415V",-0.00723091640196124
"S",415,"W","S415W",-0.0337299459667121
"S",415,"Y","S415Y",0.0386191790005484
"R",416,"A","R416A",0.0265741972823314
"R",416,"C","R416C",0.00261602586112136
"R",416,"D","R416D",0.011711729392251
"R",416,"E","R416E",0.0168772581293113
"R",416,"F","R416F",-0.048336933598089
"R",416,"G","R416G",-0.0229002632692788
"R",416,"H","R416H",0.0785764712762611
"R",416,"I","R416I",-0.103606455106299
"R",416,"K","R416K",0.0666623325394204
"R",416,"L","R416L",0.146307204653761
"R",416,"M","R416M",0.123851977323461
"R",416,"N","R416N",-0.140675647528259
"R",416,"P","R416P",-0.00567203106876904
"R",416,"Q","R416Q",-0.000922939115538843
"R",416,"S","R416S",-0.130476407486469
"R",416,"T","R416T",0.0215463087023013
"R",416,"V","R416V",-0.0784119681067481
"R",416,"W","R416W",0.0711197414383408
"R",416,"Y","R416Y",-0.0348406013191096
"W",417,"A","W417A",0.0516993468897081
"W",417,"C","W417C",0.0531116916610887
"W",417,"D","W417D",0.0500070767929487
"W",417,"E","W417E",0.0826304867525492
"W",417,"F","W417F",0.0267742502380086
"W",417,"G","W417G",0.153727618100118
"W",417,"H","W417H",0.00728235129391926
"W",417,"I","W417I",-0.16201972503246
"W",417,"K","W417K",-0.15157932601196
"W",417,"L","W417L",-0.144323391168151
"W",417,"M","W417M",0.0914422467704394
"W",417,"N","W417N",0.0188990098104389
"W",417,"P","W417P",-0.0510221422979012
"W",417,"Q","W417Q",-0.0235567916273709
"W",417,"R","W417R",-0.0128527440338014
"W",417,"S","W417S",0.0180048139274493
"W",417,"T","W417T",-0.0864865036692512
"W",417,"V","W417V",-0.00521340436594114
"W",417,"Y","W417Y",0.0834751359701693
"Q",418,"A","Q418A",0.003676092252972
"Q",418,"C","Q418C",0.0824532092707911
"Q",418,"D","Q418D",0.0606591140360316
"Q",418,"E","Q418E",-0.0413521559640086
"Q",418,"F","Q418F",-0.137007653972368
"Q",418,"G","Q418G",-0.0333749415389474
"Q",418,"H","Q418H",-0.240111543581759
"Q",418,"I","Q418I",-0.0164916448908378
"Q",418,"K","Q418K",-0.0056391836316782
"Q",418,"L","Q418L",0.0067118857729912
"Q",418,"M","Q418M",0.00998395579255193
"Q",418,"N","Q418N",0.0407779216666811
"Q",418,"P","Q418P",0.0547575711561513
"Q",418,"R","Q418R",0.0722485059475818
"Q",418,"S","Q418S",-0.0371437622376289
"Q",418,"T","Q418T",0.0912454082625916
"Q",418,"V","Q418V",0.034948877136702
"Q",418,"W","Q418W",0.0382236499060014
"Q",418,"Y","Q418Y",0.0154346946161815
"Q",419,"A","Q419A",0.052849136249001
"Q",419,"C","Q419C",0.0174031724639108
"Q",419,"D","Q419D",-0.0459161131738389
"Q",419,"E","Q419E",-0.113870914504469
"Q",419,"F","Q419F",-0.0156950136231992
"Q",419,"G","Q419G",0.0397780240812405
"Q",419,"H","Q419H",-0.00278549363422853
"Q",419,"I","Q419I",-0.131905642244999
"Q",419,"K","Q419K",-0.0382944866857088
"Q",419,"L","Q419L",0.0150031059586307
"Q",419,"M","Q419M",0.0547118455255407
"Q",419,"N","Q419N",0.0718928549613617
"Q",419,"P","Q419P",-0.018305563973089
"Q",419,"R","Q419R",0.0256217710585019
"Q",419,"S","Q419S",-0.00192846248148873
"Q",419,"T","Q419T",-0.101459128756489
"Q",419,"V","Q419V",-0.00150651240923923
"Q",419,"W","Q419W",0.276845643033271
"Q",419,"Y","Q419Y",-0.0824382218447089
"G",420,"A","G420A",-0.0409847085126143
"G",420,"C","G420C",-0.00664394268106393
"G",420,"D","G420D",-0.0482020580135641
"G",420,"E","G420E",0.00911173638367607
"G",420,"F","G420F",-0.014436513523044
"G",420,"H","G420H",0.0980255521039556
"G",420,"I","G420I",0.036121699683766
"G",420,"K","G420K",0.0303775408685758
"G",420,"L","G420L",0.060802143684826
"G",420,"M","G420M",0.060087416564436
"G",420,"N","G420N",-0.0462433241107143
"G",420,"P","G420P",0.00339834134489556
"G",420,"Q","G420Q",0.0933315309675957
"G",420,"R","G420R",0.0543968359116457
"G",420,"S","G420S",-0.245609248817504
"G",420,"T","G420T",-0.101163519227804
"G",420,"V","G420V",0.0252075856090354
"G",420,"W","G420W",-0.031552126938474
"G",420,"Y","G420Y",0.0639750587023759
"N",421,"A","N421A",0.0027537546272503
"N",421,"C","N421C",0.0096712290925703
"N",421,"D","N421D",0.0115996280062603
"N",421,"E","N421E",-0.0168493111927694
"N",421,"F","N421F",0.0991875297658705
"N",421,"G","N421G",0.0229806501405806
"N",421,"H","N421H",-0.0600861559922098
"N",421,"I","N421I",-0.0092808911290788
"N",421,"K","N421K",0.0027197735458003
"N",421,"L","N421L",-0.0525956304597791
"N",421,"M","N421M",0.198353833511551
"N",421,"P","N421P",0.0458983845481301
"N",421,"Q","N421Q",-0.0727184922816395
"N",421,"R","N421R",-0.152993365694688
"N",421,"S","N421S",-0.0899920266747195
"N",421,"T","N421T",0.01054463845349
"N",421,"V","N421V",-0.100192065699339
"N",421,"W","N421W",0.0184972874351899
"N",421,"Y","N421Y",0.13250122999753
"V",422,"A","V422A",0.0854211196571429
"V",422,"C","V422C",-0.000612153769818631
"V",422,"D","V422D",0.0431947569882521
"V",422,"E","V422E",0.00223639595704203
"V",422,"F","V422F",-0.00538850898894797
"V",422,"G","V422G",0.00531904032206207
"V",422,"H","V422H",-0.0242138749606681
"V",422,"I","V422I",0.107605705263313
"V",422,"K","V422K",-0.0174173604315381
"V",422,"L","V422L",0.0317101554305922
"V",422,"M","V422M",-0.0701310828305976
"V",422,"N","V422N",0.113855981533572
"V",422,"P","V422P",0.0348867256653021
"V",422,"Q","V422Q",-0.126628963286448
"V",422,"R","V422R",0.0479895661740118
"V",422,"S","V422S",-0.227165011115508
"V",422,"T","V422T",-0.0342979128429876
"V",422,"W","V422W",0.0270256721692118
"V",422,"Y","V422Y",0.00660974906601183
"F",423,"A","F423A",0.0735643203682216
"F",423,"C","F423C",-0.123903782358787
"F",423,"D","F423D",-0.0144322256175678
"F",423,"E","F423E",-0.0533060686102379
"F",423,"G","F423G",0.139186312692192
"F",423,"H","F423H",0.0674154898146725
"F",423,"I","F423I",-0.193520229352458
"F",423,"K","F423K",-0.148404572937568
"F",423,"L","F423L",0.0853481732790119
"F",423,"M","F423M",0.0817189599759219
"F",423,"N","F423N",-0.0743152511825483
"F",423,"P","F423P",-0.0502260816819578
"F",423,"Q","F423Q",0.0855109145152021
"F",423,"R","F423R",-0.0624323250057083
"F",423,"S","F423S",0.0168759715812114
"F",423,"T","F423T",0.133064316801782
"F",423,"V","F423V",-0.0400047035667382
"F",423,"W","F423W",0.0674014812019129
"F",423,"Y","F423Y",0.0104593000834422
"S",424,"A","S424A",0.0098884359514088
"S",424,"C","S424C",-0.107311009022251
"S",424,"D","S424D",-0.0074889477737413
"S",424,"E","S424E",-0.136383563909851
"S",424,"F","S424F",0.0993059112270189
"S",424,"G","S424G",0.196187937312299
"S",424,"H","S424H",0.0517501068256893
"S",424,"I","S424I",0.011193318509719
"S",424,"K","S424K",-0.0358755876803315
"S",424,"L","S424L",0.0939378154711394
"S",424,"M","S424M",0.0712546253357291
"S",424,"N","S424N",-0.034038401961301
"S",424,"P","S424P",-0.0640252506016811
"S",424,"Q","S424Q",0.000203935209359206
"S",424,"R","S424R",0.0269416117931284
"S",424,"T","S424T",-0.0384788914694912
"S",424,"V","S424V",-0.0737193045839011
"S",424,"W","S424W",-0.158013021674681
"S",424,"Y","S424Y",0.0946702810417394
"C",425,"A","C425A",0.104148228325937
"C",425,"D","C425D",-0.0962162427376023
"C",425,"E","C425E",0.154465912079177
"C",425,"F","C425F",0.232668976333577
"C",425,"G","C425G",-0.0317532619886725
"C",425,"H","C425H",-0.0257688510275933
"C",425,"I","C425I",-0.0954037157073324
"C",425,"K","C425K",0.166674639258137
"C",425,"L","C425L",-0.0308883834788023
"C",425,"M","C425M",-0.0265768073957122
"C",425,"N","C425N",-0.390516364961273
"C",425,"P","C425P",-0.0620592477791629
"C",425,"Q","C425Q",-0.137839222508102
"C",425,"R","C425R",0.334763881608757
"C",425,"S","C425S",0.0915124162807068
"C",425,"T","C425T",-0.233741354206673
"C",425,"V","C425V",-0.204468748502273
"C",425,"W","C425W",0.115870218358127
"C",425,"Y","C425Y",0.135127928048777
"S",426,"A","S426A",0.00201648982577048
"S",426,"C","S426C",0.0538364767735714
"S",426,"D","S426D",0.00850500440259167
"S",426,"E","S426E",0.152106040001991
"S",426,"F","S426F",-0.0764712309168488
"S",426,"G","S426G",-0.165778603835739
"S",426,"H","S426H",0.0134440478033407
"S",426,"I","S426I",-0.108551467812729
"S",426,"K","S426K",0.000589935642740874
"S",426,"L","S426L",-0.107950639793759
"S",426,"M","S426M",0.0553402102118713
"S",426,"N","S426N",-0.00750231261869853
"S",426,"P","S426P",-0.0363221138201392
"S",426,"Q","S426Q",0.090895088476031
"S",426,"R","S426R",0.0379290360646306
"S",426,"T","S426T",0.0309329938000112
"S",426,"V","S426V",-0.0406830101320787
"S",426,"W","S426W",-0.0291594337358684
"S",426,"Y","S426Y",0.126823489663311
"V",427,"A","V427A",0.214875739778617
"V",427,"C","V427C",-0.00362143421915289
"V",427,"D","V427D",-0.0928046048830917
"V",427,"E","V427E",0.0392134625518566
"V",427,"F","V427F",0.104740891207167
"V",427,"G","V427G",0.0656183596345575
"V",427,"H","V427H",-0.0586297474206522
"V",427,"I","V427I",-0.0759804422282623
"V",427,"K","V427K",-0.180271380464473
"V",427,"L","V427L",-0.156583208618943
"V",427,"M","V427M",0.208469426518206
"V",427,"N","V427N",-0.153165304378442
"V",427,"P","V427P",0.0270017382358666
"V",427,"Q","V427Q",0.0130608890043772
"V",427,"R","V427R",0.00359475096225751
"V",427,"S","V427S",0.0644582101537577
"V",427,"T","V427T",-0.0869358470058227
"V",427,"W","V427W",0.00914703540315741
"V",427,"Y","V427Y",0.0578114657690173
"M",428,"A","M428A",0.0609489255896194
"M",428,"C","M428C",0.0293591147207097
"M",428,"D","M428D",-0.083791510186571
"M",428,"E","M428E",-0.0323185436307405
"M",428,"F","M428F",-0.0858223690622202
"M",428,"G","M428G",-0.0569233030300609
"M",428,"H","M428H",0.0671352355644894
"M",428,"I","M428I",0.0612124664160794
"M",428,"K","M428K",-0.0877467177648806
"M",428,"L","M428L",-0.0580365913207902
"M",428,"N","M428N",-0.0263754382650303
"M",428,"P","M428P",0.112179886551079
"M",428,"Q","M428Q",-0.180465657578081
"M",428,"R","M428R",-0.00535768034499023
"M",428,"S","M428S",0.0247951695536503
"M",428,"T","M428T",0.00872480941246938
"M",428,"V","M428V",0.161799587161099
"M",428,"W","M428W",0.162362128676349
"M",428,"Y","M428Y",-0.0716795124621808
"H",429,"A","H429A",0.414563687911437
"H",429,"C","H429C",0.0440313431177868
"H",429,"D","H429D",0.0707144198205668
"H",429,"E","H429E",0.0997069163315768
"H",429,"F","H429F",0.106569540360088
"H",429,"G","H429G",-0.0450146908603531
"H",429,"I","H429I",0.0978151826574468
"H",429,"K","H429K",0.131773608685077
"H",429,"L","H429L",-0.153174244146033
"H",429,"M","H429M",-0.0351725566924231
"H",429,"N","H429N",0.0796448998570968
"H",429,"P","H429P",-0.165436312088564
"H",429,"Q","H429Q",-0.130358670559823
"H",429,"R","H429R",-0.0518326108784138
"H",429,"S","H429S",0.0324084002883075
"H",429,"T","H429T",0.0710071263595668
"H",429,"V","H429V",-0.278093718170623
"H",429,"W","H429W",-0.0854396169467729
"H",429,"Y","H429Y",-0.203712705045944
"E",430,"A","E430A",-0.0668178223334857
"E",430,"C","E430C",-0.0306126841635358
"E",430,"D","E430D",0.142582089431554
"E",430,"F","E430F",0.0093929233104845
"E",430,"G","E430G",-0.0588271579212659
"E",430,"H","E430H",0.410798546179974
"E",430,"I","E430I",-0.074237570124526
"E",430,"K","E430K",-0.114976304745106
"E",430,"L","E430L",-0.0826295860601359
"E",430,"M","E430M",-0.006578996766105
"E",430,"N","E430N",0.0824862630501243
"E",430,"P","E430P",-0.0592819817344262
"E",430,"Q","E430Q",-0.0119633446876555
"E",430,"R","E430R",0.112725891027134
"E",430,"S","E430S",-0.133297218848736
"E",430,"T","E430T",-0.0706145352659156
"E",430,"V","E430V",0.0279639149154635
"E",430,"W","E430W",-0.0527886399718863
"E",430,"Y","E430Y",-0.023323785291956
"L",432,"A","L432A",-0.108931952120747
"L",432,"C","L432C",-0.00240640281322783
"L",432,"D","L432D",0.165614745015333
"L",432,"E","L432E",0.0132122571660326
"L",432,"F","L432F",0.0336854972853419
"L",432,"G","L432G",0.00683680385455339
"L",432,"H","L432H",-0.0532720418383273
"L",432,"I","L432I",0.0705022858906723
"L",432,"K","L432K",-0.0886010572948975
"L",432,"M","L432M",0.0387560918891223
"L",432,"N","L432N",0.0236730108859033
"L",432,"P","L432P",0.0558040119809923
"L",432,"Q","L432Q",-0.0473793747552574
"L",432,"R","L432R",0.0541407595063727
"L",432,"S","L432S",-0.124595204153947
"L",432,"T","L432T",-0.0120246962971269
"L",432,"V","L432V",-0.093159738006758
"L",432,"W","L432W",-0.0237585213642069
"L",432,"Y","L432Y",0.0919035251701725
"H",433,"A","H433A",0.146369555954245
"H",433,"C","H433C",-0.0681880737873845
"H",433,"D","H433D",-0.0111344993380344
"H",433,"E","H433E",0.116172775412675
"H",433,"F","H433F",-0.0917709496218048
"H",433,"G","H433G",-0.079270602183665
"H",433,"I","H433I",0.0258025630050048
"H",433,"K","H433K",-0.0456422183623745
"H",433,"L","H433L",-0.0677228389091946
"H",433,"M","H433M",0.0406757116006452
"H",433,"N","H433N",-0.0977809536376448
"H",433,"P","H433P",-0.00410506815124479
"H",433,"Q","H433Q",-0.187343269809075
"H",433,"R","H433R",-0.126109285065825
"H",433,"S","H433S",0.289494200318545
"H",433,"T","H433T",0.0703652988741852
"H",433,"V","H433V",0.0513889340392452
"H",433,"W","H433W",-0.0453233115659943
"H",433,"Y","H433Y",0.0841220312276952
"N",434,"A","N434A",-0.0162459627952155
"N",434,"C","N434C",0.00835503775073406
"N",434,"D","N434D",-0.0260957096690663
"N",434,"E","N434E",0.0643675452374933
"N",434,"F","N434F",0.0113724318149046
"N",434,"G","N434G",0.0271651154571943
"N",434,"H","N434H",0.0700902473501143
"N",434,"I","N434I",0.0151030278076841
"N",434,"K","N434K",0.0559177392348743
"N",434,"L","N434L",-0.129401238098946
"N",434,"P","N434P",-0.0784920167346365
"N",434,"Q","N434Q",0.0717784376118741
"N",434,"R","N434R",-0.0473175606519759
"N",434,"S","N434S",0.0714580941232549
"N",434,"T","N434T",0.0126128673943146
"N",434,"W","N434W",-8.45435525959372e-05
"N",434,"Y","N434Y",-0.110583512280006
"H",435,"A","H435A",0.041474042036858
"H",435,"C","H435C",-0.0259017306994731
"H",435,"D","H435D",-0.0474268969044122
"H",435,"E","H435E",-0.0548193606934224
"H",435,"F","H435F",0.0128999865382578
"H",435,"G","H435G",0.0353409378807075
"H",435,"I","H435I",-0.0337769399916028
"H",435,"K","H435K",-0.00898589294969238
"H",435,"L","H435L",-0.0506448993011523
"H",435,"M","H435M",0.0169459354447974
"H",435,"N","H435N",0.0627845942475367
"H",435,"P","H435P",0.0772129356406475
"H",435,"Q","H435Q",-0.0112451700163931
"H",435,"R","H435R",0.0572968047947274
"H",435,"S","H435S",0.0961369167552273
"H",435,"T","H435T",-0.0602919264926531
"H",435,"V","H435V",-0.231818554463913
"H",435,"W","H435W",0.132751201815997
"H",435,"Y","H435Y",-0.00793198364204301
"Y",436,"A","Y436A",0.205408187538604
"Y",436,"C","Y436C",0.0299228268171336
"Y",436,"D","Y436D",0.0577221091707735
"Y",436,"E","Y436E",0.013973783881134
"Y",436,"F","Y436F",-0.038660398426867
"Y",436,"G","Y436G",-0.0707892928736958
"Y",436,"H","Y436H",-0.159662477942896
"Y",436,"I","Y436I",0.0118923661391538
"Y",436,"K","Y436K",0.0691683349116931
"Y",436,"L","Y436L",-0.186928096818976
"Y",436,"M","Y436M",0.123827255027653
"Y",436,"N","Y436N",0.0716904035137042
"Y",436,"P","Y436P",-0.258368007038386
"Y",436,"Q","Y436Q",-0.0186375150114658
"Y",436,"R","Y436R",-0.0462789566964868
"Y",436,"S","Y436S",0.0091177820420937
"Y",436,"T","Y436T",0.0981755508798636
"Y",436,"V","Y436V",0.0074594861614636
"Y",436,"W","Y436W",0.0809666587255042
"T",437,"A","T437A",-0.00532415431158535
"T",437,"C","T437C",-0.119644551065565
"T",437,"D","T437D",0.0111330273678249
"T",437,"E","T437E",0.199099910068705
"T",437,"F","T437F",0.0115063491596347
"T",437,"G","T437G",-0.172094143682805
"T",437,"H","T437H",0.0888304512181145
"T",437,"I","T437I",0.0512894771655551
"T",437,"K","T437K",0.0213263022787448
"T",437,"L","T437L",-0.0630712849747855
"T",437,"M","T437M",0.00700441270188475
"T",437,"N","T437N",-0.0715506656973247
"T",437,"P","T437P",0.0150052378791642
"T",437,"Q","T437Q",-0.0178045568960249
"T",437,"R","T437R",-0.0671690876504153
"T",437,"S","T437S",0.0331677202288749
"T",437,"V","T437V",-0.0560404499136654
"T",437,"W","T437W",0.0816814698808946
"T",437,"Y","T437Y",0.0526545362427754
"Q",438,"A","Q438A",0.0459296587914902
"Q",438,"D","Q438D",0.0321561799098896
"Q",438,"E","Q438E",0.0157108747252599
"Q",438,"F","Q438F",0.0300519362826697
"Q",438,"G","Q438G",-0.11278745833642
"Q",438,"H","Q438H",0.0215065517914497
"Q",438,"I","Q438I",-0.00293409454754974
"Q",438,"K","Q438K",-0.00394375056267984
"Q",438,"L","Q438L",-0.0720022186332804
"Q",438,"M","Q438M",-0.155301966213
"Q",438,"N","Q438N",-0.153828306182
"Q",438,"P","Q438P",0.0383251888255798
"Q",438,"R","Q438R",0.00726082659972006
"Q",438,"S","Q438S",0.0314238021895997
"Q",438,"T","Q438T",0.0217139004792702
"Q",438,"V","Q438V",0.17626511585915
"Q",438,"W","Q438W",-0.0852458355226992
"Q",438,"Y","Q438Y",0.165699594543551
"K",439,"A","K439A",-0.0205966186964291
"K",439,"C","K439C",0.141054478609541
"K",439,"D","K439D",0.0235959253236814
"K",439,"E","K439E",0.0130935299229908
"K",439,"F","K439F",-0.0560333551059196
"K",439,"G","K439G",0.0165614042979309
"K",439,"H","K439H",-0.0299433833859886
"K",439,"I","K439I",-0.0398354669786794
"K",439,"L","K439L",0.0246809685490512
"K",439,"M","K439M",-0.0985722684549493
"K",439,"N","K439N",0.0182906414303709
"K",439,"P","K439P",0.213021326157742
"K",439,"Q","K439Q",-0.0463782621347089
"K",439,"R","K439R",-0.0491934781724389
"K",439,"S","K439S",0.0566567299378717
"K",439,"T","K439T",-0.0392600411202185
"K",439,"V","K439V",-0.0934155510117294
"K",439,"W","K439W",0.062209013912541
"K",439,"Y","K439Y",-0.0959355930806596
"S",440,"A","S440A",-0.0456330013226197
"S",440,"C","S440C",-0.0797049094895204
"S",440,"D","S440D",-0.0374771218383899
"S",440,"E","S440E",-0.0035176115154004
"S",440,"F","S440F",-0.06407913173906
"S",440,"G","S440G",-0.0287097168773095
"S",440,"H","S440H",0.20971871056443
"S",440,"I","S440I",-0.12758545505299
"S",440,"K","S440K",0.0655132039150798
"S",440,"L","S440L",0.0834369181074203
"S",440,"M","S440M",-0.0623709664935398
"S",440,"N","S440N",0.0374115225918602
"S",440,"P","S440P",0.0521296436814202
"S",440,"Q","S440Q",0.00894418700657979
"S",440,"R","S440R",-0.0383581191741403
"S",440,"T","S440T",-0.00675335359245009
"S",440,"V","S440V",-0.0132683178798601
"S",440,"W","S440W",0.0692234331028702
"S",440,"Y","S440Y",-0.0189199139943799
"L",441,"A","L441A",-0.00822523576720665
"L",441,"C","L441C",0.0277635455429039
"L",441,"D","L441D",0.046809526680764
"L",441,"E","L441E",-0.023620628010177
"L",441,"F","L441F",0.00810656635866406
"L",441,"G","L441G",-0.0778740278102857
"L",441,"H","L441H",-0.0872919304214066
"L",441,"I","L441I",0.00819101223937346
"L",441,"K","L441K",0.0858124939312134
"L",441,"M","L441M",-0.0329637077395267
"L",441,"N","L441N",-0.0742356445426169
"L",441,"P","L441P",0.00442273028453356
"L",441,"Q","L441Q",-0.0970171081628064
"L",441,"R","L441R",0.146048598393264
"L",441,"S","L441S",-0.151805934093885
"L",441,"T","L441T",0.0181897691481842
"L",441,"V","L441V",0.299604149421625
"L",441,"W","L441W",0.0523045226177836
"L",441,"Y","L441Y",-0.144218698070396
"S",442,"A","S442A",-0.0860967479432837
"S",442,"C","S442C",-0.193803344925173
"S",442,"D","S442D",0.0105923407768475
"S",442,"E","S442E",-0.130588005534253
"S",442,"F","S442F",0.189030912254817
"S",442,"G","S442G",0.0272868756492173
"S",442,"H","S442H",-0.0710297924370336
"S",442,"I","S442I",-0.031236265656843
"S",442,"K","S442K",-0.0214106322331435
"S",442,"L","S442L",0.0251683416239974
"S",442,"M","S442M",-0.0855043930884731
"S",442,"N","S442N",-0.0270706258301639
"S",442,"P","S442P",0.149804139201167
"S",442,"Q","S442Q",0.196632728869717
"S",442,"R","S442R",0.0241234732920068
"S",442,"T","S442T",-0.0281543127894635
"S",442,"V","S442V",-0.0204855090283633
"S",442,"W","S442W",0.0800997452949472
"S",442,"Y","S442Y",-0.0073589274965231
"L",443,"A","L443A",-0.0290147271780142
"L",443,"C","L443C",0.086206449659065
"L",443,"D","L443D",-0.0467514400369543
"L",443,"E","L443E",-0.0125801031178548
"L",443,"F","L443F",0.0263325338794452
"L",443,"G","L443G",-0.156874289173424
"L",443,"H","L443H",0.180446911879736
"L",443,"I","L443I",-0.194966133304885
"L",443,"K","L443K",0.116014081004235
"L",443,"M","L443M",-0.0837282468096449
"L",443,"N","L443N",-0.0158684592899151
"L",443,"P","L443P",0.00628729349967528
"L",443,"Q","L443Q",0.0689334924554453
"L",443,"R","L443R",0.0852244173088851
"L",443,"S","L443S",-0.031167480244925
"L",443,"T","L443T",0.00851471015657491
"L",443,"V","L443V",0.0938137710285553
"L",443,"W","L443W",-0.0958717268152449
"L",443,"Y","L443Y",-0.00495105490075549
"S",444,"A","S444A",-0.0152388717275156
"S",444,"C","S444C",0.022279311574184
"S",444,"D","S444D",-0.0345679301465567
"S",444,"E","S444E",0.109617206762904
"S",444,"F","S444F",-0.0277075206982267
"S",444,"G","S444G",-0.0627343549582959
"S",444,"H","S444H",-0.0305423169513266
"S",444,"I","S444I",0.00993755239928398
"S",444,"K","S444K",0.0942269347007243
"S",444,"L","S444L",-0.043929065063446
"S",444,"M","S444M",-0.0319482513954967
"S",444,"N","S444N",0.0598270430484438
"S",444,"P","S444P",-0.0987364176430962
"S",444,"Q","S444Q",0.0148309713832933
"S",444,"R","S444R",-0.0159864254313366
"S",444,"T","S444T",-0.0433253623216862
"S",444,"V","S444V",0.018439024334143
"S",444,"W","S444W",0.012791815454174
"S",444,"Y","S444Y",0.0627666566798335
"P",445,"A","P445A",-0.069160853158886
"P",445,"C","P445C",0.139964010403034
"P",445,"D","P445D",-0.0891443921569152
"P",445,"E","P445E",-0.0184738757887859
"P",445,"F","P445F",-0.118545708579426
"P",445,"G","P445G",-0.0729598229252757
"P",445,"H","P445H",-0.0454999178032251
"P",445,"I","P445I",0.0487368629060139
"P",445,"K","P445K",0.162842631366505
"P",445,"L","P445L",-0.097845179318335
"P",445,"M","P445M",0.108286614580364
"P",445,"N","P445N",-0.100788868369056
"P",445,"Q","P445Q",0.0918273832539454
"P",445,"R","P445R",0.0296894483430641
"P",445,"S","P445S",0.084904083640154
"P",445,"V","P445V",0.0383833858986742
"P",445,"W","P445W",0.00687490871827449
"P",445,"Y","P445Y",-0.099090711010126
"G",446,"A","G446A",-0.0635201006249224
"G",446,"C","G446C",0.0454516338287581
"G",446,"D","G446D",-0.234201288659474
"G",446,"E","G446E",0.171041524691317
"G",446,"F","G446F",-0.014425120381133
"G",446,"H","G446H",0.0697951255736269
"G",446,"I","G446I",0.0552642385051276
"G",446,"K","G446K",-0.0662757324885519
"G",446,"L","G446L",0.175831878836377
"G",446,"M","G446M",-0.0123993239169232
"G",446,"N","G446N",0.00199205011479782
"G",446,"P","G446P",-0.154168121163623
"G",446,"Q","G446Q",-0.0378068183525031
"G",446,"R","G446R",0.0125940700692071
"G",446,"S","G446S",-0.0514065923023923
"G",446,"T","G446T",0.0874030928570082
"G",446,"V","G446V",0.105498379491937
"G",446,"W","G446W",-0.0812565035606527
"G",446,"Y","G446Y",-0.00941239251798302
"K",447,"A","K447A",0.00750469204655937
"K",447,"C","K447C",-0.0384607205712008
"K",447,"D","K447D",0.305196098814419
"K",447,"E","K447E",-0.0399983625040516
"K",447,"F","K447F",-0.271857407394801
"K",447,"G","K447G",-0.000125081898341328
"K",447,"H","K447H",-0.00661836352019063
"K",447,"I","K447I",0.063017609546259
"K",447,"L","K447L",-0.00198445123385063
"K",447,"M","K447M",0.065360923135909
"K",447,"N","K447N",-0.0164820571330414
"K",447,"P","K447P",-0.0519566768898409
"K",447,"Q","K447Q",0.0821065347177895
"K",447,"R","K447R",-0.0389136369065108
"K",447,"S","K447S",-0.0514700461777108
"K",447,"T","K447T",-0.0864006338144912
"K",447,"V","K447V",0.0484957555993687
"K",447,"W","K447W",0.0489544761367185
"K",447,"Y","K447Y",-0.0163686519529912
