"wildtype","site","mutation","name","scaledscore"
"E",216,"A","E216A",-0.0390420185544583
"E",216,"C","E216C",0.0805297257358516
"E",216,"D","E216D",0.00332014642049161
"E",216,"F","E216F",0.0380943423303218
"E",216,"G","E216G",0.0432428500340517
"E",216,"H","E216H",-0.0610264536423287
"E",216,"I","E216I",0.0554273429306308
"E",216,"K","E216K",0.0182353981212614
"E",216,"L","E216L",-0.0624713334236381
"E",216,"M","E216M",0.0811613720490619
"E",216,"N","E216N",-0.169745019337178
"E",216,"P","E216P",-0.0773207011922975
"E",216,"Q","E216Q",0.0610500646069217
"E",216,"R","E216R",0.0326403096818616
"E",216,"S","E216S",-0.009240871845139
"E",216,"T","E216T",0.0213727353646907
"E",216,"V","E216V",0.0284456746508516
"E",216,"W","E216W",0.0517244558940021
"E",216,"Y","E216Y",-0.0963980198249585
"P",217,"A","P217A",0.00232842433537159
"P",217,"C","P217C",-0.0162084406830978
"P",217,"D","P217D",0.0850973283951521
"P",217,"E","P217E",0.0431851535239822
"P",217,"F","P217F",-0.0965776713385578
"P",217,"G","P217G",0.0391661553133717
"P",217,"H","P217H",0.0223141130224817
"P",217,"I","P217I",0.0648447020676323
"P",217,"K","P217K",-0.0340293005349884
"P",217,"L","P217L",0.0395494349454725
"P",217,"M","P217M",-0.144012535632518
"P",217,"N","P217N",0.0905561443134326
"P",217,"Q","P217Q",-0.00132522214746811
"P",217,"R","P217R",-0.200824977055118
"P",217,"S","P217S",-0.0451277212283375
"P",217,"T","P217T",0.0685528146433123
"P",217,"V","P217V",0.018338313510072
"P",217,"W","P217W",0.0735274680086623
"P",217,"Y","P217Y",-0.00935418345885801
"K",218,"A","K218A",0.0489041658283132
"K",218,"C","K218C",-0.0855852952396967
"K",218,"D","K218D",0.0113540449403935
"K",218,"E","K218E",-0.147490625316387
"K",218,"F","K218F",0.200736828310843
"K",218,"G","K218G",-0.0788973234312475
"K",218,"H","K218H",0.00862603640379338
"K",218,"I","K218I",-0.011791849168107
"K",218,"L","K218L",0.144339771491934
"K",218,"M","K218M",-0.0216856731871271
"K",218,"N","K218N",0.0839758277314931
"K",218,"P","K218P",-0.0159071401148969
"K",218,"Q","K218Q",-0.00475031449827682
"K",218,"R","K218R",-0.0827786273597563
"K",218,"S","K218S",0.0240260725313837
"K",218,"T","K218T",-0.138941587656698
"K",218,"V","K218V",0.0442577551401931
"K",218,"W","K218W",-0.0101803347861064
"K",218,"Y","K218Y",0.0317882683799527
"S",219,"A","S219A",-0.0549625450642526
"S",219,"C","S219C",0.069486236649157
"S",219,"D","S219D",0.0808965524449969
"S",219,"E","S219E",0.0433726337600669
"S",219,"F","S219F",0.057458633742978
"S",219,"G","S219G",0.0147693735622769
"S",219,"H","S219H",-0.031467551685323
"S",219,"I","S219I",0.0194499420772076
"S",219,"K","S219K",0.00988901417958708
"S",219,"L","S219L",-0.0588191713763827
"S",219,"M","S219M",-0.00102136411077195
"S",219,"N","S219N",-0.0394055724386032
"S",219,"P","S219P",-0.00109949778488305
"S",219,"Q","S219Q",0.0229339112607269
"S",219,"R","S219R",0.0300787451928373
"S",219,"T","S219T",-0.0192580294803028
"S",219,"V","S219V",-0.275380608387873
"S",219,"W","S219W",0.133079297458557
"C",220,"A","C220A",0.0731721050743825
"C",220,"D","C220D",-0.065392177111197
"C",220,"E","C220E",0.083906254228423
"C",220,"F","C220F",0.0777842663327028
"C",220,"G","C220G",-0.0316745724659678
"C",220,"H","C220H",-0.0397470489297077
"C",220,"I","C220I",-0.302368834135148
"C",220,"K","C220K",0.0459437647541829
"C",220,"L","C220L",-0.0598682809005374
"C",220,"M","C220M",-0.0173475506962966
"C",220,"N","C220N",0.0856280824776325
"C",220,"P","C220P",0.0169606183029031
"C",220,"Q","C220Q",0.0330519463231126
"C",220,"R","C220R",0.0620371138604225
"C",220,"S","C220S",-0.0425700836729073
"C",220,"T","C220T",0.0444778005295027
"C",220,"V","C220V",0.080428600462703
"C",220,"W","C220W",-0.00939762687179802
"C",220,"Y","C220Y",-0.0350243775624071
"D",221,"A","D221A",-0.0730597369085878
"D",221,"C","D221C",-0.0298015694950285
"D",221,"E","D221E",-0.00941094797266881
"D",221,"F","D221F",-0.0126709425943479
"D",221,"G","D221G",-0.0578245009562478
"D",221,"H","D221H",-0.0431223121815579
"D",221,"I","D221I",0.228202300614472
"D",221,"K","D221K",0.0050882713785917
"D",221,"L","D221L",-0.0558195415676087
"D",221,"M","D221M",0.0457318898789815
"D",221,"N","D221N",-0.00941730008323882
"D",221,"P","D221P",0.00499979388060136
"D",221,"Q","D221Q",0.119100121775992
"D",221,"R","D221R",-0.0588740101622985
"D",221,"S","D221S",-0.035234126632529
"D",221,"T","D221T",-0.020097194882848
"D",221,"V","D221V",-0.0617264100934683
"D",221,"W","D221W",0.0630480317127912
"D",221,"Y","D221Y",0.000888184289001077
"K",222,"A","K222A",-0.0913373382145573
"K",222,"C","K222C",0.068534043204403
"K",222,"D","K222D",0.00499517932711302
"K",222,"E","K222E",0.0783876637728038
"K",222,"F","K222F",0.0135943477484728
"K",222,"G","K222G",-0.149401757132267
"K",222,"H","K222H",0.0905366018585641
"K",222,"I","K222I",-0.0170361029385566
"K",222,"L","K222L",0.0178849903763234
"K",222,"M","K222M",-0.0480560678498867
"K",222,"N","K222N",-0.025364621263787
"K",222,"P","K222P",0.0757006261514934
"K",222,"Q","K222Q",0.00796766144349332
"K",222,"R","K222R",0.0504918295754526
"K",222,"S","K222S",0.0143833724492725
"K",222,"T","K222T",-0.040382557471687
"K",222,"V","K222V",-0.0657096610754666
"K",222,"W","K222W",-0.00672425857804738
"K",222,"Y","K222Y",0.0215360486168634
"T",223,"A","T223A",-0.0497462362277365
"T",223,"C","T223C",0.0467566129301338
"T",223,"D","T223D",-0.0867167518495264
"T",223,"E","T223E",0.100041820030484
"T",223,"F","T223F",-0.0765087506746764
"T",223,"G","T223G",-0.0431144284896063
"T",223,"H","T223H",0.0233906772274638
"T",223,"I","T223I",0.00819507555951425
"T",223,"K","T223K",-0.0200135851121465
"T",223,"L","T223L",-0.0207770661141368
"T",223,"M","T223M",0.088889377173093
"T",223,"N","T223N",0.0978109175347338
"T",223,"P","T223P",0.0425321760870035
"T",223,"Q","T223Q",-0.0695970317494969
"T",223,"R","T223R",0.097840536689134
"T",223,"S","T223S",-0.126601593478796
"T",223,"V","T223V",0.0428040376441035
"T",223,"W","T223W",0.0240009218966038
"T",223,"Y","T223Y",-0.0791867090761459
"H",224,"A","H224A",0.163601509625484
"H",224,"C","H224C",0.0156052195042139
"H",224,"D","H224D",0.0181293870171136
"H",224,"E","H224E",-0.0399128995825161
"H",224,"F","H224F",0.00756447937353331
"H",224,"G","H224G",-0.0363521779600368
"H",224,"I","H224I",-0.106009929472036
"H",224,"K","H224K",0.0625199623642435
"H",224,"L","H224L",0.0128551257553841
"H",224,"M","H224M",0.0421290479701134
"H",224,"N","H224N",0.100547087638425
"H",224,"P","H224P",-0.0385483381352268
"H",224,"Q","H224Q",-0.0486192651586163
"H",224,"R","H224R",-0.0287510722449563
"H",224,"S","H224S",-0.154952974191296
"H",224,"T","H224T",-0.00736686162305655
"H",224,"V","H224V",-0.0087128984049859
"H",224,"W","H224W",0.010411953171814
"H",224,"Y","H224Y",0.0358626443524034
"T",225,"A","T225A",-0.0311530834733971
"T",225,"C","T225C",-0.0577687717918576
"T",225,"D","T225D",-0.018284396326677
"T",225,"E","T225E",0.0816370905314431
"T",225,"F","T225F",0.0197411143536621
"T",225,"G","T225G",0.0509487293750632
"T",225,"H","T225H",-0.0181185674205369
"T",225,"I","T225I",0.0377939935233227
"T",225,"K","T225K",0.00912976564291214
"T",225,"L","T225L",0.0635847359813623
"T",225,"M","T225M",0.035094096604843
"T",225,"N","T225N",-0.0101910593857373
"T",225,"P","T225P",-0.00671538366540706
"T",225,"Q","T225Q",-0.0110348459605876
"T",225,"S","T225S",-0.0610914148144873
"T",225,"V","T225V",0.0491115980761225
"T",225,"W","T225W",-0.0741916020409163
"T",225,"Y","T225Y",-0.0584919992091273
"C",226,"A","C226A",-0.0675973684135399
"C",226,"D","C226D",0.30643872192158
"C",226,"E","C226E",-0.0240196879989903
"C",226,"F","C226F",-0.0301285664362903
"C",226,"G","C226G",-0.0111209719400796
"C",226,"H","C226H",0.00550997835957993
"C",226,"I","C226I",0.0665125141900605
"C",226,"K","C226K",-0.0378471757036404
"C",226,"L","C226L",-0.0972081171711691
"C",226,"M","C226M",0.0833473819661291
"C",226,"N","C226N",-0.0792826394715399
"C",226,"P","C226P",0.0284534017041399
"C",226,"Q","C226Q",-0.194592859458641
"C",226,"R","C226R",0.0303229627893494
"C",226,"S","C226S",0.0602329063477603
"C",226,"T","C226T",0.0488120271792497
"C",226,"V","C226V",0.0611212112576299
"C",226,"W","C226W",-0.0308431981797696
"C",226,"Y","C226Y",-0.118110520941819
"P",227,"A","P227A",-0.14526001076118
"P",227,"C","P227C",0.10989930052132
"P",227,"D","P227D",-0.10751406531126
"P",227,"E","P227E",0.0106403172575302
"P",227,"F","P227F",-0.0842785535673699
"P",227,"G","P227G",0.0146910146394001
"P",227,"H","P227H",0.0300646225129599
"P",227,"I","P227I",0.0548847000152703
"P",227,"K","P227K",-0.00883038255614006
"P",227,"L","P227L",-0.0171427661618607
"P",227,"M","P227M",0.1587134038772
"P",227,"N","P227N",-0.0182674909774299
"P",227,"Q","P227Q",-0.0267076609205404
"P",227,"R","P227R",0.03057853459526
"P",227,"S","P227S",0.0481298590728604
"P",227,"T","P227T",0.00751206307544037
"P",227,"V","P227V",-0.0634894075540105
"P",227,"W","P227W",0.0520419815451902
"P",227,"Y","P227Y",-0.0456654593026407
"P",228,"A","P228A",0.188139888412678
"P",228,"C","P228C",0.118592638798388
"P",228,"D","P228D",0.102384318725817
"P",228,"E","P228E",-0.0632857840830725
"P",228,"F","P228F",-0.0408059840815722
"P",228,"G","P228G",0.054372380113928
"P",228,"H","P228H",-0.141392294580892
"P",228,"I","P228I",-0.0211190657674815
"P",228,"K","P228K",-0.0481770784900719
"P",228,"L","P228L",-0.0261093401416621
"P",228,"M","P228M",0.0470827205129576
"P",228,"N","P228N",-0.00343641291084196
"P",228,"Q","P228Q",0.268276944480488
"P",228,"R","P228R",-0.045234278166882
"P",228,"S","P228S",-0.135517918061002
"P",228,"T","P228T",-0.195829665213311
"P",228,"V","P228V",0.00473572732428744
"P",228,"W","P228W",-0.121879969009122
"P",228,"Y","P228Y",0.0592031721373678
"C",229,"A","C229A",-0.105827890432087
"C",229,"D","C229D",-0.0298923716622672
"C",229,"E","C229E",-0.367314872879647
"C",229,"F","C229F",0.0370662356036428
"C",229,"G","C229G",0.0895750778311231
"C",229,"H","C229H",-0.013342641980797
"C",229,"I","C229I",0.0650969378639121
"C",229,"K","C229K",-0.0335036047898363
"C",229,"L","C229L",0.0503340250456831
"C",229,"M","C229M",0.0407121932001637
"C",229,"N","C229N",0.0136060294803937
"C",229,"P","C229P",-0.0790429819058563
"C",229,"Q","C229Q",-0.0209252321706666
"C",229,"R","C229R",0.105538874943183
"C",229,"S","C229S",0.0809963316486831
"C",229,"T","C229T",0.116675767722104
"C",229,"V","C229V",0.0934673437512231
"C",229,"W","C229W",-0.0811454300421975
"C",229,"Y","C229Y",0.037926208773243
"P",230,"A","P230A",0.024787111114859
"P",230,"C","P230C",-0.0877001617663615
"P",230,"D","P230D",0.0410688711286889
"P",230,"F","P230F",-0.0414167891740304
"P",230,"G","P230G",0.0918457371444492
"P",230,"H","P230H",-0.00584515982428121
"P",230,"I","P230I",-0.0732477816704908
"P",230,"K","P230K",0.0164060819140288
"P",230,"L","P230L",-0.110700221170231
"P",230,"M","P230M",-0.109404680077431
"P",230,"N","P230N",0.018052341320209
"P",230,"Q","P230Q",0.113596930136519
"P",230,"R","P230R",0.21857986668865
"P",230,"S","P230S",0.0202678053366588
"P",230,"T","P230T",-0.0388455535456615
"P",230,"V","P230V",-0.0243291534718914
"P",230,"W","P230W",-0.0156007014234416
"P",230,"Y","P230Y",-0.0375145426602414
"A",231,"C","A231C",0.0719585881105693
"A",231,"D","A231D",0.125753429194729
"A",231,"E","A231E",-0.107927398207071
"A",231,"F","A231F",0.016246563278919
"A",231,"G","A231G",0.0401927360250382
"A",231,"H","A231H",0.154156609155759
"A",231,"I","A231I",-0.024194902927641
"A",231,"K","A231K",0.208692443085259
"A",231,"L","A231L",0.0376068826998092
"A",231,"M","A231M",-0.057262802920991
"A",231,"N","A231N",0.0250654034843786
"A",231,"P","A231P",0.00350885266629911
"A",231,"Q","A231Q",-0.14304043908698
"A",231,"R","A231R",-0.0986111811178517
"A",231,"S","A231S",-0.0863467819507407
"A",231,"T","A231T",-0.0216595645215405
"A",231,"V","A231V",-0.155171868979551
"A",231,"W","A231W",0.0489681896256486
"A",231,"Y","A231Y",-0.037934757614041
"P",232,"A","P232A",0.0425788596902689
"P",232,"C","P232C",-0.012732333149451
"P",232,"D","P232D",-0.0510048456174808
"P",232,"E","P232E",0.0238647129996891
"P",232,"F","P232F",-0.113524749579661
"P",232,"G","P232G",0.100120299482358
"P",232,"H","P232H",-0.0313175070714609
"P",232,"I","P232I",-0.0285737531009103
"P",232,"K","P232K",0.150944275690359
"P",232,"L","P232L",-0.0373595398232506
"P",232,"M","P232M",-0.0995380522191108
"P",232,"N","P232N",0.152550297966719
"P",232,"Q","P232Q",-0.182634551091541
"P",232,"R","P232R",0.160553585087968
"P",232,"S","P232S",0.129811818441069
"P",232,"T","P232T",0.187934834489569
"P",232,"V","P232V",-0.0590506730404013
"P",232,"W","P232W",-0.160407272295901
"P",232,"Y","P232Y",-0.172215406858832
"E",233,"A","E233A",0.025492897956839
"E",233,"C","E233C",-0.160585580112951
"E",233,"D","E233D",-0.25371972902588
"E",233,"F","E233F",0.1392016625186
"E",233,"G","E233G",-0.0944204862025097
"E",233,"H","E233H",-0.0690608469340601
"E",233,"I","E233I",-0.01297584728992
"E",233,"K","E233K",-0.05433570701516
"E",233,"L","E233L",0.37388023068012
"E",233,"M","E233M",0.046543597232541
"E",233,"N","E233N",-0.03439640012872
"E",233,"P","E233P",0.01739764014882
"E",233,"Q","E233Q",-0.12131990516323
"E",233,"R","E233R",-0.0903608556737803
"E",233,"S","E233S",0.10759116205299
"E",233,"T","E233T",0.04214246834645
"E",233,"V","E233V",0.24976772960017
"E",233,"W","E233W",-0.058590544702509
"E",233,"Y","E233Y",-0.05225148628781
"L",234,"A","L234A",0.122376796648859
"L",234,"C","L234C",-0.462639043610081
"L",234,"D","L234D",0.0551437273555688
"L",234,"E","L234E",-0.213619361335031
"L",234,"F","L234F",0.0987598590824778
"L",234,"G","L234G",-0.0493079913019311
"L",234,"H","L234H",0.0279125885207398
"L",234,"I","L234I",0.0421603014377388
"L",234,"K","L234K",0.128175681442849
"L",234,"M","L234M",0.388337773724399
"L",234,"N","L234N",-0.0156967057402312
"L",234,"P","L234P",0.00773284131071884
"L",234,"Q","L234Q",0.0673696676449188
"L",234,"R","L234R",-0.105686795573831
"L",234,"S","L234S",-0.158945891866331
"L",234,"T","L234T",0.0575160582455388
"L",234,"W","L234W",0.122067406865109
"L",234,"Y","L234Y",-0.111656912851481
"L",235,"A","L235A",0.224755483779983
"L",235,"C","L235C",-0.0435644768069979
"L",235,"D","L235D",-0.148593796065718
"L",235,"E","L235E",-0.0523371575646886
"L",235,"F","L235F",-0.0690765181343776
"L",235,"G","L235G",0.059015377093063
"L",235,"H","L235H",0.079810080857281
"L",235,"I","L235I",0.230939120322642
"L",235,"K","L235K",-0.0792567006922487
"L",235,"M","L235M",0.119615124934172
"L",235,"N","L235N",-0.0472420239054486
"L",235,"P","L235P",0.060893541959252
"L",235,"Q","L235Q",0.196582707702091
"L",235,"R","L235R",0.0399614596332322
"L",235,"S","L235S",-0.182495797004987
"L",235,"T","L235T",-0.185272094912457
"L",235,"V","L235V",0.131226649522393
"L",235,"W","L235W",-0.0393606824156377
"L",235,"Y","L235Y",-0.295600298301548
"G",236,"A","G236A",-0.526908970755135
"G",236,"C","G236C",-0.238196676009555
"G",236,"D","G236D",0.0489086195458249
"G",236,"E","G236E",-0.411016573280315
"G",236,"F","G236F",0.150119680152945
"G",236,"H","G236H",0.480459117507005
"G",236,"I","G236I",0.019788167479445
"G",236,"K","G236K",-0.193088785186545
"G",236,"L","G236L",0.616016028414825
"G",236,"M","G236M",0.412067699446595
"G",236,"P","G236P",0.327049833136675
"G",236,"Q","G236Q",0.152202631786665
"G",236,"R","G236R",-0.174829545225504
"G",236,"S","G236S",-0.612340851915335
"G",236,"T","G236T",-0.309284225760425
"G",236,"V","G236V",0.198585065356716
"G",236,"W","G236W",-0.0269360987198152
"G",236,"Y","G236Y",0.0874048840259349
"G",237,"A","G237A",-0.0453546459033001
"G",237,"C","G237C",-0.12172795717739
"G",237,"D","G237D",-0.0621714420305499
"G",237,"E","G237E",0.18595088239946
"G",237,"F","G237F",-0.01470623259061
"G",237,"H","G237H",0.0600260984201901
"G",237,"K","G237K",-0.47397666442356
"G",237,"L","G237L",0.11678173650191
"G",237,"M","G237M",-0.13160350530687
"G",237,"N","G237N",0.0322740352235693
"G",237,"P","G237P",0.21469442233872
"G",237,"Q","G237Q",-0.0287994120153303
"G",237,"R","G237R",0.0412233296415005
"G",237,"S","G237S",-0.10235346116841
"G",237,"T","G237T",-0.0111855365573195
"G",237,"V","G237V",0.256629069790249
"G",237,"W","G237W",0.0476433488928098
"G",237,"Y","G237Y",0.0366559339649302
"P",238,"A","P238A",0.168719225988151
"P",238,"C","P238C",-0.11034637768424
"P",238,"D","P238D",0.136569181362831
"P",238,"E","P238E",0.353293856013091
"P",238,"F","P238F",-0.229975693023549
"P",238,"G","P238G",-1.01082509202972
"P",238,"H","P238H",0.260119179486121
"P",238,"I","P238I",0.14935217685112
"P",238,"K","P238K",-0.33675040164482
"P",238,"L","P238L",-0.134300996798539
"P",238,"M","P238M",0.0692181434880812
"P",238,"Q","P238Q",0.0233009656755312
"P",238,"S","P238S",0.969174907970281
"P",238,"T","P238T",-0.138455534468588
"P",238,"V","P238V",-0.196580366547529
"P",238,"W","P238W",-0.0847157641028686
"P",238,"Y","P238Y",0.112202589464642
"S",239,"A","S239A",-0.0827487744643016
"S",239,"C","S239C",-0.00557932149675261
"S",239,"D","S239D",-0.154792197981051
"S",239,"E","S239E",-0.0996679062894218
"S",239,"F","S239F",0.144893096787388
"S",239,"G","S239G",-0.294369694041203
"S",239,"H","S239H",-0.108122495811202
"S",239,"I","S239I",0.159764860968758
"S",239,"K","S239K",-0.137755937714011
"S",239,"L","S239L",0.0110523218432394
"S",239,"M","S239M",-0.0135074757592216
"S",239,"N","S239N",-0.0384166053398816
"S",239,"P","S239P",0.0063384483466874
"S",239,"Q","S239Q",0.164027426451129
"S",239,"T","S239T",-0.138123703764372
"S",239,"V","S239V",0.0811304190937184
"S",239,"W","S239W",0.119537340938508
"S",239,"Y","S239Y",0.386340198231988
"V",240,"A","V240A",-0.0894255064595417
"V",240,"C","V240C",-0.117229516504092
"V",240,"D","V240D",-0.0985814102951416
"V",240,"E","V240E",0.0253822251001085
"V",240,"F","V240F",-0.0723281925363115
"V",240,"G","V240G",0.148962465675098
"V",240,"H","V240H",0.166316888318287
"V",240,"I","V240I",-0.121919317466881
"V",240,"K","V240K",-0.134022965087151
"V",240,"L","V240L",0.00627514545340846
"V",240,"M","V240M",0.0241397630691585
"V",240,"N","V240N",0.153701594509538
"V",240,"P","V240P",0.0511654464629785
"V",240,"Q","V240Q",-0.120684040549422
"V",240,"R","V240R",0.0298194743501075
"V",240,"S","V240S",-6.75517357611316e-05
"V",240,"T","V240T",-0.0327403069684106
"V",240,"W","V240W",-0.0252313709641023
"V",240,"Y","V240Y",0.206467175628128
"F",241,"A","F241A",0.131828582564785
"F",241,"C","F241C",0.0777779925072252
"F",241,"D","F241D",-0.0976398182367641
"F",241,"E","F241E",-0.111982305642465
"F",241,"G","F241G",0.120628067347265
"F",241,"H","F241H",-0.0494480293595143
"F",241,"I","F241I",0.0121229854395257
"F",241,"K","F241K",-0.134500316905295
"F",241,"L","F241L",-0.107527272700444
"F",241,"M","F241M",-0.0308617503220447
"F",241,"N","F241N",-0.156778528983444
"F",241,"P","F241P",-0.0840332359013254
"F",241,"Q","F241Q",0.172288231077574
"F",241,"R","F241R",0.142796969652075
"F",241,"S","F241S",0.0625699911985242
"F",241,"T","F241T",0.132184223615665
"F",241,"V","F241V",0.110470125855215
"F",241,"W","F241W",0.0280872506939152
"F",241,"Y","F241Y",-0.217983161900474
"L",242,"F","L242F",0
"F",243,"A","F243A",0.0652114117917276
"F",243,"C","F243C",0.178424646701498
"F",243,"D","F243D",-0.0309713446078826
"F",243,"E","F243E",0.270290630856409
"F",243,"H","F243H",-0.200319499882762
"F",243,"I","F243I",-0.199015062413542
"F",243,"K","F243K",0.0953718994202476
"F",243,"L","F243L",-0.099957814766462
"F",243,"M","F243M",0.0684524094484176
"F",243,"N","F243N",-0.000485050206352054
"F",243,"P","F243P",-0.0132212148875224
"F",243,"Q","F243Q",-0.0169884069589024
"F",243,"R","F243R",0.153374429294128
"F",243,"S","F243S",-0.0787731961730421
"F",243,"T","F243T",-0.173042630949842
"F",243,"V","F243V",-0.0651574262126225
"F",243,"W","F243W",0.0470464406447581
"F",243,"Y","F243Y",-0.000240221098252155
"P",244,"A","P244A",-0.0754106317402082
"P",244,"C","P244C",0.210672252958452
"P",244,"D","P244D",-0.0587760554041983
"P",244,"E","P244E",-0.0224707251656387
"P",244,"F","P244F",0.0483089382846817
"P",244,"G","P244G",-0.0055182928443285
"P",244,"H","P244H",0.0536852735626916
"P",244,"I","P244I",0.116549617361012
"P",244,"K","P244K",0.0824594633156012
"P",244,"L","P244L",0.0188137976402809
"P",244,"M","P244M",-0.0374596619390377
"P",244,"N","P244N",-0.0461162689686787
"P",244,"Q","P244Q",-0.0255198723745778
"P",244,"R","P244R",0.0559625624495912
"P",244,"S","P244S",-0.0729527880630981
"P",244,"T","P244T",0.0120654980643213
"P",244,"V","P244V",-0.0479368006122483
"P",244,"W","P244W",0.0236693889232218
"P",244,"Y","P244Y",-0.230025695447838
"P",245,"A","P245A",0.035112637909312
"P",245,"C","P245C",-0.110527077828858
"P",245,"D","P245D",0.137531722375432
"P",245,"E","P245E",0.408319104015203
"P",245,"F","P245F",-0.0390381319561175
"P",245,"G","P245G",0.00463904316616253
"P",245,"H","P245H",-0.218767112109388
"P",245,"I","P245I",-0.140438892583147
"P",245,"K","P245K",-0.0351564980589785
"P",245,"L","P245L",-0.000477331878468566
"P",245,"M","P245M",0.0448127679386216
"P",245,"N","P245N",-0.0284377499599173
"P",245,"Q","P245Q",-0.165995568249578
"P",245,"R","P245R",-0.224905902826158
"P",245,"S","P245S",0.209489311011592
"P",245,"T","P245T",0.095582091364742
"P",245,"V","P245V",-0.0544296488561382
"P",245,"W","P245W",-0.0318765751159684
"P",245,"Y","P245Y",0.114563811641652
"K",246,"A","K246A",-0.117100337371719
"K",246,"C","K246C",-0.173271314145919
"K",246,"D","K246D",-0.00342674526524938
"K",246,"E","K246E",0.126353052447151
"K",246,"F","K246F",-0.00479260457592878
"K",246,"G","K246G",-0.148046105713879
"K",246,"H","K246H",0.0418770369385808
"K",246,"I","K246I",0.00323635260979072
"K",246,"L","K246L",0.0216030224948816
"K",246,"M","K246M",0.0493686309749608
"K",246,"N","K246N",0.0574461367698114
"K",246,"P","K246P",0.0911537138532606
"K",246,"Q","K246Q",0.0502424392452608
"K",246,"R","K246R",0.0288784192455911
"K",246,"S","K246S",-0.042591935272539
"K",246,"T","K246T",0.0299108734244514
"K",246,"V","K246V",-0.0142845559845888
"K",246,"W","K246W",0.0113389265470414
"K",246,"Y","K246Y",-0.00789500622095898
"P",247,"A","P247A",-0.0177598827709187
"P",247,"C","P247C",0.000908520162261395
"P",247,"D","P247D",-0.0495229129017984
"P",247,"E","P247E",0.0725488909865717
"P",247,"F","P247F",0.128723706240682
"P",247,"G","P247G",0.135803763789122
"P",247,"H","P247H",0.0505155866301015
"P",247,"I","P247I",-0.0261929241915981
"P",247,"K","P247K",0.114345368517932
"P",247,"L","P247L",-0.227699209838338
"P",247,"M","P247M",-0.111301837413138
"P",247,"N","P247N",0.0500113042966317
"P",247,"Q","P247Q",-0.141974182714858
"P",247,"R","P247R",0.144825299527432
"P",247,"S","P247S",0.0183358756954621
"P",247,"T","P247T",-0.224690220185918
"P",247,"V","P247V",-0.0114749087697084
"P",247,"W","P247W",-0.0263579632091988
"P",247,"Y","P247Y",0.120955726149281
"K",248,"A","K248A",-0.0364887472706191
"K",248,"C","K248C",0.056668897099481
"K",248,"D","K248D",0.060087750168422
"K",248,"E","K248E",-0.0803942964139993
"K",248,"F","K248F",0.069239134996861
"K",248,"G","K248G",0.0282407520171012
"K",248,"H","K248H",-0.109622811046729
"K",248,"I","K248I",-0.17606926522986
"K",248,"L","K248L",0.079396688542741
"K",248,"M","K248M",-0.0947937598957492
"K",248,"N","K248N",0.00250731271810069
"K",248,"P","K248P",0.112262866127851
"K",248,"Q","K248Q",-0.0349928557626492
"K",248,"R","K248R",0.066020555818831
"K",248,"S","K248S",0.0183473510362812
"K",248,"T","K248T",0.0182811128412518
"K",248,"V","K248V",-0.0257486013324089
"K",248,"W","K248W",0.0249309611332017
"K",248,"Y","K248Y",0.0221269544518918
"D",249,"A","D249A",-0.0235252217430658
"D",249,"C","D249C",-0.0347171580142555
"D",249,"E","D249E",0.0664500715702142
"D",249,"F","D249F",0.00504407513109417
"D",249,"G","D249G",-0.0818407391820858
"D",249,"H","D249H",-0.00536603414915583
"D",249,"I","D249I",0.168955169448914
"D",249,"K","D249K",-0.0320250321411856
"D",249,"L","D249L",0.135455478588994
"D",249,"M","D249M",0.0709149125748642
"D",249,"N","D249N",-0.213245434249066
"D",249,"P","D249P",-0.0931377857130754
"D",249,"Q","D249Q",0.0597144615897842
"D",249,"R","D249R",-0.0152322163314257
"D",249,"S","D249S",-0.103521261730506
"D",249,"T","D249T",0.114639200558364
"D",249,"V","D249V",0.0876368479793442
"D",249,"W","D249W",-0.0346097864816261
"D",249,"Y","D249Y",-0.0715895477061252
"T",250,"A","T250A",-0.0575577369917061
"T",250,"C","T250C",0.0781046980406143
"T",250,"D","T250D",0.0892000592466643
"T",250,"E","T250E",0.0964895665015842
"T",250,"F","T250F",-0.142202283231275
"T",250,"G","T250G",0.035457831067604
"T",250,"H","T250H",-0.255276364152346
"T",250,"I","T250I",0.0478267610687045
"T",250,"K","T250K",0.081267821553454
"T",250,"L","T250L",0.0820547783425337
"T",250,"M","T250M",-0.0019780568532354
"T",250,"N","T250N",-0.000824628902766106
"T",250,"P","T250P",-0.0742662889937458
"T",250,"Q","T250Q",0.0588324967686739
"T",250,"R","T250R",0.0899143464849547
"T",250,"S","T250S",0.0611549945909243
"T",250,"V","T250V",0.0174515291258447
"T",250,"W","T250W",-0.100975554057546
"T",250,"Y","T250Y",-0.104673969608937
"L",251,"A","L251A",-0.159288189354255
"L",251,"C","L251C",0.00954043982546492
"L",251,"D","L251D",0.0248689111277948
"L",251,"E","L251E",0.0629151927412052
"L",251,"F","L251F",-0.0573275346522347
"L",251,"G","L251G",0.0862407774604552
"L",251,"H","L251H",-0.0117994812145147
"L",251,"I","L251I",0.126599897311026
"L",251,"K","L251K",0.0660941783552152
"L",251,"M","L251M",-0.0849500704323253
"L",251,"N","L251N",-0.148378542381745
"L",251,"P","L251P",0.116254060263715
"L",251,"Q","L251Q",0.0766255788456762
"L",251,"R","L251R",0.279493069719695
"L",251,"S","L251S",-0.154631253693915
"L",251,"T","L251T",-0.0343144282948845
"L",251,"V","L251V",-0.0327011855306146
"L",251,"W","L251W",0.00117102996247512
"L",251,"Y","L251Y",-0.166412450058235
"M",252,"A","M252A",0.108152426950209
"M",252,"C","M252C",-0.0333560760696392
"M",252,"D","M252D",-0.0354278738841389
"M",252,"E","M252E",0.0415856644414203
"M",252,"F","M252F",0.19898970980732
"M",252,"G","M252G",0.0188989985671604
"M",252,"H","M252H",-0.00829131081971929
"M",252,"I","M252I",0.00234244324664064
"M",252,"K","M252K",-0.00970577910715969
"M",252,"L","M252L",0.16671642901535
"M",252,"N","M252N",-0.0786508908959791
"M",252,"P","M252P",0.0324649199488103
"M",252,"Q","M252Q",-0.00538705923622926
"M",252,"R","M252R",-0.0171290746172998
"M",252,"S","M252S",-0.0760193697172788
"M",252,"T","M252T",-0.0438723699256791
"M",252,"V","M252V",-0.12257310357968
"M",252,"W","M252W",-0.0905814036594397
"M",252,"Y","M252Y",-0.04815628046467
"I",253,"A","I253A",0.102224644443625
"I",253,"C","I253C",0.179867371661775
"I",253,"D","I253D",-0.0917715887444958
"I",253,"E","I253E",0.129572865550095
"I",253,"F","I253F",0.027190594465556
"I",253,"G","I253G",0.103402133648435
"I",253,"H","I253H",0.00155973538864544
"I",253,"K","I253K",-0.0397766286500944
"I",253,"L","I253L",-0.056779522892505
"I",253,"M","I253M",-0.144100923779445
"I",253,"N","I253N",-0.0348906107528748
"I",253,"P","I253P",-0.155863365329705
"I",253,"Q","I253Q",-0.0816603669656648
"I",253,"R","I253R",-0.0107792664407551
"I",253,"S","I253S",2.51560465756445e-05
"I",253,"T","I253T",0.00964671780718535
"I",253,"V","I253V",0.023861342549635
"I",253,"W","I253W",0.0100131418792957
"I",253,"Y","I253Y",0.0282585701147156
"S",254,"A","S254A",-0.0268496430108887
"S",254,"C","S254C",0.116352137800572
"S",254,"D","S254D",-0.0415167804479178
"S",254,"E","S254E",-0.000912308671368312
"S",254,"F","S254F",0.085196812220581
"S",254,"G","S254G",0.0397078128144518
"S",254,"H","S254H",-0.0699425467759583
"S",254,"I","S254I",-0.121968001397748
"S",254,"K","S254K",-0.0322093646582789
"S",254,"L","S254L",-0.0393217435433784
"S",254,"M","S254M",0.0461115665086315
"S",254,"N","S254N",0.252483930091772
"S",254,"P","S254P",-0.0254707662988783
"S",254,"Q","S254Q",-0.00433130393364801
"S",254,"R","S254R",0.0770427756506213
"S",254,"T","S254T",-0.102058538731898
"S",254,"V","S254V",-0.0721745600432089
"S",254,"W","S254W",-0.0883553527138684
"S",254,"Y","S254Y",0.00821587514041219
"R",255,"A","R255A",-0.0623620064715706
"R",255,"C","R255C",-0.111742606633111
"R",255,"D","R255D",0.00115234970610932
"R",255,"E","R255E",-0.0126043111060298
"R",255,"F","R255F",-0.0601537839112204
"R",255,"G","R255G",0.0199718362756199
"R",255,"H","R255H",0.10792141129688
"R",255,"I","R255I",-0.0276617863764906
"R",255,"K","R255K",0.0226019469175492
"R",255,"L","R255L",-0.0148145655747806
"R",255,"M","R255M",-0.0471233370277199
"R",255,"N","R255N",0.0769559575421997
"R",255,"P","R255P",0.0274631305969791
"R",255,"Q","R255Q",0.0512282562225389
"R",255,"S","R255S",-0.0356884279311402
"R",255,"T","R255T",-0.0483292018758807
"R",255,"V","R255V",-0.0228137347379608
"R",255,"W","R255W",0.063440192234499
"R",255,"Y","R255Y",0.0725586808535295
"T",256,"A","T256A",0.128858876315435
"T",256,"C","T256C",0.0122612251645958
"T",256,"D","T256D",-0.144783480715484
"T",256,"E","T256E",-0.0543493436892347
"T",256,"F","T256F",-0.0245589051504248
"T",256,"G","T256G",-0.00649765041072401
"T",256,"H","T256H",0.00309664548255549
"T",256,"I","T256I",-0.0606873083131837
"T",256,"K","T256K",-0.0373954443318035
"T",256,"L","T256L",-0.0542318540113246
"T",256,"M","T256M",0.081034972635086
"T",256,"N","T256N",-0.0257929596441243
"T",256,"P","T256P",0.0135447328232353
"T",256,"Q","T256Q",-0.00808752229029351
"T",256,"R","T256R",-0.0334595640373038
"T",256,"S","T256S",0.0862463868427755
"T",256,"V","T256V",-0.0212081699506942
"T",256,"W","T256W",0.0397804126751263
"T",256,"Y","T256Y",0.106228950605786
"P",257,"A","P257A",-0.0958404378905049
"P",257,"C","P257C",-0.154229869974055
"P",257,"D","P257D",0.0576341219835547
"P",257,"E","P257E",0.0525136713956856
"P",257,"F","P257F",0.0518648068256247
"P",257,"G","P257G",-0.0682766297966653
"P",257,"H","P257H",0.101362971168125
"P",257,"I","P257I",-0.0806688864343348
"P",257,"K","P257K",0.00167081623260465
"P",257,"L","P257L",0.143149497262476
"P",257,"M","P257M",-0.118580633188715
"P",257,"N","P257N",0.00162767643150465
"P",257,"Q","P257Q",-0.138263638535895
"P",257,"R","P257R",0.0172289925688447
"P",257,"S","P257S",-0.00734448111462635
"P",257,"T","P257T",0.0150138719709636
"P",257,"V","P257V",0.148230526845425
"P",257,"W","P257W",0.0850661497813246
"P",257,"Y","P257Y",-0.0121585255313354
"E",258,"A","E258A",0.0166745360151042
"E",258,"C","E258C",-0.00779733432183539
"E",258,"D","E258D",0.00441791660308399
"E",258,"F","E258F",-0.0294368031574461
"E",258,"G","E258G",0.00958935932447402
"E",258,"H","E258H",0.00483644187486454
"E",258,"I","E258I",0.0343677454520745
"E",258,"K","E258K",-0.0333926997213754
"E",258,"L","E258L",-0.0572708716626658
"E",258,"M","E258M",0.116487965790244
"E",258,"N","E258N",0.132296479289874
"E",258,"P","E258P",-0.0877028611987554
"E",258,"Q","E258Q",0.0136100363775735
"E",258,"R","E258R",0.0438400911430843
"E",258,"S","E258S",0.0192796670521342
"E",258,"T","E258T",-0.00977474350453569
"E",258,"V","E258V",-0.0788787883828859
"E",258,"W","E258W",-0.0323312784373162
"E",258,"Y","E258Y",-0.058814858535696
"V",259,"A","V259A",0.00745434055831131
"V",259,"C","V259C",-0.0676439402593793
"V",259,"D","V259D",0.109378698071301
"V",259,"E","V259E",0.512023569646831
"V",259,"F","V259F",0.101564649843361
"V",259,"G","V259G",0.037688638298701
"V",259,"H","V259H",-0.149291712212238
"V",259,"I","V259I",-0.0225608292022096
"V",259,"K","V259K",-0.0866879111231188
"V",259,"L","V259L",-0.0235962203443593
"V",259,"M","V259M",-0.00432203271000919
"V",259,"N","V259N",0.082058935858622
"V",259,"P","V259P",-0.129063323103329
"V",259,"Q","V259Q",-0.108135142552649
"V",259,"R","V259R",0.00289203905033101
"V",259,"S","V259S",-0.0448155657817689
"V",259,"T","V259T",-0.0810791121754991
"V",259,"W","V259W",0.0362766785597505
"V",259,"Y","V259Y",-0.172141760422649
"T",260,"A","T260A",-0.0503972088578478
"T",260,"C","T260C",-0.115686046325109
"T",260,"D","T260D",0.0359672154300917
"T",260,"E","T260E",0.00894319583238169
"T",260,"F","T260F",0.0458797298184813
"T",260,"G","T260G",0.0481602862958715
"T",260,"H","T260H",0.113350380117901
"T",260,"I","T260I",0.0837123042687915
"T",260,"K","T260K",-0.00143454143398811
"T",260,"L","T260L",0.132539436430291
"T",260,"M","T260M",-0.0617065503011381
"T",260,"N","T260N",0.00894421875144219
"T",260,"P","T260P",0.0506799062830011
"T",260,"Q","T260Q",0.0350320306257216
"T",260,"R","T260R",-0.0659995680826083
"T",260,"S","T260S",-0.0496146406030792
"T",260,"V","T260V",-0.140255902332759
"T",260,"W","T260W",-0.103185286284639
"T",260,"Y","T260Y",0.0250710403671918
"C",261,"A","C261A",0.0930936190041177
"C",261,"D","C261D",0.0784596276734577
"C",261,"E","C261E",0.122510880056307
"C",261,"F","C261F",-0.0696983443621829
"C",261,"G","C261G",0.0451266994901279
"C",261,"H","C261H",0.350055324674778
"C",261,"I","C261I",0.0608744817377779
"C",261,"K","C261K",-0.110505230399343
"C",261,"M","C261M",0.0766093143921777
"C",261,"N","C261N",-0.147341132259942
"C",261,"P","C261P",-0.155917442387211
"C",261,"Q","C261Q",-0.051615544580553
"C",261,"R","C261R",-0.369099823231851
"C",261,"S","C261S",0.129303857936578
"C",261,"T","C261T",-0.112473950787982
"C",261,"V","C261V",0.137483444407738
"C",261,"W","C261W",0.133650634150789
"C",261,"Y","C261Y",-0.210516415514781
"V",262,"A","V262A",-0.111615866328231
"V",262,"C","V262C",-0.0607414653365107
"V",262,"D","V262D",-0.0709312039962801
"V",262,"E","V262E",0.290814642542059
"V",262,"F","V262F",-0.0236051720052303
"V",262,"G","V262G",-0.0590370793875009
"V",262,"H","V262H",0.0343474227399495
"V",262,"I","V262I",0.00455252057883916
"V",262,"K","V262K",0.0647352390909705
"V",262,"L","V262L",0.0681240338397295
"V",262,"M","V262M",-0.0366162410414005
"V",262,"N","V262N",-0.0940502634746804
"V",262,"P","V262P",0.0369415178565895
"V",262,"Q","V262Q",0.193165515680869
"V",262,"R","V262R",0.129287557671889
"V",262,"S","V262S",-0.193795381768561
"V",262,"T","V262T",-0.0257573979324704
"V",262,"W","V262W",-0.0749372595449404
"V",262,"Y","V262Y",-0.070881119185091
"V",263,"A","V263A",0.114261096286064
"V",263,"C","V263C",0.0543554926293251
"V",263,"D","V263D",-0.160126641426816
"V",263,"E","V263E",-0.00788408733451584
"V",263,"F","V263F",-0.0520378244304758
"V",263,"G","V263G",-0.0509528417046465
"V",263,"H","V263H",-0.155524993828276
"V",263,"I","V263I",0.0767389409079841
"V",263,"K","V263K",0.110651711538674
"V",263,"L","V263L",-0.0195364643561357
"V",263,"M","V263M",-0.0399956576174056
"V",263,"N","V263N",0.121242355450775
"V",263,"P","V263P",-0.0450474778774752
"V",263,"Q","V263Q",0.0588102840907441
"V",263,"R","V263R",0.193535393911664
"V",263,"S","V263S",-0.00949843456264653
"V",263,"T","V263T",-0.225876728791736
"V",263,"W","V263W",0.00914478413717437
"V",263,"Y","V263Y",0.0277410929777245
"V",264,"A","V264A",0.04001131684558
"V",264,"C","V264C",0.0845097987970596
"V",264,"D","V264D",0.28212454158617
"V",264,"E","V264E",-0.358863766394771
"V",264,"F","V264F",0.192269567127399
"V",264,"G","V264G",-0.29657132466071
"V",264,"H","V264H",-0.0919913119318901
"V",264,"I","V264I",0.0474254439014994
"V",264,"K","V264K",0.177993209978059
"V",264,"L","V264L",0.0253262348120195
"V",264,"M","V264M",-0.0910875540215004
"V",264,"N","V264N",-0.18417517638906
"V",264,"P","V264P",0.2348188273318
"V",264,"Q","V264Q",0.0165775103260801
"V",264,"R","V264R",-0.233158534722789
"V",264,"S","V264S",0.106042166098039
"V",264,"T","V264T",-0.1066003302887
"V",264,"W","V264W",0.0330719427746688
"V",264,"Y","V264Y",0.12227743883105
"D",265,"A","D265A",0.171910068562769
"D",265,"C","D265C",-0.0709866378294508
"D",265,"E","D265E",0.177025144235519
"D",265,"F","D265F",-0.145367206188472
"D",265,"G","D265G",-0.114114472797711
"D",265,"H","D265H",0.146835792076899
"D",265,"I","D265I",-0.264176602023091
"D",265,"K","D265K",-0.0747598371011608
"D",265,"L","D265L",0.108260831840879
"D",265,"M","D265M",-0.0604776754553915
"D",265,"N","D265N",-0.289649239136051
"D",265,"P","D265P",0.0829302269187793
"D",265,"Q","D265Q",0.352134857495379
"D",265,"R","D265R",-0.304580288061111
"D",265,"S","D265S",-0.0120759003418704
"D",265,"T","D265T",0.185147174224459
"D",265,"V","D265V",-0.00723909065316053
"D",265,"W","D265W",0.0607984549867891
"D",265,"Y","D265Y",0.0583843992459994
"V",266,"A","V266A",0.13797551307967
"V",266,"C","V266C",0.000437792650630393
"V",266,"D","V266D",-0.21400191026324
"V",266,"E","V266E",0.17698309100799
"V",266,"F","V266F",-0.145297958598739
"V",266,"G","V266G",-0.0278922947765795
"V",266,"H","V266H",-0.15976904428431
"V",266,"I","V266I",-0.0560540198663498
"V",266,"K","V266K",-0.128328030735311
"V",266,"L","V266L",-0.10505798060647
"V",266,"M","V266M",-0.10177780402733
"V",266,"N","V266N",0.0533230397821801
"V",266,"P","V266P",0.279161654317339
"V",266,"Q","V266Q",0.0325534581186108
"V",266,"R","V266R",0.0566854934576596
"V",266,"S","V266S",0.1797302723558
"V",266,"W","V266W",-0.02656529701252
"V",266,"Y","V266Y",0.0478940254009698
"S",267,"A","S267A",-0.3540259096146
"S",267,"C","S267C",-0.0424443848832691
"S",267,"D","S267D",-0.0840090275917797
"S",267,"E","S267E",-0.835244879913229
"S",267,"F","S267F",-0.22926582096438
"S",267,"G","S267G",-0.31230582904064
"S",267,"H","S267H",0.24803338613261
"S",267,"I","S267I",0.274098868739261
"S",267,"K","S267K",0.0159351868090894
"S",267,"L","S267L",0.27724021823109
"S",267,"M","S267M",0.10732076771609
"S",267,"N","S267N",0.10489854842076
"S",267,"P","S267P",-0.0848403952026395
"S",267,"Q","S267Q",0.684792791444431
"S",267,"R","S267R",-0.12337235659112
"S",267,"T","S267T",0.34043731530561
"S",267,"V","S267V",-0.123434209580199
"S",267,"W","S267W",0.25065298388419
"S",267,"Y","S267Y",-0.114467253301279
"H",268,"A","H268A",0.0485363105164475
"H",268,"C","H268C",0.0543971337096387
"H",268,"D","H268D",0.0639858295209787
"H",268,"E","H268E",0.492141347329408
"H",268,"F","H268F",-0.00833573595211242
"H",268,"G","H268G",0.00171129058029778
"H",268,"I","H268I",-0.0107526880709826
"H",268,"K","H268K",-0.134795679704572
"H",268,"L","H268L",-0.0205427955904725
"H",268,"M","H268M",0.0975411651281379
"H",268,"N","H268N",-0.170748420140102
"H",268,"P","H268P",0.018456987905818
"H",268,"Q","H268Q",-0.0523960565366722
"H",268,"R","H268R",-0.164039624670612
"H",268,"S","H268S",0.197489504657108
"H",268,"T","H268T",-0.158219010152732
"H",268,"V","H268V",-0.0690310605800316
"H",268,"W","H268W",-0.108594693643542
"H",268,"Y","H268Y",-0.0768038043060023
"E",269,"A","E269A",0.171251641715234
"E",269,"C","E269C",-0.0567809742929859
"E",269,"D","E269D",-0.108307754155996
"E",269,"F","E269F",0.253939344804034
"E",269,"G","E269G",0.0777774584032643
"E",269,"H","E269H",-0.0211155194016961
"E",269,"I","E269I",0.0952115238459943
"E",269,"K","E269K",-0.144224012700076
"E",269,"L","E269L",-0.191115410890755
"E",269,"M","E269M",0.129447598859614
"E",269,"N","E269N",-0.160550106264705
"E",269,"P","E269P",0.130380184042084
"E",269,"Q","E269Q",-0.0906952004513954
"E",269,"R","E269R",-0.285271471952556
"E",269,"S","E269S",-0.0396721565815261
"E",269,"T","E269T",0.0988844805983043
"E",269,"V","E269V",0.00398280227915428
"E",269,"W","E269W",0.122775934830063
"E",269,"Y","E269Y",0.0140816373139443
"D",270,"A","D270A",-0.0138436558770655
"D",270,"E","D270E",-0.0340969561417259
"D",270,"F","D270F",0.230994599592214
"D",270,"G","D270G",-0.0616787398502849
"D",270,"H","D270H",0.0658449183440245
"D",270,"I","D270I",-0.0582779267792157
"D",270,"K","D270K",-0.0158164599966155
"D",270,"L","D270L",0.00382516872326447
"D",270,"M","D270M",0.263523400293754
"D",270,"N","D270N",-0.270468533310286
"D",270,"P","D270P",0.0224582631585645
"D",270,"Q","D270Q",0.0970736253314245
"D",270,"R","D270R",-0.210241723013505
"D",270,"S","D270S",0.0697921134064045
"D",270,"T","D270T",0.0174521185383445
"D",270,"V","D270V",-0.058754644247186
"D",270,"W","D270W",-0.116526049828996
"D",270,"Y","D270Y",0.0687404816568845
"P",271,"A","P271A",0.0540898889209001
"P",271,"C","P271C",-0.0914303112936797
"P",271,"D","P271D",-0.0133389380803589
"P",271,"E","P271E",0.0108902331523401
"P",271,"F","P271F",-0.0715894550063503
"P",271,"G","P271G",-0.271665459676521
"P",271,"H","P271H",-0.0151337480268099
"P",271,"I","P271I",0.11093435791113
"P",271,"K","P271K",-0.0260602747574801
"P",271,"L","P271L",-0.00276389837452892
"P",271,"M","P271M",0.0820850071739191
"P",271,"N","P271N",-0.17941452239512
"P",271,"Q","P271Q",-0.0292278073991402
"P",271,"R","P271R",0.0851809578170601
"P",271,"S","P271S",-0.00882154035378092
"P",271,"T","P271T",0.18894650145834
"P",271,"V","P271V",0.0367614431748501
"P",271,"W","P271W",-0.00990449033256992
"P",271,"Y","P271Y",0.1504620560878
"E",272,"A","E272A",-0.072948232154882
"E",272,"C","E272C",0.0366657958781878
"E",272,"D","E272D",0.0504164280162284
"E",272,"F","E272F",0.038486672055359
"E",272,"G","E272G",0.0667178675255484
"E",272,"I","E272I",-0.0405963336310113
"E",272,"K","E272K",-0.0815342733589721
"E",272,"L","E272L",-0.0178581439381016
"E",272,"M","E272M",0.0578234973662884
"E",272,"N","E272N",0.152306817775458
"E",272,"P","E272P",0.191456227703408
"E",272,"Q","E272Q",-0.0823681152926017
"E",272,"R","E272R",-0.0173501374100018
"E",272,"S","E272S",-0.0864721525027911
"E",272,"T","E272T",-0.0639587434615014
"E",272,"V","E272V",-0.0486954565053021
"E",272,"W","E272W",-0.0817425791843715
"E",272,"Y","E272Y",-0.000349138880942013
"V",273,"A","V273A",-0.0869267786245203
"V",273,"C","V273C",-0.292031532008921
"V",273,"D","V273D",0.047574691347729
"V",273,"E","V273E",-0.0688943689888014
"V",273,"F","V273F",0.697043702588649
"V",273,"G","V273G",-0.180352929127601
"V",273,"H","V273H",0.120392077194039
"V",273,"I","V273I",-0.262411340226031
"V",273,"K","V273K",0.109944425850029
"V",273,"L","V273L",-0.103791708022522
"V",273,"M","V273M",-0.149350120413361
"V",273,"N","V273N",-0.0916067277586405
"V",273,"P","V273P",-0.00379147598206135
"V",273,"Q","V273Q",0.397921201615679
"V",273,"R","V273R",0.125004345549969
"V",273,"S","V273S",-0.0944017319234111
"V",273,"T","V273T",-0.206314697647832
"V",273,"W","V273W",0.052467779057399
"V",273,"Y","V273Y",-0.0104748124797912
"K",274,"A","K274A",-0.0339322140619882
"K",274,"C","K274C",0.043660057445202
"K",274,"D","K274D",0.157291945181562
"K",274,"E","K274E",-0.0640150387691175
"K",274,"F","K274F",-0.0673879164164374
"K",274,"G","K274G",0.0388257043727021
"K",274,"H","K274H",-0.0604696558177582
"K",274,"I","K274I",-0.0325508804000987
"K",274,"L","K274L",-0.0801212033824084
"K",274,"M","K274M",-0.0784547950448178
"K",274,"N","K274N",-0.0395946806506181
"K",274,"P","K274P",0.0937821826374919
"K",274,"Q","K274Q",-0.0503529235606188
"K",274,"R","K274R",-0.119016514183988
"K",274,"S","K274S",0.051032861255223
"K",274,"T","K274T",0.221916848232382
"K",274,"V","K274V",0.0486159630463222
"K",274,"W","K274W",-0.0603472946142873
"K",274,"Y","K274Y",0.0311175547312526
"F",275,"A","F275A",-0.295614905128177
"F",275,"C","F275C",-0.019833716144436
"F",275,"D","F275D",0.0623019162576734
"F",275,"E","F275E",0.0704476548582335
"F",275,"G","F275G",0.0491485435989438
"F",275,"H","F275H",0.0787996933170531
"F",275,"I","F275I",0.00894912217521294
"F",275,"K","F275K",-0.0618132254435167
"F",275,"L","F275L",-0.0931886395653754
"F",275,"M","F275M",-0.0191144317358458
"F",275,"N","F275N",0.0211909832021635
"F",275,"P","F275P",0.243902754175724
"F",275,"Q","F275Q",0.0948292706717235
"F",275,"R","F275R",-0.0266194483531357
"F",275,"S","F275S",-0.104515773101036
"F",275,"T","F275T",0.0171604311232243
"F",275,"V","F275V",-0.0960663863286354
"F",275,"W","F275W",0.0702716212903733
"F",275,"Y","F275Y",-0.000235464870166759
"N",276,"A","N276A",-0.138888666234482
"N",276,"C","N276C",0.0663465269179776
"N",276,"D","N276D",-0.0493980065349321
"N",276,"E","N276E",0.0662532421126679
"N",276,"F","N276F",0.0440995164769579
"N",276,"G","N276G",-0.0642351076081716
"N",276,"H","N276H",-0.0673871591644527
"N",276,"I","N276I",0.0562764453489081
"N",276,"K","N276K",-0.064372519226452
"N",276,"L","N276L",0.0503889229815183
"N",276,"M","N276M",-0.0713438197183323
"N",276,"P","N276P",0.0711474233647686
"N",276,"Q","N276Q",-0.0182952159028818
"N",276,"R","N276R",-0.123522429571452
"N",276,"S","N276S",0.0231068168157377
"N",276,"T","N276T",0.0806331645686976
"N",276,"V","N276V",0.0323875088344977
"N",276,"W","N276W",0.116534973310168
"N",276,"Y","N276Y",-0.00973161677074269
"W",277,"A","W277A",0.0391416060927703
"W",277,"C","W277C",0.10708698536942
"W",277,"D","W277D",0.14695413467178
"W",277,"E","W277E",-0.000700678284560503
"W",277,"F","W277F",-0.0979727683811602
"W",277,"G","W277G",0.2712034846475
"W",277,"H","W277H",0.10745084159841
"W",277,"I","W277I",-0.12963926261034
"W",277,"K","W277K",0.112364055501839
"W",277,"L","W277L",-0.18840431799156
"W",277,"M","W277M",-0.00327532060119956
"W",277,"N","W277N",-0.11670923370327
"W",277,"P","W277P",-0.0872516347469301
"W",277,"Q","W277Q",-0.0278796399064396
"W",277,"R","W277R",-0.0376102002841299
"W",277,"S","W277S",0.158813800004399
"W",277,"T","W277T",-0.12567581849718
"W",277,"V","W277V",-0.11789440250375
"W",277,"Y","W277Y",-0.0100016303755999
"Y",278,"A","Y278A",0.0511088082040419
"Y",278,"C","Y278C",0.0242304545344914
"Y",278,"D","Y278D",-0.110295387618479
"Y",278,"E","Y278E",-0.128737920929729
"Y",278,"F","Y278F",0.0312396519803111
"Y",278,"G","Y278G",0.0914356365974121
"Y",278,"H","Y278H",0.199302481975031
"Y",278,"I","Y278I",-0.110619818006859
"Y",278,"K","Y278K",-0.120335159725749
"Y",278,"L","Y278L",-0.0997249590660185
"Y",278,"M","Y278M",-0.0174262998042189
"Y",278,"N","Y278N",0.0224023370154616
"Y",278,"P","Y278P",0.0015784028366721
"Y",278,"Q","Y278Q",0.050192247213132
"Y",278,"R","Y278R",0.0933317745819314
"Y",278,"S","Y278S",-0.00348653662156794
"Y",278,"T","Y278T",0.0380321489008113
"Y",278,"V","Y278V",-0.0344354773260879
"Y",278,"W","Y278W",0.0222076152594116
"V",279,"A","V279A",-0.0406120935634663
"V",279,"C","V279C",0.0814216808583138
"V",279,"D","V279D",-0.111260190980596
"V",279,"E","V279E",-0.067122554345017
"V",279,"F","V279F",0.0132543681946341
"V",279,"G","V279G",0.122607609282564
"V",279,"H","V279H",-0.0229476318784162
"V",279,"I","V279I",0.026068303767674
"V",279,"K","V279K",-0.0274105432401962
"V",279,"L","V279L",0.042091242149444
"V",279,"M","V279M",-0.00487361042941589
"V",279,"N","V279N",0.00903282154814311
"V",279,"P","V279P",0.0233653775963635
"V",279,"Q","V279Q",-0.00938897532252589
"V",279,"R","V279R",-0.0267663483523158
"V",279,"S","V279S",-0.062647998074287
"V",279,"T","V279T",-0.00502308889119669
"V",279,"W","V279W",0.0784338468572837
"V",279,"Y","V279Y",-0.0182222151769868
"D",280,"A","D280A",0.0512750655799133
"D",280,"C","D280C",-0.015207302871926
"D",280,"E","D280E",0.0683536568334836
"D",280,"F","D280F",-0.00236155646552675
"D",280,"G","D280G",-0.0517425303122572
"D",280,"H","D280H",-0.0189687779792874
"D",280,"I","D280I",-0.0543450259722072
"D",280,"K","D280K",0.0175781066472033
"D",280,"L","D280L",-0.0231625795954776
"D",280,"M","D280M",-0.0563085317926265
"D",280,"N","D280N",-0.115588109281317
"D",280,"P","D280P",0.0342280044211138
"D",280,"Q","D280Q",0.0190600804229931
"D",280,"R","D280R",-0.0258241300609168
"D",280,"S","D280S",0.0298792215255224
"D",280,"T","D280T",-0.0233588389886066
"D",280,"V","D280V",0.141350382485563
"D",280,"W","D280W",0.0686904323307233
"D",280,"Y","D280Y",-0.0435475669263666
"G",281,"A","G281A",-0.0834743631227837
"G",281,"C","G281C",0.121950862475876
"G",281,"D","G281D",0.0668233714478358
"G",281,"E","G281E",-0.0575482455355939
"G",281,"F","G281F",0.0873192489238862
"G",281,"H","G281H",-0.116352725708764
"G",281,"I","G281I",0.100581211941197
"G",281,"K","G281K",0.00439335804560633
"G",281,"L","G281L",-0.0509665147243133
"G",281,"M","G281M",0.0322235446682363
"G",281,"N","G281N",-0.0293337311476632
"G",281,"P","G281P",-0.157910468501634
"G",281,"Q","G281Q",-0.116175864810154
"G",281,"R","G281R",0.00165073711649683
"G",281,"S","G281S",-0.0567114319196339
"G",281,"T","G281T",0.0277021608334462
"G",281,"V","G281V",-0.0932790903104237
"G",281,"W","G281W",0.088237690640136
"G",281,"Y","G281Y",0.230870249688246
"V",282,"A","V282A",0.000182749489767181
"V",282,"C","V282C",-0.0468140164404632
"V",282,"D","V282D",-0.0532611829559229
"V",282,"E","V282E",0.0526727297702671
"V",282,"F","V282F",0.109647224600006
"V",282,"G","V282G",0.0526953384205772
"V",282,"H","V282H",-0.0256810120602533
"V",282,"I","V282I",0.0197526909001166
"V",282,"K","V282K",-0.0920819176204731
"V",282,"L","V282L",0.0111098453500866
"V",282,"M","V282M",0.0712003725496264
"V",282,"N","V282N",-0.0743264592126131
"V",282,"P","V282P",0.137227091762247
"V",282,"Q","V282Q",-0.00159661204504282
"V",282,"R","V282R",0.0604825493603162
"V",282,"S","V282S",-0.122499269385083
"V",282,"T","V282T",0.0243318060416775
"V",282,"W","V282W",-0.120998347423993
"V",282,"Y","V282Y",-0.00204358110084312
"E",283,"A","E283A",0.0754336615461856
"E",283,"C","E283C",0.0497329825667152
"E",283,"D","E283D",-0.00674066703852506
"E",283,"F","E283F",0.0307471091436349
"E",283,"G","E283G",0.0216686657422448
"E",283,"H","E283H",0.0208690284259254
"E",283,"I","E283I",-0.0457137763490248
"E",283,"K","E283K",-0.0102551370657849
"E",283,"L","E283L",-0.110397667226755
"E",283,"M","E283M",0.0108272329649952
"E",283,"N","E283N",0.174437469143046
"E",283,"P","E283P",-0.0169578406433746
"E",283,"Q","E283Q",0.0631733927770654
"E",283,"R","E283R",0.0103838746472457
"E",283,"S","E283S",0.0213418933848949
"E",283,"T","E283T",-0.0488594411858654
"E",283,"V","E283V",-0.0538469319066147
"E",283,"W","E283W",-0.0496357262139245
"E",283,"Y","E283Y",-0.136208122712085
"V",284,"A","V284A",0.0620097725706894
"V",284,"C","V284C",-0.00475058704962144
"V",284,"D","V284D",-0.00668963977605094
"V",284,"E","V284E",-0.0891668746162511
"V",284,"F","V284F",-0.00330041551295104
"V",284,"G","V284G",0.00101475218057837
"V",284,"H","V284H",-0.059529756135801
"V",284,"I","V284I",-0.0199221631706714
"V",284,"K","V284K",-0.0247572605486108
"V",284,"L","V284L",-0.0232978519961606
"V",284,"M","V284M",0.0519966463068289
"V",284,"N","V284N",-0.0645407492863108
"V",284,"P","V284P",0.310355876541959
"V",284,"Q","V284Q",-0.0555759417263313
"V",284,"R","V284R",-0.0472222492992409
"V",284,"S","V284S",0.0604702438641991
"V",284,"T","V284T",-0.0107252654553709
"V",284,"W","V284W",-0.120674697355751
"V",284,"Y","V284Y",0.0443061604648692
"H",285,"A","H285A",0.269374596087889
"H",285,"C","H285C",0.14428693962765
"H",285,"D","H285D",0.0949939934023597
"H",285,"E","H285E",-0.0881412758523007
"H",285,"F","H285F",-0.0185259642372907
"H",285,"G","H285G",-0.040026779421201
"H",285,"I","H285I",0.0475410436876991
"H",285,"K","H285K",-0.28365471467436
"H",285,"L","H285L",-0.0461346071040904
"H",285,"M","H285M",0.0355315172301798
"H",285,"N","H285N",-0.00322480792117069
"H",285,"P","H285P",0.121525700321499
"H",285,"Q","H285Q",-0.0374855323920608
"H",285,"R","H285R",0.04259013519621
"H",285,"S","H285S",0.0340228004752095
"H",285,"T","H285T",-0.0629100964931503
"H",285,"V","H285V",-0.1418903325883
"H",285,"W","H285W",-0.0758485296197606
"H",285,"Y","H285Y",0.00797591427498872
"N",286,"A","N286A",-0.165354388176201
"N",286,"C","N286C",0.0897708133476584
"N",286,"D","N286D",-0.0103448754529213
"N",286,"E","N286E",0.0748343234772285
"N",286,"F","N286F",-0.000992174100181229
"N",286,"G","N286G",-0.00984474989581115
"N",286,"H","N286H",-0.0396575042073707
"N",286,"I","N286I",0.0793133023266786
"N",286,"K","N286K",-0.0632366084069911
"N",286,"L","N286L",0.0346177869478893
"N",286,"M","N286M",0.021736440797769
"N",286,"P","N286P",-0.111011617571991
"N",286,"Q","N286Q",-0.0238618399697105
"N",286,"R","N286R",0.0153194807543689
"N",286,"S","N286S",0.0772728423940292
"N",286,"T","N286T",0.107530025082499
"N",286,"V","N286V",-0.0813477529965404
"N",286,"W","N286W",-0.0662030604907612
"N",286,"Y","N286Y",0.0714595561403589
"A",287,"C","A287C",-0.108214854471282
"A",287,"D","A287D",0.140918829408667
"A",287,"E","A287E",-0.134757920578782
"A",287,"F","A287F",0.0537349824258482
"A",287,"H","A287H",0.00127988434280864
"A",287,"I","A287I",-0.126194797438582
"A",287,"K","A287K",-0.0371438844790011
"A",287,"L","A287L",0.0993390463504178
"A",287,"M","A287M",0.324911350095849
"A",287,"N","A287N",-0.0143129307275624
"A",287,"P","A287P",-0.0669799201365211
"A",287,"Q","A287Q",-0.062706771317122
"A",287,"R","A287R",0.0478302208169486
"A",287,"S","A287S",0.066490701406758
"A",287,"T","A287T",-0.0786846016154517
"A",287,"V","A287V",-0.104359891474362
"A",287,"W","A287W",0.0708963830268883
"A",287,"Y","A287Y",-0.0720458256355217
"K",288,"A","K288A",0.101002148651663
"K",288,"C","K288C",-0.0416454298991778
"K",288,"D","K288D",-0.0493151033425473
"K",288,"E","K288E",-0.011310632542758
"K",288,"F","K288F",0.0661722904067329
"K",288,"G","K288G",-0.00022071700631825
"K",288,"H","K288H",-0.0192073793635371
"K",288,"I","K288I",0.0273729744925625
"K",288,"L","K288L",-0.00491094444367705
"K",288,"M","K288M",0.0696882894107025
"K",288,"N","K288N",0.000593375569393349
"K",288,"P","K288P",-0.201285900038376
"K",288,"Q","K288Q",0.0443165773428127
"K",288,"R","K288R",0.0254816275212624
"K",288,"S","K288S",0.0288339355665223
"K",288,"T","K288T",0.011692087302683
"K",288,"V","K288V",-0.00126393450582745
"K",288,"W","K288W",-0.0315524737003277
"K",288,"Y","K288Y",-0.0144407914217875
"T",289,"A","T289A",-0.0104479949195546
"T",289,"C","T289C",0.186779459706505
"T",289,"D","T289D",-0.0857311856612053
"T",289,"E","T289E",0.0275909815000548
"T",289,"F","T289F",0.0164920382826647
"T",289,"G","T289G",-0.0896144259018852
"T",289,"H","T289H",-0.123045327661545
"T",289,"I","T289I",0.0900831866940538
"T",289,"K","T289K",-0.238179664771335
"T",289,"L","T289L",0.0137540880970548
"T",289,"M","T289M",0.025822713664865
"T",289,"N","T289N",-0.107861890960125
"T",289,"P","T289P",0.246467428236195
"T",289,"Q","T289Q",0.148351821742025
"T",289,"R","T289R",0.164890025686014
"T",289,"S","T289S",-0.0673698663031555
"T",289,"V","T289V",-0.0686705529492347
"T",289,"W","T289W",-0.126208020987495
"T",289,"Y","T289Y",-0.00310281349389532
"K",290,"A","K290A",-0.0940331031787609
"K",290,"C","K290C",-0.029045167452171
"K",290,"D","K290D",-0.0143437628156915
"K",290,"E","K290E",-0.0959527556713009
"K",290,"F","K290F",-0.171770895452901
"K",290,"G","K290G",-0.061561103739731
"K",290,"H","K290H",-0.00463212603250146
"K",290,"I","K290I",0.119175635433309
"K",290,"L","K290L",0.0647473486017482
"K",290,"M","K290M",0.077479562510429
"K",290,"N","K290N",0.00902094041508964
"K",290,"P","K290P",0.118758851335389
"K",290,"Q","K290Q",0.0968159412623593
"K",290,"R","K290R",-0.0412103898594907
"K",290,"S","K290S",0.0168377159143482
"K",290,"T","K290T",-0.059011599676591
"K",290,"V","K290V",0.121936356921259
"K",290,"W","K290W",-0.0369691729641308
"K",290,"Y","K290Y",-0.0162422755506613
"P",291,"A","P291A",-0.103076334684078
"P",291,"C","P291C",0.122257291928593
"P",291,"D","P291D",-0.0259490944453766
"P",291,"E","P291E",-0.0106094952243065
"P",291,"F","P291F",0.0680507290552432
"P",291,"G","P291G",-0.0817502549340672
"P",291,"H","P291H",-0.068340219338717
"P",291,"I","P291I",-0.0353104004117171
"P",291,"K","P291K",0.0776619414463032
"P",291,"L","P291L",-0.0591157960163668
"P",291,"M","P291M",-0.0760184778668566
"P",291,"N","P291N",0.0499803661742933
"P",291,"Q","P291Q",-0.00478897102655653
"P",291,"R","P291R",0.0384810116832535
"P",291,"S","P291S",-0.0101892420474865
"P",291,"T","P291T",0.0119613508184129
"P",291,"V","P291V",-0.0524826834121468
"P",291,"W","P291W",0.101757059577983
"P",291,"Y","P291Y",0.0574812187235932
"R",292,"A","R292A",-0.180592765762967
"R",292,"C","R292C",-0.0155372097845175
"R",292,"D","R292D",-0.0132304099933971
"R",292,"E","R292E",-0.0652880343150168
"R",292,"F","R292F",0.154126636644213
"R",292,"G","R292G",-0.0812181243544372
"R",292,"H","R292H",-0.110377619569657
"R",292,"I","R292I",0.0470475715948733
"R",292,"K","R292K",0.0200392091715424
"R",292,"L","R292L",0.0351584671639631
"R",292,"M","R292M",0.0243890440796019
"R",292,"N","R292N",-0.0762713400381174
"R",292,"P","R292P",-0.0674884216663379
"R",292,"Q","R292Q",0.0375647195752822
"R",292,"S","R292S",-0.021673430745587
"R",292,"T","R292T",0.106351934725603
"R",292,"V","R292V",0.0447119295926525
"R",292,"W","R292W",-0.0753660113705173
"R",292,"Y","R292Y",0.237653855052823
"E",293,"A","E293A",0.00424778275418546
"E",293,"C","E293C",0.105765893552306
"E",293,"D","E293D",0.044006659036926
"E",293,"F","E293F",0.0706413962317056
"E",293,"G","E293G",-0.027867507762484
"E",293,"H","E293H",-0.0864186380768145
"E",293,"I","E293I",-0.068451752637764
"E",293,"K","E293K",-0.102168763670605
"E",293,"L","E293L",-0.0191352668590649
"E",293,"M","E293M",-0.0214920768496948
"E",293,"N","E293N",-0.0397764820646546
"E",293,"P","E293P",0.190160447201466
"E",293,"Q","E293Q",-0.0760066244851146
"E",293,"R","E293R",-0.0213363810926442
"E",293,"S","E293S",-0.0109457290158542
"E",293,"T","E293T",0.00111281758622546
"E",293,"V","E293V",0.00442546954425545
"E",293,"W","E293W",0.0532387566076259
"E",294,"A","E294A",-0.218880055702086
"E",294,"C","E294C",0.185469694346083
"E",294,"D","E294D",0.309440578369274
"E",294,"F","E294F",-0.105765725428527
"E",294,"G","E294G",0.121904418973074
"E",294,"H","E294H",-0.147617176819586
"E",294,"I","E294I",-0.0383574109078262
"E",294,"K","E294K",-0.330636519199816
"E",294,"L","E294L",-0.0483945464502862
"E",294,"M","E294M",-0.100160356276096
"E",294,"N","E294N",0.209088373922204
"E",294,"P","E294P",-0.0336556478288472
"E",294,"Q","E294Q",-0.172551104998746
"E",294,"R","E294R",-0.219523887715966
"E",294,"S","E294S",-0.0332851078031962
"E",294,"T","E294T",0.464375514768434
"E",294,"V","E294V",-0.0168254551679662
"E",294,"W","E294W",0.184944914026924
"E",294,"Y","E294Y",-0.00957050010704624
"Q",295,"A","Q295A",-0.0766292022279253
"Q",295,"C","Q295C",-0.0595221942132455
"Q",295,"D","Q295D",0.425574979913824
"Q",295,"E","Q295E",-0.00428233478261425
"Q",295,"F","Q295F",-0.0754498857375052
"Q",295,"G","Q295G",0.0604412288756548
"Q",295,"H","Q295H",-0.116141181483745
"Q",295,"I","Q295I",-0.092058070820445
"Q",295,"K","Q295K",0.0500143835885048
"Q",295,"L","Q295L",-0.247520356323176
"Q",295,"M","Q295M",-0.0255356194269553
"Q",295,"N","Q295N",-0.0487479206825349
"Q",295,"P","Q295P",-0.0659663303049249
"Q",295,"R","Q295R",0.0549892993772948
"Q",295,"S","Q295S",0.0906451153911448
"Q",295,"T","Q295T",-0.0345569721117751
"Q",295,"V","Q295V",0.0584172240862847
"Q",295,"W","Q295W",0.0369217641878448
"Q",295,"Y","Q295Y",0.0694060726942947
"Y",296,"A","Y296A",-0.00749640335116579
"Y",296,"C","Y296C",-0.0907972292210862
"Y",296,"D","Y296D",-0.0256936496658268
"Y",296,"E","Y296E",0.0552714539570439
"Y",296,"F","Y296F",-0.039465443652006
"Y",296,"G","Y296G",0.0456327798220539
"Y",296,"H","Y296H",-0.351914471687036
"Y",296,"I","Y296I",0.0209005632127639
"Y",296,"K","Y296K",-0.117093872959936
"Y",296,"L","Y296L",0.298149823468604
"Y",296,"M","Y296M",0.0653293517526149
"Y",296,"N","Y296N",-0.0482673156736361
"Y",296,"P","Y296P",0.187859939970404
"Y",296,"Q","Y296Q",-0.00109770680663629
"Y",296,"R","Y296R",-0.162359353056927
"Y",296,"S","Y296S",0.0610547985346839
"Y",296,"V","Y296V",0.0622155478527939
"Y",296,"W","Y296W",0.0477711875032939
"N",297,"A","N297A",0.315697502273071
"N",297,"C","N297C",0.228478984373551
"N",297,"D","N297D",0.304058312696741
"N",297,"E","N297E",-0.184276091922749
"N",297,"F","N297F",-0.318337018943499
"N",297,"G","N297G",-0.202745219393098
"N",297,"H","N297H",-0.00336795794378915
"N",297,"I","N297I",0.155802015198551
"N",297,"K","N297K",0.0968628099976609
"N",297,"L","N297L",-0.171642071197548
"N",297,"M","N297M",0.0171701682292715
"N",297,"P","N297P",-0.204571589971259
"N",297,"Q","N297Q",0.147430027292641
"N",297,"R","N297R",-0.0260767705981886
"N",297,"S","N297S",-0.0949609691322584
"N",297,"T","N297T",0.118357928802451
"N",297,"V","N297V",0.0893924920820008
"N",297,"W","N297W",-0.254432648074679
"N",297,"Y","N297Y",-0.0128399037688692
"S",298,"A","S298A",-0.0407323951160662
"S",298,"C","S298C",-0.0913066753188562
"S",298,"D","S298D",0.104369331939044
"S",298,"E","S298E",-0.0306158084931262
"S",298,"F","S298F",-0.0866612128737358
"S",298,"G","S298G",-0.0196284577554362
"S",298,"I","S298I",0.147839446893584
"S",298,"K","S298K",-0.100284024663587
"S",298,"L","S298L",0.257857792855054
"S",298,"M","S298M",-0.0283209155956862
"S",298,"N","S298N",0.0707207432874038
"S",298,"P","S298P",-0.0621570988012962
"S",298,"Q","S298Q",-0.0243446649342562
"S",298,"R","S298R",-0.168410089545116
"S",298,"T","S298T",0.0584289418956238
"S",298,"V","S298V",0.0360040706955038
"S",298,"W","S298W",0.0334847063195248
"S",298,"Y","S298Y",-0.0562436907885762
"T",299,"A","T299A",0.171989714348018
"T",299,"C","T299C",-0.0167555160940624
"T",299,"D","T299D",-0.0838672617517322
"T",299,"E","T299E",-0.202978628078842
"T",299,"F","T299F",-0.307675959939662
"T",299,"G","T299G",0.311192035243599
"T",299,"H","T299H",0.143532827998859
"T",299,"I","T299I",-0.0614288142812319
"T",299,"K","T299K",-0.0622490000904817
"T",299,"L","T299L",0.00350604133478788
"T",299,"M","T299M",-0.375959130468402
"T",299,"N","T299N",0.0506102946001877
"T",299,"P","T299P",-0.0847791761388722
"T",299,"Q","T299Q",0.112108239042187
"T",299,"R","T299R",0.065296103747258
"T",299,"S","T299S",0.177518598405378
"T",299,"V","T299V",0.150772273112708
"T",299,"W","T299W",0.148891528083889
"T",299,"Y","T299Y",-0.139724169073583
"Y",300,"A","Y300A",0.0865834605288411
"Y",300,"C","Y300C",0.0651948270213121
"Y",300,"D","Y300D",-0.0870863194383685
"Y",300,"E","Y300E",-0.174372621632919
"Y",300,"F","Y300F",-0.118559954648209
"Y",300,"G","Y300G",0.0259344013248714
"Y",300,"H","Y300H",-0.00930053460586872
"Y",300,"I","Y300I",-0.0250370770951892
"Y",300,"K","Y300K",0.182837458925501
"Y",300,"L","Y300L",-0.0155772189198596
"Y",300,"M","Y300M",-0.0583135460933894
"Y",300,"N","Y300N",-0.0999433200155987
"Y",300,"P","Y300P",0.0806123219949811
"Y",300,"Q","Y300Q",0.0564245614429811
"Y",300,"R","Y300R",0.340067090679601
"Y",300,"S","Y300S",-0.0478152715085792
"Y",300,"T","Y300T",-0.0748580966658691
"Y",300,"V","Y300V",-0.00907323341482882
"Y",300,"W","Y300W",-0.11771692787941
"R",301,"A","R301A",-0.0565874346807717
"R",301,"C","R301C",0.0180200257299289
"R",301,"D","R301D",0.0512987658048789
"R",301,"E","R301E",0.12111926891135
"R",301,"F","R301F",-0.152497665635411
"R",301,"G","R301G",0.214904498124539
"R",301,"H","R301H",-0.0804547177769414
"R",301,"I","R301I",-0.00456089709036155
"R",301,"K","R301K",0.322459845376049
"R",301,"L","R301L",-0.149640059076682
"R",301,"M","R301M",-0.0599208826312009
"R",301,"N","R301N",0.026247851995719
"R",301,"P","R301P",-0.113232439299881
"R",301,"Q","R301Q",-0.14928786962076
"R",301,"S","R301S",-0.0848741706373611
"R",301,"T","R301T",-0.169682574225071
"R",301,"V","R301V",0.140045258534789
"R",301,"W","R301W",0.045056572847559
"R",301,"Y","R301Y",0.081586623349629
"V",302,"C","V302C",0.0475021950029404
"V",302,"D","V302D",-0.268167257407889
"V",302,"E","V302E",0.11625829490576
"V",302,"F","V302F",0.0764299594478605
"V",302,"G","V302G",-0.0748443763638094
"V",302,"H","V302H",0.0315644312978403
"V",302,"I","V302I",0.117012119740591
"V",302,"K","V302K",-0.018008390094159
"V",302,"L","V302L",0.0536219911356708
"V",302,"M","V302M",-0.0147057652948288
"V",302,"N","V302N",0.209266161204151
"V",302,"P","V302P",0.160798715727221
"V",302,"Q","V302Q",0.00406287375707023
"V",302,"R","V302R",-0.26799570375601
"V",302,"S","V302S",-0.0647005267963794
"V",302,"T","V302T",0.0418678409141211
"V",302,"W","V302W",-0.0600633287904897
"V",302,"Y","V302Y",-0.0898992346296604
"V",303,"A","V303A",0.0636727901651211
"V",303,"C","V303C",-0.0108606383179287
"V",303,"E","V303E",-0.0612108540279589
"V",303,"F","V303F",0.0759352307021601
"V",303,"G","V303G",-0.0462400222862985
"V",303,"H","V303H",-0.0406673170322292
"V",303,"I","V303I",0.0649722332594901
"V",303,"K","V303K",-0.0272933268853887
"V",303,"L","V303L",-0.215355413778459
"V",303,"M","V303M",0.00653401839893123
"V",303,"N","V303N",-0.109091224972469
"V",303,"P","V303P",-0.0315940480246185
"V",303,"Q","V303Q",0.0341907865473209
"V",303,"R","V303R",0.00225299192657113
"V",303,"S","V303S",0.267612436910281
"V",303,"T","V303T",0.0655859806813911
"V",303,"W","V303W",-0.0382672662111586
"V",303,"Y","V303Y",-0.000176357054758269
"S",304,"A","S304A",-0.0278650113955854
"S",304,"C","S304C",0.0500839670911744
"S",304,"D","S304D",-0.016139412880116
"S",304,"E","S304E",0.0777548477766544
"S",304,"F","S304F",0.0793444426558744
"S",304,"G","S304G",0.0746307559493434
"S",304,"H","S304H",-0.0345429956572556
"S",304,"I","S304I",-0.0930781023272751
"S",304,"K","S304K",0.187746708939444
"S",304,"L","S304L",-0.0392942903098057
"S",304,"M","S304M",0.0954550237035344
"S",304,"N","S304N",0.127250889688514
"S",304,"P","S304P",-0.136426142778335
"S",304,"Q","S304Q",0.192653903719304
"S",304,"R","S304R",-0.0641675481412751
"S",304,"T","S304T",-0.0808957900795752
"S",304,"V","S304V",-0.253654206785616
"S",304,"W","S304W",-0.138857039169006
"V",305,"A","V305A",0.124542977683285
"V",305,"C","V305C",0.115101354032794
"V",305,"D","V305D",0.120033886258726
"V",305,"E","V305E",-0.0606281075392153
"V",305,"F","V305F",0.0498146053408244
"V",305,"G","V305G",0.000958718246734991
"V",305,"H","V305H",0.039350357904514
"V",305,"I","V305I",-0.0277300415990556
"V",305,"K","V305K",0.165366980816735
"V",305,"L","V305L",0.0836910838694547
"V",305,"M","V305M",0.104553770765115
"V",305,"N","V305N",-0.186947251165965
"V",305,"P","V305P",-0.0723677273784653
"V",305,"Q","V305Q",-0.190771903543295
"V",305,"R","V305R",-0.205446229234885
"V",305,"S","V305S",-0.0555731657241953
"V",305,"T","V305T",0.0827071629538249
"V",305,"W","V305W",-0.0303616625268848
"V",305,"Y","V305Y",-0.0562948091600453
"L",306,"A","L306A",0.0808378516221866
"L",306,"C","L306C",-0.112659825407163
"L",306,"D","L306D",-0.0733156330585037
"L",306,"E","L306E",0.275969528452275
"L",306,"F","L306F",-0.0613417469169637
"L",306,"G","L306G",-0.0696140611163439
"L",306,"H","L306H",-0.0203493179812535
"L",306,"I","L306I",-0.129990579840594
"L",306,"K","L306K",0.0360769073644664
"L",306,"M","L306M",-0.0896491248618843
"L",306,"N","L306N",-0.00904429661368345
"L",306,"P","L306P",0.0210799702332662
"L",306,"Q","L306Q",0.0414093699003161
"L",306,"R","L306R",-0.0961633451320936
"L",306,"S","L306S",0.191079970233266
"L",306,"T","L306T",0.0200228630529462
"L",306,"V","L306V",0.0102914685587769
"L",306,"W","L306W",-0.0476538357289134
"L",306,"Y","L306Y",0.0330138372398962
"T",307,"A","T307A",0.155064146845256
"T",307,"C","T307C",-0.146108674480874
"T",307,"D","T307D",-0.0372671128601841
"T",307,"E","T307E",0.0787852340686356
"T",307,"F","T307F",0.0924522611844462
"T",307,"G","T307G",-0.178952717474753
"T",307,"H","T307H",0.137791130082276
"T",307,"I","T307I",0.00306635205828619
"T",307,"K","T307K",-0.0420849337463335
"T",307,"L","T307L",0.0723871803050759
"T",307,"M","T307M",0.111893324450587
"T",307,"N","T307N",0.102104014297386
"T",307,"P","T307P",-0.123340324757984
"T",307,"Q","T307Q",0.00436018599205669
"T",307,"R","T307R",0.00489395876799579
"T",307,"S","T307S",-0.0453798671780133
"T",307,"V","T307V",-0.0833293906368036
"T",307,"W","T307W",-0.120117643151054
"T",307,"Y","T307Y",0.0137828762339966
"V",308,"A","V308A",0.0395359369791615
"V",308,"C","V308C",0.0357012337395622
"V",308,"D","V308D",-0.00286169700425823
"V",308,"E","V308E",0.0703404757438218
"V",308,"F","V308F",0.0511641599282225
"V",308,"G","V308G",-0.086261438852768
"V",308,"H","V308H",-0.0542904437293485
"V",308,"I","V308I",0.00744323384470288
"V",308,"K","V308K",-0.149425098228688
"V",308,"L","V308L",-0.0253220955409976
"V",308,"M","V308M",0.0446308217607115
"V",308,"N","V308N",0.0879069795958525
"V",308,"P","V308P",0.0861402239623226
"V",308,"Q","V308Q",3.46399239234472e-06
"V",308,"R","V308R",-0.066253721560668
"V",308,"S","V308S",0.0891016846078816
"V",308,"T","V308T",0.0380060325923324
"V",308,"W","V308W",-0.140541275281488
"V",308,"Y","V308Y",-0.0250184765487484
"L",309,"A","L309A",0.00478627015391374
"L",309,"C","L309C",-0.0363147173084268
"L",309,"D","L309D",-0.142443141631127
"L",309,"E","L309E",0.0616672036704529
"L",309,"F","L309F",0.0272479362941134
"L",309,"G","L309G",-0.0962333127816768
"L",309,"H","L309H",-0.0552572297648863
"L",309,"I","L309I",-0.0413005595740969
"L",309,"K","L309K",-0.0359947274725272
"L",309,"M","L309M",-0.116607167977987
"L",309,"N","L309N",0.106664553279933
"L",309,"P","L309P",0.174098125648182
"L",309,"Q","L309Q",-0.00817786184412746
"L",309,"R","L309R",0.0363238607535532
"L",309,"S","L309S",0.0501800674266031
"L",309,"T","L309T",-0.0429789470529567
"L",309,"V","L309V",0.0186695687493331
"L",309,"W","L309W",0.0764006539791433
"L",309,"Y","L309Y",0.019269425452583
"H",310,"A","H310A",-0.0148332574652218
"H",310,"C","H310C",0.000256203931118608
"H",310,"D","H310D",-0.0675398234416117
"H",310,"E","H310E",-0.0037344273735814
"H",310,"F","H310F",0.0500980382285584
"H",310,"G","H310G",-0.0385716405403914
"H",310,"I","H310I",0.0741724351017281
"H",310,"K","H310K",-0.0413882866814219
"H",310,"L","H310L",0.0702510391160987
"H",310,"M","H310M",-0.0475816096137222
"H",310,"N","H310N",0.0497596276333586
"H",310,"P","H310P",0.0126359776177783
"H",310,"Q","H310Q",-0.066665935041242
"H",310,"R","H310R",0.00820131890990895
"H",310,"S","H310S",0.044466104506479
"H",310,"T","H310T",0.0579916212381388
"H",310,"V","H310V",-0.0862480039782215
"H",310,"W","H310W",0.0866687956986879
"H",310,"Y","H310Y",-0.0879381778464418
"Q",311,"A","Q311A",-0.0678082517838864
"Q",311,"C","Q311C",-0.0568538209428366
"Q",311,"D","Q311D",0.00135701142134351
"Q",311,"E","Q311E",0.0241858827639341
"Q",311,"F","Q311F",-0.0556759453536166
"Q",311,"G","Q311G",-0.157469470429037
"Q",311,"H","Q311H",0.130233441601264
"Q",311,"I","Q311I",0.0248723650738941
"Q",311,"K","Q311K",-0.0415488975941666
"Q",311,"L","Q311L",0.0388407155057138
"Q",311,"M","Q311M",-0.00380767212742669
"Q",311,"N","Q311N",-0.00597254901090676
"Q",311,"P","Q311P",-0.0423763695331462
"Q",311,"R","Q311R",0.0644475951666941
"Q",311,"S","Q311S",-0.0259987955041962
"Q",311,"T","Q311T",0.0945375705146337
"Q",311,"V","Q311V",-0.00158085915900578
"Q",311,"W","Q311W",-0.000665053435346485
"Q",311,"Y","Q311Y",0.0812831028260944
"D",312,"A","D312A",-0.028285618612122
"D",312,"C","D312C",0.00665164001529901
"D",312,"E","D312E",0.0704266529743788
"D",312,"F","D312F",0.0648398754305485
"D",312,"G","D312G",0.103002920022648
"D",312,"H","D312H",0.148815873198358
"D",312,"I","D312I",-0.0217257175857518
"D",312,"K","D312K",-0.0180086659263915
"D",312,"L","D312L",-0.195218409460582
"D",312,"M","D312M",0.00583319389174872
"D",312,"N","D312N",0.077483860992478
"D",312,"P","D312P",-0.0494785315689513
"D",312,"Q","D312Q",-0.0803837684669918
"D",312,"R","D312R",-0.0776666508343517
"D",312,"S","D312S",-0.0217213138266913
"D",312,"T","D312T",-0.0104755181446016
"D",312,"V","D312V",0.0394142880377187
"D",312,"W","D312W",0.0376199307603578
"D",312,"Y","D312Y",-0.0511240408971016
"W",313,"C","W313C",-0.0862959381373732
"W",313,"D","W313D",-0.188090703339873
"W",313,"E","W313E",0.0319712140981172
"W",313,"F","W313F",0.0518128469639174
"W",313,"H","W313H",-0.0721962588347432
"W",313,"I","W313I",0.0686849963693967
"W",313,"K","W313K",-0.255213726653823
"W",313,"L","W313L",0.0977218908226074
"W",313,"M","W313M",0.0451316846586971
"W",313,"N","W313N",-0.123359895086512
"W",313,"P","W313P",-0.0864823083161633
"W",313,"Q","W313Q",0.321317083658298
"W",313,"R","W313R",-0.0430359791687239
"W",313,"S","W313S",-0.0561860270011725
"W",313,"T","W313T",0.0756911397023463
"W",313,"V","W313V",0.190349410329958
"W",313,"Y","W313Y",0.0281805699350472
"L",314,"A","L314A",-0.0136717273784608
"L",314,"C","L314C",0.202003234673579
"L",314,"D","L314D",-0.0318934920782004
"L",314,"E","L314E",-0.0916780146483613
"L",314,"F","L314F",-0.0103562104038806
"L",314,"G","L314G",-0.0160396782704415
"L",314,"H","L314H",-0.0811539448228105
"L",314,"I","L314I",0.0942389011036679
"L",314,"K","L314K",-0.203026293189741
"L",314,"M","L314M",0.0309806565666189
"L",314,"N","L314N",0.124687843777789
"L",314,"P","L314P",-0.085384044590741
"L",314,"Q","L314Q",-0.0697135550918613
"L",314,"R","L314R",0.0169750367204289
"L",314,"S","L314S",0.0193388630581999
"L",314,"T","L314T",-0.0435014328111512
"L",314,"V","L314V",0.145295122608018
"L",314,"W","L314W",-0.0949813815640412
"L",314,"Y","L314Y",0.107880116341389
"N",315,"A","N315A",0.249685031567779
"N",315,"C","N315C",0.0666946075419884
"N",315,"D","N315D",-0.0953661249848022
"N",315,"E","N315E",0.0203791191279584
"N",315,"F","N315F",-0.0477385541797622
"N",315,"G","N315G",-0.106276887611722
"N",315,"H","N315H",-0.0574730914037519
"N",315,"I","N315I",-0.0304528304721615
"N",315,"K","N315K",0.121734155615098
"N",315,"L","N315L",0.0195756803275381
"N",315,"M","N315M",-0.106238468955162
"N",315,"P","N315P",-0.111731148739931
"N",315,"Q","N315Q",0.128268851260068
"N",315,"R","N315R",-0.115980024758352
"N",315,"S","N315S",0.0548147964280884
"N",315,"T","N315T",-0.0721260697563116
"N",315,"W","N315W",0.0434669335119785
"N",315,"Y","N315Y",0.0387640254814575
"G",316,"A","G316A",0.0826703409284636
"G",316,"C","G316C",-0.0608936063648054
"G",316,"D","G316D",-0.0422513902017661
"G",316,"E","G316E",0.0710110243821741
"G",316,"F","G316F",-0.0710743701466558
"G",316,"H","G316H",0.154294302407604
"G",316,"I","G316I",-0.0329153322824059
"G",316,"K","G316K",-0.0657147222698054
"G",316,"L","G316L",-0.00318557369255582
"G",316,"M","G316M",-0.0326731275442257
"G",316,"N","G316N",-0.0282994898806262
"G",316,"P","G316P",0.139438892721344
"G",316,"Q","G316Q",0.0822009837842944
"G",316,"R","G316R",0.0465720195571945
"G",316,"S","G316S",0.0289844155119444
"G",316,"T","G316T",-0.400765166372096
"G",316,"V","G316V",0.0723038430902438
"G",316,"W","G316W",-0.0665862731571954
"G",316,"Y","G316Y",0.126883229528875
"K",317,"A","K317A",-0.0394061340073429
"K",317,"C","K317C",0.0175302877671474
"K",317,"D","K317D",0.00356550765347716
"K",317,"E","K317E",0.0744630762062478
"K",317,"F","K317F",0.0418179868895075
"K",317,"G","K317G",0.0275833295402169
"K",317,"H","K317H",0.0508512807654379
"K",317,"I","K317I",0.0225306495641272
"K",317,"L","K317L",0.0402154914784175
"K",317,"M","K317M",-0.0227413741051427
"K",317,"N","K317N",-0.0428393826907424
"K",317,"P","K317P",0.0478683787648381
"K",317,"Q","K317Q",0.0751692946552073
"K",317,"R","K317R",0.0241398290083673
"K",317,"S","K317S",-0.303899684340913
"K",317,"T","K317T",0.105942466526727
"K",317,"V","K317V",-0.0896242894790027
"K",317,"W","K317W",-0.00906657402934244
"K",317,"Y","K317Y",-0.0241001401672326
"E",318,"A","E318A",-0.114917572957918
"E",318,"D","E318D",-0.0196793230345684
"E",318,"F","E318F",0.148948529936642
"E",318,"G","E318G",0.0447726280941114
"E",318,"H","E318H",0.0197988839904918
"E",318,"I","E318I",-0.124754319694978
"E",318,"K","E318K",0.0471143878491724
"E",318,"L","E318L",0.261756671536561
"E",318,"M","E318M",-0.154957492779818
"E",318,"N","E318N",0.014970629877992
"E",318,"P","E318P",-0.126643281885098
"E",318,"Q","E318Q",-0.0303614756589678
"E",318,"R","E318R",0.0479212678422409
"E",318,"S","E318S",-0.00849494346782845
"E",318,"T","E318T",0.0382307951905418
"E",318,"V","E318V",0.104785642789291
"E",318,"W","E318W",-0.0281633483014283
"E",318,"Y","E318Y",-0.120327679326438
"Y",319,"A","Y319A",-0.0319727997449185
"Y",319,"C","Y319C",0.0612449510248417
"Y",319,"D","Y319D",-0.0417432677742286
"Y",319,"E","Y319E",-0.0231669663342086
"Y",319,"F","Y319F",0.0703514948806217
"Y",319,"G","Y319G",-0.0976503324317184
"Y",319,"H","Y319H",0.0579095336866316
"Y",319,"I","Y319I",0.103794821920192
"Y",319,"K","Y319K",-0.0304251048828089
"Y",319,"L","Y319L",-0.0447509405263184
"Y",319,"M","Y319M",-0.118840408064788
"Y",319,"N","Y319N",-0.0863536164046784
"Y",319,"P","Y319P",-0.0328857321826283
"Y",319,"Q","Y319Q",0.00325062126235161
"Y",319,"R","Y319R",0.0652486804389415
"Y",319,"S","Y319S",0.152682319569842
"Y",319,"T","Y319T",0.0100799863382116
"Y",319,"V","Y319V",-0.0353309561318881
"Y",319,"W","Y319W",0.0185577153565516
"K",320,"A","K320A",0.0445325425040237
"K",320,"C","K320C",-0.0317600844679658
"K",320,"D","K320D",-0.0682004310119658
"K",320,"E","K320E",-0.00745657313395626
"K",320,"F","K320F",-0.0693652556546758
"K",320,"G","K320G",0.0368404895692546
"K",320,"H","K320H",-0.0549453504732258
"K",320,"I","K320I",0.0369504780070344
"K",320,"L","K320L",-0.0219263490145259
"K",320,"M","K320M",0.070790893314704
"K",320,"N","K320N",0.030943961575295
"K",320,"P","K320P",0.210950384306804
"K",320,"Q","K320Q",0.0200522517998744
"K",320,"R","K320R",0.0596668019809345
"K",320,"S","K320S",0.0107704210480838
"K",320,"T","K320T",-0.146218253201756
"K",320,"V","K320V",-0.100920027810256
"K",320,"W","K320W",-0.0654945540826258
"K",320,"Y","K320Y",0.0447886547449436
"C",321,"A","C321A",-0.00717779717665124
"C",321,"D","C321D",0.137983881958359
"C",321,"E","C321E",0.0480212001949491
"C",321,"F","C321F",-0.14346566720391
"C",321,"G","C321G",0.16694280621246
"C",321,"H","C321H",-0.0351598582873407
"C",321,"I","C321I",-0.101301629597501
"C",321,"K","C321K",-0.226026479875021
"C",321,"L","C321L",0.0251006975999487
"C",321,"M","C321M",-0.0668052535283408
"C",321,"P","C321P",0.0643395294426485
"C",321,"Q","C321Q",-0.0425298149799012
"C",321,"R","C321R",-0.0761124018534012
"C",321,"S","C321S",0.111582174775678
"C",321,"T","C321T",-0.0786931467081711
"C",321,"V","C321V",-0.00300345251304074
"C",321,"W","C321W",0.165685825184989
"C",321,"Y","C321Y",0.0606193863542492
"K",322,"A","K322A",0.0749477498981053
"K",322,"C","K322C",-0.0810468042046346
"K",322,"D","K322D",0.0352816574198149
"K",322,"E","K322E",0.0676378632098551
"K",322,"F","K322F",-0.0259898533762746
"K",322,"G","K322G",0.0175806119914253
"K",322,"H","K322H",0.127139098182285
"K",322,"I","K322I",-0.155121479945865
"K",322,"L","K322L",0.0108186765543357
"K",322,"M","K322M",-0.00202976689133474
"K",322,"N","K322N",0.0820308466762949
"K",322,"P","K322P",0.143224808781086
"K",322,"Q","K322Q",-0.112861391966845
"K",322,"R","K322R",-0.0400859490461149
"K",322,"S","K322S",-0.101545072471985
"K",322,"T","K322T",-0.039584631572815
"K",322,"V","K322V",-0.0203174320352346
"K",322,"W","K322W",-0.00214253441709465
"K",322,"Y","K322Y",0.0220636032149955
"V",323,"A","V323A",-0.0320601918243573
"V",323,"C","V323C",0.00983400634472308
"V",323,"D","V323D",-0.0646289071005666
"V",323,"E","V323E",0.000230621261022773
"V",323,"F","V323F",0.024794212079113
"V",323,"G","V323G",0.090619226163963
"V",323,"H","V323H",0.087877781616134
"V",323,"I","V323I",-0.226109857371177
"V",323,"K","V323K",0.046374775450954
"V",323,"L","V323L",-0.0268646754053372
"V",323,"M","V323M",-0.0976134862825968
"V",323,"N","V323N",0.175371092899434
"V",323,"P","V323P",0.043397863225323
"V",323,"Q","V323Q",-0.121653077670297
"V",323,"R","V323R",0.123041662495353
"V",323,"S","V323S",0.080729511679283
"V",323,"T","V323T",0.024193291624953
"V",323,"W","V323W",-0.0245165527724569
"V",323,"Y","V323Y",-0.113017296413467
"S",324,"A","S324A",-0.0670139306449346
"S",324,"C","S324C",0.0157691173186452
"S",324,"D","S324D",-0.0750592325529551
"S",324,"E","S324E",0.0315693292202353
"S",324,"F","S324F",-0.0519407991459752
"S",324,"G","S324G",-0.0361626880967946
"S",324,"H","S324H",-0.0357811169774837
"S",324,"I","S324I",0.0266249323812549
"S",324,"K","S324K",0.000427689306874916
"S",324,"L","S324L",-0.0829898128759447
"S",324,"M","S324M",0.0285268415178557
"S",324,"N","S324N",0.135721496873355
"S",324,"P","S324P",0.0926348844299554
"S",324,"Q","S324Q",-0.0545258176291643
"S",324,"R","S324R",0.187282694444714
"S",324,"T","S324T",-0.0425992946886451
"S",324,"V","S324V",0.0442207045380654
"S",324,"W","S324W",-0.0590511583837551
"S",324,"Y","S324Y",-0.0576538390353045
"N",325,"A","N325A",0.019882450757781
"N",325,"C","N325C",-0.145503075156109
"N",325,"D","N325D",-0.345279800630159
"N",325,"E","N325E",0.114821289393901
"N",325,"F","N325F",-0.00496629608285903
"N",325,"G","N325G",0.111464621745371
"N",325,"H","N325H",0.157384854192681
"N",325,"I","N325I",-0.0416989611334589
"N",325,"K","N325K",0.053880000980581
"N",325,"L","N325L",-0.00010700507935904
"N",325,"M","N325M",0.080827066180331
"N",325,"P","N325P",0.077495128136001
"N",325,"Q","N325Q",-0.0465337999867984
"N",325,"R","N325R",-0.100017739572619
"N",325,"S","N325S",-0.015190482005088
"N",325,"T","N325T",-0.00367325467117904
"N",325,"V","N325V",0.139675789304471
"N",325,"W","N325W",-0.090619204340039
"N",325,"Y","N325Y",0.038158417966551
"K",326,"A","K326A",-0.0906465844163274
"K",326,"C","K326C",0.0646731634220531
"K",326,"D","K326D",0.145567204184113
"K",326,"E","K326E",-0.315597334150938
"K",326,"F","K326F",0.037760094680443
"K",326,"G","K326G",-0.0464003469862778
"K",326,"H","K326H",0.0268696675550228
"K",326,"I","K326I",-0.00983586723011738
"K",326,"L","K326L",0.055459675062122
"K",326,"M","K326M",0.0554826763521422
"K",326,"N","K326N",0.00398849960946322
"K",326,"P","K326P",-0.277353392084077
"K",326,"Q","K326Q",0.0334506895096526
"K",326,"R","K326R",0.260889672311343
"K",326,"S","K326S",-0.123158717975027
"K",326,"T","K326T",-0.0156569246717476
"K",326,"V","K326V",0.120196433487883
"K",326,"W","K326W",0.0664773753406131
"K",326,"Y","K326Y",0.00783401599966321
"A",327,"C","A327C",-0.00921772557906005
"A",327,"D","A327D",-0.22230488312791
"A",327,"E","A327E",-0.0841046766717101
"A",327,"F","A327F",0.04671877367911
"A",327,"G","A327G",-0.0218686027784201
"A",327,"H","A327H",0.01725926288531
"A",327,"I","A327I",-0.0651048154612295
"A",327,"K","A327K",-0.0583235680158104
"A",327,"L","A327L",0.08441350133777
"A",327,"M","A327M",-0.05921522278186
"A",327,"N","A327N",0.232244144737181
"A",327,"P","A327P",-0.13895403307174
"A",327,"Q","A327Q",0.28852481692002
"A",327,"R","A327R",-0.21094108192286
"A",327,"S","A327S",0.30053490215149
"A",327,"T","A327T",-0.0347842452254502
"A",327,"V","A327V",-0.13977822380814
"A",327,"W","A327W",-0.0964293822610992
"A",327,"Y","A327Y",0.171331058994409
"L",328,"A","L328A",-0.0315963202222831
"L",328,"C","L328C",0.0916231345431473
"L",328,"D","L328D",0.170313060790517
"L",328,"E","L328E",0.298016465465937
"L",328,"F","L328F",-0.0160621127809331
"L",328,"G","L328G",0.0520517531895377
"L",328,"H","L328H",0.132236502360267
"L",328,"I","L328I",-0.200727354444593
"L",328,"K","L328K",-0.182677388329002
"L",328,"M","L328M",-0.0999598757208926
"L",328,"N","L328N",0.459135426897708
"L",328,"P","L328P",0.291387952739337
"L",328,"Q","L328Q",-0.108053938796693
"L",328,"R","L328R",-0.343882961423043
"L",328,"S","L328S",-0.00336451741513272
"L",328,"T","L328T",-0.274160723892043
"L",328,"V","L328V",-0.227256009230263
"L",328,"W","L328W",-0.0283673575494821
"L",328,"Y","L328Y",0.0213442638179069
"P",329,"A","P329A",0.200038600368334
"P",329,"C","P329C",-0.150024970299916
"P",329,"D","P329D",-0.203820650370187
"P",329,"E","P329E",0.0174367308839542
"P",329,"F","P329F",-0.663962573427236
"P",329,"G","P329G",0.00932560082907493
"P",329,"H","P329H",0.203924588544183
"P",329,"I","P329I",0.382130654690824
"P",329,"K","P329K",0.117687524376404
"P",329,"L","P329L",-0.0119405558333954
"P",329,"M","P329M",0.162604599184314
"P",329,"N","P329N",0.236540554912935
"P",329,"Q","P329Q",0.365821638481544
"P",329,"R","P329R",0.0122459044227643
"P",329,"S","P329S",0.0316346152033535
"P",329,"T","P329T",-0.0389675544645263
"P",329,"V","P329V",0.195470031743554
"P",329,"W","P329W",-0.119576399242336
"P",329,"Y","P329Y",-0.746568340003646
"A",330,"C","A330C",0.0294998579635839
"A",330,"D","A330D",0.110750744549354
"A",330,"E","A330E",0.0148991379672345
"A",330,"F","A330F",0.0157211427132731
"A",330,"G","A330G",-0.059849046717406
"A",330,"H","A330H",-0.0799989701697064
"A",330,"I","A330I",0.0837917899530638
"A",330,"K","A330K",0.0173305409929039
"A",330,"L","A330L",0.116022211027704
"A",330,"M","A330M",-0.102944353024336
"A",330,"N","A330N",0.00918717450100347
"A",330,"P","A330P",-0.0489092639649169
"A",330,"Q","A330Q",-0.0536046330544162
"A",330,"R","A330R",-0.165187672290406
"A",330,"S","A330S",-0.0298057207756568
"A",330,"T","A330T",-0.00658659486567652
"A",330,"V","A330V",0.0861880086802238
"A",330,"W","A330W",0.0579422322329435
"A",330,"Y","A330Y",0.00555341428123388
"P",331,"A","P331A",0.0355215968234456
"P",331,"C","P331C",0.0658514291131654
"P",331,"D","P331D",-0.065076525203095
"P",331,"E","P331E",-0.0876282472589847
"P",331,"F","P331F",-0.0975244211617244
"P",331,"G","P331G",0.480803607112665
"P",331,"H","P331H",-0.0102604566833649
"P",331,"I","P331I",0.0018294131917159
"P",331,"K","P331K",-0.0185897420951345
"P",331,"L","P331L",0.0160181711741651
"P",331,"M","P331M",0.000498630205414997
"P",331,"N","P331N",-0.0389505651687946
"P",331,"Q","P331Q",0.0874064716593954
"P",331,"R","P331R",0.0408374623902251
"P",331,"S","P331S",-0.00364236810526491
"P",331,"T","P331T",-0.0775044650714948
"P",331,"V","P331V",-0.207720433493166
"P",331,"W","P331W",-0.0263836796784143
"P",331,"Y","P331Y",-0.0954858777507551
"I",332,"C","I332C",0.131708373559454
"I",332,"D","I332D",0.0401378570915035
"I",332,"E","I332E",0.0137163114482534
"I",332,"F","I332F",-0.0772166846422567
"I",332,"G","I332G",-0.0320105615913465
"I",332,"H","I332H",0.0618566245361835
"I",332,"K","I332K",0.0986692268962235
"I",332,"L","I332L",-0.164497123155087
"I",332,"M","I332M",-0.167119585675846
"I",332,"N","I332N",-0.079072503604686
"I",332,"Q","I332Q",0.0436885800642835
"I",332,"R","I332R",0.466214643082463
"I",332,"S","I332S",-0.00883987327937596
"I",332,"T","I332T",-0.118816777665827
"I",332,"V","I332V",0.120231457153794
"I",332,"W","I332W",-0.0707726528581967
"I",332,"Y","I332Y",-0.257877311359536
"E",333,"A","E333A",-0.0848808710814625
"E",333,"C","E333C",-0.0274203630254024
"E",333,"D","E333D",0.0326463335805279
"E",333,"F","E333F",-0.273465017753833
"E",333,"G","E333G",0.118688118049137
"E",333,"H","E333H",-0.0486359374471532
"E",333,"I","E333I",0.00631648013408679
"E",333,"K","E333K",0.037619297158138
"E",333,"L","E333L",0.0272924062977178
"E",333,"M","E333M",0.0386515094538572
"E",333,"N","E333N",0.202838159756947
"E",333,"P","E333P",-0.0961501597873923
"E",333,"Q","E333Q",-0.032412026898323
"E",333,"R","E333R",0.010954570462507
"E",333,"S","E333S",0.147941160851947
"E",333,"T","E333T",0.0433168301874676
"E",333,"V","E333V",-0.0571002685420425
"E",333,"W","E333W",0.00294364077527699
"E",333,"Y","E333Y",-0.0491438621720026
"K",334,"A","K334A",0.14522320091523
"K",334,"C","K334C",0.15603603097349
"K",334,"D","K334D",-0.027561335983719
"K",334,"E","K334E",0.114924276759781
"K",334,"F","K334F",-0.0301807880907199
"K",334,"G","K334G",0.13438298718349
"K",334,"H","K334H",-0.0441137126536693
"K",334,"I","K334I",0.013029819782481
"K",334,"L","K334L",-0.0987321843788895
"K",334,"M","K334M",-0.0897795389621298
"K",334,"N","K334N",-0.14091785500419
"K",334,"P","K334P",0.131955864869149
"K",334,"Q","K334Q",-0.0548747032460395
"K",334,"R","K334R",-0.0572447017385591
"K",334,"S","K334S",-0.23043056644998
"K",334,"T","K334T",0.0554143276415311
"K",334,"V","K334V",-0.0553884821626594
"K",334,"W","K334W",0.0253329899451908
"K",334,"Y","K334Y",0.0529243706002105
"T",335,"A","T335A",-0.0167038503717684
"T",335,"C","T335C",-0.0937373080075269
"T",335,"D","T335D",0.0312200455553419
"T",335,"E","T335E",-0.0976700167899379
"T",335,"F","T335F",-0.0641575732012872
"T",335,"G","T335G",0.0189520579594119
"T",335,"H","T335H",0.071215805374142
"T",335,"I","T335I",-0.00538869383059841
"T",335,"K","T335K",0.0423769287268517
"T",335,"L","T335L",-0.0558763105210877
"T",335,"M","T335M",0.0180556589823916
"T",335,"N","T335N",-0.0548422804096776
"T",335,"P","T335P",0.0376069147736623
"T",335,"Q","T335Q",0.116095469358332
"T",335,"R","T335R",-0.0317993407163578
"T",335,"S","T335S",-0.0121452146361173
"T",335,"V","T335V",0.0475746083359326
"T",335,"W","T335W",0.0614209648910914
"T",335,"Y","T335Y",-0.012197865472798
"I",336,"A","I336A",-0.0874051185433486
"I",336,"C","I336C",0.0190191890753611
"I",336,"D","I336D",0.203469982000302
"I",336,"E","I336E",0.0525363279825613
"I",336,"F","I336F",0.00576886788954158
"I",336,"G","I336G",-0.0403622835105784
"I",336,"H","I336H",-0.0683895885801984
"I",336,"K","I336K",-0.0178890751636584
"I",336,"L","I336L",-0.070302582603708
"I",336,"M","I336M",-0.0200309572961881
"I",336,"N","I336N",-0.0564367636098983
"I",336,"P","I336P",0.0156105559547915
"I",336,"Q","I336Q",-0.0500321718371583
"I",336,"R","I336R",-0.0480713503080288
"I",336,"S","I336S",-0.0196327602558088
"I",336,"T","I336T",-0.0813288008791983
"I",336,"V","I336V",-0.0422365273634087
"I",336,"W","I336W",0.209230362524533
"I",336,"Y","I336Y",0.0964826945240916
"S",337,"A","S337A",0.00896412500856958
"S",337,"C","S337C",0.0782710355941801
"S",337,"D","S337D",-0.00148852971926051
"S",337,"E","S337E",0.0298498794836402
"S",337,"F","S337F",-0.0168028189702002
"S",337,"G","S337G",-0.0964100709203299
"S",337,"H","S337H",-0.0452610407690094
"S",337,"I","S337I",0.0144160038399398
"S",337,"K","S337K",0.0679801013524105
"S",337,"L","S337L",0.10355364620791
"S",337,"M","S337M",-0.15215674147777
"S",337,"N","S337N",-0.000538661484400217
"S",337,"P","S337P",0.0444314995009397
"S",337,"Q","S337Q",0.0105975348531998
"S",337,"R","S337R",-0.0566776340784204
"S",337,"T","S337T",-0.10117201286708
"S",337,"V","S337V",-0.00390720670670932
"S",337,"W","S337W",0.00207395683036988
"S",337,"Y","S337Y",0.11427693432202
"K",338,"A","K338A",-0.0586779120719665
"K",338,"C","K338C",-0.00898329690620666
"K",338,"D","K338D",-0.063815327991217
"K",338,"E","K338E",0.112740234753103
"K",338,"F","K338F",0.0399072056243537
"K",338,"G","K338G",0.137606689171894
"K",338,"H","K338H",-0.156309402054405
"K",338,"I","K338I",0.0146440543130038
"K",338,"L","K338L",0.0310282519851539
"K",338,"M","K338M",-0.114560260554496
"K",338,"N","K338N",-0.0858156775513661
"K",338,"P","K338P",0.0674346852475341
"K",338,"Q","K338Q",0.0984585917506736
"K",338,"R","K338R",0.0403407679427244
"K",338,"S","K338S",0.0397630419068629
"K",338,"T","K338T",-0.0836447842225361
"K",338,"V","K338V",0.0621558777248439
"K",338,"W","K338W",-0.069573001327156
"K",338,"Y","K338Y",-0.00269973774079686
"A",339,"C","A339C",0.0153321303942917
"A",339,"D","A339D",0.0142409755776515
"A",339,"E","A339E",-0.0405958104769689
"A",339,"F","A339F",-0.004519477991809
"A",339,"G","A339G",0.0725788332254513
"A",339,"H","A339H",0.0185597270803521
"A",339,"I","A339I",0.0951538889314425
"A",339,"K","A339K",-0.0412936791669081
"A",339,"L","A339L",-0.0236884725271685
"A",339,"M","A339M",-0.030164115258299
"A",339,"N","A339N",-0.0242660818935479
"A",339,"P","A339P",0.016702360992002
"A",339,"Q","A339Q",0.122160336754012
"A",339,"R","A339R",0.0573379643985214
"A",339,"S","A339S",-0.025415039615079
"A",339,"T","A339T",-0.180563420115778
"A",339,"V","A339V",-0.128791979318378
"A",339,"W","A339W",0.0472799965924712
"A",339,"Y","A339Y",0.0399518624177419
"K",340,"A","K340A",-0.0331018666606282
"K",340,"C","K340C",-0.0212673899670286
"K",340,"D","K340D",0.0808090942530015
"K",340,"E","K340E",-0.106704562330358
"K",340,"F","K340F",0.00554086926463147
"K",340,"G","K340G",-0.0116398437544582
"K",340,"H","K340H",0.0699791708874418
"K",340,"I","K340I",0.0215785799983219
"K",340,"L","K340L",0.000849856469751473
"K",340,"M","K340M",0.0216048063871914
"K",340,"N","K340N",0.0195106242508316
"K",340,"P","K340P",-0.00787653782465833
"K",340,"Q","K340Q",-0.0417718451249487
"K",340,"R","K340R",0.0986709349649415
"K",340,"S","K340S",-0.0173611010332488
"K",340,"T","K340T",-0.120339256424859
"K",340,"V","K340V",0.0220061309736621
"K",340,"W","K340W",0.0704779221819718
"K",340,"Y","K340Y",-0.0509655865115583
"G",341,"A","G341A",-0.00388041584669113
"G",341,"C","G341C",0.0595355410128178
"G",341,"D","G341D",-0.267508802714892
"G",341,"E","G341E",0.0634411561764086
"G",341,"F","G341F",0.0619879922227583
"G",341,"H","G341H",0.136774615732768
"G",341,"I","G341I",-0.091677889251642
"G",341,"K","G341K",0.0331672927775884
"G",341,"L","G341L",0.143575584792608
"G",341,"M","G341M",0.199513234512218
"G",341,"N","G341N",0.246444806103548
"G",341,"P","G341P",-0.225040110566212
"G",341,"Q","G341Q",0.100846799690498
"G",341,"R","G341R",-0.0972360690825111
"G",341,"S","G341S",-0.0982754010374018
"G",341,"T","G341T",-0.00437036591970163
"G",341,"V","G341V",-0.175720852678072
"G",341,"W","G341W",-0.282693653816531
"G",341,"Y","G341Y",0.201116537892438
"Q",342,"A","Q342A",0.107234719357398
"Q",342,"C","Q342C",-0.195945326005851
"Q",342,"D","Q342D",-0.0566920812004014
"Q",342,"E","Q342E",-0.00424852858636131
"Q",342,"F","Q342F",-0.0790385098917814
"Q",342,"G","Q342G",0.0653692511336784
"Q",342,"H","Q342H",0.154114035403829
"Q",342,"I","Q342I",0.0250861407124484
"Q",342,"K","Q342K",-0.105790801391262
"Q",342,"L","Q342L",0.0667646393514186
"Q",342,"M","Q342M",0.0387914401770889
"Q",342,"N","Q342N",0.269379574919419
"Q",342,"P","Q342P",-0.0345444536517516
"Q",342,"R","Q342R",0.0338044241072182
"Q",342,"S","Q342S",-0.250601503542961
"Q",342,"T","Q342T",0.0140864049987282
"Q",342,"V","Q342V",-0.0544397145628718
"Q",342,"W","Q342W",0.0287464585711681
"Q",342,"Y","Q342Y",-0.0220761698991513
"P",343,"A","P343A",0.0253449187755702
"P",343,"C","P343C",0.0254256765780199
"P",343,"D","P343D",-0.19173581455045
"P",343,"E","P343E",-0.0391654080489398
"P",343,"F","P343F",-0.0747045468761295
"P",343,"G","P343G",0.16109238027184
"P",343,"H","P343H",0.0448914012449698
"P",343,"I","P343I",-0.00243860424890986
"P",343,"K","P343K",0.0673254956414201
"P",343,"L","P343L",-0.0609149770116903
"P",343,"M","P343M",0.0446740454708395
"P",343,"N","P343N",0.00730339710655004
"P",343,"Q","P343Q",-0.0069386196612099
"P",343,"R","P343R",-0.1476638981859
"P",343,"S","P343S",0.0291043734872594
"P",343,"T","P343T",0.0988160192565699
"P",343,"V","P343V",-0.00506098565070945
"P",343,"W","P343W",0.0349861331423703
"P",343,"Y","P343Y",-0.0103409867414707
"R",344,"A","R344A",-0.033909876770881
"R",344,"C","R344C",0.0826107402230987
"R",344,"D","R344D",0.0706319468263487
"R",344,"E","R344E",-0.00527592997754124
"R",344,"F","R344F",-0.11585595535881
"R",344,"G","R344G",-0.0915374812426311
"R",344,"H","R344H",-0.0271182651638007
"R",344,"I","R344I",0.0170566381787484
"R",344,"K","R344K",-0.0279651149772214
"R",344,"L","R344L",0.00665889489982886
"R",344,"M","R344M",0.0740362883330887
"R",344,"N","R344N",0.0502820568012787
"R",344,"P","R344P",0.0812708469779581
"R",344,"Q","R344Q",0.0430489811124596
"R",344,"S","R344S",0.0338418692178887
"R",344,"T","R344T",-0.210729896315161
"R",344,"V","R344V",-0.0248728678761905
"R",344,"Y","R344Y",0.0778271251115392
"E",345,"A","E345A",0.106456708139024
"E",345,"C","E345C",0.0727418799866054
"E",345,"D","E345D",0.0145619926833741
"E",345,"F","E345F",0.0553204574703644
"E",345,"G","E345G",-0.0914118423966263
"E",345,"I","E345I",-0.0145003636054258
"E",345,"K","E345K",0.0364085789635844
"E",345,"L","E345L",-0.054420027302066
"E",345,"M","E345M",0.0692155044799644
"E",345,"N","E345N",-0.0751729176289359
"E",345,"P","E345P",-0.0225839882683055
"E",345,"Q","E345Q",-0.133642272041985
"E",345,"R","E345R",0.0169394930033951
"E",345,"S","E345S",-0.0121731406994253
"E",345,"T","E345T",0.0211790445288836
"E",345,"V","E345V",-0.0364671859401452
"E",345,"W","E345W",0.00655119864900473
"E",345,"Y","E345Y",0.0409968799787144
"P",346,"A","P346A",-0.165760554395659
"P",346,"C","P346C",-0.0481156653386891
"P",346,"D","P346D",-0.136028514529529
"P",346,"E","P346E",-0.0182128389636586
"P",346,"F","P346F",0.0743952867840312
"P",346,"G","P346G",-0.00657896308937906
"P",346,"H","P346H",-0.015748648618219
"P",346,"I","P346I",0.0940993023898411
"P",346,"K","P346K",-0.0548664231522391
"P",346,"L","P346L",-0.0194525974835082
"P",346,"M","P346M",-0.0200524351014497
"P",346,"N","P346N",0.0598110872277209
"P",346,"Q","P346Q",-0.201575127294349
"P",346,"R","P346R",0.257382023313011
"P",346,"S","P346S",0.0144144022101909
"P",346,"T","P346T",0.0740403105631904
"P",346,"V","P346V",-0.110703238733639
"P",346,"W","P346W",0.055786608891391
"P",346,"Y","P346Y",0.167165985320941
"Q",347,"A","Q347A",-0.0228080883001668
"Q",347,"C","Q347C",-0.0564357325290567
"Q",347,"D","Q347D",-0.0373162058529372
"Q",347,"E","Q347E",-0.0259228935825872
"Q",347,"F","Q347F",-0.0165174591065968
"Q",347,"G","Q347G",-0.0400327118891372
"Q",347,"H","Q347H",0.0337998287338433
"Q",347,"I","Q347I",0.114946188601734
"Q",347,"K","Q347K",0.086074144285093
"Q",347,"L","Q347L",-0.00657051741850643
"Q",347,"M","Q347M",-0.00234902493388682
"Q",347,"N","Q347N",-0.0433997901499865
"Q",347,"P","Q347P",-0.136383702928737
"Q",347,"R","Q347R",0.0526159904199835
"Q",347,"S","Q347S",0.00697717844953318
"Q",347,"T","Q347T",0.0649831957090326
"Q",347,"V","Q347V",0.163117585724653
"Q",347,"W","Q347W",-0.101653148415938
"Q",347,"Y","Q347Y",-0.0331248368163363
"V",348,"A","V348A",-0.0390615485448331
"V",348,"C","V348C",0.00917459653567728
"V",348,"D","V348D",-0.102092898660383
"V",348,"E","V348E",-0.0187733452191428
"V",348,"F","V348F",-0.039507646504003
"V",348,"G","V348G",0.00520569737273718
"V",348,"H","V348H",-0.0776011154728125
"V",348,"I","V348I",-0.0562802792826622
"V",348,"K","V348K",0.119556138585218
"V",348,"L","V348L",-0.0161064519868124
"V",348,"M","V348M",-0.0440899892438325
"V",348,"N","V348N",0.123553081355117
"V",348,"P","V348P",-0.0136104509029826
"V",348,"Q","V348Q",-0.0210716052260127
"V",348,"R","V348R",0.0685384242468764
"V",348,"S","V348S",-0.0190400555635331
"V",348,"T","V348T",0.0823153998941474
"V",348,"W","V348W",0.00275267140551768
"V",348,"Y","V348Y",0.036139377211718
"Y",349,"A","Y349A",0.071712570624331
"Y",349,"C","Y349C",0.0181053821735121
"Y",349,"D","Y349D",0.0721254178996119
"Y",349,"E","Y349E",-0.0604549438477081
"Y",349,"F","Y349F",0.183214204561031
"Y",349,"G","Y349G",-0.0174601862159382
"Y",349,"H","Y349H",-0.226785795438969
"Y",349,"I","Y349I",-0.0279211482176584
"Y",349,"K","Y349K",0.0479906968544717
"Y",349,"L","Y349L",0.0169739641482816
"Y",349,"M","Y349M",-0.00614110523650846
"Y",349,"N","Y349N",-0.0993517087127588
"Y",349,"P","Y349P",-0.173529660450608
"Y",349,"Q","Y349Q",0.0439761769736518
"Y",349,"R","Y349R",0.118540061443792
"Y",349,"S","Y349S",0.00281055765438187
"Y",349,"T","Y349T",0.00114939295624194
"Y",349,"V","Y349V",-0.0848641615677984
"Y",349,"W","Y349W",0.119910284398642
"T",350,"A","T350A",0.045322057761038
"T",350,"C","T350C",-0.0671362212907314
"T",350,"D","T350D",0.110627459559429
"T",350,"E","T350E",0.300622560834218
"T",350,"F","T350F",0.0287195176418285
"T",350,"G","T350G",-0.235932604362382
"T",350,"H","T350H",-0.0471886713110117
"T",350,"I","T350I",0.0245394267860684
"T",350,"K","T350K",-0.00812174302724177
"T",350,"L","T350L",2.7012430852541e-07
"T",350,"M","T350M",-0.0896940191031117
"T",350,"N","T350N",-0.048838569037261
"T",350,"P","T350P",-0.0357058862737214
"T",350,"Q","T350Q",-0.0836946880192817
"T",350,"R","T350R",0.100933099011299
"T",350,"S","T350S",-0.184186211979372
"T",350,"V","T350V",-0.0197550792730017
"T",350,"W","T350W",0.059612367528558
"T",350,"Y","T350Y",0.149876934430368
"L",351,"A","L351A",-0.0155623645884431
"L",351,"C","L351C",0.0308562616123175
"L",351,"D","L351D",0.022974077321308
"L",351,"E","L351E",0.0604167036480269
"L",351,"F","L351F",-0.042668960491743
"L",351,"G","L351G",-0.0299325596517424
"L",351,"H","L351H",-0.0422085723592423
"L",351,"I","L351I",0.0297378577428677
"L",351,"K","L351K",0.0564492541218068
"L",351,"M","L351M",0.0260095166458968
"L",351,"N","L351N",0.0445206798687767
"L",351,"P","L351P",-0.0842101406087626
"L",351,"Q","L351Q",0.0817789800921078
"L",351,"R","L351R",-0.124539285205172
"L",351,"S","L351S",0.0170135490183875
"L",351,"T","L351T",-0.023323512213513
"L",351,"V","L351V",0.0809125298028669
"L",351,"W","L351W",-0.0539312050359727
"L",351,"Y","L351Y",-0.034292809719772
"P",352,"A","P352A",0.115876294873453
"P",352,"C","P352C",-0.0079826882486681
"P",352,"D","P352D",-0.0196300238321278
"P",352,"E","P352E",-0.104354827700397
"P",352,"F","P352F",-0.0347494482805974
"P",352,"G","P352G",0.0591932948631227
"P",352,"H","P352H",0.0271236996763323
"P",352,"I","P352I",-0.0496237987654774
"P",352,"K","P352K",0.0528632099900726
"P",352,"L","P352L",0.0311473632829225
"P",352,"M","P352M",0.0730343672289332
"P",352,"N","P352N",0.0401170698747533
"P",352,"Q","P352Q",0.0364851615089126
"P",352,"R","P352R",-0.140650094267687
"P",352,"S","P352S",-0.0379239609538777
"P",352,"T","P352T",-0.0911217621161066
"P",352,"V","P352V",-0.0079977585370578
"P",352,"W","P352W",0.143862211252923
"P",352,"Y","P352Y",-0.0856683098494272
"P",353,"A","P353A",0.0974080823814237
"P",353,"C","P353C",-0.0895504242970166
"P",353,"D","P353D",0.0769473311416431
"P",353,"E","P353E",-0.0865493528921166
"P",353,"F","P353F",-0.019856852229847
"P",353,"G","P353G",-0.0682228952121266
"P",353,"H","P353H",-0.0259517122202264
"P",353,"I","P353I",-0.0306967608105357
"P",353,"K","P353K",-0.0666207693567862
"P",353,"L","P353L",0.0308352878496536
"P",353,"M","P353M",0.134188400944874
"P",353,"N","P353N",0.0535707601656639
"P",353,"Q","P353Q",0.0134903469586738
"P",353,"R","P353R",-0.0651716335489962
"P",353,"S","P353S",-0.0640979188291557
"P",353,"T","P353T",-0.0337350851676166
"P",353,"V","P353V",0.0479546611284137
"P",353,"W","P353W",0.0385143230440144
"P",353,"Y","P353Y",0.0575442109500642
"S",354,"A","S354A",-0.236728695741622
"S",354,"C","S354C",-0.0174243653983823
"S",354,"D","S354D",0.0109572521029579
"S",354,"E","S354E",0.0100545171693684
"S",354,"F","S354F",-0.116669197688542
"S",354,"G","S354G",0.0691721543354986
"S",354,"H","S354H",-0.0856527671020424
"S",354,"I","S354I",0.118343122818308
"S",354,"K","S354K",-0.0524147421317713
"S",354,"L","S354L",0.055997382022388
"S",354,"M","S354M",0.0695124978798085
"S",354,"N","S354N",0.0736297097513883
"S",354,"P","S354P",0.0795644150501072
"S",354,"Q","S354Q",0.0554414015354072
"S",354,"R","S354R",-0.0424722722732125
"S",354,"T","S354T",-0.0231519469197123
"S",354,"V","S354V",0.058610952411128
"S",354,"W","S354W",0.0288091974911677
"S",354,"Y","S354Y",-0.0555786153122422
"R",355,"A","R355A",-0.143628640266966
"R",355,"C","R355C",-0.0451193544119463
"R",355,"D","R355D",-0.100348202552765
"R",355,"E","R355E",-0.0124444989448562
"R",355,"F","R355F",0.00513933641685363
"R",355,"G","R355G",0.0392905975469636
"R",355,"H","R355H",0.000181673688344125
"R",355,"I","R355I",0.0339179552017631
"R",355,"K","R355K",0.00939599471206373
"R",355,"L","R355L",-0.00453192824114588
"R",355,"M","R355M",0.0932615391801338
"R",355,"N","R355N",-0.043691726317826
"R",355,"P","R355P",-0.0210974034948569
"R",355,"Q","R355Q",-0.113134067804886
"R",355,"S","R355S",0.189876236548694
"R",355,"T","R355T",0.159654028519904
"R",355,"V","R355V",0.0757693599595835
"R",355,"W","R355W",-0.155609819002327
"R",355,"Y","R355Y",0.0331189192632738
"D",356,"A","D356A",0.0441292794270519
"D",356,"C","D356C",-0.0570103548475479
"D",356,"E","D356E",-0.064907788053688
"D",356,"F","D356F",0.0281839924130719
"D",356,"G","D356G",-0.00968161973588808
"D",356,"H","D356H",-0.0492892855493175
"D",356,"I","D356I",0.064585002680342
"D",356,"K","D356K",-0.0238855100089382
"D",356,"L","D356L",0.063733135844802
"D",356,"M","D356M",-0.125220381976978
"D",356,"N","D356N",-0.0584251742246576
"D",356,"P","D356P",0.0113331450358921
"D",356,"Q","D356Q",0.0100592593323324
"D",356,"R","D356R",-0.0165108392671281
"D",356,"S","D356S",-0.0658421668074079
"D",356,"T","D356T",-0.0316162186088578
"D",356,"V","D356V",-0.0446796990047079
"D",356,"W","D356W",0.195551645388172
"D",356,"Y","D356Y",0.129493577963452
"E",357,"A","E357A",-0.105126783104065
"E",357,"C","E357C",-0.0302836414500351
"E",357,"D","E357D",0.131683003312714
"E",357,"F","E357F",0.0812563976970845
"E",357,"G","E357G",-0.0304245923799158
"E",357,"H","E357H",-0.0158076679605052
"E",357,"I","E357I",-0.0391359049215056
"E",357,"K","E357K",-0.0187186170526354
"E",357,"L","E357L",-0.035157313501326
"E",357,"M","E357M",0.0639143392558142
"E",357,"N","E357N",0.00771907253374416
"E",357,"Q","E357Q",0.0176451261860944
"E",357,"R","E357R",-0.104382245217985
"E",357,"S","E357S",0.0226771945939444
"E",357,"T","E357T",0.0592651045437647
"E",357,"V","E357V",-0.0700592618269055
"E",357,"W","E357W",-0.0157336411103061
"E",357,"Y","E357Y",0.0806694304020245
"L",358,"A","L358A",-0.0467610803123004
"L",358,"C","L358C",0.0388592498429091
"L",358,"D","L358D",-0.0532929571549005
"L",358,"E","L358E",0.00980549971595009
"L",358,"F","L358F",-0.0627800216886709
"L",358,"G","L358G",0.0406484691491894
"L",358,"H","L358H",0.0236269977492199
"L",358,"I","L358I",0.0517336030173393
"L",358,"K","L358K",0.0919853312440995
"L",358,"M","L358M",-0.0458310129140904
"L",358,"N","L358N",-0.0611389577642005
"L",358,"P","L358P",0.0566726165049994
"L",358,"Q","L358Q",-0.0405200457555703
"L",358,"R","L358R",-0.0756510329119213
"L",358,"S","L358S",-0.0126182720090803
"L",358,"T","L358T",-0.0124337770826605
"L",358,"V","L358V",-0.080407719586851
"L",358,"W","L358W",0.0725977325188497
"L",358,"Y","L358Y",0.10550537743769
"T",359,"A","T359A",0.0321620547999357
"T",359,"C","T359C",-0.031575283422705
"T",359,"D","T359D",-0.0460228046689046
"T",359,"E","T359E",-0.0196328735820544
"T",359,"F","T359F",0.0199720391082252
"T",359,"G","T359G",0.0365759588462158
"T",359,"H","T359H",-0.169506300626025
"T",359,"I","T359I",-0.0828462427451156
"T",359,"K","T359K",0.0321116459354744
"T",359,"L","T359L",-0.0228594423032149
"T",359,"M","T359M",0.167249978387815
"T",359,"N","T359N",0.0723713382730553
"T",359,"P","T359P",0.0888892488819258
"T",359,"Q","T359Q",-0.00922227943042483
"T",359,"R","T359R",0.0234448987731657
"T",359,"S","T359S",0.0363928649158351
"T",359,"V","T359V",-0.0330955773825145
"T",359,"W","T359W",0.0580087240977249
"T",359,"Y","T359Y",-0.152417947858415
"K",360,"A","K360A",-0.0365738895702141
"K",360,"C","K360C",0.126617161915105
"K",360,"D","K360D",0.00565433132368611
"K",360,"E","K360E",0.0628371637791055
"K",360,"F","K360F",0.0362501582654758
"K",360,"G","K360G",-0.0109257810719438
"K",360,"H","K360H",0.0672606947219854
"K",360,"I","K360I",-0.0694686310492138
"K",360,"L","K360L",-0.0185823305324244
"K",360,"M","K360M",-0.0543243128191241
"K",360,"N","K360N",-0.169083520118554
"K",360,"P","K360P",0.0315671222308454
"K",360,"Q","K360Q",0.170997877721047
"K",360,"R","K360R",0.052882124038836
"K",360,"S","K360S",-0.117007084999284
"K",360,"T","K360T",-0.0524449470351542
"K",360,"V","K360V",0.0652923970734257
"K",360,"W","K360W",-0.0753390992507043
"K",360,"Y","K360Y",-0.0156094346228949
"N",361,"A","N361A",-0.0202729819762595
"N",361,"C","N361C",0.0288735602207304
"N",361,"D","N361D",-0.0598411999965493
"N",361,"E","N361E",-0.0492400241916593
"N",361,"F","N361F",-0.0681289314691893
"N",361,"G","N361G",-0.0752813330903092
"N",361,"H","N361H",-0.0801227594989091
"N",361,"I","N361I",-0.10570789569222
"N",361,"K","N361K",-0.0123026647434494
"N",361,"L","N361L",0.0237966973977602
"N",361,"M","N361M",0.12963485186456
"N",361,"P","N361P",-0.0234368624449901
"N",361,"Q","N361Q",0.14312903944177
"N",361,"R","N361R",0.0260196189058111
"N",361,"S","N361S",-0.0377049800921598
"N",361,"T","N361T",-0.0269016814676497
"N",361,"V","N361V",0.236102867427741
"N",361,"W","N361W",-0.00222273327475953
"N",361,"Y","N361Y",-0.0263925873202699
"Q",362,"A","Q362A",0.115743895981673
"Q",362,"C","Q362C",0.0531715040254032
"Q",362,"D","Q362D",0.180029905550803
"Q",362,"E","Q362E",-0.0157880691714472
"Q",362,"F","Q362F",-0.0902841361133871
"Q",362,"G","Q362G",-0.200236232119557
"Q",362,"H","Q362H",0.013942961029963
"Q",362,"I","Q362I",-0.0486068309600969
"Q",362,"K","Q362K",0.0185167857525037
"Q",362,"L","Q362L",0.0203162153320926
"Q",362,"M","Q362M",-0.242524902781317
"Q",362,"N","Q362N",0.105216587968253
"Q",362,"P","Q362P",0.0462603210454533
"Q",362,"R","Q362R",0.0692565767205033
"Q",362,"S","Q362S",-0.0858498916232968
"Q",362,"T","Q362T",0.130508274862563
"Q",362,"V","Q362V",0.00545178391431268
"Q",362,"W","Q362W",-0.0800088264601871
"Q",362,"Y","Q362Y",0.004884077045763
"V",363,"A","V363A",-0.0256478545480161
"V",363,"C","V363C",0.0582394509486934
"V",363,"D","V363D",0.0512848372379238
"V",363,"E","V363E",0.024703179077314
"V",363,"F","V363F",-0.00578175926773608
"V",363,"G","V363G",-0.00707032167764646
"V",363,"H","V363H",-0.0918355142491065
"V",363,"I","V363I",-0.121571196536226
"V",363,"K","V363K",0.0773792731691843
"V",363,"L","V363L",-0.0578376050269163
"V",363,"M","V363M",0.00480261313929328
"V",363,"N","V363N",0.134678405320324
"V",363,"P","V363P",0.0825915925856937
"V",363,"Q","V363Q",0.0390919312497835
"V",363,"R","V363R",0.115963443973824
"V",363,"S","V363S",-0.194452684559686
"V",363,"T","V363T",-0.0471719074085457
"V",363,"W","V363W",-0.0364512231461966
"V",363,"Y","V363Y",-0.000914660281956553
"S",364,"A","S364A",-0.0771727077151186
"S",364,"C","S364C",0.0975545956779516
"S",364,"D","S364D",0.0425133108687516
"S",364,"E","S364E",-0.0353959584018987
"S",364,"F","S364F",0.0899923954804116
"S",364,"G","S364G",-0.0688316411040076
"S",364,"H","S364H",-0.126593411255678
"S",364,"I","S364I",-0.0201236772103483
"S",364,"K","S364K",0.0221809297898615
"S",364,"L","S364L",-0.00644706618345763
"S",364,"M","S364M",-0.0622099381679987
"S",364,"N","S364N",0.0249584962236414
"S",364,"P","S364P",0.0362479562426213
"S",364,"Q","S364Q",-0.0200034773546581
"S",364,"R","S364R",0.0723554308110016
"S",364,"T","S364T",-0.0360649305938089
"S",364,"V","S364V",-0.0781915404751486
"S",364,"W","S364W",-0.0283885212390686
"S",364,"Y","S364Y",0.173619754606952
"L",365,"A","L365A",0.046013827086951
"L",365,"C","L365C",0.0421733402070605
"L",365,"D","L365D",-0.0229640301261898
"L",365,"E","L365E",0.0654196165068012
"L",365,"F","L365F",0.00459040518064105
"L",365,"G","L365G",0.0521941384431403
"L",365,"H","L365H",-0.0768542412062586
"L",365,"I","L365I",-0.05315960420612
"L",365,"K","L365K",0.00251833435845995
"L",365,"M","L365M",-0.26748166564154
"L",365,"N","L365N",0.0588835475377809
"L",365,"P","L365P",0.0123444765155011
"L",365,"Q","L365Q",0.00481653338499975
"L",365,"R","L365R",0.0305283976936807
"L",365,"S","L365S",0.0818681783822802
"L",365,"T","L365T",-0.0439762670437997
"L",365,"W","L365W",0.0151067286192609
"L",365,"Y","L365Y",0.0479782843073503
"T",366,"A","T366A",0.0222665297188265
"T",366,"C","T366C",-0.123973465752553
"T",366,"D","T366D",-0.0516524950179027
"T",366,"E","T366E",0.0707934400533568
"T",366,"F","T366F",-0.0168187400969433
"T",366,"G","T366G",0.0540673918462764
"T",366,"H","T366H",-0.00775038920371322
"T",366,"I","T366I",-0.178033497983723
"T",366,"K","T366K",-0.0862209003908328
"T",366,"L","T366L",0.0481120996086768
"T",366,"M","T366M",-0.00533772450177302
"T",366,"N","T366N",-0.0688230225737934
"T",366,"P","T366P",0.105519695854297
"T",366,"Q","T366Q",-0.0394552808092328
"T",366,"R","T366R",0.0934538258249368
"T",366,"S","T366S",0.0693172475718068
"T",366,"V","T366V",0.164192562074557
"T",366,"W","T366W",0.018334422050277
"T",366,"Y","T366Y",-0.0679916982725428
"C",367,"A","C367A",-0.0444532114367707
"C",367,"D","C367D",-0.0677815556049609
"C",367,"E","C367E",-0.0635848377172504
"C",367,"F","C367F",-0.088782689172081
"C",367,"G","C367G",-0.010621087971201
"C",367,"H","C367H",-0.086234975249911
"C",367,"I","C367I",-0.102801240092912
"C",367,"K","C367K",0.0858553037934588
"C",367,"L","C367L",0.101220778468489
"C",367,"M","C367M",-0.00855667712745108
"C",367,"N","C367N",0.0832808434260585
"C",367,"P","C367P",0.112940184068589
"C",367,"Q","C367Q",-0.00720395733180148
"C",367,"R","C367R",0.0385535097942288
"C",367,"S","C367S",0.107247943606809
"C",367,"T","C367T",-0.0339348715795205
"C",367,"V","C367V",-0.0236353555685214
"C",367,"W","C367W",0.0608959511281787
"C",367,"Y","C367Y",-0.0524040554334309
"L",368,"A","L368A",0.0461672532357581
"L",368,"C","L368C",0.122550230627818
"L",368,"D","L368D",-0.0289390203298724
"L",368,"E","L368E",-0.0640301258872623
"L",368,"F","L368F",0.0565668132414475
"L",368,"G","L368G",-0.00472892470515174
"L",368,"H","L368H",-0.236782401186632
"L",368,"I","L368I",0.0648399140411077
"L",368,"K","L368K",0.0223244632612979
"L",368,"M","L368M",-0.0688906993976223
"L",368,"N","L368N",0.058401831103028
"L",368,"P","L368P",0.0859698741127372
"L",368,"Q","L368Q",-0.119630739151502
"L",368,"R","L368R",0.0943141443310384
"L",368,"S","L368S",-0.0574597231527224
"L",368,"T","L368T",0.049535615031968
"L",368,"W","L368W",0.0815426076441178
"L",368,"Y","L368Y",-0.101751112819552
"V",369,"A","V369A",0.0572685418286919
"V",369,"C","V369C",0.0951431235679411
"V",369,"D","V369D",-0.0503146750442588
"V",369,"E","V369E",-0.0268132800950295
"V",369,"F","V369F",0.0356426206724613
"V",369,"G","V369G",0.0764728426801115
"V",369,"H","V369H",-0.182959812966559
"V",369,"I","V369I",-0.20296266147605
"V",369,"L","V369L",0.0938228765961117
"V",369,"M","V369M",0.126875834401761
"V",369,"N","V369N",-0.0826602264241287
"V",369,"P","V369P",-0.0337649565017787
"V",369,"Q","V369Q",0.0985333732685608
"V",369,"R","V369R",-0.00809752850077932
"V",369,"S","V369S",-0.0380954738886484
"V",369,"W","V369W",0.0290779117898615
"V",369,"Y","V369Y",0.0128314900917311
"K",370,"C","K370C",0.0551827217223052
"K",370,"D","K370D",-0.0887573447506355
"K",370,"E","K370E",0.00638224054147491
"K",370,"F","K370F",-0.00283939320500449
"K",370,"G","K370G",-0.0211965159696251
"K",370,"H","K370H",-0.0563246409978745
"K",370,"I","K370I",0.0903201430902949
"K",370,"L","K370L",-0.0153676535543649
"K",370,"M","K370M",-0.0159248582954145
"K",370,"N","K370N",-0.0842884305374449
"K",370,"P","K370P",-0.0197968943132346
"K",370,"Q","K370Q",-0.00431460548862549
"K",370,"R","K370R",0.0691251685937447
"K",370,"S","K370S",0.0407895688981447
"K",370,"T","K370T",-0.025258475280345
"K",370,"V","K370V",-0.0794367811977549
"K",370,"W","K370W",0.00891155218068451
"K",370,"Y","K370Y",0.142794198563675
"G",371,"A","G371A",0.00815687150589604
"G",371,"C","G371C",0.0444627924995964
"G",371,"D","G371D",-0.0323041061605136
"G",371,"E","G371E",-0.0140491801253932
"G",371,"F","G371F",0.029752658516316
"G",371,"H","G371H",0.0843443067145464
"G",371,"I","G371I",0.0802558891794365
"G",371,"K","G371K",-0.0207971324715834
"G",371,"L","G371L",-0.0440062144515836
"G",371,"M","G371M",0.129065345195886
"G",371,"N","G371N",-0.0157203896763938
"G",371,"P","G371P",-0.347358369031064
"G",371,"Q","G371Q",-0.114228200924194
"G",371,"R","G371R",0.0343009565130364
"G",371,"S","G371S",-0.161988150588694
"G",371,"T","G371T",0.0417838214922761
"G",371,"V","G371V",0.173839015085206
"G",371,"W","G371W",0.0852905409832263
"G",371,"Y","G371Y",0.0391995457439962
"F",372,"A","F372A",0.0694685566573883
"F",372,"C","F372C",0.149746142249768
"F",372,"D","F372D",-0.164669497953802
"F",372,"E","F372E",-0.0734609697763914
"F",372,"G","F372G",0.174887726434888
"F",372,"H","F372H",-0.00954760658716129
"F",372,"I","F372I",-0.0824214029889018
"F",372,"K","F372K",-0.0675749431354217
"F",372,"L","F372L",-0.081239617122442
"F",372,"M","F372M",0.0793066002050287
"F",372,"N","F372N",0.160100474851698
"F",372,"P","F372P",0.123714620499858
"F",372,"Q","F372Q",-0.170943146507642
"F",372,"R","F372R",0.122289069477898
"F",372,"S","F372S",0.0222890694778988
"F",372,"T","F372T",0.0160435538119091
"F",372,"V","F372V",0.0265375269701079
"F",372,"W","F372W",-0.244425533686253
"F",372,"Y","F372Y",-0.050100622878431
"Y",373,"A","Y373A",-0.0518116963175905
"Y",373,"C","Y373C",0.131776468437129
"Y",373,"D","Y373D",-0.124671200654011
"Y",373,"E","Y373E",0.0489448696160995
"Y",373,"F","Y373F",-0.0503504882445909
"Y",373,"G","Y373G",0.0358050150159485
"Y",373,"H","Y373H",-0.0894550020710106
"Y",373,"I","Y373I",-0.133754413684641
"Y",373,"K","Y373K",-0.0394845276152807
"Y",373,"L","Y373L",0.00841940224981946
"Y",373,"M","Y373M",0.0678849208106795
"Y",373,"N","Y373N",-0.0760598667941204
"Y",373,"P","Y373P",-0.00113769541358054
"Y",373,"Q","Y373Q",-0.0790438824765798
"Y",373,"R","Y373R",0.246970922513739
"Y",373,"S","Y373S",0.125204151198099
"Y",373,"T","Y373T",-0.0181825800099005
"Y",373,"V","Y373V",-0.0832680358716105
"Y",373,"W","Y373W",0.0822136393114005
"P",374,"A","P374A",-0.0319481466652399
"P",374,"C","P374C",-0.0629545292454599
"P",374,"D","P374D",-0.13165317976385
"P",374,"E","P374E",0.13003182900102
"P",374,"F","P374F",0.0444582592335207
"P",374,"G","P374G",0.1304738144985
"P",374,"H","P374H",-0.0630039431027909
"P",374,"I","P374I",-0.0833027933212999
"P",374,"K","P374K",0.0034987729817104
"P",374,"L","P374L",-0.0203507204953802
"P",374,"M","P374M",-0.0057438209860495
"P",374,"N","P374N",0.0608743653950398
"P",374,"Q","P374Q",0.00494615907515
"P",374,"R","P374R",0.0652362273172297
"P",374,"S","P374S",0.0483260487127996
"P",374,"T","P374T",0.11198157220992
"P",374,"V","P374V",-0.0423081449390299
"P",374,"W","P374W",-0.0476898369707899
"P",374,"Y","P374Y",-0.110871932935
"S",375,"A","S375A",-0.112217896455494
"S",375,"C","S375C",0.073705005550254
"S",375,"D","S375D",-0.103339052814125
"S",375,"E","S375E",0.0668140873294752
"S",375,"F","S375F",0.0147527638659552
"S",375,"G","S375G",-0.0533924730027956
"S",375,"H","S375H",0.0459149105962552
"S",375,"I","S375I",-0.0356692926055961
"S",375,"K","S375K",0.321044959779914
"S",375,"L","S375L",-0.0344281018550853
"S",375,"M","S375M",0.0289439763032649
"S",375,"N","S375N",0.0800330131411445
"S",375,"P","S375P",0.0809188890153544
"S",375,"Q","S375Q",-0.0390734840420554
"S",375,"R","S375R",-0.0410928622378552
"S",375,"T","S375T",0.064522143941165
"S",375,"V","S375V",-0.0995815694634844
"S",375,"W","S375W",-0.114052259186006
"S",375,"Y","S375Y",-0.143802757860284
"D",376,"A","D376A",-0.164154610380833
"D",376,"C","D376C",-0.00320955554886115
"D",376,"E","D376E",0.0760969674868787
"D",376,"F","D376F",-0.155400654516563
"D",376,"G","D376G",0.221762741739907
"D",376,"H","D376H",0.228295055935689
"D",376,"I","D376I",-0.0585283379731917
"D",376,"K","D376K",-0.0428163309304718
"D",376,"L","D376L",0.0146268303305383
"D",376,"M","D376M",-0.140672135556672
"D",376,"N","D376N",0.0396513791113388
"D",376,"P","D376P",0.061101684515048
"D",376,"Q","D376Q",-0.0916862240296616
"D",376,"R","D376R",-0.129201963641572
"D",376,"S","D376S",0.0466775042623285
"D",376,"T","D376T",-0.131249632561211
"D",376,"V","D376V",0.0912062550715883
"D",376,"W","D376W",0.142309090125378
"D",376,"Y","D376Y",-0.00480806343966125
"I",377,"A","I377A",-0.039937465028574
"I",377,"C","I377C",-0.026911538272615
"I",377,"D","I377D",0.251803632052406
"I",377,"E","I377E",-0.123560591574263
"I",377,"F","I377F",-0.178221213783324
"I",377,"G","I377G",0.0868607244608759
"I",377,"H","I377H",-0.133293317022384
"I",377,"K","I377K",-0.0665204517618044
"I",377,"L","I377L",0.0665414762112757
"I",377,"M","I377M",-0.0110793116066139
"I",377,"N","I377N",0.121452769278606
"I",377,"P","I377P",0.0252516497815556
"I",377,"Q","I377Q",-0.0763384509365945
"I",377,"R","I377R",0.0193329685893353
"I",377,"S","I377S",-0.0134270579536242
"I",377,"T","I377T",0.235755862434526
"I",377,"V","I377V",0.0289330823360761
"I",377,"W","I377W",-0.0479203722536443
"I",377,"Y","I377Y",-0.118722394951214
"A",378,"C","A378C",-0.0622546774713378
"A",378,"D","A378D",0.0121932262857724
"A",378,"E","A378E",-0.027382270752997
"A",378,"F","A378F",0.102509767324272
"A",378,"G","A378G",0.0656149515410222
"A",378,"H","A378H",0.00751190012421187
"A",378,"I","A378I",-0.287117447644667
"A",378,"K","A378K",-0.0530750964547176
"A",378,"L","A378L",0.126241629635303
"A",378,"M","A378M",0.275717508128613
"A",378,"N","A378N",-0.079313176272027
"A",378,"P","A378P",0.00277106563538273
"A",378,"Q","A378Q",0.0477592123262529
"A",378,"R","A378R",-0.0290150666536773
"A",378,"S","A378S",0.023194681161603
"A",378,"T","A378T",-0.148004036379947
"A",378,"V","A378V",-0.194911140221267
"A",378,"W","A378W",0.0255494794887927
"A",378,"Y","A378Y",0.192009490199413
"V",379,"A","V379A",0.21117157169683
"V",379,"C","V379C",0.042030690370349
"V",379,"D","V379D",-0.0644015990558903
"V",379,"E","V379E",-0.0494427544333912
"V",379,"F","V379F",-0.238769014717609
"V",379,"G","V379G",0.17790190876603
"V",379,"H","V379H",0.14873028929896
"V",379,"I","V379I",-0.0419472343424506
"V",379,"K","V379K",0.00117021746014966
"V",379,"L","V379L",-0.10580744998744
"V",379,"M","V379M",-0.0385607689169108
"V",379,"N","V379N",-0.0757201913757707
"V",379,"P","V379P",0.0457605233447193
"V",379,"Q","V379Q",-0.0800220832705508
"V",379,"R","V379R",-0.0958132250447004
"V",379,"S","V379S",0.13931158918489
"V",379,"T","V379T",-3.12266852002425e-05
"V",379,"W","V379W",0.15209834133658
"V",379,"Y","V379Y",-0.12765958362859
"E",380,"A","E380A",0.250445600389175
"E",380,"C","E380C",0.072663527448135
"E",380,"D","E380D",-0.116172682577145
"E",380,"F","E380F",-0.131797962490075
"E",380,"G","E380G",0.031953868518414
"E",380,"H","E380H",-0.0620390120535752
"E",380,"I","E380I",-0.0338639761224647
"E",380,"K","E380K",-0.0250963613010649
"E",380,"L","E380L",-0.0239532935588052
"E",380,"M","E380M",0.072942881879976
"E",380,"N","E380N",0.038547444024605
"E",380,"P","E380P",0.019059057057315
"E",380,"Q","E380Q",-0.102634451560475
"E",380,"R","E380R",-0.103071243126985
"E",380,"S","E380S",-0.0289339957430251
"E",380,"T","E380T",-0.123598869499956
"E",380,"V","E380V",0.189004562350185
"E",380,"Y","E380Y",0.076544906365765
"W",381,"A","W381A",-0.0192943092345488
"W",381,"C","W381C",0.00222062193172127
"W",381,"D","W381D",-0.0438204104418989
"W",381,"E","W381E",-0.0938495248045299
"W",381,"F","W381F",-0.0280057873603295
"W",381,"G","W381G",-0.266217161763649
"W",381,"H","W381H",0.0875342271393113
"W",381,"I","W381I",-0.017814336509159
"W",381,"K","W381K",0.105865332206011
"W",381,"L","W381L",-0.0424742685039789
"W",381,"M","W381M",0.122540953644211
"W",381,"N","W381N",-0.104019001948039
"W",381,"P","W381P",-0.159195496419809
"W",381,"Q","W381Q",0.333643373957321
"W",381,"R","W381R",0.0401797212128609
"W",381,"S","W381S",0.0183514469055612
"W",381,"T","W381T",-0.136079609917029
"W",381,"V","W381V",0.0370604975318807
"W",381,"Y","W381Y",0.163373732374092
"E",382,"A","E382A",-0.0462465448292292
"E",382,"C","E382C",-0.0442088256665295
"E",382,"D","E382D",0.013513177950761
"E",382,"F","E382F",-0.0923560450543189
"E",382,"G","E382G",0.072912715872041
"E",382,"H","E382H",-0.110207474512899
"E",382,"I","E382I",-0.00114577330790886
"E",382,"K","E382K",0.0148848921967316
"E",382,"L","E382L",-0.0583106432013188
"E",382,"M","E382M",0.144618745980291
"E",382,"N","E382N",0.00366400175456123
"E",382,"P","E382P",0.109761389760151
"E",382,"Q","E382Q",0.0863357755684607
"E",382,"R","E382R",0.132790613661581
"E",382,"S","E382S",-0.0744040811966389
"E",382,"T","E382T",0.00316566163045064
"E",382,"V","E382V",-0.148305081211869
"E",382,"W","E382W",0.0119772971737012
"E",382,"Y","E382Y",-0.0184398025680185
"S",383,"A","S383A",-0.120794939209072
"S",383,"C","S383C",-0.177006774930702
"S",383,"D","S383D",0.0758645758414778
"S",383,"E","S383E",0.0130355364628576
"S",383,"F","S383F",0.0742951461925783
"S",383,"G","S383G",0.0037873952028074
"S",383,"H","S383H",0.0140126195797077
"S",383,"I","S383I",-0.106444072919732
"S",383,"K","S383K",0.0242813622383276
"S",383,"L","S383L",0.0989919119368179
"S",383,"M","S383M",-0.118648199104732
"S",383,"N","S383N",0.0775738759870484
"S",383,"P","S383P",0.201295626493818
"S",383,"Q","S383Q",-0.0936535375427318
"S",383,"R","S383R",-0.00429109931334266
"S",383,"T","S383T",-0.00705792210583218
"S",383,"V","S383V",0.0362128024065181
"S",383,"W","S383W",0.0244329634585788
"S",383,"Y","S383Y",-0.0158872706743924
"N",384,"A","N384A",0.0629905811737151
"N",384,"C","N384C",-0.0994023501311853
"N",384,"D","N384D",-0.0162336302674054
"N",384,"E","N384E",0.128039979501406
"N",384,"F","N384F",-0.0432247212293259
"N",384,"G","N384G",-0.061452094865205
"N",384,"H","N384H",0.00365469333778419
"N",384,"I","N384I",-0.0383838716389956
"N",384,"K","N384K",-0.0564497754719756
"N",384,"L","N384L",0.0337558704800053
"N",384,"M","N384M",-0.0463222122498953
"N",384,"P","N384P",-0.0347847847604349
"N",384,"Q","N384Q",0.0405193970079148
"N",384,"R","N384R",-0.0394137331214054
"N",384,"S","N384S",-0.0664467479465157
"N",384,"T","N384T",0.0643288967614547
"N",384,"V","N384V",0.159606407779635
"N",384,"W","N384W",0.0655135623002746
"N",384,"Y","N384Y",-0.0562954666598449
"G",385,"A","G385A",-0.0187483841532971
"G",385,"C","G385C",-0.0736566123340773
"G",385,"D","G385D",0.052770656065083
"G",385,"E","G385E",-0.0115071791951262
"G",385,"F","G385F",-0.0284011484861368
"G",385,"H","G385H",-0.102438283208547
"G",385,"I","G385I",-0.0508327053240771
"G",385,"K","G385K",-0.048895585883427
"G",385,"L","G385L",0.0136247646749635
"G",385,"M","G385M",0.0398927945007737
"G",385,"N","G385N",0.114950641610293
"G",385,"P","G385P",0.00862336542314339
"G",385,"Q","G385Q",0.186925381308503
"G",385,"R","G385R",-0.0720084933133371
"G",385,"S","G385S",0.114184389196833
"G",385,"T","G385T",0.0220592780872631
"G",385,"V","G385V",0.017779602664243
"G",385,"W","G385W",0.0286035467417936
"G",385,"Y","G385Y",-0.192926028374867
"Q",386,"A","Q386A",-0.0973252915432115
"Q",386,"C","Q386C",-0.0705880355007312
"Q",386,"D","Q386D",-0.120536719075191
"Q",386,"E","Q386E",-0.0257979741637407
"Q",386,"F","Q386F",-0.0307164608491615
"Q",386,"G","Q386G",-0.0396068210680012
"Q",386,"H","Q386H",0.0525425917615489
"Q",386,"I","Q386I",0.0652828447634795
"Q",386,"K","Q386K",0.00105808072177901
"Q",386,"L","Q386L",0.0332860248479089
"Q",386,"M","Q386M",0.0864216668547585
"Q",386,"N","Q386N",0.0455704651918491
"Q",386,"P","Q386P",0.0751551914800287
"Q",386,"R","Q386R",-0.0124806914966307
"Q",386,"S","Q386S",-0.0131941544814015
"Q",386,"V","Q386V",0.0566582054076691
"Q",386,"W","Q386W",0.0344973759655688
"Q",386,"Y","Q386Y",-0.0402262988165215
"P",387,"A","P387A",0.00977448371628237
"P",387,"C","P387C",0.0447233900034219
"P",387,"D","P387D",-0.0912281048732777
"P",387,"E","P387E",0.113739353571682
"P",387,"F","P387F",-0.0248925986576171
"P",387,"G","P387G",0.0115626783051931
"P",387,"H","P387H",-0.0638150483625281
"P",387,"I","P387I",0.0566521391222424
"P",387,"K","P387K",0.046002108105932
"P",387,"M","P387M",0.0246967121449622
"P",387,"N","P387N",-0.0261476130983079
"P",387,"Q","P387Q",-0.0440608893680671
"P",387,"R","P387R",0.00603874169994177
"P",387,"S","P387S",-0.037363355517038
"P",387,"T","P387T",-0.104340357148208
"P",387,"V","P387V",0.135423404294322
"P",387,"W","P387W",0.0518782448628016
"P",387,"Y","P387Y",-0.108643288801738
"E",388,"A","E388A",0.161550828182913
"E",388,"C","E388C",0.0198351320383029
"E",388,"D","E388D",-0.138688243559397
"E",388,"F","E388F",-0.0191835614409875
"E",388,"G","E388G",0.0586984165254835
"E",388,"H","E388H",-0.106103943697207
"E",388,"I","E388I",-0.188472883199028
"E",388,"K","E388K",0.0661177839885031
"E",388,"L","E388L",0.0296752677760028
"E",388,"M","E388M",0.0711329436565332
"E",388,"N","E388N",-0.0414828895344664
"E",388,"P","E388P",-0.00149793541058736
"E",388,"Q","E388Q",0.0147708544690429
"E",388,"R","E388R",0.0935217018978033
"E",388,"S","E388S",-0.00597230936078626
"E",388,"T","E388T",-0.0439684010735363
"E",388,"V","E388V",0.0286005104116235
"E",388,"W","E388W",-0.0626372584621967
"E",388,"Y","E388Y",0.0641039867919829
"N",389,"A","N389A",0.0943987002357221
"N",389,"C","N389C",-0.026528051844928
"N",389,"D","N389D",0.0633477553762119
"N",389,"E","N389E",0.0742643723946108
"N",389,"F","N389F",-0.0265648497598982
"N",389,"G","N389G",0.121725351104532
"N",389,"H","N389H",-0.168405522198759
"N",389,"I","N389I",0.0687605250393422
"N",389,"K","N389K",-0.0255986969025386
"N",389,"L","N389L",-0.0430432309985684
"N",389,"M","N389M",0.00775579931168148
"N",389,"P","N389P",0.0337234459564011
"N",389,"Q","N389Q",-0.0405724585362887
"N",389,"R","N389R",-0.00306978027950922
"N",389,"S","N389S",-0.0189597982109679
"N",389,"T","N389T",-0.228881385856719
"N",389,"V","N389V",0.0420137627708413
"N",389,"W","N389W",0.0334597629729914
"N",389,"Y","N389Y",0.0421742994258419
"N",390,"A","N390A",0.00737946260242383
"N",390,"C","N390C",0.0388350121037334
"N",390,"D","N390D",-0.155084851918736
"N",390,"E","N390E",0.0140320386214242
"N",390,"F","N390F",0.114294301631454
"N",390,"G","N390G",-0.0861322915216668
"N",390,"H","N390H",-0.0396340297895263
"N",390,"I","N390I",-0.000584872321996228
"N",390,"K","N390K",0.0610634674617737
"N",390,"L","N390L",0.0854107990076441
"N",390,"M","N390M",-0.0223776824769665
"N",390,"P","N390P",-0.0788893448648262
"N",390,"Q","N390Q",-0.0107121615275666
"N",390,"R","N390R",0.0122881762732435
"N",390,"S","N390S",0.0333914578407835
"N",390,"T","N390T",-0.0268413564201268
"N",390,"V","N390V",0.131786875371504
"N",390,"W","N390W",-0.0762970002694367
"N",390,"Y","N390Y",-0.00192799980313597
"Y",391,"A","Y391A",0.0753896306973755
"Y",391,"C","Y391C",0.0250259488765757
"Y",391,"D","Y391D",-0.0437337136862236
"Y",391,"E","Y391E",0.0460526494442063
"Y",391,"F","Y391F",-0.133069782630694
"Y",391,"G","Y391G",0.215204212134656
"Y",391,"H","Y391H",-0.00902506517046407
"Y",391,"I","Y391I",-0.0343863556258138
"Y",391,"K","Y391K",0.0871364165690655
"Y",391,"L","Y391L",0.00534216077198654
"Y",391,"M","Y391M",0.0467008053723558
"Y",391,"N","Y391N",-0.186705041225244
"Y",391,"P","Y391P",-0.0289169134584838
"Y",391,"Q","Y391Q",0.0551678563434858
"Y",391,"R","Y391R",-0.0651923880554531
"Y",391,"S","Y391S",-0.0342582699993833
"Y",391,"V","Y391V",0.0874474487989064
"Y",391,"W","Y391W",-0.108179599156854
"K",392,"A","K392A",0.0225433827170442
"K",392,"C","K392C",0.0750950898358737
"K",392,"D","K392D",0.0384658782700045
"K",392,"E","K392E",0.0911804928367055
"K",392,"F","K392F",-0.00215493065736557
"K",392,"G","K392G",0.185671262242416
"K",392,"H","K392H",-0.0869413445335161
"K",392,"I","K392I",-0.141420828803495
"K",392,"L","K392L",-0.0750950347665553
"K",392,"M","K392M",-0.0368660383406152
"K",392,"N","K392N",0.00229626220237455
"K",392,"P","K392P",-0.157596708467754
"K",392,"Q","K392Q",-0.0959115983095853
"K",392,"R","K392R",0.110988167668695
"K",392,"S","K392S",0.0103511156049245
"K",392,"T","K392T",0.0397562122601751
"K",392,"V","K392V",0.0262581199947449
"K",392,"W","K392W",0.00458986243587475
"K",392,"Y","K392Y",-0.0112093621899449
"T",393,"A","T393A",0.0295465305158231
"T",393,"C","T393C",-0.284382194754917
"T",393,"D","T393D",-0.0355593271227469
"T",393,"E","T393E",0.111262855714783
"T",393,"F","T393F",0.00809211527321361
"T",393,"G","T393G",0.0556937356665532
"T",393,"H","T393H",-0.104453342844157
"T",393,"I","T393I",-0.0787203628470171
"T",393,"K","T393K",0.0131634558042836
"T",393,"L","T393L",-0.126180958758638
"T",393,"M","T393M",0.0517557058018631
"T",393,"N","T393N",0.0760760948555132
"T",393,"P","T393P",0.0590007323002934
"T",393,"Q","T393Q",-0.0466597825866569
"T",393,"R","T393R",0.0641533901998529
"T",393,"S","T393S",0.139706252123273
"T",393,"V","T393V",0.0459858708066134
"T",393,"W","T393W",-0.104921883464707
"T",393,"Y","T393Y",0.126441113316773
"T",394,"A","T394A",0.0964943663675886
"T",394,"C","T394C",0.000613214244397815
"T",394,"D","T394D",-0.152222646922372
"T",394,"E","T394E",0.0757822243166482
"T",394,"F","T394F",-0.0432388862454518
"T",394,"G","T394G",0.127461122164829
"T",394,"H","T394H",-0.104571046453112
"T",394,"I","T394I",-0.0166476688671615
"T",394,"K","T394K",-0.0700808351274516
"T",394,"L","T394L",-0.136971595729431
"T",394,"M","T394M",0.0322247300192284
"T",394,"N","T394N",-0.0105698486594923
"T",394,"P","T394P",-0.0705094750076816
"T",394,"Q","T394Q",0.100816836732928
"T",394,"R","T394R",-0.142429912870892
"T",394,"S","T394S",0.0517463669225382
"T",394,"V","T394V",-0.00272734695824178
"T",394,"W","T394W",-0.00706189568210108
"T",394,"Y","T394Y",0.271892297755228
"P",395,"A","P395A",-0.0379121712743601
"P",395,"C","P395C",-0.0495403657911095
"P",395,"D","P395D",0.0641774130662596
"P",395,"E","P395E",-0.0279028267189393
"P",395,"F","P395F",0.0434955126390898
"P",395,"G","P395G",-0.0297864715739508
"P",395,"H","P395H",-0.0794939869056105
"P",395,"I","P395I",0.0400341854025997
"P",395,"K","P395K",0.0636095414704799
"P",395,"L","P395L",-0.0564634957171194
"P",395,"M","P395M",0.08480715428156
"P",395,"N","P395N",0.0618565001623204
"P",395,"Q","P395Q",0.0720167053266601
"P",395,"R","P395R",0.08288901866108
"P",395,"S","P395S",0.02395138202754
"P",395,"T","P395T",-0.12125148383695
"P",395,"V","P395V",-0.12714087677952
"P",395,"W","P395W",0.0054305979042496
"P",395,"Y","P395Y",-0.0127763323442795
"P",396,"A","P396A",0.109058366257103
"P",396,"C","P396C",-0.0935502674028267
"P",396,"D","P396D",0.081873631353373
"P",396,"E","P396E",-0.0119025148379367
"P",396,"F","P396F",-0.0502078225733867
"P",396,"G","P396G",0.079687388438554
"P",396,"H","P396H",0.0136305996791923
"P",396,"I","P396I",-0.0453831020899167
"P",396,"K","P396K",0.0487056220164037
"P",396,"L","P396L",0.0674682918615232
"P",396,"M","P396M",-0.0500587362393767
"P",396,"N","P396N",-0.0395578689826467
"P",396,"Q","P396Q",-0.124384228868057
"P",396,"R","P396R",-0.157630620576337
"P",396,"S","P396S",0.131834410738903
"P",396,"T","P396T",-0.0219619510315777
"P",396,"V","P396V",0.0768937229862132
"P",396,"W","P396W",-0.0501801309052567
"P",396,"Y","P396Y",0.0356652101760532
"V",397,"A","V397A",-0.0522664341543726
"V",397,"C","V397C",0.00121486186650819
"V",397,"D","V397D",0.182885959957458
"V",397,"E","V397E",-0.0842751955598306
"V",397,"F","V397F",0.176420645894597
"V",397,"G","V397G",-0.00899547992448181
"V",397,"H","V397H",0.0969563870410186
"V",397,"I","V397I",0.116212107456209
"V",397,"K","V397K",-0.0517755589826916
"V",397,"L","V397L",-0.394921418369301
"V",397,"M","V397M",-0.109826359808002
"V",397,"N","V397N",-0.146510011775232
"V",397,"P","V397P",0.116912874121828
"V",397,"Q","V397Q",0.0838636188243689
"V",397,"R","V397R",-0.115795336495771
"V",397,"S","V397S",0.200238145761318
"V",397,"T","V397T",0.0288860652802383
"V",397,"W","V397W",0.00610550971371839
"V",397,"Y","V397Y",-0.0453303808475816
"L",398,"A","L398A",0.020944063758034
"L",398,"C","L398C",0.140583346574894
"L",398,"D","L398D",-0.030911269526936
"L",398,"E","L398E",0.149426460756025
"L",398,"F","L398F",-0.0280525140639462
"L",398,"G","L398G",0.0451932743168846
"L",398,"H","L398H",-0.225425788305506
"L",398,"I","L398I",-0.089125462856916
"L",398,"K","L398K",-0.042423830800026
"L",398,"M","L398M",0.0246684498692535
"L",398,"N","L398N",-0.00347373804870576
"L",398,"P","L398P",-0.138143072557356
"L",398,"Q","L398Q",0.0688908422992642
"L",398,"R","L398R",0.264632027649004
"L",398,"S","L398S",-0.0551167852063954
"L",398,"T","L398T",-0.153148522424405
"L",398,"V","L398V",-0.0315979001672865
"L",398,"W","L398W",0.026526139327324
"L",398,"Y","L398Y",0.0565542794067944
"D",399,"A","D399A",-0.0723864743280669
"D",399,"C","D399C",0.0538960687891229
"D",399,"E","D399E",0.00315817579342354
"D",399,"F","D399F",0.0582922409956731
"D",399,"G","D399G",0.0610262070191335
"D",399,"H","D399H",-0.152831039681987
"D",399,"I","D399I",0.000807324624303545
"D",399,"K","D399K",0.0120500330967231
"D",399,"L","D399L",-0.00772586358815706
"D",399,"M","D399M",-0.0859205622122068
"D",399,"N","D399N",-0.129551610355467
"D",399,"P","D399P",0.187003543552563
"D",399,"Q","D399Q",0.0528598171694724
"D",399,"R","D399R",-0.044262837904867
"D",399,"S","D399S",-0.0461459873032676
"D",399,"T","D399T",-0.0573732166183464
"D",399,"V","D399V",0.108460968955943
"D",399,"W","D399W",0.099580840187513
"D",399,"Y","D399Y",-0.0409376281915063
"S",400,"A","S400A",-0.0221453063305047
"S",400,"C","S400C",0.0798730824185853
"S",400,"D","S400D",0.0623979258258357
"S",400,"E","S400E",-0.0103547668472151
"S",400,"F","S400F",-0.0548606943832551
"S",400,"G","S400G",0.0427353973708357
"S",400,"H","S400H",0.054087189552685
"S",400,"I","S400I",-0.0956707608720248
"S",400,"K","S400K",0.024193154637825
"S",400,"L","S400L",0.0315504378816559
"S",400,"M","S400M",-0.0533432162124848
"S",400,"N","S400N",0.0727697451775645
"S",400,"P","S400P",-0.0676020409484949
"S",400,"Q","S400Q",0.0318670800125259
"S",400,"R","S400R",0.00109227436055493
"S",400,"T","S400T",-0.0770657182585245
"S",400,"V","S400V",-0.174952756676025
"S",400,"W","S400W",0.171846237988645
"S",400,"Y","S400Y",-0.0164172646981845
"D",401,"A","D401A",-0.133851657590276
"D",401,"C","D401C",-0.0455841238773864
"D",401,"E","D401E",0.0300611141181531
"D",401,"F","D401F",-0.049657117114827
"D",401,"G","D401G",0.0531371301564639
"D",401,"H","D401H",-0.0121150306118371
"D",401,"I","D401I",-0.033140155127767
"D",401,"K","D401K",0.103201142829013
"D",401,"L","D401L",-0.0228097846109864
"D",401,"M","D401M",0.168090123076973
"D",401,"N","D401N",-0.0384084334873966
"D",401,"P","D401P",-0.0243731151584274
"D",401,"Q","D401Q",0.0305252752413532
"D",401,"R","D401R",0.0593863060737832
"D",401,"S","D401S",-0.00785208496021724
"D",401,"T","D401T",-0.0740463546445368
"D",401,"V","D401V",0.0437274203383629
"D",401,"W","D401W",-0.0935275570481168
"D",401,"Y","D401Y",0.0472369023976729
"G",402,"A","G402A",-0.00731222593998477
"G",402,"C","G402C",-0.161691734927725
"G",402,"D","G402D",-0.0344132329506844
"G",402,"E","G402E",-0.0249582999807548
"G",402,"F","G402F",0.0701494776451951
"G",402,"H","G402H",0.0196723339825846
"G",402,"I","G402I",-0.0176645661177846
"G",402,"K","G402K",-0.0237985033651045
"G",402,"L","G402L",-0.0351873137323544
"G",402,"M","G402M",-0.0713125018875252
"G",402,"N","G402N",0.0366614858972456
"G",402,"P","G402P",0.0858199758452356
"G",402,"Q","G402Q",0.012780846318245
"G",402,"R","G402R",-0.0898820535725849
"G",402,"S","G402S",0.0503411951424555
"G",402,"T","G402T",0.0968472946138749
"G",402,"V","G402V",0.00436174661466543
"G",402,"W","G402W",0.021000562788525
"G",402,"Y","G402Y",0.0685855136264752
"S",403,"A","S403A",0.0971541912899432
"S",403,"C","S403C",-0.0784649077820282
"S",403,"D","S403D",-0.121483893665617
"S",403,"E","S403E",0.103885472596862
"S",403,"F","S403F",0.0152761754877119
"S",403,"G","S403G",0.00637470870604277
"S",403,"H","S403H",0.0384226635936024
"S",403,"I","S403I",-0.113704646617796
"S",403,"K","S403K",0.015780702965443
"S",403,"L","S403L",-0.0554660927610172
"S",403,"M","S403M",0.082090345962913
"S",403,"N","S403N",-0.0465980000456568
"S",403,"P","S403P",-0.170723940070227
"S",403,"Q","S403Q",-0.0127418243548171
"S",403,"R","S403R",-0.015675578991608
"S",403,"T","S403T",0.116543163975383
"S",403,"V","S403V",0.025589084534173
"S",403,"W","S403W",-0.0047526763589479
"S",403,"Y","S403Y",0.118495051535642
"F",404,"A","F404A",-0.0608851704962921
"F",404,"C","F404C",0.241713544748038
"F",404,"D","F404D",0.181141620683158
"F",404,"E","F404E",0.466710594314858
"F",404,"G","F404G",-0.0904180527213221
"F",404,"H","F404H",0.0977556441259476
"F",404,"I","F404I",-0.0851199923921711
"F",404,"K","F404K",-0.0969254187542821
"F",404,"L","F404L",0.132408788182628
"F",404,"M","F404M",0.0816331518147983
"F",404,"N","F404N",0.0209376651063079
"F",404,"P","F404P",-0.515119992392172
"F",404,"Q","F404Q",0.0277639175870378
"F",404,"R","F404R",-0.0398743010577521
"F",404,"S","F404S",-0.129732919794352
"F",404,"T","F404T",-0.202747324062152
"F",404,"V","F404V",-0.0328922444456021
"F",404,"W","F404W",-0.0520682742657321
"F",404,"Y","F404Y",0.0557187638190576
"F",405,"A","F405A",-0.0401313263228146
"F",405,"C","F405C",0.0846389570046853
"F",405,"D","F405D",-0.0526097505693243
"F",405,"E","F405E",-0.0572463164504446
"F",405,"G","F405G",0.00664533980807478
"F",405,"H","F405H",0.0309892301847948
"F",405,"I","F405I",0.131060868615296
"F",405,"K","F405K",0.0502998014123053
"F",405,"L","F405L",0.100930040630235
"F",405,"M","F405M",0.0415532191821848
"F",405,"N","F405N",-0.150874624031805
"F",405,"P","F405P",-0.362661175044525
"F",405,"Q","F405Q",-0.262204701464715
"F",405,"R","F405R",0.804238458552325
"F",405,"S","F405S",-0.0368928530783145
"F",405,"T","F405T",-0.275434814717786
"F",405,"V","F405V",0.00775631210277528
"F",405,"W","F405W",0.0663800051880159
"F",405,"Y","F405Y",-0.0864366710009647
"L",406,"A","L406A",0.124936634848421
"L",406,"C","L406C",-0.0410947147740487
"L",406,"D","L406D",0.230907811829301
"L",406,"E","L406E",-0.0921539617538091
"L",406,"F","L406F",-0.140122382776269
"L",406,"G","L406G",0.0695860943058916
"L",406,"H","L406H",-0.26837364597242
"L",406,"I","L406I",0.163262924477871
"L",406,"K","L406K",0.0261878352786708
"L",406,"M","L406M",-0.030845372172959
"L",406,"N","L406N",0.0057843888803117
"L",406,"P","L406P",0.150830467207181
"L",406,"Q","L406Q",-0.0240121780671988
"L",406,"R","L406R",-0.0724654450960594
"L",406,"S","L406S",-0.0150681635336284
"L",406,"T","L406T",0.106738592871631
"L",406,"V","L406V",0.146166109356641
"L",406,"W","L406W",-0.045440670154759
"L",406,"Y","L406Y",-0.294824324754769
"Y",407,"A","Y407A",-0.0694810837521326
"Y",407,"C","Y407C",0.0652059533499769
"Y",407,"D","Y407D",-0.108674564013993
"Y",407,"E","Y407E",0.160035499281147
"Y",407,"F","Y407F",-0.0591910365125938
"Y",407,"G","Y407G",0.0582382867776069
"Y",407,"H","Y407H",0.0727872307339769
"Y",407,"I","Y407I",-0.0226881486250724
"Y",407,"K","Y407K",0.264512052412487
"Y",407,"L","Y407L",-0.109098214981482
"Y",407,"M","Y407M",-0.0741493983250635
"Y",407,"N","Y407N",-0.0715885142982927
"Y",407,"P","Y407P",-0.222517153600713
"Y",407,"Q","Y407Q",-0.0489058969138837
"Y",407,"R","Y407R",0.123975795224267
"Y",407,"S","Y407S",0.134883622134217
"Y",407,"T","Y407T",0.0122006982507766
"Y",407,"V","Y407V",-0.0250892972691436
"Y",407,"W","Y407W",-0.0804558298720833
"S",408,"A","S408A",0.071389364948135
"S",408,"C","S408C",0.062845097904254
"S",408,"D","S408D",-0.0774512839014156
"S",408,"E","S408E",-0.130058057551456
"S",408,"F","S408F",-0.167951941205996
"S",408,"G","S408G",0.129884866451855
"S",408,"H","S408H",-0.143055835046306
"S",408,"I","S408I",0.0480654749116136
"S",408,"K","S408K",-0.0587339034517853
"S",408,"L","S408L",0.0713514266854445
"S",408,"N","S408N",0.168749405633704
"S",408,"P","S408P",-0.0895402963738257
"S",408,"Q","S408Q",-0.142803739564136
"S",408,"R","S408R",0.0214194883132743
"S",408,"T","S408T",0.113595557768124
"S",408,"V","S408V",0.0189210222023048
"S",408,"W","S408W",0.0387907892086343
"S",408,"Y","S408Y",0.0645825630675746
"K",409,"A","K409A",0.12288417004913
"K",409,"C","K409C",0.0268720003922989
"K",409,"D","K409D",0.0331060695552898
"K",409,"E","K409E",0.12532160612632
"K",409,"F","K409F",0.109845198296649
"K",409,"G","K409G",0.118960757073349
"K",409,"H","K409H",0.0737992633847597
"K",409,"I","K409I",0.07613522977326
"K",409,"L","K409L",0.0524480601090993
"K",409,"M","K409M",-0.0214792378943204
"K",409,"N","K409N",-0.20272919900502
"K",409,"P","K409P",-0.0296583661011104
"K",409,"Q","K409Q",-0.187822960353581
"K",409,"R","K409R",-0.35750836453051
"K",409,"S","K409S",0.00112222232627007
"K",409,"T","K409T",0.0623871992878089
"K",409,"V","K409V",0.0502199072924701
"K",409,"W","K409W",-0.0459803503182814
"K",409,"Y","K409Y",-0.00792320546388042
"L",410,"A","L410A",0.0205464514690993
"L",410,"C","L410C",0.0986039146756195
"L",410,"D","L410D",-0.0349222430527313
"L",410,"E","L410E",0.0338763170966295
"L",410,"F","L410F",-0.0780365362151804
"L",410,"G","L410G",0.129537109681149
"L",410,"H","L410H",-0.03140231330864
"L",410,"I","L410I",-0.151890006345021
"L",410,"K","L410K",-0.125321801782241
"L",410,"M","L410M",0.0692093334673295
"L",410,"N","L410N",0.0944963872886695
"L",410,"Q","L410Q",-0.115126552707941
"L",410,"R","L410R",-0.0255638354447105
"L",410,"S","L410S",0.156081170491769
"L",410,"T","L410T",-0.0325018356380605
"L",410,"V","L410V",-0.0296912367644101
"L",410,"W","L410W",-0.0727583677615608
"L",410,"Y","L410Y",0.0948640448502295
"T",411,"A","T411A",0.124228252651599
"T",411,"C","T411C",0.0105804823380791
"T",411,"D","T411D",-0.179853972491561
"T",411,"E","T411E",0.00831267608247842
"T",411,"F","T411F",0.0198670816055586
"T",411,"G","T411G",-0.124353907318031
"T",411,"H","T411H",-0.0607178476873506
"T",411,"I","T411I",0.0464673167688885
"T",411,"K","T411K",-0.0225939971307009
"T",411,"L","T411L",0.0323566528154793
"T",411,"M","T411M",-0.0728467881538111
"T",411,"N","T411N",-0.112546729242091
"T",411,"P","T411P",-0.0431912246307211
"T",411,"Q","T411Q",0.096952398988279
"T",411,"R","T411R",0.0271797425750695
"T",411,"S","T411S",0.0469441877930586
"T",411,"V","T411V",0.0820519032444491
"T",411,"W","T411W",-0.000169587424410679
"T",411,"Y","T411Y",0.121333359215738
"V",412,"A","V412A",0.0447876551006443
"V",412,"C","V412C",0.149661143334634
"V",412,"D","V412D",-0.0202907535683554
"V",412,"E","V412E",-0.0029388475829455
"V",412,"F","V412F",0.0638375148588652
"V",412,"G","V412G",0.0557174523688041
"V",412,"H","V412H",-0.0968714944482647
"V",412,"I","V412I",0.0538575252615851
"V",412,"K","V412K",0.00247302239789435
"V",412,"L","V412L",-0.0745573565232745
"V",412,"M","V412M",-0.0152210115604552
"V",412,"N","V412N",-0.00963185573889459
"V",412,"P","V412P",0.0280964025800153
"V",412,"Q","V412Q",0.0219398148199144
"V",412,"R","V412R",-0.0340881698694249
"V",412,"S","V412S",0.00623225245687475
"V",412,"T","V412T",-0.0368833128203248
"V",412,"W","V412W",-0.164792147229056
"V",412,"Y","V412Y",0.0286721661617645
"D",413,"A","D413A",-0.0387700995017995
"D",413,"C","D413C",0.154523043574269
"D",413,"E","D413E",-0.0784405978923204
"D",413,"F","D413F",0.000603284345440228
"D",413,"G","D413G",0.00361310459899022
"D",413,"H","D413H",-0.0686782331793305
"D",413,"I","D413I",0.04736667491196
"D",413,"K","D413K",-0.0114626933273396
"D",413,"L","D413L",0.12343627980184
"D",413,"M","D413M",0.143051669564711
"D",413,"N","D413N",-0.15099524956833
"D",413,"P","D413P",-0.00784842099723027
"D",413,"Q","D413Q",0.044641918583409
"D",413,"R","D413R",0.0101980539756601
"D",413,"S","D413S",-0.0450821504759198
"D",413,"T","D413T",0.11617859332552
"D",413,"V","D413V",-0.16087230884838
"D",413,"W","D413W",-0.0436167090220396
"D",413,"Y","D413Y",-0.0378461598691102
"K",414,"A","K414A",0.0492933133123759
"K",414,"C","K414C",-0.0545113384395132
"K",414,"D","K414D",0.0128667761802757
"K",414,"E","K414E",0.0177927605407658
"K",414,"F","K414F",0.0387936094983455
"K",414,"G","K414G",-0.124968044518423
"K",414,"H","K414H",-0.0003979830425942
"K",414,"I","K414I",-0.0290835386100638
"K",414,"L","K414L",0.0463818534243761
"K",414,"M","K414M",0.0364687060737759
"K",414,"N","K414N",-0.0253778715759238
"K",414,"P","K414P",0.027325168967866
"K",414,"Q","K414Q",0.0210706710013258
"K",414,"R","K414R",-0.0625741764047134
"K",414,"S","K414S",-0.0066807305887539
"K",414,"T","K414T",-0.077697447987854
"K",414,"W","K414W",0.0942450299641167
"K",414,"Y","K414Y",0.037053242204616
"S",415,"A","S415A",-0.0182679638423409
"S",415,"C","S415C",-0.00527637938256039
"S",415,"D","S415D",0.000210209879079432
"S",415,"E","S415E",-0.15009623279171
"S",415,"F","S415F",0.0389258648959999
"S",415,"G","S415G",-0.00440840659589011
"S",415,"H","S415H",0.0644667776910993
"S",415,"I","S415I",-0.046598432969371
"S",415,"K","S415K",0.119213609408889
"S",415,"L","S415L",0.10496454891535
"S",415,"M","S415M",-0.0267995934924602
"S",415,"N","S415N",0.0104365291628391
"S",415,"P","S415P",0.0183692730738593
"S",415,"Q","S415Q",-0.0349908709541405
"S",415,"R","S415R",0.0102093164127995
"S",415,"T","S415T",-0.0186191281931799
"S",415,"V","S415V",-0.0249882796454505
"S",415,"W","S415W",-0.00521914666180042
"S",415,"Y","S415Y",-0.0315316949110108
"R",416,"A","R416A",-0.00971186406880135
"R",416,"C","R416C",-0.0250879596394402
"R",416,"D","R416D",0.0446762057367789
"R",416,"E","R416E",0.031510019601048
"R",416,"F","R416F",0.00325502154595925
"R",416,"G","R416G",0.0367412427140492
"R",416,"H","R416H",-0.151245544888221
"R",416,"I","R416I",0.0742837565136994
"R",416,"K","R416K",-0.20361998557408
"R",416,"L","R416L",-0.133736163958631
"R",416,"M","R416M",-0.0419987623496912
"R",416,"N","R416N",0.0875233313072282
"R",416,"P","R416P",0.00218100952862904
"R",416,"Q","R416Q",0.0307680751864485
"R",416,"S","R416S",0.125454014869999
"R",416,"T","R416T",-0.00622231204189086
"R",416,"V","R416V",0.0792543173177285
"R",416,"W","R416W",0.0235512697851485
"R",416,"Y","R416Y",0.0324243284140391
"W",417,"A","W417A",-0.0432023460476971
"W",417,"C","W417C",-0.0919064523942774
"W",417,"D","W417D",-0.106687602376597
"W",417,"E","W417E",-0.0389494535789678
"W",417,"F","W417F",-0.0639104444883367
"W",417,"G","W417G",0.0264103798114332
"W",417,"H","W417H",-0.0405729249424578
"W",417,"I","W417I",0.125101690102603
"W",417,"K","W417K",0.150812107156022
"W",417,"L","W417L",0.202992803665893
"W",417,"M","W417M",-0.0784488093454376
"W",417,"N","W417N",-0.0286269126574669
"W",417,"P","W417P",-0.0140199849640172
"W",417,"Q","W417Q",0.0336192617619329
"W",417,"R","W417R",0.00147967464001304
"W",417,"S","W417S",-0.0665291900352081
"W",417,"T","W417T",0.0696540673806227
"W",417,"V","W417V",0.0592194972330926
"W",417,"Y","W417Y",-0.0964353609211477
"Q",418,"A","Q418A",-0.0227585712518579
"Q",418,"C","Q418C",0.169502277508492
"Q",418,"D","Q418D",-0.056656359506528
"Q",418,"E","Q418E",0.0882552460511231
"Q",418,"F","Q418F",-0.0282484869904183
"Q",418,"G","Q418G",0.0122890168022014
"Q",418,"H","Q418H",0.144072113572412
"Q",418,"I","Q418I",0.0208337905520421
"Q",418,"K","Q418K",0.106696265231272
"Q",418,"L","Q418L",0.0941062451798821
"Q",418,"M","Q418M",-0.0764609022251177
"Q",418,"N","Q418N",-0.0328128927855671
"Q",418,"P","Q418P",-0.0480932076325776
"Q",418,"R","Q418R",-0.157247574977248
"Q",418,"S","Q418S",-0.0177153838086773
"Q",418,"T","Q418T",-0.105474283624348
"Q",418,"V","Q418V",-0.0671972206413685
"Q",418,"W","Q418W",-0.0330100698538783
"Q",418,"Y","Q418Y",0.0099199984001616
"Q",419,"A","Q419A",0.0788731791427615
"Q",419,"C","Q419C",-0.0588220812542286
"Q",419,"D","Q419D",0.0925628645011216
"Q",419,"E","Q419E",0.0498334388757813
"Q",419,"F","Q419F",0.0444034976548718
"Q",419,"G","Q419G",-0.141880144824777
"Q",419,"H","Q419H",0.0749125267701014
"Q",419,"I","Q419I",0.134472936827612
"Q",419,"K","Q419K",0.0667473752473409
"Q",419,"L","Q419L",0.0297727701657918
"Q",419,"M","Q419M",-0.0127096359528382
"Q",419,"N","Q419N",-0.122606208830958
"Q",419,"P","Q419P",0.0179182921467323
"Q",419,"R","Q419R",-0.0428743590911688
"Q",419,"S","Q419S",-0.0748977549159184
"Q",419,"T","Q419T",0.0622517613675713
"Q",419,"V","Q419V",-0.0152955886965788
"Q",419,"W","Q419W",-0.208917965506228
"Q",419,"Y","Q419Y",0.0262550963730115
"G",420,"A","G420A",-0.0746936994727781
"G",420,"C","G420C",0.0421419330497425
"G",420,"D","G420D",-0.010475855578618
"G",420,"E","G420E",-0.0183411191613574
"G",420,"F","G420F",0.0895083197038722
"G",420,"H","G420H",-0.0344693836511778
"G",420,"I","G420I",-0.0416149193476379
"G",420,"K","G420K",-0.0742169996211579
"G",420,"L","G420L",0.0158034047825419
"G",420,"M","G420M",-0.00328984928152809
"G",420,"N","G420N",0.0322658747636126
"G",420,"P","G420P",-0.0321364730687284
"G",420,"Q","G420Q",-0.0549028013992981
"G",420,"R","G420R",-0.018794068010618
"G",420,"S","G420S",0.0889806237868218
"G",420,"T","G420T",0.0806219932383822
"G",420,"V","G420V",0.0284596407187118
"G",420,"W","G420W",0.0356497192688219
"G",420,"Y","G420Y",-0.0504963407196078
"N",421,"A","N421A",-0.000351825732467104
"N",421,"C","N421C",-0.0542282229933365
"N",421,"D","N421D",0.0790145439777734
"N",421,"E","N421E",0.0069339609017737
"N",421,"F","N421F",-0.142762838565567
"N",421,"G","N421G",-0.045434583003837
"N",421,"H","N421H",-0.00910383523987651
"N",421,"I","N421I",0.059280861035043
"N",421,"K","N421K",-0.0562537913304975
"N",421,"L","N421L",0.0346978553569434
"N",421,"M","N421M",-0.119362092114697
"N",421,"P","N421P",0.0559088343127833
"N",421,"Q","N421Q",0.0562502351748936
"N",421,"R","N421R",0.116892634124662
"N",421,"S","N421S",0.0661583270139431
"N",421,"T","N421T",-0.0283856355931272
"N",421,"V","N421V",0.0929682845590731
"N",421,"W","N421W",-0.0341170274693661
"N",421,"Y","N421Y",-0.0781056844141169
"V",422,"A","V422A",-0.0994908634713871
"V",422,"C","V422C",0.00148510046035449
"V",422,"D","V422D",-0.0374019626883867
"V",422,"E","V422E",0.00143736211411399
"V",422,"F","V422F",-0.130729817195336
"V",422,"G","V422G",-0.0484222243341862
"V",422,"H","V422H",-0.00435624599872581
"V",422,"I","V422I",-0.102877972597697
"V",422,"K","V422K",-0.00278031022497681
"V",422,"L","V422L",0.0147681697512035
"V",422,"M","V422M",0.008952878048044
"V",422,"N","V422N",-0.0873916894737058
"V",422,"P","V422P",-0.0358497261164867
"V",422,"Q","V422Q",0.199732370027804
"V",422,"R","V422R",0.191661567927414
"V",422,"S","V422S",0.223544754569964
"V",422,"T","V422T",0.0295539919501034
"V",422,"W","V422W",-0.110277655656827
"V",422,"Y","V422Y",-0.0115577270912856
"F",423,"A","F423A",-0.0549648816727717
"F",423,"C","F423C",0.225021254432518
"F",423,"D","F423D",-0.0171367037480717
"F",423,"E","F423E",-0.0885678728582514
"F",423,"G","F423G",-0.030907064053182
"F",423,"H","F423H",-0.0863984823056714
"F",423,"I","F423I",0.0894061484637583
"F",423,"K","F423K",0.0860665597186083
"F",423,"L","F423L",-0.0102872363720015
"F",423,"M","F423M",-0.0862781160493316
"F",423,"N","F423N",-0.0630755283993909
"F",423,"P","F423P",0.00713467435342836
"F",423,"Q","F423Q",-0.040637283265332
"F",423,"R","F423R",0.0223604808398687
"F",423,"S","F423S",0.0482922597856086
"F",423,"T","F423T",-0.0817445600545415
"F",423,"V","F423V",0.102263612553059
"F",423,"W","F423W",-0.056567987336122
"F",423,"Y","F423Y",0.0360207259678184
"S",424,"A","S424A",-0.0143000982849181
"S",424,"C","S424C",0.0134900750596415
"S",424,"D","S424D",-0.032799895617688
"S",424,"E","S424E",0.127171257457952
"S",424,"F","S424F",-0.0309557120395982
"S",424,"G","S424G",-0.0718769580365472
"S",424,"H","S424H",-0.0180019630322083
"S",424,"I","S424I",0.0258134051781823
"S",424,"K","S424K",0.0899004466847225
"S",424,"L","S424L",-0.0236304849676185
"S",424,"M","S424M",0.00139512140382201
"S",424,"N","S424N",0.000527811353032132
"S",424,"P","S424P",-0.0941194858661276
"S",424,"Q","S424Q",-0.0680188960251182
"S",424,"R","S424R",-0.0337970433198673
"S",424,"T","S424T",0.0712868159979821
"S",424,"V","S424V",0.0558951206996723
"S",424,"W","S424W",0.043428700055902
"S",424,"Y","S424Y",-0.0414082167012181
"C",425,"A","C425A",-0.12348555402544
"C",425,"D","C425D",0.0453969074523201
"C",425,"E","C425E",-0.0243629069131593
"C",425,"F","C425F",-0.178325435922779
"C",425,"G","C425G",0.0124639936680704
"C",425,"H","C425H",0.0066365841037607
"C",425,"I","C425I",0.0362290215532801
"C",425,"K","C425K",-0.0763550437556595
"C",425,"L","C425L",-0.00354110927075939
"C",425,"M","C425M",0.0037159526539203
"C",425,"N","C425N",0.0511420961045208
"C",425,"P","C425P",0.0568856888800506
"C",425,"Q","C425Q",0.0381141380382499
"C",425,"R","C425R",-0.0732451690333495
"C",425,"S","C425S",-0.0878251859463695
"C",425,"T","C425T",0.129913226018911
"C",425,"V","C425V",0.103538088364571
"C",425,"W","C425W",0.0156896113702509
"C",425,"Y","C425Y",0.067415096659611
"S",426,"A","S426A",-0.0171274957551611
"S",426,"C","S426C",-0.0776257601825011
"S",426,"D","S426D",-0.119409717740071
"S",426,"E","S426E",-0.000190432981711092
"S",426,"F","S426F",0.0109298397445189
"S",426,"G","S426G",0.105323619316299
"S",426,"H","S426H",-0.0588083274556104
"S",426,"I","S426I",0.0639745636129489
"S",426,"K","S426K",-0.0190510629731809
"S",426,"L","S426L",0.0935100818148189
"S",426,"M","S426M",-0.0802943634811611
"S",426,"N","S426N",0.0709067758013783
"S",426,"P","S426P",0.0231584354423588
"S",426,"Q","S426Q",0.00860425002108891
"S",426,"R","S426R",-0.0513970034775205
"S",426,"T","S426T",0.133747227700419
"S",426,"V","S426V",0.0233541811832693
"S",426,"W","S426W",0.00459533113220861
"S",426,"Y","S426Y",-0.114200141722391
"V",427,"A","V427A",-0.127326001572728
"V",427,"C","V427C",0.00811697071464274
"V",427,"D","V427D",0.300688635109892
"V",427,"E","V427E",-0.116846741457938
"V",427,"F","V427F",-0.174173415218129
"V",427,"G","V427G",-0.103953735945458
"V",427,"H","V427H",0.0467231320382423
"V",427,"I","V427I",-0.0222783218376076
"V",427,"K","V427K",0.0785086045247922
"V",427,"L","V427L",0.034693296822082
"V",427,"M","V427M",-0.196334025007468
"V",427,"N","V427N",0.0303255265869918
"V",427,"P","V427P",0.146468171564842
"V",427,"Q","V427Q",0.102966645067092
"V",427,"R","V427R",-0.0374789111970881
"V",427,"S","V427S",-0.051182798651228
"V",427,"T","V427T",-0.0224706303444581
"V",427,"W","V427W",-0.0227044361049579
"V",427,"Y","V427Y",0.126258034908482
"M",428,"A","M428A",0.0056499286558989
"M",428,"C","M428C",0.109280200343519
"M",428,"D","M428D",-0.0240261838089308
"M",428,"E","M428E",-0.0594106232839317
"M",428,"F","M428F",-0.0529853762497918
"M",428,"G","M428G",0.115568730724148
"M",428,"H","M428H",-0.117050759354022
"M",428,"I","M428I",0.101118205744728
"M",428,"K","M428K",0.0183992341428985
"M",428,"L","M428L",0.0421734356306286
"M",428,"N","M428N",-0.0550555239103518
"M",428,"P","M428P",-0.0167894841171411
"M",428,"Q","M428Q",0.203298882423318
"M",428,"R","M428R",-0.110322200653252
"M",428,"S","M428S",-0.0361302942976919
"M",428,"T","M428T",-0.0184515476476913
"M",428,"V","M428V",-0.0721796171899917
"M",428,"W","M428W",-0.163367014028103
"M",428,"Y","M428Y",0.130280006875758
"H",429,"A","H429A",-0.173388074012038
"H",429,"C","H429C",-0.0858778919813986
"H",429,"D","H429D",0.027470539760942
"H",429,"E","H429E",0.0314933868442415
"H",429,"F","H429F",-0.0252775534270088
"H",429,"G","H429G",-0.115828890031299
"H",429,"I","H429I",-0.0885240564560588
"H",429,"K","H429K",-0.0559639622786186
"H",429,"L","H429L",0.126246075305943
"H",429,"M","H429M",0.00799141013133145
"H",429,"N","H429N",0.0207478835781017
"H",429,"P","H429P",0.344801104502972
"H",429,"Q","H429Q",-0.0489536745964584
"H",429,"R","H429R",-0.0501921233402178
"H",429,"S","H429S",-0.0198674956838188
"H",429,"T","H429T",0.0721534116586716
"H",429,"V","H429V",0.0118374870958615
"H",429,"W","H429W",-0.0355145848999984
"H",429,"Y","H429Y",0.0566470078288515
"E",430,"A","E430A",-0.0322104003735049
"E",430,"C","E430C",-0.0796625999146252
"E",430,"D","E430D",-0.105761916131945
"E",430,"F","E430F",0.0492955625834146
"E",430,"G","E430G",-0.0315405904365649
"E",430,"H","E430H",-0.0945312530511353
"E",430,"I","E430I",0.206691473406715
"E",430,"K","E430K",-0.0923898143394151
"E",430,"L","E430L",0.0356514632837446
"E",430,"M","E430M",-0.105022015763335
"E",430,"N","E430N",-0.185305296822975
"E",430,"P","E430P",0.0129864650093749
"E",430,"Q","E430Q",0.0901455103980337
"E",430,"R","E430R",0.0310167667186445
"E",430,"S","E430S",0.0462687418446646
"E",430,"T","E430T",0.112255993276734
"E",430,"V","E430V",-0.0794551760840647
"E",430,"W","E430W",0.0602810149668953
"E",430,"Y","E430Y",0.161286071429345
"L",432,"A","L432A",0.0136230079481838
"L",432,"C","L432C",-0.0273921246263061
"L",432,"D","L432D",-0.0815275485114451
"L",432,"E","L432E",-0.0450908952959357
"L",432,"F","L432F",-0.0632638745015056
"L",432,"G","L432G",0.0353446761003239
"L",432,"H","L432H",0.0429236111212749
"L",432,"I","L432I",-0.173754254273526
"L",432,"K","L432K",0.0749034205659246
"L",432,"M","L432M",-0.0912402177288656
"L",432,"N","L432N",-0.0111266871870162
"L",432,"P","L432P",0.0582393176439741
"L",432,"Q","L432Q",0.0562321759206141
"L",432,"R","L432R",-0.0492876251623363
"L",432,"S","L432S",0.117923059288424
"L",432,"T","L432T",0.110945598433844
"L",432,"V","L432V",0.00707245776410428
"L",432,"W","L432W",0.0426502321617641
"L",432,"Y","L432Y",-0.0171743296614957
"H",433,"A","H433A",-0.184474581232199
"H",433,"C","H433C",0.0916793900982106
"H",433,"D","H433D",-0.0916426247223094
"H",433,"E","H433E",-0.0881876905968594
"H",433,"F","H433F",0.0673951465663806
"H",433,"G","H433G",0.0376796850780003
"H",433,"I","H433I",-0.0079093700761393
"H",433,"K","H433K",0.0818731348872709
"H",433,"L","H433L",-0.0015733935003999
"H",433,"M","H433M",0.0392078640787402
"H",433,"N","H433N",0.112336569823931
"H",433,"P","H433P",-0.0193520676446194
"H",433,"Q","H433Q",0.191923458272151
"H",433,"R","H433R",0.0715686075074008
"H",433,"S","H433S",-0.111215522717699
"H",433,"T","H433T",-0.112841919137929
"H",433,"V","H433V",-0.0699366506482294
"H",433,"W","H433W",0.0634955846164304
"H",433,"Y","H433Y",-0.0700256206521304
"N",434,"A","N434A",-0.0623599834022054
"N",434,"C","N434C",0.0387911227302344
"N",434,"D","N434D",-0.0599772568094451
"N",434,"E","N434E",-0.0812163979475944
"N",434,"F","N434F",0.0791265089605245
"N",434,"G","N434G",-0.0412693080214351
"N",434,"H","N434H",0.00723318458023465
"N",434,"I","N434I",0.0387519995948151
"N",434,"K","N434K",-0.035021606069335
"N",434,"L","N434L",0.0178890581787346
"N",434,"P","N434P",0.120863893030675
"N",434,"Q","N434Q",-0.0590707925202357
"N",434,"R","N434R",0.0334882949287045
"N",434,"S","N434S",-0.0687788003582854
"N",434,"T","N434T",-0.0442474019901654
"N",434,"W","N434W",0.0609165089829139
"N",434,"Y","N434Y",0.0548809761318646
"H",435,"A","H435A",-0.134052325480792
"H",435,"C","H435C",0.143893767822028
"H",435,"D","H435D",-0.0859788904605417
"H",435,"E","H435E",0.0155808752241084
"H",435,"F","H435F",-0.0271676289045218
"H",435,"G","H435G",-0.0213530378640324
"H",435,"I","H435I",0.0754469379218484
"H",435,"K","H435K",-0.018576111526512
"H",435,"L","H435L",-0.0290108261323817
"H",435,"M","H435M",-0.0583546494869217
"H",435,"N","H435N",-0.0129638794559313
"H",435,"P","H435P",0.0527168170861094
"H",435,"Q","H435Q",-0.0212201418945109
"H",435,"R","H435R",0.0223416691966084
"H",435,"S","H435S",-0.0868912943903819
"H",435,"T","H435T",-0.0415585990086012
"H",435,"V","H435V",0.309230730236398
"H",435,"W","H435W",-0.0917895216159419
"H",435,"Y","H435Y",0.00970610873396893
"Y",436,"A","Y436A",-0.0481784245080174
"Y",436,"C","Y436C",-0.0126648409199481
"Y",436,"D","Y436D",-0.128624746619807
"Y",436,"E","Y436E",-0.0418663666483578
"Y",436,"F","Y436F",-0.00848716376192745
"Y",436,"G","Y436G",0.106708252692652
"Y",436,"H","Y436H",0.0753764588319024
"Y",436,"I","Y436I",0.0317030813432816
"Y",436,"K","Y436K",-0.0897198436944279
"Y",436,"L","Y436L",0.133985138447112
"Y",436,"M","Y436M",0.00909268351517217
"Y",436,"N","Y436N",-0.121407839271178
"Y",436,"P","Y436P",0.286064247279322
"Y",436,"Q","Y436Q",0.00411868057617217
"Y",436,"R","Y436R",-0.0732668867063577
"Y",436,"S","Y436S",-0.00188870573794834
"Y",436,"T","Y436T",-0.114039164893278
"Y",436,"V","Y436V",0.0266010110098119
"Y",436,"W","Y436W",-0.0335055709341782
"T",437,"A","T437A",-0.0243268910139994
"T",437,"C","T437C",0.111414110151081
"T",437,"D","T437D",-0.0531763619119894
"T",437,"E","T437E",-0.148177484801969
"T",437,"F","T437F",-0.103611627708999
"T",437,"G","T437G",0.0775774923842198
"T",437,"H","T437H",-0.191505360139288
"T",437,"I","T437I",-0.0355677226177398
"T",437,"K","T437K",-0.0770779462035595
"T",437,"L","T437L",0.0207881560035505
"T",437,"M","T437M",0.0747039460468603
"T",437,"N","T437N",-0.02806193998638
"T",437,"P","T437P",0.151025253511961
"T",437,"Q","T437Q",-0.00133973027230957
"T",437,"R","T437R",0.0663953667889303
"T",437,"S","T437S",0.0583122534353308
"T",437,"V","T437V",0.177148473571791
"T",437,"W","T437W",-0.00238840963102897
"T",437,"Y","T437Y",-0.0721315776064595
"Q",438,"A","Q438A",-0.0846525661212774
"Q",438,"D","Q438D",0.000393052484712941
"Q",438,"E","Q438E",-0.0692094815956074
"Q",438,"F","Q438F",0.00660815318346284
"Q",438,"G","Q438G",-0.0194666965067376
"Q",438,"H","Q438H",0.0141044870598833
"Q",438,"I","Q438I",0.0729354592453926
"Q",438,"K","Q438K",-0.0728601766399564
"Q",438,"L","Q438L",-0.0338643425252072
"Q",438,"M","Q438M",0.136492862028022
"Q",438,"N","Q438N",0.0372111802513229
"Q",438,"P","Q438P",0.0708294426167329
"Q",438,"R","Q438R",-0.0802944267289874
"Q",438,"S","Q438S",-0.176135711545387
"Q",438,"T","Q438T",-0.00821439704747676
"Q",438,"V","Q438V",0.0326356455494028
"Q",438,"W","Q438W",0.142008899707512
"Q",438,"Y","Q438Y",0.0314786165841921
"K",439,"A","K439A",0.0129359274414112
"K",439,"C","K439C",-0.0892674782231991
"K",439,"D","K439D",-0.0632574529403895
"K",439,"E","K439E",-0.019725330371789
"K",439,"F","K439F",0.0607026602107811
"K",439,"G","K439G",-0.077748850385009
"K",439,"H","K439H",0.0209080283892015
"K",439,"I","K439I",-0.0660389280199888
"K",439,"L","K439L",-0.0262846924413386
"K",439,"M","K439M",-0.0410445957517986
"K",439,"N","K439N",-0.0526619157035882
"K",439,"P","K439P",-0.10146810086496
"K",439,"Q","K439Q",0.134926110312181
"K",439,"R","K439R",0.185078622015881
"K",439,"S","K439S",0.0747166812341707
"K",439,"T","K439T",0.0317622590649503
"K",439,"V","K439V",0.0539132293569916
"K",439,"W","K439W",-0.112754798835529
"K",439,"Y","K439Y",0.0753086255120213
"S",440,"A","S440A",0.0685358674378277
"S",440,"C","S440C",0.0944259949505485
"S",440,"D","S440D",0.0129751448545085
"S",440,"E","S440E",-0.00842401068146201
"S",440,"F","S440F",0.00888945683285826
"S",440,"G","S440G",-0.139865163213553
"S",440,"H","S440H",-0.0700226045408522
"S",440,"I","S440I",0.183329947290087
"S",440,"K","S440K",-0.162721626468032
"S",440,"L","S440L",0.105210560952297
"S",440,"M","S440M",0.0952056730930476
"S",440,"N","S440N",-0.0602732679158521
"S",440,"P","S440P",-0.0601635900988121
"S",440,"Q","S440Q",0.0268977564685683
"S",440,"R","S440R",-0.0410077142920618
"S",440,"T","S440T",-0.0121860380433313
"S",440,"V","S440V",-0.00542068929846221
"S",440,"W","S440W",-0.0538313266973323
"S",440,"Y","S440Y",0.0184456293700081
"L",441,"A","L441A",-0.100250215425331
"L",441,"C","L441C",-0.0134770945130708
"L",441,"D","L441D",-0.0349252615635407
"L",441,"E","L441E",-0.0272254084520297
"L",441,"F","L441F",0.0732466058917292
"L",441,"G","L441G",-0.0278964837007904
"L",441,"H","L441H",0.105333838549319
"L",441,"I","L441I",-0.00612679625575095
"L",441,"K","L441K",-0.0558166389818602
"L",441,"M","L441M",-0.0307511545148099
"L",441,"N","L441N",-0.0157436374885502
"L",441,"P","L441P",-0.0814281136081811
"L",441,"Q","L441Q",0.122605396531839
"L",441,"R","L441R",-0.0243267177620001
"L",441,"S","L441S",0.178884086882479
"L",441,"T","L441T",-0.151592745608631
"L",441,"V","L441V",0.106818287776288
"L",441,"W","L441W",-0.0986256387248204
"L",441,"Y","L441Y",0.0812976909677094
"S",442,"A","S442A",0.0607822784581968
"S",442,"C","S442C",0.0564866996486365
"S",442,"D","S442D",-0.051705203127664
"S",442,"E","S442E",0.100449939418916
"S",442,"F","S442F",0.0309347494482958
"S",442,"G","S442G",-0.00786732627412412
"S",442,"H","S442H",0.0165713126844064
"S",442,"I","S442I",0.00724613896517668
"S",442,"K","S442K",-0.0653508904311833
"S",442,"L","S442L",-0.098003450126474
"S",442,"M","S442M",0.00968553053118638
"S",442,"N","S442N",0.0285735663679764
"S",442,"P","S442P",-0.187914618343634
"S",442,"Q","S442Q",0.0919708330223064
"S",442,"R","S442R",-0.0297462915465541
"S",442,"T","S442T",-0.0124915449934234
"S",442,"V","S442V",0.00172168004691657
"S",442,"W","S442W",-0.0469063737052238
"S",442,"Y","S442Y",0.0955629699562664
"L",443,"A","L443A",-0.0328689525311647
"L",443,"C","L443C",-0.0223943626850245
"L",443,"D","L443D",0.0838393355780251
"L",443,"E","L443E",0.0268685666390063
"L",443,"F","L443F",-0.0115215531145543
"L",443,"G","L443G",0.126723935441646
"L",443,"H","L443H",-0.0331158546009442
"L",443,"I","L443I",0.104212046190366
"L",443,"K","L443K",-0.122856785044024
"L",443,"M","L443M",0.0864692261904061
"L",443,"N","L443N",0.00498723796013587
"L",443,"P","L443P",-0.0636779623742845
"L",443,"Q","L443Q",-0.0924847980796041
"L",443,"R","L443R",0.00296217449607547
"L",443,"S","L443S",-0.0312208062820138
"L",443,"T","L443T",0.00052003197766657
"L",443,"V","L443V",-0.0574560946144436
"L",443,"W","L443W",0.0195394051447755
"L",443,"Y","L443Y",0.0114752097079558
"S",444,"A","S444A",0.0522938187541187
"S",444,"C","S444C",0.0152493079656495
"S",444,"D","S444D",-0.0075532572320404
"S",444,"E","S444E",-0.0534510326262205
"S",444,"F","S444F",0.026945332306209
"S",444,"G","S444G",0.0653362591179783
"S",444,"H","S444H",0.0048825575828693
"S",444,"I","S444I",-0.028295862646021
"S",444,"K","S444K",-0.115814088003952
"S",444,"L","S444L",0.0252600546896391
"S",444,"M","S444M",-0.0291532218827412
"S",444,"N","S444N",-0.016947178345841
"S",444,"P","S444P",0.111816309379739
"S",444,"Q","S444Q",-0.0183873458906107
"S",444,"R","S444R",-0.0704913520059509
"S",444,"T","S444T",-0.0702046822920017
"S",444,"V","S444V",-0.0360563307925809
"S",444,"W","S444W",0.0874511394026983
"S",444,"Y","S444Y",0.0571195725190592
"P",445,"A","P445A",0.0258710956219318
"P",445,"C","P445C",-0.0524109378581089
"P",445,"D","P445D",-0.00103473643362892
"P",445,"E","P445E",-0.00871416677119842
"P",445,"F","P445F",0.100683322463721
"P",445,"G","P445G",0.19985046181037
"P",445,"H","P445H",0.00787794875474075
"P",445,"I","P445I",-0.118910894917968
"P",445,"K","P445K",-0.13027751273568
"P",445,"L","P445L",0.017249899000801
"P",445,"M","P445M",-0.0534262122228387
"P",445,"N","P445N",0.0172580647933712
"P",445,"Q","P445Q",-0.079736685417719
"P",445,"R","P445R",-0.0656031232078393
"P",445,"S","P445S",-0.0444177680896484
"P",445,"V","P445V",0.012844504740571
"P",445,"Y","P445Y",0.172896740469122
"G",446,"A","G446A",0.0185095549916843
"G",446,"C","G446C",-0.0344877627860456
"G",446,"D","G446D",0.0662394830874342
"G",446,"E","G446E",-0.104621878241016
"G",446,"F","G446F",-0.000112814990775156
"G",446,"H","G446H",-0.0207546185908154
"G",446,"I","G446I",-0.0445154329516362
"G",446,"K","G446K",0.0367274156055941
"G",446,"L","G446L",0.0262063155915848
"G",446,"M","G446M",0.100626738430955
"G",446,"N","G446N",0.0828419096939344
"G",446,"Q","G446Q",0.0328780369509445
"G",446,"R","G446R",-0.0341300578263548
"G",446,"S","G446S",-0.0264959403862062
"G",446,"T","G446T",-0.0203162874840157
"G",446,"V","G446V",-0.138302843548176
"G",446,"W","G446W",0.0339942993885643
"G",446,"Y","G446Y",0.0257138830643446
"K",447,"A","K447A",0.038303840234155
"K",447,"C","K447C",0.0327358451423646
"K",447,"D","K447D",-0.291558505025085
"K",447,"E","K447E",-0.0268794772676443
"K",447,"F","K447F",0.203545160159525
"K",447,"G","K447G",0.0328573636378654
"K",447,"H","K447H",-0.0073606785063546
"K",447,"I","K447I",-0.0926251396203145
"K",447,"L","K447L",0.00521429106891513
"K",447,"M","K447M",-0.00800142826869456
"K",447,"N","K447N",0.0733591580331455
"K",447,"P","K447P",0.0111301896237748
"K",447,"Q","K447Q",0.00848396489729533
"K",447,"R","K447R",0.00725315476129563
"K",447,"S","K447S",0.0471952811286752
"K",447,"T","K447T",0.068632237802375
"K",447,"V","K447V",-0.0645496629793653
"K",447,"W","K447W",-0.0825432101677245
"K",447,"Y","K447Y",0.0448076153457951
