"wildtype","site","mutation","name","scaledscore"
"E",216,"A","E216A",0.0399094008149838
"E",216,"C","E216C",0.0462821627469242
"E",216,"D","E216D",0.131334216743924
"E",216,"F","E216F",-0.0700574226225764
"E",216,"G","E216G",0.0644118989657133
"E",216,"H","E216H",0.0107901830152938
"E",216,"I","E216I",0.0966336144044632
"E",216,"K","E216K",0.0935737878071336
"E",216,"L","E216L",-0.411473326423826
"E",216,"M","E216M",0.0638849825109437
"E",216,"N","E216N",-0.243973298984945
"E",216,"P","E216P",0.027191033564984
"E",216,"Q","E216Q",0.166705756842954
"E",216,"R","E216R",0.0966159864016537
"E",216,"S","E216S",-0.304922246113116
"E",216,"T","E216T",0.106009992438753
"E",216,"V","E216V",-0.0571050347531966
"E",216,"W","E216W",0.0655909989018638
"E",216,"Y","E216Y",0.0785973137380732
"P",217,"A","P217A",0.0758415787541226
"P",217,"C","P217C",-0.125783457654577
"P",217,"D","P217D",0.0147731613234627
"P",217,"E","P217E",0.0907622618323426
"P",217,"F","P217F",-0.198555878509877
"P",217,"G","P217G",-0.0845234806014672
"P",217,"H","P217H",-0.0515223649152781
"P",217,"I","P217I",0.155500877810774
"P",217,"K","P217K",-0.159760027079817
"P",217,"L","P217L",0.102583304567313
"P",217,"M","P217M",0.0857071433786126
"P",217,"N","P217N",0.0824106198527826
"P",217,"Q","P217Q",0.0720059534811825
"P",217,"R","P217R",-0.142080291613257
"P",217,"S","P217S",0.0177621669896222
"P",217,"T","P217T",0.0202944005284127
"P",217,"V","P217V",0.0635588145142127
"P",217,"W","P217W",0.0725874011534626
"P",217,"Y","P217Y",-0.0915621838120278
"K",218,"A","K218A",0.0840115398534194
"K",218,"C","K218C",-0.0298757944016203
"K",218,"D","K218D",0.0690797720595893
"K",218,"E","K218E",-0.193164647540521
"K",218,"F","K218F",0.16691885847588
"K",218,"G","K218G",0.0241473569450295
"K",218,"H","K218H",0.08133151430837
"K",218,"I","K218I",0.0262758775667796
"K",218,"L","K218L",-0.0286722212025807
"K",218,"M","K218M",0.0205823458553092
"K",218,"N","K218N",0.0804772666272496
"K",218,"P","K218P",-0.0824806958299706
"K",218,"Q","K218Q",0.000236921922419694
"K",218,"R","K218R",0.0989257930760793
"K",218,"S","K218S",0.00369190754424969
"K",218,"T","K218T",-0.0258059315059912
"K",218,"V","K218V",0.037830801056779
"K",218,"W","K218W",-0.155455860193901
"K",218,"Y","K218Y",-0.178054804616571
"S",219,"A","S219A",0.0458609868335424
"S",219,"C","S219C",0.0959862499939421
"S",219,"D","S219D",-0.0210325045933375
"S",219,"E","S219E",0.0765109565662725
"S",219,"F","S219F",0.0645571871038133
"S",219,"G","S219G",0.0960756762258328
"S",219,"H","S219H",0.0903211072570029
"S",219,"I","S219I",0.110321279721823
"S",219,"K","S219K",-0.0475251983557674
"S",219,"L","S219L",0.0139993193617329
"S",219,"M","S219M",-0.0903346774781772
"S",219,"N","S219N",0.0288490909472021
"S",219,"P","S219P",0.064436518317833
"S",219,"Q","S219Q",-0.100113626650097
"S",219,"R","S219R",0.0676575989354131
"S",219,"T","S219T",0.0402006534934032
"S",219,"V","S219V",-0.432518728987267
"S",219,"W","S219W",-0.103251888693167
"C",220,"A","C220A",-0.0309956908479627
"C",220,"D","C220D",0.0534150656490677
"C",220,"E","C220E",0.0622417565113577
"C",220,"F","C220F",0.140475733723488
"C",220,"G","C220G",0.0482314956668776
"C",220,"H","C220H",0.064600284476068
"C",220,"I","C220I",-0.341454564784333
"C",220,"K","C220K",-0.225907052360792
"C",220,"L","C220L",0.00802878750826785
"C",220,"M","C220M",-0.0893675021224911
"C",220,"N","C220N",0.098637533800228
"C",220,"P","C220P",0.0395406268524781
"C",220,"Q","C220Q",0.0896589790133974
"C",220,"R","C220R",0.0668618707658979
"C",220,"S","C220S",0.0321848459529584
"C",220,"T","C220T",0.0318430792717681
"C",220,"V","C220V",0.049343538561148
"C",220,"W","C220W",0.0830407469291679
"C",220,"Y","C220Y",-0.180379534566591
"D",221,"A","D221A",0.0398149731670934
"D",221,"C","D221C",-0.105620665066867
"D",221,"E","D221E",0.0584478109938527
"D",221,"F","D221F",-0.183208349968567
"D",221,"G","D221G",0.0391770495588837
"D",221,"H","D221H",-0.0382829352332763
"D",221,"I","D221I",0.232424888798403
"D",221,"K","D221K",-0.0276888198156673
"D",221,"L","D221L",-0.0298749654585668
"D",221,"M","D221M",0.139661771660153
"D",221,"N","D221N",0.0859888879806032
"D",221,"P","D221P",0.0304888069955736
"D",221,"Q","D221Q",-0.480729987886057
"D",221,"R","D221R",0.110674899275753
"D",221,"S","D221S",0.100808963613303
"D",221,"T","D221T",-0.00542840928498653
"D",221,"V","D221V",0.0448646437672231
"D",221,"W","D221W",-0.0299016300052672
"D",221,"Y","D221Y",0.0183830669084131
"K",222,"A","K222A",-0.0366196521153416
"K",222,"C","K222C",-0.031522982962381
"K",222,"D","K222D",0.0331225604443889
"K",222,"E","K222E",0.118647840772209
"K",222,"F","K222F",0.0403824393397688
"K",222,"G","K222G",-0.0785038542070108
"K",222,"H","K222H",0.119844593544989
"K",222,"I","K222I",0.0460029268733294
"K",222,"L","K222L",-0.190189984929531
"K",222,"M","K222M",-0.0346214093575611
"K",222,"N","K222N",0.078639440824888
"K",222,"P","K222P",0.0146260731846196
"K",222,"Q","K222Q",0.0109761142728987
"K",222,"R","K222R",0.00528715340770851
"K",222,"S","K222S",-0.00110798913803159
"K",222,"T","K222T",0.0134075522219194
"K",222,"V","K222V",-0.0341511963153203
"K",222,"W","K222W",-0.0466597732722412
"K",222,"Y","K222Y",-0.0275598525893009
"T",223,"A","T223A",-0.0898337742164731
"T",223,"C","T223C",-0.000945812071083428
"T",223,"D","T223D",-0.236542008930963
"T",223,"E","T223E",0.0197408041342767
"T",223,"F","T223F",0.0295541435095169
"T",223,"G","T223G",0.0616385955561865
"T",223,"H","T223H",0.199191133042267
"T",223,"I","T223I",0.0747528322510172
"T",223,"K","T223K",-0.00587929929302293
"T",223,"L","T223L",-0.0661656648483037
"T",223,"M","T223M",0.0552801178895562
"T",223,"N","T223N",0.0606093845240864
"T",223,"P","T223P",0.0834447362919969
"T",223,"Q","T223Q",0.0648577703880969
"T",223,"R","T223R",0.0530626628805374
"T",223,"S","T223S",-0.423773062172963
"T",223,"V","T223V",0.0923788003404869
"T",223,"W","T223W",0.0478141990221671
"T",223,"Y","T223Y",-0.0191855582973822
"H",224,"A","H224A",-0.082600152478116
"H",224,"C","H224C",0.112797065967614
"H",224,"D","H224D",0.0114681331804635
"H",224,"E","H224E",-0.106488306247836
"H",224,"F","H224F",0.00119782357301332
"H",224,"G","H224G",-0.0313607851313365
"H",224,"I","H224I",-0.088354340582986
"H",224,"K","H224K",0.060528398608033
"H",224,"L","H224L",0.0309247856581539
"H",224,"M","H224M",0.0347294127717937
"H",224,"N","H224N",0.0395796516299042
"H",224,"P","H224P",-0.0582434732935869
"H",224,"Q","H224Q",-0.109312146397336
"H",224,"R","H224R",-0.0137507648199259
"H",224,"S","H224S",-0.0443793616042964
"H",224,"T","H224T",0.0685936846777132
"H",224,"V","H224V",0.0456714419949643
"H",224,"W","H224W",0.0708080547061535
"H",224,"Y","H224Y",0.0581908777876136
"T",225,"A","T225A",0.0653670582245948
"T",225,"C","T225C",-0.0354805633755658
"T",225,"D","T225D",0.102060243937674
"T",225,"E","T225E",-0.264897231665856
"T",225,"F","T225F",0.0441470641912437
"T",225,"G","T225G",0.188190743420444
"T",225,"H","T225H",-0.225845980611035
"T",225,"I","T225I",0.100773195013844
"T",225,"K","T225K",-0.012986629593786
"T",225,"L","T225L",0.0504951548294642
"T",225,"M","T225M",0.0553513618745744
"T",225,"N","T225N",0.112104132995265
"T",225,"P","T225P",-0.0925492765095156
"T",225,"Q","T225Q",0.0493851389884444
"T",225,"S","T225S",-0.0300550234263358
"T",225,"V","T225V",0.142672795099814
"T",225,"W","T225W",-0.0973673564719045
"T",225,"Y","T225Y",-0.151364826921366
"C",226,"A","C226A",-0.0969009877070779
"C",226,"D","C226D",0.286695443528872
"C",226,"E","C226E",0.00722388629681218
"C",226,"F","C226F",-0.137678467695178
"C",226,"G","C226G",-0.153628914904548
"C",226,"H","C226H",0.0681166450452122
"C",226,"I","C226I",0.160959862177092
"C",226,"K","C226K",-0.111741430918818
"C",226,"L","C226L",0.00407016348023208
"C",226,"M","C226M",0.0378550828085822
"C",226,"N","C226N",-0.0704529946705969
"C",226,"P","C226P",0.0701118785417623
"C",226,"Q","C226Q",-0.113515590469808
"C",226,"R","C226R",0.0506188513787414
"C",226,"S","C226S",-0.0271161701672979
"C",226,"T","C226T",0.0789280885490817
"C",226,"V","C226V",-0.0202297491433083
"C",226,"W","C226W",-0.0324103800879176
"C",226,"Y","C226Y",-0.000905216041837721
"P",227,"A","P227A",-0.116812822803613
"P",227,"C","P227C",-0.0168689307575822
"P",227,"D","P227D",-0.345281621358843
"P",227,"E","P227E",0.0590031551811374
"P",227,"F","P227F",-0.0520802065931325
"P",227,"G","P227G",0.130149706457447
"P",227,"H","P227H",0.0976064654162969
"P",227,"I","P227I",0.0859388091499471
"P",227,"K","P227K",-0.0589618972796519
"P",227,"L","P227L",0.0543928083943875
"P",227,"M","P227M",0.161016639009866
"P",227,"N","P227N",0.0471236259063077
"P",227,"Q","P227Q",-0.00467157923094284
"P",227,"R","P227R",-0.0202073794983426
"P",227,"S","P227S",0.0848363366354277
"P",227,"T","P227T",-0.207157716833023
"P",227,"V","P227V",0.0278802814157468
"P",227,"W","P227W",0.149750748771537
"P",227,"Y","P227Y",-0.0756564219829725
"P",228,"A","P228A",0.330653999457232
"P",228,"C","P228C",-0.0488269563198178
"P",228,"D","P228D",-0.0104702244799586
"P",228,"E","P228E",-0.0290556892996177
"P",228,"F","P228F",-0.00248337076043788
"P",228,"G","P228G",0.141639705245832
"P",228,"H","P228H",-0.183158571010048
"P",228,"I","P228I",-0.00645562704253758
"P",228,"K","P228K",-0.0512000344543979
"P",228,"L","P228L",-0.0274322951226178
"P",228,"M","P228M",0.0838954120690725
"P",228,"N","P228N",0.0576128882127025
"P",228,"Q","P228Q",0.294773178721981
"P",228,"R","P228R",-0.169421627398038
"P",228,"S","P228S",-0.140240065336018
"P",228,"T","P228T",-0.172850554978068
"P",228,"V","P228V",0.116739020882252
"P",228,"W","P228W",-0.229871885607658
"P",228,"Y","P228Y",0.0461526972201425
"C",229,"A","C229A",-0.0932059512013472
"C",229,"D","C229D",-0.0201374261127262
"C",229,"E","C229E",-0.0922103712401962
"C",229,"F","C229F",0.115882609603223
"C",229,"G","C229G",0.147235596344284
"C",229,"H","C229H",-0.0339027940293172
"C",229,"I","C229I",0.0410769894521828
"C",229,"K","C229K",-0.162932545520196
"C",229,"L","C229L",-0.222222841062456
"C",229,"M","C229M",-0.0468555949145052
"C",229,"N","C229N",-0.0482513194703352
"C",229,"P","C229P",0.0230559433426238
"C",229,"Q","C229Q",-0.0716996735915862
"C",229,"R","C229R",0.0382720710919138
"C",229,"S","C229S",0.164976738067593
"C",229,"T","C229T",0.0550495712779038
"C",229,"V","C229V",0.0810868719985728
"C",229,"W","C229W",-0.0194194043047262
"C",229,"Y","C229Y",0.144201530269094
"P",230,"A","P230A",-0.000854264900841648
"P",230,"C","P230C",-0.135768276293893
"P",230,"D","P230D",-0.0396929168091122
"P",230,"F","P230F",-0.0779506116300115
"P",230,"G","P230G",0.171943126090008
"P",230,"H","P230H",0.0176055552735783
"P",230,"I","P230I",0.0183792163529675
"P",230,"K","P230K",0.0771172184499674
"P",230,"L","P230L",-0.153043570797352
"P",230,"M","P230M",-0.0140800637140122
"P",230,"N","P230N",-0.0455547384301318
"P",230,"Q","P230Q",0.107508718148878
"P",230,"R","P230R",0.118683611945248
"P",230,"S","P230S",0.0736856131974073
"P",230,"T","P230T",0.0112158451094877
"P",230,"V","P230V",0.00387877602961815
"P",230,"W","P230W",-0.102118733263182
"P",230,"Y","P230Y",-0.0309545047586223
"A",231,"C","A231C",0.0388361607500406
"A",231,"D","A231D",-0.219669359751909
"A",231,"E","A231E",-0.0781722334918994
"A",231,"F","A231F",-0.0593058444920197
"A",231,"G","A231G",0.1992765050007
"A",231,"H","A231H",0.0914458965403008
"A",231,"I","A231I",-0.0780945204150094
"A",231,"K","A231K",0.200525538644791
"A",231,"L","A231L",-0.156730054033789
"A",231,"M","A231M",0.0555103269736107
"A",231,"N","A231N",0.0636324838812507
"A",231,"P","A231P",0.0346725744882005
"A",231,"Q","A231Q",-0.145807854966909
"A",231,"R","A231R",0.0770091238621901
"A",231,"S","A231S",0.00920341347650119
"A",231,"T","A231T",0.107361943207691
"A",231,"V","A231V",-0.0721774217779994
"A",231,"W","A231W",-0.0493896698106698
"A",231,"Y","A231Y",-0.0181270080850694
"P",232,"A","P232A",0.150226057358704
"P",232,"C","P232C",0.0915705476939737
"P",232,"D","P232D",-0.156707584668006
"P",232,"E","P232E",-0.185373894832026
"P",232,"F","P232F",0.00173253334291404
"P",232,"G","P232G",0.181826999807933
"P",232,"H","P232H",0.101417448320014
"P",232,"I","P232I",0.00839622494552406
"P",232,"K","P232K",0.0652862489036341
"P",232,"M","P232M",-0.151979522551916
"P",232,"N","P232N",0.287057149017803
"P",232,"Q","P232Q",-0.251304280553576
"P",232,"R","P232R",-0.130272205055666
"P",232,"S","P232S",0.020293031799854
"P",232,"T","P232T",0.145747257146104
"P",232,"V","P232V",-0.124063533247996
"P",232,"W","P232W",-0.00949471296374596
"P",232,"Y","P232Y",-0.044357764463526
"E",233,"A","E233A",0.100797890596035
"E",233,"C","E233C",-0.0711346788149042
"E",233,"D","E233D",-0.0513694824014542
"E",233,"F","E233F",-0.0321056077095846
"E",233,"G","E233G",-0.421266034805454
"E",233,"H","E233H",-0.259020870874164
"E",233,"I","E233I",-0.191951256941754
"E",233,"K","E233K",-0.0844547009108942
"E",233,"L","E233L",0.388859352842046
"E",233,"M","E233M",0.285864478769186
"E",233,"N","E233N",0.0170495724123362
"E",233,"P","E233P",0.158030587968776
"E",233,"Q","E233Q",0.0212826257251758
"E",233,"R","E233R",-0.217129317110224
"E",233,"S","E233S",0.274170810300436
"E",233,"T","E233T",-0.109366869450224
"E",233,"V","E233V",-0.113431210589814
"E",233,"W","E233W",0.271355035005816
"E",233,"Y","E233Y",0.0338196759886661
"L",234,"A","L234A",0.22387903649396
"L",234,"C","L234C",-0.55074295923695
"L",234,"D","L234D",-0.0844510184170014
"L",234,"E","L234E",-0.0836104548404304
"L",234,"F","L234F",-0.16573928788694
"L",234,"G","L234G",0.23931885599015
"L",234,"H","L234H",0.0299023577556994
"L",234,"I","L234I",0.22889167259887
"L",234,"K","L234K",0.28121982613199
"L",234,"M","L234M",0.25036355436579
"L",234,"N","L234N",0.0325791167845793
"L",234,"P","L234P",-0.14209152725868
"L",234,"Q","L234Q",-0.254304191358899
"L",234,"R","L234R",-0.24486393528489
"L",234,"S","L234S",-0.173398803749681
"L",234,"T","L234T",0.0539153070829189
"L",234,"W","L234W",0.322005086572889
"L",234,"Y","L234Y",0.0371273642566299
"L",235,"A","L235A",0.333053408351517
"L",235,"C","L235C",-0.518316597647123
"L",235,"D","L235D",-0.401797712219073
"L",235,"E","L235E",-0.185524531207424
"L",235,"F","L235F",-0.0330448858397031
"L",235,"G","L235G",0.238702015362267
"L",235,"H","L235H",0.086063401913637
"L",235,"I","L235I",0.495699967185068
"L",235,"K","L235K",-0.207938729264714
"L",235,"M","L235M",0.232214274613047
"L",235,"N","L235N",0.120797984107617
"L",235,"P","L235P",-0.123950599016753
"L",235,"Q","L235Q",-0.0446324535780331
"L",235,"R","L235R",-0.0796899268586941
"L",235,"S","L235S",-0.0247063357915731
"L",235,"T","L235T",0.0821691718141573
"L",235,"V","L235V",0.283184873955497
"L",235,"W","L235W",0.267248038109247
"L",235,"Y","L235Y",-0.519531363988963
"G",236,"A","G236A",0.043478763558071
"G",236,"C","G236C",-0.0129633966888087
"G",236,"D","G236D",-0.0859623565648586
"G",236,"E","G236E",-0.261332745659359
"G",236,"F","G236F",-0.106075630623259
"G",236,"H","G236H",0.325321260100792
"G",236,"I","G236I",0.282273797350351
"G",236,"K","G236K",-0.527797508093979
"G",236,"L","G236L",0.265310932385431
"G",236,"M","G236M",-0.236791568930989
"G",236,"P","G236P",-0.463656784864829
"G",236,"Q","G236Q",0.081936128533261
"G",236,"R","G236R",-0.325534641254899
"G",236,"S","G236S",0.334822445217992
"G",236,"V","G236V",0.263686882467701
"G",236,"W","G236W",0.438883744108611
"G",236,"Y","G236Y",-0.0155993210412288
"G",237,"A","G237A",-0.283789663580786
"G",237,"C","G237C",0.121960161432184
"G",237,"D","G237D",0.374659126084294
"G",237,"E","G237E",-0.088834393143556
"G",237,"F","G237F",0.040627350834984
"G",237,"H","G237H",0.387188748681954
"G",237,"K","G237K",-0.522043960818416
"G",237,"L","G237L",-0.504399751804396
"G",237,"M","G237M",-0.351651962788416
"G",237,"N","G237N",0.046378113052813
"G",237,"P","G237P",0.600974439240044
"G",237,"Q","G237Q",-0.043982855530216
"G",237,"R","G237R",0.119962005650574
"G",237,"S","G237S",0.000342359557653993
"G",237,"T","G237T",-0.054761329963066
"G",237,"V","G237V",0.139205982127924
"G",237,"W","G237W",-0.168339955641226
"G",237,"Y","G237Y",0.186505586607654
"P",238,"A","P238A",0.180372344598377
"P",238,"C","P238C",0.166526413003876
"P",238,"D","P238D",-0.329847146161544
"P",238,"E","P238E",0.727557444966735
"P",238,"F","P238F",-0.819534441008334
"P",238,"G","P238G",-0.574709334306244
"P",238,"H","P238H",0.357622347942195
"P",238,"I","P238I",0.0229631588806446
"P",238,"K","P238K",-0.0233406328814644
"P",238,"L","P238L",-0.175337064890695
"P",238,"M","P238M",0.0895401326507856
"P",238,"Q","P238Q",0.0659023619084856
"P",238,"T","P238T",0.252642046067627
"P",238,"V","P238V",0.192515263670036
"P",238,"W","P238W",0.0818753338183956
"P",238,"Y","P238Y",-0.214748228258873
"S",239,"A","S239A",0.24175172932987
"S",239,"C","S239C",-0.0757015000172297
"S",239,"D","S239D",-0.564133995346159
"S",239,"E","S239E",-0.23520733757481
"S",239,"F","S239F",0.00281984693809134
"S",239,"G","S239G",-0.20446178972185
"S",239,"H","S239H",-0.256115196050709
"S",239,"I","S239I",0.284390718639
"S",239,"K","S239K",-0.209048355799009
"S",239,"L","S239L",-0.0167512307005876
"S",239,"M","S239M",0.185673985031782
"S",239,"N","S239N",0.0100258243963214
"S",239,"P","S239P",-0.10009858155143
"S",239,"Q","S239Q",0.251800914115761
"S",239,"T","S239T",0.121280065199252
"S",239,"V","S239V",0.281141707373281
"S",239,"W","S239W",0.0845083368581416
"S",239,"Y","S239Y",0.198124858880281
"V",240,"A","V240A",0.138203338883771
"V",240,"C","V240C",0.0191267770195816
"V",240,"D","V240D",-0.326148349257149
"V",240,"E","V240E",0.263840988255482
"V",240,"F","V240F",0.0734334066494911
"V",240,"G","V240G",0.0588151600473511
"V",240,"H","V240H",-0.381305130744199
"V",240,"I","V240I",-0.126495588592119
"V",240,"K","V240K",-0.051056262872279
"V",240,"L","V240L",0.0356315215125408
"V",240,"M","V240M",0.146884085124761
"V",240,"N","V240N",0.0641773657688912
"V",240,"P","V240P",0.0190034738840611
"V",240,"Q","V240Q",-0.1569241004865
"V",240,"R","V240R",0.0644458940985212
"V",240,"S","V240S",0.194037948453891
"V",240,"T","V240T",0.00149117958028149
"V",240,"W","V240W",-0.0820046008868397
"V",240,"Y","V240Y",0.0448428935604618
"F",241,"A","F241A",-0.101071778718609
"F",241,"C","F241C",-0.253369278927748
"F",241,"D","F241D",-0.216835176557059
"F",241,"E","F241E",-0.227326858622159
"F",241,"G","F241G",-0.205416983629379
"F",241,"H","F241H",0.049755593525452
"F",241,"I","F241I",0.132714332184422
"F",241,"K","F241K",-0.354092800008649
"F",241,"L","F241L",0.242853241946161
"F",241,"M","F241M",0.293154540194031
"F",241,"N","F241N",-0.0646437955091685
"F",241,"P","F241P",-0.0216753685896385
"F",241,"Q","F241Q",0.189185232886211
"F",241,"R","F241R",0.104215023136762
"F",241,"S","F241S",-0.0501939685300285
"F",241,"T","F241T",0.278627927152782
"F",241,"V","F241V",0.220435858954701
"F",241,"W","F241W",0.161487895707522
"F",241,"Y","F241Y",-0.177803636595609
"L",242,"F","L242F",0
"F",243,"A","F243A",-0.0392038641083039
"F",243,"C","F243C",-0.00772666359628289
"F",243,"D","F243D",0.0245229342130461
"F",243,"E","F243E",0.0334113483537268
"F",243,"H","F243H",-0.0456084455696839
"F",243,"I","F243I",-0.134483332788554
"F",243,"K","F243K",-0.250419547228964
"F",243,"L","F243L",0.00818601299099651
"F",243,"M","F243M",0.150152424668855
"F",243,"N","F243N",-0.0565203865438739
"F",243,"P","F243P",0.0623059323253261
"F",243,"Q","F243Q",-0.0146164869428249
"F",243,"R","F243R",-0.139197301294365
"F",243,"S","F243S",-0.0275694002343939
"F",243,"T","F243T",-0.0911233431257139
"F",243,"V","F243V",0.0129652407728158
"F",243,"W","F243W",0.296628928360546
"F",243,"Y","F243Y",0.218295949747647
"P",244,"A","P244A",-0.0192653575559939
"P",244,"C","P244C",0.215049386226905
"P",244,"D","P244D",-0.0383708322585135
"P",244,"E","P244E",0.0220946036947562
"P",244,"F","P244F",0.0412576206833363
"P",244,"G","P244G",-0.111367828268454
"P",244,"H","P244H",0.143583172301246
"P",244,"I","P244I",0.0687571980449568
"P",244,"K","P244K",0.0398897014798859
"P",244,"L","P244L",-0.145920281567934
"P",244,"M","P244M",0.0639850888568671
"P",244,"N","P244N",-0.0105597324652636
"P",244,"Q","P244Q",0.116762485463886
"P",244,"R","P244R",0.0683976560144159
"P",244,"S","P244S",-0.054553439522674
"P",244,"T","P244T",-0.085884359926004
"P",244,"V","P244V",-0.0502199218613629
"P",244,"W","P244W",-0.00181936812851399
"P",244,"Y","P244Y",-0.261815791211543
"P",245,"A","P245A",0.0878596572351967
"P",245,"C","P245C",-0.110541228879953
"P",245,"D","P245D",-0.0911352806250829
"P",245,"E","P245E",0.0757514656042367
"P",245,"F","P245F",0.00189848048318698
"P",245,"G","P245G",0.146139985066867
"P",245,"H","P245H",-0.0939556519196733
"P",245,"I","P245I",-0.376829940875833
"P",245,"K","P245K",0.0496879918123259
"P",245,"L","P245L",0.0779916492283067
"P",245,"M","P245M",-0.064828908433544
"P",245,"N","P245N",-0.122071378218603
"P",245,"Q","P245Q",-0.0699882762524437
"P",245,"S","P245S",0.187888885151137
"P",245,"T","P245T",0.114840109431977
"P",245,"V","P245V",0.0138563446413869
"P",245,"W","P245W",-0.089785660130903
"P",245,"Y","P245Y",0.263221756681417
"K",246,"A","K246A",-0.258079011001774
"K",246,"C","K246C",-0.211360785854224
"K",246,"D","K246D",0.0239109061176662
"K",246,"E","K246E",0.111166565467206
"K",246,"F","K246F",-0.0634009061000737
"K",246,"G","K246G",-2.67468866440822e-05
"K",246,"H","K246H",-0.0209642483410439
"K",246,"I","K246I",-0.044755180420684
"K",246,"L","K246L",0.00457690895027612
"K",246,"M","K246M",0.0908796460308264
"K",246,"N","K246N",0.111772121335276
"K",246,"P","K246P",0.188190231839916
"K",246,"Q","K246Q",0.154177745464866
"K",246,"R","K246R",0.0163618779818062
"K",246,"S","K246S",0.0314680124814064
"K",246,"T","K246T",-0.240802950004704
"K",246,"V","K246V",-0.00968630026979328
"K",246,"W","K246W",0.171364386199307
"K",246,"Y","K246Y",-0.0547922729896139
"P",247,"A","P247A",0.0900872808137516
"P",247,"C","P247C",0.223611897653582
"P",247,"D","P247D",-0.104629885017158
"P",247,"E","P247E",0.0723685536980122
"P",247,"F","P247F",0.0629101441038222
"P",247,"G","P247G",0.201683676717372
"P",247,"H","P247H",0.0625196718351722
"P",247,"K","P247K",0.163393122383632
"P",247,"L","P247L",-0.188715070412918
"P",247,"M","P247M",-0.198987979877068
"P",247,"N","P247N",-0.123938768202589
"P",247,"Q","P247Q",-0.106159762892208
"P",247,"R","P247R",0.0814733457685832
"P",247,"S","P247S",0.167817329278132
"P",247,"T","P247T",-0.0943954664182978
"P",247,"V","P247V",-0.481522903155247
"P",247,"W","P247W",-0.0537070108941778
"P",247,"Y","P247Y",0.226191824617602
"K",248,"A","K248A",-0.00832324041067051
"K",248,"C","K248C",0.0359535462549998
"K",248,"D","K248D",0.0159649174396395
"K",248,"E","K248E",-0.127469138646111
"K",248,"F","K248F",0.153094796717669
"K",248,"G","K248G",0.14335662992787
"K",248,"H","K248H",-0.0426714675816402
"K",248,"I","K248I",0.0140150712906888
"K",248,"L","K248L",-0.343165662189671
"K",248,"M","K248M",-0.224958519613152
"K",248,"N","K248N",0.0294978601805787
"K",248,"P","K248P",0.0633923163910198
"K",248,"Q","K248Q",-0.0516421621005409
"K",248,"R","K248R",0.0947778754180695
"K",248,"S","K248S",0.14209894094269
"K",248,"T","K248T",-0.0720934877625006
"K",248,"V","K248V",0.0719915115216792
"K",248,"W","K248W",0.03366665090182
"K",248,"Y","K248Y",0.0725135613175596
"D",249,"A","D249A",0.00998472023935818
"D",249,"C","D249C",0.042495058309088
"D",249,"E","D249E",0.0631337190925688
"D",249,"F","D249F",0.0463391092816981
"D",249,"G","D249G",-0.0909559965365023
"D",249,"H","D249H",-0.0148333999532725
"D",249,"I","D249I",0.281984941061388
"D",249,"K","D249K",0.0525335000285284
"D",249,"L","D249L",0.145856862355408
"D",249,"M","D249M",0.0782813956100178
"D",249,"N","D249N",-0.185594123817832
"D",249,"P","D249P",-0.103662400920282
"D",249,"Q","D249Q",-0.202579658555152
"D",249,"R","D249R",-0.00610538304705162
"D",249,"S","D249S",-0.109064812485153
"D",249,"T","D249T",0.0480785182480573
"D",249,"V","D249V",0.147561416859208
"D",249,"W","D249W",-0.0540096590973621
"D",249,"Y","D249Y",-0.149443806672712
"T",250,"A","T250A",0.039236134946529
"T",250,"C","T250C",0.0234400087210393
"T",250,"D","T250D",-0.0157664673883206
"T",250,"E","T250E",0.0355345972222793
"T",250,"F","T250F",-0.14762987270783
"T",250,"G","T250G",0.021513468095589
"T",250,"I","T250I",0.08633955269061
"T",250,"K","T250K",-0.0587555461546505
"T",250,"L","T250L",0.0192864953118197
"T",250,"M","T250M",-0.0334803825628004
"T",250,"N","T250N",-0.0427606238977805
"T",250,"P","T250P",0.0459132887965992
"T",250,"Q","T250Q",0.0245682548046493
"T",250,"R","T250R",-0.00195934051834044
"T",250,"S","T250S",0.0937669951026093
"T",250,"V","T250V",0.0927775993062699
"T",250,"W","T250W",-0.0156078932214707
"T",250,"Y","T250Y",-0.1664162685468
"L",251,"A","L251A",-0.0802453478808068
"L",251,"C","L251C",0.0481483433187035
"L",251,"D","L251D",-0.246153271458527
"L",251,"E","L251E",0.00888301499917337
"L",251,"F","L251F",-0.038910862349927
"L",251,"G","L251G",-0.0117919326564264
"L",251,"H","L251H",0.195417667313402
"L",251,"I","L251I",0.0528381035387637
"L",251,"K","L251K",-0.100335018437957
"L",251,"M","L251M",-0.00196903798281683
"L",251,"N","L251N",0.0863570965624127
"L",251,"P","L251P",0.0287748793820927
"L",251,"Q","L251Q",-0.0382350801416269
"L",251,"R","L251R",0.286914147877563
"L",251,"S","L251S",0.00838297040925257
"L",251,"T","L251T",-0.000419827803076728
"L",251,"V","L251V",-0.00137576322203703
"L",251,"W","L251W",-0.0488093884326766
"L",251,"Y","L251Y",-0.147470693035486
"M",252,"A","M252A",0.120358099478278
"M",252,"C","M252C",-0.110497470099591
"M",252,"D","M252D",0.0518486247409301
"M",252,"E","M252E",0.00277072532171849
"M",252,"F","M252F",0.117495799428639
"M",252,"G","M252G",0.0200790507384395
"M",252,"H","M252H",-0.03558403295497
"M",252,"I","M252I",0.114903644908999
"M",252,"K","M252K",0.00759055435514919
"M",252,"L","M252L",0.246113234032189
"M",252,"N","M252N",-0.0198387321764702
"M",252,"P","M252P",-0.0605508191121503
"M",252,"Q","M252Q",0.0624749606982492
"M",252,"R","M252R",-0.0464193317492706
"M",252,"S","M252S",-0.0622563417023102
"M",252,"T","M252T",-0.1133465351675
"M",252,"V","M252V",-0.10909970684274
"M",252,"W","M252W",-0.0503345917172005
"M",252,"Y","M252Y",-0.135707132180391
"I",253,"A","I253A",0.0671811397435767
"I",253,"C","I253C",0.189568989887116
"I",253,"D","I253D",-0.0529863601277439
"I",253,"E","I253E",0.0514951415374257
"I",253,"F","I253F",0.119001818721866
"I",253,"G","I253G",0.018613041768566
"I",253,"H","I253H",-0.00815486274863327
"I",253,"K","I253K",-0.0337803561401829
"I",253,"L","I253L",0.0564894664828163
"I",253,"M","I253M",-0.0596224326081837
"I",253,"N","I253N",0.00353981220334667
"I",253,"P","I253P",-0.342935341496895
"I",253,"Q","I253Q",-0.0116279471009332
"I",253,"R","I253R",0.0831213954794755
"I",253,"S","I253S",-0.0549326546663537
"I",253,"T","I253T",-0.0269229324124837
"I",253,"V","I253V",-0.0701266909186741
"I",253,"W","I253W",-0.0308157301773134
"I",253,"Y","I253Y",0.102894502573207
"S",254,"A","S254A",0.0478657268478375
"S",254,"C","S254C",0.0647740400417179
"S",254,"D","S254D",-0.029812228499382
"S",254,"E","S254E",0.101858318563328
"S",254,"F","S254F",0.219632709130998
"S",254,"G","S254G",0.023674102731128
"S",254,"H","S254H",-0.098285156236732
"S",254,"I","S254I",-0.294383686421232
"S",254,"K","S254K",-0.0737011396664926
"S",254,"L","S254L",0.0171200932409581
"S",254,"M","S254M",-0.0927701733496023
"S",254,"N","S254N",0.445868760951678
"S",254,"P","S254P",0.0875141862680179
"S",254,"Q","S254Q",-0.0334747754657523
"S",254,"R","S254R",-0.179444556599062
"S",254,"T","S254T",-0.107134230909051
"S",254,"V","S254V",-0.0525316618309921
"S",254,"W","S254W",-0.126167192793142
"S",254,"Y","S254Y",0.0793968639957779
"R",255,"A","R255A",-0.086558671023082
"R",255,"C","R255C",-0.0400950187549925
"R",255,"D","R255D",-0.0296267030868623
"R",255,"E","R255E",0.0752084373297673
"R",255,"F","R255F",-0.0479151614042828
"R",255,"G","R255G",-0.015187655209583
"R",255,"H","R255H",-0.197428068414203
"R",255,"I","R255I",0.0241084563419968
"R",255,"K","R255K",-0.00917236966563218
"R",255,"L","R255L",0.0356223917132171
"R",255,"M","R255M",-0.129437513543402
"R",255,"N","R255N",0.0120046064312073
"R",255,"P","R255P",0.105913795098117
"R",255,"Q","R255Q",0.117502107179657
"R",255,"S","R255S",-0.0113530616002521
"R",255,"T","R255T",-0.084720048395773
"R",255,"V","R255V",-0.0591088115255832
"R",255,"W","R255W",0.0771050771889173
"R",255,"Y","R255Y",0.263138211340767
"T",256,"A","T256A",0.250956916559899
"T",256,"C","T256C",-0.0532563746675708
"T",256,"D","T256D",-0.0480967982565213
"T",256,"E","T256E",0.0511960929922185
"T",256,"F","T256F",-0.0584018240107412
"T",256,"G","T256G",0.160361069918289
"T",256,"H","T256H",0.0956562264341684
"T",256,"I","T256I",-0.0658006939801508
"T",256,"K","T256K",-0.0833949494419301
"T",256,"L","T256L",-0.163323350996531
"T",256,"M","T256M",0.182466404086309
"T",256,"N","T256N",-0.0438629117875811
"T",256,"P","T256P",0.0649746405975888
"T",256,"Q","T256Q",-0.0434054392836608
"T",256,"R","T256R",-0.132627681403151
"T",256,"S","T256S",0.0353919759907592
"T",256,"V","T256V",-0.209844323988231
"T",256,"W","T256W",0.133453249020289
"T",256,"Y","T256Y",-0.0724422277834511
"P",257,"A","P257A",0.15262291025276
"P",257,"C","P257C",-0.0220960710775198
"P",257,"D","P257D",-0.21639786193914
"P",257,"E","P257E",0.11568888328001
"P",257,"F","P257F",0.159704601750999
"P",257,"G","P257G",0.29829382581746
"P",257,"H","P257H",0.0818162583870694
"P",257,"I","P257I",0.21050339451204
"P",257,"K","P257K",-0.17272142994306
"P",257,"L","P257L",0.23661493871227
"P",257,"M","P257M",-0.14662295149909
"P",257,"N","P257N",0.27958326819496
"P",257,"Q","P257Q",-0.108509917396619
"P",257,"R","P257R",0.140968376721501
"P",257,"S","P257S",0.0304511566423398
"P",257,"T","P257T",-0.28501920751829
"P",257,"V","P257V",0.0618118574839595
"P",257,"W","P257W",-0.32631581041974
"P",257,"Y","P257Y",-0.49037622196191
"E",258,"A","E258A",0.144812198278814
"E",258,"C","E258C",0.0658745487133641
"E",258,"D","E258D",0.111200064667924
"E",258,"F","E258F",-0.0276099348996355
"E",258,"G","E258G",-0.119928806448016
"E",258,"H","E258H",-0.0920252575486658
"E",258,"I","E258I",0.0455345127983438
"E",258,"K","E258K",-0.180053486188316
"E",258,"L","E258L",-0.115341657628056
"E",258,"M","E258M",0.230843994134754
"E",258,"N","E258N",-0.147652073915286
"E",258,"P","E258P",-0.0944416113852158
"E",258,"Q","E258Q",-0.121557889078306
"E",258,"R","E258R",0.103816763261725
"E",258,"S","E258S",0.0801786353859835
"E",258,"T","E258T",0.0436712623178948
"E",258,"V","E258V",0.147137245429274
"E",258,"W","E258W",-0.0466745300783455
"E",258,"Y","E258Y",-0.0277839778182361
"V",259,"A","V259A",0.155113257467612
"V",259,"C","V259C",-0.0759221818009286
"V",259,"D","V259D",0.17179559960926
"V",259,"E","V259E",0.355546333446892
"V",259,"F","V259F",-0.00577947227651837
"V",259,"G","V259G",0.110497407303002
"V",259,"H","V259H",-0.123941743120248
"V",259,"I","V259I",0.0808655692244308
"V",259,"K","V259K",-0.0229086262929391
"V",259,"L","V259L",0.0381072875689007
"V",259,"M","V259M",-0.0895913672822176
"V",259,"N","V259N",0.170830959004712
"V",259,"P","V259P",-0.167258005335979
"V",259,"Q","V259Q",-0.141945982064269
"V",259,"R","V259R",-0.00338717310070857
"V",259,"S","V259S",-0.0392593965935785
"V",259,"T","V259T",-0.0405985883470287
"V",259,"W","V259W",-0.0168348146124787
"V",259,"Y","V259Y",-0.355329062797919
"T",260,"A","T260A",0.114297961301364
"T",260,"C","T260C",-0.119935300743036
"T",260,"D","T260D",0.0525681490722843
"T",260,"E","T260E",0.0847147897962443
"T",260,"F","T260F",0.0160771805950236
"T",260,"G","T260G",-0.104787380568886
"T",260,"H","T260H",0.116012107529694
"T",260,"I","T260I",0.0669301360439143
"T",260,"K","T260K",-0.121641577473266
"T",260,"L","T260L",0.124333699134674
"T",260,"M","T260M",-0.0373821044850455
"T",260,"N","T260N",-0.0236733246777056
"T",260,"P","T260P",-0.0975638474636761
"T",260,"Q","T260Q",0.181904329091034
"T",260,"R","T260R",0.0815691903438143
"T",260,"S","T260S",0.0501289744143043
"T",260,"V","T260V",-0.135360271191086
"T",260,"W","T260W",-0.381481300168236
"T",260,"Y","T260Y",0.133288589448584
"C",261,"A","C261A",0.263844697330183
"C",261,"D","C261D",0.0583134759317123
"C",261,"E","C261E",-0.0464722107501774
"C",261,"F","C261F",0.00131734952006252
"C",261,"G","C261G",0.0683526757637325
"C",261,"H","C261H",0.357851328409904
"C",261,"I","C261I",0.150729277954693
"C",261,"K","C261K",-0.151206633671167
"C",261,"M","C261M",0.155779669690583
"C",261,"N","C261N",-0.0351541815631671
"C",261,"P","C261P",-0.163896637841057
"C",261,"Q","C261Q",-0.151929761337628
"C",261,"R","C261R",-0.296856325309537
"C",261,"S","C261S",0.134381195339533
"C",261,"T","C261T",0.061391736688273
"C",261,"V","C261V",0.180060703855343
"C",261,"W","C261W",0.0461145888795129
"C",261,"Y","C261Y",-0.632620948890796
"V",262,"A","V262A",0.0526607195562103
"V",262,"C","V262C",-0.0484760762696299
"V",262,"D","V262D",0.096900733354311
"V",262,"E","V262E",0.0990975172013211
"V",262,"F","V262F",-0.0299446719363597
"V",262,"G","V262G",-0.164400757833629
"V",262,"H","V262H",0.0555854073800501
"V",262,"I","V262I",0.12346542245048
"V",262,"K","V262K",-0.183319361619639
"V",262,"L","V262L",0.236877354764311
"V",262,"M","V262M",-0.0230156433965496
"V",262,"N","V262N",0.10605283661932
"V",262,"P","V262P",-0.202865137829639
"V",262,"Q","V262Q",-0.177597884389229
"V",262,"R","V262R",0.0742330616632702
"V",262,"S","V262S",-0.0136364928703394
"V",262,"T","V262T",0.112824174810521
"V",262,"W","V262W",-0.0642263895746791
"V",262,"Y","V262Y",-0.0502148120800998
"V",263,"A","V263A",0.279218687897998
"V",263,"C","V263C",0.371474022128048
"V",263,"D","V263D",-0.0858739862965621
"V",263,"E","V263E",-0.181139787903702
"V",263,"F","V263F",-0.0869249322963931
"V",263,"G","V263G",0.0021662393801179
"V",263,"H","V263H",0.0313747762853179
"V",263,"I","V263I",0.262439504133968
"V",263,"K","V263K",-0.480577306604902
"V",263,"L","V263L",-0.0355857059746321
"V",263,"M","V263M",-0.302931268820442
"V",263,"N","V263N",-0.184661651550112
"V",263,"P","V263P",0.0845885110661087
"V",263,"Q","V263Q",-0.0272942250420921
"V",263,"R","V263R",-0.0151912289338821
"V",263,"S","V263S",0.131606374741997
"V",263,"T","V263T",0.0843024524022278
"V",263,"W","V263W",-0.132702327718381
"V",263,"Y","V263Y",0.285711853105318
"V",264,"A","V264A",-0.0674306832050505
"V",264,"C","V264C",0.328649915529658
"V",264,"D","V264D",0.277322986085809
"V",264,"E","V264E",-0.218502380591141
"V",264,"F","V264F",0.271974851895768
"V",264,"G","V264G",-0.227622133222461
"V",264,"H","V264H",-0.0678306396645315
"V",264,"I","V264I",0.258072510925379
"V",264,"K","V264K",0.0331703437269175
"V",264,"L","V264L",0.0842706291807275
"V",264,"M","V264M",-0.0739906085006015
"V",264,"N","V264N",-0.171744684365201
"V",264,"P","V264P",0.107832932202088
"V",264,"Q","V264Q",0.0258691057057185
"V",264,"R","V264R",-0.29026695109775
"V",264,"S","V264S",0.0186327765938875
"V",264,"T","V264T",-0.550260464317652
"V",264,"W","V264W",0.235493814801608
"V",264,"Y","V264Y",0.0263586783168285
"D",265,"A","D265A",0.0720688679536401
"D",265,"C","D265C",-0.0155465137892498
"D",265,"E","D265E",-0.0197072298565698
"D",265,"F","D265F",-0.0395761003785198
"D",265,"G","D265G",0.0374440996058302
"D",265,"H","D265H",0.226308797846469
"D",265,"I","D265I",0.0540547387405302
"D",265,"K","D265K",0.22596996138234
"D",265,"L","D265L",0.21317030811369
"D",265,"M","D265M",0.0358271717429692
"D",265,"N","D265N",-0.50887350982116
"D",265,"P","D265P",0.1415697947011
"D",265,"Q","D265Q",-0.19662983232901
"D",265,"R","D265R",-0.59032140994825
"D",265,"S","D265S",0.19283740296707
"D",265,"T","D265T",0.0739003630045792
"D",265,"V","D265V",-0.18048394146577
"D",265,"W","D265W",0.18869257430854
"D",265,"Y","D265Y",0.0892944572217702
"V",266,"A","V266A",0.315125029502014
"V",266,"C","V266C",-0.200501360239077
"V",266,"D","V266D",-0.294759183223227
"V",266,"E","V266E",0.0226693534552724
"V",266,"F","V266F",-0.323191122971947
"V",266,"G","V266G",0.218759809003384
"V",266,"H","V266H",0.0837275740098834
"V",266,"I","V266I",0.191841989104953
"V",266,"K","V266K",-0.169561495491108
"V",266,"L","V266L",0.0958456646025034
"V",266,"M","V266M",-0.565999328655017
"V",266,"N","V266N",0.237304314160214
"V",266,"P","V266P",0.230921541900343
"V",266,"Q","V266Q",-0.0984594681321765
"V",266,"R","V266R",0.132945333523042
"V",266,"S","V266S",0.295906468640883
"V",266,"W","V266W",-0.00963193409076657
"V",266,"Y","V266Y",-0.162943185099177
"S",267,"A","S267A",-0.0596467569896268
"S",267,"C","S267C",0.101815395552063
"S",267,"D","S267D",-0.0607253550098069
"S",267,"E","S267E",-1.24512224760793
"S",267,"F","S267F",0.0363195251876431
"S",267,"G","S267G",-0.165184018759167
"S",267,"H","S267H",0.851167425544273
"S",267,"I","S267I",-0.768674737499827
"S",267,"K","S267K",0.370500396975262
"S",267,"L","S267L",0.238595445113553
"S",267,"M","S267M",-0.543945236601237
"S",267,"N","S267N",0.785609017765634
"S",267,"P","S267P",0.138927105023883
"S",267,"Q","S267Q",-0.269467590172796
"S",267,"R","S267R",0.0449503021865621
"S",267,"T","S267T",0.281684476312843
"S",267,"V","S267V",-0.402176958942407
"S",267,"W","S267W",0.348664433825754
"S",267,"Y","S267Y",0.316709378095323
"H",268,"A","H268A",-0.0472902863987774
"H",268,"C","H268C",0.0176982952884826
"H",268,"D","H268D",-0.177485216851537
"H",268,"E","H268E",-0.0150401935666674
"H",268,"F","H268F",0.717053655814223
"H",268,"G","H268G",-0.346321292218977
"H",268,"I","H268I",0.0998267475000222
"H",268,"K","H268K",0.0782280568134928
"H",268,"L","H268L",0.0625902610583823
"H",268,"M","H268M",0.0121729312989827
"H",268,"N","H268N",-0.293893987458816
"H",268,"P","H268P",-0.237697790826867
"H",268,"Q","H268Q",-0.0580044017649174
"H",268,"R","H268R",-0.0932625157164073
"H",268,"S","H268S",0.207566449199613
"H",268,"T","H268T",-0.0103646924238573
"H",268,"V","H268V",-0.0330922877089873
"H",268,"W","H268W",-0.0936182751743574
"H",268,"Y","H268Y",0.210934543136972
"E",269,"A","E269A",0.236141242970374
"E",269,"C","E269C",-0.365552025197396
"E",269,"D","E269D",0.103483763846575
"E",269,"F","E269F",0.0152521726607542
"E",269,"G","E269G",-0.148275632770556
"E",269,"H","E269H",0.220616373723344
"E",269,"I","E269I",0.425218516135174
"E",269,"K","E269K",-0.482594483932066
"E",269,"L","E269L",-0.120474294218716
"E",269,"M","E269M",0.0344152518797942
"E",269,"N","E269N",0.164140383122505
"E",269,"P","E269P",0.239549939248184
"E",269,"Q","E269Q",-0.0630826027838158
"E",269,"R","E269R",-0.296656735078126
"E",269,"S","E269S",-0.141895529270486
"E",269,"T","E269T",0.220616373723344
"E",269,"V","E269V",-0.250267594036346
"E",269,"W","E269W",0.177318951831134
"E",269,"Y","E269Y",0.0320459281463242
"D",270,"A","D270A",-0.0590478595692636
"D",270,"C","D270C",0.938227944963106
"D",270,"E","D270E",0.349917123623146
"D",270,"F","D270F",0.0831960758176561
"D",270,"G","D270G",0.0141444420695568
"D",270,"H","D270H",-0.0582583497502136
"D",270,"I","D270I",-0.230933208966024
"D",270,"K","D270K",-0.366499811258093
"D",270,"L","D270L",0.039659004332697
"D",270,"M","D270M",0.235810273301116
"D",270,"N","D270N",-0.417954640994364
"D",270,"P","D270P",0.104226299303586
"D",270,"Q","D270Q",0.0433629497273368
"D",270,"R","D270R",-0.256427552454174
"D",270,"S","D270S",0.151675505363725
"D",270,"T","D270T",-0.0951725954088736
"D",270,"V","D270V",-0.374799727770955
"D",270,"W","D270W",-0.0435671850167242
"D",270,"Y","D270Y",-0.0575586873132436
"P",271,"A","P271A",0.0561652782115258
"P",271,"C","P271C",-0.0327495543450036
"P",271,"D","P271D",-0.305109831993114
"P",271,"E","P271E",-0.0334111082288838
"P",271,"F","P271F",0.0449781624893761
"P",271,"G","P271G",-0.429006856365624
"P",271,"H","P271H",0.0555075315217266
"P",271,"I","P271I",0.198317202282196
"P",271,"K","P271K",-0.00640299707431426
"P",271,"L","P271L",0.0842538903471767
"P",271,"M","P271M",0.193392911517826
"P",271,"N","P271N",-0.0344018492368035
"P",271,"Q","P271Q",-0.122000869520594
"P",271,"R","P271R",-0.000894813678604257
"P",271,"S","P271S",-0.00229145049255396
"P",271,"T","P271T",-0.125069913830524
"P",271,"V","P271V",0.050282468060816
"P",271,"W","P271W",0.176119817793567
"P",271,"Y","P271Y",0.232321982541806
"E",272,"A","E272A",-0.318950751800298
"E",272,"C","E272C",0.0437759645237528
"E",272,"D","E272D",0.222502771985293
"E",272,"F","E272F",0.301897797292483
"E",272,"G","E272G",0.0556833601390434
"E",272,"I","E272I",0.0777286581689634
"E",272,"K","E272K",-0.266556407594887
"E",272,"L","E272L",0.0213119748688639
"E",272,"M","E272M",-0.0746500927099365
"E",272,"N","E272N",0.312439403029943
"E",272,"P","E272P",-0.311346254826577
"E",272,"Q","E272Q",-0.0924586443589071
"E",272,"R","E272R",-0.251780303798687
"E",272,"S","E272S",-0.0968353371346866
"E",272,"T","E272T",-0.170050692865017
"E",272,"V","E272V",0.161065746186683
"E",272,"W","E272W",0.114905075209843
"E",272,"Y","E272Y",0.271317733684123
"V",273,"A","V273A",0.313239122755608
"V",273,"C","V273C",-0.0383785554929222
"V",273,"D","V273D",-0.236478880142201
"V",273,"E","V273E",-0.273192180488992
"V",273,"F","V273F",0.126422176358968
"V",273,"G","V273G",-0.182934581838261
"V",273,"H","V273H",0.0506205964683378
"V",273,"I","V273I",-0.121425076042902
"V",273,"K","V273K",0.597666958741478
"V",273,"L","V273L",-0.0278288380454932
"V",273,"M","V273M",-0.239851450984622
"V",273,"N","V273N",-0.331669358699532
"V",273,"P","V273P",0.0767034239488678
"V",273,"Q","V273Q",0.542302662630818
"V",273,"R","V273R",0.240314463493778
"V",273,"S","V273S",-0.180570141051841
"V",273,"T","V273T",-0.162069343214242
"V",273,"W","V273W",0.345730574666577
"V",273,"Y","V273Y",-0.498601573063422
"K",274,"A","K274A",0.120883866638858
"K",274,"C","K274C",-0.162436232174482
"K",274,"D","K274D",0.281646870145018
"K",274,"E","K274E",0.0619614771463877
"K",274,"F","K274F",-0.0512661623061016
"K",274,"G","K274G",0.0435108871184477
"K",274,"H","K274H",-0.128620277245593
"K",274,"I","K274I",-0.0776287897381828
"K",274,"L","K274L",-0.143174384225612
"K",274,"M","K274M",-0.108047153141602
"K",274,"N","K274N",-0.151529369556573
"K",274,"P","K274P",0.0339947343503777
"K",274,"Q","K274Q",0.00477633278418774
"K",274,"R","K274R",-0.107287410191052
"K",274,"S","K274S",-0.013341189672652
"K",274,"T","K274T",0.299236023432938
"K",274,"V","K274V",0.00190429693492823
"K",274,"W","K274W",0.159024941459749
"K",274,"Y","K274Y",-0.0636084617590417
"F",275,"A","F275A",0.0554072171492767
"F",275,"C","F275C",-0.249131026476783
"F",275,"D","F275D",0.122377016048297
"F",275,"E","F275E",0.106408989570407
"F",275,"G","F275G",-0.0448512116317626
"F",275,"H","F275H",0.283068891789267
"F",275,"I","F275I",0.0160921887204963
"F",275,"K","F275K",0.161073556083077
"F",275,"L","F275L",0.0479018731889169
"F",275,"M","F275M",-0.0773093835579331
"F",275,"N","F275N",0.0338275533117869
"F",275,"P","F275P",-0.433405030009343
"F",275,"Q","F275Q",0.268128602234316
"F",275,"R","F275R",-0.394398314333233
"F",275,"S","F275S",0.0294639522324373
"F",275,"T","F275T",0.0570643261109669
"F",275,"V","F275V",-0.0893289127316231
"F",275,"W","F275W",0.178695176338077
"F",275,"Y","F275Y",-0.0710854640366431
"N",276,"A","N276A",-0.115069105869166
"N",276,"C","N276C",0.0655664101951045
"N",276,"D","N276D",0.0279520965060347
"N",276,"E","N276E",0.0858299565921743
"N",276,"F","N276F",0.0643177589476544
"N",276,"G","N276G",-0.0965654096407458
"N",276,"H","N276H",-0.123580349764056
"N",276,"I","N276I",0.0247977841723936
"N",276,"K","N276K",0.00728153760943368
"N",276,"L","N276L",0.0272974478150449
"N",276,"M","N276M",-0.112097955547546
"N",276,"P","N276P",-0.00352992228473564
"N",276,"Q","N276Q",-0.00296550406565514
"N",276,"R","N276R",-0.106574758085696
"N",276,"S","N276S",0.0485823635342144
"N",276,"T","N276T",-0.0801776466040356
"N",276,"V","N276V",-0.0140796880512064
"N",276,"W","N276W",0.319905324767754
"N",276,"Y","N276Y",-0.0168903402269662
"W",277,"A","W277A",0.173504476551938
"W",277,"C","W277C",0.062007132966338
"W",277,"D","W277D",0.294171423056717
"W",277,"E","W277E",-0.196412817756642
"W",277,"F","W277F",-0.0319285499104421
"W",277,"G","W277G",0.448609555986258
"W",277,"H","W277H",-0.0331242838939721
"W",277,"I","W277I",-0.110510703233302
"W",277,"K","W277K",-0.131070391343752
"W",277,"L","W277L",-0.282108255305482
"W",277,"M","W277M",0.0720285526073178
"W",277,"N","W277N",-0.0743764051837421
"W",277,"P","W277P",-0.100844615664322
"W",277,"Q","W277Q",-0.100212783349752
"W",277,"R","W277R",0.0729684366823379
"W",277,"S","W277S",0.165378743097668
"W",277,"T","W277T",-0.136547259120142
"W",277,"V","W277V",-0.0477432734264421
"W",277,"Y","W277Y",-0.0437889827605821
"Y",278,"A","Y278A",0.0276988831841608
"Y",278,"C","Y278C",0.000948932799330789
"Y",278,"D","Y278D",-0.255497646499739
"Y",278,"E","Y278E",-0.041331134566979
"Y",278,"F","Y278F",0.100481604074361
"Y",278,"G","Y278G",0.119306554286451
"Y",278,"H","Y278H",0.168142457303061
"Y",278,"I","Y278I",-0.152976205508928
"Y",278,"K","Y278K",-0.101080902290579
"Y",278,"L","Y278L",-0.219346950056349
"Y",278,"M","Y278M",0.0467261824398507
"Y",278,"N","Y278N",0.00586078435082129
"Y",278,"P","Y278P",0.0556248970001011
"Y",278,"Q","Y278Q",0.0457371384657209
"Y",278,"R","Y278R",0.259091568501231
"Y",278,"S","Y278S",-0.0629762107885586
"Y",278,"T","Y278T",-0.0827462969230487
"Y",278,"V","Y278V",-0.0400440173858488
"Y",278,"W","Y278W",0.126380361614941
"V",279,"A","V279A",-0.00152897212731267
"V",279,"C","V279C",0.0491174626445773
"V",279,"D","V279D",-0.0899788258626127
"V",279,"E","V279E",0.0751551445471469
"V",279,"F","V279F",0.129305941852367
"V",279,"G","V279G",0.0293333274480873
"V",279,"H","V279H",0.0358063374503776
"V",279,"I","V279I",0.0667823524251278
"V",279,"K","V279K",0.100020665390187
"V",279,"L","V279L",0.0428895270909472
"V",279,"M","V279M",-0.273338943885313
"V",279,"N","V279N",-0.0855379547851929
"V",279,"P","V279P",0.0495731308230176
"V",279,"Q","V279Q",0.018933223878047
"V",279,"R","V279R",-0.118493392649533
"V",279,"S","V279S",-0.0445899734824329
"V",279,"T","V279T",-0.0953510718607025
"V",279,"W","V279W",-0.000259961642632246
"V",279,"Y","V279Y",0.112161982745847
"D",280,"A","D280A",0.0708368351201575
"D",280,"C","D280C",-0.043381293883113
"D",280,"E","D280E",0.133826908012897
"D",280,"F","D280F",0.0191258373887569
"D",280,"G","D280G",-0.0428998080813429
"D",280,"H","D280H",-0.0121500844591033
"D",280,"I","D280I",-0.0841992444420535
"D",280,"K","D280K",-0.148619581738933
"D",280,"L","D280L",0.0605854951696362
"D",280,"M","D280M",-0.0887275307482026
"D",280,"N","D280N",-0.109000788470753
"D",280,"P","D280P",0.0928893014780471
"D",280,"Q","D280Q",0.0109631375896267
"D",280,"R","D280R",-0.081058908052713
"D",280,"S","D280S",-0.040441719085233
"D",280,"T","D280T",0.0160314029349969
"D",280,"V","D280V",0.174348156299866
"D",280,"W","D280W",0.0465355103546271
"D",280,"Y","D280Y",0.0253363746128366
"G",281,"A","G281A",-0.0379213439772093
"G",281,"C","G281C",0.0792850523115307
"G",281,"D","G281D",0.0980086308908411
"G",281,"E","G281E",-0.094560038933119
"G",281,"F","G281F",0.146573789288952
"G",281,"H","G281H",0.0179737405688707
"G",281,"I","G281I",0.0622171268053613
"G",281,"K","G281K",-0.0270091831781594
"G",281,"L","G281L",-0.232519377828709
"G",281,"M","G281M",0.066821526366371
"G",281,"N","G281N",-0.00593850218483905
"G",281,"P","G281P",-0.310132539924199
"G",281,"Q","G281Q",-0.084110619312609
"G",281,"R","G281R",0.044387807270021
"G",281,"S","G281S",-0.0442917669081088
"G",281,"T","G281T",0.0419885669186311
"G",281,"V","G281V",-0.0170983015367687
"G",281,"W","G281W",0.0542042479909109
"G",281,"Y","G281Y",0.242121185372231
"V",282,"A","V282A",0.00745963113476406
"V",282,"C","V282C",-0.317771356221916
"V",282,"D","V282D",0.0555470430896634
"V",282,"E","V282E",0.091286737227054
"V",282,"F","V282F",0.135914919958143
"V",282,"G","V282G",-0.0962275170207952
"V",282,"H","V282H",-0.0255659721817761
"V",282,"I","V282I",-0.0367942987343264
"V",282,"K","V282K",-0.0817572596234262
"V",282,"L","V282L",-0.00759731988418615
"V",282,"M","V282M",0.060005793803523
"V",282,"N","V282N",-0.0175631513967465
"V",282,"P","V282P",0.0865235360558742
"V",282,"Q","V282Q",0.0625625584018936
"V",282,"R","V282R",0.0898708251308335
"V",282,"S","V282S",-0.00483979610819665
"V",282,"T","V282T",0.102189892612954
"V",282,"W","V282W",-0.106198658723646
"V",282,"Y","V282Y",0.00295439248031406
"E",283,"A","E283A",-0.014854415909294
"E",283,"C","E283C",-0.0403978910006343
"E",283,"D","E283D",-0.00398216580037369
"E",283,"F","E283F",0.0823936863303357
"E",283,"G","E283G",0.0650431854421555
"E",283,"H","E283H",-0.0123141342265939
"E",283,"I","E283I",0.0732248859369754
"E",283,"K","E283K",-0.0458348150189543
"E",283,"L","E283L",-0.226752541926244
"E",283,"M","E283M",0.0625387306113255
"E",283,"N","E283N",0.275786756442967
"E",283,"P","E283P",0.0104168838738555
"E",283,"Q","E283Q",-0.104147012146874
"E",283,"R","E283R",0.0175493690008256
"E",283,"S","E283S",0.104846698212076
"E",283,"T","E283T",-0.0620537217972043
"E",283,"V","E283V",-0.0663353319671143
"E",283,"W","E283W",-0.0789686828731043
"E",283,"Y","E283Y",-0.0361594831841243
"V",284,"A","V284A",0.0477737157346927
"V",284,"C","V284C",0.00381008326102214
"V",284,"D","V284D",0.072397561791782
"V",284,"E","V284E",0.0332165859314224
"V",284,"F","V284F",0.0442741075292221
"V",284,"G","V284G",-0.00267910021223766
"V",284,"H","V284H",-0.151865853408188
"V",284,"I","V284I",0.0860654830753318
"V",284,"K","V284K",-0.0959993500469978
"V",284,"L","V284L",0.0417478723091524
"V",284,"M","V284M",-0.380887362736757
"V",284,"N","V284N",-0.0794427873040279
"V",284,"P","V284P",0.384040222970011
"V",284,"Q","V284Q",-0.109906992965498
"V",284,"R","V284R",-0.0604481867429879
"V",284,"S","V284S",0.0681341465918117
"V",284,"T","V284T",0.124594714920892
"V",284,"W","V284W",-0.120279511784939
"V",284,"Y","V284Y",0.0954546510862922
"H",285,"A","H285A",0.240611199185337
"H",285,"C","H285C",0.123316092138777
"H",285,"D","H285D",0.149603090576107
"H",285,"E","H285E",-0.105653405261113
"H",285,"F","H285F",0.0491350327117868
"H",285,"G","H285G",-0.0282793216775232
"H",285,"I","H285I",-0.0185334377659529
"H",285,"K","H285K",-0.0897133803655725
"H",285,"L","H285L",-0.0254523890800522
"H",285,"M","H285M",0.0222294197325282
"H",285,"N","H285N",0.0167857892111272
"H",285,"P","H285P",0.0270723592951168
"H",285,"Q","H285Q",-0.126595535397884
"H",285,"R","H285R",-0.0424442172930224
"H",285,"S","H285S",0.0472142676827377
"H",285,"T","H285T",-0.0839887760236228
"H",285,"V","H285V",-0.0953966628856216
"H",285,"W","H285W",-0.0183299356098327
"H",285,"Y","H285Y",-0.0415801891733229
"N",286,"A","N286A",-0.123464734344983
"N",286,"C","N286C",-0.0289027223579033
"N",286,"D","N286D",-0.127518661478323
"N",286,"E","N286E",-0.0367784809690632
"N",286,"F","N286F",-0.0937257073450932
"N",286,"G","N286G",-0.0233286420852239
"N",286,"H","N286H",-0.0653830154630035
"N",286,"I","N286I",0.127507740373207
"N",286,"K","N286K",0.240662802369957
"N",286,"L","N286L",-0.0764277332945525
"N",286,"M","N286M",0.0541862549773166
"N",286,"P","N286P",-0.298608231871603
"N",286,"Q","N286Q",-0.0354515978767531
"N",286,"R","N286R",0.173848113953237
"N",286,"S","N286S",0.224743692477197
"N",286,"T","N286T",0.101627854371017
"N",286,"V","N286V",-0.152133116862302
"N",286,"W","N286W",-0.0131745694839132
"N",286,"Y","N286Y",0.152320754910786
"A",287,"C","A287C",-0.153875551119264
"A",287,"D","A287D",0.301720567446307
"A",287,"E","A287E",-0.364833775664073
"A",287,"F","A287F",0.0925192257637466
"A",287,"H","A287H",0.108321942837268
"A",287,"I","A287I",-0.267348312423613
"A",287,"K","A287K",-0.0620195955321723
"A",287,"L","A287L",0.0382991569506768
"A",287,"M","A287M",0.555481633807377
"A",287,"N","A287N",-0.00175800628415333
"A",287,"P","A287P",-0.0218937990757828
"A",287,"Q","A287Q",-0.0786350616915925
"A",287,"R","A287R",-0.0677137210480127
"A",287,"S","A287S",0.0984248912460375
"A",287,"T","A287T",-0.0286856503809929
"A",287,"V","A287V",-0.170221304152813
"A",287,"W","A287W",0.069177150916377
"A",287,"Y","A287Y",-0.0469597915953228
"K",288,"A","K288A",0.160270553809801
"K",288,"C","K288C",-0.157804244114239
"K",288,"D","K288D",-0.117409043553828
"K",288,"E","K288E",0.0253696516905013
"K",288,"F","K288F",0.109402727637142
"K",288,"G","K288G",-0.0490694309047493
"K",288,"H","K288H",0.227123226332141
"K",288,"I","K288I",0.0665203494070515
"K",288,"L","K288L",-0.0921031625787883
"K",288,"M","K288M",0.136835352202092
"K",288,"N","K288N",0.109795109340761
"K",288,"P","K288P",-0.722848001982248
"K",288,"Q","K288Q",0.154842039471371
"K",288,"R","K288R",0.0383185765836418
"K",288,"S","K288S",0.168282547019171
"K",288,"T","K288T",-0.0204597306650782
"K",288,"V","K288V",0.0406542402107413
"K",288,"W","K288W",-0.0462602041296989
"K",288,"Y","K288Y",-0.0314605557757888
"T",289,"A","T289A",-0.0823396596854598
"T",289,"C","T289C",0.0242002220670185
"T",289,"D","T289D",0.0116716108793885
"T",289,"E","T289E",0.165459223497219
"T",289,"F","T289F",0.12312202036504
"T",289,"G","T289G",-0.09653771083553
"T",289,"H","T289H",-0.141881019731241
"T",289,"I","T289I",0.378539781335239
"T",289,"K","T289K",-0.36305686149915
"T",289,"L","T289L",0.0867298923830995
"T",289,"M","T289M",0.18494088090924
"T",289,"N","T289N",-0.26017213171109
"T",289,"P","T289P",0.0909473944919705
"T",289,"Q","T289Q",0.21538408523299
"T",289,"R","T289R",0.0407277440626995
"T",289,"S","T289S",-0.16564016367252
"T",289,"V","T289V",-0.01767852232395
"T",289,"W","T289W",-0.21941472082497
"T",289,"Y","T289Y",0.0249979350600095
"K",290,"A","K290A",0.0170375219648091
"K",290,"C","K290C",0.0850900483847298
"K",290,"D","K290D",-0.0324778695172315
"K",290,"E","K290E",-0.129608470727741
"K",290,"F","K290F",-0.350673563074
"K",290,"G","K290G",-0.0400101682665605
"K",290,"H","K290H",-0.114356455690801
"K",290,"I","K290I",0.0174828600949099
"K",290,"L","K290L",0.152044584474459
"K",290,"M","K290M",0.26470435723258
"K",290,"N","K290N",0.0353389917546695
"K",290,"P","K290P",0.23015861756797
"K",290,"Q","K290Q",0.0790011276423096
"K",290,"R","K290R",-0.0740659472438095
"K",290,"S","K290S",0.0107320618263091
"K",290,"T","K290T",-0.177341106285821
"K",290,"V","K290V",0.15641051004134
"K",290,"W","K290W",-0.0394132474976105
"K",290,"Y","K290Y",-0.0900538526805105
"P",291,"A","P291A",-0.141781891186419
"P",291,"C","P291C",0.164460332011061
"P",291,"D","P291D",0.143506051523272
"P",291,"E","P291E",0.195187618796481
"P",291,"F","P291F",0.187562976049582
"P",291,"G","P291G",-0.194053201093819
"P",291,"H","P291H",-0.363521012021579
"P",291,"I","P291I",-0.116372174329379
"P",291,"K","P291K",0.0219774023149103
"P",291,"L","P291L",0.053889722408711
"P",291,"M","P291M",-0.0923532499515987
"P",291,"N","P291N",0.064346295744481
"P",291,"Q","P291Q",-0.0910930656375793
"P",291,"R","P291R",0.030409887890451
"P",291,"S","P291S",0.0146966704598816
"P",291,"T","P291T",0.0282691527787508
"P",291,"V","P291V",-0.173018697998019
"P",291,"W","P291W",0.047952286623951
"P",291,"Y","P291Y",0.219934895616861
"R",292,"A","R292A",-0.196111433599108
"R",292,"C","R292C",0.0791085758159316
"R",292,"D","R292D",0.0539118996440625
"R",292,"E","R292E",0.0270573916430716
"R",292,"F","R292F",0.136772332890432
"R",292,"G","R292G",-0.0905915185914083
"R",292,"H","R292H",0.127252366333552
"R",292,"I","R292I",0.0312608902474326
"R",292,"K","R292K",0.0219428228199615
"R",292,"L","R292L",0.276634326742332
"R",292,"M","R292M",0.120305879658591
"R",292,"N","R292N",-0.945167093312459
"R",292,"P","R292P",-0.089434249855469
"R",292,"Q","R292Q",0.161306973531832
"R",292,"S","R292S",-0.0387145046130485
"R",292,"T","R292T",0.157544293290702
"R",292,"V","R292V",0.158022877367282
"R",292,"W","R292W",-0.0476648151564085
"R",292,"Y","R292Y",0.0565629851427225
"E",293,"A","E293A",-0.211507156772129
"E",293,"C","E293C",0.0917951985617515
"E",293,"D","E293D",0.192765934204711
"E",293,"F","E293F",0.0434876945517415
"E",293,"G","E293G",0.141072446910811
"E",293,"H","E293H",0.0595542074531308
"E",293,"I","E293I",-0.0829025131603788
"E",293,"K","E293K",0.00238987471909112
"E",293,"L","E293L",-0.0117383841438395
"E",293,"M","E293M",-0.057005518690439
"E",293,"N","E293N",0.0853153258924106
"E",293,"P","E293P",-0.300823561955808
"E",293,"Q","E293Q",-0.0713736680950198
"E",293,"R","E293R",0.00134855864933162
"E",293,"S","E293S",0.0226716550250405
"E",293,"T","E293T",0.141021786582021
"E",293,"V","E293V",0.0480979971724109
"E",293,"W","E293W",-0.0941698769048388
"E",294,"A","E294A",-0.269322372780092
"E",294,"C","E294C",0.133522697642448
"E",294,"D","E294D",0.357133717169938
"E",294,"F","E294F",-0.287510715168123
"E",294,"G","E294G",0.142300175354488
"E",294,"H","E294H",0.120204450594178
"E",294,"I","E294I",-0.203478552063702
"E",294,"K","E294K",-0.519767515366362
"E",294,"L","E294L",-0.268372341915073
"E",294,"M","E294M",-0.0206950507964319
"E",294,"N","E294N",0.248252610765878
"E",294,"P","E294P",0.148784632338278
"E",294,"Q","E294Q",-0.281297170472512
"E",294,"R","E294R",-0.201797991404112
"E",294,"S","E294S",0.629648061349778
"E",294,"T","E294T",0.600417284537037
"E",294,"V","E294V",-0.285576395380642
"E",294,"W","E294W",0.198405420631808
"E",294,"Y","E294Y",-0.240850945036782
"Q",295,"A","Q295A",-0.033342989159378
"Q",295,"C","Q295C",-0.0260409269953581
"Q",295,"D","Q295D",-0.287640277574328
"Q",295,"E","Q295E",0.111070249218403
"Q",295,"F","Q295F",-0.039480638388268
"Q",295,"G","Q295G",-0.443448467299248
"Q",295,"H","Q295H",0.0532105405877421
"Q",295,"I","Q295I",0.0701381669143121
"Q",295,"K","Q295K",0.303827021609852
"Q",295,"L","Q295L",-0.214191782418688
"Q",295,"M","Q295M",0.165333211839201
"Q",295,"N","Q295N",-0.049301610393558
"Q",295,"P","Q295P",0.367692323447282
"Q",295,"R","Q295R",0.170687285460662
"Q",295,"S","Q295S",0.179897301252012
"Q",295,"T","Q295T",0.0350871664996321
"Q",295,"V","Q295V",0.0671326945234131
"Q",295,"W","Q295W",-0.443092298508608
"Q",295,"Y","Q295Y",0.0124630293849221
"Y",296,"A","Y296A",0.0371186127029603
"Y",296,"C","Y296C",-0.08100249214387
"Y",296,"D","Y296D",0.102965762956811
"Y",296,"E","Y296E",0.149035819435291
"Y",296,"F","Y296F",0.0533721533647901
"Y",296,"G","Y296G",0.216572949959791
"Y",296,"H","Y296H",-0.251753288159819
"Y",296,"I","Y296I",0.0592809800688808
"Y",296,"K","Y296K",-0.0417679822511397
"Y",296,"L","Y296L",-0.251688993004179
"Y",296,"M","Y296M",0.0724709394554507
"Y",296,"N","Y296N",0.0662956505082905
"Y",296,"P","Y296P",-0.226477312562329
"Y",296,"Q","Y296Q",0.196258533845701
"Y",296,"R","Y296R",-0.101085959392349
"Y",296,"S","Y296S",0.0307057897532909
"Y",296,"V","Y296V",0.031766464431921
"Y",296,"W","Y296W",-0.0620676289694893
"N",297,"A","N297A",-0.0202817903524589
"N",297,"C","N297C",0.140367870509441
"N",297,"D","N297D",0.025786851724251
"N",297,"E","N297E",0.016290177293401
"N",297,"F","N297F",-0.096916301031149
"N",297,"G","N297G",0.126821082679461
"N",297,"H","N297H",-0.024791622398729
"N",297,"I","N297I",-0.174493406236839
"N",297,"K","N297K",-0.0140713323121389
"N",297,"L","N297L",-0.0183705401796189
"N",297,"M","N297M",0.146338159021091
"N",297,"P","N297P",-0.113286615222049
"N",297,"Q","N297Q",-0.180015025373279
"N",297,"R","N297R",0.239556059620741
"N",297,"S","N297S",-0.115785404368978
"N",297,"V","N297V",0.0783314213396911
"N",297,"W","N297W",-0.104977053069709
"N",297,"Y","N297Y",0.0894974683568711
"S",298,"A","S298A",-0.0157562218085334
"S",298,"C","S298C",-0.279596395308983
"S",298,"D","S298D",-0.0683894685265234
"S",298,"E","S298E",-0.140357978429173
"S",298,"F","S298F",-0.116260458650682
"S",298,"G","S298G",0.00580200176968644
"S",298,"I","S298I",0.0641634582527063
"S",298,"K","S298K",-0.0538793967190044
"S",298,"L","S298L",0.170369251702286
"S",298,"M","S298M",0.0892377057479564
"S",298,"N","S298N",0.00201816848602715
"S",298,"P","S298P",0.0434281646092073
"S",298,"Q","S298Q",0.0619221899173864
"S",298,"R","S298R",-0.213583716849383
"S",298,"T","S298T",0.492742826186987
"S",298,"V","S298V",0.108862470037017
"S",298,"W","S298W",-0.0309640010431234
"S",298,"Y","S298Y",-0.119758599373853
"T",299,"A","T299A",0.241149097908998
"T",299,"C","T299C",0.0245860927707877
"T",299,"E","T299E",-0.289519853497611
"T",299,"F","T299F",0.0364821938048577
"T",299,"G","T299G",0.0138147465408187
"T",299,"H","T299H",-0.132375147019192
"T",299,"I","T299I",0.178927905622699
"T",299,"K","T299K",0.200178470391248
"T",299,"L","T299L",0.00784076849444776
"T",299,"M","T299M",-0.203757313672102
"T",299,"N","T299N",0.0862093845429278
"T",299,"P","T299P",0.0231589748014577
"T",299,"Q","T299Q",-0.268926467906333
"T",299,"R","T299R",0.0610295623825388
"T",299,"S","T299S",-0.0850056343839022
"T",299,"V","T299V",0.125383842853007
"T",299,"W","T299W",-0.0338060926887823
"T",299,"Y","T299Y",0.0146294690541368
"Y",300,"A","Y300A",0.226110702577056
"Y",300,"C","Y300C",-0.0418547171705238
"Y",300,"D","Y300D",-0.327585768962084
"Y",300,"E","Y300E",-0.179372646162864
"Y",300,"F","Y300F",-0.0654554415364342
"Y",300,"G","Y300G",0.141971331099366
"Y",300,"H","Y300H",0.0579998731236166
"Y",300,"I","Y300I",0.233696327802936
"Y",300,"K","Y300K",0.00282321488152697
"Y",300,"M","Y300M",0.152058273866395
"Y",300,"N","Y300N",0.0936221600660962
"Y",300,"P","Y300P",-0.333409459429424
"Y",300,"Q","Y300Q",-0.0312766735701536
"Y",300,"R","Y300R",-0.164935691209595
"Y",300,"S","Y300S",0.128549474275906
"Y",300,"T","Y300T",0.130891472141736
"Y",300,"V","Y300V",0.131524245599956
"Y",300,"W","Y300W",-0.155356677393514
"R",301,"A","R301A",-0.107001936773314
"R",301,"C","R301C",-0.0124614235684142
"R",301,"D","R301D",-0.213674943575724
"R",301,"E","R301E",0.0534520972758257
"R",301,"F","R301F",-0.436127979593074
"R",301,"G","R301G",0.185684656106856
"R",301,"H","R301H",-0.0695507480824942
"R",301,"I","R301I",0.0761778975947855
"R",301,"K","R301K",0.224034409835636
"R",301,"L","R301L",-0.102909630130014
"R",301,"M","R301M",-0.101616381510594
"R",301,"N","R301N",0.117745155530566
"R",301,"P","R301P",0.132634946401476
"R",301,"Q","R301Q",0.00717701619668615
"R",301,"S","R301S",-0.00280027500672475
"R",301,"T","R301T",-0.109075732176324
"R",301,"V","R301V",0.360231077683406
"R",301,"W","R301W",0.101807121532816
"R",301,"Y","R301Y",-0.103725327741374
"V",302,"C","V302C",-0.00779812209169984
"V",302,"D","V302D",-0.59356992310285
"V",302,"E","V302E",-0.0216245615249193
"V",302,"F","V302F",0.434865072153491
"V",302,"G","V302G",-0.0788530581969794
"V",302,"H","V302H",0.172597646255911
"V",302,"I","V302I",0.184473448874501
"V",302,"K","V302K",-0.403324005389469
"V",302,"L","V302L",0.208636089699811
"V",302,"M","V302M",0.225097338755461
"V",302,"N","V302N",-0.146401523707329
"V",302,"P","V302P",0.209642513679871
"V",302,"Q","V302Q",-0.0154076000005691
"V",302,"R","V302R",-0.392294256691089
"V",302,"S","V302S",-0.250061468013289
"V",302,"T","V302T",0.031380849457771
"V",302,"W","V302W",0.345098584934611
"V",302,"Y","V302Y",0.0975429749067701
"V",303,"A","V303A",0.0606531955034544
"V",303,"C","V303C",-0.0182022836217046
"V",303,"E","V303E",-0.138129198910425
"V",303,"F","V303F",0.052914606196574
"V",303,"G","V303G",0.0603534572975749
"V",303,"H","V303H",-0.0349908834130856
"V",303,"I","V303I",0.163784065963864
"V",303,"K","V303K",-0.0465165714832551
"V",303,"L","V303L",-0.0613907601580951
"V",303,"M","V303M",0.0215821414821045
"V",303,"N","V303N",-0.219366768847455
"V",303,"P","V303P",0.0927617527346446
"V",303,"Q","V303Q",-0.00685100466159594
"V",303,"R","V303R",0.0825413241688347
"V",303,"T","V303T",0.148573235674506
"V",303,"W","V303W",-0.00294414610128533
"V",303,"Y","V303Y",-0.154772161824654
"S",304,"A","S304A",0.0995864128817066
"S",304,"C","S304C",0.0866414330046555
"S",304,"D","S304D",0.0445600903419151
"S",304,"E","S304E",0.221147281722626
"S",304,"F","S304F",0.0834658904908155
"S",304,"G","S304G",0.182940010155686
"S",304,"H","S304H",-0.102370846437704
"S",304,"I","S304I",-0.395219492987604
"S",304,"K","S304K",0.189163322623536
"S",304,"L","S304L",-0.296682397861704
"S",304,"M","S304M",0.118392164339716
"S",304,"N","S304N",0.0509422178287454
"S",304,"P","S304P",-0.138046498135924
"S",304,"Q","S304Q",0.235795707687706
"S",304,"R","S304R",-0.106846201831325
"S",304,"T","S304T",0.127511356229546
"S",304,"V","S304V",-0.172368219213344
"S",304,"W","S304W",-0.228612230839044
"V",305,"A","V305A",0.280264245433308
"V",305,"C","V305C",0.250651186463457
"V",305,"D","V305D",-0.0545943506119525
"V",305,"E","V305E",-0.0259648061695825
"V",305,"F","V305F",0.0945866455693374
"V",305,"G","V305G",0.175766549956939
"V",305,"H","V305H",0.0115915738890069
"V",305,"I","V305I",-0.0486939887446135
"V",305,"K","V305K",0.149797239674827
"V",305,"L","V305L",0.0944025766181771
"V",305,"M","V305M",0.114864877528718
"V",305,"N","V305N",-0.289066529061142
"V",305,"P","V305P",0.149131519998538
"V",305,"Q","V305Q",-0.157841482417152
"V",305,"R","V305R",-0.355135122471283
"V",305,"S","V305S",0.0255545471635073
"V",305,"T","V305T",-0.195581509542253
"V",305,"W","V305W",-0.108217465787692
"V",305,"Y","V305Y",-0.111515707490142
"L",306,"A","L306A",0.0869141292826337
"L",306,"C","L306C",-0.380182590385337
"L",306,"D","L306D",0.0331477135797629
"L",306,"E","L306E",0.204761096353413
"L",306,"F","L306F",6.01515774532185e-05
"L",306,"G","L306G",-0.0921609442588469
"L",306,"H","L306H",0.0710277961252635
"L",306,"I","L306I",-0.0921760589957869
"L",306,"K","L306K",0.148175393519423
"L",306,"M","L306M",-0.00432288746158698
"L",306,"N","L306N",-0.042006603435647
"L",306,"P","L306P",-0.172348847039327
"L",306,"Q","L306Q",0.100720032795003
"L",306,"R","L306R",-0.111460161500848
"L",306,"S","L306S",0.137651152960673
"L",306,"T","L306T",-0.0173088878224074
"L",306,"V","L306V",-0.0972278314345859
"L",306,"W","L306W",0.161642759146693
"L",306,"Y","L306Y",0.0650945869940536
"T",307,"A","T307A",0.304882601560709
"T",307,"C","T307C",0.00703753177679814
"T",307,"D","T307D",0.0509908553049882
"T",307,"E","T307E",-0.237847212119772
"T",307,"F","T307F",0.0811742733455682
"T",307,"G","T307G",-0.0762628508429515
"T",307,"H","T307H",0.175448490879228
"T",307,"I","T307I",0.0872091299460687
"T",307,"K","T307K",-0.0203547127357515
"T",307,"L","T307L",0.0236545439117979
"T",307,"M","T307M",0.192368639605098
"T",307,"N","T307N",-0.113877803690182
"T",307,"P","T307P",-0.162598425203242
"T",307,"Q","T307Q",-0.0882318376305617
"T",307,"R","T307R",0.00906677308481821
"T",307,"S","T307S",-0.109937718722442
"T",307,"V","T307V",-0.149243766172072
"T",307,"W","T307W",0.0446068958021186
"T",307,"Y","T307Y",-0.0180854081002213
"V",308,"A","V308A",0.0235962704141652
"V",308,"C","V308C",0.144330810023067
"V",308,"D","V308D",0.0212186229553559
"V",308,"E","V308E",0.207013859032456
"V",308,"F","V308F",0.0510590894568255
"V",308,"G","V308G",-0.0670870842136546
"V",308,"H","V308H",-0.131475617886345
"V",308,"I","V308I",0.0806558946176565
"V",308,"K","V308K",-0.250201362175514
"V",308,"L","V308L",0.0582037206172163
"V",308,"M","V308M",-0.113491315124104
"V",308,"N","V308N",-0.0564662143860035
"V",308,"P","V308P",0.221625525145556
"V",308,"Q","V308Q",0.131860375724956
"V",308,"R","V308R",-0.110830938674394
"V",308,"S","V308S",0.147326993507686
"V",308,"T","V308T",-0.0594176499654946
"V",308,"W","V308W",-0.370408118273264
"V",308,"Y","V308Y",0.0724871392038357
"L",309,"A","L309A",0.00607965049509172
"L",309,"C","L309C",-0.00131317294465788
"L",309,"D","L309D",-0.0748451343536383
"L",309,"E","L309E",0.0423975657101318
"L",309,"F","L309F",-0.0512029094530982
"L",309,"G","L309G",-0.377062751070009
"L",309,"H","L309H",-0.0757437275792283
"L",309,"I","L309I",0.120531382426762
"L",309,"K","L309K",-0.0577476177646382
"L",309,"M","L309M",-0.166769751882478
"L",309,"N","L309N",0.0807121373076111
"L",309,"P","L309P",0.264591560480221
"L",309,"Q","L309Q",0.244751312145881
"L",309,"R","L309R",-0.0171609061574488
"L",309,"S","L309S",0.0538398872625118
"L",309,"T","L309T",-0.0381305220974775
"L",309,"V","L309V",0.0562419552721009
"L",309,"W","L309W",0.0172026551447719
"L",309,"Y","L309Y",-0.0263716129424086
"H",310,"A","H310A",0.049864411218246
"H",310,"C","H310C",0.0409366708700855
"H",310,"D","H310D",-0.0818780306366845
"H",310,"E","H310E",0.0698175753191061
"H",310,"F","H310F",0.00371136000532641
"H",310,"G","H310G",-0.006983348787784
"H",310,"I","H310I",-0.100103126379014
"H",310,"K","H310K",0.0782770242129857
"H",310,"L","H310L",-0.026090862718204
"H",310,"M","H310M",0.0552204533232054
"H",310,"N","H310N",0.103818566414045
"H",310,"P","H310P",-0.00510039018265434
"H",310,"Q","H310Q",0.164307537570386
"H",310,"R","H310R",-0.448805536385334
"H",310,"S","H310S",0.0700743144413267
"H",310,"T","H310T",0.0362028769427955
"H",310,"V","H310V",-0.0649648336802141
"H",310,"W","H310W",0.134221024864285
"H",310,"Y","H310Y",-0.0725256864119044
"Q",311,"A","Q311A",0.0288277888824084
"Q",311,"C","Q311C",-0.0292850654161217
"Q",311,"D","Q311D",0.062042299975348
"Q",311,"E","Q311E",-0.4986044480935
"Q",311,"F","Q311F",-0.0394456539377921
"Q",311,"G","Q311G",-0.018049134452292
"Q",311,"H","Q311H",0.155043771779709
"Q",311,"I","Q311I",0.0897300414957391
"Q",311,"K","Q311K",0.0552102982045484
"Q",311,"L","Q311L",-0.135181425701201
"Q",311,"M","Q311M",0.00991484868947845
"Q",311,"N","Q311N",-0.108185156607012
"Q",311,"P","Q311P",-0.0174753912972521
"Q",311,"R","Q311R",0.153537544632319
"Q",311,"S","Q311S",0.0672772120185887
"Q",311,"T","Q311T",0.157893141647139
"Q",311,"V","Q311V",-0.0463511241495414
"Q",311,"W","Q311W",0.108116256375888
"Q",311,"Y","Q311Y",0.00498419595354921
"D",312,"A","D312A",0.0197295480752482
"D",312,"C","D312C",0.0844062450918788
"D",312,"E","D312E",0.0948082449070889
"D",312,"F","D312F",0.0539139391319985
"D",312,"G","D312G",0.152526892964498
"D",312,"H","D312H",0.178722747952738
"D",312,"I","D312I",-0.0698491098013019
"D",312,"K","D312K",0.0255626207196187
"D",312,"L","D312L",-0.592016160643463
"D",312,"M","D312M",-0.107174721754532
"D",312,"N","D312N",0.216475304352507
"D",312,"P","D312P",-0.0438126046064315
"D",312,"Q","D312Q",-0.204460436942982
"D",312,"R","D312R",0.0712398603286788
"D",312,"S","D312S",0.111102316220689
"D",312,"T","D312T",-0.0179728402369612
"D",312,"V","D312V",0.0190736780981187
"D",312,"W","D312W",0.0714023912712687
"D",312,"Y","D312Y",-0.0636779151286619
"W",313,"C","W313C",-0.320009760418929
"W",313,"D","W313D",-0.0243153651001895
"W",313,"E","W313E",-0.0334061379901695
"W",313,"F","W313F",0.293732974622931
"W",313,"H","W313H",-0.18980694553887
"W",313,"I","W313I",0.157037210713441
"W",313,"K","W313K",0.21462277338125
"W",313,"L","W313L",0.122444567162501
"W",313,"M","W313M",0.095047911600861
"W",313,"N","W313N",0.0281497235856305
"W",313,"P","W313P",-0.276370196289799
"W",313,"Q","W313Q",0.00405391470573049
"W",313,"R","W313R",0.16461887821485
"W",313,"S","W313S",-0.15803739567662
"W",313,"T","W313T",-0.517549054462339
"W",313,"V","W313V",0.176797742442081
"W",313,"Y","W313Y",0.26298915904764
"L",314,"A","L314A",0.0557347473602026
"L",314,"C","L314C",0.0874064538447436
"L",314,"D","L314D",-0.183629661057067
"L",314,"E","L314E",0.013387153754842
"L",314,"F","L314F",-0.0756224777622374
"L",314,"G","L314G",-0.0670161825659181
"L",314,"H","L314H",-0.177908224328586
"L",314,"I","L314I",0.00388386882196246
"L",314,"K","L314K",-0.159720725616887
"L",314,"M","L314M",0.0882483191331426
"L",314,"N","L314N",0.208974054439043
"L",314,"P","L314P",-0.185513841220548
"L",314,"Q","L314Q",0.0695279836637226
"L",314,"R","L314R",0.0103583786676329
"L",314,"S","L314S",0.102511350072634
"L",314,"T","L314T",-0.122553004261077
"L",314,"V","L314V",0.207154150055603
"L",314,"W","L314W",-0.0617323435140071
"L",314,"Y","L314Y",0.186510000512803
"N",315,"A","N315A",-0.089404948173372
"N",315,"C","N315C",0.00785924540365715
"N",315,"D","N315D",0.00636775259667735
"N",315,"E","N315E",0.0515630030933172
"N",315,"F","N315F",-0.0252808158223631
"N",315,"G","N315G",-0.0164463037961023
"N",315,"H","N315H",0.0819289561922768
"N",315,"I","N315I",0.0325695631589474
"N",315,"K","N315K",0.0713420991244876
"N",315,"L","N315L",0.0340812143347067
"N",315,"M","N315M",-0.039721985388563
"N",315,"P","N315P",-0.085840715842343
"N",315,"Q","N315Q",0.204159284157657
"N",315,"R","N315R",-0.172093332989603
"N",315,"S","N315S",0.171929398269457
"N",315,"T","N315T",-0.0527223435152422
"N",315,"W","N315W",0.035226722178887
"N",315,"Y","N315Y",-0.215516792982484
"G",316,"A","G316A",0.0949787376944018
"G",316,"C","G316C",0.033225354812652
"G",316,"D","G316D",0.0628122567235118
"G",316,"E","G316E",0.235319586261452
"G",316,"F","G316F",-0.070755852067598
"G",316,"H","G316H",0.101480985271742
"G",316,"I","G316I",0.0805022368142527
"G",316,"K","G316K",-0.0367759368171079
"G",316,"L","G316L",-0.308638942993158
"G",316,"M","G316M",-0.092408535901348
"G",316,"N","G316N",-0.0174711776688579
"G",316,"P","G316P",0.033750663240192
"G",316,"Q","G316Q",0.160559833254903
"G",316,"R","G316R",0.0300564585484926
"G",316,"S","G316S",0.00737392562329213
"G",316,"T","G316T",-0.659963299329908
"G",316,"V","G316V",0.130300665165851
"G",316,"W","G316W",-0.112569913046398
"G",316,"Y","G316Y",0.328222954413632
"K",317,"A","K317A",-0.1085753582949
"K",317,"C","K317C",-0.0574165054011199
"K",317,"D","K317D",0.00509100000497047
"K",317,"E","K317E",0.0307044477731307
"K",317,"F","K317F",0.18820496143342
"K",317,"G","K317G",0.11439982145269
"K",317,"H","K317H",0.0266991418093304
"K",317,"I","K317I",0.14700348046608
"K",317,"L","K317L",-0.075060870214389
"K",317,"M","K317M",-0.0240192868924493
"K",317,"N","K317N",0.0883650891927506
"K",317,"P","K317P",-0.2033062366336
"K",317,"Q","K317Q",0.0245344377068398
"K",317,"R","K317R",0.0236883587227804
"K",317,"S","K317S",-0.298986436887379
"K",317,"T","K317T",0.11770967749594
"K",317,"V","K317V",-0.000554811967849525
"K",317,"W","K317W",0.0570268647438007
"K",317,"Y","K317Y",-0.0555077745100493
"E",318,"A","E318A",-0.146783055063432
"E",318,"D","E318D",-0.0085883925227925
"E",318,"F","E318F",0.0909532169526975
"E",318,"G","E318G",0.0733132571827176
"E",318,"H","E318H",0.0340997992469685
"E",318,"I","E318I",-0.233655735895092
"E",318,"K","E318K",0.111886650712658
"E",318,"L","E318L",0.190582188618148
"E",318,"M","E318M",-0.247738658487742
"E",318,"N","E318N",0.0440638626684074
"E",318,"P","E318P",-0.132059980453962
"E",318,"Q","E318Q",0.00835531821954843
"E",318,"R","E318R",0.0968785223146576
"E",318,"S","E318S",0.0480470384451577
"E",318,"T","E318T",0.137005902918318
"E",318,"V","E318V",0.0835794991158077
"E",318,"W","E318W",-0.105501081552582
"E",318,"Y","E318Y",-0.0444383524194824
"Y",319,"A","Y319A",-0.134438973739536
"Y",319,"C","Y319C",0.0602969680106432
"Y",319,"D","Y319D",-0.183399647325856
"Y",319,"E","Y319E",-0.356595822038086
"Y",319,"F","Y319F",0.158747787921504
"Y",319,"G","Y319G",-0.0939102199920763
"Y",319,"H","Y319H",-0.0011123689589963
"Y",319,"I","Y319I",0.230035536751704
"Y",319,"K","Y319K",0.138187752060653
"Y",319,"L","Y319L",-0.0492385588120853
"Y",319,"M","Y319M",-0.142114906584407
"Y",319,"N","Y319N",-0.0408431515978363
"Y",319,"P","Y319P",-0.0881217006340963
"Y",319,"Q","Y319Q",0.568420377151834
"Y",319,"R","Y319R",-0.155819572379876
"Y",319,"S","Y319S",0.147981519712164
"Y",319,"T","Y319T",-0.0395913224542763
"Y",319,"V","Y319V",-0.127136657904556
"Y",319,"W","Y319W",0.108652960813184
"K",320,"A","K320A",0.131700071560913
"K",320,"C","K320C",0.00280304654869253
"K",320,"D","K320D",-0.255562507997096
"K",320,"E","K320E",0.0554996048573621
"K",320,"F","K320F",-0.196417595142018
"K",320,"G","K320G",0.061089163723103
"K",320,"H","K320H",-0.0877436570137274
"K",320,"I","K320I",0.105751914877952
"K",320,"L","K320L",-0.0791117456367064
"K",320,"M","K320M",0.114866967594602
"K",320,"N","K320N",-0.00139809634271737
"K",320,"P","K320P",0.210691113970903
"K",320,"Q","K320Q",0.0487660865316228
"K",320,"R","K320R",0.0246312268976827
"K",320,"S","K320S",0.102746154134883
"K",320,"T","K320T",0.0290837953678031
"K",320,"V","K320V",-0.0184706541395375
"K",320,"W","K320W",-0.143478506562357
"K",320,"Y","K320Y",-0.105446383231358
"C",321,"A","C321A",0.208002992378679
"C",321,"D","C321D",0.02615245931126
"C",321,"E","C321E",-0.0549263259576806
"C",321,"F","C321F",-0.101196804843411
"C",321,"G","C321G",-0.172511065098261
"C",321,"H","C321H",0.18757962973607
"C",321,"I","C321I",0.0738892519815995
"C",321,"K","C321K",-0.184719943384761
"C",321,"L","C321L",0.124318015573439
"C",321,"M","C321M",-0.0148208924883706
"C",321,"N","C321N",-1.01746940032174
"C",321,"P","C321P",0.17577578143344
"C",321,"Q","C321Q",0.18710446391218
"C",321,"R","C321R",-0.218351811534551
"C",321,"S","C321S",0.241153940007269
"C",321,"T","C321T",0.184605218688339
"C",321,"V","C321V",0.08982262620499
"C",321,"W","C321W",0.182217883234679
"C",321,"Y","C321Y",0.0833739811668296
"K",322,"A","K322A",0.05189874107244
"K",322,"C","K322C",-0.113304866894261
"K",322,"D","K322D",0.051194308461408
"K",322,"E","K322E",0.140727080267088
"K",322,"F","K322F",-0.051465992598431
"K",322,"G","K322G",0.0808330689690592
"K",322,"H","K322H",0.0896506629909287
"K",322,"I","K322I",-0.043201827947821
"K",322,"L","K322L",0.056715428135139
"K",322,"M","K322M",-0.016861608274851
"K",322,"N","K322N",-0.103369097362491
"K",322,"P","K322P",0.219456146195229
"K",322,"Q","K322Q",-0.06721125502751
"K",322,"R","K322R",-0.117261347497601
"K",322,"S","K322S",-0.228043159511821
"K",322,"T","K322T",0.060323630809819
"K",322,"V","K322V",-0.050290823179571
"K",322,"W","K322W",0.0330653554805189
"K",322,"Y","K322Y",0.00714555591272897
"V",323,"A","V323A",0.131794099081469
"V",323,"C","V323C",0.2864328461994
"V",323,"D","V323D",0.121883491550609
"V",323,"E","V323E",0.179013675041969
"V",323,"F","V323F",-0.108187220389731
"V",323,"G","V323G",0.096586657396839
"V",323,"H","V323H",-0.0566484386552611
"V",323,"I","V323I",-0.350243961622671
"V",323,"K","V323K",0.16429701401543
"V",323,"L","V323L",0.264875859639149
"V",323,"M","V323M",-0.370871071672701
"V",323,"P","V323P",0.00546657425860837
"V",323,"Q","V323Q",-0.148807795073441
"V",323,"R","V323R",0.160415599016559
"V",323,"S","V323S",0.0615808704132683
"V",323,"T","V323T",-0.0627672745697321
"V",323,"W","V323W",-0.347478531035571
"V",323,"Y","V323Y",-0.0273423935941911
"S",324,"A","S324A",0.0989629162791655
"S",324,"C","S324C",-0.0288852517890446
"S",324,"D","S324D",0.0294625012190544
"S",324,"E","S324E",0.143199992916816
"S",324,"F","S324F",0.0896547956875545
"S",324,"G","S324G",0.0493486689203554
"S",324,"H","S324H",0.0165633778166955
"S",324,"I","S324I",-0.0971573069362653
"S",324,"K","S324K",0.0729418646323355
"S",324,"L","S324L",-0.231896588768585
"S",324,"M","S324M",-0.0594844538375051
"S",324,"N","S324N",0.0651302987693154
"S",324,"P","S324P",-0.372254987860985
"S",324,"Q","S324Q",0.128666492082235
"S",324,"R","S324R",0.210348814768235
"S",324,"T","S324T",-0.132943227633825
"S",324,"V","S324V",-0.0304544831093845
"S",324,"W","S324W",0.0178069946445955
"S",324,"Y","S324Y",0.0309895821992354
"N",325,"A","N325A",0.0586376894036684
"N",325,"C","N325C",-0.570814410510571
"N",325,"D","N325D",-0.772770675577992
"N",325,"E","N325E",0.0989079747905284
"N",325,"F","N325F",-0.0610653310544906
"N",325,"G","N325G",0.301850016665907
"N",325,"H","N325H",0.180419654427628
"N",325,"I","N325I",0.0390920285158274
"N",325,"K","N325K",0.266117222589597
"N",325,"L","N325L",0.194498313079938
"N",325,"M","N325M",-0.355033993373122
"N",325,"P","N325P",0.471700940142528
"N",325,"Q","N325Q",0.181621354981268
"N",325,"R","N325R",-0.125189479536632
"N",325,"S","N325S",-0.0363022057530415
"N",325,"T","N325T",-0.0209247139776416
"N",325,"V","N325V",0.118221162230958
"N",325,"Y","N325Y",0.0310344529556384
"K",326,"A","K326A",-0.0252264216718941
"K",326,"C","K326C",-0.246347196358834
"K",326,"D","K326D",-0.273407879943784
"K",326,"E","K326E",-0.230810405553355
"K",326,"F","K326F",-0.403291156770674
"K",326,"G","K326G",0.149903372445516
"K",326,"H","K326H",0.159910609349515
"K",326,"I","K326I",0.0423333595472559
"K",326,"L","K326L",-0.0882580089011141
"K",326,"M","K326M",-0.206736977019534
"K",326,"N","K326N",0.382026013929876
"K",326,"P","K326P",-0.0419915580262441
"K",326,"Q","K326Q",0.0833659628287569
"K",326,"R","K326R",0.653387852222265
"K",326,"S","K326S",-0.0178568924312741
"K",326,"T","K326T",0.313836270278456
"K",326,"V","K326V",-0.147284173576244
"K",326,"W","K326W",-0.0186423740471441
"K",326,"Y","K326Y",-0.0849103963015441
"A",327,"C","A327C",-0.131842353822823
"A",327,"D","A327D",-0.100524051162663
"A",327,"E","A327E",-0.205341699723433
"A",327,"F","A327F",0.351534125820756
"A",327,"G","A327G",0.317324235337416
"A",327,"H","A327H",0.035584179442697
"A",327,"I","A327I",0.110304158406348
"A",327,"K","A327K",0.0801296054083669
"A",327,"L","A327L",0.084080825937587
"A",327,"M","A327M",0.136569803524647
"A",327,"N","A327N",0.118871629250877
"A",327,"P","A327P",-0.208646948247873
"A",327,"Q","A327Q",0.179569875991807
"A",327,"R","A327R",-0.354568743709764
"A",327,"S","A327S",0.043705076606097
"A",327,"T","A327T",0.148505645431997
"A",327,"V","A327V",-0.368566029549263
"A",327,"W","A327W",-0.111405956194733
"A",327,"Y","A327Y",-0.125283378748043
"L",328,"A","L328A",-0.00211710298918161
"L",328,"C","L328C",0.411012887989248
"L",328,"D","L328D",-0.408078422855962
"L",328,"E","L328E",0.180751623172878
"L",328,"F","L328F",-0.913064481323732
"L",328,"G","L328G",0.295709172393578
"L",328,"H","L328H",0.117021155759638
"L",328,"I","L328I",-0.390135445097072
"L",328,"K","L328K",-0.0443933285478606
"L",328,"M","L328M",0.0648213148549974
"L",328,"N","L328N",0.373760482468389
"L",328,"P","L328P",0.347246970784118
"L",328,"Q","L328Q",0.184858409322138
"L",328,"R","L328R",0.0187120123521284
"L",328,"S","L328S",0.479539742524248
"L",328,"V","L328V",0.0139473489278474
"L",328,"W","L328W",-0.356125665331222
"L",328,"Y","L328Y",-0.373466674404182
"P",329,"A","P329A",0.414825604698023
"P",329,"C","P329C",-0.102518588893357
"P",329,"D","P329D",-0.0490020445518883
"P",329,"E","P329E",0.343149549329122
"P",329,"F","P329F",-0.944453881547027
"P",329,"G","P329G",0.215484365482833
"P",329,"H","P329H",0.103515086254673
"P",329,"I","P329I",0.328260300812793
"P",329,"K","P329K",0.0605736313604127
"P",329,"L","P329L",0.189944968684113
"P",329,"M","P329M",0.286472691976873
"P",329,"N","P329N",0.265823917963873
"P",329,"Q","P329Q",0.582085780102423
"P",329,"R","P329R",0.0932713637444527
"P",329,"S","P329S",-0.0737845063630583
"P",329,"T","P329T",0.295856825447762
"P",329,"V","P329V",-0.143546735340597
"P",329,"W","P329W",-0.179709489408327
"P",329,"Y","P329Y",-1.6862488397531
"A",330,"C","A330C",0.0634599456098586
"A",330,"D","A330D",0.00981677707160847
"A",330,"E","A330E",-0.044396238287031
"A",330,"F","A330F",-0.0123158081568324
"A",330,"G","A330G",0.00495342559793847
"A",330,"H","A330H",0.161837419242458
"A",330,"I","A330I",0.0322192715586292
"A",330,"K","A330K",0.0364836567542584
"A",330,"L","A330L",0.00803904811664837
"A",330,"M","A330M",-0.115480181390912
"A",330,"N","A330N",0.0462674923563283
"A",330,"P","A330P",-0.612069753938822
"A",330,"Q","A330Q",0.0697085436344781
"A",330,"R","A330R",0.103581479062168
"A",330,"S","A330S",0.0919120374090385
"A",330,"T","A330T",0.0780112913814185
"A",330,"V","A330V",0.0733653810909186
"A",330,"W","A330W",-0.0944863811212617
"A",330,"Y","A330Y",0.0990925940091085
"P",331,"A","P331A",0.195098485483375
"P",331,"C","P331C",0.0509541997262953
"P",331,"D","P331D",0.213303176683475
"P",331,"E","P331E",-0.0232577215800547
"P",331,"F","P331F",0.0332718691521453
"P",331,"G","P331G",-0.000856394428454699
"P",331,"H","P331H",-0.0643946808436447
"P",331,"I","P331I",-0.138347876941495
"P",331,"K","P331K",-0.0813062817155947
"P",331,"L","P331L",0.0294282441393053
"P",331,"M","P331M",-0.116913555673555
"P",331,"N","P331N",0.0344697631291753
"P",331,"Q","P331Q",0.0588609850601753
"P",331,"R","P331R",0.175296875766965
"P",331,"S","P331S",0.125208975393655
"P",331,"T","P331T",-0.0467142566985147
"P",331,"V","P331V",-0.110900069804775
"P",331,"W","P331W",-0.178599810638895
"P",331,"Y","P331Y",-0.154601926209585
"I",332,"C","I332C",0.150343466042964
"I",332,"D","I332D",-0.0447161266524067
"I",332,"E","I332E",-0.397482949512146
"I",332,"F","I332F",-0.0158610988505766
"I",332,"G","I332G",-0.00845281850852575
"I",332,"H","I332H",0.320239626054094
"I",332,"K","I332K",0.0131430327274737
"I",332,"L","I332L",-0.0937882201223467
"I",332,"M","I332M",-0.0192699743547163
"I",332,"N","I332N",0.0894326721595535
"I",332,"Q","I332Q",0.244648246525583
"I",332,"R","I332R",0.335315827143184
"I",332,"S","I332S",0.337086606508634
"I",332,"T","I332T",-0.0978495846336462
"I",332,"V","I332V",0.402197134292684
"I",332,"W","I332W",-1.01226023102148
"I",332,"Y","I332Y",-0.202725607798326
"E",333,"A","E333A",-0.00512309456545334
"E",333,"C","E333C",-0.147840892080054
"E",333,"D","E333D",0.255407806176136
"E",333,"F","E333F",-0.0999269762435232
"E",333,"G","E333G",-0.100813808764594
"E",333,"H","E333H",0.0683553032909963
"E",333,"I","E333I",-0.00492254762473442
"E",333,"K","E333K",-0.00967666663099275
"E",333,"L","E333L",0.139910843695916
"E",333,"M","E333M",0.0515921299303762
"E",333,"N","E333N",-0.111678847355214
"E",333,"P","E333P",-0.119698309619594
"E",333,"Q","E333Q",0.117595518775775
"E",333,"R","E333R",-0.159588136621785
"E",333,"S","E333S",0.206072212029205
"E",333,"T","E333T",0.0883335967852866
"E",333,"V","E333V",-0.0613235941580832
"E",333,"W","E333W",-0.0810614122590233
"E",333,"Y","E333Y",-0.0256131247606433
"K",334,"A","K334A",0.277701290720851
"K",334,"C","K334C",0.255324254596141
"K",334,"D","K334D",-0.171705622100049
"K",334,"E","K334E",-0.185211957536769
"K",334,"F","K334F",-0.115787582768369
"K",334,"G","K334G",0.118607353432141
"K",334,"H","K334H",-0.00425566972355888
"K",334,"I","K334I",0.0968582262268715
"K",334,"L","K334L",-0.0981763663799289
"K",334,"M","K334M",-0.0207843510020699
"K",334,"N","K334N",-0.195223699202239
"K",334,"P","K334P",0.10568936454946
"K",334,"Q","K334Q",-0.0279762537694989
"K",334,"R","K334R",-0.0448901841708789
"K",334,"S","K334S",-0.182895171280969
"K",334,"T","K334T",-0.0777586013003189
"K",334,"V","K334V",0.0680752602784013
"K",334,"W","K334W",0.076601830789261
"K",334,"Y","K334Y",0.125807878641522
"T",335,"A","T335A",0.056975539284596
"T",335,"C","T335C",-0.350734783805473
"T",335,"D","T335D",0.139492351917826
"T",335,"E","T335E",-0.323601643580204
"T",335,"F","T335F",-0.120808165113753
"T",335,"G","T335G",0.0444892445389263
"T",335,"H","T335H",-0.000863627422174561
"T",335,"I","T335I",-0.0292161164715338
"T",335,"K","T335K",0.134054409763336
"T",335,"L","T335L",0.00616030062118694
"T",335,"M","T335M",-0.0149771472861043
"T",335,"N","T335N",-0.032940004809774
"T",335,"P","T335P",0.182755110448666
"T",335,"Q","T335Q",0.126256549764527
"T",335,"R","T335R",0.071326971766786
"T",335,"S","T335S",0.0633779976215861
"T",335,"V","T335V",0.0738128874790566
"T",335,"W","T335W",0.0222433797484961
"T",335,"Y","T335Y",-0.0478032544659738
"I",336,"A","I336A",-0.0731677995741638
"I",336,"C","I336C",0.105375594148006
"I",336,"D","I336D",-0.0750828471118934
"I",336,"E","I336E",0.145223891475716
"I",336,"F","I336F",-0.258409959304024
"I",336,"G","I336G",-0.0439653535606437
"I",336,"H","I336H",-0.127803132288964
"I",336,"K","I336K",0.0930817324365954
"I",336,"L","I336L",-0.035213561248854
"I",336,"M","I336M",0.0368312801570971
"I",336,"N","I336N",-0.0989269447915235
"I",336,"P","I336P",-0.0379003447659032
"I",336,"Q","I336Q",0.122904581600136
"I",336,"R","I336R",-0.0380195805091643
"I",336,"S","I336S",0.0876248089713154
"I",336,"T","I336T",-0.0822893496617334
"I",336,"V","I336V",0.0662024540684454
"I",336,"W","I336W",-0.00804544082990306
"I",336,"Y","I336Y",0.221579970789456
"S",337,"A","S337A",-0.0288570197204888
"S",337,"C","S337C",0.0894531870112613
"S",337,"D","S337D",0.0287595570298505
"S",337,"E","S337E",0.0219709666968811
"S",337,"F","S337F",0.00742806808854088
"S",337,"G","S337G",0.0367884301119118
"S",337,"H","S337H",0.105123692185451
"S",337,"I","S337I",0.0328488792908209
"S",337,"K","S337K",0.0136054117757015
"S",337,"L","S337L",0.194579965446931
"S",337,"M","S337M",-0.128447441592369
"S",337,"N","S337N",0.000487657754620986
"S",337,"P","S337P",-0.0428333464392284
"S",337,"Q","S337Q",0.0171176651685013
"S",337,"R","S337R",-0.0135480962520697
"S",337,"T","S337T",-0.312574474877689
"S",337,"V","S337V",0.0645505699950614
"S",337,"W","S337W",-0.0599157261886295
"S",337,"Y","S337Y",-0.0265379454850595
"K",338,"A","K338A",0.00484583042808606
"K",338,"C","K338C",0.0765865077764361
"K",338,"D","K338D",0.205959812143296
"K",338,"E","K338E",-0.0134424829754642
"K",338,"F","K338F",0.0543967003125359
"K",338,"H","K338H",-0.204737637665304
"K",338,"I","K338I",0.111975162222316
"K",338,"L","K338L",0.0106953719079066
"K",338,"M","K338M",-0.254758362884383
"K",338,"N","K338N",-0.0793598223489533
"K",338,"P","K338P",-0.116227078358974
"K",338,"Q","K338Q",0.095198048491487
"K",338,"R","K338R",0.108379358556306
"K",338,"S","K338S",-0.115662557619704
"K",338,"T","K338T",0.0321637928547356
"K",338,"V","K338V",0.103129380790026
"K",338,"W","K338W",-0.051742301254954
"K",338,"Y","K338Y",0.0326002776246058
"A",339,"C","A339C",-0.306022755169254
"A",339,"D","A339D",0.122494336465256
"A",339,"E","A339E",0.0729536443152561
"A",339,"F","A339F",0.0681986909280157
"A",339,"G","A339G",0.178025122097886
"A",339,"H","A339H",0.0755636386111458
"A",339,"I","A339I",0.271758321872036
"A",339,"K","A339K",-0.0822238464857742
"A",339,"L","A339L",0.0557544352303958
"A",339,"M","A339M",0.0636823289061857
"A",339,"N","A339N",0.0853692818149357
"A",339,"P","A339P",-0.0823573842156942
"A",339,"Q","A339Q",0.265036556618766
"A",339,"R","A339R",0.119148433411015
"A",339,"S","A339S",0.155709663480546
"A",339,"T","A339T",-0.145687532450024
"A",339,"V","A339V",-0.891059106258794
"A",339,"W","A339W",-0.151031151087954
"A",339,"Y","A339Y",0.124687321916056
"K",340,"A","K340A",0.0170177611019481
"K",340,"C","K340C",-0.0182496201338826
"K",340,"D","K340D",0.00935685212833754
"K",340,"E","K340E",-0.0589738885117118
"K",340,"F","K340F",0.113244030482207
"K",340,"G","K340G",0.0459484788301875
"K",340,"H","K340H",0.057930218878678
"K",340,"I","K340I",0.0463751439422081
"K",340,"L","K340L",-0.0775606099643517
"K",340,"M","K340M",0.0447641863941873
"K",340,"N","K340N",-0.179254011964052
"K",340,"P","K340P",0.0932884102817478
"K",340,"Q","K340Q",-0.0719649271054422
"K",340,"R","K340R",0.0454464351170184
"K",340,"S","K340S",-0.0739263615798424
"K",340,"T","K340T",-0.0393482643708523
"K",340,"V","K340V",-0.0149940203561917
"K",340,"W","K340W",0.124573593255449
"K",340,"Y","K340Y",-0.0636734064256418
"G",341,"A","G341A",0.168372652564504
"G",341,"C","G341C",-0.000111325489457276
"G",341,"D","G341D",-0.164811564105456
"G",341,"E","G341E",0.0651138877877239
"G",341,"F","G341F",0.0370243595971237
"G",341,"H","G341H",0.195968696768964
"G",341,"I","G341I",0.141711605744633
"G",341,"K","G341K",0.0293666361133139
"G",341,"L","G341L",0.212251084283384
"G",341,"M","G341M",0.228796599104524
"G",341,"N","G341N",0.0461588172155037
"G",341,"P","G341P",-0.427985828025576
"G",341,"Q","G341Q",0.139356773224713
"G",341,"R","G341R",-0.163650550356796
"G",341,"S","G341S",0.0223541647682438
"G",341,"T","G341T",0.0427732106584132
"G",341,"V","G341V",-0.512024345379526
"G",341,"W","G341W",-0.214279685133256
"G",341,"Y","G341Y",0.153614810659024
"Q",342,"A","Q342A",-0.0921827741985589
"Q",342,"C","Q342C",-0.201196512799149
"Q",342,"D","Q342D",-0.146109967954109
"Q",342,"E","Q342E",0.206180949907041
"Q",342,"F","Q342F",-0.00981128151109897
"Q",342,"G","Q342G",0.0352156087695911
"Q",342,"H","Q342H",0.0146461756336311
"Q",342,"I","Q342I",0.0240651688030011
"Q",342,"K","Q342K",-0.0255957825663292
"Q",342,"L","Q342L",0.128033391829201
"Q",342,"M","Q342M",0.00229376278018108
"Q",342,"N","Q342N",0.428358603009972
"Q",342,"R","Q342R",0.0636426313892011
"Q",342,"S","Q342S",-0.208619855435859
"Q",342,"T","Q342T",-0.103269263821459
"Q",342,"V","Q342V",-0.0524454953839194
"Q",342,"W","Q342W",0.0372201746247107
"Q",342,"Y","Q342Y",-0.100425533076049
"P",343,"A","P343A",0.097985745104895
"P",343,"C","P343C",-0.105667303301705
"P",343,"D","P343D",-0.313508756327315
"P",343,"E","P343E",-0.0183293966304149
"P",343,"F","P343F",-0.0749198279850042
"P",343,"G","P343G",0.166682396190415
"P",343,"H","P343H",-0.0459130171273647
"P",343,"I","P343I",0.0497780549954857
"P",343,"K","P343K",0.0278525473172756
"P",343,"L","P343L",-0.0281474841821347
"P",343,"M","P343M",0.134309296497775
"P",343,"N","P343N",0.0356152251593057
"P",343,"Q","P343Q",0.0299568441502454
"P",343,"R","P343R",-0.223434829193755
"P",343,"S","P343S",0.0472208682311347
"P",343,"T","P343T",0.0811142711419451
"P",343,"V","P343V",-0.0258769791300543
"P",343,"W","P343W",0.053114150534045
"P",343,"Y","P343Y",0.112168194555225
"R",344,"A","R344A",0.00834946027464354
"R",344,"C","R344C",0.0222297871049044
"R",344,"D","R344D",0.166565546551573
"R",344,"E","R344E",0.219140480257084
"R",344,"F","R344F",0.0281728343525443
"R",344,"G","R344G",-0.501317639408307
"R",344,"H","R344H",-0.202284403044976
"R",344,"I","R344I",0.109170225186794
"R",344,"K","R344K",-0.0185658205221963
"R",344,"L","R344L",0.101050409208844
"R",344,"M","R344M",0.180175608711983
"R",344,"N","R344N",0.138651671490844
"R",344,"P","R344P",0.0488781969123838
"R",344,"Q","R344Q",0.100248553502934
"R",344,"S","R344S",0.0902540341285046
"R",344,"T","R344T",-0.293259930623956
"R",344,"V","R344V",-0.0401956920965254
"R",344,"Y","R344Y",-0.157263321987076
"E",345,"A","E345A",0.129264737502045
"E",345,"C","E345C",0.0741278649755652
"E",345,"D","E345D",-0.0704423578520554
"E",345,"F","E345F",0.0867658754108152
"E",345,"G","E345G",-0.0925055642418453
"E",345,"I","E345I",0.000394998277765367
"E",345,"K","E345K",0.00039527083887507
"E",345,"L","E345L",-0.0200865910028946
"E",345,"M","E345M",0.0266716079599547
"E",345,"N","E345N",0.0462455149072652
"E",345,"P","E345P",0.0133074934832252
"E",345,"Q","E345Q",-0.149963390327336
"E",345,"R","E345R",-0.00774299786988483
"E",345,"S","E345S",0.0468741747380453
"E",345,"T","E345T",0.0187475206225649
"E",345,"V","E345V",-0.0546617818521042
"E",345,"W","E345W",-0.127980127741755
"E",345,"Y","E345Y",0.0805877521717542
"P",346,"A","P346A",-0.0134578601129852
"P",346,"C","P346C",0.222678437284955
"P",346,"D","P346D",-0.154045828397016
"P",346,"E","P346E",-0.0196770467915652
"P",346,"F","P346F",0.0663338230230845
"P",346,"G","P346G",0.201924968224835
"P",346,"H","P346H",-0.108144621928425
"P",346,"I","P346I",0.225702793282875
"P",346,"K","P346K",-0.106875221785415
"P",346,"L","P346L",0.151057722290275
"P",346,"M","P346M",0.130081923991474
"P",346,"N","P346N",0.172779636840675
"P",346,"Q","P346Q",-0.391430404362134
"P",346,"R","P346R",-0.275946588448275
"P",346,"S","P346S",0.181000640216564
"P",346,"T","P346T",0.146776814882514
"P",346,"V","P346V",0.0353329537588651
"P",346,"W","P346W",-0.213363726023245
"P",346,"Y","P346Y",-0.250728415947055
"Q",347,"A","Q347A",0.0366021409724418
"Q",347,"C","Q347C",-0.0571505392253987
"Q",347,"D","Q347D",0.0295247524112713
"Q",347,"E","Q347E",0.0150776157319113
"Q",347,"F","Q347F",-0.227407917976658
"Q",347,"G","Q347G",0.0604975286652117
"Q",347,"H","Q347H",-0.0154138674415184
"Q",347,"I","Q347I",0.030318188208322
"Q",347,"K","Q347K",0.0363736886742111
"Q",347,"L","Q347L",-0.0314159188014679
"Q",347,"M","Q347M",0.0476962441589322
"Q",347,"N","Q347N",-0.00348366006691871
"Q",347,"P","Q347P",-0.236806124298469
"Q",347,"R","Q347R",0.0433826399774214
"Q",347,"S","Q347S",0.0155477639423614
"Q",347,"T","Q347T",0.0369128867097411
"Q",347,"V","Q347V",0.121429502008693
"Q",347,"W","Q347W",0.0178086937367715
"Q",347,"Y","Q347Y",0.0805063826131417
"V",348,"A","V348A",0.0156295394086733
"V",348,"C","V348C",0.0948013957096352
"V",348,"D","V348D",-0.281250117287876
"V",348,"E","V348E",-0.027959288299606
"V",348,"F","V348F",0.0754488729812137
"V",348,"G","V348G",0.0981993804058041
"V",348,"H","V348H",0.0345898121434235
"V",348,"I","V348I",0.0112009324289847
"V",348,"K","V348K",-0.100142210022705
"V",348,"L","V348L",-0.0633964211558654
"V",348,"M","V348M",0.0241600311554247
"V",348,"N","V348N",-0.0973564530912259
"V",348,"P","V348P",0.0333872556026037
"V",348,"Q","V348Q",0.021900558786664
"V",348,"R","V348R",0.0844787790937531
"V",348,"S","V348S",0.0280657661935542
"V",348,"T","V348T",0.149207720875754
"V",348,"W","V348W",0.0234443370121648
"V",348,"Y","V348Y",-0.124409891940375
"Y",349,"A","Y349A",0.106261796746343
"Y",349,"C","Y349C",-0.032053212327906
"Y",349,"D","Y349D",0.0471009008447439
"Y",349,"E","Y349E",0.0576566730403243
"Y",349,"F","Y349F",0.104986200248533
"Y",349,"G","Y349G",0.0360573245885234
"Y",349,"H","Y349H",-0.195013799751466
"Y",349,"I","Y349I",-0.0126978079134769
"Y",349,"K","Y349K",0.0974999721272434
"Y",349,"L","Y349L",0.086590461488864
"Y",349,"M","Y349M",0.0513779539573134
"Y",349,"N","Y349N",-0.214082238498587
"Y",349,"P","Y349P",-0.335286357716155
"Y",349,"Q","Y349Q",0.102066539840503
"Y",349,"R","Y349R",0.0760468703357942
"Y",349,"S","Y349S",-0.100126875755996
"Y",349,"T","Y349T",0.0271752824037844
"Y",349,"V","Y349V",-0.0294361425918963
"Y",349,"W","Y349W",0.125876458933514
"T",350,"A","T350A",0.143218543683214
"T",350,"C","T350C",-0.0584789904492254
"T",350,"D","T350D",0.135238472469804
"T",350,"E","T350E",0.0860332824876039
"T",350,"F","T350F",-0.0895744694884159
"T",350,"G","T350G",-0.467647499635356
"T",350,"H","T350H",0.000148707201184518
"T",350,"I","T350I",-0.0821809011818859
"T",350,"K","T350K",0.00733620234034352
"T",350,"L","T350L",0.0591601555851845
"T",350,"M","T350M",0.109672778777934
"T",350,"N","T350N",-0.0672810649915949
"T",350,"P","T350P",-0.0383608303503454
"T",350,"Q","T350Q",-0.0144983037753455
"T",350,"R","T350R",0.158007120824024
"T",350,"S","T350S",-0.125094445926366
"T",350,"V","T350V",-0.0286053701652161
"T",350,"W","T350W",0.103243351250764
"T",350,"Y","T350Y",0.169663261343694
"L",351,"A","L351A",-0.115164220721296
"L",351,"C","L351C",0.0841809982945151
"L",351,"D","L351D",0.0146020925161348
"L",351,"E","L351E",0.181670099622704
"L",351,"F","L351F",-0.285667306138316
"L",351,"G","L351G",-0.170342970801076
"L",351,"H","L351H",0.192147220111244
"L",351,"I","L351I",0.0432857726513648
"L",351,"K","L351K",0.0283991124099639
"L",351,"M","L351M",0.0599338956701644
"L",351,"N","L351N",0.101611420622614
"L",351,"P","L351P",-0.201931669553335
"L",351,"Q","L351Q",0.136860137136774
"L",351,"S","L351S",-0.116166310384136
"L",351,"T","L351T",-0.0906211077161258
"L",351,"V","L351V",0.114920881623864
"L",351,"W","L351W",0.0125262487075842
"L",351,"Y","L351Y",0.0097557059473546
"P",352,"A","P352A",0.142856400774311
"P",352,"C","P352C",-0.0397113611768395
"P",352,"D","P352D",0.114334915256611
"P",352,"E","P352E",-0.120281325927079
"P",352,"F","P352F",-0.0335683431159598
"P",352,"G","P352G",0.135939814258241
"P",352,"H","P352H",0.0211397794666107
"P",352,"I","P352I",-0.132007402900289
"P",352,"K","P352K",0.00952824229143143
"P",352,"L","P352L",0.0608617057511514
"P",352,"M","P352M",0.0305632818496711
"P",352,"N","P352N",0.0298653871905717
"P",352,"Q","P352Q",-0.0857863007678391
"P",352,"R","P352R",-0.178745131382399
"P",352,"S","P352S",-0.112712485574029
"P",352,"T","P352T",0.00204371625525173
"P",352,"V","P352V",0.00851268838581072
"P",352,"W","P352W",0.116241238452091
"P",352,"Y","P352Y",0.0309251809126817
"P",353,"A","P353A",-0.14800115621204
"P",353,"C","P353C",-0.0325077334032197
"P",353,"D","P353D",0.22926504056454
"P",353,"E","P353E",-0.0425536288407704
"P",353,"F","P353F",0.0148989528125298
"P",353,"G","P353G",0.0606516883543096
"P",353,"H","P353H",-0.0300186846549896
"P",353,"I","P353I",-0.00251673419144981
"P",353,"K","P353K",-0.14344462943084
"P",353,"L","P353L",-0.0890743625615098
"P",353,"M","P353M",0.0517091847673506
"P",353,"N","P353N",0.06476832215193
"P",353,"Q","P353Q",0.0092865300109093
"P",353,"R","P353R",0.00364798206769025
"P",353,"S","P353S",-0.04334133712684
"P",353,"T","P353T",-0.0373008266671508
"P",353,"V","P353V",0.0186692608721107
"P",353,"W","P353W",0.0327305887258103
"P",353,"Y","P353Y",0.0831315427616302
"S",354,"A","S354A",0.0435544114676114
"S",354,"C","S354C",0.175612302342882
"S",354,"D","S354D",0.136488214401482
"S",354,"E","S354E",0.0813988421409926
"S",354,"F","S354F",-0.0991509327190887
"S",354,"G","S354G",0.171005443713432
"S",354,"H","S354H",-0.449036926026018
"S",354,"I","S354I",0.00893560804881238
"S",354,"K","S354K",-0.0419593285828376
"S",354,"L","S354L",-0.0855357896108777
"S",354,"M","S354M",0.143126038142593
"S",354,"N","S354N",-0.240420626025328
"S",354,"P","S354P",0.0246293491703221
"S",354,"Q","S354Q",0.0967460229280919
"S",354,"R","S354R",-0.0536920199867787
"S",354,"T","S354T",0.0775528570537816
"S",354,"V","S354V",0.200599519837332
"S",354,"W","S354W",0.0849805063027223
"S",354,"Y","S354Y",-0.274833492599128
"R",355,"A","R355A",-0.233160018353534
"R",355,"C","R355C",0.0353114165320656
"R",355,"D","R355D",0.0337756924462365
"R",355,"E","R355E",0.0481274497270261
"R",355,"F","R355F",-0.017776541564505
"R",355,"G","R355G",0.0877460262669761
"R",355,"H","R355H",0.038861916255996
"R",355,"I","R355I",0.120198010716265
"R",355,"K","R355K",0.00294702136841601
"R",355,"L","R355L",0.0376660875198159
"R",355,"M","R355M",-0.0576339572175641
"R",355,"N","R355N",-0.196380470403034
"R",355,"P","R355P",0.100169500259445
"R",355,"Q","R355Q",-0.0131063331752738
"R",355,"S","R355S",-0.0344080394788044
"R",355,"T","R355T",0.239386238191066
"R",355,"V","R355V",0.0118006529404056
"R",355,"W","R355W",-0.125735245031354
"R",355,"Y","R355Y",-0.0777894069996441
"D",356,"A","D356A",0.070099911903047
"D",356,"C","D356C",-0.0403691431627131
"D",356,"E","D356E",-0.0355950386846137
"D",356,"F","D356F",-0.0646438897581938
"D",356,"G","D356G",-0.0149206502200336
"D",356,"H","D356H",0.00886526109763685
"D",356,"I","D356I",0.109862554068368
"D",356,"K","D356K",0.0549635779230567
"D",356,"L","D356L",0.0378395071137668
"D",356,"M","D356M",-0.116356800812023
"D",356,"N","D356N",0.046063823793367
"D",356,"P","D356P",-0.0775491424593337
"D",356,"Q","D356Q",0.0379024747965271
"D",356,"R","D356R",-0.0300290925195032
"D",356,"S","D356S",-0.0652908005266433
"D",356,"T","D356T",-0.0614144049989831
"D",356,"V","D356V",0.0227179363010668
"D",356,"W","D356W",-0.0204419193527531
"D",356,"Y","D356Y",0.138295835497957
"E",357,"A","E357A",-0.0897054669310086
"E",357,"C","E357C",-0.134440538310708
"E",357,"D","E357D",0.142729138263092
"E",357,"F","E357F",0.00848420962813216
"E",357,"G","E357G",0.0364003598401717
"E",357,"H","E357H",0.0492366426295814
"E",357,"I","E357I",-0.0398316242465186
"E",357,"K","E357K",0.000686291595792161
"E",357,"L","E357L",-0.0713499405762581
"E",357,"M","E357M",-0.0620466294701882
"E",357,"N","E357N",0.0967928603928117
"E",357,"Q","E357Q",0.0896490800709017
"E",357,"R","E357R",-0.124784556477107
"E",357,"S","E357S",0.0247640764830018
"E",357,"T","E357T",0.0281406161298714
"E",357,"V","E357V",-0.0268256612803783
"E",357,"W","E357W",-0.00517433046304894
"E",357,"Y","E357Y",0.0772754727218612
"L",358,"A","L358A",0.00973946045973945
"L",358,"C","L358C",0.0318718698621884
"L",358,"D","L358D",-0.0440389426544908
"L",358,"E","L358E",0.035951915201789
"L",358,"F","L358F",-0.0610392239609608
"L",358,"G","L358G",0.0633201707806386
"L",358,"H","L358H",0.0323898225127489
"L",358,"I","L358I",0.00617789174175885
"L",358,"K","L358K",-0.0198005130868707
"L",358,"M","L358M",-0.0349517194619712
"L",358,"N","L358N",-0.00145345090130084
"L",358,"P","L358P",0.0265799995886892
"L",358,"Q","L358Q",0.0148964850820993
"L",358,"R","L358R",-0.0824214502623616
"L",358,"S","L358S",-0.00499269297822104
"L",358,"T","L358T",-0.034661249833701
"L",358,"V","L358V",-0.0682702118790715
"L",358,"W","L358W",0.00446712614500916
"L",358,"Y","L358Y",0.126234713644289
"T",359,"A","T359A",0.0448478879019624
"T",359,"C","T359C",0.0202675938377021
"T",359,"D","T359D",0.0149798935959921
"T",359,"E","T359E",0.0387224793060125
"T",359,"F","T359F",0.0228729236684017
"T",359,"G","T359G",0.109277798042233
"T",359,"H","T359H",-0.300091831296218
"T",359,"I","T359I",-0.00050096952289818
"T",359,"K","T359K",0.0166288553116018
"T",359,"L","T359L",0.0521944531841018
"T",359,"M","T359M",0.171963486138932
"T",359,"N","T359N",0.100863713994802
"T",359,"P","T359P",0.0813376657470321
"T",359,"Q","T359Q",0.099029802889672
"T",359,"R","T359R",-0.135048620978298
"T",359,"S","T359S",0.0915761821146627
"T",359,"V","T359V",-0.360747014469938
"T",359,"W","T359W",0.0522649858831521
"T",359,"Y","T359Y",-0.120439285348908
"K",360,"A","K360A",-0.0813080630001458
"K",360,"C","K360C",-0.0172935306194061
"K",360,"D","K360D",-0.0126764600147758
"K",360,"E","K360E",0.0961965687583643
"K",360,"F","K360F",0.0626258723940044
"K",360,"G","K360G",0.101583982795614
"K",360,"H","K360H",0.114820886825694
"K",360,"I","K360I",-0.270981747797506
"K",360,"L","K360L",-0.0462548293019264
"K",360,"M","K360M",-0.0718854532436758
"K",360,"N","K360N",-0.0850555550027957
"K",360,"P","K360P",0.0135043056605136
"K",360,"Q","K360Q",0.165360862935415
"K",360,"R","K360R",0.151341866373694
"K",360,"S","K360S",-0.190231534058257
"K",360,"T","K360T",-0.0334569265572456
"K",360,"V","K360V",0.131833619423724
"K",360,"W","K360W",0.00506609178386403
"K",360,"Y","K360Y",-0.0331899573551556
"N",361,"A","N361A",0.00908395927681883
"N",361,"C","N361C",-0.00683891932445087
"N",361,"D","N361D",-0.0184590959310707
"N",361,"E","N361E",0.00343299396810923
"N",361,"F","N361F",-0.175802184872181
"N",361,"G","N361G",-0.0281804369344312
"N",361,"H","N361H",-0.00826268504113117
"N",361,"I","N361I",-0.0154315961122307
"N",361,"K","N361K",-0.0396696667118408
"N",361,"L","N361L",0.0333019016695888
"N",361,"M","N361M",0.19002260300437
"N",361,"P","N361P",-0.0181677799499718
"N",361,"Q","N361Q",0.0941311928332278
"N",361,"R","N361R",-0.0499719878706713
"N",361,"S","N361S",-0.073144895307141
"N",361,"T","N361T",-0.0214560648776119
"N",361,"V","N361V",0.00154778227467964
"N",361,"W","N361W",0.17816501786505
"N",361,"Y","N361Y",-0.0543001379591117
"Q",362,"A","Q362A",-0.238076519690233
"Q",362,"C","Q362C",0.0968853844325477
"Q",362,"D","Q362D",0.365735429055997
"Q",362,"E","Q362E",-0.0541476737966026
"Q",362,"F","Q362F",-0.0382769901883327
"Q",362,"G","Q362G",-0.0759738223319826
"Q",362,"H","Q362H",0.124715610533027
"Q",362,"I","Q362I",-0.143810130683793
"Q",362,"K","Q362K",0.0804231645480879
"Q",362,"L","Q362L",0.106156019100297
"Q",362,"M","Q362M",-0.0929857335825526
"Q",362,"N","Q362N",0.093707861533937
"Q",362,"P","Q362P",0.176807145540588
"Q",362,"R","Q362R",-0.169901004648313
"Q",362,"S","Q362S",-0.0361629643943926
"Q",362,"T","Q362T",-0.0017034225053123
"Q",362,"V","Q362V",0.00414169725060651
"Q",362,"W","Q362W",-0.288327112327373
"Q",362,"Y","Q362Y",0.0907930621537966
"V",363,"A","V363A",0.0262834756589416
"V",363,"C","V363C",0.102801020419131
"V",363,"D","V363D",0.0337023320813914
"V",363,"E","V363E",0.129155646035281
"V",363,"F","V363F",0.0340310515488411
"V",363,"G","V363G",-0.219360553126509
"V",363,"H","V363H",0.0113323075336804
"V",363,"I","V363I",-0.36954424927874
"V",363,"K","V363K",-0.0267618643214382
"V",363,"L","V363L",-0.0186808280472592
"V",363,"M","V363M",-0.0121042544064391
"V",363,"N","V363N",0.267945929914501
"V",363,"P","V363P",0.0258413926264314
"V",363,"Q","V363Q",0.0531222804785407
"V",363,"R","V363R",0.0878714838027113
"V",363,"S","V363S",-0.146711133607709
"V",363,"T","V363T",0.0241227174972714
"V",363,"W","V363W",0.021483510188461
"V",363,"Y","V363Y",-0.0245302649970889
"S",364,"A","S364A",-0.0604482664783792
"S",364,"C","S364C",-0.00661956138665877
"S",364,"D","S364D",0.117712358199261
"S",364,"E","S364E",-0.0762268501905787
"S",364,"F","S364F",0.154544369273151
"S",364,"G","S364G",-0.0574632830398187
"S",364,"H","S364H",-0.200302504084149
"S",364,"I","S364I",-0.0613501612581084
"S",364,"K","S364K",-0.2489718973065
"S",364,"L","S364L",0.0577214635352517
"S",364,"M","S364M",0.17033980184001
"S",364,"N","S364N",-0.0191512404923896
"S",364,"P","S364P",-0.0395263737071094
"S",364,"Q","S364Q",0.0328974971448817
"S",364,"R","S364R",0.0323066874837908
"S",364,"T","S364T",-0.0296880585159791
"S",364,"V","S364V",0.0390316604081214
"S",364,"W","S364W",-0.0723641010375788
"S",364,"Y","S364Y",0.267558459612781
"L",365,"A","L365A",-0.108525426895937
"L",365,"C","L365C",0.078883934664713
"L",365,"D","L365D",-0.0865459483154372
"L",365,"E","L365E",0.134610995039873
"L",365,"F","L365F",0.0364768084343927
"L",365,"G","L365G",0.0583648503216425
"L",365,"H","L365H",-0.0554418007700562
"L",365,"I","L365I",-0.117373156484118
"L",365,"K","L365K",-0.0731154424965572
"L",365,"M","L365M",-0.223115442496557
"L",365,"N","L365N",0.146564230952603
"L",365,"P","L365P",0.0948792820162332
"L",365,"Q","L365Q",0.0243612081797524
"L",365,"R","L365R",-0.0136426468910669
"L",365,"S","L365S",-0.0072298445209374
"L",365,"T","L365T",0.0370427261388526
"L",365,"W","L365W",0.0078956632481235
"L",365,"Y","L365Y",0.0659100098744822
"T",366,"A","T366A",0.137227665531801
"T",366,"C","T366C",-0.0769926376169484
"T",366,"D","T366D",-0.105982901505628
"T",366,"E","T366E",-0.0109492633521584
"T",366,"F","T366F",0.161267442180022
"T",366,"G","T366G",0.118857194151012
"T",366,"H","T366H",0.177342224837471
"T",366,"I","T366I",-0.800824972946288
"T",366,"K","T366K",-0.343822285229698
"T",366,"L","T366L",0.172420791334102
"T",366,"M","T366M",0.231747093299782
"T",366,"N","T366N",0.110837243587491
"T",366,"P","T366P",0.118844334678751
"T",366,"Q","T366Q",0.0931753237791316
"T",366,"R","T366R",0.136107635201682
"T",366,"S","T366S",0.0662980757074112
"T",366,"V","T366V",-0.0674102748881584
"T",366,"W","T366W",-0.0899653863709984
"T",366,"Y","T366Y",-0.0281773023787774
"C",367,"A","C367A",0.0390384514735029
"C",367,"D","C367D",-0.209992359550326
"C",367,"E","C367E",0.023653316825283
"C",367,"F","C367F",-0.00684890652397728
"C",367,"G","C367G",0.00699093891017202
"C",367,"H","C367H",0.0143693451887927
"C",367,"I","C367I",0.0504739610437818
"C",367,"K","C367K",0.0471706062764918
"C",367,"L","C367L",0.239580142498393
"C",367,"M","C367M",0.117460533961403
"C",367,"N","C367N",0.101019539111152
"C",367,"P","C367P",-0.267248516134816
"C",367,"Q","C367Q",-0.0639180030350673
"C",367,"R","C367R",-0.376238058064358
"C",367,"S","C367S",0.126171277811843
"C",367,"T","C367T",-0.0264458050082873
"C",367,"V","C367V",0.111273881833072
"C",367,"W","C367W",0.0697303936260624
"C",367,"Y","C367Y",0.00375925975688242
"L",368,"A","L368A",0.0875949117904876
"L",368,"C","L368C",0.115090631136478
"L",368,"D","L368D",0.0555657888278977
"L",368,"F","L368F",0.0334438524688875
"L",368,"G","L368G",0.047996986587468
"L",368,"H","L368H",-0.236441781928522
"L",368,"I","L368I",0.0433631070489175
"L",368,"K","L368K",0.140293503817808
"L",368,"M","L368M",-0.259044403885962
"L",368,"N","L368N",0.205223455122818
"L",368,"P","L368P",0.0524759916640977
"L",368,"Q","L368Q",-0.180350207073222
"L",368,"R","L368R",-0.129033635543352
"L",368,"S","L368S",-0.000714614597982725
"L",368,"T","L368T",-0.0555027330848122
"L",368,"W","L368W",0.0658747541947581
"L",368,"Y","L368Y",0.014164393454238
"V",369,"A","V369A",0.115072570723399
"V",369,"C","V369C",0.073175706427758
"V",369,"D","V369D",-0.00844355160779221
"V",369,"E","V369E",-0.297112558268723
"V",369,"F","V369F",0.0666937328310277
"V",369,"G","V369G",0.0327479554502891
"V",369,"H","V369H",-0.248406975374772
"V",369,"I","V369I",-0.271136458159502
"V",369,"L","V369L",0.339540150620708
"V",369,"M","V369M",0.129809824559889
"V",369,"N","V369N",0.0440211012517588
"V",369,"P","V369P",-0.188746902210462
"V",369,"Q","V369Q",0.0305286405045483
"V",369,"R","V369R",0.0811672179493178
"V",369,"S","V369S",0.0163374513146683
"V",369,"W","V369W",0.0880094231501686
"V",369,"Y","V369Y",-0.00325732916228201
"K",370,"C","K370C",-0.0592345950134737
"K",370,"D","K370D",-0.0158703236534641
"K",370,"E","K370E",-0.0128920484353539
"K",370,"F","K370F",0.0463223152809564
"K",370,"G","K370G",0.0507895532091162
"K",370,"H","K370H",0.055611650889586
"K",370,"I","K370I",0.102373765490136
"K",370,"L","K370L",-0.0546626740985734
"K",370,"M","K370M",-0.104533581932024
"K",370,"N","K370N",-0.0709819432983241
"K",370,"P","K370P",0.0455188072634062
"K",370,"Q","K370Q",-0.160401269724564
"K",370,"R","K370R",-0.028255903253394
"K",370,"S","K370S",0.108905061847056
"K",370,"T","K370T",0.0159357212575659
"K",370,"V","K370V",-0.101863425953424
"K",370,"W","K370W",0.0257142975598756
"K",370,"Y","K370Y",0.157524592564896
"G",371,"A","G371A",0.0944699951753294
"G",371,"C","G371C",0.03719578070683
"G",371,"D","G371D",0.0293790147828896
"G",371,"E","G371E",-0.0253935722729506
"G",371,"F","G371F",-0.0133653489008405
"G",371,"H","G371H",0.0767688943528593
"G",371,"I","G371I",-0.0233126803905308
"G",371,"K","G371K",-0.0258367522903806
"G",371,"L","G371L",-0.0214718808232308
"G",371,"M","G371M",0.163267587765749
"G",371,"N","G371N",0.0340565715684798
"G",371,"P","G371P",-0.258226420329451
"G",371,"Q","G371Q",-0.111907347862961
"G",371,"R","G371R",-0.123606414039781
"G",371,"S","G371S",-0.110043704519231
"G",371,"T","G371T",0.0187362457968097
"G",371,"V","G371V",0.151666723938539
"G",371,"W","G371W",0.0796316130417796
"G",371,"Y","G371Y",0.02799169430009
"F",372,"A","F372A",-0.0828370890387178
"F",372,"D","F372D",-0.249809341473718
"F",372,"E","F372E",-0.103908675675988
"F",372,"G","F372G",0.240322362334632
"F",372,"H","F372H",0.177307910087572
"F",372,"I","F372I",-0.0566003675795976
"F",372,"K","F372K",-0.168226790574988
"F",372,"L","F372L",0.0544600606074617
"F",372,"M","F372M",0.174495401337792
"F",372,"N","F372N",0.229280277243782
"F",372,"P","F372P",-0.0892729120555678
"F",372,"Q","F372Q",-0.161224827188918
"F",372,"R","F372R",-0.148362777961668
"F",372,"S","F372S",-0.0183627779616675
"F",372,"T","F372T",0.0703392820340525
"F",372,"V","F372V",0.234459780916911
"F",372,"W","F372W",-0.105664797541778
"F",372,"Y","F372Y",0.00360528249040275
"Y",373,"A","Y373A",-0.0524868045113705
"Y",373,"C","Y373C",0.183114856506949
"Y",373,"D","Y373D",-0.298987704086201
"Y",373,"E","Y373E",0.135591639552759
"Y",373,"F","Y373F",-0.148978936136791
"Y",373,"G","Y373G",0.000484577082229258
"Y",373,"H","Y373H",-0.148117628324841
"Y",373,"I","Y373I",-0.11649374108843
"Y",373,"K","Y373K",-0.0852041623973303
"Y",373,"L","Y373L",0.0758439775230495
"Y",373,"M","Y373M",0.0716771120193895
"Y",373,"N","Y373N",-0.0739185043185202
"Y",373,"P","Y373P",0.0716664302655395
"Y",373,"Q","Y373Q",-0.0405517080103106
"Y",373,"R","Y373R",0.283922479633349
"Y",373,"S","Y373S",0.0622125717947195
"Y",373,"T","Y373T",0.0214933735783998
"Y",373,"V","Y373V",-0.0429996114700204
"Y",373,"W","Y373W",0.101731782387429
"P",374,"A","P374A",0.10603265147004
"P",374,"C","P374C",0.00482391810135978
"P",374,"D","P374D",-0.0297757597196094
"P",374,"E","P374E",0.0140165933031899
"P",374,"F","P374F",0.0953812455815001
"P",374,"G","P374G",0.13336027088581
"P",374,"H","P374H",-0.0381078705921306
"P",374,"I","P374I",-0.17002207774007
"P",374,"K","P374K",0.0542367948901101
"P",374,"L","P374L",0.0816760763202401
"P",374,"M","P374M",0.0631790843797203
"P",374,"N","P374N",0.08113320800545
"P",374,"Q","P374Q",0.17978799152179
"P",374,"R","P374R",-0.0352338944703701
"P",374,"S","P374S",0.111949365151429
"P",374,"T","P374T",0.109369373761009
"P",374,"V","P374V",-0.293560885184709
"P",374,"W","P374W",-0.143196356525709
"P",374,"Y","P374Y",-0.32504972913905
"S",375,"A","S375A",-0.160112390723124
"S",375,"C","S375C",-0.0623299808370955
"S",375,"D","S375D",-0.0450901967393248
"S",375,"E","S375E",0.126638052830975
"S",375,"F","S375F",0.0832834386797755
"S",375,"G","S375G",0.0531311082175453
"S",375,"H","S375H",0.208276337921906
"S",375,"I","S375I",-0.145391872657855
"S",375,"K","S375K",0.581308456714594
"S",375,"L","S375L",-0.0885825877057046
"S",375,"M","S375M",0.0350792836544059
"S",375,"N","S375N",0.0617755684822751
"S",375,"P","S375P",0.157501682616334
"S",375,"Q","S375Q",-0.135478202007955
"S",375,"R","S375R",-0.0637273624367548
"S",375,"T","S375T",-0.133512415968264
"S",375,"V","S375V",-0.391515928568025
"S",375,"W","S375W",-0.0475284726504647
"S",375,"Y","S375Y",-0.0337245188232446
"D",376,"A","D376A",0.0967634545268341
"D",376,"C","D376C",-0.0510151787074555
"D",376,"E","D376E",0.0402162887046051
"D",376,"F","D376F",-0.273353298374205
"D",376,"G","D376G",0.0483221652943744
"D",376,"H","D376H",0.163653894246925
"D",376,"I","D376I",-0.0432788946447449
"D",376,"K","D376K",-0.0186216218874655
"D",376,"L","D376L",-0.0960989185749253
"D",376,"M","D376M",-0.0198594072230254
"D",376,"N","D376N",0.033692506175595
"D",376,"P","D376P",0.0572620168579547
"D",376,"Q","D376Q",0.0645829694056541
"D",376,"R","D376R",-0.0234697503641454
"D",376,"S","D376S",0.0421773152940048
"D",376,"T","D376T",-0.0426530065477548
"D",376,"V","D376V",-0.0704890029744153
"D",376,"W","D376W",-0.0729318336496653
"D",376,"Y","D376Y",0.165100302441856
"I",377,"A","I377A",-0.0485458790572049
"I",377,"C","I377C",0.0999318749641745
"I",377,"D","I377D",-0.00114163131332502
"I",377,"E","I377E",-0.0323562121485949
"I",377,"F","I377F",-0.373819188096055
"I",377,"G","I377G",0.125881696960925
"I",377,"H","I377H",-0.188800708437975
"I",377,"K","I377K",0.00892448936459518
"I",377,"L","I377L",0.0829659441946651
"I",377,"M","I377M",0.138264834682995
"I",377,"N","I377N",0.177308729815675
"I",377,"P","I377P",-0.321639837695495
"I",377,"Q","I377Q",0.139993841545445
"I",377,"R","I377R",0.0334397730076643
"I",377,"S","I377S",-0.0431380326902649
"I",377,"T","I377T",0.293967691459995
"I",377,"V","I377V",0.184110089219835
"I",377,"Y","I377Y",-0.275347475777055
"A",378,"C","A378C",-0.055041029851672
"A",378,"D","A378D",0.247437404614759
"A",378,"E","A378E",0.0720953648182494
"A",378,"F","A378F",-0.337879475036771
"A",378,"G","A378G",0.153130601637208
"A",378,"H","A378H",0.107899849603949
"A",378,"I","A378I",-0.629990752773391
"A",378,"K","A378K",0.044676422034299
"A",378,"L","A378L",0.105137097226799
"A",378,"M","A378M",0.0500036846289484
"A",378,"N","A378N",0.00480485583044915
"A",378,"P","A378P",-0.3834923574572
"A",378,"Q","A378Q",0.242822549962329
"A",378,"R","A378R",0.141936120953189
"A",378,"S","A378S",0.20575783570369
"A",378,"T","A378T",0.0161110681827789
"A",378,"V","A378V",-0.034847003093811
"A",378,"W","A378W",-0.037499447802251
"A",378,"Y","A378Y",0.0869372108184487
"V",379,"A","V379A",0.0381358744943357
"V",379,"C","V379C",-0.0448105599082046
"V",379,"D","V379D",0.0515997140321357
"V",379,"E","V379E",0.000240290110635369
"V",379,"F","V379F",-0.0863388834234739
"V",379,"G","V379G",-0.0571639332296345
"V",379,"H","V379H",0.287991608003685
"V",379,"I","V379I",0.0398287263308946
"V",379,"K","V379K",-0.319403083601835
"V",379,"L","V379L",-0.0361097213305953
"V",379,"M","V379M",0.0138693623772253
"V",379,"N","V379N",0.000120792375454539
"V",379,"P","V379P",-0.00796043820074512
"V",379,"Q","V379Q",0.011943758056535
"V",379,"R","V379R",-0.0163936152109153
"V",379,"S","V379S",0.235419385692645
"V",379,"T","V379T",-0.0795093577393042
"V",379,"W","V379W",0.0977744548112454
"V",379,"Y","V379Y",-0.129234373640085
"E",380,"A","E380A",-0.0214068165075347
"E",380,"C","E380C",0.0863947352966049
"E",380,"D","E380D",0.0153957710352857
"E",380,"F","E380F",-0.0642289179263745
"E",380,"G","E380G",0.123552536625355
"E",380,"H","E380H",-0.167913192681465
"E",380,"I","E380I",0.0234504094742155
"E",380,"K","E380K",0.0229184879492262
"E",380,"L","E380L",-0.119738900070965
"E",380,"M","E380M",0.00469992564710568
"E",380,"N","E380N",0.00158828445177549
"E",380,"P","E380P",-0.0720690884278945
"E",380,"Q","E380Q",-0.0801302403105345
"E",380,"R","E380R",-0.0161598018358141
"E",380,"S","E380S",0.111110837907365
"E",380,"T","E380T",-0.0735754777655445
"E",380,"V","E380V",0.238551769256995
"E",380,"Y","E380Y",-0.0124403221178037
"W",381,"A","W381A",0.0552767503912891
"W",381,"C","W381C",-0.13090367366181
"W",381,"D","W381D",-0.75728331498246
"W",381,"E","W381E",-0.100503752407931
"W",381,"F","W381F",0.0766151094466897
"W",381,"G","W381G",-0.1173541637939
"W",381,"H","W381H",0.21635886973228
"W",381,"I","W381I",0.115110146121879
"W",381,"K","W381K",0.10250395268609
"W",381,"L","W381L",0.0219273748502796
"W",381,"M","W381M",0.221506421338339
"W",381,"N","W381N",-0.15562774154759
"W",381,"P","W381P",-0.0471531913650214
"W",381,"Q","W381Q",0.367150166386461
"W",381,"R","W381R",0.0420393650564689
"W",381,"S","W381S",0.00488854236499961
"W",381,"T","W381T",-0.25421577824824
"W",381,"V","W381V",0.111090585127799
"W",381,"Y","W381Y",0.22857433250438
"E",382,"A","E382A",0.00881681672572471
"E",382,"C","E382C",-0.0186582741756558
"E",382,"D","E382D",0.0863604966755646
"E",382,"F","E382F",-0.0541527905782351
"E",382,"G","E382G",0.0169068923502547
"E",382,"H","E382H",0.0327986194427545
"E",382,"I","E382I",-0.0246694889634949
"E",382,"K","E382K",-0.0147360359422848
"E",382,"L","E382L",-0.0800367053419251
"E",382,"M","E382M",0.144715041874425
"E",382,"N","E382N",0.0619549060225051
"E",382,"P","E382P",0.115108560937775
"E",382,"Q","E382Q",0.073184714896815
"E",382,"R","E382R",0.017221064886054
"E",382,"S","E382S",0.0132519668991948
"E",382,"T","E382T",-0.136024817554085
"E",382,"V","E382V",-0.154354882869575
"E",382,"W","E382W",0.0886259624069447
"E",382,"Y","E382Y",-0.176312047692755
"S",383,"A","S383A",-0.067994484943952
"S",383,"C","S383C",-0.208697292034851
"S",383,"D","S383D",0.0236122478285889
"S",383,"E","S383E",0.0513920286821883
"S",383,"F","S383F",0.0347780363586091
"S",383,"G","S383G",0.0788558612250385
"S",383,"H","S383H",-0.0841120497615122
"S",383,"I","S383I",-0.169909023754661
"S",383,"K","S383K",-0.235721171808891
"S",383,"L","S383L",0.100444779384618
"S",383,"M","S383M",-0.00641538247577125
"S",383,"N","S383N",0.174810421568139
"S",383,"P","S383P",0.353548205228718
"S",383,"Q","S383Q",-0.0793970566782514
"S",383,"R","S383R",0.116453153083388
"S",383,"T","S383T",-0.0359993181044913
"S",383,"V","S383V",0.0969503411676085
"S",383,"W","S383W",0.0178385554515492
"S",383,"Y","S383Y",-0.160437850416061
"N",384,"A","N384A",0.063454246264199
"N",384,"C","N384C",-0.00769294460995109
"N",384,"D","N384D",-0.0433039808278912
"N",384,"E","N384E",0.112762027907769
"N",384,"F","N384F",0.0470859854412989
"N",384,"G","N384G",-0.0367681633531708
"N",384,"H","N384H",0.0368494163864788
"N",384,"I","N384I",0.0229674928639186
"N",384,"K","N384K",-0.0677749501433511
"N",384,"L","N384L",-0.0189472524739708
"N",384,"M","N384M",-0.0466855292129912
"N",384,"P","N384P",-0.083193931322381
"N",384,"Q","N384Q",0.0477794018686289
"N",384,"R","N384R",0.0537061725209092
"N",384,"S","N384S",-0.0371527390036114
"N",384,"T","N384T",-0.00790664486248129
"N",384,"V","N384V",0.0305691922995384
"N",384,"W","N384W",0.0532840314199592
"N",384,"Y","N384Y",-0.1190318311629
"G",385,"A","G385A",0.0649268980617144
"G",385,"C","G385C",-0.0371025348955964
"G",385,"D","G385D",-0.105910521473376
"G",385,"E","G385E",0.146164197048304
"G",385,"F","G385F",0.00267958265993401
"G",385,"H","G385H",0.0541310299326241
"G",385,"I","G385I",0.0732917498341948
"G",385,"K","G385K",0.108421873869484
"G",385,"L","G385L",0.135395525684804
"G",385,"M","G385M",0.162129035931674
"G",385,"N","G385N",-0.0606448244842259
"G",385,"P","G385P",0.0602848353299946
"G",385,"Q","G385Q",-0.685563231363667
"G",385,"R","G385R",-0.0314658320023755
"G",385,"S","G385S",0.171245033202054
"G",385,"T","G385T",0.0783438737491745
"G",385,"V","G385V",0.0019840784120138
"G",385,"W","G385W",-0.0721452680820553
"G",385,"Y","G385Y",-0.066165501414676
"Q",386,"A","Q386A",-0.0403073402081231
"Q",386,"C","Q386C",-0.0299093404286326
"Q",386,"D","Q386D",-0.0288117982780427
"Q",386,"E","Q386E",0.089762103604027
"Q",386,"F","Q386F",-0.0988322026222936
"Q",386,"G","Q386G",-0.0662964322003023
"Q",386,"H","Q386H",-0.00919904280496259
"Q",386,"I","Q386I",0.060578262524847
"Q",386,"K","Q386K",0.0497457976164875
"Q",386,"L","Q386L",0.0520538239473869
"Q",386,"M","Q386M",0.073519203348418
"Q",386,"N","Q386N",0.067946991316228
"Q",386,"P","Q386P",-0.0854390113528731
"Q",386,"R","Q386R",-0.0715684223402124
"Q",386,"S","Q386S",0.0286829229754073
"Q",386,"V","Q386V",-0.0199975005589532
"Q",386,"W","Q386W",0.079568262761137
"Q",386,"Y","Q386Y",-0.0514962772995433
"P",387,"A","P387A",0.0619195040765709
"P",387,"C","P387C",0.0125368994506913
"P",387,"D","P387D",-0.00421378035566931
"P",387,"E","P387E",0.0966405244495713
"P",387,"F","P387F",0.100386710996551
"P",387,"G","P387G",0.109431009616432
"P",387,"H","P387H",0.068936069118531
"P",387,"I","P387I",0.0933803241257808
"P",387,"K","P387K",0.0213795572180612
"P",387,"M","P387M",-0.0915405471461188
"P",387,"N","P387N",0.0699808924725109
"P",387,"Q","P387Q",0.099015825143051
"P",387,"R","P387R",0.0150890863445611
"P",387,"S","P387S",-0.102804438065069
"P",387,"T","P387T",-0.00152221499511852
"P",387,"V","P387V",-0.390524733393459
"P",387,"W","P387W",0.0852303836515406
"P",387,"Y","P387Y",-0.243321072708419
"E",388,"A","E388A",0.0774362836203971
"E",388,"C","E388C",0.249339308311787
"E",388,"D","E388D",-0.0926922493822628
"E",388,"F","E388F",-0.0330734871107436
"E",388,"G","E388G",0.0543004813029278
"E",388,"H","E388H",0.00126157946038767
"E",388,"I","E388I",-0.00860758428602268
"E",388,"K","E388K",0.132578721978447
"E",388,"L","E388L",0.0850178004942173
"E",388,"M","E388M",-0.050214358678553
"E",388,"N","E388N",-0.000430836612652625
"E",388,"P","E388P",-0.109003638940763
"E",388,"Q","E388Q",-0.0743787358989935
"E",388,"R","E388R",0.178809548444547
"E",388,"S","E388S",-0.00902255933296289
"E",388,"T","E388T",-0.246858832026622
"E",388,"V","E388V",-0.0306792026101625
"E",388,"Y","E388Y",-0.123782238732973
"N",389,"A","N389A",-0.0342156353170337
"N",389,"C","N389C",-0.0397195780071641
"N",389,"D","N389D",-0.139797841712184
"N",389,"E","N389E",0.159065129509815
"N",389,"F","N389F",0.000210596109195512
"N",389,"G","N389G",0.110379936580256
"N",389,"H","N389H",-0.149856245706314
"N",389,"I","N389I",0.0522559283175164
"N",389,"K","N389K",-0.0662579044053246
"N",389,"L","N389L",-0.048595365356554
"N",389,"M","N389M",-0.00961677975909434
"N",389,"P","N389P",-0.0622297640544248
"N",389,"Q","N389Q",-0.0606387861929546
"N",389,"R","N389R",-0.0709527882867643
"N",389,"S","N389S",0.0314418476865562
"N",389,"T","N389T",0.0114806938244755
"N",389,"V","N389V",0.0233575676971359
"N",389,"W","N389W",0.114928336930086
"N",389,"Y","N389Y",0.178760652142777
"N",390,"A","N390A",0.0988766129292372
"N",390,"C","N390C",0.114452381273797
"N",390,"D","N390D",-0.115750741034673
"N",390,"E","N390E",0.0488958652677581
"N",390,"F","N390F",0.254158128277788
"N",390,"G","N390G",-0.0392203152739527
"N",390,"H","N390H",-0.0401089184388323
"N",390,"I","N390I",0.0637818591304272
"N",390,"K","N390K",0.131631316090927
"N",390,"L","N390L",-0.683795723376193
"N",390,"M","N390M",-0.206975476306193
"N",390,"P","N390P",-0.101967124953533
"N",390,"Q","N390Q",0.0436790132920673
"N",390,"R","N390R",0.0844789816203167
"N",390,"S","N390S",-0.0121081867596426
"N",390,"T","N390T",0.0254323011819769
"N",390,"V","N390V",0.287882859972058
"N",390,"W","N390W",-0.0469816276796135
"N",390,"Y","N390Y",0.0936387947862774
"Y",391,"A","Y391A",0.021967928063957
"Y",391,"C","Y391C",0.0128560651468078
"Y",391,"D","Y391D",0.0267358528730078
"Y",391,"E","Y391E",0.141971682710158
"Y",391,"F","Y391F",-0.604244993470282
"Y",391,"G","Y391G",0.277713135696638
"Y",391,"H","Y391H",-0.0104434572922821
"Y",391,"I","Y391I",0.104150369307848
"Y",391,"K","Y391K",0.288189078332118
"Y",391,"L","Y391L",0.102160444948098
"Y",391,"M","Y391M",-0.164383810956232
"Y",391,"N","Y391N",-0.221531253511502
"Y",391,"P","Y391P",0.170606221237108
"Y",391,"Q","Y391Q",-0.226399318938603
"Y",391,"R","Y391R",-0.0247619158077818
"Y",391,"S","Y391S",0.0542456012150986
"Y",391,"V","Y391V",0.175441612393758
"Y",391,"W","Y391W",-0.124273241947912
"K",392,"A","K392A",-0.0198404667065911
"K",392,"C","K392C",0.158801246187819
"K",392,"D","K392D",0.0337151175761194
"K",392,"E","K392E",0.18331514034025
"K",392,"F","K392F",-0.0367317099785112
"K",392,"G","K392G",0.1047139509235
"K",392,"H","K392H",-0.16169198139829
"K",392,"I","K392I",-0.0458599986572806
"K",392,"L","K392L",-0.0427859154647008
"K",392,"M","K392M",-0.0587121131393805
"K",392,"N","K392N",-0.11813221804576
"K",392,"P","K392P",-0.3438282734561
"K",392,"Q","K392Q",-0.105558503611101
"K",392,"R","K392R",0.207707376375579
"K",392,"S","K392S",0.0628482277222595
"K",392,"T","K392T",0.13777980236983
"K",392,"V","K392V",0.0836518364421401
"K",392,"W","K392W",0.0427116622407099
"K",392,"Y","K392Y",-0.0821031797204901
"T",393,"A","T393A",0.0195054161376419
"T",393,"C","T393C",-0.176493243221038
"T",393,"D","T393D",0.0752742464228021
"T",393,"E","T393E",-0.0110031302053673
"T",393,"F","T393F",-0.0166529319195673
"T",393,"G","T393G",-0.00192933391678754
"T",393,"H","T393H",-0.00160645272936794
"T",393,"I","T393I",-0.0643144231071279
"T",393,"K","T393K",0.174779634277402
"T",393,"L","T393L",-0.346810965763219
"T",393,"M","T393M",0.0748816237964921
"T",393,"N","T393N",0.0910179659091221
"T",393,"P","T393P",0.0376843236160817
"T",393,"Q","T393Q",0.0892278900950621
"T",393,"R","T393R",0.178284008289042
"T",393,"S","T393S",0.0190178201119024
"T",393,"V","T393V",-0.00469386921650764
"T",393,"W","T393W",-0.134556895484748
"T",393,"Y","T393Y",-0.00161168309181774
"T",394,"A","T394A",0.194334174572065
"T",394,"C","T394C",0.142605208685884
"T",394,"D","T394D",-0.0996624765431853
"T",394,"E","T394E",0.168191216318115
"T",394,"F","T394F",-0.262366186022695
"T",394,"G","T394G",0.0947429675993047
"T",394,"H","T394H",0.0481678138984848
"T",394,"I","T394I",-0.0706579861433853
"T",394,"K","T394K",-0.270546879907495
"T",394,"L","T394L",0.0977486906513549
"T",394,"M","T394M",-0.0204133973420753
"T",394,"N","T394N",-0.0194464955043953
"T",394,"P","T394P",0.0589231351856644
"T",394,"Q","T394Q",0.0172006423621347
"T",394,"R","T394R",-0.0656743769827253
"T",394,"S","T394S",0.229031165470475
"T",394,"V","T394V",-0.00016115391323529
"T",394,"W","T394W",-0.245766678506665
"T",394,"Y","T394Y",0.00375061612237571
"P",395,"A","P395A",0.0375450226918479
"P",395,"C","P395C",-0.132833482981052
"P",395,"D","P395D",0.121927728377778
"P",395,"E","P395E",-0.00125179094380212
"P",395,"F","P395F",-0.0013675190827922
"P",395,"G","P395G",-0.300127448519702
"P",395,"H","P395H",-0.0115666499384528
"P",395,"I","P395I",0.0783076661766679
"P",395,"K","P395K",0.170737659911288
"P",395,"L","P395L",-0.020184123075252
"P",395,"M","P395M",-0.145241418472282
"P",395,"N","P395N",-0.0458241140528115
"P",395,"Q","P395Q",0.0835496379112175
"P",395,"R","P395R",0.0681139024486776
"P",395,"S","P395S",0.0429882815312579
"P",395,"T","P395T",-0.055742508015092
"P",395,"V","P395V",-0.0231158426844325
"P",395,"W","P395W",0.0950073160281881
"P",395,"Y","P395Y",0.0390776826887486
"P",396,"A","P396A",0.03102798849937
"P",396,"C","P396C",-0.04887090008964
"P",396,"D","P396D",0.21642271495215
"P",396,"E","P396E",0.0873072841468498
"P",396,"F","P396F",0.00463845072919
"P",396,"G","P396G",0.133906620356971
"P",396,"H","P396H",0.01605625558485
"P",396,"I","P396I",-0.01909543655797
"P",396,"K","P396K",-0.42335598267993
"P",396,"L","P396L",-0.01974402534956
"P",396,"M","P396M",-0.02104150227773
"P",396,"N","P396N",-0.08829922956708
"P",396,"Q","P396Q",-0.08733950321842
"P",396,"R","P396R",-0.02494528857846
"P",396,"S","P396S",0.35034105497503
"P",396,"T","P396T",0.0823543949251496
"P",396,"V","P396V",-0.18056309558407
"P",396,"W","P396W",-0.05350301217331
"P",396,"Y","P396Y",0.04470321190661
"V",397,"A","V397A",0.053077288587453
"V",397,"C","V397C",0.116932293922393
"V",397,"D","V397D",-0.0237746220553668
"V",397,"E","V397E",0.0679791248099434
"V",397,"F","V397F",0.262400800620163
"V",397,"G","V397G",-0.0382332630138168
"V",397,"H","V397H",-0.233848730707337
"V",397,"I","V397I",0.0109538549949332
"V",397,"K","V397K",0.0639242332490135
"V",397,"L","V397L",-0.416447979077486
"V",397,"M","V397M",-0.271780271211368
"V",397,"N","V397N",-0.140881631193217
"V",397,"P","V397P",0.137743200663293
"V",397,"Q","V397Q",-0.0185610730127668
"V",397,"R","V397R",-0.0311036840082068
"V",397,"S","V397S",0.0585919612728038
"V",397,"T","V397T",0.256396189572692
"V",397,"W","V397W",0.0370954618079932
"V",397,"Y","V397Y",0.109536844778883
"L",398,"A","L398A",0.110906867970401
"L",398,"C","L398C",-0.156406075961728
"L",398,"D","L398D",0.014523196572971
"L",398,"E","L398E",0.129835255297763
"L",398,"F","L398F",0.135470537519682
"L",398,"G","L398G",-0.219068060942028
"L",398,"H","L398H",-0.174529533240749
"L",398,"I","L398I",0.106332055713382
"L",398,"K","L398K",-0.0023201144620079
"L",398,"M","L398M",0.177540365785282
"L",398,"N","L398N",0.0464408107155921
"L",398,"P","L398P",-4.47547549178983e-05
"L",398,"Q","L398Q",0.117475866467112
"L",398,"R","L398R",0.221952266611042
"L",398,"S","L398S",-0.177179673081358
"L",398,"T","L398T",-0.0730320979029883
"L",398,"V","L398V",0.135446986421191
"L",398,"W","L398W",-0.369780519791349
"L",398,"Y","L398Y",-0.0235633789372888
"D",399,"A","D399A",0.0222035641111305
"D",399,"C","D399C",0.0662160734134104
"D",399,"E","D399E",-0.014653313658619
"D",399,"F","D399F",0.0165938538338502
"D",399,"G","D399G",0.106108532885001
"D",399,"H","D399H",-0.0679342339594394
"D",399,"I","D399I",0.0237736657617812
"D",399,"K","D399K",-0.0433862779528197
"D",399,"L","D399L",0.0540528276360109
"D",399,"M","D399M",0.00706880497115057
"D",399,"N","D399N",-0.0529433243288898
"D",399,"P","D399P",0.0248903139842104
"D",399,"Q","D399Q",-0.01093649306424
"D",399,"R","D399R",-0.282682954357269
"D",399,"S","D399S",-0.123907908337439
"D",399,"T","D399T",0.0370543186218005
"D",399,"W","D399W",0.153176746034111
"D",399,"Y","D399Y",0.0853058044062608
"S",400,"A","S400A",0.0322019857620153
"S",400,"C","S400C",0.105983306265245
"S",400,"D","S400D",-0.0150538199286046
"S",400,"E","S400E",0.0485159084756552
"S",400,"F","S400F",0.019575761153265
"S",400,"G","S400G",-0.0940206492230548
"S",400,"H","S400H",0.207636474225545
"S",400,"I","S400I",-0.0184309977267545
"S",400,"K","S400K",0.0849240445152355
"S",400,"L","S400L",-0.0796705342005146
"S",400,"M","S400M",-0.225005707833815
"S",400,"N","S400N",0.0648657938139947
"S",400,"P","S400P",-0.00808394948135449
"S",400,"Q","S400Q",0.136198612643125
"S",400,"R","S400R",-0.0224580599231952
"S",400,"T","S400T",-0.0529577386452043
"S",400,"V","S400V",-0.0625989332866941
"S",400,"W","S400W",-0.074305448697205
"S",400,"Y","S400Y",-0.0473160479076848
"D",401,"A","D401A",-0.099592542335671
"D",401,"C","D401C",0.00363253543381857
"D",401,"E","D401E",-0.0231501429507618
"D",401,"F","D401F",0.0122794100801586
"D",401,"G","D401G",0.023930850615609
"D",401,"H","D401H",0.00655524228191847
"D",401,"I","D401I",0.030042200046818
"D",401,"K","D401K",0.162672502107368
"D",401,"L","D401L",-0.0294560985381215
"D",401,"M","D401M",0.0846389133832383
"D",401,"N","D401N",0.0413077920808584
"D",401,"P","D401P",0.053582271647218
"D",401,"Q","D401Q",0.0434197882191788
"D",401,"R","D401R",-0.219704886345782
"D",401,"S","D401S",0.00825645035978787
"D",401,"T","D401T",-0.180722280060672
"D",401,"V","D401V",0.0825774883662283
"D",401,"W","D401W",-0.0757440450079613
"D",401,"Y","D401Y",0.0754745506167688
"G",402,"A","G402A",0.0189153042784693
"G",402,"C","G402C",-0.179258244705431
"G",402,"D","G402D",-0.16368249844224
"G",402,"E","G402E",-0.0503254043024111
"G",402,"F","G402F",-0.0679330222988611
"G",402,"H","G402H",-0.0124956526668814
"G",402,"I","G402I",0.0717623804253793
"G",402,"K","G402K",-0.0705471633380611
"G",402,"L","G402L",0.145206147084249
"G",402,"M","G402M",-0.167770878173751
"G",402,"N","G402N",0.0733036139724787
"G",402,"P","G402P",-0.0688960215204711
"G",402,"Q","G402Q",0.159988304662088
"G",402,"R","G402R",-0.0902335587709011
"G",402,"S","G402S",0.138176848569219
"G",402,"T","G402T",0.115658876115759
"G",402,"V","G402V",-0.0169260709976906
"G",402,"W","G402W",0.0717059106639088
"G",402,"Y","G402Y",0.0933511294451486
"S",403,"A","S403A",0.213276036603363
"S",403,"C","S403C",0.0284820950984823
"S",403,"D","S403D",-0.110365149143597
"S",403,"E","S403E",-0.0954284343004373
"S",403,"F","S403F",0.0527562136313522
"S",403,"G","S403G",-0.0583532378302572
"S",403,"H","S403H",-0.0346742099288378
"S",403,"I","S403I",-0.0540772066696568
"S",403,"K","S403K",0.0258129584352327
"S",403,"L","S403L",-0.0338894693619868
"S",403,"M","S403M",-0.0605180393541973
"S",403,"N","S403N",0.0897030295532932
"S",403,"P","S403P",-0.185495105322156
"S",403,"Q","S403Q",-0.0585578319233973
"S",403,"R","S403R",-0.00215501862980805
"S",403,"T","S403T",-0.0723359460308881
"S",403,"V","S403V",0.170468627323593
"S",403,"W","S403W",0.0652597787870528
"S",403,"Y","S403Y",0.120090909062852
"F",404,"A","F404A",-0.223349240891279
"F",404,"C","F404C",0.282396602360951
"F",404,"D","F404D",0.306274008379641
"F",404,"E","F404E",-0.127664906651939
"F",404,"G","F404G",0.00821227621897065
"F",404,"H","F404H",0.354714735597231
"F",404,"I","F404I",-0.0533010580609794
"F",404,"K","F404K",-0.0104759712146704
"F",404,"L","F404L",0.311027689289411
"F",404,"M","F404M",0.0490207449573612
"F",404,"N","F404N",0.11656376711958
"F",404,"P","F404P",-0.77330105806098
"F",404,"Q","F404Q",-0.0188847766526194
"F",404,"R","F404R",-0.0192470459405594
"F",404,"S","F404S",0.000362775351559652
"F",404,"T","F404T",-0.432612466962939
"F",404,"V","F404V",-0.0458113026195894
"F",404,"W","F404W",0.106460387724891
"F",404,"Y","F404Y",0.169614840055961
"F",405,"A","F405A",0.0693989025557301
"F",405,"C","F405C",0.17448020793158
"F",405,"D","F405D",0.160804133200861
"F",405,"E","F405E",0.0197636409084499
"F",405,"G","F405G",-0.0643669953729001
"F",405,"H","F405H",0.00867691298040972
"F",405,"I","F405I",0.18690847813063
"F",405,"K","F405K",0.3468750355019
"F",405,"L","F405L",0.15813159175889
"F",405,"M","F405M",0.16807583217781
"F",405,"N","F405N",-0.11380974600624
"F",405,"P","F405P",-0.33124507791117
"F",405,"Q","F405Q",-0.2755886282745
"F",405,"R","F405R",-0.45119901747951
"F",405,"S","F405S",0.0375312595439901
"F",405,"T","F405T",-0.15037470824518
"F",405,"V","F405V",-0.00966409912798938
"F",405,"W","F405W",-0.0587257671209601
"F",405,"Y","F405Y",0.1243280448482
"L",406,"A","L406A",0.033548088416555
"L",406,"C","L406C",-0.120010486114665
"L",406,"D","L406D",0.152638119886775
"L",406,"E","L406E",-0.00806287905684538
"L",406,"F","L406F",-0.140913133031425
"L",406,"G","L406G",-0.0633684990482344
"L",406,"H","L406H",-0.205317610904865
"L",406,"I","L406I",0.0515927213597646
"L",406,"K","L406K",0.166679806127985
"L",406,"M","L406M",-0.0360930464671161
"L",406,"N","L406N",0.0847979030166752
"L",406,"P","L406P",0.113321550485435
"L",406,"Q","L406Q",0.081339994619975
"L",406,"R","L406R",0.109865552804395
"L",406,"S","L406S",-0.0843650048035654
"L",406,"T","L406T",0.0811141534176944
"L",406,"V","L406V",0.0892848585418444
"L",406,"W","L406W",0.00161302002887482
"L",406,"Y","L406Y",-0.307665109279255
"Y",407,"A","Y407A",-0.0419034300592645
"Y",407,"C","Y407C",0.101138915008425
"Y",407,"D","Y407D",-0.0396009881386743
"Y",407,"E","Y407E",-0.00198180875588455
"Y",407,"F","Y407F",0.172924296067245
"Y",407,"G","Y407G",0.0444976318716354
"Y",407,"H","Y407H",0.123243765909565
"Y",407,"I","Y407I",0.0323133859978559
"Y",407,"K","Y407K",-0.113498810599785
"Y",407,"L","Y407L",-0.00690112846297485
"Y",407,"M","Y407M",0.00232046462251535
"Y",407,"N","Y407N",0.0999087904313452
"Y",407,"P","Y407P",-0.374034828976695
"Y",407,"Q","Y407Q",-0.109013950854945
"Y",407,"R","Y407R",0.123594335218305
"Y",407,"S","Y407S",0.0770595994074356
"Y",407,"T","Y407T",-0.0488722748388749
"Y",407,"V","Y407V",-0.0406690585710651
"Y",407,"W","Y407W",-0.000524905276164948
"S",408,"A","S408A",0.0999572679758728
"S",408,"C","S408C",-0.0154994680619881
"S",408,"D","S408D",-0.153253524342678
"S",408,"E","S408E",0.0550162861985721
"S",408,"F","S408F",-0.143793395779448
"S",408,"G","S408G",0.129086732481193
"S",408,"H","S408H",-0.230795391056499
"S",408,"I","S408I",0.0754063210868322
"S",408,"K","S408K",-0.0523388364771776
"S",408,"L","S408L",0.0675074047852021
"S",408,"N","S408N",0.118260193369892
"S",408,"P","S408P",-0.234778103007148
"S",408,"Q","S408Q",-0.0884168866029278
"S",408,"R","S408R",-0.0337189016527178
"S",408,"T","S408T",0.159148205644912
"S",408,"V","S408V",-0.00164587546892798
"S",408,"W","S408W",0.154579364965012
"S",408,"Y","S408Y",0.0952786059420227
"K",409,"A","K409A",0.23133664375121
"K",409,"C","K409C",-0.0079446774355505
"K",409,"D","K409D",0.0827789477870597
"K",409,"E","K409E",0.14963090109573
"K",409,"F","K409F",0.13454726514007
"K",409,"G","K409G",0.15326164515842
"K",409,"H","K409H",0.00160767918759051
"K",409,"I","K409I",0.166024861271231
"K",409,"L","K409L",-0.12433023779154
"K",409,"M","K409M",-0.0613445373123999
"K",409,"N","K409N",-0.60246463728827
"K",409,"P","K409P",-0.0391938319546099
"K",409,"Q","K409Q",-0.30846645122326
"K",409,"R","K409R",0.0482063825873897
"K",409,"S","K409S",0.04065166651222
"K",409,"T","K409T",0.0460461624616694
"K",409,"V","K409V",0.0231556916737307
"K",409,"W","K409W",0.0026970547288396
"K",409,"Y","K409Y",0.0637994716504701
"L",410,"A","L410A",0.101518921143511
"L",410,"C","L410C",0.141204319233911
"L",410,"D","L410D",-0.0649652746608189
"L",410,"E","L410E",0.103623745557111
"L",410,"F","L410F",-0.0598080532902094
"L",410,"G","L410G",0.0769053200223811
"L",410,"H","L410H",-0.0388387723819385
"L",410,"I","L410I",-0.233624912914839
"L",410,"K","L410K",-0.069269055121389
"L",410,"M","L410M",-0.130299841417129
"L",410,"N","L410N",0.177688706517861
"L",410,"Q","L410Q",0.0762562752027521
"L",410,"R","L410R",-0.0571725391277584
"L",410,"S","L410S",0.0638095247165711
"L",410,"T","L410T",-0.0720854194928395
"L",410,"V","L410V",-0.0589471152373986
"L",410,"W","L410W",-0.0600425088912693
"L",410,"Y","L410Y",0.104046680141491
"T",411,"A","T411A",0.151611690575222
"T",411,"C","T411C",-0.00186428273674709
"T",411,"D","T411D",-0.186974493228428
"T",411,"E","T411E",0.0664374544569821
"T",411,"F","T411F",0.0342090194906516
"T",411,"G","T411G",-0.161112170837958
"T",411,"H","T411H",0.0161679603638626
"T",411,"I","T411I",-0.060018042610168
"T",411,"K","T411K",-0.0871338261844679
"T",411,"L","T411L",0.0886214085797727
"T",411,"M","T411M",-0.0986504058921579
"T",411,"N","T411N",-0.0924982808910782
"T",411,"P","T411P",0.00104646149358269
"T",411,"Q","T411Q",-0.0154730864453983
"T",411,"R","T411R",0.0334504381102027
"T",411,"S","T411S",0.0371084667959016
"T",411,"V","T411V",0.0455559400560423
"T",411,"W","T411W",0.100682227623012
"T",411,"Y","T411Y",0.128833521281171
"V",412,"A","V412A",0.136273079789012
"V",412,"C","V412C",0.245511403308822
"V",412,"D","V412D",0.022639276180051
"V",412,"E","V412E",0.0720949197947015
"V",412,"F","V412F",0.0439293906193619
"V",412,"G","V412G",0.0520776192927917
"V",412,"H","V412H",-0.377164157192448
"V",412,"I","V412I",0.0689161467232918
"V",412,"K","V412K",-0.0421892234055587
"V",412,"L","V412L",0.0340312002497719
"V",412,"M","V412M",-0.0491974008019184
"V",412,"N","V412N",0.057255775910172
"V",412,"P","V412P",-0.00392265089037843
"V",412,"Q","V412Q",-0.203111093445868
"V",412,"R","V412R",-0.0676821499693282
"V",412,"S","V412S",0.0275641159003318
"V",412,"T","V412T",-0.0138848128098685
"V",412,"W","V412W",-0.0297482935137189
"V",412,"Y","V412Y",0.0266068542607812
"D",413,"A","D413A",0.0943160311387723
"D",413,"C","D413C",-0.00998767768638748
"D",413,"E","D413E",0.0151602528169523
"D",413,"F","D413F",0.0174392531727722
"D",413,"G","D413G",-0.0715067743754874
"D",413,"H","D413H",-0.0892756963773581
"D",413,"I","D413I",-0.0720178137510573
"D",413,"K","D413K",-0.139810430920177
"D",413,"L","D413L",0.229762871338021
"D",413,"M","D413M",0.133377303073603
"D",413,"N","D413N",-0.0570990560489476
"D",413,"P","D413P",0.0529404539299822
"D",413,"Q","D413Q",0.0142673944156517
"D",413,"R","D413R",-0.0352944751476476
"D",413,"S","D413S",0.0252397083570718
"D",413,"V","D413V",-0.0151997775189184
"D",413,"W","D413W",-0.0939369048275277
"D",413,"Y","D413Y",0.00162533841068162
"K",414,"A","K414A",0.0688843620672586
"K",414,"C","K414C",-0.0154134124486314
"K",414,"D","K414D",0.0138664004678981
"K",414,"E","K414E",0.0664976814903984
"K",414,"F","K414F",0.0466545973811483
"K",414,"G","K414G",-0.183140486326932
"K",414,"H","K414H",-0.0120307452050819
"K",414,"I","K414I",0.0040826010224988
"K",414,"L","K414L",0.054847533416198
"K",414,"M","K414M",-0.0365845608721323
"K",414,"N","K414N",-0.102137376924452
"K",414,"P","K414P",0.0254209516989086
"K",414,"Q","K414Q",0.0366014466493283
"K",414,"R","K414R",0.0425256255817183
"K",414,"S","K414S",-0.090527149925892
"K",414,"T","K414T",-0.0527548478021513
"K",414,"W","K414W",0.124489489787338
"K",414,"Y","K414Y",0.0087178899425782
"S",415,"A","S415A",-0.0270524459770512
"S",415,"C","S415C",-0.11582006551198
"S",415,"D","S415D",-0.111447682675301
"S",415,"E","S415E",-0.0987807021581609
"S",415,"F","S415F",-0.0481290951373908
"S",415,"G","S415G",-0.132276753494742
"S",415,"H","S415H",0.133248765325879
"S",415,"I","S415I",-0.0993111342372619
"S",415,"K","S415K",0.211931959124109
"S",415,"L","S415L",0.173537250093209
"S",415,"M","S415M",-0.0886970146085509
"S",415,"N","S415N",0.0499844343998087
"S",415,"P","S415P",0.0330564921269686
"S",415,"Q","S415Q",0.0134420075605791
"S",415,"R","S415R",-0.0996690093177119
"S",415,"T","S415T",0.0895701193805491
"S",415,"V","S415V",0.0535298292461385
"S",415,"W","S415W",0.0520366658546497
"S",415,"Y","S415Y",0.0108463800062592
"R",416,"A","R416A",0.0190901647765989
"R",416,"C","R416C",0.0369687487363688
"R",416,"D","R416D",-0.0367084717592814
"R",416,"E","R416E",-0.0298475771160813
"R",416,"F","R416F",-0.0461171525174606
"R",416,"G","R416G",-5.37225284808866e-05
"R",416,"H","R416H",-0.182172147748451
"R",416,"I","R416I",0.0893003193071289
"R",416,"K","R416K",-0.2183117915522
"R",416,"L","R416L",0.0430991289200291
"R",416,"M","R416M",-0.0528143663456708
"R",416,"N","R416N",0.147855810829959
"R",416,"P","R416P",0.0228100177893493
"R",416,"Q","R416Q",-0.0443452824886013
"R",416,"S","R416S",0.171695564147199
"R",416,"T","R416T",0.0271277221748285
"R",416,"V","R416V",0.148780773548438
"R",416,"W","R416W",0.0666535846574687
"R",416,"Y","R416Y",-0.16301132283114
"W",417,"A","W417A",0.116403859037332
"W",417,"C","W417C",-0.00334441113697987
"W",417,"D","W417D",-0.10313971315481
"W",417,"E","W417E",-0.12877319741711
"W",417,"F","W417F",0.011380783292771
"W",417,"G","W417G",-0.129828209254799
"W",417,"H","W417H",0.00826650619297003
"W",417,"I","W417I",0.105273194847071
"W",417,"K","W417K",0.251385744760961
"W",417,"L","W417L",0.131554026268522
"W",417,"M","W417M",-0.0799854360146198
"W",417,"N","W417N",0.0135536696701707
"W",417,"P","W417P",0.0238933603402804
"W",417,"Q","W417Q",0.0358192999228403
"W",417,"R","W417R",0.0447351231640604
"W",417,"S","W417S",-0.13471824775106
"W",417,"T","W417T",-0.020542130833829
"W",417,"V","W417V",-0.0504565881394995
"W",417,"Y","W417Y",-0.0914776337942698
"Q",418,"A","Q418A",0.0476861638996805
"Q",418,"C","Q418C",-0.0151653737434994
"Q",418,"D","Q418D",-0.12824571766334
"Q",418,"E","Q418E",0.13127573422996
"Q",418,"F","Q418F",-0.286386980807349
"Q",418,"G","Q418G",0.0102426706547
"Q",418,"H","Q418H",-0.258392499652249
"Q",418,"I","Q418I",0.10181547256001
"Q",418,"K","Q418K",-0.0239297268741692
"Q",418,"L","Q418L",0.0835255825223905
"Q",418,"M","Q418M",0.142089377665761
"Q",418,"N","Q418N",0.0989056266669509
"Q",418,"P","Q418P",0.0108796208933203
"Q",418,"R","Q418R",-0.206324667889819
"Q",418,"S","Q418S",0.0448736033710308
"Q",418,"T","Q418T",0.0137436877664707
"Q",418,"V","Q418V",0.0817869713925101
"Q",418,"W","Q418W",0.11020534861614
"Q",418,"Y","Q418Y",0.0414151063915002
"Q",419,"A","Q419A",0.18979115230854
"Q",419,"C","Q419C",-0.0830919849846797
"Q",419,"D","Q419D",0.0639860352126605
"Q",419,"E","Q419E",0.0686931207752804
"Q",419,"F","Q419F",0.0162561325434097
"Q",419,"G","Q419G",-0.0955073000241191
"Q",419,"H","Q419H",0.0519140049077394
"Q",419,"I","Q419I",-0.20595708283092
"Q",419,"K","Q419K",0.07519915497982
"Q",419,"L","Q419L",0.1057976549736
"Q",419,"M","Q419M",0.0730818615790396
"Q",419,"N","Q419N",-0.0290224761013407
"Q",419,"P","Q419P",0.0330927431114605
"Q",419,"R","Q419R",-0.20023763025546
"Q",419,"S","Q419S",-0.12163848384014
"Q",419,"T","Q419T",0.11148082390824
"Q",419,"V","Q419V",0.0803339210803097
"Q",419,"W","Q419W",-0.10612049621768
"Q",419,"Y","Q419Y",-0.0280511511257602
"G",420,"A","G420A",-0.0840586889914845
"G",420,"C","G420C",0.128976307957295
"G",420,"D","G420D",0.0498840047143055
"G",420,"E","G420E",-0.0619415904571547
"G",420,"F","G420F",0.114710966537875
"G",420,"H","G420H",-0.064639548131494
"G",420,"I","G420I",-0.00501969331858503
"G",420,"K","G420K",-0.0497727306123843
"G",420,"L","G420L",-0.102011436112155
"G",420,"M","G420M",0.0271364522885853
"G",420,"N","G420N",0.0177250569411354
"G",420,"P","G420P",0.019666663228795
"G",420,"Q","G420Q",-0.0671789463068352
"G",420,"R","G420R",-0.0328589823254055
"G",420,"S","G420S",-0.00274116061365473
"G",420,"T","G420T",0.130242961055315
"G",420,"V","G420V",0.000815035112095269
"G",420,"W","G420W",0.0469596766237453
"G",420,"Y","G420Y",-0.0658943475899946
"N",421,"A","N421A",0.137234232798219
"N",421,"C","N421C",-0.0415501274179505
"N",421,"D","N421D",0.106740606983939
"N",421,"E","N421E",-0.0123943725295709
"N",421,"F","N421F",-0.305903937277551
"N",421,"G","N421G",-0.0400145604375114
"N",421,"H","N421H",0.121989469283519
"N",421,"I","N421I",0.173035175419198
"N",421,"K","N421K",0.0381674428919284
"N",421,"L","N421L",0.108608553826689
"N",421,"M","N421M",-0.208792228225901
"N",421,"P","N421P",0.0106624449462197
"N",421,"Q","N421Q",0.0619208464467492
"N",421,"R","N421R",0.0245222409823288
"N",421,"S","N421S",0.0261024602603686
"N",421,"T","N421T",-0.0777641913785813
"N",421,"V","N421V",-0.116804039072412
"N",421,"W","N421W",-0.0711768599894504
"N",421,"Y","N421Y",0.0654168424897688
"V",422,"A","V422A",-0.0870472355602049
"V",422,"C","V422C",0.00513413154850659
"V",422,"D","V422D",-0.175585563226254
"V",422,"E","V422E",-0.00692955960421461
"V",422,"F","V422F",-0.0614980289689543
"V",422,"G","V422G",-0.0747141904402243
"V",422,"H","V422H",0.0274630591253361
"V",422,"I","V422I",-0.0861596716380145
"V",422,"K","V422K",0.0173629863392154
"V",422,"L","V422L",0.141554782684077
"V",422,"M","V422M",0.0198492903906352
"V",422,"N","V422N",0.0109110521230361
"V",422,"P","V422P",0.00237922311027499
"V",422,"Q","V422Q",0.0220230009930255
"V",422,"R","V422R",-0.0192194673604243
"V",422,"S","V422S",0.146948668153386
"V",422,"T","V422T",0.0683390794151361
"V",422,"W","V422W",-0.0390770891288842
"V",422,"Y","V422Y",0.0882655320445468
"F",423,"A","F423A",-0.1539203405909
"F",423,"C","F423C",0.43751209962137
"F",423,"D","F423D",-0.0310119329931591
"F",423,"E","F423E",-0.0575824952582393
"F",423,"G","F423G",-0.22156406907613
"F",423,"H","F423H",-0.131505107132
"F",423,"I","F423I",0.0764837668100005
"F",423,"K","F423K",0.0313261893095205
"F",423,"L","F423L",-0.0315458140104599
"F",423,"M","F423M",0.0573891096933008
"F",423,"N","F423N",-0.0681602728083388
"F",423,"P","F423P",-0.0542368031155296
"F",423,"Q","F423Q",-0.0915087858024396
"F",423,"R","F423R",0.10459556466924
"F",423,"S","F423S",0.0296422730952606
"F",423,"T","F423T",0.00149358110285065
"F",423,"V","F423V",0.0497318228784605
"F",423,"W","F423W",-0.0449015559026296
"F",423,"Y","F423Y",0.0977627695098211
"S",424,"A","S424A",0.00366381327560356
"S",424,"C","S424C",-0.0956476477655769
"S",424,"D","S424D",-0.0465754186324558
"S",424,"E","S424E",0.176132540878064
"S",424,"F","S424F",0.0228185059537037
"S",424,"G","S424G",-0.128049891661195
"S",424,"H","S424H",-0.183962169378386
"S",424,"I","S424I",0.0800958744620635
"S",424,"K","S424K",0.108142633242824
"S",424,"L","S424L",-0.0479465016791167
"S",424,"M","S424M",-0.0350736780349169
"S",424,"N","S424N",0.0294126813021636
"S",424,"P","S424P",-0.0920779706583367
"S",424,"Q","S424Q",-0.164178227935346
"S",424,"R","S424R",0.0208819921629838
"S",424,"T","S424T",0.0127074944214039
"S",424,"V","S424V",0.0878228458074147
"S",424,"W","S424W",0.409400018812144
"S",424,"Y","S424Y",-0.157566894573036
"C",425,"A","C425A",-0.0239972897293095
"C",425,"D","C425D",-0.15928276637247
"C",425,"E","C425E",-0.395563294433468
"C",425,"F","C425F",-0.103035680962599
"C",425,"G","C425G",0.00158235295160032
"C",425,"H","C425H",0.140868785623231
"C",425,"I","C425I",0.16958715391873
"C",425,"K","C425K",0.0575185622133202
"C",425,"L","C425L",0.124725233414781
"C",425,"M","C425M",0.0921638013580299
"C",425,"N","C425N",0.359196635398251
"C",425,"P","C425P",0.125161230357071
"C",425,"Q","C425Q",-0.17131497367906
"C",425,"R","C425R",-0.0903661298652595
"C",425,"S","C425S",-0.0523432457952395
"C",425,"T","C425T",0.326483136739641
"C",425,"V","C425V",0.0342865603349604
"C",425,"W","C425W",-0.45462254821822
"C",425,"Y","C425Y",0.0189524767460111
"S",426,"A","S426A",-0.0489667802007506
"S",426,"C","S426C",-0.0320368776088213
"S",426,"D","S426D",-0.269254457983981
"S",426,"E","S426E",-0.426208992442951
"S",426,"F","S426F",0.0949660551136089
"S",426,"G","S426G",0.0933185808186293
"S",426,"H","S426H",0.0350822677617992
"S",426,"I","S426I",0.199191498765499
"S",426,"K","S426K",0.096573181258379
"S",426,"L","S426L",0.148443984326409
"S",426,"M","S426M",0.0281021290844891
"S",426,"N","S426N",0.00135193653126874
"S",426,"P","S426P",-0.00193149520139126
"S",426,"Q","S426Q",-0.107895358304331
"S",426,"R","S426R",0.0658424753150989
"S",426,"T","S426T",0.184683161283269
"S",426,"V","S426V",0.0530813905698984
"S",426,"W","S426W",0.000923377911168942
"S",426,"Y","S426Y",-0.115266076997291
"V",427,"A","V427A",-0.35473029636171
"V",427,"C","V427C",0.054047163087831
"V",427,"D","V427D",-0.0652230612261308
"V",427,"E","V427E",-0.10699936773671
"V",427,"F","V427F",0.0132807741332197
"V",427,"G","V427G",0.102486996785569
"V",427,"H","V427H",0.0343444732149995
"V",427,"I","V427I",0.10145408967072
"V",427,"K","V427K",0.2290415862677
"V",427,"L","V427L",0.0871543056690802
"V",427,"M","V427M",-0.205807219126579
"V",427,"N","V427N",0.14330248215174
"V",427,"P","V427P",0.204539724614871
"V",427,"Q","V427Q",0.22037067953676
"V",427,"R","V427R",-0.00305506068533043
"V",427,"S","V427S",-0.0356733829416198
"V",427,"T","V427T",-0.294942101857981
"V",427,"W","V427W",-0.0221488680582303
"V",427,"Y","V427Y",-0.101442917138201
"M",428,"A","M428A",0.00522406024125478
"M",428,"C","M428C",-0.0557967240832757
"M",428,"D","M428D",0.0457096468682643
"M",428,"E","M428E",-0.0340457668001956
"M",428,"F","M428F",0.198776039723063
"M",428,"G","M428G",0.229431591451624
"M",428,"H","M428H",-0.0483642493359857
"M",428,"I","M428I",0.148198728008635
"M",428,"K","M428K",-0.0788076365801657
"M",428,"L","M428L",0.0248053650157943
"M",428,"N","M428N",0.0463499649107142
"M",428,"P","M428P",1.37287623243748e-05
"M",428,"Q","M428Q",0.0502890583024938
"M",428,"R","M428R",0.000371888890263974
"M",428,"S","M428S",0.116495097845104
"M",428,"T","M428T",0.0967734724876142
"M",428,"V","M428V",-0.0185354297181658
"M",428,"W","M428W",-0.0945567850877057
"M",428,"Y","M428Y",-0.632332050901656
"H",429,"A","H429A",0.0607446141762836
"H",429,"C","H429C",0.220130224741074
"H",429,"D","H429D",0.0384704795749141
"H",429,"E","H429E",-0.0222594389861272
"H",429,"F","H429F",-0.212536935824946
"H",429,"G","H429G",0.210753007643194
"H",429,"I","H429I",-0.222800240866326
"H",429,"K","H429K",-0.251813667504376
"H",429,"L","H429L",-0.236512128092696
"H",429,"M","H429M",0.173319733262014
"H",429,"P","H429P",0.290744614176284
"H",429,"Q","H429Q",0.111842551228614
"H",429,"R","H429R",-0.376722052490385
"H",429,"S","H429S",0.182785104530184
"H",429,"T","H429T",0.221352578710344
"H",429,"V","H429V",0.145362135354204
"H",429,"W","H429W",-0.348120878436546
"H",429,"Y","H429Y",0.0152602988042946
"E",430,"A","E430A",0.0398832850932294
"E",430,"C","E430C",-0.0549236737889406
"E",430,"D","E430D",-0.675354236732821
"E",430,"F","E430F",0.0540643224762698
"E",430,"G","E430G",0.0324008826889999
"E",430,"H","E430H",0.0584265699126998
"E",430,"I","E430I",0.210882447297939
"E",430,"K","E430K",0.188628712055949
"E",430,"L","E430L",0.112686362038519
"E",430,"M","E430M",0.0219130692731892
"E",430,"N","E430N",-0.0848910639564106
"E",430,"P","E430P",0.0518716064245399
"E",430,"Q","E430Q",-0.0941772974796206
"E",430,"R","E430R",0.189781946988579
"E",430,"S","E430S",0.00127846534600962
"E",430,"T","E430T",0.130280109393289
"E",430,"V","E430V",-0.0492991577639004
"E",430,"W","E430W",0.00203236108759942
"E",430,"Y","E430Y",-0.135484710355121
"L",432,"A","L432A",-0.00509213410342524
"L",432,"C","L432C",-0.0729979320220147
"L",432,"D","L432D",0.0232103798629057
"L",432,"E","L432E",0.0219037740407252
"L",432,"G","L432G",0.100789860007694
"L",432,"H","L432H",-0.0175785966998948
"L",432,"I","L432I",0.0565833608173548
"L",432,"K","L432K",-0.0078900736771047
"L",432,"M","L432M",0.042807622066745
"L",432,"N","L432N",-0.0581605183379748
"L",432,"P","L432P",-0.210623763315805
"L",432,"Q","L432Q",0.0356659810245853
"L",432,"R","L432R",-0.184535279432436
"L",432,"S","L432S",0.0877043309102449
"L",432,"T","L432T",0.152797486058545
"L",432,"V","L432V",0.0226388926314755
"L",432,"W","L432W",-0.00971836354806543
"L",432,"Y","L432Y",0.0224949737164447
"H",433,"A","H433A",-0.189478240904149
"H",433,"C","H433C",0.13968134097763
"H",433,"D","H433D",0.0465847664881208
"H",433,"E","H433E",-0.0360756809534694
"H",433,"F","H433F",0.14214299998079
"H",433,"G","H433G",0.13038718891163
"H",433,"I","H433I",0.0683110493266611
"H",433,"K","H433K",0.10997912686806
"H",433,"L","H433L",0.07217072412934
"H",433,"M","H433M",0.0615750499046804
"H",433,"N","H433N",0.0381809382480803
"H",433,"P","H433P",-0.0189186910294991
"H",433,"Q","H433Q",0.13115737049675
"H",433,"R","H433R",-0.0127231325336096
"H",433,"S","H433S",-0.26752190939837
"H",433,"T","H433T",-0.36845429095555
"H",433,"V","H433V",-0.0013499318965295
"H",433,"W","H433W",0.0452890583024304
"H",433,"Y","H433Y",-0.0909377359629996
"N",434,"A","N434A",0.00622099110277236
"N",434,"C","N434C",0.139855567665782
"N",434,"D","N434D",0.0120103834217621
"N",434,"E","N434E",0.024543459186993
"N",434,"F","N434F",0.112074236152192
"N",434,"G","N434G",0.0693370098464323
"N",434,"H","N434H",-0.103332790559098
"N",434,"I","N434I",2.52260922525629e-05
"N",434,"K","N434K",0.0120694796151125
"N",434,"L","N434L",-0.0161203122624876
"N",434,"P","N434P",0.0382373349909228
"N",434,"Q","N434Q",-0.0264691137801181
"N",434,"R","N434R",0.0749522843540424
"N",434,"S","N434S",-0.631992614249058
"N",434,"T","N434T",0.00180614071846206
"N",434,"W","N434W",0.130113178118121
"N",434,"Y","N434Y",0.156669539585913
"H",435,"A","H435A",-0.00436816912612246
"H",435,"C","H435C",0.216655175329748
"H",435,"D","H435D",0.0665303410375175
"H",435,"E","H435E",0.142330764826188
"H",435,"F","H435F",0.0268428629732078
"H",435,"G","H435G",-0.0392629994236025
"H",435,"I","H435I",0.0229565792169381
"H",435,"K","H435K",0.0936519038827378
"H",435,"L","H435L",0.00324133826850744
"H",435,"M","H435M",-0.209720899044202
"H",435,"N","H435N",-0.240246773993732
"H",435,"P","H435P",0.0648314470190385
"H",435,"Q","H435Q",-0.0109533975757118
"H",435,"R","H435R",-0.113278036480842
"H",435,"S","H435S",-0.00456034331701276
"H",435,"T","H435T",-0.231211309304951
"H",435,"V","H435V",0.204590222526298
"H",435,"W","H435W",-0.0735489113196222
"H",435,"Y","H435Y",0.0855202045056184
"Y",436,"A","Y436A",0.0917226458584979
"Y",436,"C","Y436C",-0.136056056999343
"Y",436,"D","Y436D",-0.0902775936811018
"Y",436,"E","Y436E",0.0147292995498673
"Y",436,"F","Y436F",0.158783257966448
"Y",436,"G","Y436G",0.238904225946047
"Y",436,"H","Y436H",0.256627075169618
"Y",436,"I","Y436I",-0.242503162435433
"Y",436,"K","Y436K",0.110483566653047
"Y",436,"L","Y436L",0.230841774065437
"Y",436,"M","Y436M",-0.734061675972673
"Y",436,"N","Y436N",0.093333345599987
"Y",436,"P","Y436P",-0.358046065768273
"Y",436,"Q","Y436Q",0.125113621108867
"Y",436,"R","Y436R",0.094946004085698
"Y",436,"S","Y436S",0.103064408759267
"Y",436,"T","Y436T",-0.0571986158125328
"Y",436,"V","Y436V",0.081381505921297
"Y",436,"W","Y436W",0.0182124399852774
"T",437,"A","T437A",-0.000201979841090168
"T",437,"C","T437C",0.214173534451199
"T",437,"D","T437D",0.0929836569387396
"T",437,"E","T437E",-0.184797283074041
"T",437,"F","T437F",-0.0219737577777104
"T",437,"G","T437G",0.0883199947468393
"T",437,"H","T437H",-0.0974458384573703
"T",437,"I","T437I",-0.55204145483841
"T",437,"K","T437K",0.0485390576979098
"T",437,"L","T437L",0.109651974984689
"T",437,"M","T437M",0.0694108129111996
"T",437,"N","T437N",0.10167946283347
"T",437,"P","T437P",-0.0695729881828303
"T",437,"Q","T437Q",-0.00612072902261087
"T",437,"R","T437R",0.152337230920229
"T",437,"S","T437S",0.115587350998669
"T",437,"V","T437V",0.20836660575396
"T",437,"W","T437W",-0.2727740538135
"T",437,"Y","T437Y",0.00387840277065933
"Q",438,"A","Q438A",-0.0586863331078794
"Q",438,"D","Q438D",0.134879594396521
"Q",438,"E","Q438E",-0.0373012940383287
"Q",438,"F","Q438F",0.10291060849904
"Q",438,"G","Q438G",0.0150785248923112
"Q",438,"H","Q438H",0.0530350619677313
"Q",438,"I","Q438I",-0.0578201730453896
"Q",438,"K","Q438K",0.0141535308148816
"Q",438,"L","Q438L",-0.218364278320528
"Q",438,"M","Q438M",0.0681497049285808
"Q",438,"N","Q438N",0.224576550958802
"Q",438,"P","Q438P",0.0731732113524609
"Q",438,"R","Q438R",0.0291954801226012
"Q",438,"S","Q438S",0.215715078856061
"Q",438,"T","Q438T",0.0068971883725912
"Q",438,"V","Q438V",-0.447165488716119
"Q",438,"W","Q438W",0.055972946790471
"Q",438,"Y","Q438Y",-0.174399914723809
"K",439,"A","K439A",0.119601240930379
"K",439,"C","K439C",-0.0754130417847813
"K",439,"D","K439D",0.0582534531351686
"K",439,"E","K439E",-0.138549464407821
"K",439,"F","K439F",0.0877849170148494
"K",439,"G","K439G",-0.0974859667857313
"K",439,"H","K439H",0.0577349727224088
"K",439,"I","K439I",-0.24320849178192
"K",439,"L","K439L",0.130137842608268
"K",439,"M","K439M",0.155270761790679
"K",439,"N","K439N",0.0307774269106695
"K",439,"P","K439P",-0.122239071451001
"K",439,"R","K439R",-0.28131943294038
"K",439,"S","K439S",0.0464397839739585
"K",439,"T","K439T",-0.0413607138081823
"K",439,"V","K439V",-0.0133809024729614
"K",439,"W","K439W",0.0363173958147089
"K",439,"Y","K439Y",0.29063929053169
"S",440,"A","S440A",0.141749060573583
"S",440,"C","S440C",0.135159842963183
"S",440,"D","S440D",-0.0937639551225666
"S",440,"E","S440E",-0.034227396284727
"S",440,"F","S440F",0.0829644554092128
"S",440,"G","S440G",-0.342213184222847
"S",440,"I","S440I",0.120566467462943
"S",440,"K","S440K",-0.0298414744271074
"S",440,"L","S440L",0.211356121141813
"S",440,"M","S440M",0.136768138189263
"S",440,"N","S440N",-0.253232725683057
"S",440,"P","S440P",-0.125051804626047
"S",440,"Q","S440Q",-0.0392711231941776
"S",440,"R","S440R",0.0110580551826527
"S",440,"T","S440T",-0.047776463571237
"S",440,"V","S440V",0.0587082514084323
"S",440,"W","S440W",-0.048068613296598
"S",440,"Y","S440Y",0.115116348097283
"L",441,"A","L441A",-0.0129006876910212
"L",441,"C","L441C",-0.047753251071081
"L",441,"D","L441D",0.182083383148818
"L",441,"E","L441E",0.0163948729547089
"L",441,"F","L441F",-0.0777677853841917
"L",441,"G","L441G",0.0419151001311379
"L",441,"H","L441H",0.165887405902828
"L",441,"I","L441I",-0.0687525451956722
"L",441,"K","L441K",-0.108575130183471
"L",441,"M","L441M",0.0515121504308386
"L",441,"N","L441N",0.0524856526993784
"L",441,"P","L441P",-0.198552004061832
"L",441,"Q","L441Q",0.115567875763248
"L",441,"R","L441R",-0.0195978238956616
"L",441,"S","L441S",0.199062493452768
"L",441,"T","L441T",-0.00286694121505219
"L",441,"V","L441V",-0.312213096786953
"L",441,"W","L441W",-0.126762161844392
"L",441,"Y","L441Y",0.150832492845598
"S",442,"A","S442A",0.0488956261699237
"S",442,"C","S442C",0.108858665054304
"S",442,"D","S442D",0.0179698500787832
"S",442,"E","S442E",0.0175614500838543
"S",442,"F","S442F",0.0907275777597737
"S",442,"G","S442G",-0.0269863159838968
"S",442,"H","S442H",0.0656557483135037
"S",442,"I","S442I",0.0678335072572437
"S",442,"K","S442K",0.021654823043514
"S",442,"L","S442L",-0.156628433784426
"S",442,"M","S442M",0.0540434503995537
"S",442,"N","S442N",0.00315889864355422
"S",442,"P","S442P",-0.205438564160526
"S",442,"Q","S442Q",-0.116774516237917
"S",442,"R","S442R",-0.136671879384377
"S",442,"T","S442T",0.0288444115363137
"S",442,"V","S442V",0.0844051442385837
"S",442,"W","S442W",-0.105930652733727
"S",442,"Y","S442Y",0.138821209705964
"L",443,"A","L443A",0.0402584693055651
"L",443,"C","L443C",0.0138216658083857
"L",443,"D","L443D",0.120235407214916
"L",443,"E","L443E",0.024843745776946
"L",443,"F","L443F",-0.153049106169084
"L",443,"G","L443G",0.0715357257856851
"L",443,"H","L443H",-0.114541889333795
"L",443,"I","L443I",-0.130077235742744
"L",443,"K","L443K",-0.132940440242903
"L",443,"M","L443M",0.0368903420669161
"L",443,"N","L443N",0.0438258871834257
"L",443,"P","L443P",-0.0207307204084139
"L",443,"Q","L443Q",0.0173026636533556
"L",443,"R","L443R",0.0339413544887351
"L",443,"S","L443S",0.0663146218957559
"L",443,"T","L443T",0.0676150763604862
"L",443,"V","L443V",-0.0437039751943639
"L",443,"W","L443W",-0.0359101019035141
"L",443,"Y","L443Y",0.0943685094546461
"S",444,"A","S444A",0.138599853827418
"S",444,"C","S444C",0.0303864181412187
"S",444,"D","S444D",0.0723646064386989
"S",444,"E","S444E",-0.0111302104291615
"S",444,"F","S444F",-0.0817501362824016
"S",444,"G","S444G",0.141567937245338
"S",444,"H","S444H",0.0191536034626083
"S",444,"I","S444I",0.0345941923940487
"S",444,"K","S444K",-0.179030103374252
"S",444,"L","S444L",0.0744906879718485
"S",444,"M","S444M",0.0187999942786387
"S",444,"N","S444N",-0.0603297057955208
"S",444,"P","S444P",0.0995043711839176
"S",444,"Q","S444Q",-0.0118284641768607
"S",444,"R","S444R",-0.0941743265449311
"S",444,"T","S444T",0.0208144746492078
"S",444,"V","S444V",-0.032084588901111
"S",444,"W","S444W",-0.0821207111809519
"S",444,"Y","S444Y",-0.0978278929077517
"P",445,"A","P445A",-0.0556344566620614
"P",445,"C","P445C",-0.0246884170184023
"P",445,"D","P445D",0.140301696674578
"P",445,"E","P445E",0.0152747790727883
"P",445,"F","P445F",0.0717913806939389
"P",445,"G","P445G",0.0522187767487381
"P",445,"H","P445H",0.00270754423730775
"P",445,"I","P445I",-0.0530891191789013
"P",445,"K","P445K",-0.00808069844570175
"P",445,"L","P445L",-0.0184579953212225
"P",445,"M","P445M",-0.0698527374436324
"P",445,"N","P445N",-0.0261216193394222
"P",445,"Q","P445Q",-0.0373568342066219
"P",445,"R","P445R",-0.0714540992576714
"P",445,"S","P445S",-0.0991710040629617
"P",445,"V","P445V",0.0410779259427487
"P",445,"Y","P445Y",0.140534877566498
"G",446,"A","G446A",-0.0116049969944802
"G",446,"C","G446C",-0.0373076403190293
"G",446,"D","G446D",0.306661285566971
"G",446,"E","G446E",-0.17420007576148
"G",446,"F","G446F",-0.0741699017940196
"G",446,"H","G446H",0.0344119600638811
"G",446,"I","G446I",-0.0819542498867298
"G",446,"K","G446K",0.0286144834175504
"G",446,"L","G446L",0.186628118071121
"G",446,"M","G446M",0.111365895747081
"G",446,"N","G446N",0.0474314261092806
"G",446,"Q","G446Q",0.0438700913821409
"G",446,"R","G446R",-0.0343839156811489
"G",446,"S","G446S",-0.0596905615737093
"G",446,"T","G446T",-0.0736510067070696
"G",446,"V","G446V",-0.0665415782634195
"G",446,"W","G446W",-0.259684005742119
"G",446,"Y","G446Y",0.114204672365181
"K",447,"A","K447A",-0.00151440831477545
"K",447,"C","K447C",0.0212013556054342
"K",447,"D","K447D",-0.163230351073135
"K",447,"E","K447E",0.0632976037792951
"K",447,"F","K447F",0.260394292728375
"K",447,"G","K447G",0.0602810899070547
"K",447,"H","K447H",0.0260564466837045
"K",447,"I","K447I",-0.0521593314831156
"K",447,"L","K447L",0.0216994606334749
"K",447,"M","K447M",-0.167071497395655
"K",447,"N","K447N",0.121471239251526
"K",447,"P","K447P",0.0400866924601445
"K",447,"Q","K447Q",-0.0890226211451959
"K",447,"R","K447R",0.0211760789293051
"K",447,"S","K447S",0.0606786989556551
"K",447,"T","K447T",0.057055012317855
"K",447,"V","K447V",-0.207491662718665
"K",447,"W","K447W",-0.108766277143065
"K",447,"Y","K447Y",0.0358581780217848
