"wildtype","site","mutation","name","scaledscore"
"E",216,"A","E216A",-0.125265632560295
"E",216,"C","E216C",0.088315413819076
"E",216,"D","E216D",-0.0192433142753035
"E",216,"F","E216F",-0.0146534449569935
"E",216,"G","E216G",-0.0162309047380736
"E",216,"H","E216H",-0.0408169174818336
"E",216,"I","E216I",0.0188828197210857
"E",216,"K","E216K",0.0202894008578265
"E",216,"L","E216L",0.0748567693882864
"E",216,"M","E216M",0.0109180445328563
"E",216,"N","E216N",-0.108811354635044
"E",216,"P","E216P",0.0851194922424967
"E",216,"Q","E216Q",0.044567004183357
"E",216,"R","E216R",-0.0312284628560131
"E",216,"S","E216S",0.132198271138246
"E",216,"T","E216T",0.0674629750297364
"E",216,"V","E216V",-0.00924698285690399
"E",216,"W","E216W",-0.122553773971124
"E",216,"Y","E216Y",-0.054559402581384
"P",217,"A","P217A",-0.00463291543582232
"P",217,"C","P217C",0.0645175709380776
"P",217,"D","P217D",0.039886001299048
"P",217,"E","P217E",-0.0772311736622821
"P",217,"F","P217F",-0.0786501619173121
"P",217,"G","P217G",0.0399297658422179
"P",217,"H","P217H",0.106117662844838
"P",217,"I","P217I",0.0362131009567176
"P",217,"K","P217K",0.0205699330421875
"P",217,"L","P217L",-0.0129157687732918
"P",217,"M","P217M",-0.0593129494111323
"P",217,"N","P217N",0.0609886537661585
"P",217,"Q","P217Q",0.00729333259908747
"P",217,"R","P217R",-0.0430896065528615
"P",217,"S","P217S",0.0746050589277684
"P",217,"T","P217T",0.0421025918166781
"P",217,"V","P217V",0.0259774353021375
"P",217,"W","P217W",-0.0492940940704917
"P",217,"Y","P217Y",-0.193074437511722
"K",218,"A","K218A",-0.108461726045378
"K",218,"C","K218C",0.00259400796293259
"K",218,"D","K218D",-0.0103343924198571
"K",218,"E","K218E",-0.124409903377226
"K",218,"F","K218F",0.119653316645093
"K",218,"G","K218G",-0.0474366961281973
"K",218,"H","K218H",0.00845499633864292
"K",218,"I","K218I",0.00264217406957259
"K",218,"L","K218L",0.0954262163772331
"K",218,"M","K218M",-0.0285252531876374
"K",218,"N","K218N",0.0701011061183825
"K",218,"P","K218P",0.077131433610332
"K",218,"Q","K218Q",-0.0673778348686078
"K",218,"R","K218R",0.0123830624698129
"K",218,"S","K218S",0.0572447600308033
"K",218,"T","K218T",-0.171129815089217
"K",218,"V","K218V",0.00476931802071227
"K",218,"W","K218W",-0.0846658690864174
"K",218,"Y","K218Y",0.191941098559023
"S",219,"A","S219A",-0.038704797318629
"S",219,"C","S219C",-0.00936430082327891
"S",219,"D","S219D",-0.013259446064839
"S",219,"E","S219E",-0.0293736901815392
"S",219,"F","S219F",0.0227117857737617
"S",219,"G","S219G",-0.0364366537145094
"S",219,"H","S219H",0.0107827852929709
"S",219,"I","S219I",-0.0449753703602483
"S",219,"K","S219K",-0.0593405148641786
"S",219,"L","S219L",0.00678972617401102
"S",219,"M","S219M",-0.0776164874127386
"S",219,"N","S219N",-0.0762054757714186
"S",219,"P","S219P",0.0367838713975805
"S",219,"Q","S219Q",-0.0206887884003191
"S",219,"R","S219R",0.0670796842955505
"S",219,"T","S219T",0.00782228416334082
"S",219,"V","S219V",-0.0456093344135491
"S",219,"W","S219W",0.0744928229765111
"S",219,"Y","S219Y",0.225111899251521
"C",220,"A","C220A",-0.0511927006388933
"C",220,"D","C220D",-0.0585100846204132
"C",220,"E","C220E",0.0304036567804064
"C",220,"F","C220F",-0.00330911306324323
"C",220,"G","C220G",0.0160662064627856
"C",220,"H","C220H",-0.046826004262764
"C",220,"I","C220I",-0.165685095941694
"C",220,"K","C220K",0.0829927952450464
"C",220,"L","C220L",0.0254599202234169
"C",220,"M","C220M",0.126906528667626
"C",220,"N","C220N",-0.0819266328973537
"C",220,"P","C220P",-0.0494948602260632
"C",220,"Q","C220Q",0.0450703134650066
"C",220,"R","C220R",-0.0752908878898639
"C",220,"S","C220S",-0.012097040845344
"C",220,"T","C220T",-0.0608055972357937
"C",220,"V","C220V",0.239869818984306
"C",220,"W","C220W",-0.0112158723113744
"C",220,"Y","C220Y",0.0495846501042061
"D",221,"A","D221A",0.0115212742742368
"D",221,"C","D221C",0.0159702188527464
"D",221,"E","D221E",-0.0380711582696045
"D",221,"F","D221F",0.0604068661658261
"D",221,"G","D221G",-0.099581080986614
"D",221,"H","D221H",-0.175251540102284
"D",221,"I","D221I",0.051329904206026
"D",221,"K","D221K",-0.0279904421933641
"D",221,"L","D221L",-0.0960189004954537
"D",221,"M","D221M",-0.0261114688743143
"D",221,"N","D221N",-0.0323338909424442
"D",221,"P","D221P",0.0710209030630353
"D",221,"Q","D221Q",0.356584250474815
"D",221,"R","D221R",-0.0857265244611445
"D",221,"S","D221S",0.0271557364967152
"D",221,"T","D221T",0.0219949102015957
"D",221,"V","D221V",-0.0624862539673141
"D",221,"W","D221W",0.0767603676795159
"D",221,"Y","D221Y",-0.0491731711219745
"K",222,"A","K222A",-0.079050949074388
"K",222,"C","K222C",-0.0531982306325775
"K",222,"D","K222D",0.0670371015980123
"K",222,"E","K222E",-0.00828334514970706
"K",222,"F","K222F",-0.0441208649477773
"K",222,"G","K222G",0.0645286875110931
"K",222,"H","K222H",0.0622641218755829
"K",222,"I","K222I",-0.0459613233535774
"K",222,"L","K222L",0.0776699827504426
"K",222,"M","K222M",-0.0306187220412171
"K",222,"N","K222N",-0.0727603717521572
"K",222,"P","K222P",0.0175097083835821
"K",222,"Q","K222Q",0.0355177867297632
"K",222,"R","K222R",0.190872224985292
"K",222,"S","K222S",0.0373316623016726
"K",222,"T","K222T",-0.00662606258552716
"K",222,"V","K222V",-0.195064698423548
"K",222,"W","K222W",0.0141106743454925
"K",222,"Y","K222Y",-0.0311573825204578
"T",223,"A","T223A",0.0931106615095076
"T",223,"C","T223C",-0.0158294660664214
"T",223,"D","T223D",-0.169963926984152
"T",223,"E","T223E",-0.0562880171212917
"T",223,"F","T223F",-0.108444500267542
"T",223,"G","T223G",0.0150277564486375
"T",223,"H","T223H",0.0300351941917084
"T",223,"I","T223I",-0.0156568224121119
"T",223,"K","T223K",-0.0401976541024321
"T",223,"L","T223L",0.0203692324872776
"T",223,"M","T223M",0.0545295988449774
"T",223,"N","T223N",0.0555472773504381
"T",223,"P","T223P",0.0693100593997877
"T",223,"Q","T223Q",0.0357655102975182
"T",223,"R","T223R",0.0816154907977881
"T",223,"S","T223S",-0.0576107520085823
"T",223,"V","T223V",0.0185661506452274
"T",223,"W","T223W",-0.00218339225109204
"T",223,"Y","T223Y",-0.00770240075924224
"H",224,"A","H224A",0.0660175054781985
"H",224,"C","H224C",0.0187247765909789
"H",224,"D","H224D",-0.0107697928440719
"H",224,"E","H224E",0.0666589912357384
"H",224,"F","H224F",-0.0700183056352416
"H",224,"G","H224G",0.0440422398451084
"H",224,"I","H224I",-0.102799853589412
"H",224,"K","H224K",-0.0420357084006015
"H",224,"L","H224L",0.0279312098869387
"H",224,"M","H224M",0.00911662428386787
"H",224,"N","H224N",0.106318263509019
"H",224,"P","H224P",-0.108743931403842
"H",224,"Q","H224Q",0.100693332922938
"H",224,"R","H224R",0.00760571254140807
"H",224,"S","H224S",-0.0183467040358111
"H",224,"T","H224T",-0.0579041604538818
"H",224,"V","H224V",-0.0259079472057512
"H",224,"W","H224W",-0.0230789078915209
"H",224,"Y","H224Y",0.0124966551659381
"T",225,"A","T225A",-0.00244109136176851
"T",225,"C","T225C",0.0316724411250911
"T",225,"D","T225D",0.0190004814231624
"T",225,"E","T225E",0.0671077228483914
"T",225,"F","T225F",0.0248326538381814
"T",225,"G","T225G",0.0148790297997921
"T",225,"H","T225H",0.0108321842908317
"T",225,"I","T225I",0.00246757784231159
"T",225,"K","T225K",0.0343777925239209
"T",225,"L","T225L",-0.0570054269892987
"T",225,"M","T225M",-0.105754323589319
"T",225,"N","T225N",0.0099801954205421
"T",225,"P","T225P",0.0371217466590222
"T",225,"Q","T225Q",0.0545454987877512
"T",225,"S","T225S",-0.100755608933818
"T",225,"V","T225V",-0.0862972581844585
"T",225,"W","T225W",0.0138143050950821
"T",225,"Y","T225Y",0.0316220794045817
"C",226,"A","C226A",-0.00544864897762843
"C",226,"D","C226D",0.105128479873521
"C",226,"E","C226E",-0.0373733418956492
"C",226,"F","C226F",-0.0535320049450192
"C",226,"G","C226G",0.0322861894432309
"C",226,"H","C226H",0.0322567001628311
"C",226,"I","C226I",-0.037704550306799
"C",226,"K","C226K",-0.0330555693372787
"C",226,"L","C226L",0.0284001552356212
"C",226,"M","C226M",-0.0101513266204894
"C",226,"N","C226N",-0.0880937380369087
"C",226,"P","C226P",-0.00643922964895883
"C",226,"Q","C226Q",-0.0686643675026693
"C",226,"R","C226R",0.000809090166420348
"C",226,"S","C226S",0.0109070407385516
"C",226,"T","C226T",4.4708401090568e-05
"C",226,"V","C226V",0.158768888910841
"C",226,"W","C226W",0.0614996268353316
"C",226,"Y","C226Y",-0.0896381024960382
"P",227,"A","P227A",0.0592606064855965
"P",227,"C","P227C",0.0448153763188262
"P",227,"D","P227D",-0.185513149014915
"P",227,"E","P227E",0.0393914808712954
"P",227,"F","P227F",-0.0129134428378239
"P",227,"G","P227G",0.0512494752537562
"P",227,"H","P227H",0.0244315724224058
"P",227,"I","P227I",0.0463931233772858
"P",227,"K","P227K",-0.0341205862806846
"P",227,"L","P227L",0.105045839907245
"P",227,"M","P227M",0.0219956702151163
"P",227,"N","P227N",0.0128028091742461
"P",227,"Q","P227Q",-0.0101039853282541
"P",227,"R","P227R",0.00529679274039598
"P",227,"S","P227S",-0.00725536626723456
"P",227,"T","P227T",-0.117912146420324
"P",227,"V","P227V",-0.0512119651094048
"P",227,"W","P227W",0.00688429146079585
"P",227,"Y","P227Y",0.00146360303167593
"P",228,"A","P228A",-0.00456799210702115
"P",228,"C","P228C",0.171851816419929
"P",228,"D","P228D",0.0697161552510289
"P",228,"E","P228E",-0.0422457262009716
"P",228,"F","P228F",0.0354043794787585
"P",228,"G","P228G",-0.0855211334679805
"P",228,"H","P228H",-0.15205960680353
"P",228,"I","P228I",0.115001617746569
"P",228,"K","P228K",-0.149417417786051
"P",228,"L","P228L",0.0650218717755192
"P",228,"M","P228M",-0.0508921507616618
"P",228,"N","P228N",0.0402248907823194
"P",228,"Q","P228Q",-0.105041019788301
"P",228,"R","P228R",0.0118454808526193
"P",228,"S","P228S",-0.0195786077090111
"P",228,"T","P228T",0.0152834477167795
"P",228,"V","P228V",0.0156255342571684
"P",228,"W","P228W",0.0732975917427288
"P",228,"Y","P228Y",-0.00394913139889125
"C",229,"A","C229A",-0.0756946626108214
"C",229,"D","C229D",-0.021846375144651
"C",229,"E","C229E",-0.339631177111161
"C",229,"F","C229F",-0.040164409067421
"C",229,"G","C229G",0.089221667906299
"C",229,"H","C229H",0.095784501940479
"C",229,"I","C229I",-0.0568475029839212
"C",229,"K","C229K",0.06675512352745
"C",229,"L","C229L",0.166375086091369
"C",229,"M","C229M",0.099601112934849
"C",229,"N","C229N",0.037866359743829
"C",229,"P","C229P",-0.129025040291711
"C",229,"Q","C229Q",0.112863650161969
"C",229,"R","C229R",-0.0481257161363114
"C",229,"S","C229S",0.00338250697300896
"C",229,"T","C229T",0.103112840941269
"C",229,"V","C229V",-0.0894418759997514
"C",229,"W","C229W",-0.0650554457778313
"C",229,"Y","C229Y",0.090869354903059
"P",230,"A","P230A",-0.0254001207852278
"P",230,"C","P230C",0.00285241864517122
"P",230,"D","P230D",-0.00833717849749777
"P",230,"F","P230F",0.228180521392643
"P",230,"G","P230G",-0.109074347607877
"P",230,"H","P230H",-0.0257441522002378
"P",230,"I","P230I",-0.0122504523251378
"P",230,"K","P230K",-0.164987887247047
"P",230,"L","P230L",-0.0377530032555678
"P",230,"M","P230M",0.0772343546523432
"P",230,"N","P230N",0.0524043971727922
"P",230,"Q","P230Q",-0.0164269980051578
"P",230,"R","P230R",0.0400286245894522
"P",230,"S","P230S",-0.0597619079257275
"P",230,"T","P230T",-0.0361882123502988
"P",230,"V","P230V",-0.0919720466621082
"P",230,"W","P230W",0.237507386668571
"P",230,"Y","P230Y",-0.0503113962590878
"A",231,"C","A231C",0.06533826080028
"A",231,"D","A231D",0.10514938920276
"A",231,"E","A231E",-0.10531420357226
"A",231,"F","A231F",0.045378549714661
"A",231,"G","A231G",-0.0552977139172504
"A",231,"H","A231H",0.103032378391369
"A",231,"I","A231I",0.10882185449865
"A",231,"K","A231K",-0.0993179648078998
"A",231,"L","A231L",-0.00229307571170025
"A",231,"M","A231M",-0.0694542703547597
"A",231,"N","A231N",0.13047598334072
"A",231,"P","A231P",-0.0569285674432803
"A",231,"Q","A231Q",-0.0862753938644698
"A",231,"R","A231R",-0.20282925988087
"A",231,"S","A231S",-0.09374322196938
"A",231,"T","A231T",-0.108163179103899
"A",231,"V","A231V",-0.0613724050345303
"A",231,"W","A231W",0.25181482143639
"A",231,"Y","A231Y",0.13097801827547
"P",232,"A","P232A",-0.110331376963493
"P",232,"C","P232C",-0.120226925210663
"P",232,"D","P232D",-0.0262971452361528
"P",232,"E","P232E",-0.0089318083051928
"P",232,"F","P232F",0.163705266228987
"P",232,"G","P232G",-0.204611542199603
"P",232,"H","P232H",-0.147498986811573
"P",232,"I","P232I",0.250496799821938
"P",232,"K","P232K",0.0116462855272772
"P",232,"L","P232L",0.503180897399878
"P",232,"M","P232M",0.165544677630988
"P",232,"N","P232N",-0.187366073407853
"P",232,"Q","P232Q",-0.190971354812902
"P",232,"R","P232R",-0.0984589467107828
"P",232,"S","P232S",-0.120052185602374
"P",232,"T","P232T",-0.107470257425302
"P",232,"V","P232V",0.0138826228314672
"P",232,"W","P232W",0.176977170948317
"P",232,"Y","P232Y",0.0367828822970372
"E",233,"A","E233A",-0.0868610123509423
"E",233,"C","E233C",-0.025848440052202
"E",233,"D","E233D",-0.238908847244972
"E",233,"F","E233F",0.213103591523158
"E",233,"G","E233G",0.108377106337648
"E",233,"H","E233H",0.0840263624455979
"E",233,"I","E233I",0.00240358455295794
"E",233,"K","E233K",-0.068468128576972
"E",233,"L","E233L",0.00490953328452795
"E",233,"M","E233M",-0.051018626462852
"E",233,"N","E233N",-0.0262258906163421
"E",233,"P","E233P",-0.173543719720662
"E",233,"Q","E233Q",-0.0838583698029618
"E",233,"R","E233R",-0.058941121193212
"E",233,"S","E233S",0.263000253376048
"E",233,"T","E233T",0.041063485007777
"E",233,"V","E233V",0.235080245178178
"E",233,"W","E233W",-0.0279130597015921
"E",233,"Y","E233Y",-0.110376945983182
"L",234,"A","L234A",-0.0543968299283326
"L",234,"C","L234C",-0.109498708400053
"L",234,"D","L234D",-0.0602079220531422
"L",234,"E","L234E",0.190968035525658
"L",234,"F","L234F",0.250931203563378
"L",234,"G","L234G",0.0259383572043176
"L",234,"H","L234H",-0.00341131121266232
"L",234,"I","L234I",-0.200781350502362
"L",234,"K","L234K",-0.0446869290917024
"L",234,"M","L234M",-0.0863465959402922
"L",234,"N","L234N",-0.0931890071642216
"L",234,"P","L234P",0.0871910955566676
"L",234,"Q","L234Q",0.211431563880808
"L",234,"R","L234R",0.0326511652096976
"L",234,"S","L234S",0.0133233838174081
"L",234,"T","L234T",0.0365563925572676
"L",234,"W","L234W",0.172944374841829
"L",234,"Y","L234Y",-0.369416917864261
"L",235,"A","L235A",0.229699179083946
"L",235,"C","L235C",0.0264150437153957
"L",235,"D","L235D",-0.213242892612154
"L",235,"E","L235E",-0.153501082530095
"L",235,"F","L235F",0.397902462668216
"L",235,"G","L235G",0.0760758521617667
"L",235,"H","L235H",0.172163613529676
"L",235,"I","L235I",-0.185922067660685
"L",235,"K","L235K",-0.059877578356735
"L",235,"M","L235M",0.0569773895060267
"L",235,"N","L235N",-0.0876343449771947
"L",235,"P","L235P",-0.114232233368765
"L",235,"Q","L235Q",0.0460366316068256
"L",235,"R","L235R",-0.0696930511967934
"L",235,"S","L235S",-0.207350170294884
"L",235,"T","L235T",-0.254252904023964
"L",235,"V","L235V",-0.167301303347374
"L",235,"W","L235W",0.171127262072737
"L",235,"Y","L235Y",0.336610194024056
"G",236,"A","G236A",0.0125218144931177
"G",236,"C","G236C",-0.131065636011032
"G",236,"D","G236D",0.301605018708827
"G",236,"E","G236E",0.0740796955989477
"G",236,"F","G236F",0.171107566722018
"G",236,"H","G236H",0.154638118578198
"G",236,"I","G236I",-0.132083984321972
"G",236,"K","G236K",-0.160690826888783
"G",236,"L","G236L",-0.0210251469692523
"G",236,"M","G236M",0.165865482018328
"G",236,"P","G236P",0.160349301418609
"G",236,"Q","G236Q",0.0667880764240277
"G",236,"R","G236R",0.0456424721949977
"G",236,"S","G236S",0.165355212209378
"G",236,"T","G236T",-0.235090607793662
"G",236,"V","G236V",-0.119614375875882
"G",236,"W","G236W",-0.436434700635562
"G",236,"Y","G236Y",-0.081947479870302
"G",237,"A","G237A",0.0542139231802532
"G",237,"C","G237C",-0.0766239609019663
"G",237,"D","G237D",-0.125427787350236
"G",237,"E","G237E",0.105973117152543
"G",237,"F","G237F",0.123925404463122
"G",237,"H","G237H",-0.102321251484476
"G",237,"K","G237K",-0.385236798294487
"G",237,"L","G237L",0.313949620504552
"G",237,"M","G237M",-0.0235027456449364
"G",237,"N","G237N",0.102465156642113
"G",237,"P","G237P",0.0939990083573634
"G",237,"Q","G237Q",-0.177787520880247
"G",237,"R","G237R",0.147918811401193
"G",237,"S","G237S",-0.190808753414348
"G",237,"T","G237T",0.0568786439807039
"G",237,"V","G237V",0.0430764347087529
"G",237,"W","G237W",0.0874174815065934
"G",237,"Y","G237Y",-0.048108783926496
"P",238,"A","P238A",0.0980888890620217
"P",238,"C","P238C",-0.0648665347941288
"P",238,"D","P238D",0.270205026815392
"P",238,"E","P238E",-0.077894318394978
"P",238,"F","P238F",0.441492256649193
"P",238,"G","P238G",-0.223481446735278
"P",238,"H","P238H",-0.0827343697514586
"P",238,"I","P238I",-0.0423466864381283
"P",238,"K","P238K",-0.398696432676538
"P",238,"L","P238L",0.150403917953873
"P",238,"M","P238M",0.104720822995632
"P",238,"Q","P238Q",-0.0933924918649382
"P",238,"T","P238T",0.00902011909259171
"P",238,"V","P238V",0.0585321718347017
"P",238,"W","P238W",-0.502733059436708
"P",238,"Y","P238Y",0.353682135688753
"S",239,"A","S239A",-0.0801280366913607
"S",239,"C","S239C",0.191753288459539
"S",239,"D","S239D",0.214687414862979
"S",239,"E","S239E",-0.18818065886631
"S",239,"F","S239F",-0.129545216714021
"S",239,"G","S239G",0.268261318971479
"S",239,"H","S239H",-0.120459071642991
"S",239,"I","S239I",0.375384974836209
"S",239,"K","S239K",-0.1903468111474
"S",239,"L","S239L",0.33712718535497
"S",239,"M","S239M",0.0171909965344083
"S",239,"N","S239N",-0.22614984312371
"S",239,"P","S239P",-0.0657761758110706
"S",239,"Q","S239Q",0.0522582368151193
"S",239,"T","S239T",-0.12942159915766
"S",239,"V","S239V",0.156833311065519
"S",239,"W","S239W",-0.335783858794951
"S",239,"Y","S239Y",-0.14770545495075
"V",240,"A","V240A",-0.0100961733352182
"V",240,"C","V240C",-0.0384434525811284
"V",240,"D","V240D",0.044945845744471
"V",240,"E","V240E",-0.0783417808321784
"V",240,"F","V240F",-0.0327269349643188
"V",240,"G","V240G",0.0755422467296015
"V",240,"H","V240H",0.0502500521650314
"V",240,"I","V240I",0.0019041716327422
"V",240,"K","V240K",0.0220928201848619
"V",240,"L","V240L",-0.0546681820991084
"V",240,"M","V240M",-0.120432869450819
"V",240,"N","V240N",0.0473495022196218
"V",240,"P","V240P",-0.116598974778537
"V",240,"Q","V240Q",0.191487339288232
"V",240,"R","V240R",0.0554128680195614
"V",240,"S","V240S",-0.106462608743888
"V",240,"T","V240T",-0.0126305515386981
"V",240,"W","V240W",0.0573632021728815
"V",240,"Y","V240Y",0.0240534801668913
"F",241,"A","F241A",0.132079384318364
"F",241,"C","F241C",0.158362849919674
"F",241,"D","F241D",-0.149879661239936
"F",241,"E","F241E",-0.269223791296226
"F",241,"G","F241G",0.119452880667974
"F",241,"H","F241H",0.0662989590947342
"F",241,"I","F241I",0.0151558787734641
"F",241,"K","F241K",-0.0191578879091955
"F",241,"L","F241L",-0.144011094426096
"F",241,"M","F241M",-0.0330652999423858
"F",241,"N","F241N",0.0183850033354446
"F",241,"P","F241P",0.0151496510445342
"F",241,"Q","F241Q",0.127906311200354
"F",241,"R","F241R",-0.224529423346467
"F",241,"S","F241S",-0.00852362617682586
"F",241,"T","F241T",0.126479312056594
"F",241,"V","F241V",-0.0615837061517258
"F",241,"W","F241W",0.168538719624674
"F",241,"Y","F241Y",-0.0378344595469558
"L",242,"F","L242F",0
"F",243,"A","F243A",0.0832976571307182
"F",243,"C","F243C",-0.0339553829979019
"F",243,"D","F243D",0.0148621984128085
"F",243,"E","F243E",0.232404470107998
"F",243,"H","F243H",-0.084953657590462
"F",243,"I","F243I",0.0238076491300984
"F",243,"K","F243K",0.288301789980828
"F",243,"L","F243L",-0.066993829582412
"F",243,"M","F243M",-0.020254541737262
"F",243,"N","F243N",-0.0563202192073214
"F",243,"P","F243P",-0.043990242351302
"F",243,"Q","F243Q",-0.00226370544349156
"F",243,"R","F243R",0.0482789566406282
"F",243,"S","F243S",-0.123525017257661
"F",243,"T","F243T",-0.109397288182842
"F",243,"V","F243V",0.0633302489639692
"F",243,"W","F243W",-0.0889538481642618
"F",243,"Y","F243Y",-0.123675237852132
"P",244,"A","P244A",-0.0114880480485113
"P",244,"C","P244C",0.0880286063500689
"P",244,"D","P244D",0.0360731799028078
"P",244,"E","P244E",0.021633437438108
"P",244,"F","P244F",-0.0946291517475116
"P",244,"G","P244G",-0.0691468039078006
"P",244,"H","P244H",-0.0508761487518416
"P",244,"I","P244I",0.150568183056868
"P",244,"K","P244K",0.00812301077648807
"P",244,"L","P244L",-0.0834322957928616
"P",244,"M","P244M",0.0637940055565785
"P",244,"N","P244N",-0.0166313822892418
"P",244,"Q","P244Q",0.040633497778829
"P",244,"R","P244R",-0.00219290842838183
"P",244,"S","P244S",-0.0243956942236311
"P",244,"T","P244T",0.0856302835615686
"P",244,"V","P244V",0.0578683881033784
"P",244,"W","P244W",-0.106026558981392
"P",244,"Y","P244Y",-0.0935336003535216
"P",245,"A","P245A",0.0541386889406199
"P",245,"C","P245C",-0.0309916611787807
"P",245,"D","P245D",0.0466585696703896
"P",245,"E","P245E",0.0454773710410705
"P",245,"F","P245F",-0.0336701920295
"P",245,"G","P245G",0.0796124856540101
"P",245,"H","P245H",-0.15311307658319
"P",245,"I","P245I",0.170453238789781
"P",245,"K","P245K",-0.0255663158274005
"P",245,"L","P245L",-5.68561778203011e-05
"P",245,"M","P245M",-0.0468244575412301
"P",245,"N","P245N",0.222935113466111
"P",245,"Q","P245Q",-0.0450888849354192
"P",245,"R","P245R",-0.387064886533891
"P",245,"S","P245S",0.0193101889091706
"P",245,"T","P245T",0.0363644213369098
"P",245,"V","P245V",-0.0040910527505303
"P",245,"W","P245W",-0.0214659464024101
"P",245,"Y","P245Y",0.0729832521521103
"K",246,"A","K246A",-0.0385254909529007
"K",246,"C","K246C",-0.231130051791961
"K",246,"D","K246D",-0.12204971992887
"K",246,"E","K246E",0.12612494574868
"K",246,"F","K246F",0.00131425972874034
"K",246,"G","K246G",-0.0123729661894896
"K",246,"H","K246H",0.00933794107666034
"K",246,"I","K246I",0.0150498796521396
"K",246,"L","K246L",0.0105172361814902
"K",246,"M","K246M",0.0471858776581599
"K",246,"N","K246N",0.0306491759119598
"K",246,"P","K246P",0.00835258107522004
"K",246,"Q","K246Q",0.0616525189634094
"K",246,"R","K246R",0.10351954502829
"K",246,"S","K246S",-0.0452123232858999
"K",246,"T","K246T",0.0160805975352402
"K",246,"V","K246V",-0.0295334622920598
"K",246,"W","K246W",0.10150929549312
"K",246,"Y","K246Y",-0.0524698396119299
"P",247,"A","P247A",-0.0648019690717957
"P",247,"C","P247C",-0.0337268145172554
"P",247,"D","P247D",-0.0100647924800346
"P",247,"E","P247E",0.00530381947429484
"P",247,"F","P247F",0.165844239010675
"P",247,"G","P247G",0.0419885828163548
"P",247,"H","P247H",0.00629283012085464
"P",247,"I","P247I",-0.0191181064824052
"P",247,"K","P247K",0.0820588712072145
"P",247,"L","P247L",-0.0157627108927552
"P",247,"M","P247M",-0.047019299868625
"P",247,"N","P247N",-0.00145582716586495
"P",247,"Q","P247Q",-0.147223786220955
"P",247,"R","P247R",-0.052237082754725
"P",247,"S","P247S",0.0973508085107545
"P",247,"T","P247T",-0.0193853199683852
"P",247,"V","P247V",-0.0913916631669254
"P",247,"W","P247W",-0.0112763868226254
"P",247,"Y","P247Y",0.114624608272204
"K",248,"A","K248A",0.0387891337788729
"K",248,"C","K248C",-0.0263890934147869
"K",248,"D","K248D",0.0666223298086833
"K",248,"E","K248E",-0.0751289907488867
"K",248,"F","K248F",0.0220733380988031
"K",248,"G","K248G",0.091399730002053
"K",248,"H","K248H",-0.0599946676324973
"K",248,"I","K248I",-0.119171072909417
"K",248,"L","K248L",-0.00761150086569708
"K",248,"M","K248M",-0.021462214383927
"K",248,"N","K248N",-0.0289232071370672
"K",248,"P","K248P",0.108262285571213
"K",248,"Q","K248Q",0.0150504879381233
"K",248,"R","K248R",-0.00169567822264748
"K",248,"S","K248S",0.0177894098600834
"K",248,"T","K248T",0.0623418769079135
"K",248,"V","K248V",-0.0293442941603067
"K",248,"W","K248W",0.0187949894913936
"K",248,"Y","K248Y",-0.0714028619819062
"D",249,"A","D249A",0.0424924674246073
"D",249,"C","D249C",0.00963177037658849
"D",249,"E","D249E",-0.000904063174642209
"D",249,"F","D249F",0.067857157882918
"D",249,"G","D249G",-0.176463662931202
"D",249,"H","D249H",0.0851818486048678
"D",249,"I","D249I",-0.0755393327313327
"D",249,"K","D249K",0.0127886824185679
"D",249,"L","D249L",-0.021200749793222
"D",249,"M","D249M",0.127928947881758
"D",249,"N","D249N",-0.042002863532502
"D",249,"P","D249P",-0.0286887953062717
"D",249,"Q","D249Q",0.0321990700030175
"D",249,"R","D249R",-0.0396671326509126
"D",249,"S","D249S",0.0276515763840882
"D",249,"T","D249T",-0.0124129805464616
"D",249,"V","D249V",-0.00377981488874151
"D",249,"W","D249W",-0.0151292141622021
"D",249,"Y","D249Y",0.0100570887410778
"T",250,"A","T250A",-0.0755374546141854
"T",250,"C","T250C",-0.0314109306535955
"T",250,"D","T250D",0.00904744444538466
"T",250,"E","T250E",-0.0441444460309646
"T",250,"F","T250F",0.128029474311266
"T",250,"G","T250G",0.0422970907656647
"T",250,"H","T250H",0.00850448854657465
"T",250,"I","T250I",-0.0979012010214054
"T",250,"K","T250K",0.0720143228981347
"T",250,"L","T250L",-0.0217725353433454
"T",250,"M","T250M",0.208075985557816
"T",250,"N","T250N",-0.122024866130605
"T",250,"P","T250P",-0.122194267987865
"T",250,"Q","T250Q",-0.0163343264323453
"T",250,"R","T250R",0.0643796353295447
"T",250,"S","T250S",-0.00418824865938534
"T",250,"V","T250V",-0.0405486633799053
"T",250,"W","T250W",0.0769018185950347
"T",250,"Y","T250Y",-0.0331933201958157
"L",251,"A","L251A",-0.0241679223515923
"L",251,"C","L251C",-0.182335161002593
"L",251,"D","L251D",0.0141722173830172
"L",251,"E","L251E",0.0416208337055473
"L",251,"F","L251F",-0.0291661294773022
"L",251,"G","L251G",0.159326087908466
"L",251,"H","L251H",-0.116535902055033
"L",251,"I","L251I",0.0166557508797473
"L",251,"K","L251K",0.0407060450222473
"L",251,"M","L251M",-0.0407032354850228
"L",251,"N","L251N",-0.0639177491424232
"L",251,"P","L251P",0.0658407195761983
"L",251,"Q","L251Q",0.0899994024644283
"L",251,"R","L251R",0.110153767239247
"L",251,"S","L251S",0.0782400776463173
"L",251,"T","L251T",-0.0796001423802326
"L",251,"V","L251V",-0.0844663839689122
"L",251,"W","L251W",0.0165244467804073
"L",251,"Y","L251Y",-0.0123467227425125
"M",252,"A","M252A",0.0731131070838563
"M",252,"C","M252C",-0.0230489218868439
"M",252,"D","M252D",-0.0333263263641936
"M",252,"E","M252E",-0.0556834443898037
"M",252,"F","M252F",0.00728884465312659
"M",252,"G","M252G",0.0917740616657566
"M",252,"H","M252H",0.0118232541151567
"M",252,"I","M252I",-0.0891613442719836
"M",252,"K","M252K",0.0417645803436462
"M",252,"L","M252L",0.105017629764366
"M",252,"N","M252N",-0.0174558139126239
"M",252,"P","M252P",0.0282877793401855
"M",252,"Q","M252Q",-0.0250731193811133
"M",252,"R","M252R",0.0409935675250961
"M",252,"S","M252S",-0.0491007024991936
"M",252,"T","M252T",0.0390632747999767
"M",252,"V","M252V",-0.00662457899287398
"M",252,"W","M252W",-0.112551461615714
"M",252,"Y","M252Y",-0.0271003859768241
"I",253,"A","I253A",0.0450072738780553
"I",253,"C","I253C",0.163783652597305
"I",253,"D","I253D",-0.00295026204806526
"I",253,"E","I253E",-0.155548923188994
"I",253,"F","I253F",0.0648046444491754
"I",253,"G","I253G",0.0386432294743847
"I",253,"H","I253H",0.00581321947521554
"I",253,"K","I253K",-0.0573001609338145
"I",253,"L","I253L",-0.0291030448076849
"I",253,"M","I253M",-0.0705817200767448
"I",253,"N","I253N",-0.106569831050105
"I",253,"P","I253P",0.0462998441943946
"I",253,"Q","I253Q",-0.0768489943069648
"I",253,"R","I253R",-0.0676044292325947
"I",253,"S","I253S",0.126446554442905
"I",253,"T","I253T",0.117274772754246
"I",253,"V","I253V",0.0544158023296752
"I",253,"W","I253W",-0.0448662964951945
"I",253,"Y","I253Y",-0.0511153314551952
"S",254,"A","S254A",-0.0287600131189081
"S",254,"C","S254C",0.125432120960972
"S",254,"D","S254D",-0.00781382356856779
"S",254,"E","S254E",-0.0760097750818478
"S",254,"F","S254F",-0.0808464685682788
"S",254,"G","S254G",0.0720524394648219
"S",254,"H","S254H",-0.0285076843523975
"S",254,"I","S254I",-0.0415710402367282
"S",254,"K","S254K",-0.00446765496150828
"S",254,"L","S254L",0.0321373951036426
"S",254,"M","S254M",0.0727376077973119
"S",254,"N","S254N",-0.0263468001670379
"S",254,"P","S254P",-0.0620382283915079
"S",254,"Q","S254Q",0.0495013335601227
"S",254,"R","S254R",0.150236919860362
"S",254,"T","S254T",-0.0361270815402179
"S",254,"V","S254V",-0.0419142687001186
"S",254,"W","S254W",-0.118392212590197
"S",254,"Y","S254Y",0.0506972345300827
"R",255,"A","R255A",0.0137457255700247
"R",255,"C","R255C",-0.0717881246370257
"R",255,"D","R255D",-0.00634851018984585
"R",255,"E","R255E",-0.0178572137150147
"R",255,"F","R255F",-0.126647936735935
"R",255,"G","R255G",0.0876351181708755
"R",255,"H","R255H",0.338351115875435
"R",255,"I","R255I",-0.0798245668875754
"R",255,"K","R255K",-0.00163046202407537
"R",255,"L","R255L",-0.0609333525656552
"R",255,"M","R255M",-0.130924215318194
"R",255,"N","R255N",0.0796216335300644
"R",255,"P","R255P",0.0299225577002443
"R",255,"Q","R255Q",0.0512683790975946
"R",255,"S","R255S",-0.0219348502914557
"R",255,"T","R255T",0.0136388818151848
"R",255,"V","R255V",-0.0387079209091751
"R",255,"W","R255W",0.0259078971807343
"R",255,"Y","R255Y",-0.0834941556662052
"T",256,"A","T256A",0.0715862385033661
"T",256,"C","T256C",-0.0521951313672837
"T",256,"D","T256D",-0.0240968518506738
"T",256,"E","T256E",-0.0293704950140043
"T",256,"F","T256F",-0.0366826234870238
"T",256,"G","T256G",-0.0398553396740635
"T",256,"H","T256H",0.0584464386588966
"T",256,"I","T256I",-0.0247678810081739
"T",256,"K","T256K",-0.0553072492084931
"T",256,"L","T256L",0.107021654777746
"T",256,"M","T256M",0.022916495528446
"T",256,"N","T256N",-0.0488496000550739
"T",256,"P","T256P",-0.0381064272175939
"T",256,"Q","T256Q",-0.0726943883935231
"T",256,"R","T256R",-0.00511271161739322
"T",256,"S","T256S",-0.0306416607188035
"T",256,"V","T256V",0.165211482750676
"T",256,"W","T256W",0.0377840633450768
"T",256,"Y","T256Y",-0.00528601395210362
"P",257,"A","P257A",-0.0822956815066851
"P",257,"C","P257C",-0.0716171591470056
"P",257,"D","P257D",-0.046404659266166
"P",257,"E","P257E",0.0709533160976842
"P",257,"F","P257F",0.0299168993927642
"P",257,"G","P257G",-0.163850279483316
"P",257,"H","P257H",0.0275424541703347
"P",257,"I","P257I",-0.202402286291646
"P",257,"K","P257K",0.172700970733264
"P",257,"L","P257L",0.0325195679912642
"P",257,"M","P257M",-0.00438766893114549
"P",257,"N","P257N",-0.136134886900646
"P",257,"Q","P257Q",-0.0147200005779462
"P",257,"R","P257R",0.0522391179109842
"P",257,"S","P257S",0.00496967470393361
"P",257,"T","P257T",0.0989482594893632
"P",257,"V","P257V",0.0387804151834942
"P",257,"W","P257W",0.0615546568714642
"P",257,"Y","P257Y",0.131687289560004
"E",258,"A","E258A",-0.0506857045608576
"E",258,"C","E258C",-0.00254672907178693
"E",258,"D","E258D",0.0267185744938929
"E",258,"F","E258F",-0.0639342600046978
"E",258,"G","E258G",0.0551674802421924
"E",258,"H","E258H",0.0777638694616728
"E",258,"I","E258I",-0.0659952140171572
"E",258,"K","E258K",-0.145658963074457
"E",258,"L","E258L",0.0312765105484122
"E",258,"M","E258M",0.0923074167281128
"E",258,"N","E258N",0.177719383956893
"E",258,"P","E258P",-0.000906995355106729
"E",258,"Q","E258Q",-0.025822997734798
"E",258,"R","E258R",-0.0420823494654672
"E",258,"S","E258S",0.100220698552503
"E",258,"T","E258T",0.0440778401078822
"E",258,"V","E258V",-0.134975834591737
"E",258,"W","E258W",0.0107038096757328
"E",258,"Y","E258Y",-0.0833465358912274
"V",259,"A","V259A",-0.0808607005053953
"V",259,"C","V259C",0.0265409196235945
"V",259,"D","V259D",-0.017143069187305
"V",259,"E","V259E",0.108815188226934
"V",259,"F","V259F",-0.0840876182618953
"V",259,"G","V259G",-0.149936984619686
"V",259,"H","V259H",0.0230595696915647
"V",259,"I","V259I",-0.0347543064388856
"V",259,"K","V259K",0.0545107291179849
"V",259,"L","V259L",0.0610130780966151
"V",259,"M","V259M",0.0328200498729047
"V",259,"N","V259N",0.0569567238321952
"V",259,"P","V259P",0.0448592956347952
"V",259,"Q","V259Q",0.00711400661622512
"V",259,"R","V259R",-0.0989250280238253
"V",259,"S","V259S",-0.0415520827965453
"V",259,"T","V259T",-0.100765415981464
"V",259,"W","V259W",0.0650578836135042
"V",259,"Y","V259Y",0.127277761488685
"T",260,"A","T260A",-0.0668780172124493
"T",260,"C","T260C",0.13196154587859
"T",260,"D","T260D",0.0490806222323607
"T",260,"E","T260E",-0.10460248212869
"T",260,"F","T260F",-0.0595665943821598
"T",260,"G","T260G",-0.0731981385442705
"T",260,"H","T260H",0.00811102761879116
"T",260,"I","T260I",0.0572884194150002
"T",260,"K","T260K",0.0582290530009812
"T",260,"L","T260L",0.0214925547813508
"T",260,"M","T260M",-0.0382642941178997
"T",260,"N","T260N",-0.00412398529547894
"T",260,"P","T260P",-0.0149027418816595
"T",260,"Q","T260Q",0.000489501779901057
"T",260,"R","T260R",-0.0187097164158595
"T",260,"S","T260S",-0.0177728785324397
"T",260,"V","T260V",-0.0456882494321197
"T",260,"W","T260W",0.16126445678108
"T",260,"Y","T260Y",-0.0442100835450294
"C",261,"A","C261A",0.0109732247387724
"C",261,"D","C261D",-0.114174512415837
"C",261,"E","C261E",-0.0723517606461073
"C",261,"F","C261F",0.0645000073486823
"C",261,"G","C261G",0.128580361893103
"C",261,"H","C261H",0.0119541803262724
"C",261,"I","C261I",0.0629955637214223
"C",261,"K","C261K",0.107682967006553
"C",261,"M","C261M",-0.00827466532660641
"C",261,"N","C261N",-0.0424455555032974
"C",261,"P","C261P",0.133430782074694
"C",261,"Q","C261Q",0.0120771274396425
"C",261,"R","C261R",-0.0828228500423567
"C",261,"S","C261S",0.0173329414062531
"C",261,"T","C261T",-0.151525781808077
"C",261,"V","C261V",-0.0324743036122275
"C",261,"W","C261W",0.0801349519764729
"C",261,"Y","C261Y",-0.125592678577357
"V",262,"A","V262A",-0.00161219167701262
"V",262,"C","V262C",-0.0208187163367918
"V",262,"D","V262D",-0.197883804722791
"V",262,"E","V262E",0.205189016015578
"V",262,"F","V262F",-0.0359620115740222
"V",262,"G","V262G",-0.0210609834694119
"V",262,"H","V262H",0.0116761297464479
"V",262,"I","V262I",-0.00387133217138212
"V",262,"K","V262K",0.167618853785108
"V",262,"L","V262L",-0.013253947299832
"V",262,"M","V262M",0.0696786055098376
"V",262,"N","V262N",-0.213087571352272
"V",262,"P","V262P",0.136838466510698
"V",262,"Q","V262Q",-0.180843187318673
"V",262,"R","V262R",0.0183585849777784
"V",262,"S","V262S",-0.0258309458425625
"V",262,"T","V262T",-0.0613984070777719
"V",262,"W","V262W",0.0701826486037281
"V",262,"Y","V262Y",0.0960807936933479
"V",263,"A","V263A",-0.0678825627598239
"V",263,"C","V263C",0.0348547024615866
"V",263,"D","V263D",-0.100049052111284
"V",263,"E","V263E",-0.163623787991414
"V",263,"F","V263F",-0.246328023099054
"V",263,"G","V263G",-0.0959697656219237
"V",263,"H","V263H",0.248717064353746
"V",263,"I","V263I",0.221460725304425
"V",263,"K","V263K",0.0546182523739362
"V",263,"L","V263L",0.314830168459296
"V",263,"M","V263M",0.437227782376457
"V",263,"N","V263N",0.283197958850457
"V",263,"P","V263P",-0.0954442460225436
"V",263,"Q","V263Q",-0.096352182495884
"V",263,"R","V263R",-0.0816155601054532
"V",263,"S","V263S",-0.0364744548977536
"V",263,"T","V263T",-0.0241977317786841
"V",263,"W","V263W",-0.168238100311894
"V",263,"Y","V263Y",-0.418731186984194
"V",264,"A","V264A",0.0684507574868011
"V",264,"C","V264C",-0.0668613933699788
"V",264,"D","V264D",-0.0604775126776389
"V",264,"E","V264E",-0.178175956446259
"V",264,"F","V264F",0.0621781663177911
"V",264,"G","V264G",0.254497936505591
"V",264,"H","V264H",0.0598889463228211
"V",264,"I","V264I",-0.0688034305748888
"V",264,"K","V264K",-0.0522683437968496
"V",264,"L","V264L",0.144747084785951
"V",264,"M","V264M",0.0325534991357611
"V",264,"N","V264N",0.0517439025217021
"V",264,"P","V264P",-0.199086355288559
"V",264,"Q","V264Q",-0.0248101714228879
"V",264,"R","V264R",-0.283573100836669
"V",264,"S","V264S",0.15891947467214
"V",264,"T","V264T",0.134056211171451
"V",264,"W","V264W",0.0285818561587601
"V",264,"Y","V264Y",-0.0615615706650392
"D",265,"A","D265A",0.255490164984125
"D",265,"C","D265C",-0.0293320702969753
"D",265,"E","D265E",-0.0546973176379753
"D",265,"F","D265F",0.288837388850064
"D",265,"G","D265G",-0.0419483481361149
"D",265,"H","D265H",0.0076037967976552
"D",265,"I","D265I",-0.164408156244515
"D",265,"K","D265K",-0.115767270387326
"D",265,"L","D265L",0.0367223365599243
"D",265,"M","D265M",0.180687154013364
"D",265,"N","D265N",-0.188162452493526
"D",265,"P","D265P",-0.158334454650065
"D",265,"Q","D265Q",0.00231807236781401
"D",265,"R","D265R",-0.0738219360004056
"D",265,"S","D265S",-0.109282107490415
"D",265,"T","D265T",0.125484018845365
"D",265,"V","D265V",0.111137127436016
"D",265,"W","D265W",0.0793335036540055
"D",265,"Y","D265Y",-0.151859450171014
"V",266,"A","V266A",0.0996751431259878
"V",266,"C","V266C",-0.148097259580602
"V",266,"D","V266D",-0.262587701686052
"V",266,"E","V266E",-0.0423484221165624
"V",266,"F","V266F",0.0295846342409984
"V",266,"G","V266G",0.108267436178568
"V",266,"H","V266H",-0.251659675232782
"V",266,"I","V266I",-0.00271955911850141
"V",266,"K","V266K",-0.181646025849772
"V",266,"L","V266L",0.0419860946750868
"V",266,"M","V266M",0.651895013211818
"V",266,"N","V266N",0.0688128388485978
"V",266,"P","V266P",-0.008046333764393
"V",266,"Q","V266Q",0.198319389961429
"V",266,"R","V266R",-0.179705396350002
"V",266,"S","V266S",-0.0138944699498429
"V",266,"W","V266W",-0.0968708048086124
"V",266,"Y","V266Y",-0.0109649017853621
"S",267,"A","S267A",-0.117298201048371
"S",267,"C","S267C",-0.141301358174711
"S",267,"D","S267D",-0.108919778438941
"S",267,"E","S267E",0.869342988609099
"S",267,"F","S267F",-0.468928734257731
"S",267,"G","S267G",0.0771871845582889
"S",267,"H","S267H",-0.336227671967161
"S",267,"I","S267I",0.787133693359299
"S",267,"K","S267K",-0.293642208821781
"S",267,"L","S267L",-0.0924543405944801
"S",267,"M","S267M",0.418911406196669
"S",267,"N","S267N",-0.120874308588921
"S",267,"P","S267P",-0.260046285604541
"S",267,"Q","S267Q",0.612863090914549
"S",267,"R","S267R",-0.367718566370582
"S",267,"T","S267T",0.207315618691109
"S",267,"V","S267V",0.326797143986559
"S",267,"W","S267W",-0.365193663164121
"S",267,"Y","S267Y",-0.62694600928423
"H",268,"A","H268A",-0.148646003231045
"H",268,"C","H268C",-0.0896878215098339
"H",268,"D","H268D",-0.132652176623134
"H",268,"E","H268E",0.291238487932785
"H",268,"F","H268F",-0.168838733998065
"H",268,"G","H268G",0.295895306788505
"H",268,"I","H268I",-0.131316032043425
"H",268,"K","H268K",-0.0873429668612349
"H",268,"L","H268L",-0.112384976295195
"H",268,"M","H268M",-0.0796156566661959
"H",268,"N","H268N",0.368971542956625
"H",268,"P","H268P",0.0452200412413751
"H",268,"Q","H268Q",0.0331292266240151
"H",268,"R","H268R",0.0600574342757951
"H",268,"S","H268S",0.0153541688960961
"H",268,"T","H268T",-0.240551207420895
"H",268,"V","H268V",0.0506984082393651
"H",268,"W","H268W",0.0585646288872351
"H",268,"Y","H268Y",-0.0280936711927739
"E",269,"A","E269A",0.0348238542103421
"E",269,"C","E269C",-0.00722566893653787
"E",269,"D","E269D",-0.256724127692558
"E",269,"F","E269F",0.317659911809202
"E",269,"G","E269G",0.0378112670060821
"E",269,"H","E269H",-0.0268395396583379
"E",269,"I","E269I",-0.197343931013098
"E",269,"K","E269K",0.267048705479302
"E",269,"L","E269L",-0.220054276467017
"E",269,"M","E269M",0.193832898689312
"E",269,"N","E269N",-0.152777507906048
"E",269,"P","E269P",-0.0835265183452481
"E",269,"Q","E269Q",-0.0194723805121979
"E",269,"R","E269R",-0.140660398328599
"E",269,"S","E269S",0.0483082236699221
"E",269,"T","E269T",0.0539557877439321
"E",269,"V","E269V",-0.0138610475249079
"E",269,"W","E269W",0.0535100132037321
"E",269,"Y","E269Y",0.111534734572722
"D",270,"A","D270A",-0.00288921919254448
"D",270,"E","D270E",-0.484874235528076
"D",270,"F","D270F",0.135908205327517
"D",270,"G","D270G",-0.180855396502714
"D",270,"H","D270H",0.140116128607276
"D",270,"I","D270I",0.156618391627186
"D",270,"K","D270K",-0.0111417152523645
"D",270,"L","D270L",-0.00880841391709447
"D",270,"M","D270M",0.235905067534936
"D",270,"N","D270N",-0.0685429715034344
"D",270,"P","D270P",-0.138278522343884
"D",270,"Q","D270Q",-0.0148802518539345
"D",270,"R","D270R",-0.182771276023385
"D",270,"S","D270S",-0.0495958466412645
"D",270,"T","D270T",0.156489782418426
"D",270,"V","D270V",0.348102825175674
"D",270,"W","D270W",-0.0415507506610245
"D",270,"Y","D270Y",0.0110481987287055
"P",271,"A","P271A",0.0118172676216869
"P",271,"C","P271C",-0.0622844910828734
"P",271,"D","P271D",-0.0929963174672931
"P",271,"E","P271E",0.00148843627472728
"P",271,"F","P271F",-0.0667099986439638
"P",271,"G","P271G",0.226564898629777
"P",271,"H","P271H",-0.0218274573608935
"P",271,"I","P271I",-0.0800591247285935
"P",271,"K","P271K",-0.0338413480291532
"P",271,"L","P271L",0.0958232133516877
"P",271,"M","P271M",-0.0488634352823535
"P",271,"N","P271N",-0.0773446450462329
"P",271,"Q","P271Q",0.0123325503734565
"P",271,"R","P271R",0.0641605942650967
"P",271,"S","P271S",0.0120611160662364
"P",271,"T","P271T",0.291881502735038
"P",271,"V","P271V",-0.0639675491718833
"P",271,"W","P271W",-0.163421890900753
"P",271,"Y","P271Y",-0.00481332160371242
"E",272,"A","E272A",0.174195218916482
"E",272,"C","E272C",-0.103499442539018
"E",272,"D","E272D",-0.120778550830988
"E",272,"F","E272F",-0.148057819188458
"E",272,"G","E272G",-0.0544669281211584
"E",272,"I","E272I",-0.181975761050658
"E",272,"K","E272K",0.226332043609412
"E",272,"L","E272L",-0.0436505393343183
"E",272,"M","E272M",0.101349175543492
"E",272,"N","E272N",-0.0880457382010881
"E",272,"P","E272P",0.407548333031212
"E",272,"Q","E272Q",0.0315443601056813
"E",272,"R","E272R",0.200485660644892
"E",272,"S","E272S",0.0921334787301226
"E",272,"T","E272T",0.153474833955993
"E",272,"V","E272V",-0.0812932830963586
"E",272,"W","E272W",-0.335960835575578
"E",272,"Y","E272Y",-0.229334206599659
"V",273,"A","V273A",-0.2649945802955
"V",273,"C","V273C",0.00816280428128058
"V",273,"D","V273D",-0.0101380657428605
"V",273,"E","V273E",0.29466571984296
"V",273,"F","V273F",0.43708057394492
"V",273,"G","V273G",0.13410055100247
"V",273,"H","V273H",-0.0454456449698504
"V",273,"I","V273I",-0.29977716885507
"V",273,"K","V273K",-0.443324243405081
"V",273,"L","V273L",-0.13407393007285
"V",273,"M","V273M",-0.0651504850177904
"V",273,"N","V273N",-0.0660372938626794
"V",273,"P","V273P",-0.0834689822615214
"V",273,"Q","V273Q",0.21192534153787
"V",273,"R","V273R",-0.27557967005252
"V",273,"S","V273S",0.143196609011559
"V",273,"T","V273T",-0.00108699784382138
"V",273,"W","V273W",-0.24031184078257
"V",273,"Y","V273Y",0.70025730354106
"K",274,"A","K274A",-0.117087075781154
"K",274,"C","K274C",0.162994610156635
"K",274,"D","K274D",0.0501440559341754
"K",274,"E","K274E",-0.0559549153668043
"K",274,"F","K274F",0.0482662793359262
"K",274,"G","K274G",-0.152432628342564
"K",274,"H","K274H",0.139213757663516
"K",274,"I","K274I",0.0366992681120054
"K",274,"L","K274L",0.0103896188504557
"K",274,"M","K274M",-0.00447529996825365
"K",274,"N","K274N",0.043050105849216
"K",274,"P","K274P",-0.193344119452154
"K",274,"Q","K274Q",-0.0225296482610245
"K",274,"R","K274R",0.000842428417416149
"K",274,"S","K274S",-0.0545102614859041
"K",274,"T","K274T",0.0594437821682958
"K",274,"V","K274V",0.112305367535966
"K",274,"W","K274W",-0.101792050435684
"K",274,"Y","K274Y",0.0387767250699364
"F",275,"A","F275A",-0.154858948907689
"F",275,"C","F275C",0.211586042418083
"F",275,"D","F275D",0.0468533604931121
"F",275,"E","F275E",-0.226212866777978
"F",275,"G","F275G",-0.095582734296038
"F",275,"H","F275H",0.0210737103975018
"F",275,"I","F275I",-0.062251975929148
"F",275,"K","F275K",-0.177122572063018
"F",275,"L","F275L",-0.114693072171997
"F",275,"M","F275M",0.0116621673863724
"F",275,"N","F275N",-0.043830879506838
"F",275,"P","F275P",0.276409217223232
"F",275,"Q","F275Q",-0.052298086122718
"F",275,"R","F275R",0.243930114713563
"F",275,"S","F275S",0.141787564721282
"F",275,"T","F275T",0.0666653051991524
"F",275,"V","F275V",-0.0153801166121481
"F",275,"W","F275W",-0.096875509503958
"F",275,"Y","F275Y",0.0191392793392315
"N",276,"A","N276A",6.16355927262474e-05
"N",276,"C","N276C",-0.0194017487098039
"N",276,"D","N276D",-0.156055977289664
"N",276,"E","N276E",-0.0718247585287128
"N",276,"F","N276F",0.00128690023483605
"N",276,"G","N276G",-0.00711537138423365
"N",276,"H","N276H",0.00348575788574625
"N",276,"I","N276I",0.042850785617867
"N",276,"K","N276K",0.017112088137076
"N",276,"L","N276L",0.0969293618846565
"N",276,"M","N276M",-0.0939464626791248
"N",276,"P","N276P",0.164089520991327
"N",276,"Q","N276Q",-0.00746573570886375
"N",276,"R","N276R",-0.0828499913452538
"N",276,"S","N276S",0.0226313510579466
"N",276,"T","N276T",0.0698192330614665
"N",276,"V","N276V",0.0187399843081361
"N",276,"W","N276W",-0.0418506673544738
"N",276,"Y","N276Y",0.0435040942283462
"W",277,"A","W277A",0.0382438021269589
"W",277,"C","W277C",0.208311245586629
"W",277,"D","W277D",0.0781050055695995
"W",277,"E","W277E",-0.0910541465055614
"W",277,"F","W277F",-0.0571875604766616
"W",277,"G","W277G",0.0853835280796689
"W",277,"H","W277H",0.0770036388793691
"W",277,"I","W277I",-0.351210823999611
"W",277,"K","W277K",-0.113201039523751
"W",277,"L","W277L",0.0615226071817794
"W",277,"M","W277M",-0.0181322932349108
"W",277,"N","W277N",-0.0537269408514309
"W",277,"P","W277P",0.0994661355548388
"W",277,"Q","W277Q",-0.100888788421691
"W",277,"R","W277R",0.0782702008848994
"W",277,"S","W277S",0.127728725942779
"W",277,"T","W277T",-0.0775024644773012
"W",277,"V","W277V",-0.045304509410361
"W",277,"Y","W277Y",0.0541736770947592
"Y",278,"A","Y278A",0.0239499315082347
"Y",278,"C","Y278C",0.0633126289568745
"Y",278,"D","Y278D",0.0383749837247841
"Y",278,"E","Y278E",-0.0968344401412956
"Y",278,"F","Y278F",0.0916027248757742
"Y",278,"G","Y278G",0.122093446536485
"Y",278,"H","Y278H",0.0221704509679143
"Y",278,"I","Y278I",-0.0625751654871557
"Y",278,"K","Y278K",-0.249801320979306
"Y",278,"L","Y278L",-0.0202772624371755
"Y",278,"M","Y278M",-0.0109207031891158
"Y",278,"N","Y278N",-0.104820919703896
"Y",278,"Q","Y278Q",0.0325801267219048
"Y",278,"R","Y278R",-0.0341120106034654
"Y",278,"S","Y278S",0.0651772709632047
"Y",278,"T","Y278T",-0.0499366060502758
"Y",278,"V","Y278V",0.0414120191390245
"Y",278,"W","Y278W",0.128604845197484
"V",279,"A","V279A",0.0299366369209107
"V",279,"C","V279C",0.0200970464423118
"V",279,"D","V279D",-0.0704843233122985
"V",279,"E","V279E",-0.0130919067340394
"V",279,"F","V279F",0.0804402584712312
"V",279,"G","V279G",0.117183831018081
"V",279,"H","V279H",-0.0217902552365994
"V",279,"I","V279I",-0.079378975620789
"V",279,"K","V279K",-0.116093716631319
"V",279,"L","V279L",0.120890430123491
"V",279,"M","V279M",0.000530715508461503
"V",279,"N","V279N",0.000376686598360302
"V",279,"P","V279P",-0.121640505004739
"V",279,"Q","V279Q",-0.0032704772058187
"V",279,"R","V279R",-0.0041027771665585
"V",279,"S","V279S",0.0712618118273907
"V",279,"T","V279T",0.0510871967261408
"V",279,"W","V279W",0.0713546637483809
"V",279,"Y","V279Y",-0.133306340472599
"D",280,"A","D280A",0.0498702227531691
"D",280,"C","D280C",0.0487864559778792
"D",280,"E","D280E",-0.0786180710411815
"D",280,"F","D280F",-0.0262206434383803
"D",280,"G","D280G",-0.0966644600492312
"D",280,"H","D280H",0.0199845434832886
"D",280,"I","D280I",-0.0728632782281009
"D",280,"K","D280K",-0.0799414153223008
"D",280,"L","D280L",0.0328966459382087
"D",280,"M","D280M",-0.0785463340123407
"D",280,"N","D280N",0.0135518675606292
"D",280,"P","D280P",-0.00949494320550053
"D",280,"Q","D280Q",-0.0542452521360914
"D",280,"R","D280R",0.0341038878157089
"D",280,"S","D280S",0.0163795499504689
"D",280,"T","D280T",-0.0101739152879512
"D",280,"V","D280V",0.202028003857099
"D",280,"W","D280W",0.0674130269077882
"D",280,"Y","D280Y",0.0217541084768396
"G",281,"A","G281A",-0.0746350350480379
"G",281,"C","G281C",0.0846656162668719
"G",281,"D","G281D",0.0418660271244024
"G",281,"E","G281E",0.0260776315427721
"G",281,"F","G281F",-0.034771487313758
"G",281,"H","G281H",-0.0578495724005684
"G",281,"I","G281I",-0.013950768753698
"G",281,"K","G281K",0.101426115098202
"G",281,"L","G281L",0.082466975919122
"G",281,"M","G281M",-0.0661189130903679
"G",281,"N","G281N",-0.00430220777159782
"G",281,"P","G281P",0.00835448790689188
"G",281,"Q","G281Q",-0.059313909836988
"G",281,"R","G281R",0.0281754084931428
"G",281,"S","G281S",-0.148148030084848
"G",281,"T","G281T",0.0199424057794525
"G",281,"V","G281V",-0.00872301124043742
"G",281,"W","G281W",0.0704165576261614
"G",281,"Y","G281Y",0.00442170978328208
"V",282,"A","V282A",-0.0479305584764207
"V",282,"C","V282C",-0.0328771280370308
"V",282,"D","V282D",0.0213705113712193
"V",282,"E","V282E",0.0488587836501591
"V",282,"F","V282F",0.0537373226430687
"V",282,"G","V282G",0.0578826118643594
"V",282,"H","V282H",-0.0146795126883807
"V",282,"I","V282I",0.0862407263707281
"V",282,"K","V282K",-0.0395054227295013
"V",282,"L","V282L",0.0215885703333685
"V",282,"M","V282M",0.0695147319267289
"V",282,"N","V282N",-0.0239624057581107
"V",282,"P","V282P",0.049581639343729
"V",282,"Q","V282Q",-0.053115734112791
"V",282,"R","V282R",-0.0759962080567111
"V",282,"S","V282S",-0.0167409963361207
"V",282,"T","V282T",-0.0866962433138911
"V",282,"W","V282W",-0.0422566455182513
"V",282,"Y","V282Y",0.0249859575238487
"E",283,"A","E283A",-0.113930775668051
"E",283,"C","E283C",0.108258883167109
"E",283,"D","E283D",0.0699890473504386
"E",283,"F","E283F",0.0189392247914187
"E",283,"G","E283G",-0.109189472595991
"E",283,"H","E283H",0.105378830679019
"E",283,"I","E283I",-0.0961287901985514
"E",283,"K","E283K",0.0243277285239988
"E",283,"L","E283L",0.00605290834516914
"E",283,"M","E283M",0.0761909991477788
"E",283,"N","E283N",0.11418761560247
"E",283,"P","E283P",0.0469427663943093
"E",283,"Q","E283Q",-0.016632256690211
"E",283,"R","E283R",-0.0118249071419606
"E",283,"S","E283S",-0.145648214775742
"E",283,"T","E283T",-0.0369512217823217
"E",283,"V","E283V",-0.0235962926756806
"E",283,"W","E283W",-0.0245074736362812
"E",283,"Y","E283Y",0.00814140116307884
"V",284,"A","V284A",0.095570357435573
"V",284,"C","V284C",-0.00294413956374796
"V",284,"D","V284D",-0.0131582931694081
"V",284,"E","V284E",-0.133208946362558
"V",284,"F","V284F",0.0104949188210219
"V",284,"G","V284G",0.033003711883532
"V",284,"H","V284H",-0.033407250361098
"V",284,"I","V284I",-0.110504553342918
"V",284,"K","V284K",-0.0105365801089472
"V",284,"L","V284L",0.058433226357232
"V",284,"M","V284M",0.162287356373251
"V",284,"N","V284N",0.073235647922672
"V",284,"P","V284P",-0.0786249570472174
"V",284,"Q","V284Q",0.0513763784093126
"V",284,"R","V284R",-0.0233467749535179
"V",284,"S","V284S",0.068101531671732
"V",284,"T","V284T",-0.179521510588818
"V",284,"W","V284W",0.0203445043049517
"V",284,"Y","V284Y",0.0124053723189523
"H",285,"A","H285A",0.161152166804196
"H",285,"C","H285C",0.0367918363139964
"H",285,"D","H285D",-0.0746032452887938
"H",285,"E","H285E",0.107325167574806
"H",285,"F","H285F",-0.0882468689385533
"H",285,"G","H285G",0.0144666674051464
"H",285,"I","H285I",-0.0283208391868437
"H",285,"K","H285K",-0.172469984158714
"H",285,"L","H285L",-0.00428861480292341
"H",285,"M","H285M",0.0127765743124565
"H",285,"N","H285N",0.0201308878525467
"H",285,"P","H285P",0.0620972503141464
"H",285,"Q","H285Q",-0.00382308665108366
"H",285,"R","H285R",0.0177517763590865
"H",285,"S","H285S",0.114539544101926
"H",285,"T","H285T",-0.0608005889823338
"H",285,"V","H285V",-0.0162571548451943
"H",285,"W","H285W",-0.0621011730744336
"H",285,"Y","H285Y",-0.0361203151094344
"N",286,"A","N286A",-0.0868899539742538
"N",286,"C","N286C",0.158694967685796
"N",286,"D","N286D",0.0364252730477659
"N",286,"E","N286E",0.0383593877535258
"N",286,"F","N286F",0.0333638021680265
"N",286,"G","N286G",0.0207868690022568
"N",286,"H","N286H",0.0416823136827265
"N",286,"I","N286I",-0.0273806185366043
"N",286,"K","N286K",-0.128049688857394
"N",286,"L","N286L",0.0503923043054762
"N",286,"M","N286M",-0.0648797465524639
"N",286,"P","N286P",0.150521217642306
"N",286,"Q","N286Q",-0.0699909605083635
"N",286,"R","N286R",-0.0627121383203743
"N",286,"S","N286S",-0.0136818326438732
"N",286,"T","N286T",-0.00343211614783385
"N",286,"V","N286V",-0.101489341668083
"N",286,"W","N286W",-0.0601616615455837
"N",286,"Y","N286Y",0.0884419234669467
"A",287,"C","A287C",0.0306883869277402
"A",287,"D","A287D",-0.0615767963727104
"A",287,"E","A287E",-0.0390686763834695
"A",287,"F","A287F",-0.00854374181871968
"A",287,"H","A287H",-0.0338958504530503
"A",287,"I","A287I",0.242238539929201
"A",287,"K","A287K",0.0801967568006
"A",287,"L","A287L",0.0630567106402796
"A",287,"M","A287M",0.0882768663021108
"A",287,"N","A287N",-0.13701891291231
"A",287,"P","A287P",-0.12906390857413
"A",287,"Q","A287Q",0.0397638597529691
"A",287,"R","A287R",0.0791148931734701
"A",287,"S","A287S",-0.0592628196427699
"A",287,"T","A287T",-0.0342478010332198
"A",287,"V","A287V",0.038177801336639
"A",287,"W","A287W",-0.0715208066687198
"A",287,"Y","A287Y",-0.0873145010039095
"K",288,"A","K288A",0.0624913115682535
"K",288,"C","K288C",-0.0269634192220573
"K",288,"D","K288D",0.0199962189234233
"K",288,"E","K288E",-0.125538262294687
"K",288,"F","K288F",-0.0875951802142668
"K",288,"G","K288G",0.0295025086895127
"K",288,"H","K288H",-0.00581987523870713
"K",288,"I","K288I",-0.039733081863087
"K",288,"L","K288L",-0.0666902502561868
"K",288,"M","K288M",0.129532529265963
"K",288,"N","K288N",0.102904234479204
"K",288,"P","K288P",-0.00926473372611623
"K",288,"Q","K288Q",0.100433904944493
"K",288,"R","K288R",-0.0332956471392576
"K",288,"S","K288S",-0.103506745567527
"K",288,"T","K288T",0.102034360868523
"K",288,"V","K288V",-0.00488260922697673
"K",288,"W","K288W",-0.0509110380761468
"K",288,"Y","K288Y",0.00730577408564325
"T",289,"A","T289A",-0.00750610285277699
"T",289,"C","T289C",0.0174377701174822
"T",289,"D","T289D",-0.0652391171127069
"T",289,"E","T289E",-0.178471378699106
"T",289,"F","T289F",-0.216166546114027
"T",289,"G","T289G",0.0650492782943026
"T",289,"H","T289H",0.0633727343212629
"T",289,"I","T289I",-0.160872326144428
"T",289,"K","T289K",0.225522106786442
"T",289,"L","T289L",-0.0342585046315775
"T",289,"M","T289M",-0.122991784099527
"T",289,"N","T289N",0.0632004533959825
"T",289,"P","T289P",-0.0540114305774571
"T",289,"Q","T289Q",0.0320864663875622
"T",289,"R","T289R",0.355195870572813
"T",289,"S","T289S",0.120462849067752
"T",289,"V","T289V",-0.0137803907490166
"T",289,"W","T289W",-0.0353394262688471
"T",289,"Y","T289Y",-0.0536905216941272
"K",290,"A","K290A",0.0260673639183523
"K",290,"C","K290C",-0.0903161934256079
"K",290,"D","K290D",-0.0251578312038884
"K",290,"E","K290E",-0.120017055218268
"K",290,"F","K290F",-0.0684073798491681
"K",290,"G","K290G",-0.0905528899417479
"K",290,"H","K290H",-0.0663440720972281
"K",290,"I","K290I",0.0966147277550321
"K",290,"L","K290L",-0.106083116405798
"K",290,"M","K290M",-0.0166194808125674
"K",290,"N","K290N",-0.00551918508149766
"K",290,"P","K290P",0.077810262948392
"K",290,"Q","K290Q",0.0322241598673219
"K",290,"R","K290R",-0.0572715832642373
"K",290,"S","K290S",0.00558298988243209
"K",290,"T","K290T",0.123107770996782
"K",290,"V","K290V",0.134935403675782
"K",290,"W","K290W",0.028105088733232
"K",290,"Y","K290Y",0.121841019522682
"P",291,"A","P291A",-0.0156214718116528
"P",291,"C","P291C",0.0326578546157576
"P",291,"D","P291D",-0.192641159265484
"P",291,"E","P291E",-0.116063148201903
"P",291,"F","P291F",-0.039640686145353
"P",291,"G","P291G",0.0906072838430076
"P",291,"H","P291H",0.253903421261367
"P",291,"I","P291I",-0.0186572385757927
"P",291,"K","P291K",0.00611208328903728
"P",291,"L","P291L",-0.0509893259710617
"P",291,"M","P291M",0.0127569365004975
"P",291,"N","P291N",-0.111820155866773
"P",291,"Q","P291Q",0.053571905085818
"P",291,"R","P291R",0.103565553981008
"P",291,"S","P291S",-0.0658720906086222
"P",291,"T","P291T",-0.0245015241008822
"P",291,"V","P291V",0.117579031266327
"P",291,"W","P291W",0.00856867809186688
"P",291,"Y","P291Y",-0.0435159473871632
"R",292,"A","R292A",-0.0300792944787059
"R",292,"C","R292C",-0.0190109528247359
"R",292,"D","R292D",-0.00950252138605587
"R",292,"E","R292E",-0.0130781494613059
"R",292,"F","R292F",0.0779882450113442
"R",292,"G","R292G",0.0287217052559831
"R",292,"H","R292H",-0.172399379442306
"R",292,"I","R292I",-0.0244377342158749
"R",292,"K","R292K",0.0886137887786945
"R",292,"L","R292L",-0.0856526215739949
"R",292,"M","R292M",-0.293661356676776
"R",292,"N","R292N",0.173871633498134
"R",292,"P","R292P",-0.0649839100106759
"R",292,"Q","R292Q",-0.0911232093737059
"R",292,"S","R292S",0.0516953839427141
"R",292,"T","R292T",-0.00309620331934587
"R",292,"V","R292V",0.0271286031433041
"R",292,"W","R292W",0.103946809417874
"R",292,"Y","R292Y",0.255059163715434
"E",293,"A","E293A",0.0177009198885841
"E",293,"C","E293C",-0.134457567540695
"E",293,"D","E293D",-0.0241671301005558
"E",293,"F","E293F",0.195605146509924
"E",293,"G","E293G",-0.153978493484166
"E",293,"H","E293H",0.128290345620155
"E",293,"I","E293I",0.0488401299469544
"E",293,"K","E293K",-0.00173519036199587
"E",293,"L","E293L",-0.0366416443833661
"E",293,"M","E293M",0.0814716055950243
"E",293,"N","E293N",0.00512999109294443
"E",293,"P","E293P",-0.279569936689216
"E",293,"Q","E293Q",-0.0161589105434355
"E",293,"R","E293R",-0.025960465205315
"E",293,"S","E293S",-0.00449363348496537
"E",293,"T","E293T",-0.0301738114095057
"E",293,"V","E293V",-0.0485541228057759
"E",293,"W","E293W",0.278852767355404
"E",294,"A","E294A",-0.00453046571830537
"E",294,"C","E294C",-0.144563197964406
"E",294,"D","E294D",0.138642869516034
"E",294,"F","E294F",0.0973030930294942
"E",294,"G","E294G",-0.0168131007026558
"E",294,"H","E294H",-0.119608577524756
"E",294,"I","E294I",0.110927378187784
"E",294,"K","E294K",0.218671384213073
"E",294,"L","E294L",0.103339503323704
"E",294,"M","E294M",-0.147235473878106
"E",294,"N","E294N",0.00498464347218452
"E",294,"P","E294P",-0.0854650382185358
"E",294,"Q","E294Q",-0.320810220300146
"E",294,"R","E294R",-0.0946969329630861
"E",294,"S","E294S",-0.162825906242646
"E",294,"T","E294T",0.183139744221164
"E",294,"V","E294V",0.132277943238434
"E",294,"W","E294W",0.0993774891424352
"E",294,"Y","E294Y",0.00788486516833432
"Q",295,"A","Q295A",-0.0482383419313473
"Q",295,"C","Q295C",-0.0744838651263976
"Q",295,"D","Q295D",-0.00543946465229764
"Q",295,"E","Q295E",-0.126095015156288
"Q",295,"F","Q295F",0.0233510950451027
"Q",295,"G","Q295G",0.368651738150822
"Q",295,"H","Q295H",-0.208261559453428
"Q",295,"I","Q295I",0.0103324497160327
"Q",295,"K","Q295K",0.0136109767031728
"Q",295,"L","Q295L",-0.170413331055008
"Q",295,"M","Q295M",-0.0556290036319075
"Q",295,"N","Q295N",0.0522226386917732
"Q",295,"P","Q295P",0.027485931485843
"Q",295,"R","Q295R",0.0723788826018032
"Q",295,"S","Q295S",-0.0286616404577883
"Q",295,"T","Q295T",-0.229554382427238
"Q",295,"V","Q295V",0.0601208055595629
"Q",295,"W","Q295W",0.174275531791973
"Q",295,"Y","Q295Y",0.144346554145612
"Y",296,"A","Y296A",0.203344529375718
"Y",296,"C","Y296C",-0.107743076168111
"Y",296,"D","Y296D",-0.177033376742482
"Y",296,"E","Y296E",-0.140529553527542
"Y",296,"F","Y296F",-0.0126466992898616
"Y",296,"G","Y296G",0.0504625281114574
"Y",296,"H","Y296H",0.0181400463784894
"Y",296,"I","Y296I",0.0544680174989294
"Y",296,"K","Y296K",-0.0977376733153721
"Y",296,"L","Y296L",-0.191859953621512
"Y",296,"M","Y296M",0.0701800718062194
"Y",296,"N","Y296N",-0.0845942007288419
"Y",296,"P","Y296P",0.141958090195818
"Y",296,"Q","Y296Q",-0.0347588896032816
"Y",296,"R","Y296R",0.224562313162228
"Y",296,"S","Y296S",0.0460308121499884
"Y",296,"T","Y296T",-0.0318599536215116
"Y",296,"V","Y296V",-0.0185230784388216
"Y",296,"W","Y296W",0.0881400463784884
"N",297,"A","N297A",0.0663350616161124
"N",297,"C","N297C",0.0936984240392024
"N",297,"D","N297D",0.170717564809653
"N",297,"E","N297E",-0.0872976710193277
"N",297,"F","N297F",-0.201538982499648
"N",297,"G","N297G",0.137726136524293
"N",297,"H","N297H",-0.111289500814878
"N",297,"I","N297I",0.0347950466857324
"N",297,"K","N297K",0.152750247320613
"N",297,"L","N297L",-0.144640103035258
"N",297,"M","N297M",0.0945833840252524
"N",297,"P","N297P",-0.248098556339478
"N",297,"Q","N297Q",-0.0836320886072076
"N",297,"R","N297R",-0.0735750340161171
"N",297,"S","N297S",0.189241117505782
"N",297,"T","N297T",-0.164640103035258
"N",297,"V","N297V",0.0277571376030722
"N",297,"W","N297W",0.0573615740658824
"N",297,"Y","N297Y",0.0897463451715734
"S",298,"A","S298A",-0.415548505775178
"S",298,"C","S298C",-0.0275088265597086
"S",298,"D","S298D",0.138383250123582
"S",298,"E","S298E",0.00375529406194205
"S",298,"F","S298F",-0.0154414249871582
"S",298,"G","S298G",0.0632173256174216
"S",298,"I","S298I",-0.157265615419088
"S",298,"K","S298K",0.227748687937611
"S",298,"L","S298L",0.484117913728242
"S",298,"M","S298M",0.0925540463188517
"S",298,"N","S298N",-0.0517435079179085
"S",298,"P","S298P",-0.0847815750041681
"S",298,"Q","S298Q",0.256705791586492
"S",298,"R","S298R",0.0570143440843217
"S",298,"T","S298T",-0.312210481859138
"S",298,"V","S298V",-0.0656465483897788
"S",298,"W","S298W",0.00905978146459156
"S",298,"Y","S298Y",-0.202409949010927
"T",299,"A","T299A",0.213179970891481
"T",299,"C","T299C",0.2308339336072
"T",299,"D","T299D",-0.15856190034687
"T",299,"E","T299E",0.00437815595712002
"T",299,"F","T299F",-0.10067625799632
"T",299,"G","T299G",-0.0406321054861493
"T",299,"H","T299H",0.18897225524876
"T",299,"I","T299I",0.0211948033048505
"T",299,"K","T299K",-0.128081415591569
"T",299,"L","T299L",0.00138039597825022
"T",299,"M","T299M",-0.25949462415728
"T",299,"N","T299N",0.0106600138324707
"T",299,"P","T299P",-0.0164962145356596
"T",299,"Q","T299Q",-0.13320561588873
"T",299,"R","T299R",-0.0178629076868494
"T",299,"S","T299S",0.28483107221919
"T",299,"V","T299V",0.20284091196395
"T",299,"W","T299W",-0.138731248234759
"T",299,"Y","T299Y",-0.16452922307909
"Y",300,"A","Y300A",0.090555126150781
"Y",300,"C","Y300C",-0.0404016722850989
"Y",300,"D","Y300D",0.0191051969302709
"Y",300,"E","Y300E",0.256130925703141
"Y",300,"F","Y300F",-0.0629066558700586
"Y",300,"G","Y300G",-0.270821206911909
"Y",300,"H","Y300H",0.022895633067991
"Y",300,"I","Y300I",-0.0710081905780191
"Y",300,"K","Y300K",0.0306658044475609
"Y",300,"L","Y300L",-0.178462332942919
"Y",300,"M","Y300M",-0.053262837513759
"Y",300,"N","Y300N",-0.125813676284819
"Y",300,"P","Y300P",0.208680738841651
"Y",300,"Q","Y300Q",0.105081423535281
"Y",300,"R","Y300R",0.172338474040071
"Y",300,"S","Y300S",-0.0758885607719888
"Y",300,"T","Y300T",-0.135743183528689
"Y",300,"V","Y300V",0.114624396280692
"Y",300,"W","Y300W",-0.00576940231017893
"R",301,"A","R301A",-0.088099204190838
"R",301,"C","R301C",-0.0636980380722176
"R",301,"D","R301D",0.00665625886310322
"R",301,"E","R301E",-0.117561692964467
"R",301,"F","R301F",0.290655901693813
"R",301,"G","R301G",0.112189241164623
"R",301,"H","R301H",0.0112953528736226
"R",301,"I","R301I",-0.0399497109170672
"R",301,"K","R301K",-0.0206560918283276
"R",301,"L","R301L",-0.0566248206020379
"R",301,"M","R301M",-0.00585631996073728
"R",301,"N","R301N",0.0687066559387426
"R",301,"P","R301P",0.206495775246683
"R",301,"Q","R301Q",-0.0410427945191072
"R",301,"S","R301S",-0.136965789856636
"R",301,"T","R301T",-0.216230044555117
"R",301,"V","R301V",-0.0463031453998475
"R",301,"W","R301W",-0.0654197068851479
"R",301,"Y","R301Y",0.202408173970963
"V",302,"C","V302C",0.143002790174607
"V",302,"D","V302D",0.0378360891295362
"V",302,"E","V302E",0.150213153650657
"V",302,"F","V302F",-0.258837818982693
"V",302,"G","V302G",0.133777635093517
"V",302,"H","V302H",-0.123746664354403
"V",302,"I","V302I",-0.161565153416592
"V",302,"K","V302K",0.292658448830867
"V",302,"L","V302L",-0.130019292939513
"V",302,"M","V302M",-0.124249481377672
"V",302,"N","V302N",0.169785588684677
"V",302,"P","V302P",-0.236507739627583
"V",302,"Q","V302Q",0.0698774546063561
"V",302,"R","V302R",0.278870258669397
"V",302,"S","V302S",0.124213486129537
"V",302,"T","V302T",-0.145085293045753
"V",302,"W","V302W",-0.0584342338279536
"V",302,"Y","V302Y",-0.161789227396983
"V",303,"A","V303A",0.00996040955683812
"V",303,"C","V303C",-0.0601951392870917
"V",303,"E","V303E",-0.110486664021092
"V",303,"F","V303F",0.0589912688261281
"V",303,"G","V303G",-0.0248263999291417
"V",303,"H","V303H",-0.023922181646982
"V",303,"I","V303I",-0.060869815242642
"V",303,"K","V303K",-0.0466354386719517
"V",303,"L","V303L",-0.181387973721502
"V",303,"M","V303M",-0.0639250404966617
"V",303,"N","V303N",0.174501890634378
"V",303,"P","V303P",-0.0333123907484717
"V",303,"Q","V303Q",0.0616054111584791
"V",303,"R","V303R",0.137939899683209
"V",303,"S","V303S",0.0973420711035681
"V",303,"T","V303T",0.0178963193825981
"V",303,"W","V303W",-0.0781828697439811
"V",303,"Y","V303Y",0.125506643164318
"S",304,"A","S304A",-0.02258785245097
"S",304,"C","S304C",0.203373293450661
"S",304,"D","S304D",-0.020987332110889
"S",304,"E","S304E",-0.041293546941348
"S",304,"F","S304F",-0.081420314903499
"S",304,"G","S304G",0.0793984202984305
"S",304,"H","S304H",0.0545860185711908
"S",304,"I","S304I",-0.180617242687429
"S",304,"K","S304K",-0.349079989194179
"S",304,"L","S304L",-0.076771547836009
"S",304,"M","S304M",0.117755373882181
"S",304,"N","S304N",0.290966426111401
"S",304,"P","S304P",0.132567905690791
"S",304,"Q","S304Q",-0.091865237550219
"S",304,"R","S304R",0.0235208581172216
"S",304,"T","S304T",-0.086776159874769
"S",304,"V","S304V",-0.117472037235178
"S",304,"W","S304W",0.166702964662611
"V",305,"A","V305A",-0.0181751347712083
"V",305,"C","V305C",0.00113703613737168
"V",305,"D","V305D",0.139718748988211
"V",305,"E","V305E",-0.176074221648769
"V",305,"F","V305F",-0.0651754623773982
"V",305,"G","V305G",-0.0203886959453291
"V",305,"H","V305H",-0.00202072137985852
"V",305,"I","V305I",-0.0548615824426287
"V",305,"K","V305K",0.0963970928785515
"V",305,"L","V305L",-0.044925323213668
"V",305,"M","V305M",0.154825526558141
"V",305,"N","V305N",0.167019634291371
"V",305,"P","V305P",-0.0609038588800881
"V",305,"Q","V305Q",-0.0561275966489086
"V",305,"R","V305R",0.034825526558142
"V",305,"S","V305S",0.0295136535885318
"V",305,"T","V305T",-0.0842923306281889
"V",305,"W","V305W",0.0455260360426019
"V",305,"Y","V305Y",-0.0860183271068782
"L",306,"A","L306A",0.0686323900778057
"L",306,"C","L306C",-0.0355583868052642
"L",306,"D","L306D",-0.086509164147845
"L",306,"E","L306E",0.0636239959549352
"L",306,"F","L306F",-0.0796695986022246
"L",306,"G","L306G",-0.0426707494081748
"L",306,"H","L306H",0.0530407104370552
"L",306,"I","L306I",-0.0137200032877649
"L",306,"K","L306K",-0.0763547936162547
"L",306,"M","L306M",-0.0113968641869455
"L",306,"N","L306N",-0.0246291164913348
"L",306,"P","L306P",0.0391890812317453
"L",306,"Q","L306Q",0.0187441367516357
"L",306,"R","L306R",-0.0463800594079249
"L",306,"S","L306S",0.269189081231745
"L",306,"T","L306T",0.0996780326487255
"L",306,"V","L306V",0.0491490156546553
"L",306,"W","L306W",-0.146247532423995
"L",306,"Y","L306Y",-0.0981101756105751
"T",307,"A","T307A",0.044082625948649
"T",307,"C","T307C",-0.131117629845301
"T",307,"D","T307D",-0.0804690528709012
"T",307,"E","T307E",0.00665552066282886
"T",307,"F","T307F",0.0603088160457787
"T",307,"G","T307G",0.0226928727138091
"T",307,"H","T307H",0.00934198412748806
"T",307,"I","T307I",-0.125253085874921
"T",307,"K","T307K",-0.0540784433672508
"T",307,"L","T307L",0.069324313285419
"T",307,"M","T307M",-0.0261553401411704
"T",307,"N","T307N",0.164013724898849
"T",307,"P","T307P",-0.0662608158944609
"T",307,"Q","T307Q",0.0596406294930196
"T",307,"R","T307R",-0.00986479676638104
"T",307,"S","T307S",0.176296217318729
"T",307,"V","T307V",0.015041532080539
"T",307,"W","T307W",-0.116282928670441
"T",307,"Y","T307Y",-0.0179161431442808
"V",308,"A","V308A",0.0217107819619448
"V",308,"C","V308C",-0.0252434917492453
"V",308,"D","V308D",0.0371540899211543
"V",308,"E","V308E",0.126182562793525
"V",308,"F","V308F",-0.0534509456955544
"V",308,"G","V308G",-0.00847496122622525
"V",308,"H","V308H",0.188512656145615
"V",308,"I","V308I",-0.0972851702983552
"V",308,"K","V308K",0.0835817080131351
"V",308,"L","V308L",-0.0497672625828647
"V",308,"M","V308M",-0.0451020773043255
"V",308,"N","V308N",-0.0383530671093055
"V",308,"P","V308P",-0.195096302958765
"V",308,"Q","V308Q",-0.110039065201035
"V",308,"R","V308R",-0.0166519409172858
"V",308,"S","V308S",-0.0308232400114753
"V",308,"T","V308T",0.187507614337995
"V",308,"W","V308W",0.0715487717167644
"V",308,"Y","V308Y",-0.0459106598356954
"L",309,"A","L309A",0.068704287200755
"L",309,"C","L309C",0.0228424988782354
"L",309,"D","L309D",0.0277490333384751
"L",309,"E","L309E",0.0867112343157847
"L",309,"F","L309F",0.100375706994445
"L",309,"G","L309G",0.00754550948988526
"L",309,"H","L309H",0.0410201604615059
"L",309,"I","L309I",-0.0856815222307047
"L",309,"K","L309K",0.0051119713149354
"L",309,"M","L309M",-0.0736702302622048
"L",309,"N","L309N",-0.0792730891429044
"L",309,"P","L309P",-0.184433414758135
"L",309,"Q","L309Q",0.142424637580495
"L",309,"R","L309R",0.0965932804815352
"L",309,"S","L309S",-0.0586926854433046
"L",309,"T","L309T",-0.123460159987535
"L",309,"V","L309V",-0.0227880584844744
"L",309,"W","L309W",0.0612094944535348
"L",309,"Y","L309Y",-0.0322886542003245
"H",310,"A","H310A",-0.0377332614909806
"H",310,"C","H310C",0.0140391966975294
"H",310,"D","H310D",0.00309945761932937
"H",310,"E","H310E",-0.0156188950053403
"H",310,"F","H310F",0.0145934942166891
"H",310,"G","H310G",0.0317001732250098
"H",310,"I","H310I",0.0408916979253592
"H",310,"K","H310K",-0.0902128302555803
"H",310,"L","H310L",0.227225431435689
"H",310,"M","H310M",0.0305490816428892
"H",310,"N","H310N",-0.0517884102913401
"H",310,"P","H310P",0.0368196347632092
"H",310,"Q","H310Q",-0.0700717528536611
"H",310,"R","H310R",0.10160844987985
"H",310,"S","H310S",0.0244698167997101
"H",310,"T","H310T",0.00502817249923967
"H",310,"V","H310V",-0.120745312542021
"H",310,"W","H310W",-0.0372428130988109
"H",310,"Y","H310Y",-0.106611331166771
"Q",311,"A","Q311A",-0.0624763199273157
"Q",311,"C","Q311C",-0.00284047311691504
"Q",311,"D","Q311D",-0.0152218038112256
"Q",311,"E","Q311E",0.0283016880626746
"Q",311,"F","Q311F",0.0407661483770849
"Q",311,"G","Q311G",-0.0727779648911456
"Q",311,"H","Q311H",0.110127893517426
"Q",311,"I","Q311I",-0.105706400856106
"Q",311,"K","Q311K",0.00924207355420435
"Q",311,"L","Q311L",0.125661740981565
"Q",311,"M","Q311M",-0.0177869374137757
"Q",311,"N","Q311N",-0.0393484870558553
"Q",311,"P","Q311P",0.00527213988475535
"Q",311,"R","Q311R",-0.0820088427019249
"Q",311,"S","Q311S",0.019136937101034
"Q",311,"T","Q311T",-0.0833893983685054
"Q",311,"V","Q311V",0.0346421155279553
"Q",311,"W","Q311W",0.0954401398623056
"Q",311,"Y","Q311Y",0.0129657512737647
"D",312,"A","D312A",-0.000186994661971549
"D",312,"C","D312C",-0.00491592806219095
"D",312,"E","D312E",-0.0464291784965212
"D",312,"F","D312F",0.0758542173992495
"D",312,"G","D312G",-0.0594997064559608
"D",312,"H","D312H",0.113007047535189
"D",312,"I","D312I",-0.038310789706111
"D",312,"K","D312K",-0.0261313175609715
"D",312,"L","D312L",-0.24481931244992
"D",312,"M","D312M",-0.00803455710701047
"D",312,"N","D312N",0.0345721921571391
"D",312,"P","D312P",-0.0192218554854111
"D",312,"Q","D312Q",0.154158740568879
"D",312,"R","D312R",0.00637990982099905
"D",312,"S","D312S",0.00878251869548946
"D",312,"T","D312T",0.0205606831087987
"D",312,"V","D312V",-0.055034730149911
"D",312,"W","D312W",0.102986216625858
"D",312,"Y","D312Y",-0.0137171557756213
"W",313,"C","W313C",-0.150923131473152
"W",313,"D","W313D",-0.146611758678491
"W",313,"E","W313E",0.100385654835819
"W",313,"F","W313F",-0.156605194440121
"W",313,"H","W313H",-0.0350531528850417
"W",313,"I","W313I",-0.173470064877483
"W",313,"K","W313K",0.150429903848458
"W",313,"L","W313L",0.0385507014343481
"W",313,"M","W313M",0.0558671060880579
"W",313,"N","W313N",-0.0639169337317715
"W",313,"P","W313P",-0.0597561310447722
"W",313,"Q","W313Q",0.428540899021599
"W",313,"R","W313R",-0.201665408288803
"W",313,"S","W313S",0.0571420636997389
"W",313,"T","W313T",0.249942314309467
"W",313,"V","W313V",0.0447722677466385
"W",313,"Y","W313Y",-0.137629135564491
"L",314,"A","L314A",0.141249328125197
"L",314,"C","L314C",-0.00889265070897347
"L",314,"D","L314D",0.0378442966074073
"L",314,"E","L314E",0.161407952304717
"L",314,"F","L314F",-0.0535279427692121
"L",314,"G","L314G",0.0593647419067573
"L",314,"H","L314H",-0.00983328593329277
"L",314,"I","L314I",-0.0231122165266326
"L",314,"K","L314K",-0.211735230242423
"L",314,"M","L314M",0.0525047957600273
"L",314,"N","L314N",0.0741413203731673
"L",314,"P","L314P",-0.123887190618332
"L",314,"Q","L314Q",-0.0476447015147327
"L",314,"R","L314R",0.00654410725226723
"L",314,"S","L314S",0.114365148624878
"L",314,"T","L314T",-0.0373632578384326
"L",314,"V","L314V",-0.0721002568912434
"L",314,"W","L314W",-0.0411214212295931
"L",314,"Y","L314Y",-0.0182035366815525
"N",315,"A","N315A",0.230509116027059
"N",315,"C","N315C",-0.00530049402280202
"N",315,"D","N315D",-0.0381869410056425
"N",315,"E","N315E",-0.0601689207663713
"N",315,"F","N315F",-0.0946699982819223
"N",315,"G","N315G",0.0319809133134482
"N",315,"H","N315H",-0.0864974224019119
"N",315,"I","N315I",-0.0199014833614421
"N",315,"K","N315K",0.0871729476532289
"N",315,"L","N315L",-0.0917668851689314
"N",315,"M","N315M",-0.0843045045458719
"N",315,"P","N315P",0.077263585645379
"N",315,"Q","N315Q",0.107263585645378
"N",315,"R","N315R",-0.0442881195851618
"N",315,"S","N315S",0.051142615424259
"N",315,"T","N315T",-0.0800455731932518
"N",315,"W","N315W",0.00933662705391861
"N",315,"Y","N315Y",0.0104609515706378
"G",316,"A","G316A",-0.0462554801316196
"G",316,"C","G316C",-0.126267276868409
"G",316,"D","G316D",0.0427320851748509
"G",316,"E","G316E",-0.0749277026821996
"G",316,"F","G316F",0.0711064032732113
"G",316,"H","G316H",0.213263676375741
"G",316,"I","G316I",-0.176602930925019
"G",316,"K","G316K",0.00649943362537071
"G",316,"L","G316L",-0.0169795013575798
"G",316,"M","G316M",0.0826958107068305
"G",316,"N","G316N",0.0165957837222003
"G",316,"P","G316P",-0.0400379786467291
"G",316,"Q","G316Q",-0.0361617510182193
"G",316,"R","G316R",0.0720153509397902
"G",316,"S","G316S",0.00946282210968061
"G",316,"T","G316T",0.0352192925967498
"G",316,"V","G316V",-0.117439103776879
"G",316,"W","G316W",-0.0448683955631595
"G",316,"Y","G316Y",0.12994946244539
"K",317,"A","K317A",0.119592965729945
"K",317,"C","K317C",-0.0135963660354754
"K",317,"D","K317D",0.0403423684762343
"K",317,"E","K317E",0.0701237474986849
"K",317,"F","K317F",-0.0468013358451146
"K",317,"G","K317G",-0.0441097241021353
"K",317,"H","K317H",0.008114123899305
"K",317,"I","K317I",-0.0434945717331158
"K",317,"L","K317L",0.128369780489885
"K",317,"M","K317M",-0.0692947360066655
"K",317,"N","K317N",-0.0269271752540154
"K",317,"P","K317P",0.0207403998329455
"K",317,"Q","K317Q",0.0535567931031249
"K",317,"R","K317R",0.0302418265325555
"K",317,"S","K317S",-0.0521926641991159
"K",317,"T","K317T",0.0194849322626541
"K",317,"V","K317V",-0.0554284059421457
"K",317,"W","K317W",-0.0891701904867253
"K",317,"Y","K317Y",-0.0495517682208248
"E",318,"A","E318A",0.0354730427054498
"E",318,"D","E318D",-0.00710277555031046
"E",318,"F","E318F",0.0579977717073395
"E",318,"G","E318G",-0.00401863042529059
"E",318,"H","E318H",-0.030209576378701
"E",318,"I","E318I",0.0836197121964902
"E",318,"K","E318K",-0.00529486458507976
"E",318,"L","E318L",0.0356439537405592
"E",318,"M","E318M",-0.0397060567218107
"E",318,"N","E318N",-0.0506103520263302
"E",318,"P","E318P",-0.0768183829440409
"E",318,"Q","E318Q",0.0137546168887294
"E",318,"R","E318R",0.043206308807019
"E",318,"S","E318S",0.0696077445158995
"E",318,"T","E318T",0.0774978656971891
"E",318,"V","E318V",0.0682025105791192
"E",318,"W","E318W",-0.143052485102191
"E",318,"Y","E318Y",-0.12819040310404
"Y",319,"A","Y319A",0.0333404181844075
"Y",319,"C","Y319C",0.0418953116839674
"Y",319,"D","Y319D",0.074576872965737
"Y",319,"E","Y319E",-0.0341906999451127
"Y",319,"F","Y319F",-0.0881542646336623
"Y",319,"G","Y319G",-0.138755027207962
"Y",319,"H","Y319H",-0.00905733549356246
"Y",319,"I","Y319I",0.0855518321215772
"Y",319,"K","Y319K",-0.0510734221255133
"Y",319,"L","Y319L",0.0181235683727566
"Y",319,"M","Y319M",0.0536731213576274
"Y",319,"N","Y319N",-0.0993073606212828
"Y",319,"P","Y319P",0.0887422285858173
"Y",319,"Q","Y319Q",-0.159299713486073
"Y",319,"R","Y319R",0.0562470376357776
"Y",319,"S","Y319S",0.193818917678797
"Y",319,"T","Y319T",-0.00522333467469275
"Y",319,"V","Y319V",-0.0795582335166922
"Y",319,"W","Y319W",0.0186500831180872
"K",320,"A","K320A",-0.00248484582893297
"K",320,"C","K320C",-0.0559186591264726
"K",320,"D","K320D",0.153220508359247
"K",320,"E","K320E",-0.101358056901072
"K",320,"F","K320F",-0.00367475211555217
"K",320,"G","K320G",-0.0734049222497628
"K",320,"H","K320H",-0.0100758946453529
"K",320,"I","K320I",0.0790527084387984
"K",320,"L","K320L",0.0134913363362968
"K",320,"M","K320M",-0.0593044021049529
"K",320,"N","K320N",-0.00395337296804227
"K",320,"P","K320P",0.207384555386896
"K",320,"Q","K320Q",-0.0100664983835727
"K",320,"R","K320R",-0.0458780821180022
"K",320,"S","K320S",-0.0513772610607832
"K",320,"T","K320T",-0.101443871123933
"K",320,"V","K320V",-0.070203250762022
"K",320,"W","K320W",0.0958229366568674
"K",320,"Y","K320Y",0.0401718242103471
"C",321,"A","C321A",-0.0188489160541994
"C",321,"D","C321D",0.0976996787885808
"C",321,"E","C321E",-0.11844086692535
"C",321,"F","C321F",-0.000526633032399325
"C",321,"G","C321G",0.210229563982461
"C",321,"H","C321H",-0.0841527208985897
"C",321,"I","C321I",0.0420246826876299
"C",321,"K","C321K",-0.199656000235929
"C",321,"L","C321L",-0.10290412723055
"C",321,"M","C321M",0.0660936094450809
"C",321,"P","C321P",0.10673851465258
"C",321,"Q","C321Q",-0.154413158487959
"C",321,"R","C321R",0.00878090648448047
"C",321,"S","C321S",-0.0595562600605007
"C",321,"T","C321T",-0.0364963876771892
"C",321,"V","C321V",0.0142378521051908
"C",321,"W","C321W",0.0473515530451504
"C",321,"Y","C321Y",0.181838709411511
"K",322,"A","K322A",-0.00895431570276102
"K",322,"C","K322C",0.0307375932973993
"K",322,"D","K322D",0.100093663510679
"K",322,"E","K322E",0.0999727684490293
"K",322,"F","K322F",0.14387323693692
"K",322,"G","K322G",-0.0142255243718408
"K",322,"H","K322H",-0.00229915616832081
"K",322,"I","K322I",0.0683435591417993
"K",322,"L","K322L",0.0295846084400203
"K",322,"M","K322M",-0.0454783155573902
"K",322,"N","K322N",0.0369129848466693
"K",322,"P","K322P",-0.09498915550137
"K",322,"Q","K322Q",-0.0882742755481508
"K",322,"R","K322R",-0.156997843162281
"K",322,"S","K322S",-0.130696000802261
"K",322,"T","K322T",-0.0323799294024907
"K",322,"V","K322V",0.0752989599345693
"K",322,"W","K322W",-0.0862478718522902
"K",322,"Y","K322Y",0.0757250135120703
"V",323,"A","V323A",-0.119282827686713
"V",323,"C","V323C",-0.111925792836834
"V",323,"D","V323D",-0.0800417130379528
"V",323,"E","V323E",-0.232964118254684
"V",323,"F","V323F",0.0504131652071765
"V",323,"G","V323G",0.0164472639373064
"V",323,"H","V323H",-0.00189607994091355
"V",323,"I","V323I",0.123500923757896
"V",323,"K","V323K",-0.153013361387253
"V",323,"L","V323L",-0.161329504660233
"V",323,"M","V323M",0.139389556849876
"V",323,"P","V323P",0.124179865977117
"V",323,"Q","V323Q",0.144456847647216
"V",323,"R","V323R",0.0508028368121164
"V",323,"S","V323S",0.220668680131507
"V",323,"T","V323T",0.0162244321342165
"V",323,"W","V323W",0.127215008705836
"V",323,"Y","V323Y",-0.152845183355683
"S",324,"A","S324A",-0.201628386400174
"S",324,"C","S324C",0.017373836949646
"S",324,"D","S324D",-0.0543746692390445
"S",324,"E","S324E",-0.173218878528914
"S",324,"F","S324F",-0.00754370871653495
"S",324,"G","S324G",-0.151743288975084
"S",324,"H","S324H",-0.0124781462754835
"S",324,"I","S324I",0.178238353330606
"S",324,"K","S324K",-0.0185952652362942
"S",324,"L","S324L",0.0585251912440959
"S",324,"M","S324M",0.0444570621189667
"S",324,"N","S324N",0.139766266560706
"S",324,"P","S324P",0.0817051206986456
"S",324,"Q","S324Q",-0.0710723966361042
"S",324,"R","S324R",-0.0793023147075042
"S",324,"T","S324T",0.0528452275544153
"S",324,"V","S324V",0.0920123475411256
"S",324,"W","S324W",0.0425550745134155
"S",324,"Y","S324Y",0.0624785742035158
"N",325,"A","N325A",-0.30853200536366
"N",325,"C","N325C",0.553775920604931
"N",325,"D","N325D",0.0777019349119021
"N",325,"E","N325E",0.0129788209070911
"N",325,"F","N325F",-0.305234239940379
"N",325,"G","N325G",-0.222082353650029
"N",325,"H","N325H",-0.0753408784365288
"N",325,"I","N325I",0.0504989472764311
"N",325,"K","N325K",-0.277968107921229
"N",325,"L","N325L",-0.0516779750989789
"N",325,"M","N325M",0.428140185897741
"N",325,"P","N325P",-0.0333192932572689
"N",325,"Q","N325Q",0.0338528795839311
"N",325,"R","N325R",-0.285748998607679
"N",325,"S","N325S",0.351734758223761
"N",325,"T","N325T",0.0959519426342601
"N",325,"V","N325V",-0.167215338529379
"N",325,"W","N325W",0.114443151517871
"N",325,"Y","N325Y",0.0080406492472111
"K",326,"A","K326A",0.00390911936678982
"K",326,"C","K326C",0.20475119489745
"K",326,"D","K326D",0.277901346436349
"K",326,"E","K326E",-0.106899507712642
"K",326,"F","K326F",-0.0117381137755907
"K",326,"G","K326G",-0.266109442047861
"K",326,"H","K326H",-0.026170527499201
"K",326,"I","K326I",-0.0115303277199714
"K",326,"L","K326L",0.229812784310399
"K",326,"M","K326M",0.167819414215639
"K",326,"N","K326N",-0.203880937750581
"K",326,"P","K326P",-0.266887735107142
"K",326,"Q","K326Q",0.104122884008629
"K",326,"R","K326R",-0.104779911033941
"K",326,"S","K326S",0.0287126163306789
"K",326,"T","K326T",-0.265169849071751
"K",326,"V","K326V",0.189108634550169
"K",326,"W","K326W",0.0163659376121389
"K",326,"Y","K326Y",0.0406624199904389
"A",327,"C","A327C",0.0530946518150267
"A",327,"D","A327D",0.382074091349356
"A",327,"E","A327E",0.305929607988876
"A",327,"F","A327F",0.0805209887028467
"A",327,"G","A327G",0.201118453722576
"A",327,"H","A327H",-0.134847747073274
"A",327,"I","A327I",0.0226398009578357
"A",327,"K","A327K",-0.376183669842324
"A",327,"L","A327L",0.0478253456962947
"A",327,"M","A327M",-0.127763726789304
"A",327,"N","A327N",0.289383120175207
"A",327,"P","A327P",-0.0718930595478243
"A",327,"Q","A327Q",0.0376854727928957
"A",327,"R","A327R",-0.231889167221374
"A",327,"S","A327S",-0.0405241974288743
"A",327,"T","A327T",-0.257682151212954
"A",327,"V","A327V",-0.120824965877635
"A",327,"W","A327W",-0.0519058961762943
"A",327,"Y","A327Y",-0.00675695203105431
"L",328,"A","L328A",-0.182652148692318
"L",328,"C","L328C",-0.189516575836328
"L",328,"D","L328D",-0.110446983833678
"L",328,"E","L328E",0.0901320889171518
"L",328,"F","L328F",0.524786000172301
"L",328,"G","L328G",-0.0606032690269682
"L",328,"H","L328H",-0.0603541451832572
"L",328,"I","L328I",0.176138530710843
"L",328,"K","L328K",-0.418888764505068
"L",328,"M","L328M",0.105624266151623
"L",328,"N","L328N",-0.134209138825047
"L",328,"P","L328P",-0.115401219702798
"L",328,"Q","L328Q",-0.283575996003188
"L",328,"R","L328R",-0.545397739407328
"L",328,"S","L328S",-0.479401163833628
"L",328,"T","L328T",0.0793657230942218
"L",328,"V","L328V",-0.277841015811457
"L",328,"W","L328W",1.1822028885943
"L",328,"Y","L328Y",0.700038663020622
"P",329,"A","P329A",0.264938223479284
"P",329,"C","P329C",0.128225970318094
"P",329,"D","P329D",-0.147977041724236
"P",329,"E","P329E",0.00987474748304336
"P",329,"F","P329F",0.0944086857166731
"P",329,"G","P329G",0.0742577043225337
"P",329,"H","P329H",0.205166001706454
"P",329,"I","P329I",-0.140911858771966
"P",329,"K","P329K",-0.0554238131229861
"P",329,"L","P329L",-0.104991776456196
"P",329,"M","P329M",-0.0356074094404662
"P",329,"N","P329N",0.188133418159605
"P",329,"Q","P329Q",0.0826771817178641
"P",329,"R","P329R",-0.0373683774723661
"P",329,"S","P329S",-0.115431132653617
"P",329,"T","P329T",-0.0867844708454762
"P",329,"V","P329V",0.157499731271024
"P",329,"W","P329W",-0.0352982612789061
"P",329,"Y","P329Y",-0.445387522408356
"A",330,"C","A330C",0.0444767410863064
"A",330,"D","A330D",0.336796298689957
"A",330,"E","A330E",0.0331553766945073
"A",330,"F","A330F",-0.365893358402863
"A",330,"G","A330G",0.0800558296903268
"A",330,"H","A330H",-0.110908198463993
"A",330,"I","A330I",0.00474535474807677
"A",330,"K","A330K",0.210615372291497
"A",330,"L","A330L",-0.161526974965302
"A",330,"M","A330M",-0.243649003317332
"A",330,"N","A330N",0.134273623335606
"A",330,"P","A330P",0.108222331640546
"A",330,"Q","A330Q",0.172379321964507
"A",330,"R","A330R",0.192590129189597
"A",330,"S","A330S",0.127359682765677
"A",330,"T","A330T",0.115616238083977
"A",330,"V","A330V",-0.0277879876937733
"A",330,"W","A330W",-0.446860346396603
"A",330,"Y","A330Y",-0.203660430940712
"P",331,"A","P331A",-0.130108035009804
"P",331,"C","P331C",0.120443326108236
"P",331,"D","P331D",-0.222786750982614
"P",331,"E","P331E",0.0936562239349858
"P",331,"F","P331F",0.0586162786585058
"P",331,"G","P331G",0.102193613086667
"P",331,"H","P331H",0.0328623292728158
"P",331,"I","P331I",0.0016793432712458
"P",331,"K","P331K",-0.114786006558155
"P",331,"L","P331L",0.0770317739854058
"P",331,"M","P331M",0.158523688415675
"P",331,"N","P331N",-0.0162363547495642
"P",331,"Q","P331Q",-0.145946472988414
"P",331,"R","P331R",-0.217114215897864
"P",331,"S","P331S",-0.0576178657717742
"P",331,"T","P331T",-0.0155399081528042
"P",331,"V","P331V",0.0270259542235658
"P",331,"W","P331W",0.117277868366816
"P",331,"Y","P331Y",0.130825210787076
"I",332,"C","I332C",-0.0301751505872265
"I",332,"D","I332D",-0.155089005867977
"I",332,"E","I332E",0.0484331778773437
"I",332,"F","I332F",0.0918612375540335
"I",332,"G","I332G",-0.146424473363267
"I",332,"H","I332H",-0.0467587447709863
"I",332,"K","I332K",0.177493656964063
"I",332,"L","I332L",0.0198723926524536
"I",332,"M","I332M",0.109356362629154
"I",332,"N","I332N",0.0460049983136739
"I",332,"Q","I332Q",-0.130655598707947
"I",332,"R","I332R",0.589180348231103
"I",332,"S","I332S",-0.183931274273917
"I",332,"T","I332T",-0.473769887810827
"I",332,"V","I332V",-0.0377553880153969
"I",332,"W","I332W",-0.00661495623213644
"I",332,"Y","I332Y",0.128972305407853
"E",333,"A","E333A",-0.120189794928731
"E",333,"C","E333C",0.197095552572169
"E",333,"D","E333D",-0.129785397588221
"E",333,"F","E333F",0.024648533145979
"E",333,"G","E333G",-0.172894248509111
"E",333,"H","E333H",-0.235440006014921
"E",333,"I","E333I",0.041842761268069
"E",333,"K","E333K",-0.0666872094108504
"E",333,"L","E333L",0.0962860908727494
"E",333,"M","E333M",0.0396783582363885
"E",333,"N","E333N",0.216073922034119
"E",333,"P","E333P",-0.0546030694635515
"E",333,"Q","E333Q",-0.0786693681198011
"E",333,"R","E333R",-0.0090554886883014
"E",333,"S","E333S",-0.0385158892633415
"E",333,"T","E333T",0.0871347997969396
"E",333,"V","E333V",0.0498192196690397
"E",333,"W","E333W",-0.000373131923021599
"E",333,"Y","E333Y",0.153634366314399
"K",334,"A","K334A",-0.166554674109765
"K",334,"C","K334C",0.0855362721381145
"K",334,"D","K334D",-0.134957858562665
"K",334,"E","K334E",-0.100608283536015
"K",334,"F","K334F",0.0112394380489546
"K",334,"G","K334G",0.111016119998985
"K",334,"H","K334H",0.107956223941705
"K",334,"I","K334I",-0.155922833936494
"K",334,"L","K334L",-0.146523355888045
"K",334,"M","K334M",0.0548934847074949
"K",334,"N","K334N",0.0591054641770046
"K",334,"P","K334P",0.172512922415695
"K",334,"Q","K334Q",0.0305896201198847
"K",334,"R","K334R",0.283612523087945
"K",334,"S","K334S",-0.0213634850722754
"K",334,"T","K334T",-0.0475221031768754
"K",334,"V","K334V",0.0985778728022244
"K",334,"W","K334W",-0.0400755741906954
"K",334,"Y","K334Y",-0.201511772965175
"T",335,"A","T335A",-0.0941165777410505
"T",335,"C","T335C",0.0359702480702195
"T",335,"D","T335D",-0.0850870777512405
"T",335,"E","T335E",0.127624940254349
"T",335,"F","T335F",0.118001246849859
"T",335,"G","T335G",-0.0710397085222512
"T",335,"H","T335H",0.0786774992745001
"T",335,"I","T335I",-0.0219613299507111
"T",335,"K","T335K",0.0614016202639294
"T",335,"L","T335L",-0.121104474971691
"T",335,"M","T335M",-0.0429083041981106
"T",335,"N","T335N",0.0121715058605292
"T",335,"P","T335P",-0.103342272983341
"T",335,"Q","T335Q",0.0640088349278296
"T",335,"R","T335R",-0.0787997206117105
"T",335,"S","T335S",0.0258360043018702
"T",335,"V","T335V",0.00702901242874017
"T",335,"W","T335W",-0.0197798472131605
"T",335,"Y","T335Y",0.107418401711439
"I",336,"A","I336A",-0.0935667257848591
"I",336,"C","I336C",-0.210884440722649
"I",336,"D","I336D",0.178232314479761
"I",336,"E","I336E",-0.0667125020989291
"I",336,"F","I336F",0.145733423514451
"I",336,"G","I336G",0.0249018830921109
"I",336,"H","I336H",0.0174028984714009
"I",336,"K","I336K",0.0629714713825912
"I",336,"L","I336L",0.0905374034203414
"I",336,"M","I336M",-0.0289387837840091
"I",336,"N","I336N",0.202640519848941
"I",336,"P","I336P",-0.0343281172600991
"I",336,"Q","I336Q",-0.0169624751236091
"I",336,"R","I336R",0.00678190597607092
"I",336,"S","I336S",-0.0566207420566791
"I",336,"T","I336T",-0.00233299403272907
"I",336,"V","I336V",-0.107708764325209
"I",336,"W","I336W",-0.0173264534695391
"I",336,"Y","I336Y",-0.0938198215273581
"S",337,"A","S337A",-0.0405971974565925
"S",337,"C","S337C",0.0837609487646572
"S",337,"D","S337D",0.0644527102969467
"S",337,"E","S337E",-0.0614720202452928
"S",337,"F","S337F",-0.046558942015083
"S",337,"G","S337G",-0.358616077626153
"S",337,"H","S337H",-0.108842628392742
"S",337,"I","S337I",0.181861862633667
"S",337,"K","S337K",0.188467946376297
"S",337,"L","S337L",0.127861655167367
"S",337,"M","S337M",-0.0550714989473625
"S",337,"N","S337N",-0.00213834483263226
"S",337,"P","S337P",-0.0330469139202228
"S",337,"Q","S337Q",-0.0276634811814427
"S",337,"R","S337R",-0.0406310186712925
"S",337,"T","S337T",0.121126827987037
"S",337,"V","S337V",0.00740820637916774
"S",337,"W","S337W",-0.0185518322718226
"S",337,"Y","S337Y",0.018249797955498
"K",338,"A","K338A",0.0998978260878588
"K",338,"C","K338C",0.00569054148174859
"K",338,"D","K338D",-0.0911264451736413
"K",338,"E","K338E",0.0531485182950789
"K",338,"F","K338F",0.0769899888929598
"K",338,"G","K338G",0.302328432911479
"K",338,"H","K338H",-0.0735281063297803
"K",338,"I","K338I",-0.0392237191672111
"K",338,"L","K338L",-0.161380464589551
"K",338,"M","K338M",-0.174880375720731
"K",338,"N","K338N",-0.070170107694101
"K",338,"P","K338P",-0.00700597224793072
"K",338,"Q","K338Q",0.0191829393995986
"K",338,"R","K338R",-0.0726427711036408
"K",338,"S","K338S",0.235601199216909
"K",338,"T","K338T",-0.0562236468961805
"K",338,"V","K338V",-0.102256936892961
"K",338,"W","K338W",0.126470519660529
"K",338,"Y","K338Y",-0.0708714201304314
"A",339,"C","A339C",0.183733019414744
"A",339,"D","A339D",-0.0158145106614955
"A",339,"E","A339E",-0.123363439743596
"A",339,"F","A339F",0.0438466021236042
"A",339,"G","A339G",-0.115189815653576
"A",339,"H","A339H",-0.0279943845580059
"A",339,"I","A339I",0.0998495906843352
"A",339,"K","A339K",0.000807967196423912
"A",339,"L","A339L",-0.163724999289846
"A",339,"M","A339M",-0.274394264635926
"A",339,"N","A339N",-0.00539769296520498
"A",339,"P","A339P",0.0745471891336842
"A",339,"Q","A339Q",-0.0216456775457562
"A",339,"R","A339R",-0.00755251565199569
"A",339,"S","A339S",-0.156245767677496
"A",339,"T","A339T",0.0236849877686342
"A",339,"V","A339V",0.111788878471164
"A",339,"W","A339W",0.177746317631114
"A",339,"Y","A339Y",0.195318515959194
"K",340,"A","K340A",0.0869036992097014
"K",340,"C","K340C",0.090329227675791
"K",340,"D","K340D",0.0262487549242005
"K",340,"E","K340E",-0.0629550649930486
"K",340,"F","K340F",0.0252947556519507
"K",340,"G","K340G",0.0443375176682015
"K",340,"H","K340H",-0.0572921859345888
"K",340,"I","K340I",-0.00557375039070852
"K",340,"L","K340L",-0.042800254728429
"K",340,"M","K340M",-0.0824973372694087
"K",340,"N","K340N",0.0565099779662115
"K",340,"P","K340P",0.00758862123966101
"K",340,"Q","K340Q",0.0264336196619006
"K",340,"R","K340R",0.037691033435091
"K",340,"S","K340S",0.0163344593156911
"K",340,"T","K340T",-0.0655621228795791
"K",340,"V","K340V",0.0673501736659514
"K",340,"W","K340W",0.0233555613925411
"K",340,"Y","K340Y",-0.19169668561113
"G",341,"A","G341A",-0.0298831591959111
"G",341,"C","G341C",0.116153337818698
"G",341,"D","G341D",-0.20418701784881
"G",341,"E","G341E",-0.0965293453984801
"G",341,"F","G341F",0.0237193010559389
"G",341,"H","G341H",0.0859900836178389
"G",341,"I","G341I",0.0451797953405179
"G",341,"K","G341K",-0.0961970097912811
"G",341,"L","G341L",0.214289576320819
"G",341,"M","G341M",0.0264624562503489
"G",341,"N","G341N",0.0981022113883199
"G",341,"P","G341P",-0.407010569860201
"G",341,"Q","G341Q",0.0119555903475489
"G",341,"R","G341R",0.0998802277915389
"G",341,"S","G341S",-0.107662866962571
"G",341,"T","G341T",0.152743021673569
"G",341,"V","G341V",0.0816587177194189
"G",341,"W","G341W",0.00892351063197888
"G",341,"Y","G341Y",-0.0235878608992811
"Q",342,"A","Q342A",0.0633558033524505
"Q",342,"C","Q342C",0.0416974148165205
"Q",342,"D","Q342D",-0.156701888625968
"Q",342,"E","Q342E",-0.0739345805646797
"Q",342,"F","Q342F",-0.124032787264759
"Q",342,"G","Q342G",-0.0606301659016898
"Q",342,"H","Q342H",0.105450266183102
"Q",342,"I","Q342I",0.0919207752964106
"Q",342,"K","Q342K",-0.0941634134874899
"Q",342,"L","Q342L",0.035684389301221
"Q",342,"M","Q342M",0.0289617057986208
"Q",342,"N","Q342N",-0.00642854435560954
"Q",342,"P","Q342P",0.321920775296411
"Q",342,"R","Q342R",0.0151928443267299
"Q",342,"S","Q342S",-0.0740801255707493
"Q",342,"T","Q342T",-0.00313427859193944
"Q",342,"V","Q342V",-0.11178301818131
"Q",342,"W","Q342W",0.01502258087401
"Q",342,"Y","Q342Y",-0.0143177527012795
"P",343,"A","P343A",-0.0254654822974965
"P",343,"C","P343C",-0.0192706143822966
"P",343,"D","P343D",-0.0433366768300372
"P",343,"E","P343E",-0.0537516928823266
"P",343,"F","P343F",0.0785495591224931
"P",343,"G","P343G",0.0635664601507031
"P",343,"H","P343H",0.0847600474799931
"P",343,"I","P343I",-0.056246419258337
"P",343,"K","P343K",0.0973530888996031
"P",343,"L","P343L",-0.0542907730841671
"P",343,"M","P343M",-0.0380887302895568
"P",343,"N","P343N",-0.00590694652544757
"P",343,"Q","P343Q",-0.0158801988055871
"P",343,"R","P343R",-0.105458758395757
"P",343,"S","P343S",-0.063404957077937
"P",343,"T","P343T",0.131428710598553
"P",343,"V","P343V",-0.165268670400157
"P",343,"W","P343W",0.146044052863084
"P",343,"Y","P343Y",0.0446680011146731
"R",344,"A","R344A",-0.0195269509554936
"R",344,"C","R344C",0.0548108889013357
"R",344,"D","R344D",-0.0729327234249639
"R",344,"E","R344E",-0.0191522576877537
"R",344,"F","R344F",-0.0305482281717635
"R",344,"G","R344G",-0.000302841437833484
"R",344,"H","R344H",0.0230736492951762
"R",344,"I","R344I",0.0466413093306459
"R",344,"K","R344K",0.0756849050906461
"R",344,"L","R344L",-0.0335799093377938
"R",344,"M","R344M",0.0262347776532563
"R",344,"N","R344N",-0.00262900948104399
"R",344,"P","R344P",0.00619052980162599
"R",344,"Q","R344Q",-0.00788742688405343
"R",344,"S","R344S",-0.0416009060434941
"R",344,"T","R344T",-0.146852403764615
"R",344,"V","R344V",0.00208744429292657
"R",344,"Y","R344Y",0.140289152823196
"E",345,"A","E345A",0.040103362770958
"E",345,"C","E345C",0.00506322056380932
"E",345,"D","E345D",0.00822980102399882
"E",345,"F","E345F",0.0555619869668785
"E",345,"G","E345G",-0.116884666107831
"E",345,"I","E345I",0.0116309145390381
"E",345,"K","E345K",-0.0448581036121109
"E",345,"L","E345L",0.0398238108074485
"E",345,"M","E345M",0.0856547836975788
"E",345,"N","E345N",-0.0424004870340213
"E",345,"P","E345P",-0.0437051266487808
"E",345,"Q","E345Q",-0.0450513629151605
"E",345,"R","E345R",0.0714113693732191
"E",345,"S","E345S",0.0171591216708485
"E",345,"T","E345T",0.0171774948725588
"E",345,"V","E345V",-0.0427149162275406
"E",345,"W","E345W",0.0293188795890696
"E",345,"Y","E345Y",-0.0455200833299609
"P",346,"A","P346A",-0.173291382660265
"P",346,"C","P346C",-0.108550555302005
"P",346,"D","P346D",0.0099085120362153
"P",346,"E","P346E",0.122754825090075
"P",346,"F","P346F",0.112303366680505
"P",346,"G","P346G",-0.119045743935034
"P",346,"H","P346H",0.0222452415970354
"P",346,"I","P346I",0.0922635533434152
"P",346,"K","P346K",0.0177430927789553
"P",346,"L","P346L",-0.210976313630124
"P",346,"M","P346M",-0.0322037625229551
"P",346,"N","P346N",0.0215855603472351
"P",346,"Q","P346Q",-0.0539175573437644
"P",346,"R","P346R",0.0816464921315052
"P",346,"S","P346S",-0.0329917049977145
"P",346,"T","P346T",-0.0086569791773351
"P",346,"V","P346V",-0.0948547646100054
"P",346,"W","P346W",0.127828884070035
"P",346,"Y","P346Y",0.226209236104225
"Q",347,"A","Q347A",-0.00569455378761711
"Q",347,"C","Q347C",0.0611465729787431
"Q",347,"D","Q347D",-0.0833211148717677
"Q",347,"E","Q347E",0.0239671442780734
"Q",347,"F","Q347F",-0.0141889792125566
"Q",347,"G","Q347G",0.030758218373443
"Q",347,"H","Q347H",-0.0292294154946373
"Q",347,"I","Q347I",-0.00437182676693611
"Q",347,"K","Q347K",0.0202898462826231
"Q",347,"L","Q347L",0.0196472674601034
"Q",347,"M","Q347M",0.000818435233862491
"Q",347,"N","Q347N",0.0119285467011135
"Q",347,"P","Q347P",-0.0330611843481363
"Q",347,"R","Q347R",-0.0387787333079265
"Q",347,"S","Q347S",0.0564796498123532
"Q",347,"T","Q347T",0.0121090723899627
"Q",347,"V","Q347V",0.00306235113353329
"Q",347,"W","Q347W",-0.0466718528226572
"Q",347,"Y","Q347Y",0.0151105559684237
"V",348,"A","V348A",-0.0563871197471553
"V",348,"C","V348C",0.070069574485685
"V",348,"D","V348D",-0.0500683659316952
"V",348,"E","V348E",0.0657102985320046
"V",348,"F","V348F",-0.0749206960934554
"V",348,"G","V348G",0.00878180645998488
"V",348,"H","V348H",-0.00287145153174519
"V",348,"I","V348I",-0.0708452399666655
"V",348,"K","V348K",0.102512020866685
"V",348,"L","V348L",0.0132788771354146
"V",348,"M","V348M",-0.0433490794491851
"V",348,"N","V348N",0.0316499129792147
"V",348,"P","V348P",-0.0671690101980555
"V",348,"Q","V348Q",-0.0049648925954955
"V",348,"R","V348R",-0.00477925920302537
"V",348,"S","V348S",0.0609338712959948
"V",348,"T","V348T",0.00618010344483453
"V",348,"W","V348W",-0.0194572195967249
"V",348,"Y","V348Y",0.0356958691133853
"Y",349,"A","Y349A",0.0140322308011446
"Y",349,"C","Y349C",0.0308231519788754
"Y",349,"D","Y349D",-0.00387696795403427
"Y",349,"E","Y349E",-0.0352963622467347
"Y",349,"F","Y349F",0.0915031713817943
"Y",349,"G","Y349G",0.0188099939264754
"Y",349,"H","Y349H",0.061503171381795
"Y",349,"I","Y349I",0.0134142090383457
"Y",349,"K","Y349K",-0.0250898043785145
"Y",349,"L","Y349L",-0.0313304104583053
"Y",349,"M","Y349M",-0.0135643464972049
"Y",349,"N","Y349N",-0.0615792717649547
"Y",349,"P","Y349P",0.0383836632300953
"Y",349,"Q","Y349Q",-0.0316487283698344
"Y",349,"R","Y349R",0.106457994340795
"Y",349,"S","Y349S",-0.0405154043258547
"Y",349,"T","Y349T",-0.0250630957013343
"Y",349,"V","Y349V",-0.0577656095903452
"Y",349,"W","Y349W",-0.0491975847922045
"T",350,"A","T350A",0.0258824999240416
"T",350,"C","T350C",-0.0121596588390383
"T",350,"D","T350D",0.0402172003186114
"T",350,"E","T350E",0.137839621676302
"T",350,"F","T350F",0.137714548866532
"T",350,"G","T350G",-0.0566665295572684
"T",350,"H","T350H",-0.0505525394388385
"T",350,"I","T350I",-0.0207304352915084
"T",350,"K","T350K",-0.0680400754082487
"T",350,"L","T350L",-0.0409155151406487
"T",350,"M","T350M",0.0423476438049214
"T",350,"N","T350N",0.0683761301154122
"T",350,"P","T350P",0.0937392011812316
"T",350,"Q","T350Q",0.0150094192205825
"T",350,"R","T350R",-0.0918407172668386
"T",350,"S","T350S",-0.124615898325918
"T",350,"V","T350V",-0.0841632716164081
"T",350,"W","T350W",-0.017013731021969
"T",350,"Y","T350Y",0.00557210679905185
"L",351,"A","L351A",0.0692987185143648
"L",351,"C","L351C",0.0867595833530551
"L",351,"D","L351D",-0.0210717749686044
"L",351,"E","L351E",0.0219535142427652
"L",351,"F","L351F",0.021120571993905
"L",351,"G","L351G",-0.00274531174163464
"L",351,"H","L351H",-0.0583392142991345
"L",351,"I","L351I",-0.0407841533079342
"L",351,"K","L351K",0.0977353171275953
"L",351,"M","L351M",0.00323573338252513
"L",351,"N","L351N",-0.0679461291026455
"L",351,"P","L351P",-0.124517552196735
"L",351,"Q","L351Q",0.0432997483039155
"L",351,"R","L351R",-0.0222616800715544
"L",351,"S","L351S",-0.0328239616404446
"L",351,"T","L351T",-0.0301559163525655
"L",351,"V","L351V",0.0469873509221653
"L",351,"W","L351W",0.0208023920884153
"L",351,"Y","L351Y",-0.0105472362474547
"P",352,"A","P352A",-0.0435940553343638
"P",352,"C","P352C",0.275743022512037
"P",352,"D","P352D",-0.0296657492679134
"P",352,"E","P352E",-0.0834884729797428
"P",352,"F","P352F",0.00295784943132702
"P",352,"G","P352G",-0.020150940083313
"P",352,"H","P352H",-0.0523993673862536
"P",352,"I","P352I",0.0648899994879765
"P",352,"K","P352K",0.0847189582203769
"P",352,"L","P352L",-0.0147953791572432
"P",352,"M","P352M",0.011822489542277
"P",352,"N","P352N",-0.0439956702153331
"P",352,"Q","P352Q",0.0152039997812064
"P",352,"R","P352R",0.0124147046106669
"P",352,"S","P352S",0.00064101550336702
"P",352,"T","P352T",-0.115693293302573
"P",352,"V","P352V",0.0235191112685969
"P",352,"W","P352W",-0.0233925822643227
"P",352,"Y","P352Y",-0.0647356403667731
"P",353,"A","P353A",0.0811443805336254
"P",353,"C","P353C",-0.111271277991725
"P",353,"D","P353D",0.00502277707049467
"P",353,"E","P353E",-0.0687969150277057
"P",353,"F","P353F",0.0253072192441241
"P",353,"G","P353G",-0.112464016791935
"P",353,"H","P353H",0.013593118299654
"P",353,"I","P353I",0.020549689579955
"P",353,"K","P353K",-0.00858847685409521
"P",353,"L","P353L",0.0815440007492951
"P",353,"M","P353M",0.0741051603709046
"P",353,"N","P353N",0.0100267588719547
"P",353,"Q","P353Q",-0.0690926265544849
"P",353,"R","P353R",-0.0623191420206852
"P",353,"S","P353S",0.031561312412965
"P",353,"T","P353T",0.0463000654862144
"P",353,"V","P353V",-0.0287206326259655
"P",353,"W","P353W",0.0743535690553252
"P",353,"Y","P353Y",-0.00225496380791482
"S",354,"A","S354A",-0.357358047703941
"S",354,"C","S354C",0.0200390727396092
"S",354,"D","S354D",-0.0111207135176801
"S",354,"E","S354E",-0.0275722355450401
"S",354,"F","S354F",-0.186095627556461
"S",354,"G","S354G",0.0243461885489196
"S",354,"H","S354H",0.189392860915238
"S",354,"I","S354I",-0.0186061946061611
"S",354,"K","S354K",0.11505023685263
"S",354,"L","S354L",-0.0513855972703001
"S",354,"M","S354M",0.0129401638943798
"S",354,"N","S354N",0.10179260400964
"S",354,"P","S354P",0.0412611549768793
"S",354,"Q","S354Q",-0.0370355705953212
"S",354,"R","S354R",0.0940311808988494
"S",354,"T","S354T",-0.0168669757686906
"S",354,"V","S354V",-0.00228089400656057
"S",354,"W","S354W",0.0287213753373998
"S",354,"Y","S354Y",0.0807470183966097
"R",355,"A","R355A",0.0170081928782533
"R",355,"C","R355C",-0.0731057367814866
"R",355,"D","R355D",-0.0360033759334863
"R",355,"E","R355E",-0.0529333203471564
"R",355,"F","R355F",0.0715383575695439
"R",355,"G","R355G",-0.0289096279614071
"R",355,"H","R355H",-0.0416253837977669
"R",355,"I","R355I",0.00831364443582298
"R",355,"K","R355K",-0.0113266888147871
"R",355,"L","R355L",-0.0732330755552468
"R",355,"M","R355M",0.105608415866553
"R",355,"N","R355N",-0.155867069832477
"R",355,"P","R355P",-0.0434290949425773
"R",355,"Q","R355Q",-0.0087340240155173
"R",355,"S","R355S",0.102478513348234
"R",355,"T","R355T",0.0185784852411837
"R",355,"V","R355V",0.0416438078701827
"R",355,"W","R355W",0.0956369382993925
"R",355,"Y","R355Y",0.0643610424727433
"D",356,"A","D356A",-0.0280207370253779
"D",356,"C","D356C",0.0582942863660619
"D",356,"E","D356E",-0.0794688520717678
"D",356,"F","D356F",-0.00195302972929814
"D",356,"G","D356G",0.0604167648454122
"D",356,"H","D356H",-0.088866129185338
"D",356,"I","D356I",-0.0451914710182383
"D",356,"K","D356K",0.0409740506305217
"D",356,"L","D356L",0.0709335356875223
"D",356,"M","D356M",0.00201511557242223
"D",356,"N","D356N",-0.0614618843982881
"D",356,"P","D356P",0.0286372285549324
"D",356,"Q","D356Q",-0.0186828079581775
"D",356,"R","D356R",-0.0071512232663077
"D",356,"S","D356S",0.0322819000379123
"D",356,"T","D356T",-0.0118231238190575
"D",356,"V","D356V",-0.0907708715500781
"D",356,"W","D356W",0.140277157111202
"D",356,"Y","D356Y",-0.000439908784058439
"E",357,"A","E357A",-0.0569810921322026
"E",357,"C","E357C",-0.0575648223720132
"E",357,"D","E357D",-0.0583608727496835
"E",357,"F","E357F",0.0739858425135972
"E",357,"G","E357G",0.0207845891285069
"E",357,"H","E357H",-0.0519354975279133
"E",357,"I","E357I",-0.0500012773611232
"E",357,"K","E357K",0.0968788733316165
"E",357,"L","E357L",0.0453035007596362
"E",357,"M","E357M",0.0757759805051866
"E",357,"N","E357N",0.0137753714574266
"E",357,"Q","E357Q",0.0666642250744768
"E",357,"R","E357R",-0.00543271142747316
"E",357,"S","E357S",-0.0182892331071639
"E",357,"T","E357T",-0.103425531191283
"E",357,"V","E357V",0.00381317256174637
"E",357,"W","E357W",-0.0443378662108634
"E",357,"Y","E357Y",0.049347348747527
"L",358,"A","L358A",-0.0205954360141849
"L",358,"C","L358C",0.0621267280941149
"L",358,"D","L358D",0.00827799654004466
"L",358,"E","L358E",-0.0283957367904951
"L",358,"F","L358F",-0.00846615176945514
"L",358,"G","L358G",0.0132506152562549
"L",358,"H","L358H",0.0419687554794654
"L",358,"I","L358I",0.164246482291025
"L",358,"K","L358K",0.0558770470866543
"L",358,"M","L358M",-0.045376239372085
"L",358,"N","L358N",-0.106310038482835
"L",358,"P","L358P",-0.106762232722005
"L",358,"Q","L358Q",0.0108784821242746
"L",358,"R","L358R",-0.0355323127893757
"L",358,"S","L358S",-0.0126502397978046
"L",358,"T","L358T",-0.0638595630371351
"L",358,"V","L358V",-0.0274222713477359
"L",358,"W","L358W",0.00394127423422476
"L",358,"Y","L358Y",0.0948028410170547
"T",359,"A","T359A",0.000493750242326244
"T",359,"C","T359C",0.0110468465875059
"T",359,"D","T359D",-0.116909381129594
"T",359,"E","T359E",0.0271596462503766
"T",359,"F","T359F",-0.00582755121629342
"T",359,"G","T359G",0.0184933466272762
"T",359,"H","T359H",0.0854988328417467
"T",359,"I","T359I",0.00616694898020554
"T",359,"K","T359K",0.0524794019416556
"T",359,"L","T359L",-0.0269246949820635
"T",359,"M","T359M",-0.0618952424864941
"T",359,"N","T359N",-0.00639597013654332
"T",359,"P","T359P",-0.0229721632421536
"T",359,"Q","T359Q",0.0159833566654767
"T",359,"R","T359R",-0.0273598167270833
"T",359,"S","T359S",-0.0124233504057546
"T",359,"V","T359V",0.0543233784724168
"T",359,"W","T359W",0.0138315017250866
"T",359,"Y","T359Y",-0.00476884000809302
"K",360,"A","K360A",-0.0571655638045491
"K",360,"C","K360C",0.197329538781161
"K",360,"D","K360D",0.059171134811451
"K",360,"E","K360E",0.0824208995045508
"K",360,"F","K360F",-0.00906132864917888
"K",360,"G","K360G",-0.0798553296306881
"K",360,"H","K360H",0.0228176621295307
"K",360,"I","K360I",0.219033330383251
"K",360,"L","K360L",-0.0967008085997081
"K",360,"M","K360M",0.0186588841503613
"K",360,"N","K360N",-0.0418654339879491
"K",360,"P","K360P",-0.101169695064099
"K",360,"Q","K360Q",-0.216649603053839
"K",360,"R","K360R",-0.0237804900376294
"K",360,"S","K360S",-0.0131594855128387
"K",360,"T","K360T",0.0116469012004715
"K",360,"V","K360V",0.0358029140595511
"K",360,"W","K360W",0.0311665249424707
"K",360,"Y","K360Y",-0.0386400516223197
"N",361,"A","N361A",-0.0244919036674296
"N",361,"C","N361C",0.0157003675402793
"N",361,"D","N361D",-0.04378558817923
"N",361,"E","N361E",-0.03023643635377
"N",361,"F","N361F",0.0891602532575599
"N",361,"G","N361G",-0.0343908281964899
"N",361,"H","N361H",-0.13885900409963
"N",361,"I","N361I",-0.0744203615930698
"N",361,"K","N361K",0.0312770181359698
"N",361,"L","N361L",-0.0258167009523001
"N",361,"M","N361M",0.0527006558703395
"N",361,"P","N361P",-0.0796668078106202
"N",361,"Q","N361Q",0.0924710614641805
"N",361,"R","N361R",0.0853726901269403
"N",361,"S","N361S",-0.0455570611810399
"N",361,"T","N361T",0.0821669696385005
"N",361,"V","N361V",0.0861155389282103
"N",361,"W","N361W",0.0156353788544295
"N",361,"Y","N361Y",-0.0533752417828298
"Q",362,"A","Q362A",0.0393628957585626
"Q",362,"C","Q362C",-0.0202400402154076
"Q",362,"D","Q362D",-0.190163043418536
"Q",362,"E","Q362E",0.0346493108351821
"Q",362,"F","Q362F",-0.0731812976892371
"Q",362,"G","Q362G",-0.0295817458662574
"Q",362,"H","Q362H",0.0190111327901828
"Q",362,"I","Q362I",0.106481623201653
"Q",362,"K","Q362K",0.117326224747863
"Q",362,"L","Q362L",0.0651440218228224
"Q",362,"M","Q362M",-0.134445753126228
"Q",362,"N","Q362N",-0.0167478832891476
"Q",362,"P","Q362P",-0.107362706806577
"Q",362,"R","Q362R",0.00628140459765319
"Q",362,"S","Q362S",-0.00292726262599746
"Q",362,"T","Q362T",0.0402640286771328
"Q",362,"V","Q362V",0.0846564871853529
"Q",362,"W","Q362W",0.0226024254574023
"Q",362,"Y","Q362Y",0.0388701779635833
"V",363,"A","V363A",0.0757762296990138
"V",363,"C","V363C",-0.0366730232448865
"V",363,"D","V363D",-0.00146212271467678
"V",363,"E","V363E",-0.0222976228764163
"V",363,"F","V363F",0.000239501369434418
"V",363,"G","V363G",0.0860732450764931
"V",363,"H","V363H",0.0194299271889937
"V",363,"I","V363I",-0.118093084237376
"V",363,"K","V363K",0.0938108612291434
"V",363,"L","V363L",-0.0859886000470259
"V",363,"M","V363M",-0.0241808043421266
"V",363,"N","V363N",-0.0717304545990266
"V",363,"P","V363P",0.0879725891678937
"V",363,"Q","V363Q",-0.0177238403246066
"V",363,"R","V363R",0.119142696908655
"V",363,"S","V363S",-0.101341920685995
"V",363,"T","V363T",-0.0436084926963264
"V",363,"W","V363W",-0.00127193669443678
"V",363,"Y","V363Y",0.0419268518232733
"S",364,"A","S364A",-0.20461943470985
"S",364,"C","S364C",0.1171473537614
"S",364,"D","S364D",-0.0125865815342595
"S",364,"E","S364E",0.0285747118539705
"S",364,"F","S364F",-0.0178562915699193
"S",364,"G","S364G",0.100881259215611
"S",364,"H","S364H",-0.00195847419347996
"S",364,"I","S364I",0.0172117022164306
"S",364,"K","S364K",0.0480551356012803
"S",364,"L","S364L",-0.0190100931213991
"S",364,"M","S364M",-0.10251888257618
"S",364,"N","S364N",-0.0332411996388496
"S",364,"P","S364P",-0.0181210577571694
"S",364,"Q","S364Q",-0.0325162952377801
"S",364,"R","S364R",0.104554049814371
"S",364,"T","S364T",0.000375252747950775
"S",364,"V","S364V",-0.0664525349768893
"S",364,"W","S364W",-0.02173286772609
"S",364,"Y","S364Y",0.11381424783085
"L",365,"A","L365A",0.0480384138673488
"L",365,"C","L365C",0.122939191720009
"L",365,"D","L365D",-0.0705565715094419
"L",365,"E","L365E",0.0500394002901995
"L",365,"F","L365F",0.0236621074924196
"L",365,"G","L365G",0.0243737929623688
"L",365,"H","L365H",-0.042878883339371
"L",365,"I","L365I",-0.0936222616834212
"L",365,"K","L365K",-0.0770197594196219
"L",365,"M","L365M",-0.0570197594196214
"L",365,"N","L365N",0.0420586470096488
"L",365,"P","L365P",0.0885027054055895
"L",365,"Q","L365Q",-0.00066904543996096
"L",365,"R","L365R",-0.0166779055176708
"L",365,"S","L365S",-0.0341731416308409
"L",365,"T","L365T",-0.0594746028836713
"L",365,"W","L365W",0.00417597462709854
"L",365,"Y","L365Y",0.0483016974689384
"T",366,"A","T366A",0.0161625101746315
"T",366,"C","T366C",0.104888758057081
"T",366,"D","T366D",0.0139545765372016
"T",366,"E","T366E",-0.0640165894096483
"T",366,"F","T366F",-0.0369712697799387
"T",366,"G","T366G",0.0136387974426913
"T",366,"H","T366H",-0.0743105150440581
"T",366,"I","T366I",0.124655916681272
"T",366,"K","T366K",-0.137009380157888
"T",366,"L","T366L",0.0506279094860216
"T",366,"M","T366M",-0.0494352478742486
"T",366,"N","T366N",-0.0334299503113287
"T",366,"P","T366P",0.0314368714614317
"T",366,"Q","T366Q",-0.0274092027791579
"T",366,"R","T366R",0.0378096905331718
"T",366,"S","T366S",-0.118546077509298
"T",366,"V","T366V",0.279758271768471
"T",366,"W","T366W",-0.0744315764533181
"T",366,"Y","T366Y",-0.0573734928230887
"C",367,"A","C367A",-0.0204117443617397
"C",367,"D","C367D",0.0314721222205489
"C",367,"E","C367E",-0.125189721469011
"C",367,"F","C367F",-0.151380532564581
"C",367,"G","C367G",-0.0342966147401909
"C",367,"H","C367H",-0.164882185785461
"C",367,"I","C367I",0.00060441680626935
"C",367,"K","C367K",0.0283769304254597
"C",367,"L","C367L",0.0286943355854897
"C",367,"M","C367M",0.0756464551844293
"C",367,"N","C367N",0.212914108947259
"C",367,"P","C367P",0.0964877678507692
"C",367,"Q","C367Q",0.119766533780559
"C",367,"R","C367R",-0.210838422296581
"C",367,"S","C367S",0.0861015200402996
"C",367,"T","C367T",-0.0228735243948804
"C",367,"V","C367V",0.0344156218130293
"C",367,"W","C367W",0.0172913628566993
"C",367,"Y","C367Y",-0.00189842989837025
"L",368,"A","L368A",0.00440123884412613
"L",368,"C","L368C",0.0419860526868854
"L",368,"D","L368D",0.033752865007205
"L",368,"E","L368E",-0.153824654186684
"L",368,"F","L368F",0.126230200344196
"L",368,"G","L368G",-0.0778307453698937
"L",368,"H","L368H",-0.0728900106921542
"L",368,"I","L368I",0.00488148283302592
"L",368,"K","L368K",-0.0173277379318642
"L",368,"M","L368M",0.120310031397976
"L",368,"N","L368N",0.0127373973911353
"L",368,"P","L368P",-0.133824654186684
"L",368,"Q","L368Q",-0.141984469677024
"L",368,"R","L368R",0.192211268806096
"L",368,"S","L368S",-0.125484875053704
"L",368,"T","L368T",0.0676564510937056
"L",368,"W","L368W",0.258581455567765
"L",368,"Y","L368Y",-0.139581296874104
"V",369,"A","V369A",0.0628457990560342
"V",369,"C","V369C",0.00816046187337364
"V",369,"D","V369D",0.138370937625534
"V",369,"E","V369E",0.230146285129443
"V",369,"F","V369F",-0.0626724653438762
"V",369,"G","V369G",0.0386155373545229
"V",369,"H","V369H",0.013299067273863
"V",369,"I","V369I",0.0192269195593326
"V",369,"K","V369K",-0.255311920177637
"V",369,"L","V369L",-0.0103506199643462
"V",369,"M","V369M",0.0133711883692628
"V",369,"N","V369N",-0.156703350823968
"V",369,"P","V369P",0.144273331094982
"V",369,"Q","V369Q",0.0280639805960334
"V",369,"R","V369R",-0.0351515459772667
"V",369,"S","V369S",0.0100081871509838
"V",369,"W","V369W",-0.0954617149445867
"V",369,"Y","V369Y",-0.0907300778516867
"K",370,"C","K370C",-0.015818997135944
"K",370,"D","K370D",-0.0389258657694845
"K",370,"E","K370E",0.177704532478765
"K",370,"F","K370F",-0.0271667705314941
"K",370,"G","K370G",0.00855030044651519
"K",370,"H","K370H",0.0150746733189359
"K",370,"I","K370I",0.0491138948222661
"K",370,"L","K370L",0.0153606625603055
"K",370,"M","K370M",0.151638491935265
"K",370,"N","K370N",0.0446526935719057
"K",370,"P","K370P",-0.0218521497718448
"K",370,"Q","K370Q",-0.0380046558845547
"K",370,"R","K370R",0.0509398480626854
"K",370,"S","K370S",-0.119341695877725
"K",370,"T","K370T",-0.0127127079706942
"K",370,"V","K370V",-0.0691348315779551
"K",370,"W","K370W",-0.103918759236875
"K",370,"Y","K370Y",-0.0661586634400742
"G",371,"A","G371A",-0.123624593633002
"G",371,"C","G371C",0.0570809760236484
"G",371,"D","G371D",0.0589685999315177
"G",371,"E","G371E",-0.0371438242537121
"G",371,"F","G371F",-0.00505368694608272
"G",371,"H","G371H",0.0305763346059382
"G",371,"I","G371I",0.143547882738578
"G",371,"K","G371K",0.0247728639266984
"G",371,"L","G371L",-0.0585207619277119
"G",371,"M","G371M",0.0289429360101374
"G",371,"N","G371N",0.0404091847319783
"G",371,"P","G371P",-0.191915768197412
"G",371,"Q","G371Q",-0.145987831678742
"G",371,"R","G371R",0.142229649504179
"G",371,"S","G371S",-0.0799419844445222
"G",371,"T","G371T",-0.0439198363711022
"G",371,"V","G371V",0.0204611026229482
"G",371,"W","G371W",0.0866223707220175
"G",371,"Y","G371Y",0.0524963866346473
"F",372,"A","F372A",0.158293142143547
"F",372,"C","F372C",-0.121306423896093
"F",372,"D","F372D",0.398800245395558
"F",372,"E","F372E",0.0814950293919667
"F",372,"G","F372G",0.0313770593509677
"F",372,"H","F372H",-0.0147683765575134
"F",372,"I","F372I",-0.0476804557388733
"F",372,"K","F372K",0.131236503332037
"F",372,"L","F372L",-0.0803561312591533
"F",372,"M","F372M",-0.163573702070983
"F",372,"N","F372N",-0.0997606302500834
"F",372,"P","F372P",8.30897557466403e-05
"F",372,"Q","F372Q",-0.163649970778384
"F",372,"R","F372R",0.411236503332037
"F",372,"S","F372S",-0.118763496667963
"F",372,"T","F372T",-0.063432107346713
"F",372,"V","F372V",-0.191839427199323
"F",372,"W","F372W",-0.110516487033343
"F",372,"Y","F372Y",-0.0368743639034332
"Y",373,"A","Y373A",-0.0378337405639681
"Y",373,"C","Y373C",0.016961193406562
"Y",373,"D","Y373D",0.040739167937302
"Y",373,"E","Y373E",-0.0316014106803883
"Y",373,"F","Y373F",-0.0992364639450078
"Y",373,"G","Y373G",-0.074492615619478
"Y",373,"H","Y373H",0.00657493438242199
"Y",373,"I","Y373I",-0.148441632721629
"Y",373,"K","Y373K",0.065294225131922
"Y",373,"L","Y373L",0.019825039015242
"Y",373,"M","Y373M",0.066432640922862
"Y",373,"N","Y373N",-0.0653610707351777
"Y",373,"P","Y373P",0.080120648479023
"Y",373,"Q","Y373Q",-0.0531009492961878
"Y",373,"R","Y373R",0.048022634840313
"Y",373,"S","Y373S",0.045231349686252
"Y",373,"T","Y373T",-0.0657430228887683
"Y",373,"V","Y373V",0.070916635152322
"Y",373,"W","Y373W",0.115692437496383
"P",374,"A","P374A",-0.220612051427495
"P",374,"C","P374C",-0.0230226585293142
"P",374,"D","P374D",-0.0477188487717747
"P",374,"E","P374E",0.262222199355496
"P",374,"F","P374F",0.0866724774859959
"P",374,"G","P374G",0.0372921862942559
"P",374,"H","P374H",0.00390439290367589
"P",374,"I","P374I",-0.0620731669403435
"P",374,"K","P374K",0.0898379236434169
"P",374,"L","P374L",0.0524702059651549
"P",374,"M","P374M",0.0069630231605959
"P",374,"N","P374N",-0.129695336291715
"P",374,"Q","P374Q",0.0487493946699959
"P",374,"R","P374R",-0.0276355108278942
"P",374,"S","P374S",-0.0595278673260044
"P",374,"T","P374T",-0.0678228871895742
"P",374,"V","P374V",-0.0175090171702038
"P",374,"W","P374W",0.0805175080374559
"P",374,"Y","P374Y",-0.013011967041724
"S",375,"A","S375A",-0.0238840878559874
"S",375,"C","S375C",0.0455587677524416
"S",375,"D","S375D",-0.0606227562786572
"S",375,"E","S375E",0.0571001629810126
"S",375,"F","S375F",-0.025035110958868
"S",375,"G","S375G",-0.181545847868498
"S",375,"H","S375H",-0.0422237546169779
"S",375,"I","S375I",0.118519367026552
"S",375,"K","S375K",0.0924761151276419
"S",375,"L","S375L",0.093359240728162
"S",375,"M","S375M",-0.0196506031830375
"S",375,"N","S375N",-0.0362259869779777
"S",375,"P","S375P",-0.024037029309578
"S",375,"Q","S375Q",-0.0686063164051982
"S",375,"R","S375R",0.024159306403132
"S",375,"T","S375T",0.0654405779878819
"S",375,"V","S375V",0.111671725227262
"S",375,"W","S375W",-0.0753239490818685
"S",375,"Y","S375Y",-0.0511298206974378
"D",376,"A","D376A",-0.201629329105742
"D",376,"C","D376C",-0.0231143045002517
"D",376,"E","D376E",0.0332126235863491
"D",376,"F","D376F",0.0797437060073784
"D",376,"G","D376G",-0.0164491010936216
"D",376,"H","D376H",0.0925190009147094
"D",376,"I","D376I",-0.0142270870931722
"D",376,"K","D376K",-0.0268038023414818
"D",376,"L","D376L",0.0514740464489881
"D",376,"M","D376M",-0.138062928272561
"D",376,"N","D376N",-0.00545099641962163
"D",376,"P","D376P",0.123535308067687
"D",376,"Q","D376Q",-0.0723076827642814
"D",376,"R","D376R",0.0860264708068884
"D",376,"S","D376S",0.134800012752208
"D",376,"T","D376T",-0.181272160813472
"D",376,"V","D376V",0.0934158841489184
"D",376,"W","D376W",-0.0193685273117014
"D",376,"Y","D376Y",0.00395886698277837
"I",377,"A","I377A",0.107098728015736
"I",377,"C","I377C",-0.00980287654747451
"I",377,"D","I377D",-0.00247352730793471
"I",377,"E","I377E",-0.116657803637533
"I",377,"F","I377F",-0.0842357480979435
"I",377,"G","I377G",0.0507060919855664
"I",377,"H","I377H",0.0270800334537655
"I",377,"K","I377K",-0.0841343608646244
"I",377,"L","I377L",0.041777538979226
"I",377,"M","I377M",-0.0475605023479642
"I",377,"N","I377N",0.0453593776891663
"I",377,"P","I377P",-0.0129173865418547
"I",377,"Q","I377Q",-0.0873427159554143
"I",377,"R","I377R",-0.0634169629491946
"I",377,"S","I377S",-0.0199334528517244
"I",377,"T","I377T",-0.0323670877000447
"I",377,"V","I377V",-0.0336115717330244
"I",377,"W","I377W",0.033422207067226
"I",377,"Y","I377Y",0.289010019344046
"A",378,"C","A378C",-0.00768848096459811
"A",378,"D","A378D",0.0153499850695923
"A",378,"E","A378E",0.0485908627140021
"A",378,"F","A378F",0.230800685046662
"A",378,"G","A378G",0.039778980623552
"A",378,"H","A378H",-0.0644137746459184
"A",378,"I","A378I",-0.121221752355488
"A",378,"K","A378K",-0.141835262646888
"A",378,"L","A378L",-0.0131164167480276
"A",378,"M","A378M",0.000900917704851994
"A",378,"N","A378N",0.018329406303162
"A",378,"P","A378P",0.333517828540822
"A",378,"Q","A378Q",-0.0253515411371475
"A",378,"R","A378R",-0.0756711573197378
"A",378,"S","A378S",-0.0198881554782775
"A",378,"T","A378T",-0.114532746481398
"A",378,"V","A378V",-0.0842392661252279
"A",378,"W","A378W",-0.0754590911405979
"A",378,"Y","A378Y",0.0561489790406619
"V",379,"A","V379A",-0.0347852483670053
"V",379,"C","V379C",-0.0334342565340052
"V",379,"D","V379D",0.0235538485131352
"V",379,"E","V379E",0.0406655309659547
"V",379,"F","V379F",-0.0520815557841547
"V",379,"G","V379G",0.319441835967005
"V",379,"H","V379H",0.0903044479027255
"V",379,"I","V379I",-0.0415780682548143
"V",379,"K","V379K",-0.0727622621443347
"V",379,"L","V379L",-0.126378735277535
"V",379,"M","V379M",-0.192081555784155
"V",379,"N","V379N",-0.0226365633389347
"V",379,"P","V379P",0.135514437850285
"V",379,"Q","V379Q",-0.0277466005920547
"V",379,"R","V379R",-0.311681242728415
"V",379,"S","V379S",0.134354366746265
"V",379,"T","V379T",-0.0572583906200144
"V",379,"W","V379W",0.161455823373005
"V",379,"Y","V379Y",0.067134188107046
"E",380,"A","E380A",0.178954488622661
"E",380,"C","E380C",-0.00467800868858923
"E",380,"D","E380D",-0.0424521683695081
"E",380,"F","E380F",-0.0210984506796384
"E",380,"G","E380G",-0.0321012993591495
"E",380,"H","E380H",0.0469569115162911
"E",380,"I","E380I",-0.0446549803606886
"E",380,"K","E380K",-0.0741261732600189
"E",380,"L","E380L",-0.0231182492291696
"E",380,"M","E380M",0.0587708109243414
"E",380,"N","E380N",0.0305918060590317
"E",380,"P","E380P",0.0249424626702912
"E",380,"Q","E380Q",-0.0971327899805892
"E",380,"R","E380R",-0.0170349070086693
"E",380,"S","E380S",0.00649355050683147
"E",380,"T","E380T",-0.120688322335139
"E",380,"V","E380V",0.0998577395584311
"E",380,"Y","E380Y",0.030517579413281
"W",381,"A","W381A",0.0373440740764612
"W",381,"C","W381C",-0.0801987595295491
"W",381,"D","W381D",0.776438605582501
"W",381,"E","W381E",-0.00159798804244934
"W",381,"F","W381F",-0.0736899347383491
"W",381,"G","W381G",-0.109296420111819
"W",381,"H","W381H",0.0470728234312918
"W",381,"I","W381I",0.0137902669394713
"W",381,"K","W381K",0.0382536047982016
"W",381,"L","W381L",0.0755520803424516
"W",381,"M","W381M",0.0334270544766208
"W",381,"N","W381N",-0.346874705337278
"W",381,"P","W381P",-0.0948042610388489
"W",381,"R","W381R",-0.185915921146189
"W",381,"T","W381T",-0.187898387675839
"W",381,"V","W381V",0.0130328607885609
"W",381,"Y","W381Y",0.0453650071847613
"E",382,"A","E382A",0.0154418205484275
"E",382,"C","E382C",-0.0967722702290327
"E",382,"D","E382D",0.0934403247162177
"E",382,"F","E382F",-0.0822529824951927
"E",382,"G","E382G",0.119569354726937
"E",382,"H","E382H",-0.212421954629993
"E",382,"I","E382I",0.0285685383159775
"E",382,"K","E382K",0.0560784606704079
"E",382,"L","E382L",-0.0379927622357723
"E",382,"M","E382M",-0.0956012072181127
"E",382,"N","E382N",0.0058446470685976
"E",382,"P","E382P",-0.0355193337504929
"E",382,"Q","E382Q",0.115427291503477
"E",382,"R","E382R",0.123386229345117
"E",382,"S","E382S",-0.0180683627186324
"E",382,"T","E382T",0.0584066244615675
"E",382,"V","E382V",-0.140788364529804
"E",382,"W","E382W",0.0983829190402075
"E",382,"Y","E382Y",0.0048710274100978
"S",383,"A","S383A",-0.02002996752786
"S",383,"C","S383C",-0.035953685725611
"S",383,"D","S383D",0.059706352368759
"S",383,"E","S383E",-0.0321921837424511
"S",383,"F","S383F",-0.0374606700578098
"S",383,"G","S383G",-0.0200981141869011
"S",383,"H","S383H",-0.0174020246206903
"S",383,"I","S383I",-0.0665252911146611
"S",383,"K","S383K",0.0543723131478592
"S",383,"L","S383L",0.034726015656069
"S",383,"M","S383M",0.0727649395704392
"S",383,"N","S383N",-0.08725866437485
"S",383,"P","S383P",0.0644842419925397
"S",383,"Q","S383Q",0.0520268618215601
"S",383,"R","S383R",0.0426135492671996
"S",383,"T","S383T",-0.00447650638584057
"S",383,"V","S383V",-0.0465490412858406
"S",383,"W","S383W",0.0493210650577997
"S",383,"Y","S383Y",-0.0620691898597106
"N",384,"A","N384A",0.0611078847467756
"N",384,"C","N384C",-0.100222125365685
"N",384,"D","N384D",-0.046529445726145
"N",384,"E","N384E",0.0250655483418955
"N",384,"F","N384F",-0.0590592166087451
"N",384,"G","N384G",-0.0345096621571348
"N",384,"H","N384H",0.0204334998547853
"N",384,"I","N384I",-0.101150947717495
"N",384,"K","N384K",-0.0854146605768649
"N",384,"L","N384L",0.0431858694863654
"N",384,"M","N384M",-0.0193571284474845
"N",384,"P","N384P",-0.124669544790245
"N",384,"Q","N384Q",0.0579945868809654
"N",384,"R","N384R",0.00894749703817467
"N",384,"S","N384S",0.0371161136870852
"N",384,"T","N384T",0.144591002066755
"N",384,"V","N384V",0.143183392776926
"N",384,"W","N384W",0.138416472318575
"N",384,"Y","N384Y",-0.109129135808505
"G",385,"A","G385A",0.0708394843595246
"G",385,"C","G385C",-0.017773225125995
"G",385,"D","G385D",-0.0434306940437448
"G",385,"E","G385E",-0.0771508709654645
"G",385,"F","G385F",-0.020360233989235
"G",385,"H","G385H",-0.00728911344703469
"G",385,"I","G385I",-0.0976303447360449
"G",385,"K","G385K",-0.0478113466925147
"G",385,"L","G385L",-0.0397122283643145
"G",385,"M","G385M",0.0635677985883556
"G",385,"N","G385N",0.0601110321922154
"G",385,"P","G385P",-0.0109173579255948
"G",385,"Q","G385Q",0.258033603906885
"G",385,"R","G385R",0.0721990015336147
"G",385,"S","G385S",0.0418348713478756
"G",385,"T","G385T",0.0452419576862353
"G",385,"V","G385V",-0.0535531246350744
"G",385,"W","G385W",-0.0281224393919144
"G",385,"Y","G385Y",-0.168076770297775
"Q",386,"A","Q386A",-0.0677053452427711
"Q",386,"C","Q386C",-0.0237025586668413
"Q",386,"D","Q386D",-0.0614670852467908
"Q",386,"E","Q386E",0.0355430022516089
"Q",386,"F","Q386F",-0.0382157736048713
"Q",386,"G","Q386G",-0.00495775020367121
"Q",386,"H","Q386H",0.0474957967138088
"Q",386,"I","Q386I",0.0184706275473095
"Q",386,"K","Q386K",0.0135139620344692
"Q",386,"L","Q386L",-0.0437068295671711
"Q",386,"M","Q386M",0.102306788722108
"Q",386,"N","Q386N",0.0496479311714891
"Q",386,"P","Q386P",-0.0241271154208413
"Q",386,"R","Q386R",-0.104215168178841
"Q",386,"S","Q386S",0.0584015524286588
"Q",386,"V","Q386V",0.0501388555416989
"Q",386,"W","Q386W",-0.0379293762765411
"Q",386,"Y","Q386Y",0.030508485997189
"P",387,"A","P387A",0.00795942713864611
"P",387,"C","P387C",-0.00797758335556389
"P",387,"D","P387D",-0.0992302794938136
"P",387,"E","P387E",-0.00132104643183399
"P",387,"F","P387F",-0.0527733547837232
"P",387,"G","P387G",-0.0099934250582636
"P",387,"H","P387H",0.0319195836798463
"P",387,"I","P387I",-0.0203467081741936
"P",387,"K","P387K",-0.00446935664152339
"P",387,"L","P387L",0.0216317968552765
"P",387,"M","P387M",-0.0327038158472736
"P",387,"N","P387N",-0.0340105056476838
"P",387,"Q","P387Q",0.0056983601126864
"P",387,"R","P387R",-0.0917334008047336
"P",387,"S","P387S",0.00944221997956641
"P",387,"T","P387T",-0.0409339383187539
"P",387,"V","P387V",0.267431045473326
"P",387,"W","P387W",0.00467057174444581
"P",387,"Y","P387Y",0.0467404095735662
"E",388,"A","E388A",0.0104045795523294
"E",388,"C","E388C",-0.0923347868154006
"E",388,"D","E388D",-0.0779861468557106
"E",388,"F","E388F",0.029883794597349
"E",388,"G","E388G",0.0280783934396393
"E",388,"H","E388H",-0.0764398587565606
"E",388,"I","E388I",-0.109739257925111
"E",388,"K","E388K",0.109471348495799
"E",388,"L","E388L",-0.139784256860291
"E",388,"M","E388M",0.206117474728929
"E",388,"N","E388N",-0.0789297855892796
"E",388,"P","E388P",-0.0324061473699709
"E",388,"Q","E388Q",-0.0287760180158904
"E",388,"R","E388R",0.05300279307411
"E",388,"S","E388S",0.0327558883612195
"E",388,"T","E388T",-0.0357638982289204
"E",388,"V","E388V",0.0448184768672192
"E",388,"W","E388W",0.159408576036429
"E",388,"Y","E388Y",-0.00178116873589008
"N",389,"A","N389A",0.00148553811631161
"N",389,"C","N389C",-0.035335884891738
"N",389,"D","N389D",-0.029729837424108
"N",389,"E","N389E",-0.0452414243438484
"N",389,"F","N389F",0.0321037987291821
"N",389,"G","N389G",0.135125349529372
"N",389,"H","N389H",0.0416147542252711
"N",389,"I","N389I",-0.015073128857368
"N",389,"K","N389K",0.0569812425541722
"N",389,"L","N389L",0.0808352910858114
"N",389,"M","N389M",-0.0283184692828189
"N",389,"P","N389P",0.0800347732366311
"N",389,"Q","N389Q",-0.0707118417656485
"N",389,"R","N389R",0.0123626422434415
"N",389,"S","N389S",0.0618736708312819
"N",389,"T","N389T",-0.267279410570239
"N",389,"V","N389V",0.0118677257581407
"N",389,"W","N389W",0.0327132227808815
"N",389,"Y","N389Y",-0.0553080119547285
"N",390,"A","N390A",0.136318981575855
"N",390,"C","N390C",0.0672417401678548
"N",390,"D","N390D",-0.0300016198697447
"N",390,"E","N390E",0.0345514998604456
"N",390,"F","N390F",-0.051167354845615
"N",390,"G","N390G",-0.0444379475548849
"N",390,"H","N390H",-0.0125804466299145
"N",390,"I","N390I",-0.0285980943577048
"N",390,"K","N390K",0.022919514638685
"N",390,"L","N390L",0.0537952484548857
"N",390,"M","N390M",-0.060361174056735
"N",390,"P","N390P",-0.00065500205053437
"N",390,"Q","N390Q",0.00283074229024527
"N",390,"R","N390R",-0.0217661142469051
"N",390,"S","N390S",-0.0383717933351345
"N",390,"T","N390T",-0.0317641406093946
"N",390,"V","N390V",-0.00463371661506461
"N",390,"W","N390W",0.0103089617843756
"N",390,"Y","N390Y",-0.00362928460071501
"Y",391,"A","Y391A",0.0619766144366269
"Y",391,"C","Y391C",0.0792106462354671
"Y",391,"D","Y391D",-0.0268921068647132
"Y",391,"E","Y391E",0.0261429418424064
"Y",391,"F","Y391F",0.218660670219036
"Y",391,"G","Y391G",0.0250056411708264
"Y",391,"H","Y391H",-0.0235973508421039
"Y",391,"I","Y391I",-0.0344926785104334
"Y",391,"K","Y391K",0.00572212851493642
"Y",391,"L","Y391L",-0.0161122085779426
"Y",391,"M","Y391M",-0.016102355088353
"Y",391,"N","Y391N",-0.0181955277050139
"Y",391,"P","Y391P",-0.00538829310172294
"Y",391,"Q","Y391Q",-0.0677036705969837
"Y",391,"R","Y391R",-0.0213116654644927
"Y",391,"S","Y391S",-0.0529198938759028
"Y",391,"V","Y391V",-0.00226325831744361
"Y",391,"W","Y391W",-0.131739633474194
"K",392,"A","K392A",0.0330434532012348
"K",392,"C","K392C",0.069847433378415
"K",392,"D","K392D",-0.0304817212519552
"K",392,"E","K392E",0.0875655214511848
"K",392,"F","K392F",-0.0981881386341649
"K",392,"G","K392G",0.0645053453139653
"K",392,"H","K392H",-0.00945329021832476
"K",392,"I","K392I",-0.0596247843395547
"K",392,"L","K392L",-0.00844115079715476
"K",392,"M","K392M",-0.0137916260623047
"K",392,"N","K392N",-0.0198846419018743
"K",392,"P","K392P",0.115257256458926
"K",392,"Q","K392Q",-0.0880144958140347
"K",392,"R","K392R",-0.0959252760367949
"K",392,"S","K392S",-0.0166255651242954
"K",392,"T","K392T",0.0777410455755757
"K",392,"V","K392V",-0.016762131612815
"K",392,"W","K392W",-0.0800802203355745
"K",392,"Y","K392Y",0.0893129867495455
"T",393,"A","T393A",-0.0540955650203425
"T",393,"C","T393C",-0.156119003941482
"T",393,"D","T393D",-0.0906320270765224
"T",393,"E","T393E",0.0367303408656981
"T",393,"F","T393F",-0.0155345368338524
"T",393,"G","T393G",0.0455225612704979
"T",393,"H","T393H",0.0108566695632473
"T",393,"I","T393I",-0.0337063126408023
"T",393,"K","T393K",-0.0622880888486017
"T",393,"L","T393L",-0.0144801295216125
"T",393,"M","T393M",-0.0308359960335218
"T",393,"N","T393N",0.060138117737518
"T",393,"P","T393P",0.0714822561000086
"T",393,"Q","T393Q",-0.0376092936732826
"T",393,"R","T393R",0.0549497593090476
"T",393,"S","T393S",0.0428027029513179
"T",393,"V","T393V",0.0332389352667584
"T",393,"W","T393W",0.048458938880388
"T",393,"Y","T393Y",0.0911206716455379
"T",394,"A","T394A",0.0122867878834862
"T",394,"C","T394C",-0.0732773167077736
"T",394,"D","T394D",-0.113719679728804
"T",394,"E","T394E",-0.0255147430226835
"T",394,"F","T394F",-0.0677959441932534
"T",394,"G","T394G",-0.100050927938704
"T",394,"H","T394H",-0.0300347429451733
"T",394,"I","T394I",-0.012125668930384
"T",394,"K","T394K",0.133545485836807
"T",394,"L","T394L",0.0746554904839663
"T",394,"M","T394M",-0.0158742475383738
"T",394,"N","T394N",0.00768820540426612
"T",394,"P","T394P",-0.0260551376645937
"T",394,"Q","T394Q",0.119534691996736
"T",394,"R","T394R",-0.0713009528319642
"T",394,"S","T394S",-0.136226269695724
"T",394,"V","T394V",-0.0348875854182234
"T",394,"W","T394W",0.138501584363446
"T",394,"Y","T394Y",0.220650970646946
"P",395,"A","P395A",-0.0296598777374885
"P",395,"C","P395C",-0.104945325848988
"P",395,"D","P395D",0.00465029511070112
"P",395,"E","P395E",-0.0220619179823185
"P",395,"F","P395F",-0.0536452623045793
"P",395,"G","P395G",0.177444481823431
"P",395,"H","P395H",-0.078675339745379
"P",395,"I","P395I",0.0670850856532903
"P",395,"K","P395K",0.0203473495828002
"P",395,"L","P395L",-0.180481875698628
"P",395,"M","P395M",0.0673215667296008
"P",395,"N","P395N",0.188783271788551
"P",395,"Q","P395Q",0.0259143587199811
"P",395,"R","P395R",0.101145067574251
"P",395,"S","P395S",0.0510768415825709
"P",395,"T","P395T",-0.0449750685238985
"P",395,"V","P395V",-0.0745645365084684
"P",395,"W","P395W",0.0155771705340105
"P",395,"Y","P395Y",-0.130336284749439
"P",396,"A","P396A",-0.0640320092617338
"P",396,"C","P396C",0.115270199419626
"P",396,"D","P396D",0.0188711556203759
"P",396,"E","P396E",0.0030726252799366
"P",396,"F","P396F",-0.107092229753014
"P",396,"G","P396G",-0.00962293615688301
"P",396,"H","P396H",0.108914973082606
"P",396,"I","P396I",0.0632518072640468
"P",396,"K","P396K",0.102138857572136
"P",396,"L","P396L",0.0667143519460164
"P",396,"M","P396M",-0.141058537809164
"P",396,"N","P396N",-0.205060122658774
"P",396,"Q","P396Q",-0.0477174644239638
"P",396,"R","P396R",-0.0365180733680531
"P",396,"S","P396S",-0.0443080851651444
"P",396,"T","P396T",0.030740755667546
"P",396,"V","P396V",0.192731876172616
"P",396,"W","P396W",0.00601138748921661
"P",396,"Y","P396Y",-0.0523085309173937
"V",397,"A","V397A",-0.0151942529467537
"V",397,"C","V397C",-0.0593372780388528
"V",397,"D","V397D",0.0995363252261668
"V",397,"E","V397E",-0.00577681822286303
"V",397,"F","V397F",0.254077000550967
"V",397,"G","V397G",0.0864095227069568
"V",397,"H","V397H",-0.0202788782821231
"V",397,"I","V397I",0.0214580377500766
"V",397,"K","V397K",-0.110144250068973
"V",397,"L","V397L",-0.318905922609782
"V",397,"M","V397M",0.0453156829568167
"V",397,"N","V397N",0.0177622083569371
"V",397,"P","V397P",-0.0505871813394834
"V",397,"Q","V397Q",0.146742069643177
"V",397,"R","V397R",-0.074026567820453
"V",397,"S","V397S",0.0521387246970162
"V",397,"T","V397T",-0.0904616594442731
"V",397,"W","V397W",-0.0372583008151326
"V",397,"Y","V397Y",0.0585315377005766
"L",398,"A","L398A",-0.0463506404242111
"L",398,"C","L398C",-0.0138084053346417
"L",398,"D","L398D",-0.0622006078273716
"L",398,"E","L398E",-0.00717743514153141
"L",398,"F","L398F",-0.00136622821146151
"L",398,"G","L398G",0.140542935299588
"L",398,"H","L398H",-0.0874464169906919
"L",398,"I","L398I",-0.0220290445868916
"L",398,"K","L398K",0.0334290784706182
"L",398,"M","L398M",0.00427115748863809
"L",398,"N","L398N",-0.0372599983120116
"L",398,"P","L398P",-0.161208546108892
"L",398,"Q","L398Q",0.0148847714819585
"L",398,"R","L398R",0.0467080735484985
"L",398,"S","L398S",-0.00377395578465141
"L",398,"T","L398T",-0.0375547317823115
"L",398,"V","L398V",-0.071953831906032
"L",398,"W","L398W",0.283233290719409
"L",398,"Y","L398Y",0.0290605354019886
"D",399,"A","D399A",0.0245666984073823
"D",399,"C","D399C",0.00696055400125284
"D",399,"E","D399E",-0.0276753486819471
"D",399,"F","D399F",0.0440299178968125
"D",399,"G","D399G",-0.0179114307821568
"D",399,"H","D399H",-0.032924602203177
"D",399,"I","D399I",-0.0148706726266873
"D",399,"K","D399K",-0.0420959755662173
"D",399,"L","D399L",-0.219164514841577
"D",399,"M","D399M",0.0309315471684424
"D",399,"N","D399N",0.0356375497234623
"D",399,"P","D399P",0.112737831939093
"D",399,"Q","D399Q",0.024638794185242
"D",399,"R","D399R",-0.169742680363027
"D",399,"S","D399S",0.152716092362603
"D",399,"T","D399T",-0.0551648076965371
"D",399,"V","D399V",0.214879699648683
"D",399,"W","D399W",-0.00404222957501806
"D",399,"Y","D399Y",-0.0635064229966268
"S",400,"A","S400A",-0.061109356373285
"S",400,"C","S400C",0.0559254691363555
"S",400,"D","S400D",0.0722072168627752
"S",400,"E","S400E",-0.0208041569050848
"S",400,"F","S400F",-0.0303989353876653
"S",400,"G","S400G",-0.0114029439554744
"S",400,"H","S400H",-0.161834816383136
"S",400,"I","S400I",0.0218847943552152
"S",400,"K","S400K",0.0127289619962656
"S",400,"L","S400L",0.0278791373268061
"S",400,"M","S400M",0.150568400491874
"S",400,"N","S400N",0.0872775182819054
"S",400,"P","S400P",-0.0251639310969945
"S",400,"Q","S400Q",-0.0404951130461442
"S",400,"R","S400R",-0.0728137393023352
"S",400,"T","S400T",0.0539926029537756
"S",400,"V","S400V",-0.174540164017635
"S",400,"W","S400W",0.0489570043641352
"S",400,"Y","S400Y",0.0671420506986455
"D",401,"A","D401A",0.0225655884061831
"D",401,"C","D401C",0.0142153371853335
"D",401,"E","D401E",-0.151554091317907
"D",401,"F","D401F",-0.002049266935217
"D",401,"G","D401G",-0.0660338190492866
"D",401,"H","D401H",0.0491242505132932
"D",401,"I","D401I",-0.0499649377330269
"D",401,"K","D401K",-0.0426076876321874
"D",401,"L","D401L",-0.0694149380359063
"D",401,"M","D401M",0.0523004173081234
"D",401,"N","D401N",0.0404961450841932
"D",401,"P","D401P",-0.0284986620148966
"D",401,"Q","D401Q",0.0262416845067431
"D",401,"R","D401R",0.0578390688648631
"D",401,"S","D401S",-0.00842991536829671
"D",401,"T","D401T",-0.0441176509036673
"D",401,"V","D401V",0.0923076018800631
"D",401,"W","D401W",0.100778772369033
"D",401,"Y","D401Y",0.0068021028725629
"G",402,"A","G402A",0.0371293711392959
"G",402,"C","G402C",0.0253918898821159
"G",402,"D","G402D",0.00371084180144668
"G",402,"E","G402E",-0.0805606041778737
"G",402,"F","G402F",0.0769224697449267
"G",402,"H","G402H",-0.124640215160614
"G",402,"I","G402I",0.0496289429680465
"G",402,"K","G402K",0.173897684239917
"G",402,"L","G402L",-0.0645444946144331
"G",402,"M","G402M",-0.124388018514485
"G",402,"N","G402N",0.108720363791497
"G",402,"P","G402P",-0.0681341842959138
"G",402,"Q","G402Q",0.0515412738981564
"G",402,"R","G402R",-0.00271246541119343
"G",402,"S","G402S",0.0325254395640466
"G",402,"T","G402T",-0.0859073438808644
"G",402,"V","G402V",-0.000393904821544239
"G",402,"W","G402W",-0.0245611912358137
"G",402,"Y","G402Y",0.0163741450832862
"S",403,"A","S403A",-0.0422225072299211
"S",403,"C","S403C",-0.0561849017176314
"S",403,"D","S403D",0.00396493509009923
"S",403,"E","S403E",0.0419274136643491
"S",403,"F","S403F",0.0983307804268889
"S",403,"G","S403G",0.103399819509849
"S",403,"H","S403H",0.0645475347801289
"S",403,"I","S403I",-0.00891148115791047
"S",403,"K","S403K",-0.0184496696247713
"S",403,"L","S403L",-0.0483757520934313
"S",403,"M","S403M",0.109559612154429
"S",403,"N","S403N",-0.0400192942118613
"S",403,"P","S403P",-0.102714445298271
"S",403,"Q","S403Q",-0.029610462983171
"S",403,"R","S403R",-0.101537535455552
"S",403,"T","S403T",-0.00247354085718067
"S",403,"V","S403V",0.0345802717736195
"S",403,"W","S403W",0.00639712746251833
"S",403,"Y","S403Y",-0.0122079042321809
"F",404,"A","F404A",0.00471989409091735
"F",404,"C","F404C",-0.00788957651865295
"F",404,"D","F404D",-0.0270225540489522
"F",404,"E","F404E",0.157910772831887
"F",404,"G","F404G",0.0440084549039872
"F",404,"H","F404H",0.110937239651517
"F",404,"I","F404I",-0.213363531850973
"F",404,"K","F404K",0.118687950481297
"F",404,"L","F404L",-0.107479109860742
"F",404,"M","F404M",-0.0423974035818722
"F",404,"N","F404N",0.00163712862038776
"F",404,"P","F404P",-0.0933635318509723
"F",404,"Q","F404Q",0.0433035496776766
"F",404,"R","F404R",0.0218479237612277
"F",404,"S","F404S",0.0839147765143083
"F",404,"T","F404T",0.0124878972634068
"F",404,"V","F404V",-0.0297196403103124
"F",404,"W","F404W",-0.00515619054715274
"F",404,"Y","F404Y",-0.073064049226983
"F",405,"A","F405A",0.0582039726505379
"F",405,"C","F405C",-0.137030476727703
"F",405,"D","F405D",-0.130454913465982
"F",405,"E","F405E",0.106576808247678
"F",405,"G","F405G",0.213653404021607
"F",405,"H","F405H",-0.103035449526072
"F",405,"I","F405I",-0.0465194360775515
"F",405,"K","F405K",0.00107221629092834
"F",405,"L","F405L",-0.00984642538426226
"F",405,"M","F405M",-0.0949277494583824
"F",405,"N","F405N",0.0377565887067377
"F",405,"P","F405P",-0.193000273399342
"F",405,"Q","F405Q",-0.302248398884762
"F",405,"R","F405R",0.583230709436888
"F",405,"S","F405S",-0.0131446331246818
"F",405,"T","F405T",-0.0934022437493922
"F",405,"V","F405V",0.0834525329118879
"F",405,"W","F405W",-0.00560816271883156
"F",405,"Y","F405Y",0.0452719302506977
"L",406,"A","L406A",-0.0676810558311895
"L",406,"C","L406C",-0.11326589190222
"L",406,"D","L406D",0.10722834282875
"L",406,"E","L406E",-0.0704790641501993
"L",406,"F","L406F",0.0719308184155606
"L",406,"G","L406G",-0.00181016194185949
"L",406,"H","L406H",-0.11407301468946
"L",406,"I","L406I",-0.0251279547753797
"L",406,"K","L406K",-0.0506667865329492
"L",406,"M","L406M",0.0704557925579209
"L",406,"N","L406N",0.137288118991281
"L",406,"P","L406P",0.0295539234616905
"L",406,"Q","L406Q",-0.1225209623902
"L",406,"R","L406R",0.00209845732446051
"L",406,"S","L406S",0.000795988858680711
"L",406,"T","L406T",0.046927124663051
"L",406,"V","L406V",0.0486358988734107
"L",406,"W","L406W",0.11684197928055
"L",406,"Y","L406Y",-0.0661315530419004
"Y",407,"A","Y407A",-0.069180930084049
"Y",407,"C","Y407C",-0.0553793680117989
"Y",407,"D","Y407D",-0.158152075587559
"Y",407,"E","Y407E",0.129268417570911
"Y",407,"F","Y407F",-0.240720703482079
"Y",407,"G","Y407G",0.097868564247701
"Y",407,"H","Y407H",0.0315264010238511
"Y",407,"I","Y407I",-0.000449184111868391
"Y",407,"K","Y407K",0.216160154717331
"Y",407,"L","Y407L",-0.00780149583652869
"Y",407,"M","Y407M",-0.0408187793211797
"Y",407,"N","Y407N",0.0412916050716713
"Y",407,"P","Y407P",-0.198363000256179
"Y",407,"Q","Y407Q",-0.0653832533844392
"Y",407,"R","Y407R",0.260506552587451
"Y",407,"S","Y407S",-0.0444153733968589
"Y",407,"T","Y407T",-0.0567083707302592
"Y",407,"V","Y407V",0.0204023722555304
"Y",407,"W","Y407W",0.140348466728352
"S",408,"A","S408A",-0.0474294388224372
"S",408,"C","S408C",-0.0368101072340075
"S",408,"D","S408D",0.242481469984773
"S",408,"E","S408E",-0.211850648451057
"S",408,"F","S408F",-0.0454586970976179
"S",408,"G","S408G",-0.0610300646800868
"S",408,"H","S408H",0.0727999872735826
"S",408,"I","S408I",-0.107157986223028
"S",408,"K","S408K",0.0714615162713036
"S",408,"L","S408L",-0.016377087974397
"S",408,"M","S408M",-0.234586727078326
"S",408,"N","S408N",0.113766887406413
"S",408,"P","S408P",-0.137509272265727
"S",408,"Q","S408Q",0.0390236206558221
"S",408,"R","S408R",0.180471200300593
"S",408,"T","S408T",-0.020187336877088
"S",408,"V","S408V",0.0232348404265128
"S",408,"W","S408W",-0.0308657598009177
"S",408,"Y","S408Y",0.206023604185693
"K",409,"A","K409A",-0.0931842966054205
"K",409,"C","K409C",0.0141521525972296
"K",409,"D","K409D",0.0383202334218197
"K",409,"E","K409E",0.0312396925848496
"K",409,"F","K409F",-0.00361542131086044
"K",409,"G","K409G",0.126481730936739
"K",409,"H","K409H",-0.00624298094333093
"K",409,"I","K409I",-0.0266988746198505
"K",409,"L","K409L",0.11254132614128
"K",409,"M","K409M",0.0519709015290801
"K",409,"N","K409N",-0.246067936561551
"K",409,"P","K409P",0.0718274931902391
"K",409,"Q","K409Q",-0.0723982797891512
"K",409,"S","K409S",-0.0535897926359206
"K",409,"T","K409T",0.117458959751749
"K",409,"V","K409V",-0.139944677000481
"K",409,"W","K409W",0.0375334462205691
"K",409,"Y","K409Y",0.0402163230930096
"L",410,"A","L410A",-0.145209222851482
"L",410,"C","L410C",-0.00929947369341154
"L",410,"D","L410D",-0.0391979314052526
"L",410,"E","L410E",-0.0281917541418024
"L",410,"F","L410F",-0.00666643516785161
"L",410,"G","L410G",0.00518642155797849
"L",410,"H","L410H",-0.0360166189706121
"L",410,"I","L410I",-0.0173809341857125
"L",410,"K","L410K",-0.00640365217144231
"L",410,"M","L410M",0.0532749552826784
"L",410,"N","L410N",0.000914063830677991
"L",410,"P","L410P",0.427255360756898
"L",410,"Q","L410Q",-0.170091145465263
"L",410,"R","L410R",-0.0156247994529521
"L",410,"S","L410S",0.0447406622252582
"L",410,"T","L410T",0.027142394987068
"L",410,"V","L410V",-0.0478599300814317
"L",410,"W","L410W",-0.0545772036466627
"L",410,"Y","L410Y",0.018005242593318
"T",411,"A","T411A",0.0256623886196925
"T",411,"C","T411C",-0.0208117192880577
"T",411,"D","T411D",0.0555408134295928
"T",411,"E","T411E",-0.0615931490883277
"T",411,"F","T411F",-0.0180247859230471
"T",411,"G","T411G",0.0556060803044823
"T",411,"H","T411H",-0.0295106146731374
"T",411,"I","T411I",-0.0355486799095272
"T",411,"K","T411K",-0.189645267242317
"T",411,"L","T411L",0.106921040428623
"T",411,"M","T411M",-0.0488218292442876
"T",411,"N","T411N",-0.0123861749060569
"T",411,"P","T411P",0.0268223938993826
"T",411,"Q","T411Q",0.0910779538516726
"T",411,"R","T411R",-0.0157323224405665
"T",411,"S","T411S",0.0105174740752725
"T",411,"V","T411V",0.0287744015737026
"T",411,"W","T411W",0.0227090075321126
"T",411,"Y","T411Y",0.00844298900079202
"V",412,"A","V412A",0.0484486106147938
"V",412,"C","V412C",-0.114399841924536
"V",412,"D","V412D",0.000605747333954851
"V",412,"E","V412E",-0.0182480748190362
"V",412,"F","V412F",-0.00722442915346561
"V",412,"G","V412G",0.0640020356116943
"V",412,"H","V412H",0.160721138007054
"V",412,"I","V412I",0.139733079637964
"V",412,"K","V412K",0.0876871187341441
"V",412,"L","V412L",-0.00191385530715499
"V",412,"M","V412M",-0.0293150405032359
"V",412,"N","V412N",-0.111625754854106
"V",412,"P","V412P",0.114970151207254
"V",412,"Q","V412Q",0.0893447134920846
"V",412,"R","V412R",-0.114361997493236
"V",412,"S","V412S",-0.0275143152331259
"V",412,"T","V412T",-0.175152106953096
"V",412,"W","V412W",-0.155334955893047
"V",412,"Y","V412Y",0.0495777774950942
"D",413,"A","D413A",-0.0489912605009038
"D",413,"C","D413C",0.0484454159780056
"D",413,"E","D413E",-0.0749805772388641
"D",413,"F","D413F",-0.0355777799773736
"D",413,"G","D413G",0.0640719616499356
"D",413,"H","D413H",-0.077676356781135
"D",413,"I","D413I",0.0782299777230347
"D",413,"K","D413K",0.0412531787896559
"D",413,"L","D413L",-0.0190360202657936
"D",413,"M","D413M",0.0534327819721258
"D",413,"N","D413N",-0.0435594960967037
"D",413,"P","D413P",-0.0462929475865546
"D",413,"Q","D413Q",-0.000756359336664701
"D",413,"R","D413R",0.0421952999444357
"D",413,"S","D413S",0.0383062550757962
"D",413,"T","D413T",0.0578578376777654
"D",413,"V","D413V",-0.063895537018664
"D",413,"W","D413W",0.019542864200736
"D",413,"Y","D413Y",-0.0325692382088339
"K",414,"A","K414A",-0.00156795581409296
"K",414,"C","K414C",0.0210668355045177
"K",414,"D","K414D",0.0157304074909768
"K",414,"E","K414E",-0.033691887165683
"K",414,"F","K414F",-0.00212575705310297
"K",414,"G","K414G",0.0827781386980775
"K",414,"H","K414H",0.0130421101414771
"K",414,"I","K414I",-0.0418691717420729
"K",414,"L","K414L",-0.0608221544396323
"K",414,"M","K414M",0.00741804042070744
"K",414,"N","K414N",0.0965212965274874
"K",414,"P","K414P",-0.00962443739149306
"K",414,"Q","K414Q",-0.0329602272819629
"K",414,"R","K414R",0.0346650029708571
"K",414,"S","K414S",-0.0530961201892228
"K",414,"T","K414T",-0.048334364906063
"K",414,"W","K414W",0.0520281575680779
"K",414,"Y","K414Y",-0.0391579133388535
"S",415,"A","S415A",-0.0768867766500822
"S",415,"C","S415C",0.033602283033887
"S",415,"D","S415D",0.0181818930663978
"S",415,"E","S415E",0.0947490099434688
"S",415,"F","S415F",0.0364164805242381
"S",415,"G","S415G",0.016236911394058
"S",415,"H","S415H",-0.018882041393142
"S",415,"I","S415I",-0.0566812346322322
"S",415,"K","S415K",-0.0223529533336527
"S",415,"L","S415L",-0.127112414652022
"S",415,"M","S415M",-0.00984287411735186
"S",415,"N","S415N",-0.0401217037455021
"S",415,"P","S415P",0.0085925083614481
"S",415,"Q","S415Q",0.0394661381803977
"S",415,"R","S415R",0.0788541192451982
"S",415,"T","S415T",0.0898614593612786
"S",415,"V","S415V",-0.0322191960474118
"S",415,"W","S415W",-0.0389490926285127
"S",415,"Y","S415Y",0.0070874840895375
"R",416,"A","R416A",0.0168623332135301
"R",416,"C","R416C",-0.0224719337783192
"R",416,"D","R416D",0.05638793512903
"R",416,"E","R416E",0.0483872777303594
"R",416,"F","R416F",-0.04508191205213
"R",416,"G","R416G",0.0138409794447705
"R",416,"H","R416H",-0.07266907361196
"R",416,"I","R416I",-0.0293226985925996
"R",416,"K","R416K",-0.13695765303466
"R",416,"L","R416L",0.0125710406951301
"R",416,"M","R416M",0.0818532149737699
"R",416,"N","R416N",-0.053152316221031
"R",416,"P","R416P",-0.00349102154014002
"R",416,"Q","R416Q",0.0298451360709098
"R",416,"S","R416S",-0.00502239261646962
"R",416,"T","R416T",0.0153239966604105
"R",416,"V","R416V",0.000842349210980385
"R",416,"W","R416W",0.0946710112234895
"R",416,"Y","R416Y",-0.00241627290507052
"W",417,"A","W417A",0.0084970008420111
"W",417,"C","W417C",-0.0387947607331887
"W",417,"D","W417D",-0.0566805255836487
"W",417,"E","W417E",0.0436810331735815
"W",417,"F","W417F",-0.0371361942503281
"W",417,"G","W417G",0.180137997911551
"W",417,"H","W417H",-0.0332905736485385
"W",417,"I","W417I",-0.0369180349298582
"W",417,"K","W417K",-0.000767218855938497
"W",417,"L","W417L",0.0586694124977418
"W",417,"M","W417M",0.0129934374250018
"W",417,"N","W417N",-0.00972790284702809
"W",417,"P","W417P",-0.0650421272619184
"W",417,"Q","W417Q",0.0100624701345619
"W",417,"R","W417R",-0.0113730693937884
"W",417,"S","W417S",-0.0485243761077588
"W",417,"T","W417T",-0.0168324362886283
"W",417,"V","W417V",0.0540060928671515
"W",417,"Y","W417Y",-0.0129602249509784
"Q",418,"A","Q418A",-0.0190824789988859
"Q",418,"C","Q418C",0.251955486779283
"Q",418,"D","Q418D",0.00400275452950356
"Q",418,"E","Q418E",0.0469030900871142
"Q",418,"F","Q418F",-0.165256140962786
"Q",418,"G","Q418G",-0.0210859247367461
"Q",418,"H","Q418H",-0.0960394300093465
"Q",418,"I","Q418I",0.00434214566120426
"Q",418,"K","Q418K",0.101057081599594
"Q",418,"L","Q418L",0.100818130952874
"Q",418,"M","Q418M",-0.0664769464325658
"Q",418,"N","Q418N",0.00796502888111396
"Q",418,"P","Q418P",0.00666436352357366
"Q",418,"R","Q418R",-0.0849990690296662
"Q",418,"S","Q418S",-0.0548591460463061
"Q",418,"T","Q418T",-0.0142288753617565
"Q",418,"V","Q418V",-0.0322483435046665
"Q",418,"W","Q418W",0.00521358005212316
"Q",418,"Y","Q418Y",0.0253546930163431
"Q",419,"A","Q419A",0.131722315391763
"Q",419,"C","Q419C",-0.0414189087903177
"Q",419,"D","Q419D",0.0466467513272832
"Q",419,"E","Q419E",-0.0640374756286873
"Q",419,"F","Q419F",0.0287084840316726
"Q",419,"G","Q419G",-0.102102120743537
"Q",419,"H","Q419H",0.0721270331358728
"Q",419,"I","Q419I",0.00256729458261261
"Q",419,"K","Q419K",0.0284528885616321
"Q",419,"L","Q419L",0.0447758761244225
"Q",419,"M","Q419M",0.0420022095727025
"Q",419,"N","Q419N",-0.0507133538695966
"Q",419,"P","Q419P",-0.000387271826356844
"Q",419,"R","Q419R",-0.0172525880326669
"Q",419,"S","Q419S",-0.0768262173974071
"Q",419,"T","Q419T",-0.0392073673889176
"Q",419,"V","Q419V",-0.016802101105818
"Q",419,"W","Q419W",0.0679276775270427
"Q",419,"Y","Q419Y",-0.0561831254716978
"G",420,"A","G420A",-0.115678407985392
"G",420,"C","G420C",0.0354979903686786
"G",420,"D","G420D",-0.0586779135921821
"G",420,"E","G420E",-0.00922938277768134
"G",420,"F","G420F",0.0750718061808279
"G",420,"H","G420H",0.0635561684527778
"G",420,"I","G420I",-0.00549321966387185
"G",420,"K","G420K",-0.0438394587525823
"G",420,"L","G420L",0.0766055484673679
"G",420,"M","G420M",0.0567975672829079
"G",420,"N","G420N",-0.0139774493471017
"G",420,"P","G420P",-0.0287381317238327
"G",420,"Q","G420Q",0.0384287295682976
"G",420,"R","G420R",0.0356027679010277
"G",420,"S","G420S",-0.156628625030682
"G",420,"T","G420T",-0.0205415259894218
"G",420,"V","G420V",0.0536672263277473
"G",420,"W","G420W",0.00409759233034775
"G",420,"Y","G420Y",0.0134787179827681
"N",421,"A","N421A",0.00240192889478321
"N",421,"C","N421C",-0.0445569939007661
"N",421,"D","N421D",0.0906141719840337
"N",421,"E","N421E",-0.00991535029099559
"N",421,"F","N421F",-0.0435753087996966
"N",421,"G","N421G",-0.0224539328632565
"N",421,"H","N421H",-0.0691899912320863
"N",421,"I","N421I",0.0499999699059641
"N",421,"K","N421K",-0.0535340177846972
"N",421,"L","N421L",-0.0178977751028357
"N",421,"M","N421M",0.0789917413968535
"N",421,"P","N421P",0.101807218860913
"N",421,"Q","N421Q",-0.0164682571067462
"N",421,"R","N421R",-0.0361007315700261
"N",421,"S","N421S",-0.0238336996607762
"N",421,"T","N421T",-0.0178409971396371
"N",421,"V","N421V",-0.00722378114026599
"N",421,"W","N421W",-0.0156197400341762
"N",421,"Y","N421Y",0.0543955455834136
"V",422,"A","V422A",-0.0140697438142441
"V",422,"C","V422C",0.000872946690535892
"V",422,"D","V422D",0.00579279429986539
"V",422,"E","V422E",0.00367375807115609
"V",422,"F","V422F",-0.136118326184284
"V",422,"G","V422G",-0.0431031840121241
"V",422,"H","V422H",-0.0285701209593939
"V",422,"I","V422I",0.00472773266561609
"V",422,"K","V422K",-0.0201976706565148
"V",422,"L","V422L",0.0464783251817957
"V",422,"M","V422M",-0.0611782047825536
"V",422,"N","V422N",0.0264642920598658
"V",422,"P","V422P",-0.000963000451184512
"V",422,"Q","V422Q",0.0731034067413558
"V",422,"R","V422R",0.239651134101426
"V",422,"S","V422S",-0.00362025654554461
"V",422,"T","V422T",-0.00474392089288421
"V",422,"W","V422W",-0.0832519834876147
"V",422,"Y","V422Y",-0.00494797802527371
"F",423,"A","F423A",0.0185994386954499
"F",423,"C","F423C",0.10111747207373
"F",423,"D","F423D",-0.0315689293656395
"F",423,"E","F423E",-0.14187394146849
"F",423,"G","F423G",0.10827924863901
"F",423,"H","F423H",-0.0189829924909988
"F",423,"I","F423I",-0.104114080888699
"F",423,"K","F423K",-0.0623380132189595
"F",423,"L","F423L",0.0750609369070104
"F",423,"M","F423M",-0.00455915607340959
"F",423,"N","F423N",-0.13739077958194
"F",423,"P","F423P",-0.0430914073285295
"F",423,"Q","F423Q",0.0448736312498703
"F",423,"R","F423R",-0.0400718441658394
"F",423,"S","F423S",0.0651682313668199
"F",423,"T","F423T",0.0513197567472405
"F",423,"V","F423V",0.062258908986321
"F",423,"W","F423W",0.0108334938657909
"F",423,"Y","F423Y",0.0464800260512608
"S",424,"A","S424A",-0.00441166233350917
"S",424,"C","S424C",-0.0938209339626099
"S",424,"D","S424D",-0.0402888433914292
"S",424,"E","S424E",-0.00921230645189927
"S",424,"F","S424F",0.0683501991874208
"S",424,"G","S424G",0.124310979275751
"S",424,"H","S424H",0.0337481437934811
"S",424,"I","S424I",0.0370067236879014
"S",424,"K","S424K",0.0540248590043911
"S",424,"L","S424L",0.070307330503521
"S",424,"M","S424M",0.0726497467395511
"S",424,"N","S424N",-0.0335105906082688
"S",424,"P","S424P",-0.158144736467809
"S",424,"Q","S424Q",-0.0678149608157589
"S",424,"R","S424R",-0.00685543152673877
"S",424,"T","S424T",0.032807924528491
"S",424,"V","S424V",-0.0178241838842289
"S",424,"W","S424W",-0.114584321618779
"S",424,"Y","S424Y",0.0532620643405214
"C",425,"A","C425A",-0.0193373256995025
"C",425,"D","C425D",-0.0508193352852822
"C",425,"E","C425E",0.130103005166018
"C",425,"F","C425F",0.0543435404107979
"C",425,"G","C425G",-0.0192892683206021
"C",425,"H","C425H",-0.0191322669238326
"C",425,"I","C425I",-0.0591746941540524
"C",425,"K","C425K",0.0903195955024782
"C",425,"L","C425L",-0.0344294927495617
"C",425,"M","C425M",-0.0228608547417919
"C",425,"N","C425N",-0.339374268856751
"C",425,"P","C425P",-0.00517355889911223
"C",425,"Q","C425Q",-0.0997250844698522
"C",425,"R","C425R",0.261518712575408
"C",425,"S","C425S",0.00368723033433727
"C",425,"T","C425T",-0.103828128187762
"C",425,"V","C425V",-0.100930660137702
"C",425,"W","C425W",0.131559829728378
"C",425,"Y","C425Y",0.202543024708389
"S",426,"A","S426A",-0.0151110059293906
"S",426,"C","S426C",-0.0237892834089301
"S",426,"D","S426D",-0.11090471333748
"S",426,"E","S426E",0.15191560702028
"S",426,"F","S426F",-0.0655413911723299
"S",426,"G","S426G",-0.0604549845194404
"S",426,"H","S426H",-0.0453642796522697
"S",426,"I","S426I",-0.0445769041997803
"S",426,"K","S426K",-0.01846112733044
"S",426,"L","S426L",-0.0144405579789401
"S",426,"M","S426M",-0.02495415326929
"S",426,"N","S426N",0.0634044631826798
"S",426,"P","S426P",-0.0131636783777804
"S",426,"Q","S426Q",0.0994993384971199
"S",426,"R","S426R",-0.0134679674128898
"S",426,"T","S426T",0.16468022150043
"S",426,"V","S426V",-0.0173288289488093
"S",426,"W","S426W",-0.0245641026036598
"S",426,"Y","S426Y",0.0126233479409199
"V",427,"A","V427A",0.0875497382058891
"V",427,"C","V427C",0.00449553649548989
"V",427,"D","V427D",0.2078840302268
"V",427,"E","V427E",-0.0776332789060812
"V",427,"F","V427F",-0.0694325240109611
"V",427,"G","V427G",-0.038335376310901
"V",427,"H","V427H",-0.0119066153824099
"V",427,"I","V427I",-0.0982587640658699
"V",427,"K","V427K",-0.101762775939681
"V",427,"L","V427L",-0.12188991179686
"V",427,"M","V427M",0.0121354015107388
"V",427,"N","V427N",-0.12283977779145
"V",427,"P","V427P",0.17346990980071
"V",427,"Q","V427Q",0.116027534071469
"V",427,"R","V427R",-0.0338841602348306
"V",427,"S","V427S",0.0132754115025297
"V",427,"T","V427T",-0.109406477350281
"V",427,"W","V427W",-0.0135574007018005
"V",427,"Y","V427Y",0.184069500677499
"M",428,"A","M428A",0.0665988542455177
"M",428,"C","M428C",0.138639315064229
"M",428,"D","M428D",-0.107817693995502
"M",428,"E","M428E",-0.0917291669146723
"M",428,"F","M428F",-0.138807745312012
"M",428,"G","M428G",0.0586454276940877
"M",428,"H","M428H",-0.0499155237895322
"M",428,"I","M428I",0.162330672160808
"M",428,"K","M428K",-0.0693474836219821
"M",428,"L","M428L",-0.0158631556901617
"M",428,"N","M428N",-0.0814309621753822
"M",428,"P","M428P",0.0953904024339377
"M",428,"Q","M428Q",0.0228332248452378
"M",428,"R","M428R",-0.115679880998242
"M",428,"S","M428S",-0.0113351247440417
"M",428,"T","M428T",-0.009726738235222
"M",428,"V","M428V",0.0896199699711077
"M",428,"W","M428W",-0.0010048853517529
"M",428,"Y","M428Y",0.0586004944135777
"H",429,"A","H429A",0.241175613899398
"H",429,"C","H429C",-0.0418465488636117
"H",429,"D","H429D",0.0981849595815084
"H",429,"E","H429E",0.131200303175818
"H",429,"F","H429F",0.0812919869330784
"H",429,"G","H429G",-0.160843580891652
"H",429,"I","H429I",0.00929112620138839
"H",429,"K","H429K",0.0758096464064584
"H",429,"L","H429L",-0.0269281688400906
"H",429,"M","H429M",-0.0271811465610916
"H",429,"N","H429N",0.100392783435198
"H",429,"P","H429P",0.179364792414407
"H",429,"Q","H429Q",-0.179312345156281
"H",429,"R","H429R",-0.102024734218632
"H",429,"S","H429S",0.0125409046044884
"H",429,"T","H429T",0.143160538018239
"H",429,"V","H429V",-0.266256231074762
"H",429,"W","H429W",-0.120954201846771
"H",429,"Y","H429Y",-0.147065697217092
"E",430,"A","E430A",-0.0990282227069906
"E",430,"C","E430C",-0.110275284078161
"E",430,"D","E430D",0.0368201732996087
"E",430,"F","E430F",0.0586884858938991
"E",430,"G","E430G",-0.0903677483578308
"E",430,"H","E430H",0.316267293128839
"E",430,"I","E430I",0.132453903282189
"E",430,"K","E430K",-0.207366119084521
"E",430,"L","E430L",-0.0469781227763913
"E",430,"M","E430M",-0.11160101252944
"E",430,"N","E430N",-0.102819033772851
"E",430,"P","E430P",-0.0462955167250512
"E",430,"Q","E430Q",0.078182165710378
"E",430,"R","E430R",0.143742657745779
"E",430,"S","E430S",-0.0870284770040713
"E",430,"T","E430T",0.0416414580108186
"E",430,"V","E430V",-0.0514912611686012
"E",430,"W","E430W",0.00749237499500901
"E",430,"Y","E430Y",0.137962286137389
"L",432,"A","L432A",-0.0953089441725632
"L",432,"C","L432C",-0.029798527439534
"L",432,"D","L432D",0.0840871965038874
"L",432,"E","L432E",-0.0318786381299032
"L",432,"F","L432F",-0.0295783772161637
"L",432,"G","L432G",0.0421814799548772
"L",432,"H","L432H",-0.0103484307170524
"L",432,"I","L432I",-0.103251968382854
"L",432,"K","L432K",-0.0136976367289729
"L",432,"M","L432M",-0.0524841258397435
"L",432,"N","L432N",0.012546323698887
"L",432,"P","L432P",0.114043329624967
"L",432,"Q","L432Q",0.00885280116535664
"L",432,"R","L432R",0.00485313434403644
"L",432,"S","L432S",-0.00667214486552286
"L",432,"T","L432T",0.0989209021367177
"L",432,"V","L432V",-0.0860872802426537
"L",432,"W","L432W",0.0188917107975571
"L",432,"Y","L432Y",0.0747291955086767
"H",433,"A","H433A",-0.0381050252779541
"H",433,"C","H433C",0.023491316310826
"H",433,"D","H433D",-0.102777124060344
"H",433,"E","H433E",0.0279850848158155
"H",433,"F","H433F",-0.0243758030554243
"H",433,"G","H433G",-0.0415909171056649
"H",433,"I","H433I",0.0178931929288654
"H",433,"K","H433K",0.0362309165248963
"H",433,"L","H433L",-0.0692962324095946
"H",433,"M","H433M",0.0798835756793853
"H",433,"N","H433N",0.0145556161862862
"H",433,"P","H433P",-0.0234571357958643
"H",433,"Q","H433Q",0.00458018846307575
"H",433,"R","H433R",-0.0545406775584242
"H",433,"S","H433S",0.178278677600846
"H",433,"T","H433T",-0.0424766202637436
"H",433,"V","H433V",-0.0185477166089839
"H",433,"W","H433W",0.018172273050436
"H",433,"Y","H433Y",0.0140964105755655
"N",434,"A","N434A",-0.0786059461974207
"N",434,"C","N434C",0.0471461604809684
"N",434,"D","N434D",-0.0860729664785114
"N",434,"E","N434E",-0.0168488527101014
"N",434,"F","N434F",0.0904989407754291
"N",434,"G","N434G",-0.0141041925642409
"N",434,"H","N434H",0.0773234319303489
"N",434,"I","N434I",0.0538550274024992
"N",434,"K","N434K",0.0208961331655393
"N",434,"L","N434L",-0.11151217992021
"N",434,"P","N434P",0.0423718762960383
"N",434,"Q","N434Q",0.0127076450916383
"N",434,"R","N434R",-0.0138292657232715
"N",434,"S","N434S",0.00267929376496911
"N",434,"T","N434T",-0.0316345345958509
"N",434,"W","N434W",0.060831965430318
"N",434,"Y","N434Y",-0.0557025361481414
"H",435,"A","H435A",-0.0925782834439341
"H",435,"C","H435C",0.117992037122556
"H",435,"D","H435D",-0.133405787364954
"H",435,"E","H435E",-0.0392384854693141
"H",435,"F","H435F",-0.0142676423662639
"H",435,"G","H435G",0.0139879000166748
"H",435,"I","H435I",0.0416699979302458
"H",435,"K","H435K",-0.0275620044762043
"H",435,"L","H435L",-0.0796557254335339
"H",435,"M","H435M",-0.0414087140421241
"H",435,"N","H435N",0.0498207147916058
"H",435,"P","H435P",0.129929752726757
"H",435,"Q","H435Q",-0.0324653119109039
"H",435,"R","H435R",0.0796384739913358
"H",435,"S","H435S",0.00924562236484537
"H",435,"T","H435T",-0.101850525501254
"H",435,"V","H435V",0.0774121757724858
"H",435,"W","H435W",0.0409616802000548
"H",435,"Y","H435Y",0.00177412509192587
"Y",436,"A","Y436A",0.157229763030586
"Y",436,"C","Y436C",0.0172579858971855
"Y",436,"D","Y436D",-0.0709026374490338
"Y",436,"E","Y436E",-0.0278925827672238
"Y",436,"F","Y436F",-0.0471475621887945
"Y",436,"G","Y436G",0.035918959818956
"Y",436,"H","Y436H",-0.0842860191109938
"Y",436,"I","Y436I",0.0435954474824354
"Y",436,"K","Y436K",-0.0205515087827348
"Y",436,"L","Y436L",-0.0529429583718639
"Y",436,"M","Y436M",0.132919938542826
"Y",436,"N","Y436N",-0.0497174357574734
"Y",436,"P","Y436P",0.0276962402409358
"Y",436,"Q","Y436Q",-0.0145188344352936
"Y",436,"R","Y436R",-0.119545843402844
"Y",436,"S","Y436S",0.00722907630414534
"Y",436,"T","Y436T",-0.0158636140134143
"Y",436,"V","Y436V",0.0340604971712755
"Y",436,"W","Y436W",0.047461087791326
"T",437,"A","T437A",-0.0296510453255846
"T",437,"C","T437C",-0.00823044091448478
"T",437,"D","T437D",-0.0420433345441646
"T",437,"E","T437E",0.0509224252667354
"T",437,"F","T437F",-0.0921052785493652
"T",437,"G","T437G",-0.0945166512985855
"T",437,"H","T437H",-0.102674908921174
"T",437,"I","T437I",0.0157217545478153
"T",437,"K","T437K",-0.0557516439248148
"T",437,"L","T437L",-0.042283128971235
"T",437,"M","T437M",0.0817083587487451
"T",437,"N","T437N",-0.0996126056837047
"T",437,"P","T437P",0.166030491391125
"T",437,"Q","T437Q",-0.0191442871683344
"T",437,"R","T437R",-0.000773720861484978
"T",437,"S","T437S",0.0914799736642056
"T",437,"V","T437V",0.121108023658125
"T",437,"W","T437W",0.0792930602498652
"T",437,"Y","T437Y",-0.0194770413636844
"Q",438,"A","Q438A",-0.0387229073297874
"Q",438,"D","Q438D",0.0325492323946025
"Q",438,"E","Q438E",-0.0534986068703473
"Q",438,"F","Q438F",0.0366600894661325
"Q",438,"G","Q438G",-0.132254154843157
"Q",438,"H","Q438H",0.035611038851333
"Q",438,"I","Q438I",0.0700013646978429
"Q",438,"K","Q438K",-0.0768039272026365
"Q",438,"L","Q438L",-0.105866561158487
"Q",438,"M","Q438M",-0.0188091041849773
"Q",438,"N","Q438N",-0.116617125930677
"Q",438,"P","Q438P",0.109154631442313
"Q",438,"R","Q438R",-0.073033600129267
"Q",438,"S","Q438S",-0.144711909355787
"Q",438,"T","Q438T",0.0134995034317934
"Q",438,"V","Q438V",0.208900761408553
"Q",438,"W","Q438W",0.056763064184813
"Q",438,"Y","Q438Y",0.197178211127743
"K",439,"A","K439A",-0.00766069125501776
"K",439,"C","K439C",0.051787000386342
"K",439,"D","K439D",-0.0396615276167079
"K",439,"E","K439E",-0.00663180044879806
"K",439,"F","K439F",0.00466930510486157
"K",439,"G","K439G",-0.0611874460870784
"K",439,"H","K439H",-0.00903535499678706
"K",439,"I","K439I",-0.105874394998668
"K",439,"L","K439L",-0.00160372389228731
"K",439,"M","K439M",-0.139616864206748
"K",439,"N","K439N",-0.0343712742732173
"K",439,"P","K439P",0.111553225292782
"K",439,"Q","K439Q",0.0885478481774719
"K",439,"R","K439R",0.135885143843442
"K",439,"S","K439S",0.131373411172042
"K",439,"T","K439T",-0.00749778205526806
"K",439,"V","K439V",-0.0395023216547378
"K",439,"W","K439W",-0.0505457849229881
"K",439,"Y","K439Y",-0.0206269675686382
"S",440,"A","S440A",0.0229028661152079
"S",440,"C","S440C",0.0147210854610279
"S",440,"D","S440D",-0.0245019769838815
"S",440,"E","S440E",-0.0119416221968625
"S",440,"F","S440F",-0.0551896749062018
"S",440,"G","S440G",-0.168574880090862
"S",440,"H","S440H",0.139696106023578
"S",440,"I","S440I",0.0557444922370977
"S",440,"K","S440K",-0.0972084225529522
"S",440,"L","S440L",0.188647479059718
"S",440,"M","S440M",0.0328347065995078
"S",440,"N","S440N",-0.0228617453239919
"S",440,"P","S440P",-0.00803394641739203
"S",440,"Q","S440Q",0.035841943475148
"S",440,"R","S440R",-0.0793658334662022
"S",440,"T","S440T",-0.0189393916357814
"S",440,"V","S440V",-0.0186890071783224
"S",440,"W","S440W",0.0153921064055377
"S",440,"Y","S440Y",-0.000474284624372033
"L",441,"A","L441A",-0.108475451192537
"L",441,"C","L441C",0.014286451029833
"L",441,"D","L441D",0.0118842651172233
"L",441,"E","L441E",-0.0508460364622068
"L",441,"F","L441F",0.081353172250393
"L",441,"G","L441G",-0.105770511511076
"L",441,"H","L441H",0.0180419081279124
"L",441,"I","L441I",0.0020642159836226
"L",441,"K","L441K",0.0299958549493533
"L",441,"M","L441M",-0.0637148622543367
"L",441,"N","L441N",-0.0899792820311671
"L",441,"P","L441P",-0.0770053833236475
"L",441,"Q","L441Q",0.0255882883690332
"L",441,"R","L441R",0.121721880631264
"L",441,"S","L441S",0.0270781527885935
"L",441,"T","L441T",-0.133402976460446
"L",441,"V","L441V",0.406422437197913
"L",441,"W","L441W",-0.046321116107037
"L",441,"Y","L441Y",-0.0629210071026869
"S",442,"A","S442A",-0.025314469485087
"S",442,"C","S442C",-0.137316645276536
"S",442,"D","S442D",-0.0411128623508165
"S",442,"E","S442E",-0.0301380661153371
"S",442,"F","S442F",0.219965661703113
"S",442,"G","S442G",0.0194195493750931
"S",442,"H","S442H",-0.0544584797526273
"S",442,"I","S442I",-0.0239901266916664
"S",442,"K","S442K",-0.086761522664327
"S",442,"L","S442L",-0.0728351085024767
"S",442,"M","S442M",-0.0758188625572868
"S",442,"N","S442N",0.00150294053781244
"S",442,"P","S442P",-0.0381104791424667
"S",442,"Q","S442Q",0.288603561892023
"S",442,"R","S442R",-0.00562281825454736
"S",442,"T","S442T",-0.040645857782887
"S",442,"V","S442V",-0.0187638289814468
"S",442,"W","S442W",0.0331933715897233
"S",442,"Y","S442Y",0.0882040424597431
"L",443,"A","L443A",-0.061883679709179
"L",443,"C","L443C",0.0638120869740405
"L",443,"D","L443D",0.0370878955410708
"L",443,"E","L443E",0.0142884635211515
"L",443,"F","L443F",0.014810980764891
"L",443,"G","L443G",-0.0301503537317783
"L",443,"H","L443H",0.147331057278791
"L",443,"I","L443I",-0.090754087114519
"L",443,"K","L443K",-0.00684270403978928
"L",443,"M","L443M",0.00274097938076122
"L",443,"N","L443N",-0.0108812213297792
"L",443,"P","L443P",-0.0573906688746092
"L",443,"Q","L443Q",-0.0235513056241586
"L",443,"R","L443R",0.0881865918049606
"L",443,"S","L443S",-0.0623882865269388
"L",443,"T","L443T",0.00903474213424152
"L",443,"V","L443V",0.0363576764141117
"L",443,"W","L443W",-0.076332321670469
"L",443,"Y","L443Y",0.00652415480720032
"S",444,"A","S444A",0.0370549470266031
"S",444,"C","S444C",0.0375286195398335
"S",444,"D","S444D",-0.0421211873785971
"S",444,"E","S444E",0.0561661741366828
"S",444,"F","S444F",-0.000762188392017641
"S",444,"G","S444G",0.00260190415968236
"S",444,"H","S444H",-0.0256597593684573
"S",444,"I","S444I",-0.018358310246737
"S",444,"K","S444K",-0.0215871533032274
"S",444,"L","S444L",-0.0186690103738069
"S",444,"M","S444M",-0.0611014732782379
"S",444,"N","S444N",0.0428798647026028
"S",444,"P","S444P",0.0130798917366429
"S",444,"Q","S444Q",-0.00355637450731744
"S",444,"R","S444R",-0.0864777774372875
"S",444,"T","S444T",-0.113530044613688
"S",444,"V","S444V",-0.0176173064584379
"S",444,"W","S444W",0.100242954856873
"S",444,"Y","S444Y",0.119886229198893
"P",445,"A","P445A",-0.0428853511417617
"P",445,"C","P445C",0.0879574789401183
"P",445,"D","P445D",-0.0897747221953515
"P",445,"E","P445E",-0.0267836361647917
"P",445,"F","P445F",-0.0174579797205118
"P",445,"G","P445G",0.127295045280287
"P",445,"H","P445H",-0.0372175626532917
"P",445,"I","P445I",-0.0697696256167616
"P",445,"K","P445K",0.0329695250260181
"P",445,"L","P445L",-0.0801908739223413
"P",445,"M","P445M",0.0552648087527186
"P",445,"N","P445N",-0.0831263971804918
"P",445,"Q","P445Q",0.0124951042314188
"P",445,"R","P445R",-0.0355092684695825
"P",445,"S","P445S",0.0408907219456983
"P",445,"V","P445V",0.0516322970344379
"P",445,"Y","P445Y",0.0742104358541885
"G",446,"A","G446A",-0.0535754412534393
"G",446,"C","G446C",0.00239897542251123
"G",446,"D","G446D",-0.17652670119224
"G",446,"E","G446E",0.0578547508301003
"G",446,"F","G446F",-0.0231028309921094
"G",446,"H","G446H",0.0404756113626103
"G",446,"I","G446I",0.00218390993329022
"G",446,"K","G446K",-0.038113212503159
"G",446,"L","G446L",0.193473298807761
"G",446,"M","G446M",0.0796625188938302
"G",446,"N","G446N",0.076269064188531
"G",446,"Q","G446Q",-0.0134936770217598
"G",446,"R","G446R",-0.0301008833773489
"G",446,"S","G446S",-0.0864674283087997
"G",446,"T","G446T",0.0585219097527913
"G",446,"V","G446V",-0.0413693596764391
"G",446,"W","G446W",-0.0558270997922897
"G",446,"Y","G446Y",0.00773659492616046
"K",447,"A","K447A",0.0458085322807144
"K",447,"C","K447C",-0.00572487542883621
"K",447,"D","K447D",0.0136375937893348
"K",447,"E","K447E",-0.0668778397716959
"K",447,"F","K447F",-0.0683122472352758
"K",447,"G","K447G",0.032732281739524
"K",447,"H","K447H",-0.0139790420265452
"K",447,"I","K447I",-0.0296075300740556
"K",447,"L","K447L",0.00322983983506443
"K",447,"M","K447M",0.0573594948672144
"K",447,"N","K447N",0.056877100900104
"K",447,"P","K447P",-0.0408264872660661
"K",447,"Q","K447Q",0.0905904996150847
"K",447,"R","K447R",-0.0316604821452152
"K",447,"S","K447S",-0.00427476504903571
"K",447,"T","K447T",-0.0177683960121161
"K",447,"V","K447V",-0.0160539073799967
"K",447,"W","K447W",-0.033588734031006
"K",447,"Y","K447Y",0.0284389633928039
