"wildtype","site","mutation","name","scaledscore"
"E",216,"A","E216A",-0.0377970817747875
"E",216,"C","E216C",0.0263342004363982
"E",216,"D","E216D",0.0348660934925373
"E",216,"F","E216F",-0.122328383790764
"E",216,"G","E216G",-0.0801975977047231
"E",216,"H","E216H",0.134471605734985
"E",216,"I","E216I",0.334882553950723
"E",216,"K","E216K",-0.134898296293126
"E",216,"L","E216L",-0.159384110470839
"E",216,"M","E216M",-0.636139010524884
"E",216,"N","E216N",-0.483705887235641
"E",216,"P","E216P",0.0793114367994826
"E",216,"Q","E216Q",-0.243418730637061
"E",216,"R","E216R",0.100726375749075
"E",216,"S","E216S",-0.147060702161842
"E",216,"T","E216T",-0.184070796899985
"E",216,"V","E216V",-0.224469305522475
"E",216,"W","E216W",0.0093899806191553
"E",216,"Y","E216Y",0.467616296417282
"P",217,"A","P217A",0.104519847140948
"P",217,"C","P217C",-0.357628182405463
"P",217,"D","P217D",-0.364268414655273
"P",217,"E","P217E",-0.389137547271717
"P",217,"F","P217F",-0.114101780985065
"P",217,"G","P217G",-0.106609387877155
"P",217,"H","P217H",-0.18319371579861
"P",217,"I","P217I",-0.231555529123107
"P",217,"K","P217K",0.182351765788303
"P",217,"L","P217L",0.211217831615206
"P",217,"M","P217M",-0.774610428763892
"P",217,"N","P217N",-0.16504285490367
"P",217,"Q","P217Q",-0.585553052055932
"P",217,"R","P217R",0.260189388772313
"P",217,"S","P217S",-0.385798460152003
"P",217,"T","P217T",0.165495614899735
"P",217,"V","P217V",-0.261549064125785
"P",217,"W","P217W",-0.296854636304956
"P",217,"Y","P217Y",-0.0602902914819378
"K",218,"A","K218A",0.0229383109192072
"K",218,"C","K218C",-0.076416346885709
"K",218,"D","K218D",-0.734723917752374
"K",218,"E","K218E",-0.148752833735875
"K",218,"F","K218F",-0.511863870410655
"K",218,"G","K218G",0.0668088435898429
"K",218,"H","K218H",-0.168660060518154
"K",218,"I","K218I",-0.405934523974831
"K",218,"L","K218L",-0.16526972616027
"K",218,"M","K218M",-0.393372698984689
"K",218,"N","K218N",-0.296737837491502
"K",218,"P","K218P",-0.265651568660264
"K",218,"Q","K218Q",0.480701926611575
"K",218,"R","K218R",-0.0406321410938173
"K",218,"S","K218S",-0.178229139115494
"K",218,"T","K218T",-0.138158447284205
"K",218,"V","K218V",-0.331172739953911
"K",218,"W","K218W",0.1383495399798
"K",218,"Y","K218Y",-0.219535281698657
"S",219,"A","S219A",-0.170063283103357
"S",219,"C","S219C",0.40008033353727
"S",219,"D","S219D",-0.228190089264727
"S",219,"E","S219E",0.0458777324832736
"S",219,"F","S219F",0.182141595372986
"S",219,"G","S219G",-0.351229932633452
"S",219,"H","S219H",-0.292403279117283
"S",219,"I","S219I",0.196716322918166
"S",219,"K","S219K",0.759365362415662
"S",219,"L","S219L",0.102294520193776
"S",219,"M","S219M",-0.215109226584235
"S",219,"N","S219N",-0.322107283782745
"S",219,"P","S219P",-0.0817944805456292
"S",219,"Q","S219Q",-0.531450854031364
"S",219,"R","S219R",0.174803090070994
"S",219,"T","S219T",0.0766024449939377
"S",219,"V","S219V",-1.33491387161334
"S",219,"W","S219W",-0.371543210561098
"S",219,"Y","S219Y",0.991773550972105
"C",220,"A","C220A",-0.158410137900735
"C",220,"D","C220D",0.132245958404143
"C",220,"E","C220E",-0.236834006967248
"C",220,"F","C220F",0.422421634762167
"C",220,"G","C220G",-0.26168190487338
"C",220,"H","C220H",0.0219208275543154
"C",220,"I","C220I",0.241355755468391
"C",220,"K","C220K",0.208211863667917
"C",220,"L","C220L",0.519300367354341
"C",220,"M","C220M",-0.102670468358663
"C",220,"N","C220N",-0.121605488825787
"C",220,"P","C220P",-0.272073672201513
"C",220,"Q","C220Q",0.271619915152575
"C",220,"R","C220R",0.199991412043354
"C",220,"S","C220S",0.362894383855602
"C",220,"T","C220T",-0.16949121882725
"C",220,"V","C220V",0.402034556075909
"C",220,"W","C220W",0.613261956792313
"C",220,"Y","C220Y",-0.218328457531213
"D",221,"A","D221A",0.0718684569711654
"D",221,"C","D221C",0.448995470723163
"D",221,"E","D221E",0.155673132382881
"D",221,"F","D221F",0.0954097144098349
"D",221,"G","D221G",-0.385272469245229
"D",221,"H","D221H",-0.217844452857368
"D",221,"I","D221I",-0.184026895431678
"D",221,"K","D221K",0.330413081895154
"D",221,"L","D221L",-0.142602633733814
"D",221,"M","D221M",0.342378888078162
"D",221,"N","D221N",-0.317853271079891
"D",221,"P","D221P",-0.209447167234755
"D",221,"Q","D221Q",-0.0403832575642193
"D",221,"R","D221R",0.31567073347135
"D",221,"S","D221S",0.0198259826463315
"D",221,"T","D221T",0.197433962171278
"D",221,"V","D221V",-0.0140381752256153
"D",221,"W","D221W",-0.0420470523662521
"D",221,"Y","D221Y",-0.0422358886646101
"K",222,"A","K222A",-0.328345833272959
"K",222,"C","K222C",-0.39889024014224
"K",222,"D","K222D",-0.324475429207743
"K",222,"E","K222E",-0.114340589697396
"K",222,"F","K222F",0.117630055402715
"K",222,"G","K222G",0.0222547956715393
"K",222,"H","K222H",-0.55304264966516
"K",222,"I","K222I",0.0982779232727619
"K",222,"L","K222L",0.099096293248161
"K",222,"M","K222M",0.188000056673875
"K",222,"N","K222N",-0.326671988119688
"K",222,"P","K222P",-0.258978186766407
"K",222,"Q","K222Q",0.0458148931373471
"K",222,"R","K222R",0.175001689786937
"K",222,"S","K222S",0.44006403487061
"K",222,"T","K222T",-0.339146779887342
"K",222,"V","K222V",0.0392677803678468
"K",222,"W","K222W",-0.125545759954157
"K",222,"Y","K222Y",-0.0792158752578132
"T",223,"A","T223A",0.428233258721833
"T",223,"C","T223C",-0.207945103861618
"T",223,"D","T223D",-0.539659652025608
"T",223,"E","T223E",-0.186506478451001
"T",223,"F","T223F",0.299109636441329
"T",223,"G","T223G",0.114412068575036
"T",223,"H","T223H",-0.205898441395524
"T",223,"I","T223I",-0.0859342730058513
"T",223,"K","T223K",-0.12215389436727
"T",223,"L","T223L",-0.21420514079773
"T",223,"M","T223M",-0.0399338309418713
"T",223,"N","T223N",-0.188056168187809
"T",223,"P","T223P",-0.0283230178858323
"T",223,"Q","T223Q",-0.304949868151279
"T",223,"R","T223R",-0.0859343315023979
"T",223,"S","T223S",0.33308348422
"T",223,"V","T223V",0.0988201464892154
"T",223,"W","T223W",-0.193113308459228
"T",223,"Y","T223Y",0.342199842065816
"H",224,"A","H224A",0.223036653655091
"H",224,"C","H224C",0.42597459346084
"H",224,"D","H224D",-0.0411613317757606
"H",224,"E","H224E",0.235790715655346
"H",224,"F","H224F",-0.139737669255108
"H",224,"G","H224G",-0.00674424343455843
"H",224,"I","H224I",0.158861037616491
"H",224,"K","H224K",0.188311347919185
"H",224,"L","H224L",-0.311388133659907
"H",224,"M","H224M",-0.117087523140989
"H",224,"N","H224N",0.124868502882115
"H",224,"P","H224P",0.167991359894199
"H",224,"Q","H224Q",0.203967095570333
"H",224,"R","H224R",0.0983942149455602
"H",224,"S","H224S",-0.157387363920978
"H",224,"T","H224T",-0.346688387582725
"H",224,"V","H224V",0.298057024485554
"H",224,"W","H224W",-0.0020269062067833
"H",224,"Y","H224Y",-0.182649524455315
"T",225,"A","T225A",-0.589175475060024
"T",225,"C","T225C",0.0297963337735254
"T",225,"D","T225D",0.259970148863075
"T",225,"E","T225E",0.187302833610871
"T",225,"F","T225F",-0.0901171617126562
"T",225,"G","T225G",0.371814140279814
"T",225,"H","T225H",-0.141657450598432
"T",225,"I","T225I",0.540209986774276
"T",225,"K","T225K",-0.349327419145661
"T",225,"L","T225L",-0.264233216184552
"T",225,"M","T225M",-0.589702105425583
"T",225,"N","T225N",-0.184460247012903
"T",225,"P","T225P",-0.0790057546110527
"T",225,"Q","T225Q",0.142574816460742
"T",225,"S","T225S",-0.174764058980061
"T",225,"V","T225V",0.0146854536834101
"T",225,"W","T225W",0.0358545193514977
"T",225,"Y","T225Y",-0.16478766180489
"C",226,"A","C226A",0.420165903779387
"C",226,"D","C226D",-0.00944381294486842
"C",226,"E","C226E",0.172417334331737
"C",226,"F","C226F",0.172232243449728
"C",226,"G","C226G",-0.163422686555253
"C",226,"H","C226H",-0.172838566159701
"C",226,"I","C226I",0.293276701916492
"C",226,"K","C226K",-0.0489810009154897
"C",226,"L","C226L",0.526133648733701
"C",226,"M","C226M",0.07892751163607
"C",226,"N","C226N",-0.535417689544174
"C",226,"P","C226P",-0.14901655207306
"C",226,"Q","C226Q",0.267757480116067
"C",226,"R","C226R",-0.137240674096695
"C",226,"S","C226S",0.264501272509692
"C",226,"T","C226T",-0.0711774723185172
"C",226,"V","C226V",0.403110173807733
"C",226,"W","C226W",0.126417721719556
"C",226,"Y","C226Y",-0.140994209592087
"P",227,"A","P227A",0.179405592518838
"P",227,"C","P227C",0.293114208816297
"P",227,"D","P227D",-0.132801935344879
"P",227,"E","P227E",0.21612663592428
"P",227,"F","P227F",0.57893259245808
"P",227,"G","P227G",0.159971304961354
"P",227,"H","P227H",0.20541768585736
"P",227,"I","P227I",0.56130783105337
"P",227,"K","P227K",0.317892122206185
"P",227,"L","P227L",-0.0943164069620412
"P",227,"M","P227M",-0.315605575417931
"P",227,"N","P227N",0.0988534119904244
"P",227,"Q","P227Q",0.201279555677076
"P",227,"R","P227R",0.239859590673363
"P",227,"S","P227S",-0.137388062465885
"P",227,"T","P227T",-0.247800192118158
"P",227,"V","P227V",0.0204901104429969
"P",227,"W","P227W",-0.118044584414669
"P",227,"Y","P227Y",-0.109109701963094
"P",228,"A","P228A",-0.39829358582595
"P",228,"C","P228C",0.744396046895033
"P",228,"D","P228D",0.330416855446707
"P",228,"E","P228E",0.368184351903927
"P",228,"F","P228F",0.123377355663301
"P",228,"G","P228G",0.397615069484285
"P",228,"H","P228H",0.211795579621781
"P",228,"I","P228I",0.113815962939975
"P",228,"K","P228K",-0.633939916827047
"P",228,"L","P228L",0.129776965129933
"P",228,"M","P228M",-0.314015572110588
"P",228,"N","P228N",0.184462384042376
"P",228,"Q","P228Q",0.101179260667899
"P",228,"R","P228R",0.0304015123570878
"P",228,"S","P228S",-0.177801312240317
"P",228,"T","P228T",0.467966314551981
"P",228,"V","P228V",0.32250354778081
"P",228,"W","P228W",0.0618117325715171
"P",228,"Y","P228Y",0.0055311793754433
"C",229,"A","C229A",0.735334152363475
"C",229,"D","C229D",0.944053288993492
"C",229,"E","C229E",0.696665667171698
"C",229,"F","C229F",0.630270829754696
"C",229,"G","C229G",0.670008903785131
"C",229,"H","C229H",0.7848295093103
"C",229,"I","C229I",0.569294891859112
"C",229,"K","C229K",-0.521454350001937
"C",229,"L","C229L",0.707180643690785
"C",229,"M","C229M",1.02433751780139
"C",229,"N","C229N",0.432984347277333
"C",229,"P","C229P",1.1841081277094
"C",229,"Q","C229Q",1.25836529671012
"C",229,"R","C229R",0.2957197904906
"C",229,"S","C229S",0.734824916724246
"C",229,"T","C229T",1.2650881216774
"C",229,"V","C229V",0.460767093553051
"C",229,"W","C229W",0.58875191509119
"C",229,"Y","C229Y",0.178740864086959
"P",230,"A","P230A",-0.0462651954248229
"P",230,"C","P230C",0.17734317450111
"P",230,"D","P230D",0.433567649974219
"P",230,"E","P230E",0.22310517675663
"P",230,"F","P230F",0.875667034586249
"P",230,"G","P230G",-0.263137029657254
"P",230,"H","P230H",0.240713381087036
"P",230,"I","P230I",0.265296115619242
"P",230,"K","P230K",-0.770144043668954
"P",230,"L","P230L",0.284746697396852
"P",230,"M","P230M",0.381768512334678
"P",230,"N","P230N",0.655481660500939
"P",230,"Q","P230Q",0.293660964276778
"P",230,"R","P230R",-1.32046023296542
"P",230,"S","P230S",0.185325421418205
"P",230,"T","P230T",0.20579108991234
"P",230,"V","P230V",0.447744753615041
"P",230,"W","P230W",0.354519894896262
"P",230,"Y","P230Y",-0.0479262443911526
"A",231,"C","A231C",-0.429490753541386
"A",231,"D","A231D",0.562940409360697
"A",231,"E","A231E",-0.381382010300833
"A",231,"F","A231F",0.285313929308684
"A",231,"G","A231G",-0.0125736398250475
"A",231,"H","A231H",0.659414645251993
"A",231,"I","A231I",0.168080104359612
"A",231,"K","A231K",-0.131997356720614
"A",231,"L","A231L",0.521930450136537
"A",231,"M","A231M",-0.243304625985296
"A",231,"N","A231N",0.19948113114026
"A",231,"P","A231P",-0.276821984034716
"A",231,"Q","A231Q",0.144155748298365
"A",231,"R","A231R",-0.558542613055651
"A",231,"S","A231S",-0.254335555141393
"A",231,"T","A231T",0.0432144682962696
"A",231,"V","A231V",-0.165319164008622
"A",231,"W","A231W",1.8177494677284
"A",231,"Y","A231Y",0.704835325040762
"P",232,"A","P232A",-0.125451842918201
"P",232,"C","P232C",-0.150362704469633
"P",232,"D","P232D",1.33010934813463
"P",232,"E","P232E",0.747482892261981
"P",232,"F","P232F",1.25823901255664
"P",232,"G","P232G",0.223356048588448
"P",232,"H","P232H",1.11543599133901
"P",232,"I","P232I",1.89491810569201
"P",232,"K","P232K",-0.456972967567273
"P",232,"L","P232L",0.485998348910121
"P",232,"M","P232M",3.06365368389984
"P",232,"N","P232N",0.287272420495548
"P",232,"Q","P232Q",0.274481213838654
"P",232,"R","P232R",-0.557030471526848
"P",232,"S","P232S",0.387714132266845
"P",232,"T","P232T",0.258432076592852
"P",232,"V","P232V",1.10665759348036
"P",232,"W","P232W",-0.0765012480530924
"P",232,"Y","P232Y",1.08037207484199
"E",233,"A","E233A",-1.99409072216997
"E",233,"C","E233C",-1.87479131266914
"E",233,"D","E233D",0.225550721852682
"E",233,"F","E233F",-0.522982514095645
"E",233,"G","E233G",-0.393645832901111
"E",233,"H","E233H",-0.501991093563693
"E",233,"I","E233I",-0.484616165768745
"E",233,"K","E233K",-0.298876449241194
"E",233,"L","E233L",-1.50569574682728
"E",233,"M","E233M",-1.86459607133921
"E",233,"N","E233N",-0.440311443240843
"E",233,"P","E233P",-1.0363260563219
"E",233,"Q","E233Q",-2.89317565280357
"E",233,"R","E233R",-0.772387526707157
"E",233,"S","E233S",-1.04249680740909
"E",233,"T","E233T",-0.202185180213306
"E",233,"V","E233V",-1.06805004749056
"E",233,"W","E233W",-1.67383451281232
"E",233,"Y","E233Y",-0.571082226255106
"L",234,"A","L234A",-0.518110411818848
"L",234,"C","L234C",0.240828456116479
"L",234,"D","L234D",4.52953793341154
"L",234,"E","L234E",2.90032200836797
"L",234,"F","L234F",0.0899466067280842
"L",234,"G","L234G",0.0463985564647178
"L",234,"H","L234H",-0.0165291820311455
"L",234,"I","L234I",-0.5588989075126
"L",234,"K","L234K",-2.24628643363237
"L",234,"M","L234M",0.98856246889088
"L",234,"N","L234N",0.306012788247114
"L",234,"P","L234P",0.200861712177335
"L",234,"Q","L234Q",-0.297593606387408
"L",234,"R","L234R",-0.366235001687599
"L",234,"S","L234S",-0.5910072562464
"L",234,"T","L234T",0.85372760435297
"L",234,"W","L234W",1.04346178540039
"L",234,"Y","L234Y",0.442754127104759
"L",235,"A","L235A",0.246290892942883
"L",235,"C","L235C",0.591090089860613
"L",235,"D","L235D",0.936039272244495
"L",235,"E","L235E",1.2695688885918
"L",235,"F","L235F",-0.372047725787177
"L",235,"G","L235G",-0.573075285599437
"L",235,"H","L235H",-0.827919986110433
"L",235,"I","L235I",0.354267458666163
"L",235,"K","L235K",0.390508739161198
"L",235,"M","L235M",-0.411930532204678
"L",235,"N","L235N",0.882075114636534
"L",235,"P","L235P",-0.211913295973672
"L",235,"Q","L235Q",0.740785891493377
"L",235,"R","L235R",-0.534589625708779
"L",235,"S","L235S",0.115005863512328
"L",235,"T","L235T",0.493102131819581
"L",235,"V","L235V",-0.931730247542278
"L",235,"W","L235W",-0.14057002698985
"L",235,"Y","L235Y",0.198387493949575
"G",236,"A","G236A",-4.95782224932828
"G",236,"C","G236C",-0.759329420331255
"G",236,"D","G236D",3.6037402554514
"G",236,"E","G236E",-2.97669830211737
"G",236,"F","G236F",-2.59319912647934
"G",236,"H","G236H",-3.51730985537601
"G",236,"I","G236I",-3.55262825732359
"G",236,"K","G236K",-0.242892733184862
"G",236,"L","G236L",-1.32683631969024
"G",236,"M","G236M",-0.358747500198425
"G",236,"N","G236N",0.295600641420182
"G",236,"P","G236P",-1.76843575492821
"G",236,"Q","G236Q",-2.12548650287268
"G",236,"R","G236R",-1.54205740080622
"G",236,"S","G236S",-5.16182577827301
"G",236,"T","G236T",-4.08093794089943
"G",236,"V","G236V",-5.1827201351433
"G",236,"W","G236W",-3.49712781091479
"G",236,"Y","G236Y",-5.69152592210637
"G",237,"A","G237A",2.32646493091484
"G",237,"C","G237C",-0.199728108823824
"G",237,"D","G237D",5.97215118316867
"G",237,"E","G237E",0.304968410618739
"G",237,"F","G237F",4.03706704559211
"G",237,"H","G237H",0.749605436800553
"G",237,"I","G237I",0.630960311250532
"G",237,"K","G237K",-0.0860600064246598
"G",237,"L","G237L",1.45127902544375
"G",237,"M","G237M",0.427876539687477
"G",237,"N","G237N",4.10552044607987
"G",237,"P","G237P",0.581730511033277
"G",237,"Q","G237Q",0.543954469288569
"G",237,"R","G237R",-0.671342190331062
"G",237,"S","G237S",1.48957195384121
"G",237,"T","G237T",0.400477263262746
"G",237,"V","G237V",1.23319336985081
"G",237,"W","G237W",4.93068358351118
"G",237,"Y","G237Y",4.26587206253733
"P",238,"A","P238A",0.481991939931993
"P",238,"C","P238C",0.61049259834996
"P",238,"D","P238D",5.6598433625682
"P",238,"E","P238E",6.86966004021927
"P",238,"F","P238F",8.18623606675654
"P",238,"G","P238G",0.0562240746043551
"P",238,"H","P238H",0.993698576430504
"P",238,"I","P238I",0.0724114290099158
"P",238,"K","P238K",-0.309555553435218
"P",238,"L","P238L",1.74641844647195
"P",238,"M","P238M",4.63508691759392
"P",238,"N","P238N",0.223783744145703
"P",238,"Q","P238Q",0.460294956518777
"P",238,"R","P238R",0.351406314296007
"P",238,"S","P238S",0.340129705544566
"P",238,"T","P238T",0.290419278703995
"P",238,"V","P238V",1.16421968185742
"P",238,"W","P238W",0.705915559594351
"P",238,"Y","P238Y",5.47832502575009
"S",239,"A","S239A",0.22203125285463
"S",239,"C","S239C",1.77624826864536
"S",239,"D","S239D",0.894738575698193
"S",239,"E","S239E",3.10796137716995
"S",239,"F","S239F",1.05433456284992
"S",239,"G","S239G",4.51408259881935
"S",239,"H","S239H",0.732272350751579
"S",239,"I","S239I",0.602801641576524
"S",239,"K","S239K",-0.674964121001986
"S",239,"L","S239L",2.61670948384408
"S",239,"M","S239M",0.397449407972233
"S",239,"N","S239N",0.824469043707768
"S",239,"P","S239P",2.78306936830502
"S",239,"Q","S239Q",1.01956364974622
"S",239,"R","S239R",0.246142884927242
"S",239,"T","S239T",0.0712147188384127
"S",239,"V","S239V",1.43323778236711
"S",239,"W","S239W",0.737717999459351
"S",239,"Y","S239Y",0.763682305209224
"V",240,"A","V240A",-1.22943512291137
"V",240,"C","V240C",-0.239132930973106
"V",240,"D","V240D",0.22558913965742
"V",240,"E","V240E",-0.46495226598764
"V",240,"F","V240F",-0.421842170266062
"V",240,"G","V240G",-1.70096594790394
"V",240,"H","V240H",-0.7773806803695
"V",240,"I","V240I",-0.412521972781228
"V",240,"K","V240K",0.230939298538684
"V",240,"L","V240L",0.00336241038355808
"V",240,"M","V240M",0.296795448494952
"V",240,"N","V240N",-2.42399987545835
"V",240,"P","V240P",-0.594164728915666
"V",240,"Q","V240Q",-0.761926852383627
"V",240,"R","V240R",-0.0239126818740217
"V",240,"S","V240S",-1.13893400629186
"V",240,"T","V240T",-0.264764477232249
"V",240,"W","V240W",0.372988529030551
"V",240,"Y","V240Y",1.21714675877795
"F",241,"A","F241A",0.314827312381805
"F",241,"C","F241C",-0.0336266865261254
"F",241,"D","F241D",-0.177857818324757
"F",241,"E","F241E",-0.310193863500921
"F",241,"G","F241G",0.127707449009875
"F",241,"H","F241H",-0.161752466824571
"F",241,"I","F241I",-0.497538034216637
"F",241,"K","F241K",-0.0412598281124461
"F",241,"L","F241L",-0.0483679746449201
"F",241,"M","F241M",-0.114762119605174
"F",241,"N","F241N",-0.604901816902105
"F",241,"P","F241P",0.536945940409468
"F",241,"Q","F241Q",-0.213113496553288
"F",241,"R","F241R",-0.145776474369713
"F",241,"S","F241S",0.0936454858963675
"F",241,"T","F241T",0.139467878209215
"F",241,"V","F241V",0.0340058720162252
"F",241,"W","F241W",0.478556451720545
"F",241,"Y","F241Y",0.619207252854938
"L",242,"F","L242F",0.338860439228812
"F",243,"A","F243A",-0.513635401637745
"F",243,"C","F243C",0.0444228197213662
"F",243,"D","F243D",-0.384650340002962
"F",243,"E","F243E",0.285838758253639
"F",243,"H","F243H",0.570199839219544
"F",243,"I","F243I",0.971891072473511
"F",243,"K","F243K",0.416344623616768
"F",243,"L","F243L",-0.0480455746561801
"F",243,"M","F243M",-0.293734972596408
"F",243,"N","F243N",-0.0937718528136302
"F",243,"P","F243P",-0.078250825275253
"F",243,"Q","F243Q",0.1723019804872
"F",243,"R","F243R",-0.133623529667683
"F",243,"S","F243S",0.11900545300904
"F",243,"T","F243T",0.641650580956579
"F",243,"V","F243V",0.208893639996326
"F",243,"W","F243W",-0.143040657305526
"F",243,"Y","F243Y",-0.451813927384421
"P",244,"A","P244A",0.0867417965054585
"P",244,"C","P244C",0.269844893437517
"P",244,"D","P244D",0.136124216284509
"P",244,"E","P244E",0.0203597581606893
"P",244,"F","P244F",0.296555343802183
"P",244,"G","P244G",-0.0031898944302366
"P",244,"H","P244H",0.0157799197926402
"P",244,"I","P244I",-0.0374646095486109
"P",244,"K","P244K",-0.163936835689478
"P",244,"L","P244L",-0.0630738954927528
"P",244,"M","P244M",-0.0149951620363645
"P",244,"N","P244N",-0.0633286017205537
"P",244,"Q","P244Q",-0.128037496233495
"P",244,"R","P244R",-0.0906545797991145
"P",244,"S","P244S",-0.0646331153884586
"P",244,"T","P244T",0.155928741263286
"P",244,"V","P244V",0.393034303834734
"P",244,"W","P244W",-0.00657326857690371
"P",244,"Y","P244Y",0.0608708171170441
"P",245,"A","P245A",0.0369481399301516
"P",245,"C","P245C",-0.290839851789085
"P",245,"D","P245D",-0.485081885738979
"P",245,"E","P245E",0.179378104751472
"P",245,"F","P245F",0.288926208037594
"P",245,"G","P245G",-0.0181727486368347
"P",245,"H","P245H",0.19207448716591
"P",245,"I","P245I",0.303145425466296
"P",245,"K","P245K",-0.222108553289233
"P",245,"L","P245L",-0.0610935948255966
"P",245,"M","P245M",-0.0866130095399532
"P",245,"N","P245N",0.260549967150304
"P",245,"Q","P245Q",0.154473811845138
"P",245,"R","P245R",0.149744016066996
"P",245,"S","P245S",-0.10142484017371
"P",245,"T","P245T",-0.0171137672932442
"P",245,"V","P245V",-0.77137190354182
"P",245,"W","P245W",0.796391506463184
"P",245,"Y","P245Y",0.30185748738446
"K",246,"A","K246A",0.000803144032650283
"K",246,"C","K246C",0.133773060717138
"K",246,"D","K246D",0.0805106623701048
"K",246,"E","K246E",-0.357235579208448
"K",246,"F","K246F",0.0297703550618227
"K",246,"G","K246G",-0.43172785583733
"K",246,"H","K246H",-0.272700071354274
"K",246,"I","K246I",0.136911619880363
"K",246,"L","K246L",0.153180790226684
"K",246,"M","K246M",-0.0205039653365252
"K",246,"N","K246N",0.0452909457132749
"K",246,"P","K246P",-2.0672257352564
"K",246,"Q","K246Q",0.172830310853763
"K",246,"R","K246R",0.125192283744462
"K",246,"S","K246S",0.324683203594794
"K",246,"T","K246T",-0.0777795917336309
"K",246,"V","K246V",-0.025104580330401
"K",246,"W","K246W",0.0843848170182857
"K",246,"Y","K246Y",0.0572068611158165
"P",247,"A","P247A",-0.0553622647725021
"P",247,"C","P247C",-0.63992148237539
"P",247,"D","P247D",-0.0371670117959537
"P",247,"E","P247E",-0.2427301948551
"P",247,"F","P247F",1.72629056645891
"P",247,"G","P247G",0.477755572523902
"P",247,"H","P247H",0.690910481531912
"P",247,"I","P247I",0.187821227922174
"P",247,"K","P247K",0.263366864791889
"P",247,"L","P247L",0.235952521889222
"P",247,"M","P247M",0.353840459582139
"P",247,"N","P247N",-0.0409418372334883
"P",247,"Q","P247Q",0.339299265911597
"P",247,"R","P247R",0.257853216561055
"P",247,"S","P247S",0.401108466812981
"P",247,"T","P247T",-0.647899957670915
"P",247,"V","P247V",-0.0523059511950916
"P",247,"W","P247W",1.37790329285701
"P",247,"Y","P247Y",-0.761495774470482
"K",248,"A","K248A",0.149888233377511
"K",248,"C","K248C",0.282222311873131
"K",248,"D","K248D",0.13434543255338
"K",248,"E","K248E",0.14741055465481
"K",248,"F","K248F",0.40490509188752
"K",248,"G","K248G",0.144769725208987
"K",248,"H","K248H",-0.000777854739991476
"K",248,"I","K248I",0.114203927532505
"K",248,"L","K248L",0.395228636341681
"K",248,"M","K248M",0.131125283282918
"K",248,"N","K248N",0.13730589778185
"K",248,"P","K248P",0.126044910205161
"K",248,"Q","K248Q",0.266161955372924
"K",248,"R","K248R",0.300025241817177
"K",248,"S","K248S",0.253108744159651
"K",248,"T","K248T",0.121286234862109
"K",248,"V","K248V",0.55907291335533
"K",248,"W","K248W",0.338370071742493
"K",248,"Y","K248Y",0.912874586834893
"D",249,"A","D249A",0.0901962379108763
"D",249,"C","D249C",0.222691168510209
"D",249,"E","D249E",-0.60297617377939
"D",249,"F","D249F",-0.171286558576693
"D",249,"G","D249G",-0.470068264824754
"D",249,"H","D249H",-0.189066755059515
"D",249,"I","D249I",0.230124690158832
"D",249,"K","D249K",-0.699075857033949
"D",249,"L","D249L",0.0107974071184293
"D",249,"M","D249M",0.63838028137594
"D",249,"N","D249N",0.299571813052597
"D",249,"P","D249P",0.0865344877689494
"D",249,"Q","D249Q",-0.282607659816654
"D",249,"R","D249R",0.364124073655852
"D",249,"S","D249S",0.545247144543608
"D",249,"T","D249T",0.386699009317855
"D",249,"V","D249V",0.312088856049385
"D",249,"W","D249W",0.388470300647423
"D",249,"Y","D249Y",0.108232856677837
"T",250,"A","T250A",-0.861985639470888
"T",250,"C","T250C",-0.0462296561887603
"T",250,"D","T250D",-1.08697560457143
"T",250,"E","T250E",-0.0715475033319672
"T",250,"F","T250F",-1.25525946435876
"T",250,"G","T250G",-0.329346072600694
"T",250,"H","T250H",-2.79177899361744
"T",250,"I","T250I",-0.549155735107188
"T",250,"K","T250K",0.652408770938239
"T",250,"L","T250L",0.163683122351765
"T",250,"M","T250M",-0.0236026291788622
"T",250,"N","T250N",-0.238735031691425
"T",250,"P","T250P",-0.94812220050947
"T",250,"Q","T250Q",0.0486468705235645
"T",250,"R","T250R",-0.996265704917765
"T",250,"S","T250S",-0.277502006426315
"T",250,"V","T250V",-0.5880660477884
"T",250,"W","T250W",-0.641098143666523
"T",250,"Y","T250Y",-0.835570320179026
"L",251,"A","L251A",-1.04350940880914
"L",251,"C","L251C",0.0534430912868983
"L",251,"D","L251D",0.756800206287532
"L",251,"E","L251E",-0.528085115812243
"L",251,"F","L251F",-0.312051688050686
"L",251,"G","L251G",-0.241404156433251
"L",251,"H","L251H",0.539108773327114
"L",251,"I","L251I",0.174499988622769
"L",251,"K","L251K",0.293064197468192
"L",251,"M","L251M",-0.699422381946388
"L",251,"N","L251N",-1.69296818022479
"L",251,"P","L251P",0.575462591049849
"L",251,"Q","L251Q",0.586260294027575
"L",251,"R","L251R",0.971483458101123
"L",251,"S","L251S",-2.22233653904629
"L",251,"T","L251T",-1.13608010464519
"L",251,"V","L251V",-0.395268757550802
"L",251,"W","L251W",1.13608104111914
"L",251,"Y","L251Y",-0.234212644683072
"M",252,"A","M252A",0.129501009300296
"M",252,"C","M252C",-1.31390697092364
"M",252,"D","M252D",-0.37252306767865
"M",252,"E","M252E",0.256962615896469
"M",252,"F","M252F",-0.936608076589285
"M",252,"G","M252G",0.0921634047712103
"M",252,"H","M252H",0.38705762621298
"M",252,"I","M252I",0.216174674270573
"M",252,"K","M252K",0.344513683282859
"M",252,"L","M252L",0.0393336613334246
"M",252,"N","M252N",-0.564085721184619
"M",252,"P","M252P",0.82764328870895
"M",252,"Q","M252Q",0.160604338248498
"M",252,"R","M252R",-0.138669853282528
"M",252,"S","M252S",0.229307872734154
"M",252,"T","M252T",0.553242017932823
"M",252,"V","M252V",0.01820470796294
"M",252,"W","M252W",-0.351526841825657
"M",252,"Y","M252Y",-1.23604846304522
"I",253,"A","I253A",-0.34539809520893
"I",253,"C","I253C",-0.0184401863281886
"I",253,"D","I253D",-0.361848827174875
"I",253,"E","I253E",-0.0951398249065592
"I",253,"F","I253F",-0.385208482768255
"I",253,"G","I253G",-0.674505245739665
"I",253,"H","I253H",0.274062451227167
"I",253,"K","I253K",-0.212771736023126
"I",253,"L","I253L",0.0192743443370902
"I",253,"M","I253M",-0.67643321989538
"I",253,"N","I253N",-0.0563529857435143
"I",253,"P","I253P",-0.279198265420342
"I",253,"Q","I253Q",-0.540715293676661
"I",253,"R","I253R",-0.215633225279334
"I",253,"S","I253S",-0.192254101337685
"I",253,"T","I253T",-0.0610078397467242
"I",253,"V","I253V",-0.235602669517936
"I",253,"W","I253W",-0.414339361717676
"I",253,"Y","I253Y",-0.514027063246296
"S",254,"A","S254A",-0.219588205286143
"S",254,"C","S254C",-0.00958137765668675
"S",254,"D","S254D",-0.212676582364667
"S",254,"E","S254E",-0.343013459002407
"S",254,"F","S254F",-0.0603588926004455
"S",254,"G","S254G",-0.242947009014607
"S",254,"H","S254H",-0.0486719256296538
"S",254,"I","S254I",0.790176471100241
"S",254,"K","S254K",-0.534019418737505
"S",254,"L","S254L",-0.0472955438176462
"S",254,"M","S254M",0.0631146346598989
"S",254,"N","S254N",0.0103167524587234
"S",254,"P","S254P",-0.929471377290771
"S",254,"Q","S254Q",-0.333256448893783
"S",254,"R","S254R",-1.42328721401487
"S",254,"T","S254T",-0.176066226605779
"S",254,"V","S254V",-0.0244947381089158
"S",254,"W","S254W",0.126370829572935
"S",254,"Y","S254Y",-0.000321598325933335
"R",255,"A","R255A",-0.145524749605041
"R",255,"C","R255C",-0.395460200794135
"R",255,"D","R255D",-0.529169631399749
"R",255,"E","R255E",-1.85899094362937
"R",255,"F","R255F",-0.670669277185507
"R",255,"G","R255G",0.0284821472427768
"R",255,"H","R255H",0.378775384468013
"R",255,"I","R255I",-0.748824095279323
"R",255,"K","R255K",0.0151265493880518
"R",255,"L","R255L",-0.628289148358827
"R",255,"M","R255M",-0.46962869561345
"R",255,"N","R255N",-0.148981748778557
"R",255,"P","R255P",0.0850772591129652
"R",255,"Q","R255Q",-0.847176462034679
"R",255,"S","R255S",0.107566023165745
"R",255,"T","R255T",-0.134767771657853
"R",255,"V","R255V",-0.207867897693124
"R",255,"W","R255W",-0.499959650182029
"R",255,"Y","R255Y",-0.683978857831996
"T",256,"A","T256A",-0.243278143480739
"T",256,"C","T256C",-0.654961536453023
"T",256,"D","T256D",-1.06498870601631
"T",256,"E","T256E",0.111300457269963
"T",256,"F","T256F",-0.166776800027633
"T",256,"G","T256G",0.0763598802164485
"T",256,"H","T256H",-0.0344037423275222
"T",256,"I","T256I",0.0616374503499586
"T",256,"K","T256K",-0.131710655604106
"T",256,"L","T256L",0.0853422890999197
"T",256,"M","T256M",-0.145415949994851
"T",256,"N","T256N",0.114670262155718
"T",256,"P","T256P",-1.40398433568695
"T",256,"Q","T256Q",0.169391146505873
"T",256,"R","T256R",-0.152793116210312
"T",256,"S","T256S",-0.677518177323634
"T",256,"V","T256V",1.55611259372107
"T",256,"W","T256W",0.019798435040224
"T",256,"Y","T256Y",0.1098125916929
"P",257,"A","P257A",-0.239130147217306
"P",257,"C","P257C",0.108147798444486
"P",257,"D","P257D",0.359381887438093
"P",257,"E","P257E",-0.0626467733990279
"P",257,"F","P257F",-0.518094913526235
"P",257,"G","P257G",-0.3604308119408
"P",257,"H","P257H",-0.907500575246565
"P",257,"I","P257I",0.436091936785979
"P",257,"K","P257K",-0.488059664250462
"P",257,"L","P257L",-0.121600928500253
"P",257,"M","P257M",-0.0974950301565954
"P",257,"N","P257N",-0.356456164861245
"P",257,"Q","P257Q",-0.217014124234801
"P",257,"R","P257R",0.412607138670473
"P",257,"S","P257S",-0.0973893175601343
"P",257,"T","P257T",-0.430011276699578
"P",257,"V","P257V",-0.470003510973999
"P",257,"W","P257W",0.280396697319499
"P",257,"Y","P257Y",0.382639613820773
"E",258,"A","E258A",0.346304575378191
"E",258,"C","E258C",-0.0461139587092872
"E",258,"D","E258D",-0.0940377568172033
"E",258,"F","E258F",0.431920605324957
"E",258,"G","E258G",-0.144095293075921
"E",258,"H","E258H",0.0324747401534243
"E",258,"I","E258I",0.282251618985571
"E",258,"K","E258K",-0.0593529219557965
"E",258,"L","E258L",-0.0561059115765158
"E",258,"M","E258M",-0.101414827475195
"E",258,"N","E258N",0.351826457284094
"E",258,"P","E258P",-0.788244448029916
"E",258,"Q","E258Q",-0.0991694607350195
"E",258,"R","E258R",-0.283419746934262
"E",258,"S","E258S",0.0311059413105681
"E",258,"T","E258T",-0.224023415703559
"E",258,"V","E258V",0.365802969905098
"E",258,"W","E258W",-0.555283335950939
"E",258,"Y","E258Y",0.311918781939595
"V",259,"A","V259A",0.125908488845127
"V",259,"C","V259C",-0.0243886112922566
"V",259,"D","V259D",0.384682691254568
"V",259,"E","V259E",1.10385987829349
"V",259,"F","V259F",-0.275302141480517
"V",259,"G","V259G",0.116224996429189
"V",259,"H","V259H",0.0306397831798699
"V",259,"I","V259I",0.20397242074138
"V",259,"K","V259K",0.381535544568778
"V",259,"L","V259L",0.0799356282767223
"V",259,"M","V259M",0.0228350551465732
"V",259,"N","V259N",-0.166990347214376
"V",259,"P","V259P",0.395100823256834
"V",259,"Q","V259Q",0.261216895898539
"V",259,"R","V259R",0.370628993537322
"V",259,"S","V259S",0.112098323679496
"V",259,"T","V259T",0.171613338020116
"V",259,"W","V259W",0.26794546373991
"V",259,"Y","V259Y",0.191224450425882
"T",260,"A","T260A",-0.935785626721435
"T",260,"C","T260C",-0.442954933300261
"T",260,"D","T260D",-0.318480068192802
"T",260,"E","T260E",-0.378815126039614
"T",260,"F","T260F",-0.0528733015261456
"T",260,"G","T260G",-0.0567090303243653
"T",260,"H","T260H",-0.437669724796732
"T",260,"I","T260I",0.689033025623487
"T",260,"K","T260K",0.249456184168616
"T",260,"L","T260L",0.256182344706462
"T",260,"M","T260M",0.198640479216754
"T",260,"N","T260N",-0.510240779220857
"T",260,"P","T260P",-0.302018369539866
"T",260,"Q","T260Q",-0.449042022375647
"T",260,"R","T260R",0.137988981694046
"T",260,"S","T260S",-0.795329899389927
"T",260,"V","T260V",-0.0477011875338389
"T",260,"W","T260W",-0.919366233433364
"T",260,"Y","T260Y",0.0697021635564469
"C",261,"A","C261A",-0.177020291135483
"C",261,"D","C261D",0.235683114306888
"C",261,"E","C261E",0.025103770091023
"C",261,"F","C261F",0.182242820451964
"C",261,"G","C261G",0.0284721495441887
"C",261,"H","C261H",0.353117063463926
"C",261,"I","C261I",-0.273013653270383
"C",261,"K","C261K",0.315145235819438
"C",261,"L","C261L",0.213928772348571
"C",261,"M","C261M",-0.21161142818004
"C",261,"N","C261N",-0.168924250656656
"C",261,"P","C261P",0.221652399386327
"C",261,"Q","C261Q",0.194120474843075
"C",261,"R","C261R",-0.107767810777754
"C",261,"S","C261S",0.00756100133494327
"C",261,"T","C261T",-0.891144022427064
"C",261,"V","C261V",-0.683895735180171
"C",261,"W","C261W",0.355803520546564
"C",261,"Y","C261Y",-0.169521372752006
"V",262,"A","V262A",-0.761316931824249
"V",262,"C","V262C",-0.275139169484179
"V",262,"D","V262D",-0.686829245558577
"V",262,"E","V262E",-0.00295685685510351
"V",262,"F","V262F",0.155393977824347
"V",262,"G","V262G",-0.297124217360689
"V",262,"H","V262H",-0.244137872585284
"V",262,"I","V262I",-0.00286402706291231
"V",262,"K","V262K",0.0532245295357253
"V",262,"L","V262L",-2.21004919930238
"V",262,"M","V262M",-0.719963230533005
"V",262,"N","V262N",-1.10289180892386
"V",262,"P","V262P",0.245339529806148
"V",262,"Q","V262Q",0.0388294945681335
"V",262,"R","V262R",0.267044564108515
"V",262,"S","V262S",-0.0296080309054362
"V",262,"T","V262T",0.239316155067765
"V",262,"W","V262W",1.03097920975281
"V",262,"Y","V262Y",0.225635854701818
"V",263,"A","V263A",-1.40614052637896
"V",263,"C","V263C",-0.0803373273675578
"V",263,"D","V263D",0.469573082627052
"V",263,"E","V263E",0.574628119164088
"V",263,"F","V263F",-0.156148050063942
"V",263,"G","V263G",0.034958285342751
"V",263,"H","V263H",0.880408833508859
"V",263,"I","V263I",0.140503782971635
"V",263,"K","V263K",0.0379520656978135
"V",263,"L","V263L",2.60442368201891
"V",263,"M","V263M",2.34919489140815
"V",263,"N","V263N",0.78644240817805
"V",263,"P","V263P",-0.106845583202187
"V",263,"Q","V263Q",0.664090967846083
"V",263,"R","V263R",-0.30354241415634
"V",263,"S","V263S",-1.34204212031299
"V",263,"T","V263T",-0.699569278536515
"V",263,"W","V263W",0.13271677655769
"V",263,"Y","V263Y",0.338166678935604
"V",264,"A","V264A",0.628649446041619
"V",264,"C","V264C",1.24244910245209
"V",264,"D","V264D",-0.844206020089605
"V",264,"E","V264E",-0.968754371888997
"V",264,"F","V264F",0.0390381717526044
"V",264,"G","V264G",4.40298358747587
"V",264,"H","V264H",0.952361405890812
"V",264,"I","V264I",-0.192690205977935
"V",264,"K","V264K",-0.318601427001395
"V",264,"L","V264L",0.848624405420847
"V",264,"M","V264M",1.31959596959227
"V",264,"N","V264N",2.33217244485272
"V",264,"P","V264P",0.141634364708096
"V",264,"Q","V264Q",0.834047453048884
"V",264,"R","V264R",-0.64522281710905
"V",264,"S","V264S",1.41856255736761
"V",264,"T","V264T",1.12107940552795
"V",264,"W","V264W",0.390542349358071
"V",264,"Y","V264Y",0.399157179823214
"D",265,"A","D265A",-0.202337774652014
"D",265,"C","D265C",-0.810617156230144
"D",265,"E","D265E",0.580132079996845
"D",265,"F","D265F",-0.450687826764533
"D",265,"G","D265G",-0.763195695906753
"D",265,"H","D265H",0.791800301161003
"D",265,"I","D265I",-0.43130895557269
"D",265,"K","D265K",0.0484352473363658
"D",265,"L","D265L",-0.255695103820715
"D",265,"M","D265M",-0.050738689425001
"D",265,"N","D265N",-0.252119137649199
"D",265,"P","D265P",0.0770374546533246
"D",265,"Q","D265Q",0.661398165923779
"D",265,"R","D265R",-0.515626867447862
"D",265,"S","D265S",0.0145314741189672
"D",265,"T","D265T",-1.0565432620734
"D",265,"V","D265V",-0.420828897458283
"D",265,"W","D265W",0.0763548042593734
"D",265,"Y","D265Y",0.25904162993343
"V",266,"A","V266A",1.07326529212565
"V",266,"C","V266C",0.258730261770252
"V",266,"D","V266D",-0.393016673041928
"V",266,"E","V266E",-0.0835291143216939
"V",266,"F","V266F",4.09862399844782
"V",266,"G","V266G",0.55000566289637
"V",266,"H","V266H",0.502321538376952
"V",266,"I","V266I",2.13071282251077
"V",266,"K","V266K",-0.665790141030965
"V",266,"L","V266L",3.17011433606188
"V",266,"M","V266M",6.02510939585474
"V",266,"N","V266N",0.961067201925261
"V",266,"P","V266P",0.100532820754969
"V",266,"Q","V266Q",0.424721110681212
"V",266,"R","V266R",-0.349219649775845
"V",266,"S","V266S",1.07782040896562
"V",266,"T","V266T",0.286538705425148
"V",266,"W","V266W",0.967567554074033
"V",266,"Y","V266Y",-0.0640983273091802
"S",267,"A","S267A",1.81769129155892
"S",267,"C","S267C",4.93201599926173
"S",267,"D","S267D",5.05971702563758
"S",267,"E","S267E",4.45414948506215
"S",267,"F","S267F",0.148045483312581
"S",267,"G","S267G",2.11449215804821
"S",267,"H","S267H",0.901634685389305
"S",267,"I","S267I",7.16665003214593
"S",267,"K","S267K",0.0656859080733551
"S",267,"L","S267L",3.79848277570368
"S",267,"M","S267M",7.95820937729201
"S",267,"N","S267N",0.254032731249032
"S",267,"P","S267P",-0.457944899390984
"S",267,"Q","S267Q",9.89570626523625
"S",267,"R","S267R",-0.38904872790419
"S",267,"T","S267T",3.42823006386046
"S",267,"V","S267V",8.17020147435146
"S",267,"W","S267W",0.84101600399622
"S",267,"Y","S267Y",0.298812816625021
"H",268,"A","H268A",2.67563297932081
"H",268,"C","H268C",0.565469732838674
"H",268,"D","H268D",0.625350891056701
"H",268,"E","H268E",3.14402035306268
"H",268,"F","H268F",-2.23677457241882
"H",268,"G","H268G",3.07412927928388
"H",268,"I","H268I",-0.434231273733985
"H",268,"K","H268K",0.122169651529679
"H",268,"L","H268L",-0.132288496915168
"H",268,"M","H268M",-0.685311353245094
"H",268,"N","H268N",3.69859612683551
"H",268,"P","H268P",1.99884157373852
"H",268,"Q","H268Q",2.41164097956558
"H",268,"R","H268R",0.443537986996373
"H",268,"S","H268S",2.71754480139352
"H",268,"T","H268T",0.222664152075039
"H",268,"V","H268V",0.681244264705073
"H",268,"W","H268W",0.648066471953124
"H",268,"Y","H268Y",-0.233922301033475
"E",269,"A","E269A",-0.368203676732952
"E",269,"C","E269C",0.866483973974122
"E",269,"D","E269D",-0.0426782078417816
"E",269,"F","E269F",0.0936633193499245
"E",269,"G","E269G",-0.186303607603791
"E",269,"H","E269H",0.596796032355511
"E",269,"I","E269I",0.526967653998151
"E",269,"K","E269K",-0.543728813299124
"E",269,"L","E269L",-1.28730323241372
"E",269,"M","E269M",-0.0858291405509534
"E",269,"N","E269N",-0.868331616020316
"E",269,"P","E269P",0.0268536002110939
"E",269,"Q","E269Q",-1.0378701307084
"E",269,"R","E269R",0.414134598536552
"E",269,"S","E269S",-0.445854091210744
"E",269,"T","E269T",0.605801283618084
"E",269,"V","E269V",0.0658728069310641
"E",269,"W","E269W",0.65278408168328
"E",269,"Y","E269Y",0.249592894472991
"D",270,"A","D270A",-1.73926498879219
"D",270,"C","D270C",-6.98575960946952
"D",270,"E","D270E",-3.18832461120894
"D",270,"F","D270F",-1.82284627477889
"D",270,"G","D270G",-1.23982419894093
"D",270,"H","D270H",-0.984658186831244
"D",270,"I","D270I",-0.505797260194294
"D",270,"K","D270K",0.22143740189071
"D",270,"L","D270L",-2.21087771427765
"D",270,"M","D270M",-1.28447982371489
"D",270,"N","D270N",0.0526130163162885
"D",270,"P","D270P",0.212096606184419
"D",270,"Q","D270Q",-3.56153578935201
"D",270,"R","D270R",-0.896625187358744
"D",270,"S","D270S",-0.732700834057316
"D",270,"T","D270T",-0.175283155664128
"D",270,"V","D270V",-2.06733351472906
"D",270,"W","D270W",-0.716583514366442
"D",270,"Y","D270Y",-0.405283754070097
"P",271,"A","P271A",0.266931361169447
"P",271,"C","P271C",1.03871652582719
"P",271,"D","P271D",2.05799561696316
"P",271,"E","P271E",3.42503511183967
"P",271,"F","P271F",-0.494444237259683
"P",271,"G","P271G",2.22418788653376
"P",271,"H","P271H",-0.770011779366807
"P",271,"I","P271I",-0.598579171597603
"P",271,"K","P271K",0.0525676468455995
"P",271,"L","P271L",0.74478597905996
"P",271,"M","P271M",0.019754547099917
"P",271,"N","P271N",0.188885594371427
"P",271,"Q","P271Q",-0.00294067988371545
"P",271,"R","P271R",-0.239364524208053
"P",271,"S","P271S",0.766967115434878
"P",271,"T","P271T",2.09199178122753
"P",271,"V","P271V",-0.580543177849243
"P",271,"W","P271W",-1.3822800144422
"P",271,"Y","P271Y",-0.812332984185642
"E",272,"A","E272A",0.96581715690533
"E",272,"C","E272C",0.198637547651832
"E",272,"D","E272D",-1.13498945181808
"E",272,"F","E272F",-2.40918891378565
"E",272,"G","E272G",-1.05367078171956
"E",272,"I","E272I",-0.257728996438845
"E",272,"K","E272K",1.44228735223601
"E",272,"L","E272L",-0.095631413392143
"E",272,"M","E272M",0.378789580312601
"E",272,"N","E272N",-1.56073977644289
"E",272,"P","E272P",5.62639712198452
"E",272,"Q","E272Q",0.736188868433212
"E",272,"R","E272R",0.949518026823631
"E",272,"S","E272S",0.113939785463096
"E",272,"T","E272T",1.03819182497369
"E",272,"V","E272V",-0.230872379942222
"E",272,"W","E272W",-2.80434110147745
"E",272,"Y","E272Y",-2.48310646654196
"V",273,"A","V273A",2.20254993362146
"V",273,"C","V273C",4.49802527093627
"V",273,"D","V273D",3.96491228206688
"V",273,"E","V273E",5.44213592005949
"V",273,"F","V273F",9.03038206825924
"V",273,"G","V273G",4.8804695279053
"V",273,"H","V273H",5.06754856588057
"V",273,"I","V273I",3.88067660997724
"V",273,"K","V273K",0.498164392754605
"V",273,"L","V273L",5.78277367237946
"V",273,"M","V273M",7.77524851181119
"V",273,"N","V273N",6.54197676604581
"V",273,"P","V273P",2.20497167880192
"V",273,"Q","V273Q",5.23043555360526
"V",273,"R","V273R",0.82235677937083
"V",273,"S","V273S",5.36648871320218
"V",273,"T","V273T",4.91920285672173
"V",273,"W","V273W",5.21243606811074
"V",273,"Y","V273Y",7.13853714879464
"K",274,"A","K274A",-0.518925125540509
"K",274,"C","K274C",1.04131647817195
"K",274,"D","K274D",-0.879400272009669
"K",274,"E","K274E",-0.611244000376492
"K",274,"F","K274F",0.0409357298584415
"K",274,"G","K274G",-2.10359682354454
"K",274,"H","K274H",0.0826669534413178
"K",274,"I","K274I",-0.0739716757965299
"K",274,"L","K274L",-0.372782437393457
"K",274,"M","K274M",0.0799521712921541
"K",274,"N","K274N",-0.902904656552582
"K",274,"P","K274P",-0.530883937719798
"K",274,"Q","K274Q",0.0157657226043964
"K",274,"R","K274R",-0.107597688921002
"K",274,"S","K274S",-0.905469225724899
"K",274,"T","K274T",-0.205534161219567
"K",274,"V","K274V",0.372898651343559
"K",274,"W","K274W",-0.776626625690712
"K",274,"Y","K274Y",-0.421648269392269
"F",275,"A","F275A",1.17253028174447
"F",275,"C","F275C",2.33703898292408
"F",275,"D","F275D",0.162378230656755
"F",275,"E","F275E",0.0201273122360993
"F",275,"G","F275G",-0.0233081189031088
"F",275,"H","F275H",-0.706012410039875
"F",275,"I","F275I",0.612418847893146
"F",275,"K","F275K",-0.12431537781303
"F",275,"L","F275L",-0.248397221102393
"F",275,"M","F275M",1.773230651715
"F",275,"N","F275N",0.197391125756063
"F",275,"P","F275P",4.14075434376033
"F",275,"Q","F275Q",-0.389831135599415
"F",275,"R","F275R",0.201486768135883
"F",275,"S","F275S",0.212979739262981
"F",275,"T","F275T",0.28130706419784
"F",275,"V","F275V",2.34257876452724
"F",275,"W","F275W",-0.371684303620675
"F",275,"Y","F275Y",-0.203380357637904
"N",276,"A","N276A",0.375420889858054
"N",276,"C","N276C",-0.358632570239904
"N",276,"D","N276D",-0.6222451462292
"N",276,"E","N276E",-0.278331682876587
"N",276,"F","N276F",-0.122811014236057
"N",276,"G","N276G",0.133718967099084
"N",276,"H","N276H",0.454432474754111
"N",276,"I","N276I",-0.344275016210058
"N",276,"K","N276K",-0.0181184990942971
"N",276,"L","N276L",0.213212871319198
"N",276,"M","N276M",-0.212728931377373
"N",276,"P","N276P",0.317704036591975
"N",276,"Q","N276Q",0.21555451134569
"N",276,"R","N276R",-0.541171015109212
"N",276,"S","N276S",0.714576881393291
"N",276,"T","N276T",0.207011542594454
"N",276,"V","N276V",-0.516972446594457
"N",276,"W","N276W",-0.931705536095733
"N",276,"Y","N276Y",0.0621862092672302
"W",277,"A","W277A",-0.0108552058630325
"W",277,"C","W277C",-0.0328848066331097
"W",277,"D","W277D",0.205139891209137
"W",277,"E","W277E",0.0676803455163961
"W",277,"F","W277F",-0.104923010033734
"W",277,"G","W277G",-0.0528481769849641
"W",277,"H","W277H",0.0813321177932024
"W",277,"I","W277I",-0.280556823713901
"W",277,"K","W277K",0.164079090027527
"W",277,"L","W277L",-0.258554754241311
"W",277,"M","W277M",-0.251249407795684
"W",277,"N","W277N",-0.0473823498964362
"W",277,"P","W277P",0.279306693971583
"W",277,"Q","W277Q",0.352045171009631
"W",277,"R","W277R",0.048520278954287
"W",277,"S","W277S",0.430188128564976
"W",277,"T","W277T",0.782787092183751
"W",277,"V","W277V",0.31829714591263
"W",277,"Y","W277Y",0.466392284032009
"Y",278,"A","Y278A",-0.0242810459259035
"Y",278,"C","Y278C",0.2847770351372
"Y",278,"D","Y278D",0.491563390605276
"Y",278,"E","Y278E",0.544285827496025
"Y",278,"F","Y278F",-0.00584651809048128
"Y",278,"G","Y278G",-0.12794668733021
"Y",278,"H","Y278H",0.0972977331531588
"Y",278,"I","Y278I",0.286462556176759
"Y",278,"K","Y278K",-0.92113414651039
"Y",278,"L","Y278L",-0.228966800470133
"Y",278,"M","Y278M",0.0251663012269651
"Y",278,"N","Y278N",0.0406216614670777
"Y",278,"P","Y278P",0.150085701653677
"Y",278,"Q","Y278Q",0.126673483702781
"Y",278,"R","Y278R",-0.146381957397931
"Y",278,"S","Y278S",0.0109280776060699
"Y",278,"T","Y278T",-0.614469928664145
"Y",278,"V","Y278V",-0.364232594056955
"Y",278,"W","Y278W",-0.882012307424988
"V",279,"A","V279A",-0.0741658015468397
"V",279,"C","V279C",-0.534066392545104
"V",279,"D","V279D",-0.24991099152463
"V",279,"E","V279E",-0.521880071274187
"V",279,"F","V279F",-0.350918033865525
"V",279,"G","V279G",0.0944999393780906
"V",279,"H","V279H",-0.0512917400467269
"V",279,"I","V279I",-0.131945451895594
"V",279,"K","V279K",0.184126049269363
"V",279,"L","V279L",0.18205347671051
"V",279,"M","V279M",0.215752109036458
"V",279,"N","V279N",0.621473315294399
"V",279,"P","V279P",-0.0379763114112444
"V",279,"Q","V279Q",-0.79212005267014
"V",279,"R","V279R",0.200580170535966
"V",279,"S","V279S",-0.294020190246698
"V",279,"T","V279T",-0.13132461488518
"V",279,"W","V279W",-0.136426577763432
"V",279,"Y","V279Y",0.0410595149861894
"D",280,"A","D280A",0.0777678536072261
"D",280,"C","D280C",0.0725263869397278
"D",280,"E","D280E",-0.0767700935561858
"D",280,"F","D280F",-0.19183503214334
"D",280,"G","D280G",0.354229472176201
"D",280,"H","D280H",0.644718146400219
"D",280,"I","D280I",-0.515562933599064
"D",280,"K","D280K",-0.023203796016976
"D",280,"L","D280L",-0.297562156494532
"D",280,"M","D280M",-0.176970281535243
"D",280,"N","D280N",0.145016579758682
"D",280,"P","D280P",0.0287172505573644
"D",280,"Q","D280Q",-0.175026271991131
"D",280,"R","D280R",0.166611535995758
"D",280,"S","D280S",0.467279428255361
"D",280,"T","D280T",0.0577117891454053
"D",280,"V","D280V",0.143381165647036
"D",280,"W","D280W",-0.0969589208861373
"D",280,"Y","D280Y",-0.0969385242699565
"G",281,"A","G281A",-0.147761939454791
"G",281,"C","G281C",0.435611904504788
"G",281,"D","G281D",-0.213006578215122
"G",281,"E","G281E",0.00627817560820001
"G",281,"F","G281F",0.0360789548531005
"G",281,"H","G281H",-0.167581448558889
"G",281,"I","G281I",-0.129064618637559
"G",281,"K","G281K",-0.199069455609674
"G",281,"L","G281L",0.0952170126893668
"G",281,"M","G281M",-0.171097436345323
"G",281,"N","G281N",0.752218739472489
"G",281,"P","G281P",0.430376293833034
"G",281,"Q","G281Q",-0.0321682278482576
"G",281,"R","G281R",0.35059611365709
"G",281,"S","G281S",0.0342504633693075
"G",281,"T","G281T",-0.12584589468956
"G",281,"V","G281V",-0.755560950357329
"G",281,"W","G281W",0.0120562184774744
"G",281,"Y","G281Y",-0.162867803265286
"V",282,"A","V282A",-0.995339650163717
"V",282,"C","V282C",-0.189736515539952
"V",282,"D","V282D",-0.335064236662626
"V",282,"E","V282E",0.048887582102384
"V",282,"F","V282F",-0.16083601282628
"V",282,"G","V282G",-0.287127043959112
"V",282,"H","V282H",0.0117686603875993
"V",282,"I","V282I",0.0955338343274155
"V",282,"K","V282K",0.11396953679961
"V",282,"L","V282L",0.0580350645095746
"V",282,"M","V282M",-0.019993394617148
"V",282,"N","V282N",-0.221204729408177
"V",282,"P","V282P",-0.27383998663514
"V",282,"Q","V282Q",0.00448008180417014
"V",282,"R","V282R",-0.334294415298233
"V",282,"S","V282S",0.181124525511193
"V",282,"T","V282T",0.368960817079693
"V",282,"W","V282W",0.0436490958338952
"V",282,"Y","V282Y",-0.267305413118654
"E",283,"A","E283A",0.171917032986475
"E",283,"C","E283C",0.150405123854254
"E",283,"D","E283D",0.00552382982626561
"E",283,"F","E283F",0.476630774029932
"E",283,"G","E283G",0.580106968359052
"E",283,"H","E283H",-0.353140329093908
"E",283,"I","E283I",0.527100893448891
"E",283,"K","E283K",0.493419735564752
"E",283,"L","E283L",0.15410803547937
"E",283,"M","E283M",0.470573211786481
"E",283,"N","E283N",0.44226983339042
"E",283,"P","E283P",-0.058638950442917
"E",283,"Q","E283Q",0.39305797603548
"E",283,"R","E283R",0.49261337091221
"E",283,"S","E283S",0.649769124909918
"E",283,"T","E283T",0.214445880810798
"E",283,"V","E283V",0.251829271248884
"E",283,"W","E283W",0.280728143412032
"E",283,"Y","E283Y",0.329446661158089
"V",284,"A","V284A",0.279996714276533
"V",284,"C","V284C",0.135789106631984
"V",284,"D","V284D",0.800198403064807
"V",284,"E","V284E",-0.0440971606026662
"V",284,"F","V284F",0.300046116360869
"V",284,"G","V284G",0.558890927077525
"V",284,"H","V284H",0.688154099680662
"V",284,"I","V284I",-0.0906117339931877
"V",284,"K","V284K",0.608381175052057
"V",284,"L","V284L",0.444336505420913
"V",284,"M","V284M",0.294754561098278
"V",284,"N","V284N",0.342054717696917
"V",284,"P","V284P",-0.0966796082174841
"V",284,"Q","V284Q",0.287078573480022
"V",284,"R","V284R",-0.225502173053541
"V",284,"S","V284S",0.193555105674358
"V",284,"T","V284T",0.299476286832711
"V",284,"W","V284W",0.888366454806702
"V",284,"Y","V284Y",0.25463433845549
"H",285,"A","H285A",0.101895047477353
"H",285,"C","H285C",0.354845621139163
"H",285,"D","H285D",-0.02137355693238
"H",285,"E","H285E",-0.373289425319162
"H",285,"F","H285F",-0.136924675746475
"H",285,"G","H285G",-0.115176996782801
"H",285,"I","H285I",-0.0855468653283516
"H",285,"K","H285K",0.111066172652354
"H",285,"L","H285L",0.442733127809551
"H",285,"M","H285M",-0.0884550989676772
"H",285,"N","H285N",-0.208836530060002
"H",285,"P","H285P",0.0805214399244482
"H",285,"Q","H285Q",0.146205694295742
"H",285,"R","H285R",0.0486690574584962
"H",285,"S","H285S",-0.380884939490061
"H",285,"T","H285T",0.111689963445678
"H",285,"V","H285V",0.171209505371529
"H",285,"W","H285W",-0.417601929864288
"H",285,"Y","H285Y",0.162724730291012
"N",286,"A","N286A",-0.44089871161777
"N",286,"C","N286C",0.515646086005245
"N",286,"D","N286D",0.107205735131198
"N",286,"E","N286E",-0.112778798682759
"N",286,"F","N286F",-0.704968840898825
"N",286,"G","N286G",1.14541246348689
"N",286,"H","N286H",-0.40098564998061
"N",286,"I","N286I",-0.369538002538475
"N",286,"K","N286K",-0.596954991621619
"N",286,"L","N286L",0.124195738143441
"N",286,"M","N286M",-0.289013352691519
"N",286,"P","N286P",0.790676664964641
"N",286,"Q","N286Q",-0.196702843932869
"N",286,"R","N286R",0.367623718117629
"N",286,"S","N286S",-0.487025562198326
"N",286,"T","N286T",-0.263499888369787
"N",286,"V","N286V",-0.19228221699993
"N",286,"W","N286W",-0.286922047053863
"N",286,"Y","N286Y",0.547098505502512
"A",287,"C","A287C",0.0313270920577509
"A",287,"D","A287D",-0.413684779448778
"A",287,"E","A287E",-0.985899372867323
"A",287,"F","A287F",-0.420364242010317
"A",287,"G","A287G",0.0587648470719596
"A",287,"H","A287H",-0.100295023339216
"A",287,"I","A287I",0.689721060946841
"A",287,"K","A287K",0.882753956061385
"A",287,"L","A287L",0.59651094477627
"A",287,"M","A287M",0.126020576512039
"A",287,"N","A287N",-0.118258733089262
"A",287,"P","A287P",-0.125459890790941
"A",287,"Q","A287Q",0.193941472877841
"A",287,"R","A287R",0.185223574607857
"A",287,"S","A287S",0.414689191862578
"A",287,"T","A287T",0.616165540242408
"A",287,"V","A287V",1.22744466737558
"A",287,"W","A287W",-0.940337717995325
"A",287,"Y","A287Y",0.123562525014431
"K",288,"A","K288A",-0.022896473659927
"K",288,"C","K288C",-0.16915741140737
"K",288,"D","K288D",-0.585888298499465
"K",288,"E","K288E",-0.29130909464543
"K",288,"F","K288F",-0.256428917283954
"K",288,"G","K288G",-0.360448630710706
"K",288,"H","K288H",-0.196544572226418
"K",288,"I","K288I",-0.365726871696343
"K",288,"L","K288L",-0.253275865086519
"K",288,"M","K288M",-0.0903828721964994
"K",288,"N","K288N",-0.0992615773598068
"K",288,"P","K288P",-0.925111718511277
"K",288,"Q","K288Q",-0.585723091094364
"K",288,"R","K288R",0.121916517054239
"K",288,"S","K288S",-0.480500546048185
"K",288,"T","K288T",-0.086455923451364
"K",288,"V","K288V",-0.612493319535025
"K",288,"W","K288W",-0.76123309916312
"K",288,"Y","K288Y",0.219078699111766
"T",289,"A","T289A",-0.310053713437777
"T",289,"C","T289C",-0.715154739149668
"T",289,"D","T289D",-0.577558375506448
"T",289,"E","T289E",-1.9065809459251
"T",289,"F","T289F",-0.6838864069533
"T",289,"G","T289G",0.0416430179772926
"T",289,"H","T289H",0.305906038405926
"T",289,"I","T289I",-1.09783527591919
"T",289,"K","T289K",1.0619933985382
"T",289,"L","T289L",-1.85049169674071
"T",289,"M","T289M",-0.827800024091004
"T",289,"N","T289N",0.322024250298361
"T",289,"P","T289P",-0.873081628002671
"T",289,"Q","T289Q",-0.840760398469861
"T",289,"R","T289R",0.173307387568235
"T",289,"S","T289S",0.0246933609577542
"T",289,"V","T289V",-0.499613733979311
"T",289,"W","T289W",0.0953497317798387
"T",289,"Y","T289Y",-1.19502965278639
"K",290,"A","K290A",-0.188921529782401
"K",290,"C","K290C",0.00206788330746685
"K",290,"D","K290D",0.662329778421505
"K",290,"E","K290E",0.397129025034874
"K",290,"F","K290F",0.266870317963061
"K",290,"G","K290G",0.13186498527164
"K",290,"H","K290H",-0.512136096035106
"K",290,"I","K290I",0.00688350989159586
"K",290,"L","K290L",-0.990424445150559
"K",290,"M","K290M",-0.348866079383417
"K",290,"N","K290N",-0.297358016491159
"K",290,"P","K290P",0.140136004817763
"K",290,"Q","K290Q",0.440166847417892
"K",290,"R","K290R",0.201007006858416
"K",290,"S","K290S",1.31601879939617
"K",290,"T","K290T",1.19551286475998
"K",290,"V","K290V",0.443208801937388
"K",290,"W","K290W",1.25185069155517
"K",290,"Y","K290Y",1.37753246106167
"P",291,"A","P291A",0.041291528701013
"P",291,"C","P291C",0.0293636736971849
"P",291,"D","P291D",-0.197767679996932
"P",291,"E","P291E",-0.324038917006716
"P",291,"F","P291F",-1.00699308914732
"P",291,"G","P291G",-0.127591363180753
"P",291,"H","P291H",-1.08516040941928
"P",291,"I","P291I",-0.326774341578864
"P",291,"K","P291K",0.22380853157309
"P",291,"L","P291L",-0.219673027191022
"P",291,"M","P291M",-0.172815896257773
"P",291,"N","P291N",-0.232862392121656
"P",291,"Q","P291Q",-0.361213001452132
"P",291,"R","P291R",-0.281893460514717
"P",291,"S","P291S",0.132180304156443
"P",291,"T","P291T",-0.42646837379713
"P",291,"V","P291V",-0.255935533958488
"P",291,"W","P291W",-1.27400605022244
"P",291,"Y","P291Y",-0.575949423999357
"R",292,"A","R292A",-2.2777024719403
"R",292,"C","R292C",-0.559534934000577
"R",292,"D","R292D",-1.31560612499841
"R",292,"E","R292E",-2.05687844687779
"R",292,"F","R292F",-1.82650121090809
"R",292,"G","R292G",-1.51154417716749
"R",292,"H","R292H",-2.35351428214702
"R",292,"I","R292I",-2.02638143079448
"R",292,"K","R292K",-1.00027458228387
"R",292,"L","R292L",-1.89096394212363
"R",292,"M","R292M",-2.15672104666044
"R",292,"N","R292N",-4.34032942400924
"R",292,"P","R292P",-1.78911084159179
"R",292,"Q","R292Q",-2.13285984110049
"R",292,"S","R292S",-2.27937809710837
"R",292,"T","R292T",-2.13240201378345
"R",292,"V","R292V",-2.00290368058363
"R",292,"W","R292W",-0.449748178713114
"R",292,"Y","R292Y",-1.16178650381592
"E",293,"A","E293A",0.100765138251179
"E",293,"C","E293C",0.27433956366156
"E",293,"D","E293D",-0.219448410046941
"E",293,"F","E293F",-0.183703128092387
"E",293,"G","E293G",-0.725823101832241
"E",293,"H","E293H",-0.21343183751914
"E",293,"I","E293I",-0.00253365934101297
"E",293,"K","E293K",0.577885791295286
"E",293,"L","E293L",-0.0334437620945522
"E",293,"M","E293M",0.152880275832067
"E",293,"N","E293N",-0.100580387051875
"E",293,"P","E293P",-0.121202449975469
"E",293,"Q","E293Q",-0.0336008512627997
"E",293,"R","E293R",0.0651660572795627
"E",293,"S","E293S",0.00471800757005831
"E",293,"T","E293T",0.152271555877442
"E",293,"V","E293V",0.488184497438029
"E",293,"W","E293W",0.2348841425204
"E",293,"Y","E293Y",0.14359110217346
"E",294,"A","E294A",-0.768411010489101
"E",294,"C","E294C",0.0757808727029611
"E",294,"D","E294D",-1.93502434828813
"E",294,"F","E294F",0.309382931671185
"E",294,"G","E294G",-0.879877446226452
"E",294,"H","E294H",-0.36609018782406
"E",294,"I","E294I",0.621677348855426
"E",294,"K","E294K",0.641879311394891
"E",294,"L","E294L",1.036370394608
"E",294,"M","E294M",0.240120286634399
"E",294,"N","E294N",-2.243864838864
"E",294,"P","E294P",-0.915965122900451
"E",294,"Q","E294Q",0.361902808425587
"E",294,"R","E294R",0.819063714867436
"E",294,"S","E294S",-0.888021464561053
"E",294,"T","E294T",-0.834588184881976
"E",294,"V","E294V",1.02804450906202
"E",294,"W","E294W",-1.55606594850031
"E",294,"Y","E294Y",-0.273739588805559
"Q",295,"A","Q295A",-1.10332648266957
"Q",295,"C","Q295C",-0.795395642797336
"Q",295,"D","Q295D",0.789209337820984
"Q",295,"E","Q295E",-0.346377061553559
"Q",295,"F","Q295F",-2.30024655138593
"Q",295,"G","Q295G",0.0285059531842507
"Q",295,"H","Q295H",-1.14844845290052
"Q",295,"I","Q295I",-3.20185019959961
"Q",295,"K","Q295K",-2.5595476242131
"Q",295,"L","Q295L",-2.3423649806015
"Q",295,"M","Q295M",-1.15918295211207
"Q",295,"N","Q295N",-1.96682433598941
"Q",295,"P","Q295P",-3.38437967123154
"Q",295,"R","Q295R",-1.80595278034395
"Q",295,"S","Q295S",-1.20138535769764
"Q",295,"T","Q295T",-1.44413400216769
"Q",295,"V","Q295V",-0.561181517781485
"Q",295,"W","Q295W",-0.480599731111853
"Q",295,"Y","Q295Y",-3.08016388523274
"Y",296,"A","Y296A",-0.584886899794072
"Y",296,"C","Y296C",0.131175667519058
"Y",296,"D","Y296D",-0.348737931073029
"Y",296,"E","Y296E",-0.232350890710471
"Y",296,"F","Y296F",-0.305628467700209
"Y",296,"G","Y296G",-0.772359143961189
"Y",296,"H","Y296H",-0.221548104581809
"Y",296,"I","Y296I",-0.904449926545308
"Y",296,"K","Y296K",-0.889176849986853
"Y",296,"L","Y296L",0.747782612440193
"Y",296,"M","Y296M",-0.678195433842067
"Y",296,"N","Y296N",-0.731602577066823
"Y",296,"P","Y296P",0.219148478892112
"Y",296,"Q","Y296Q",-1.19096408780844
"Y",296,"R","Y296R",-1.28707812453236
"Y",296,"S","Y296S",-0.602565492403377
"Y",296,"T","Y296T",0.586443008617851
"Y",296,"V","Y296V",-0.603229138223853
"Y",296,"W","Y296W",0.37276413874236
"N",297,"A","N297A",-0.264320729540829
"N",297,"C","N297C",0.821225946976929
"N",297,"D","N297D",0.407907949223027
"N",297,"E","N297E",0.191773488121087
"N",297,"F","N297F",-0.137165771474016
"N",297,"G","N297G",-0.153756029745927
"N",297,"H","N297H",-0.29633426327774
"N",297,"I","N297I",-0.00511120951648185
"N",297,"K","N297K",-1.36650754364079
"N",297,"L","N297L",-1.03079580764346
"N",297,"M","N297M",-0.211007401507864
"N",297,"P","N297P",0.236036455081217
"N",297,"Q","N297Q",-0.516097886525455
"N",297,"R","N297R",-0.285870552634613
"N",297,"S","N297S",-0.0354834418182905
"N",297,"T","N297T",0.816479222210455
"N",297,"V","N297V",0.252028745551381
"N",297,"W","N297W",-0.0674357225093242
"N",297,"Y","N297Y",-0.485306531422562
"S",298,"A","S298A",0.968314483062044
"S",298,"C","S298C",-0.0167324245298626
"S",298,"D","S298D",-0.143490950676819
"S",298,"E","S298E",-0.0190789588913224
"S",298,"F","S298F",-0.116965920505179
"S",298,"G","S298G",1.87787943118085
"S",298,"I","S298I",-0.159527921867086
"S",298,"K","S298K",0.44209058832936
"S",298,"L","S298L",0.980303689308093
"S",298,"M","S298M",0.567789144435752
"S",298,"N","S298N",-0.0596314761814036
"S",298,"P","S298P",0.222580501300134
"S",298,"Q","S298Q",-1.1573291729714
"S",298,"R","S298R",0.00222828854992967
"S",298,"T","S298T",-1.52205885179768
"S",298,"V","S298V",0.23432940781881
"S",298,"W","S298W",-0.0166153759472339
"S",298,"Y","S298Y",0.411720473624272
"T",299,"A","T299A",1.94769347690582
"T",299,"C","T299C",0.791806609435948
"T",299,"D","T299D",-0.511273242833859
"T",299,"E","T299E",-0.504919711903732
"T",299,"F","T299F",-0.181965863600307
"T",299,"G","T299G",0.965507547432571
"T",299,"H","T299H",-0.0442369074673151
"T",299,"I","T299I",0.613171827378094
"T",299,"K","T299K",-0.12495573716126
"T",299,"L","T299L",-0.135204446714057
"T",299,"M","T299M",-0.209987676862037
"T",299,"N","T299N",-0.290719773017107
"T",299,"P","T299P",-0.234509150663267
"T",299,"Q","T299Q",-0.189403640052411
"T",299,"R","T299R",0.0637052012963154
"T",299,"S","T299S",2.50451791497822
"T",299,"V","T299V",-0.661207490999065
"T",299,"W","T299W",-0.174291852906645
"T",299,"Y","T299Y",0.217220887936663
"Y",300,"A","Y300A",-1.30729398464263
"Y",300,"C","Y300C",0.0357828090397679
"Y",300,"D","Y300D",0.70840220520547
"Y",300,"E","Y300E",5.89631570298019
"Y",300,"F","Y300F",-0.531045429064258
"Y",300,"G","Y300G",-1.03392859413443
"Y",300,"H","Y300H",0.181751916481921
"Y",300,"I","Y300I",-3.68716708244585
"Y",300,"K","Y300K",0.214655043446281
"Y",300,"L","Y300L",-3.59060834653096
"Y",300,"M","Y300M",-2.08371745997563
"Y",300,"N","Y300N",-0.765318307741472
"Y",300,"P","Y300P",0.649422432796931
"Y",300,"Q","Y300Q",0.904493778530709
"Y",300,"R","Y300R",-0.800052001409613
"Y",300,"S","Y300S",-1.61249469277643
"Y",300,"T","Y300T",-1.47665577562289
"Y",300,"V","Y300V",-0.627025380793155
"Y",300,"W","Y300W",0.270233246366085
"R",301,"A","R301A",0.610457608337518
"R",301,"C","R301C",0.285483076332502
"R",301,"D","R301D",0.370207013826356
"R",301,"E","R301E",0.0707956917781865
"R",301,"F","R301F",1.90500876934533
"R",301,"G","R301G",-0.321373357041811
"R",301,"H","R301H",-0.103093838386871
"R",301,"I","R301I",0.0118328002222107
"R",301,"K","R301K",0.216999171603594
"R",301,"L","R301L",0.248608877452472
"R",301,"M","R301M",2.4918584344432
"R",301,"N","R301N",0.314936472327371
"R",301,"P","R301P",-1.33925679877731
"R",301,"Q","R301Q",1.11860611208502
"R",301,"S","R301S",-0.10701549124832
"R",301,"T","R301T",0.231484050110881
"R",301,"V","R301V",0.435287866300058
"R",301,"W","R301W",1.81811772565793
"R",301,"Y","R301Y",1.46396276601221
"V",302,"A","V302A",0.282911779255741
"V",302,"C","V302C",1.41103111772904
"V",302,"D","V302D",4.64783118466048
"V",302,"E","V302E",2.28388095964679
"V",302,"F","V302F",-2.1232292322476
"V",302,"G","V302G",0.624168070114547
"V",302,"H","V302H",-0.903215222224804
"V",302,"I","V302I",-0.0432869081489826
"V",302,"K","V302K",6.47670767282352
"V",302,"L","V302L",-0.32130759276239
"V",302,"M","V302M",-1.46766839967138
"V",302,"N","V302N",-0.294297349391808
"V",302,"P","V302P",-0.861973268711288
"V",302,"Q","V302Q",1.02400006158438
"V",302,"R","V302R",6.21836260435674
"V",302,"S","V302S",1.623660155855
"V",302,"T","V302T",0.483927951084124
"V",302,"W","V302W",-0.813548212880914
"V",302,"Y","V302Y",-1.8003283688517
"V",303,"A","V303A",-0.405658624303451
"V",303,"C","V303C",0.464161543292178
"V",303,"D","V303D",0.705210578229475
"V",303,"E","V303E",0.12139425976112
"V",303,"F","V303F",0.517369009802354
"V",303,"G","V303G",-0.310878547951869
"V",303,"H","V303H",0.0867732371601168
"V",303,"I","V303I",-0.589913071418708
"V",303,"K","V303K",0.0240855110790797
"V",303,"L","V303L",-0.074178248591018
"V",303,"M","V303M",0.00936101020974496
"V",303,"N","V303N",-0.0720489507083398
"V",303,"P","V303P",-0.928970976844961
"V",303,"Q","V303Q",-0.164877761215892
"V",303,"R","V303R",-0.553892386345853
"V",303,"S","V303S",-0.887151079698117
"V",303,"T","V303T",-0.596039823642775
"V",303,"W","V303W",0.302780342102954
"V",303,"Y","V303Y",1.36364830184428
"S",304,"A","S304A",-1.79490939174768
"S",304,"C","S304C",-1.46054427544217
"S",304,"D","S304D",-1.1553135578301
"S",304,"E","S304E",-2.10086521291181
"S",304,"F","S304F",-0.391871207007649
"S",304,"G","S304G",-1.74722142309293
"S",304,"H","S304H",-0.801908965375653
"S",304,"I","S304I",-0.193440286247679
"S",304,"K","S304K",0.0718528535452498
"S",304,"L","S304L",0.0714761579958354
"S",304,"M","S304M",-1.8563173355839
"S",304,"N","S304N",-0.65625861135575
"S",304,"P","S304P",-0.0905721588890753
"S",304,"Q","S304Q",-2.30702964153006
"S",304,"R","S304R",0.222232203111861
"S",304,"T","S304T",-0.234477799573412
"S",304,"V","S304V",-0.154960435768043
"S",304,"W","S304W",0.146987182310308
"S",304,"Y","S304Y",0.358761421813384
"V",305,"A","V305A",-0.0290816880324635
"V",305,"C","V305C",-0.688258585945209
"V",305,"D","V305D",0.160665763220899
"V",305,"E","V305E",0.00217382770699224
"V",305,"F","V305F",0.171120760559898
"V",305,"G","V305G",-0.190990023559822
"V",305,"H","V305H",-0.0606828978659239
"V",305,"I","V305I",-0.315506614575257
"V",305,"K","V305K",0.734441808686652
"V",305,"L","V305L",-0.123329178062139
"V",305,"M","V305M",0.0132429007172108
"V",305,"N","V305N",1.46328087442583
"V",305,"P","V305P",-0.258822890343454
"V",305,"Q","V305Q",-0.364747387053564
"V",305,"R","V305R",0.130209017563877
"V",305,"S","V305S",-0.545704309154047
"V",305,"T","V305T",-0.138185264413769
"V",305,"W","V305W",0.7055951033579
"V",305,"Y","V305Y",-0.39643485503105
"L",306,"A","L306A",0.43472300349674
"L",306,"C","L306C",-0.287152466552582
"L",306,"D","L306D",0.440503992931179
"L",306,"E","L306E",-0.33259245629814
"L",306,"F","L306F",-0.171402088106945
"L",306,"G","L306G",0.658326029503314
"L",306,"H","L306H",0.262643280076303
"L",306,"I","L306I",0.446237613954353
"L",306,"K","L306K",0.112095911477513
"L",306,"M","L306M",-0.0575238976879859
"L",306,"N","L306N",-0.577007590085959
"L",306,"P","L306P",-0.961887518892489
"L",306,"Q","L306Q",0.467782058092548
"L",306,"R","L306R",0.709800059321185
"L",306,"S","L306S",0.285861654013873
"L",306,"T","L306T",0.359118805644342
"L",306,"V","L306V",0.585235934826332
"L",306,"W","L306W",-1.38224006433966
"L",306,"Y","L306Y",-1.02635639356328
"T",307,"A","T307A",-0.01134493383835
"T",307,"C","T307C",0.0422351441225
"T",307,"D","T307D",-0.268907957903859
"T",307,"E","T307E",-0.461578754905287
"T",307,"F","T307F",-0.18065335985047
"T",307,"G","T307G",0.0102313222751528
"T",307,"H","T307H",0.000373962792813445
"T",307,"I","T307I",0.214699910573189
"T",307,"K","T307K",0.0280787956962509
"T",307,"L","T307L",0.0011069642193449
"T",307,"M","T307M",-0.363197753420092
"T",307,"N","T307N",-0.214351477042023
"T",307,"P","T307P",0.13084671880094
"T",307,"Q","T307Q",-0.211699622481852
"T",307,"R","T307R",0.0945999720579735
"T",307,"S","T307S",0.0305852957224331
"T",307,"V","T307V",0.0569876434743511
"T",307,"W","T307W",-0.460691237214309
"T",307,"Y","T307Y",0.166296686995724
"V",308,"A","V308A",0.303018784122124
"V",308,"C","V308C",-0.043323501110481
"V",308,"D","V308D",-0.31553259853044
"V",308,"E","V308E",0.381403343575112
"V",308,"F","V308F",0.168836281215323
"V",308,"G","V308G",0.112725005377945
"V",308,"H","V308H",-0.408689975954463
"V",308,"I","V308I",0.142348766439647
"V",308,"K","V308K",-0.110577540657301
"V",308,"L","V308L",-0.146592548896016
"V",308,"M","V308M",-0.348654713300145
"V",308,"N","V308N",-0.738297631532085
"V",308,"P","V308P",-1.79796620832714
"V",308,"Q","V308Q",0.0648983535051243
"V",308,"R","V308R",0.306038232757548
"V",308,"S","V308S",0.367576603905784
"V",308,"T","V308T",-0.525994815750018
"V",308,"W","V308W",0.385878894717267
"V",308,"Y","V308Y",0.307087070861543
"L",309,"A","L309A",-0.184510022222038
"L",309,"C","L309C",-0.0265554511052472
"L",309,"D","L309D",-0.972037342280148
"L",309,"E","L309E",-0.287241580640917
"L",309,"F","L309F",-0.108705547552709
"L",309,"G","L309G",-0.0473334782243048
"L",309,"H","L309H",0.191828264619718
"L",309,"I","L309I",0.174545989506502
"L",309,"K","L309K",0.0445097105694673
"L",309,"M","L309M",0.0938043535742233
"L",309,"N","L309N",0.133508538243633
"L",309,"P","L309P",-0.199838562094562
"L",309,"Q","L309Q",-0.242196102816598
"L",309,"R","L309R",-0.23452965647931
"L",309,"S","L309S",-0.654564912521718
"L",309,"T","L309T",-0.100697690684276
"L",309,"V","L309V",0.175523849616118
"L",309,"W","L309W",-0.578237591860879
"L",309,"Y","L309Y",0.0648125346712753
"H",310,"A","H310A",-0.0958148883613578
"H",310,"C","H310C",0.138782840974328
"H",310,"D","H310D",-0.147127242146643
"H",310,"E","H310E",0.0964466538337049
"H",310,"F","H310F",0.309498915452382
"H",310,"G","H310G",-0.470252260923397
"H",310,"I","H310I",-0.509291383477058
"H",310,"K","H310K",-0.326296566288156
"H",310,"L","H310L",-0.0641333974604251
"H",310,"M","H310M",0.101618161123298
"H",310,"N","H310N",-0.142147037626227
"H",310,"P","H310P",-0.100376258911643
"H",310,"Q","H310Q",-0.871356175492188
"H",310,"R","H310R",0.576021915478375
"H",310,"S","H310S",0.149379287362418
"H",310,"T","H310T",-0.189912929686357
"H",310,"V","H310V",0.0460630843469082
"H",310,"W","H310W",-0.0836656662519412
"H",310,"Y","H310Y",0.22248006669248
"Q",311,"A","Q311A",0.0151220441349201
"Q",311,"C","Q311C",0.251885797454092
"Q",311,"D","Q311D",-0.201330308872782
"Q",311,"E","Q311E",-0.421583154630517
"Q",311,"F","Q311F",-0.548747703699236
"Q",311,"G","Q311G",-0.263611348020274
"Q",311,"H","Q311H",-0.0904152626148058
"Q",311,"I","Q311I",-0.276347799809892
"Q",311,"K","Q311K",0.151213890196435
"Q",311,"L","Q311L",-0.239235641489519
"Q",311,"M","Q311M",0.101082962297823
"Q",311,"N","Q311N",0.290603974972422
"Q",311,"P","Q311P",0.259372602761595
"Q",311,"R","Q311R",-0.0540799567770979
"Q",311,"S","Q311S",-0.124125436132953
"Q",311,"T","Q311T",0.483916154354096
"Q",311,"V","Q311V",0.550710493714037
"Q",311,"W","Q311W",-0.305938568738062
"Q",311,"Y","Q311Y",-0.181047615550123
"D",312,"A","D312A",-0.0307096278359614
"D",312,"C","D312C",0.174053347743085
"D",312,"E","D312E",0.117858850412171
"D",312,"F","D312F",-0.167286851394763
"D",312,"G","D312G",0.0852918657806405
"D",312,"H","D312H",-0.0395178444222789
"D",312,"I","D312I",-0.496710377129914
"D",312,"K","D312K",-0.337344992660994
"D",312,"L","D312L",-0.141240229543204
"D",312,"M","D312M",-0.643409649906762
"D",312,"N","D312N",-0.125933921755132
"D",312,"P","D312P",-0.239374110889848
"D",312,"Q","D312Q",-0.0893008299552252
"D",312,"R","D312R",-0.435132747929299
"D",312,"S","D312S",-0.368171522181616
"D",312,"T","D312T",-0.268893463797738
"D",312,"V","D312V",-0.253988309064057
"D",312,"W","D312W",0.108596005996219
"D",312,"Y","D312Y",-0.0339855616973207
"W",313,"A","W313A",0.374296947932856
"W",313,"C","W313C",-0.16581252744824
"W",313,"D","W313D",-0.0540515007761442
"W",313,"E","W313E",0.346193211239889
"W",313,"F","W313F",-0.460735669132073
"W",313,"H","W313H",0.552022676216029
"W",313,"I","W313I",-0.305638527971124
"W",313,"K","W313K",0.181875246123248
"W",313,"L","W313L",-0.218002516272065
"W",313,"M","W313M",0.159333980664916
"W",313,"N","W313N",0.18646007906424
"W",313,"P","W313P",-0.0156757966046198
"W",313,"Q","W313Q",0.0417331712872744
"W",313,"R","W313R",0.567539812814332
"W",313,"S","W313S",0.392402225224948
"W",313,"T","W313T",-0.114933559314874
"W",313,"V","W313V",-0.372755584694333
"W",313,"Y","W313Y",-0.203022951440886
"L",314,"A","L314A",-1.60083191485089
"L",314,"C","L314C",-1.19586889182891
"L",314,"D","L314D",-1.3517209857593
"L",314,"E","L314E",-0.76689384864693
"L",314,"F","L314F",0.188300584583225
"L",314,"G","L314G",-0.218660244898152
"L",314,"H","L314H",-0.866337926723278
"L",314,"I","L314I",-0.187876071333395
"L",314,"K","L314K",-0.128356189023509
"L",314,"M","L314M",-0.934517069335983
"L",314,"N","L314N",-0.0483012780073703
"L",314,"P","L314P",-0.220828387365675
"L",314,"Q","L314Q",-0.0990508335371121
"L",314,"R","L314R",-0.845782284381931
"L",314,"S","L314S",-0.568396692873478
"L",314,"T","L314T",-0.483840769410451
"L",314,"V","L314V",0.130970140513744
"L",314,"W","L314W",0.413220430511192
"L",314,"Y","L314Y",0.217252721385124
"N",315,"A","N315A",-0.0603844124046959
"N",315,"C","N315C",0.118404395823877
"N",315,"D","N315D",-0.280494087169461
"N",315,"E","N315E",-0.083373826902906
"N",315,"F","N315F",-0.0525786731547158
"N",315,"G","N315G",0.063302761313122
"N",315,"H","N315H",0.0312208352839018
"N",315,"I","N315I",0.0808988956611732
"N",315,"K","N315K",-0.0218774829235831
"N",315,"L","N315L",0.0351481315596422
"N",315,"M","N315M",-0.125582365613485
"N",315,"P","N315P",0.114747257625664
"N",315,"Q","N315Q",0.463159756285566
"N",315,"R","N315R",-0.81609476022407
"N",315,"S","N315S",0.218199644261302
"N",315,"T","N315T",-0.267552740554312
"N",315,"V","N315V",0.284951503700297
"N",315,"W","N315W",0.174906943571791
"N",315,"Y","N315Y",1.69172728963796
"G",316,"A","G316A",0.241432841985593
"G",316,"C","G316C",-0.201246253682675
"G",316,"D","G316D",-1.18251373113642
"G",316,"E","G316E",-0.365157159712788
"G",316,"F","G316F",-0.3887879973372
"G",316,"H","G316H",-0.27005578699735
"G",316,"I","G316I",-0.288429450123459
"G",316,"K","G316K",-0.0385071053952734
"G",316,"L","G316L",-0.241179847747868
"G",316,"M","G316M",0.060233334962656
"G",316,"N","G316N",-0.26757970184314
"G",316,"P","G316P",0.614441135984809
"G",316,"Q","G316Q",-0.0560758947385331
"G",316,"R","G316R",0.196294345694766
"G",316,"S","G316S",-0.225345678014185
"G",316,"T","G316T",0.997773718355141
"G",316,"V","G316V",0.229599359155839
"G",316,"W","G316W",0.118182718445219
"G",316,"Y","G316Y",-0.172620397482921
"K",317,"A","K317A",-0.322427458517312
"K",317,"C","K317C",-0.315592620942153
"K",317,"D","K317D",-0.44132711900907
"K",317,"E","K317E",-0.0893666618338664
"K",317,"F","K317F",-0.284609724326837
"K",317,"G","K317G",0.0923574833368997
"K",317,"H","K317H",-0.410415309266359
"K",317,"I","K317I",-0.157268582778617
"K",317,"L","K317L",-0.876360817361677
"K",317,"M","K317M",-0.689194094014973
"K",317,"N","K317N",-0.200051358000054
"K",317,"P","K317P",-0.0868591783554506
"K",317,"Q","K317Q",-0.0999937888707239
"K",317,"R","K317R",0.0410750545811236
"K",317,"S","K317S",-0.152516447662587
"K",317,"T","K317T",-0.590980374307754
"K",317,"V","K317V",-0.147882310839517
"K",317,"W","K317W",-0.236833130648162
"K",317,"Y","K317Y",0.243877482143155
"E",318,"A","E318A",-0.162825318930365
"E",318,"C","E318C",0.547824323777024
"E",318,"D","E318D",0.408034417273037
"E",318,"F","E318F",0.302208152732106
"E",318,"G","E318G",-0.129737390963357
"E",318,"H","E318H",0.661040715911783
"E",318,"I","E318I",0.0166905925576809
"E",318,"K","E318K",0.0965758882156887
"E",318,"L","E318L",0.142186970452847
"E",318,"M","E318M",0.191126684432507
"E",318,"N","E318N",-0.739347802448693
"E",318,"P","E318P",0.0242876071096109
"E",318,"Q","E318Q",0.601217487609086
"E",318,"R","E318R",0.0219972481082655
"E",318,"S","E318S",-0.407768231472097
"E",318,"T","E318T",-0.410975834242668
"E",318,"V","E318V",0.192726051351624
"E",318,"W","E318W",0.494452434745117
"E",318,"Y","E318Y",0.218491143166406
"Y",319,"A","Y319A",0.36329799960075
"Y",319,"C","Y319C",0.80768072919721
"Y",319,"D","Y319D",0.717131844056357
"Y",319,"E","Y319E",0.39218973958385
"Y",319,"F","Y319F",-0.0235759660417349
"Y",319,"G","Y319G",0.32407289534904
"Y",319,"H","Y319H",1.94594967635579
"Y",319,"I","Y319I",0.443255943785965
"Y",319,"K","Y319K",0.631195896375687
"Y",319,"L","Y319L",0.458792842822498
"Y",319,"M","Y319M",0.11747154230632
"Y",319,"N","Y319N",0.554240556948698
"Y",319,"P","Y319P",0.245783218207649
"Y",319,"Q","Y319Q",0.736621682692064
"Y",319,"R","Y319R",0.26297949343432
"Y",319,"S","Y319S",0.589867140962014
"Y",319,"T","Y319T",0.601647000332513
"Y",319,"V","Y319V",1.76818007877613
"Y",319,"W","Y319W",0.148057351911833
"K",320,"A","K320A",-0.526779941148871
"K",320,"C","K320C",-0.267145328466986
"K",320,"D","K320D",0.329554395280204
"K",320,"E","K320E",0.202429711532663
"K",320,"F","K320F",0.538210547992174
"K",320,"G","K320G",-0.215194869021667
"K",320,"H","K320H",1.18590231193363
"K",320,"I","K320I",-0.13550170563444
"K",320,"L","K320L",0.0180231610162905
"K",320,"M","K320M",-0.525252630265196
"K",320,"N","K320N",0.330451205735165
"K",320,"P","K320P",0.115548348070039
"K",320,"Q","K320Q",0.0544748805796227
"K",320,"R","K320R",0.0198417239077332
"K",320,"S","K320S",-0.263778364705636
"K",320,"T","K320T",-0.639979786196974
"K",320,"V","K320V",0.263226991047154
"K",320,"W","K320W",1.03041232680618
"K",320,"Y","K320Y",1.00039558822641
"C",321,"A","C321A",-0.610305141490841
"C",321,"D","C321D",0.389730452202739
"C",321,"E","C321E",0.0184419618730198
"C",321,"F","C321F",-0.0041276755974043
"C",321,"G","C321G",0.280308526947477
"C",321,"H","C321H",0.442537468635593
"C",321,"I","C321I",-0.692098437542513
"C",321,"K","C321K",-0.0907141842951485
"C",321,"L","C321L",0.157077031694599
"C",321,"M","C321M",0.264981086210039
"C",321,"N","C321N",0.51420221059609
"C",321,"P","C321P",0.290027522444469
"C",321,"Q","C321Q",-0.156119007615641
"C",321,"R","C321R",0.137659297061249
"C",321,"S","C321S",-0.360118716022006
"C",321,"T","C321T",-0.700686371494974
"C",321,"V","C321V",-0.563283855939366
"C",321,"W","C321W",0.471233815649905
"C",321,"Y","C321Y",0.209493675422536
"K",322,"A","K322A",0.244367557519429
"K",322,"C","K322C",0.836749023957462
"K",322,"D","K322D",0.416329966829549
"K",322,"E","K322E",0.310481525167377
"K",322,"F","K322F",0.532518580993209
"K",322,"G","K322G",0.0369999357626627
"K",322,"H","K322H",0.18475507848444
"K",322,"I","K322I",0.24269226905803
"K",322,"L","K322L",0.646877311771893
"K",322,"M","K322M",0.365980969717117
"K",322,"N","K322N",0.712162309189681
"K",322,"P","K322P",0.165938576212261
"K",322,"Q","K322Q",0.186012690933649
"K",322,"R","K322R",-0.00685676959331568
"K",322,"S","K322S",0.723392113753516
"K",322,"T","K322T",0.128225810415069
"K",322,"V","K322V",0.51481653472327
"K",322,"W","K322W",-0.173173591171289
"K",322,"Y","K322Y",0.661669070129452
"V",323,"A","V323A",-1.51188540258329
"V",323,"C","V323C",-0.134532425700135
"V",323,"D","V323D",0.281845919065687
"V",323,"E","V323E",0.481814330207759
"V",323,"F","V323F",1.50849550114437
"V",323,"G","V323G",-0.256775658672154
"V",323,"H","V323H",1.1456096839916
"V",323,"I","V323I",3.18555115398912
"V",323,"K","V323K",0.393121871514447
"V",323,"L","V323L",-0.501748433852375
"V",323,"M","V323M",2.51538003735863
"V",323,"N","V323N",0.196203869961306
"V",323,"P","V323P",0.111900178552499
"V",323,"Q","V323Q",0.161631367985522
"V",323,"R","V323R",0.281726802707815
"V",323,"S","V323S",0.188215302179277
"V",323,"T","V323T",-0.128887894436557
"V",323,"W","V323W",1.60959336107177
"V",323,"Y","V323Y",1.91850948022025
"S",324,"A","S324A",-1.34656161502552
"S",324,"C","S324C",-0.546942340671792
"S",324,"D","S324D",-2.52083633776288
"S",324,"E","S324E",-0.758598767941809
"S",324,"F","S324F",-0.224889964990871
"S",324,"G","S324G",-1.45128269578241
"S",324,"H","S324H",-0.120203305962611
"S",324,"I","S324I",0.223526901055817
"S",324,"K","S324K",-2.40474509604139
"S",324,"L","S324L",0.0142010004024833
"S",324,"M","S324M",-2.93816651628343
"S",324,"N","S324N",-0.562639465121726
"S",324,"P","S324P",0.53283879303543
"S",324,"Q","S324Q",-0.867258972133846
"S",324,"R","S324R",-2.04867198065514
"S",324,"T","S324T",-0.0280404498166028
"S",324,"V","S324V",0.64916453577698
"S",324,"W","S324W",-0.995073893311957
"S",324,"Y","S324Y",-0.690480082029285
"N",325,"A","N325A",1.022893929231
"N",325,"C","N325C",7.63413389438082
"N",325,"D","N325D",4.91791322198799
"N",325,"E","N325E",1.38084041688297
"N",325,"F","N325F",3.73052340813228
"N",325,"G","N325G",0.904956147350968
"N",325,"H","N325H",1.21272014215268
"N",325,"I","N325I",11.0166900996709
"N",325,"K","N325K",0.126704231725212
"N",325,"L","N325L",5.43338055992647
"N",325,"M","N325M",5.68512038666382
"N",325,"P","N325P",-0.440218876117317
"N",325,"Q","N325Q",1.5746684216255
"N",325,"R","N325R",0.0495757150371355
"N",325,"S","N325S",5.0075646623007
"N",325,"T","N325T",1.01563884816027
"N",325,"V","N325V",0.983416563914487
"N",325,"W","N325W",0.920034125158711
"N",325,"Y","N325Y",1.28958822123566
"K",326,"A","K326A",3.6542931427638
"K",326,"C","K326C",2.63073697811511
"K",326,"D","K326D",2.83725101765899
"K",326,"E","K326E",3.98791937419126
"K",326,"F","K326F",3.08760902129158
"K",326,"G","K326G",0.346241510111011
"K",326,"H","K326H",0.296469567775805
"K",326,"I","K326I",3.74234531769828
"K",326,"L","K326L",4.92408544197543
"K",326,"M","K326M",3.0848842808649
"K",326,"N","K326N",-1.62100312659139
"K",326,"P","K326P",1.07389409256108
"K",326,"Q","K326Q",3.90467180558134
"K",326,"R","K326R",-0.52274297746051
"K",326,"S","K326S",0.736716446074629
"K",326,"T","K326T",0.910559538903585
"K",326,"V","K326V",5.46546835385755
"K",326,"W","K326W",2.6681743994713
"K",326,"Y","K326Y",6.75326464314794
"A",327,"C","A327C",1.07593326455008
"A",327,"D","A327D",3.60300502940252
"A",327,"E","A327E",3.2876661278268
"A",327,"F","A327F",0.290658059606866
"A",327,"G","A327G",1.17168411113297
"A",327,"H","A327H",0.373155839377804
"A",327,"I","A327I",0.609476264956714
"A",327,"K","A327K",-0.67354927713077
"A",327,"L","A327L",0.559886945592354
"A",327,"M","A327M",-0.192614078822954
"A",327,"N","A327N",3.44380545528266
"A",327,"P","A327P",0.134908991686991
"A",327,"Q","A327Q",0.553237568573132
"A",327,"R","A327R",-0.487666469051541
"A",327,"S","A327S",0.762498319691716
"A",327,"T","A327T",1.32483140530416
"A",327,"V","A327V",0.929746424144564
"A",327,"W","A327W",1.16923923756187
"A",327,"Y","A327Y",-0.183931648032747
"L",328,"A","L328A",-3.49774061456169
"L",328,"C","L328C",-0.441831069517867
"L",328,"D","L328D",8.65478418256881
"L",328,"E","L328E",7.13421622357724
"L",328,"F","L328F",7.15529413611364
"L",328,"G","L328G",1.23729194461548
"L",328,"H","L328H",1.92436829683091
"L",328,"I","L328I",5.42288278743903
"L",328,"K","L328K",-0.832299650102814
"L",328,"M","L328M",3.59054994334923
"L",328,"N","L328N",2.48836827332486
"L",328,"P","L328P",0.779916817183549
"L",328,"Q","L328Q",0.854498975386933
"L",328,"R","L328R",-0.742310620097509
"L",328,"S","L328S",-1.38258871231766
"L",328,"T","L328T",0.842009095178717
"L",328,"V","L328V",1.94974040659602
"L",328,"W","L328W",2.50751122716672
"L",328,"Y","L328Y",4.78781236010607
"P",329,"A","P329A",0.0817489409167895
"P",329,"C","P329C",-0.222752404927101
"P",329,"D","P329D",0.266485954184878
"P",329,"E","P329E",0.684870100025643
"P",329,"F","P329F",0.142598585576248
"P",329,"G","P329G",-0.51595573801546
"P",329,"H","P329H",-0.725903189994596
"P",329,"I","P329I",-0.419948294588226
"P",329,"K","P329K",-1.33207448268864
"P",329,"L","P329L",0.0553400721961888
"P",329,"M","P329M",-0.822887752547082
"P",329,"N","P329N",0.0708703126287885
"P",329,"Q","P329Q",-0.022122179810729
"P",329,"R","P329R",-0.200034094101846
"P",329,"S","P329S",-0.55661081441861
"P",329,"T","P329T",-0.488124351664385
"P",329,"V","P329V",-0.92504990573576
"P",329,"W","P329W",0.712260201974484
"P",329,"Y","P329Y",0.17974188003839
"A",330,"C","A330C",-1.19786628906445
"A",330,"D","A330D",0.351006145091422
"A",330,"E","A330E",-0.143979832988485
"A",330,"F","A330F",-0.319791717325793
"A",330,"G","A330G",0.185737372399153
"A",330,"H","A330H",-1.25645488117445
"A",330,"I","A330I",-1.4030063006045
"A",330,"K","A330K",-3.22018044791201
"A",330,"L","A330L",-1.80698823047263
"A",330,"M","A330M",-0.214593925296556
"A",330,"N","A330N",-1.34423602029289
"A",330,"P","A330P",2.44013843530761
"A",330,"Q","A330Q",-0.272175530608811
"A",330,"R","A330R",-1.9242401887108
"A",330,"S","A330S",-0.0231457553808062
"A",330,"T","A330T",-2.33328522372439
"A",330,"V","A330V",-1.67337890421613
"A",330,"W","A330W",-0.165149412051645
"A",330,"Y","A330Y",-0.450244700458566
"P",331,"A","P331A",0.2947784813024
"P",331,"C","P331C",1.52204877656594
"P",331,"D","P331D",0.678208870986383
"P",331,"E","P331E",1.55940533751841
"P",331,"F","P331F",0.99414329968348
"P",331,"G","P331G",0.433015199993591
"P",331,"H","P331H",1.78521615509572
"P",331,"I","P331I",2.60238263352459
"P",331,"K","P331K",1.73435156796564
"P",331,"L","P331L",1.13916844264748
"P",331,"M","P331M",1.31905914958545
"P",331,"N","P331N",1.35530824372969
"P",331,"Q","P331Q",0.177025756717323
"P",331,"R","P331R",-0.175571870725299
"P",331,"S","P331S",0.423029421121907
"P",331,"T","P331T",0.789203385116307
"P",331,"V","P331V",1.96795212618772
"P",331,"W","P331W",1.17920525170556
"P",331,"Y","P331Y",1.62556065093956
"I",332,"C","I332C",-2.29015030771596
"I",332,"D","I332D",0.574495162386526
"I",332,"E","I332E",1.53396439543059
"I",332,"F","I332F",-0.95274123412306
"I",332,"G","I332G",-1.27101113394248
"I",332,"H","I332H",-2.77664447252013
"I",332,"K","I332K",-0.530105096893307
"I",332,"L","I332L",-0.0573336174780117
"I",332,"M","I332M",-2.04801385749622
"I",332,"N","I332N",-2.79466728913364
"I",332,"P","I332P",0.244276215316262
"I",332,"Q","I332Q",-1.66306611362899
"I",332,"R","I332R",-3.12857273285269
"I",332,"S","I332S",-5.97474189501601
"I",332,"T","I332T",-0.718729478620827
"I",332,"V","I332V",-1.2179640463274
"I",332,"W","I332W",-1.817876495197
"I",332,"Y","I332Y",-2.07904423701909
"E",333,"A","E333A",-0.64156418977918
"E",333,"C","E333C",0.296309900320468
"E",333,"D","E333D",0.209760437901861
"E",333,"F","E333F",0.0922210314456602
"E",333,"G","E333G",-0.39793616139214
"E",333,"H","E333H",-0.300403165007134
"E",333,"I","E333I",0.232835766078927
"E",333,"K","E333K",-0.524039825809206
"E",333,"L","E333L",0.341412325104796
"E",333,"M","E333M",-0.304841762384497
"E",333,"N","E333N",-1.17225279331828
"E",333,"P","E333P",0.459804705509592
"E",333,"Q","E333Q",-0.59807619760929
"E",333,"R","E333R",0.0434064565400528
"E",333,"S","E333S",-0.868481538308149
"E",333,"T","E333T",-0.376711115766658
"E",333,"V","E333V",0.00112200807436222
"E",333,"W","E333W",-0.167425079849029
"E",333,"Y","E333Y",-0.392567982009517
"K",334,"A","K334A",0.993195582173123
"K",334,"C","K334C",-0.216552545684109
"K",334,"D","K334D",1.39850242876108
"K",334,"E","K334E",1.35619734003654
"K",334,"F","K334F",0.372729056602464
"K",334,"G","K334G",1.1346845121092
"K",334,"H","K334H",1.36751588425553
"K",334,"I","K334I",0.257688340949247
"K",334,"L","K334L",0.222060766643986
"K",334,"M","K334M",0.217054349272813
"K",334,"N","K334N",1.14401298749403
"K",334,"P","K334P",0.961773802164785
"K",334,"Q","K334Q",0.679570119547239
"K",334,"R","K334R",0.897949956322338
"K",334,"S","K334S",0.724707190419879
"K",334,"T","K334T",0.837158919606834
"K",334,"V","K334V",1.75236872889638
"K",334,"W","K334W",0.206695999134575
"K",334,"Y","K334Y",0.0788657589058399
"T",335,"A","T335A",0.0562835282768091
"T",335,"C","T335C",-0.189747700761344
"T",335,"D","T335D",-0.453691611377571
"T",335,"E","T335E",-0.0722014880889448
"T",335,"F","T335F",0.0891707539923755
"T",335,"G","T335G",-0.594889645382128
"T",335,"H","T335H",-0.0465490677824619
"T",335,"I","T335I",-0.0751276469701127
"T",335,"K","T335K",0.0590314983119026
"T",335,"L","T335L",-0.449859174581893
"T",335,"M","T335M",-0.241593533215492
"T",335,"N","T335N",0.167086025177412
"T",335,"P","T335P",-1.85697242037873
"T",335,"Q","T335Q",-0.600521103965953
"T",335,"R","T335R",0.215216529099899
"T",335,"S","T335S",-0.367478845601596
"T",335,"V","T335V",0.144786595318546
"T",335,"W","T335W",0.148503970603665
"T",335,"Y","T335Y",0.172223423196303
"I",336,"A","I336A",-0.400794208599847
"I",336,"C","I336C",-0.246148090523499
"I",336,"D","I336D",0.152932852690795
"I",336,"E","I336E",0.107066316121346
"I",336,"F","I336F",0.0810752455858383
"I",336,"G","I336G",-0.288703245226897
"I",336,"H","I336H",-0.122864124821137
"I",336,"K","I336K",-0.123279714186292
"I",336,"L","I336L",-0.32601695434238
"I",336,"M","I336M",-0.131253163234099
"I",336,"N","I336N",-0.0270199317244938
"I",336,"P","I336P",0.0322278862414774
"I",336,"Q","I336Q",0.0237807071145018
"I",336,"R","I336R",-0.030012979928746
"I",336,"S","I336S",-0.205677069132869
"I",336,"T","I336T",-0.328568122828643
"I",336,"V","I336V",-0.22545684790268
"I",336,"W","I336W",-0.493569166399071
"I",336,"Y","I336Y",-0.418442565008296
"S",337,"A","S337A",0.00840849710484177
"S",337,"C","S337C",0.148406525413251
"S",337,"D","S337D",-0.244556609785883
"S",337,"E","S337E",0.17222685857316
"S",337,"F","S337F",-0.240499022631879
"S",337,"G","S337G",0.00312307579531583
"S",337,"H","S337H",-0.409809689564128
"S",337,"I","S337I",-0.289193251506852
"S",337,"K","S337K",-0.28945146121633
"S",337,"L","S337L",-0.251542109123382
"S",337,"M","S337M",-0.291816858471397
"S",337,"N","S337N",0.0703863123096804
"S",337,"P","S337P",0.210709742464658
"S",337,"Q","S337Q",0.00682338724451245
"S",337,"R","S337R",-0.134671754926529
"S",337,"T","S337T",-0.296686405055745
"S",337,"V","S337V",-0.108406004838961
"S",337,"W","S337W",0.169544113338284
"S",337,"Y","S337Y",0.0368190422920651
"K",338,"A","K338A",0.0140654929458695
"K",338,"C","K338C",-0.82352385341158
"K",338,"D","K338D",0.466075220850785
"K",338,"E","K338E",-0.349575803371178
"K",338,"F","K338F",-0.013869014033119
"K",338,"G","K338G",-0.474035590683043
"K",338,"H","K338H",-0.588413401529857
"K",338,"I","K338I",-0.328380687947325
"K",338,"L","K338L",-0.0984347156004129
"K",338,"M","K338M",-0.137495006513458
"K",338,"N","K338N",-0.213620512114526
"K",338,"P","K338P",0.515854155368015
"K",338,"Q","K338Q",-0.155566742640021
"K",338,"R","K338R",-0.196792151427473
"K",338,"S","K338S",0.367174114510809
"K",338,"T","K338T",0.0821694506594856
"K",338,"V","K338V",-0.294127743354982
"K",338,"W","K338W",-0.0230789182553823
"K",338,"Y","K338Y",-0.446987888875609
"A",339,"C","A339C",-1.11528455104593
"A",339,"D","A339D",0.308088047129544
"A",339,"E","A339E",-0.682314541493038
"A",339,"F","A339F",-0.617200336912834
"A",339,"G","A339G",0.383911125523778
"A",339,"H","A339H",-1.24685822282935
"A",339,"I","A339I",-1.0756999030072
"A",339,"K","A339K",-0.948443816152678
"A",339,"L","A339L",-0.42159070668938
"A",339,"M","A339M",-0.291440938490224
"A",339,"N","A339N",-1.22192473988197
"A",339,"P","A339P",-0.5203383377056
"A",339,"Q","A339Q",-0.0313829657777696
"A",339,"R","A339R",-0.383240345616285
"A",339,"S","A339S",0.0423140910621263
"A",339,"T","A339T",0.0478093846023965
"A",339,"V","A339V",0.174457573878407
"A",339,"W","A339W",0.640477023755136
"A",339,"Y","A339Y",-0.420675372219478
"K",340,"A","K340A",-0.140020897618412
"K",340,"C","K340C",-0.393847968816773
"K",340,"D","K340D",-0.0688979800898987
"K",340,"E","K340E",-0.0699669695069081
"K",340,"F","K340F",-0.161571708471924
"K",340,"G","K340G",-0.619569922969334
"K",340,"H","K340H",-0.19326099048694
"K",340,"I","K340I",-0.172763571181845
"K",340,"L","K340L",-0.23092340193894
"K",340,"M","K340M",-0.0719759843551932
"K",340,"N","K340N",-0.29623272008814
"K",340,"P","K340P",0.0418889255001734
"K",340,"Q","K340Q",-0.0425251500589075
"K",340,"R","K340R",-0.240107403007564
"K",340,"S","K340S",0.473689277143812
"K",340,"T","K340T",-0.0665340346525374
"K",340,"V","K340V",0.00645533575958312
"K",340,"W","K340W",-0.378167321835232
"K",340,"Y","K340Y",0.577353501389224
"G",341,"A","G341A",0.102692026773786
"G",341,"C","G341C",0.516434402116087
"G",341,"D","G341D",0.313715758935746
"G",341,"E","G341E",-0.0151707233073056
"G",341,"F","G341F",-0.154803248725393
"G",341,"H","G341H",0.612550249961589
"G",341,"I","G341I",1.34071641335117
"G",341,"K","G341K",0.664447921704575
"G",341,"L","G341L",0.615356554267222
"G",341,"M","G341M",0.322213817524885
"G",341,"N","G341N",0.666603960838966
"G",341,"P","G341P",0.525477930138649
"G",341,"Q","G341Q",0.326463933079829
"G",341,"R","G341R",0.629136030141396
"G",341,"S","G341S",-0.0861244354576909
"G",341,"T","G341T",-0.058768269892609
"G",341,"V","G341V",0.560642715721393
"G",341,"W","G341W",0.440112711745007
"G",341,"Y","G341Y",0.28013271790875
"Q",342,"A","Q342A",-0.345638077478877
"Q",342,"C","Q342C",-0.145619410253392
"Q",342,"D","Q342D",0.271534112414068
"Q",342,"E","Q342E",-0.0960552250424679
"Q",342,"F","Q342F",-0.670019330222397
"Q",342,"G","Q342G",0.182950554815553
"Q",342,"H","Q342H",-0.308984360579212
"Q",342,"I","Q342I",0.216811656546966
"Q",342,"K","Q342K",0.24754924038326
"Q",342,"L","Q342L",-0.0598745094611793
"Q",342,"M","Q342M",0.129794013352108
"Q",342,"N","Q342N",0.78471002282403
"Q",342,"P","Q342P",-0.204773673929278
"Q",342,"R","Q342R",-0.246115477279847
"Q",342,"S","Q342S",0.244927483356205
"Q",342,"T","Q342T",0.0240944014927033
"Q",342,"V","Q342V",0.0601270577457013
"Q",342,"W","Q342W",0.191508256273955
"Q",342,"Y","Q342Y",-0.809094656432149
"P",343,"A","P343A",-0.205321575285285
"P",343,"C","P343C",-0.264444138741875
"P",343,"D","P343D",1.210200814453
"P",343,"E","P343E",0.402715517940402
"P",343,"F","P343F",-0.10073313364727
"P",343,"G","P343G",0.0490500545884457
"P",343,"H","P343H",-0.103202879636275
"P",343,"I","P343I",0.0543546985825178
"P",343,"K","P343K",-0.0394637879986122
"P",343,"L","P343L",-0.277984213932287
"P",343,"M","P343M",0.00472637290149894
"P",343,"N","P343N",-0.0149462993817932
"P",343,"Q","P343Q",-0.30281070256004
"P",343,"R","P343R",-0.0790303842498599
"P",343,"S","P343S",-0.098479330193822
"P",343,"T","P343T",0.330206235945563
"P",343,"V","P343V",-0.444692465639021
"P",343,"W","P343W",-0.271792698372656
"P",343,"Y","P343Y",-0.00614305371983398
"R",344,"A","R344A",-0.171742014577299
"R",344,"C","R344C",0.0167380193864698
"R",344,"D","R344D",-0.594169920822662
"R",344,"E","R344E",-0.021652282992849
"R",344,"F","R344F",0.27848609320218
"R",344,"G","R344G",-0.153391962907766
"R",344,"H","R344H",-0.286597340527936
"R",344,"I","R344I",-0.300192995751807
"R",344,"K","R344K",0.0950234370053823
"R",344,"L","R344L",0.326589232216927
"R",344,"M","R344M",0.110554395450626
"R",344,"N","R344N",0.245297537297276
"R",344,"P","R344P",-0.547622250325896
"R",344,"Q","R344Q",0.00413973310849523
"R",344,"S","R344S",-0.346396577489625
"R",344,"T","R344T",-0.0436312739882757
"R",344,"V","R344V",-0.446230408731198
"R",344,"Y","R344Y",-0.281331288217012
"E",345,"A","E345A",0.146152670697601
"E",345,"C","E345C",-0.273286389913318
"E",345,"D","E345D",-0.140785004068735
"E",345,"F","E345F",-0.200388064955383
"E",345,"G","E345G",-0.606653212164968
"E",345,"H","E345H",0.273932938599513
"E",345,"I","E345I",0.0735372764142503
"E",345,"K","E345K",0.206061897874553
"E",345,"L","E345L",0.508858174157349
"E",345,"M","E345M",0.399454254505004
"E",345,"N","E345N",0.188396393545579
"E",345,"P","E345P",-0.174813402447839
"E",345,"Q","E345Q",0.175528660818127
"E",345,"R","E345R",-0.0313654652682891
"E",345,"S","E345S",0.0580961075746578
"E",345,"T","E345T",-0.631199551717416
"E",345,"V","E345V",-0.0295595318226377
"E",345,"W","E345W",-0.14219513590481
"E",345,"Y","E345Y",0.0491264779391569
"P",346,"A","P346A",-0.165766261891427
"P",346,"C","P346C",-0.240781419408631
"P",346,"D","P346D",-0.487940735052667
"P",346,"E","P346E",1.30885354203581
"P",346,"F","P346F",-0.000537175812410401
"P",346,"G","P346G",-0.219965569019063
"P",346,"H","P346H",-0.489884745429305
"P",346,"I","P346I",-0.617740306346923
"P",346,"K","P346K",0.787653687853238
"P",346,"L","P346L",-0.885761354534868
"P",346,"M","P346M",-0.0568824758172709
"P",346,"N","P346N",-0.250615621343194
"P",346,"Q","P346Q",0.0129581623308793
"P",346,"R","P346R",0.0932161190306862
"P",346,"S","P346S",-0.445114550980956
"P",346,"T","P346T",0.115153112376667
"P",346,"V","P346V",-0.573147996349209
"P",346,"W","P346W",1.18241898932551
"P",346,"Y","P346Y",0.341939467781946
"Q",347,"A","Q347A",0.0163866301857878
"Q",347,"C","Q347C",0.0140630050997319
"Q",347,"D","Q347D",0.292907520925633
"Q",347,"E","Q347E",0.130017056246943
"Q",347,"F","Q347F",-0.407662381716477
"Q",347,"G","Q347G",-1.15441084318626
"Q",347,"H","Q347H",0.186731311114737
"Q",347,"I","Q347I",-0.397341400362588
"Q",347,"K","Q347K",-0.199426516971383
"Q",347,"L","Q347L",-0.423240917823594
"Q",347,"M","Q347M",-0.016179819038188
"Q",347,"N","Q347N",-0.374330097525503
"Q",347,"P","Q347P",0.103348487979736
"Q",347,"R","Q347R",0.140042753609759
"Q",347,"S","Q347S",-0.211732924068145
"Q",347,"T","Q347T",-0.245692991529642
"Q",347,"V","Q347V",-0.573314441224343
"Q",347,"W","Q347W",-0.234453215855075
"Q",347,"Y","Q347Y",-0.532630726867772
"V",348,"A","V348A",0.303230492572955
"V",348,"C","V348C",-0.248890927380006
"V",348,"D","V348D",0.504299454452314
"V",348,"E","V348E",-0.150722371475608
"V",348,"F","V348F",-0.325724784145018
"V",348,"G","V348G",0.227708614827342
"V",348,"H","V348H",-0.462780159472733
"V",348,"I","V348I",-0.063310313814568
"V",348,"K","V348K",-0.467613307247928
"V",348,"L","V348L",0.00620400760323571
"V",348,"M","V348M",-0.0815326667606462
"V",348,"N","V348N",0.886912653951181
"V",348,"P","V348P",-0.1734616599637
"V",348,"Q","V348Q",0.14008100622987
"V",348,"R","V348R",-0.288720773781969
"V",348,"S","V348S",-0.034026498819409
"V",348,"T","V348T",-0.218298763138416
"V",348,"W","V348W",0.530921780789928
"V",348,"Y","V348Y",-0.378610780103678
"Y",349,"A","Y349A",0.305115456411673
"Y",349,"C","Y349C",0.578056153175664
"Y",349,"D","Y349D",-0.0353158548233466
"Y",349,"E","Y349E",-0.26127806313188
"Y",349,"F","Y349F",0.461549792267925
"Y",349,"G","Y349G",-0.253219349276154
"Y",349,"H","Y349H",0.5657971899202
"Y",349,"I","Y349I",-0.491152616697329
"Y",349,"K","Y349K",-0.231196207884832
"Y",349,"L","Y349L",-0.0817883771286194
"Y",349,"M","Y349M",-0.407472552965075
"Y",349,"N","Y349N",0.212394371119439
"Y",349,"P","Y349P",-0.0894601883008256
"Y",349,"Q","Y349Q",-0.242028321293614
"Y",349,"R","Y349R",-0.102661775047831
"Y",349,"S","Y349S",0.0531831471165586
"Y",349,"T","Y349T",-0.213332432793391
"Y",349,"V","Y349V",0.0813738583845997
"Y",349,"W","Y349W",-0.194428393858236
"T",350,"A","T350A",-1.44768008864344
"T",350,"C","T350C",-0.445781550579976
"T",350,"D","T350D",-0.493786960323493
"T",350,"E","T350E",-0.905890334231881
"T",350,"F","T350F",-0.133806343710931
"T",350,"G","T350G",-0.948373550378986
"T",350,"H","T350H",-1.03961807012777
"T",350,"I","T350I",-0.370987441393404
"T",350,"K","T350K",-0.288373192938525
"T",350,"L","T350L",-0.744802660912111
"T",350,"M","T350M",0.155991419879606
"T",350,"N","T350N",-1.51566845062325
"T",350,"P","T350P",-0.119982451531667
"T",350,"Q","T350Q",-0.105174325370158
"T",350,"R","T350R",-0.123227699393586
"T",350,"S","T350S",-1.5455531238555
"T",350,"V","T350V",-0.36010442585984
"T",350,"W","T350W",-0.16673645932014
"T",350,"Y","T350Y",-0.242806815011012
"L",351,"A","L351A",-0.807826016653449
"L",351,"C","L351C",0.226805004391194
"L",351,"D","L351D",-0.304230960048875
"L",351,"E","L351E",-0.0597664938414666
"L",351,"F","L351F",-0.741553827934285
"L",351,"G","L351G",-0.469908222038837
"L",351,"H","L351H",-0.42746188642364
"L",351,"I","L351I",0.0917731257759354
"L",351,"K","L351K",-0.714017925339483
"L",351,"M","L351M",-0.0441927099994686
"L",351,"N","L351N",-0.459485340909042
"L",351,"P","L351P",-1.3279673123858
"L",351,"Q","L351Q",0.13222451747666
"L",351,"R","L351R",0.894326629590945
"L",351,"S","L351S",-1.25209443524949
"L",351,"T","L351T",0.0920905753914843
"L",351,"V","L351V",-0.0155960869057465
"L",351,"W","L351W",-0.817604242932222
"L",351,"Y","L351Y",-0.173455604514584
"P",352,"A","P352A",-0.0153681786959005
"P",352,"C","P352C",-1.05141293224754
"P",352,"D","P352D",-0.532909868597785
"P",352,"E","P352E",-0.206325458524749
"P",352,"F","P352F",-0.219671681116648
"P",352,"G","P352G",-0.0746762275853608
"P",352,"H","P352H",-0.0240637145743839
"P",352,"I","P352I",-0.261142399612854
"P",352,"K","P352K",0.702206653483835
"P",352,"L","P352L",-0.329246299830951
"P",352,"M","P352M",-0.00690505775624431
"P",352,"N","P352N",-0.040419907766235
"P",352,"Q","P352Q",0.0523746428055791
"P",352,"R","P352R",0.426769356650972
"P",352,"S","P352S",-0.365787110176176
"P",352,"T","P352T",-0.212522155278251
"P",352,"V","P352V",0.269245286258206
"P",352,"W","P352W",0.254446422671732
"P",352,"Y","P352Y",-0.727041424492773
"P",353,"A","P353A",-0.0115573613246996
"P",353,"C","P353C",-0.0843810230352589
"P",353,"D","P353D",-0.0435844916713122
"P",353,"E","P353E",0.133943646598997
"P",353,"F","P353F",-0.288980169692418
"P",353,"G","P353G",0.0516380815874143
"P",353,"H","P353H",0.281615973642071
"P",353,"I","P353I",-0.262379794422834
"P",353,"K","P353K",0.0742452607273868
"P",353,"L","P353L",-0.341058244001068
"P",353,"M","P353M",-0.285195024394979
"P",353,"N","P353N",-0.149937597940542
"P",353,"Q","P353Q",-0.125303921275209
"P",353,"R","P353R",0.0842860317057977
"P",353,"S","P353S",-0.547203290357986
"P",353,"T","P353T",-0.360799558434459
"P",353,"V","P353V",-0.202960707926346
"P",353,"W","P353W",-0.168902014908396
"P",353,"Y","P353Y",-0.331036847933223
"S",354,"A","S354A",0.532409172450127
"S",354,"C","S354C",0.0844802741507122
"S",354,"D","S354D",0.0544827682617137
"S",354,"E","S354E",0.109705146909116
"S",354,"F","S354F",0.0617757558747529
"S",354,"G","S354G",-0.160884842902859
"S",354,"H","S354H",-0.147475370284201
"S",354,"I","S354I",-0.314753431875828
"S",354,"K","S354K",0.277795188735801
"S",354,"L","S354L",0.0487297154491101
"S",354,"M","S354M",-0.00787542495083427
"S",354,"N","S354N",-0.269588223890321
"S",354,"P","S354P",-0.182479623618238
"S",354,"Q","S354Q",-0.230249073131298
"S",354,"R","S354R",1.35011865453194
"S",354,"T","S354T",0.000625388982352017
"S",354,"V","S354V",-0.532958350716969
"S",354,"W","S354W",-0.0791856833751453
"S",354,"Y","S354Y",0.267130109708022
"R",355,"A","R355A",-0.177770967834154
"R",355,"C","R355C",-0.18502782832186
"R",355,"D","R355D",-0.664370010241002
"R",355,"E","R355E",-0.129129543052032
"R",355,"F","R355F",-0.271276758264396
"R",355,"G","R355G",-0.264924198941763
"R",355,"H","R355H",0.167995424008791
"R",355,"I","R355I",-0.261842094856505
"R",355,"K","R355K",0.0989889458272192
"R",355,"L","R355L",-0.122295299740171
"R",355,"M","R355M",-0.0768897023294764
"R",355,"N","R355N",-0.0694845558835804
"R",355,"P","R355P",-0.0776759502825324
"R",355,"Q","R355Q",0.126568426615863
"R",355,"S","R355S",-0.279047327063504
"R",355,"T","R355T",-0.0321178645732023
"R",355,"V","R355V",-0.316763885958239
"R",355,"W","R355W",0.0575250580197437
"R",355,"Y","R355Y",0.115845003986492
"D",356,"A","D356A",0.125867408036542
"D",356,"C","D356C",-0.310647912277757
"D",356,"E","D356E",0.0454216025009356
"D",356,"F","D356F",0.162930024249545
"D",356,"G","D356G",0.419863931652134
"D",356,"H","D356H",-0.326569280478345
"D",356,"I","D356I",-0.0908488336718938
"D",356,"K","D356K",0.0924798859577536
"D",356,"L","D356L",0.0336995002978306
"D",356,"M","D356M",0.254876552840019
"D",356,"N","D356N",0.17533997308287
"D",356,"P","D356P",0.178792167464102
"D",356,"Q","D356Q",0.528909363302557
"D",356,"R","D356R",0.266642452307008
"D",356,"S","D356S",-0.0693521326796136
"D",356,"T","D356T",-0.30335946027252
"D",356,"V","D356V",-0.223788557756543
"D",356,"W","D356W",0.498616086210657
"D",356,"Y","D356Y",-0.0768977570025849
"E",357,"A","E357A",-0.178306717752617
"E",357,"C","E357C",-0.0105293626938456
"E",357,"D","E357D",0.136728595130906
"E",357,"F","E357F",-0.0242871247493375
"E",357,"G","E357G",0.0916600033228339
"E",357,"H","E357H",0.166286255008535
"E",357,"I","E357I",0.0248842883655896
"E",357,"K","E357K",0.352402014864586
"E",357,"L","E357L",-0.279153102287713
"E",357,"M","E357M",-0.364869667426498
"E",357,"N","E357N",0.0350218234465132
"E",357,"Q","E357Q",0.242214202194834
"E",357,"R","E357R",0.239469784159409
"E",357,"S","E357S",-0.150412640962412
"E",357,"T","E357T",0.0708734412252378
"E",357,"V","E357V",0.0171076226497557
"E",357,"W","E357W",-0.0378136932483666
"E",357,"Y","E357Y",-0.0418297016030161
"L",358,"A","L358A",0.151056651718443
"L",358,"C","L358C",0.18441274957959
"L",358,"D","L358D",-0.0723810751962301
"L",358,"E","L358E",-0.0381032533595807
"L",358,"F","L358F",0.0799222303856309
"L",358,"G","L358G",-0.220230498628833
"L",358,"H","L358H",-0.342083486378204
"L",358,"I","L358I",0.316823103891395
"L",358,"K","L358K",-0.167719876062416
"L",358,"M","L358M",-0.0213097085010786
"L",358,"N","L358N",0.0624571807201402
"L",358,"P","L358P",-0.304901808111134
"L",358,"Q","L358Q",0.0767478430592264
"L",358,"R","L358R",0.0981379791365845
"L",358,"S","L358S",-0.11695896221069
"L",358,"T","L358T",0.202741191214251
"L",358,"V","L358V",-0.0958775623251077
"L",358,"W","L358W",-0.564509154758193
"L",358,"Y","L358Y",0.09377296369506
"T",359,"A","T359A",0.0676101890702834
"T",359,"C","T359C",-0.0922197747196875
"T",359,"D","T359D",-0.234574848883788
"T",359,"E","T359E",-0.283681287843217
"T",359,"F","T359F",-0.0251125176207625
"T",359,"G","T359G",0.000599197131033818
"T",359,"H","T359H",0.00825561467750561
"T",359,"I","T359I",0.0841361758180739
"T",359,"K","T359K",0.114348275167014
"T",359,"L","T359L",-0.486168437310328
"T",359,"M","T359M",0.00498550932261168
"T",359,"N","T359N",-0.108127288487742
"T",359,"P","T359P",0.129595729672708
"T",359,"Q","T359Q",-0.0887412706372942
"T",359,"R","T359R",0.338079149145892
"T",359,"S","T359S",-0.118830554652727
"T",359,"V","T359V",-0.153714018477636
"T",359,"W","T359W",0.0710156126836224
"T",359,"Y","T359Y",0.118941033676749
"K",360,"A","K360A",-0.0717619051030903
"K",360,"C","K360C",0.0467847705146855
"K",360,"D","K360D",0.228340132009687
"K",360,"E","K360E",-0.201334463086287
"K",360,"F","K360F",-0.125639522432077
"K",360,"G","K360G",-0.09870413228622
"K",360,"H","K360H",-0.691837101547907
"K",360,"I","K360I",0.16220013838817
"K",360,"L","K360L",-0.228901821427932
"K",360,"M","K360M",-0.292091333222892
"K",360,"N","K360N",-0.130284207615246
"K",360,"P","K360P",0.0420736751236947
"K",360,"Q","K360Q",0.055803247018449
"K",360,"R","K360R",0.341519434048668
"K",360,"S","K360S",0.302289854130431
"K",360,"T","K360T",0.0299776552693953
"K",360,"V","K360V",-0.689179001818731
"K",360,"W","K360W",-0.296128757562029
"K",360,"Y","K360Y",-0.116539911474966
"N",361,"A","N361A",-0.372083129942767
"N",361,"C","N361C",-0.26595880504955
"N",361,"D","N361D",0.163277013308678
"N",361,"E","N361E",0.00779780541672346
"N",361,"F","N361F",-0.0184220775799406
"N",361,"G","N361G",-0.2218922458412
"N",361,"H","N361H",-0.0735229278327707
"N",361,"I","N361I",0.432802251125
"N",361,"K","N361K",-0.0211983723953972
"N",361,"L","N361L",0.00525068781424596
"N",361,"M","N361M",-0.27343439084318
"N",361,"P","N361P",-0.0574839008337278
"N",361,"Q","N361Q",-0.588961092157205
"N",361,"R","N361R",-0.214531342876034
"N",361,"S","N361S",-0.417823070729854
"N",361,"T","N361T",-0.0238061642418446
"N",361,"V","N361V",-0.124471776065922
"N",361,"W","N361W",0.260054900278946
"N",361,"Y","N361Y",0.173059451272971
"Q",362,"A","Q362A",0.491043943816091
"Q",362,"C","Q362C",0.187129333647785
"Q",362,"D","Q362D",0.188204781922525
"Q",362,"E","Q362E",-0.0573551672890616
"Q",362,"F","Q362F",-0.309737618972085
"Q",362,"G","Q362G",-0.0812765553786464
"Q",362,"H","Q362H",0.406769867402499
"Q",362,"I","Q362I",-0.163947504935664
"Q",362,"K","Q362K",0.226531669507542
"Q",362,"L","Q362L",-0.115189304000806
"Q",362,"M","Q362M",0.202376946313355
"Q",362,"N","Q362N",0.282805137161007
"Q",362,"P","Q362P",0.19092143178763
"Q",362,"R","Q362R",-0.132383150909629
"Q",362,"S","Q362S",-0.715610703165859
"Q",362,"T","Q362T",0.320916945072928
"Q",362,"V","Q362V",-0.265810281738801
"Q",362,"W","Q362W",-0.502117286744027
"Q",362,"Y","Q362Y",0.101940627466405
"V",363,"A","V363A",-0.142074582080925
"V",363,"C","V363C",-0.267104646877701
"V",363,"D","V363D",-0.101030949593265
"V",363,"E","V363E",-0.0745644092404695
"V",363,"F","V363F",0.173927572137003
"V",363,"G","V363G",0.00837801805670721
"V",363,"H","V363H",0.262613245890464
"V",363,"I","V363I",0.00924986933516278
"V",363,"K","V363K",-0.120066962795743
"V",363,"L","V363L",0.705923003987014
"V",363,"M","V363M",-0.519556139900635
"V",363,"N","V363N",-0.328848753583598
"V",363,"P","V363P",0.240824830046027
"V",363,"Q","V363Q",-0.624460537547674
"V",363,"R","V363R",-0.480521083019486
"V",363,"S","V363S",0.160242480485411
"V",363,"T","V363T",-0.00537617981523956
"V",363,"W","V363W",-0.230664796556043
"V",363,"Y","V363Y",0.435459502511238
"S",364,"A","S364A",-0.567071886065538
"S",364,"C","S364C",-0.395140252494336
"S",364,"D","S364D",-0.129342075853917
"S",364,"E","S364E",-0.103653628088196
"S",364,"F","S364F",-0.0672907443452501
"S",364,"G","S364G",0.0160293023953896
"S",364,"H","S364H",-0.121405189469032
"S",364,"I","S364I",-0.125902326988871
"S",364,"K","S364K",-0.401575886663804
"S",364,"L","S364L",-0.198215018308709
"S",364,"M","S364M",-0.0188297774803277
"S",364,"N","S364N",0.563747953798396
"S",364,"P","S364P",-0.234987036670607
"S",364,"Q","S364Q",-0.153500013190542
"S",364,"R","S364R",-0.59554871475168
"S",364,"T","S364T",-0.28455210359606
"S",364,"V","S364V",-0.136912844671794
"S",364,"W","S364W",-0.330174335483269
"S",364,"Y","S364Y",-0.203267690609784
"L",365,"A","L365A",0.268885649155712
"L",365,"C","L365C",-0.37295141096823
"L",365,"D","L365D",-0.0805220795474583
"L",365,"E","L365E",-0.743531716390538
"L",365,"F","L365F",-0.377692772374054
"L",365,"G","L365G",0.117992667918139
"L",365,"H","L365H",-0.808478888436102
"L",365,"I","L365I",-0.0393951198453567
"L",365,"K","L365K",0.0250433648635042
"L",365,"M","L365M",-0.157037876745426
"L",365,"N","L365N",0.0376017121604974
"L",365,"P","L365P",0.157514738705417
"L",365,"Q","L365Q",0.160828382341579
"L",365,"R","L365R",-0.210777581058819
"L",365,"S","L365S",-0.0518804258092162
"L",365,"T","L365T",-0.0891566793604899
"L",365,"V","L365V",0.402185077362787
"L",365,"W","L365W",-0.273627153476105
"L",365,"Y","L365Y",-0.108573403094611
"T",366,"A","T366A",-0.254730865451638
"T",366,"C","T366C",-0.842626344615338
"T",366,"D","T366D",0.899095844796996
"T",366,"E","T366E",-0.0844705213685154
"T",366,"F","T366F",-0.608487774519251
"T",366,"G","T366G",-0.50590621317325
"T",366,"H","T366H",-0.0698636825006758
"T",366,"I","T366I",0.432888385832173
"T",366,"K","T366K",0.221833488893424
"T",366,"L","T366L",-1.16162549118605
"T",366,"M","T366M",-0.043697653348674
"T",366,"N","T366N",-0.0370994979022098
"T",366,"P","T366P",0.152215174543255
"T",366,"Q","T366Q",0.200195698656843
"T",366,"R","T366R",0.598028206480976
"T",366,"S","T366S",0.26856678361702
"T",366,"V","T366V",-0.940384121962465
"T",366,"W","T366W",0.389185574459641
"T",366,"Y","T366Y",-0.363890207267531
"C",367,"A","C367A",-0.274326023080191
"C",367,"D","C367D",0.312531485720422
"C",367,"E","C367E",-0.106662974133295
"C",367,"F","C367F",0.301349659424971
"C",367,"G","C367G",-0.142457513199626
"C",367,"H","C367H",-1.60251275523927
"C",367,"I","C367I",-0.0483602066751847
"C",367,"K","C367K",-0.0298490528092817
"C",367,"L","C367L",-0.262322590931676
"C",367,"M","C367M",-0.456479435153098
"C",367,"N","C367N",0.0147374574567955
"C",367,"P","C367P",-0.147403907789432
"C",367,"Q","C367Q",-0.118402561401989
"C",367,"R","C367R",0.425481828983982
"C",367,"S","C367S",0.225475069047041
"C",367,"T","C367T",-0.12783191857215
"C",367,"V","C367V",-0.101774930222857
"C",367,"W","C367W",0.289665231145465
"C",367,"Y","C367Y",0.298410161502488
"L",368,"A","L368A",-0.24521211419208
"L",368,"C","L368C",0.0588248997436441
"L",368,"D","L368D",-0.222668004148923
"L",368,"E","L368E",-0.0789863106607711
"L",368,"F","L368F",-0.0420213753475054
"L",368,"G","L368G",0.246373092177854
"L",368,"H","L368H",-0.0586984675512687
"L",368,"I","L368I",-0.455929577238647
"L",368,"K","L368K",0.309918725872842
"L",368,"M","L368M",0.0710353285062791
"L",368,"N","L368N",0.178181336860645
"L",368,"P","L368P",0.258780365195451
"L",368,"Q","L368Q",-0.17403742093505
"L",368,"R","L368R",0.200269125023536
"L",368,"S","L368S",0.262111266546922
"L",368,"T","L368T",-0.0924129198840819
"L",368,"V","L368V",-0.112697274472818
"L",368,"W","L368W",-0.133564953405649
"L",368,"Y","L368Y",0.0124828276057992
"V",369,"A","V369A",0.0150965544427441
"V",369,"C","V369C",0.215294241732493
"V",369,"D","V369D",0.272759422814334
"V",369,"E","V369E",0.105667908289636
"V",369,"F","V369F",0.125218992234345
"V",369,"G","V369G",-0.187966441285544
"V",369,"H","V369H",-0.352851447048764
"V",369,"I","V369I",0.174888353918905
"V",369,"K","V369K",-0.0455285158191573
"V",369,"L","V369L",-0.203944865900215
"V",369,"M","V369M",-0.292766641278276
"V",369,"N","V369N",0.0352127982008734
"V",369,"P","V369P",-0.284426127660977
"V",369,"Q","V369Q",-0.28585981722975
"V",369,"R","V369R",0.554100197812795
"V",369,"S","V369S",-0.253524998688851
"V",369,"T","V369T",0.175367520633621
"V",369,"W","V369W",0.158695684273356
"V",369,"Y","V369Y",0.325455693159849
"K",370,"C","K370C",-0.681027067474155
"K",370,"D","K370D",-0.290306040781736
"K",370,"E","K370E",0.296635233476157
"K",370,"F","K370F",-0.434644533774267
"K",370,"G","K370G",-0.0283294554571485
"K",370,"H","K370H",-0.0479446118222355
"K",370,"I","K370I",-0.378008582907159
"K",370,"L","K370L",-0.163944331250299
"K",370,"M","K370M",0.404391620278774
"K",370,"N","K370N",0.0303157623045439
"K",370,"P","K370P",-0.357145327532402
"K",370,"Q","K370Q",-0.0548285020831646
"K",370,"R","K370R",1.09477227009042
"K",370,"S","K370S",0.363151575956191
"K",370,"T","K370T",-0.411657360557014
"K",370,"V","K370V",0.0131533761549169
"K",370,"W","K370W",-0.0676260344492776
"K",370,"Y","K370Y",-0.106995949981271
"G",371,"A","G371A",-0.307768761272693
"G",371,"C","G371C",-0.205067454413126
"G",371,"D","G371D",-0.00223744783604945
"G",371,"E","G371E",0.117446739205506
"G",371,"F","G371F",0.300816014667621
"G",371,"H","G371H",-0.0835125091890043
"G",371,"I","G371I",-0.149236793255118
"G",371,"K","G371K",0.0611988265377111
"G",371,"L","G371L",-0.149624149935513
"G",371,"M","G371M",-0.437918339890346
"G",371,"N","G371N",0.434839495118481
"G",371,"P","G371P",-0.986896564486233
"G",371,"Q","G371Q",-0.119399240706127
"G",371,"R","G371R",-0.517527109055992
"G",371,"S","G371S",-0.0929192393693162
"G",371,"T","G371T",0.164695088584552
"G",371,"V","G371V",-0.189099190483864
"G",371,"W","G371W",0.0173491818221924
"G",371,"Y","G371Y",-0.201565869088817
"F",372,"A","F372A",-0.0838557444022296
"F",372,"C","F372C",-0.515661230287441
"F",372,"D","F372D",1.03059191198679
"F",372,"E","F372E",0.302125489210625
"F",372,"G","F372G",0.252551361319642
"F",372,"H","F372H",-1.01440053145481
"F",372,"I","F372I",-1.28210800633072
"F",372,"K","F372K",-0.865897937858386
"F",372,"L","F372L",-1.33608287345213
"F",372,"M","F372M",-0.292931949163802
"F",372,"N","F372N",0.210488141280594
"F",372,"P","F372P",-0.769686452241966
"F",372,"Q","F372Q",-0.894164479304447
"F",372,"R","F372R",0.673586757940738
"F",372,"S","F372S",0.10855098002007
"F",372,"T","F372T",0.238657516650882
"F",372,"V","F372V",-1.20389618136658
"F",372,"W","F372W",-0.687557502187229
"F",372,"Y","F372Y",-0.837343190165274
"Y",373,"A","Y373A",0.00212898009587679
"Y",373,"C","Y373C",-1.19986286306811
"Y",373,"D","Y373D",-0.0395344474924014
"Y",373,"E","Y373E",-0.164594374628662
"Y",373,"F","Y373F",0.253694613956692
"Y",373,"G","Y373G",-1.52218025909361
"Y",373,"H","Y373H",0.475845269351639
"Y",373,"I","Y373I",-0.167541408207391
"Y",373,"K","Y373K",0.565866844720219
"Y",373,"L","Y373L",0.23239222207422
"Y",373,"M","Y373M",-1.09056589400402
"Y",373,"N","Y373N",-0.74571820880905
"Y",373,"P","Y373P",-1.02898825971005
"Y",373,"Q","Y373Q",-0.138597845206713
"Y",373,"R","Y373R",-0.510382676512448
"Y",373,"S","Y373S",-0.939362994126156
"Y",373,"T","Y373T",0.149460417118088
"Y",373,"V","Y373V",-0.616638399547323
"Y",373,"W","Y373W",-0.716080808540451
"P",374,"A","P374A",-0.963691208746322
"P",374,"C","P374C",-0.228813572723884
"P",374,"D","P374D",-1.93646229215762
"P",374,"E","P374E",0.321539546972476
"P",374,"F","P374F",-0.729709901408806
"P",374,"G","P374G",0.625770820144346
"P",374,"H","P374H",-1.71514048535947
"P",374,"I","P374I",-1.39783492949932
"P",374,"K","P374K",-1.71442601866662
"P",374,"L","P374L",-0.4994795686508
"P",374,"M","P374M",-0.994367414973447
"P",374,"N","P374N",-0.374780791009716
"P",374,"Q","P374Q",-0.716506015063239
"P",374,"R","P374R",-1.18377570489091
"P",374,"S","P374S",-0.072718119255344
"P",374,"T","P374T",-0.384527444600501
"P",374,"V","P374V",-1.24380077004984
"P",374,"W","P374W",-0.659487614272692
"P",374,"Y","P374Y",0.391397046204847
"S",375,"A","S375A",-0.150665163050447
"S",375,"C","S375C",0.14982724712568
"S",375,"D","S375D",-0.564281433642609
"S",375,"E","S375E",-0.32768601295684
"S",375,"F","S375F",-0.948439338026595
"S",375,"G","S375G",-0.359611745264675
"S",375,"H","S375H",-0.409181672134959
"S",375,"I","S375I",-0.410020027536709
"S",375,"K","S375K",-0.477702949497776
"S",375,"L","S375L",-1.47815344720006
"S",375,"M","S375M",-0.668220314632975
"S",375,"N","S375N",-0.989059294080783
"S",375,"P","S375P",-0.0676066802089958
"S",375,"Q","S375Q",-0.207303005840607
"S",375,"R","S375R",-1.79736634356953
"S",375,"T","S375T",0.830386748084664
"S",375,"V","S375V",0.694984817709654
"S",375,"W","S375W",-0.47515150501938
"S",375,"Y","S375Y",-0.856563108689599
"D",376,"A","D376A",0.206805355566929
"D",376,"C","D376C",-0.37039031398147
"D",376,"E","D376E",0.206136012844996
"D",376,"F","D376F",-1.37084512362063
"D",376,"G","D376G",-0.203241808166246
"D",376,"H","D376H",-0.21543275762208
"D",376,"I","D376I",-0.919778391322137
"D",376,"K","D376K",-0.0987575945700711
"D",376,"L","D376L",0.29612782844885
"D",376,"M","D376M",-0.144071841070598
"D",376,"N","D376N",-0.123990459798752
"D",376,"P","D376P",-1.56220242440606
"D",376,"Q","D376Q",0.684541860974443
"D",376,"R","D376R",-0.882271197980339
"D",376,"S","D376S",-0.500914708906694
"D",376,"T","D376T",-0.990623452851131
"D",376,"V","D376V",0.27323678834486
"D",376,"W","D376W",0.0030727559196609
"D",376,"Y","D376Y",-0.886841387832159
"I",377,"A","I377A",0.409693239523343
"I",377,"C","I377C",0.234619915399036
"I",377,"D","I377D",-0.156529813390714
"I",377,"E","I377E",0.0808594873804397
"I",377,"F","I377F",-0.545182707792965
"I",377,"G","I377G",-0.282236190390917
"I",377,"H","I377H",0.326557456509379
"I",377,"K","I377K",0.186132125323243
"I",377,"L","I377L",0.0218526367096441
"I",377,"M","I377M",-0.372220150216871
"I",377,"N","I377N",-0.1288322895264
"I",377,"P","I377P",-1.40280539713898
"I",377,"Q","I377Q",-1.69951559013021
"I",377,"R","I377R",-0.245619086480766
"I",377,"S","I377S",0.111436638763024
"I",377,"T","I377T",0.343426748980157
"I",377,"V","I377V",-0.136021858840384
"I",377,"W","I377W",-0.0548925277237277
"I",377,"Y","I377Y",-0.354023420271491
"A",378,"C","A378C",-0.602424871217859
"A",378,"D","A378D",-0.182548627383188
"A",378,"E","A378E",-0.386457523622591
"A",378,"F","A378F",0.655600169170293
"A",378,"G","A378G",0.0906611146482537
"A",378,"H","A378H",0.0297704351734241
"A",378,"I","A378I",-0.00160866502754503
"A",378,"K","A378K",-0.432153922687884
"A",378,"L","A378L",1.81977627606172
"A",378,"M","A378M",0.358415955052537
"A",378,"N","A378N",0.00196411693048499
"A",378,"P","A378P",-0.259270459403608
"A",378,"Q","A378Q",0.422362714032419
"A",378,"R","A378R",0.350904212883235
"A",378,"S","A378S",-0.00968558902561646
"A",378,"T","A378T",0.139821960777153
"A",378,"V","A378V",-0.203676594602994
"A",378,"W","A378W",-0.0113651659314128
"A",378,"Y","A378Y",0.0748985398194087
"V",379,"A","V379A",-0.315367681702151
"V",379,"C","V379C",0.219720573606079
"V",379,"D","V379D",-0.409520595571179
"V",379,"E","V379E",-0.780408856868962
"V",379,"F","V379F",-0.854925300473998
"V",379,"G","V379G",0.264733397339013
"V",379,"H","V379H",0.133383759232381
"V",379,"I","V379I",-0.206441973081433
"V",379,"K","V379K",-0.45469806775243
"V",379,"L","V379L",-0.671802188759642
"V",379,"M","V379M",-0.677318355323278
"V",379,"N","V379N",-0.255156154411077
"V",379,"P","V379P",0.104888464816184
"V",379,"Q","V379Q",-0.680007660804069
"V",379,"R","V379R",-0.936661098772371
"V",379,"S","V379S",0.334787077543287
"V",379,"T","V379T",-0.109149460663707
"V",379,"W","V379W",0.0970814815529744
"V",379,"Y","V379Y",0.0468454333395321
"E",380,"A","E380A",0.411328573294558
"E",380,"C","E380C",0.547727287796045
"E",380,"D","E380D",0.00757296706523058
"E",380,"F","E380F",0.654055163169523
"E",380,"G","E380G",0.417706109422966
"E",380,"H","E380H",0.408569182669565
"E",380,"I","E380I",0.493952289498977
"E",380,"K","E380K",0.900446282678336
"E",380,"L","E380L",0.322975091979447
"E",380,"M","E380M",0.357681270816442
"E",380,"N","E380N",0.18656472118037
"E",380,"P","E380P",0.516033795729161
"E",380,"Q","E380Q",0.113127788044938
"E",380,"R","E380R",-0.153602753563846
"E",380,"S","E380S",0.579924664222914
"E",380,"T","E380T",0.355567686417544
"E",380,"V","E380V",0.416191414309535
"E",380,"W","E380W",-0.0953340487945007
"E",380,"Y","E380Y",0.378819925984016
"W",381,"A","W381A",0.162804934524227
"W",381,"C","W381C",0.742449597135476
"W",381,"D","W381D",0.381530705509821
"W",381,"E","W381E",0.470491948341202
"W",381,"F","W381F",0.28290136213465
"W",381,"G","W381G",0.497809739346452
"W",381,"H","W381H",-0.281650543309672
"W",381,"I","W381I",-0.184949724705138
"W",381,"K","W381K",0.655896386290283
"W",381,"L","W381L",-0.525312257097043
"W",381,"M","W381M",0.576368739560398
"W",381,"N","W381N",0.712657340618934
"W",381,"P","W381P",0.806251204500126
"W",381,"Q","W381Q",0.222600505751955
"W",381,"R","W381R",0.849943466509602
"W",381,"S","W381S",1.05843063779181
"W",381,"T","W381T",0.445762226529502
"W",381,"V","W381V",0.415346062780611
"W",381,"Y","W381Y",-0.0894765091983623
"E",382,"A","E382A",-0.0371182517028318
"E",382,"C","E382C",0.590270119090082
"E",382,"D","E382D",-0.260722424663569
"E",382,"F","E382F",-0.0688313777821731
"E",382,"G","E382G",0.177800963017243
"E",382,"H","E382H",0.148906412689688
"E",382,"I","E382I",0.346323159657755
"E",382,"K","E382K",-0.163773644446583
"E",382,"L","E382L",-0.0342370618161733
"E",382,"M","E382M",-0.0250337992659724
"E",382,"N","E382N",-0.145902762507688
"E",382,"P","E382P",0.207581890545302
"E",382,"Q","E382Q",0.176397569504274
"E",382,"R","E382R",0.236500920992786
"E",382,"S","E382S",-0.236741112933642
"E",382,"T","E382T",0.361625065580759
"E",382,"V","E382V",0.520141110494308
"E",382,"W","E382W",-0.287358575127287
"E",382,"Y","E382Y",0.0254851268456003
"S",383,"A","S383A",0.0231303843977979
"S",383,"C","S383C",0.287008414981428
"S",383,"D","S383D",-0.140195733503803
"S",383,"E","S383E",-0.302275597695925
"S",383,"F","S383F",-0.193365152599003
"S",383,"G","S383G",0.209449503428593
"S",383,"H","S383H",0.0592990148923383
"S",383,"I","S383I",-0.230748539389381
"S",383,"K","S383K",0.057431890640797
"S",383,"L","S383L",-0.255471394336193
"S",383,"M","S383M",-0.174920407982686
"S",383,"N","S383N",-0.149355043095005
"S",383,"P","S383P",-0.272848605751104
"S",383,"Q","S383Q",-0.131726523201853
"S",383,"R","S383R",0.262811372853633
"S",383,"T","S383T",0.0171447024089091
"S",383,"V","S383V",-0.0406064281125096
"S",383,"W","S383W",-0.0175685690921405
"S",383,"Y","S383Y",0.384972574348053
"N",384,"A","N384A",0.373469321345593
"N",384,"C","N384C",-0.793579557713306
"N",384,"D","N384D",0.22802405882119
"N",384,"E","N384E",0.0466986577502291
"N",384,"F","N384F",-0.393417729273383
"N",384,"G","N384G",0.148304199628577
"N",384,"H","N384H",0.0435513893424124
"N",384,"I","N384I",0.0559943096548418
"N",384,"K","N384K",0.17361120323471
"N",384,"L","N384L",-0.120677408923122
"N",384,"M","N384M",-0.109546008592584
"N",384,"P","N384P",-0.584566446567396
"N",384,"Q","N384Q",-0.366823570189427
"N",384,"R","N384R",-0.614083989390027
"N",384,"S","N384S",-0.307406951687091
"N",384,"T","N384T",-0.0397271475149994
"N",384,"V","N384V",-0.178592524898838
"N",384,"W","N384W",-0.0566584268161902
"N",384,"Y","N384Y",0.00438322631520328
"G",385,"A","G385A",0.09300035224141
"G",385,"C","G385C",0.0699706861170591
"G",385,"D","G385D",0.0737615943278396
"G",385,"E","G385E",0.4993767804294
"G",385,"F","G385F",-0.0906934611903604
"G",385,"H","G385H",-0.0419256871209105
"G",385,"I","G385I",-0.53757267364897
"G",385,"K","G385K",-0.0554972782969375
"G",385,"L","G385L",-0.253517240192867
"G",385,"M","G385M",-0.385982614055296
"G",385,"N","G385N",0.464623064967882
"G",385,"P","G385P",-0.0326853759411073
"G",385,"Q","G385Q",-0.538223518244735
"G",385,"R","G385R",-0.152103674334751
"G",385,"S","G385S",-0.00652677681901012
"G",385,"T","G385T",-0.200905161305259
"G",385,"V","G385V",-0.0872107123172902
"G",385,"W","G385W",0.293553119256213
"G",385,"Y","G385Y",0.0179236581819241
"Q",386,"A","Q386A",-0.196448957478884
"Q",386,"C","Q386C",-0.317860139280951
"Q",386,"D","Q386D",-0.165756255116937
"Q",386,"E","Q386E",0.0360738118097714
"Q",386,"F","Q386F",-0.427163641124084
"Q",386,"G","Q386G",0.0161492184425561
"Q",386,"H","Q386H",-0.228452143725402
"Q",386,"I","Q386I",0.182113560460777
"Q",386,"K","Q386K",-0.0798115905855969
"Q",386,"L","Q386L",-0.519786704769595
"Q",386,"M","Q386M",0.0451072579030872
"Q",386,"N","Q386N",-0.452152854871817
"Q",386,"P","Q386P",-0.427527673264432
"Q",386,"R","Q386R",0.329560884228688
"Q",386,"S","Q386S",1.1137290424359
"Q",386,"V","Q386V",-0.170955375323443
"Q",386,"W","Q386W",-0.217282367474577
"Q",386,"Y","Q386Y",-0.753249386211795
"P",387,"A","P387A",0.280039989429316
"P",387,"C","P387C",-0.611609063021614
"P",387,"D","P387D",-0.497616221800506
"P",387,"E","P387E",-0.330169050586423
"P",387,"F","P387F",-0.373548109803591
"P",387,"G","P387G",-0.195832186996933
"P",387,"H","P387H",-0.667372920926685
"P",387,"I","P387I",0.0823919068367022
"P",387,"K","P387K",-0.110010404950289
"P",387,"L","P387L",0.442404500880057
"P",387,"M","P387M",-0.313235775908013
"P",387,"N","P387N",-0.171733708328371
"P",387,"Q","P387Q",-0.173479457585092
"P",387,"R","P387R",-0.146795274395899
"P",387,"S","P387S",-0.330429214127453
"P",387,"T","P387T",0.381204078267921
"P",387,"V","P387V",0.00468228897756988
"P",387,"W","P387W",-0.159617729739225
"P",387,"Y","P387Y",-0.655490766447815
"E",388,"A","E388A",0.0989231644284005
"E",388,"C","E388C",-0.0440831204960483
"E",388,"D","E388D",-0.331727954933915
"E",388,"F","E388F",0.0691143854194384
"E",388,"G","E388G",-0.0349059951335233
"E",388,"H","E388H",0.0199614090430094
"E",388,"I","E388I",-0.598614797118041
"E",388,"K","E388K",0.140183218568584
"E",388,"L","E388L",0.0824830961358814
"E",388,"M","E388M",-0.00212199107373189
"E",388,"N","E388N",-0.207235339663385
"E",388,"P","E388P",0.0607519830112472
"E",388,"Q","E388Q",0.0811515074965396
"E",388,"R","E388R",0.753849569613129
"E",388,"S","E388S",0.105457617377125
"E",388,"T","E388T",-0.269158290706309
"E",388,"V","E388V",0.172087286425693
"E",388,"W","E388W",0.18677705098201
"E",388,"Y","E388Y",-0.110785397394398
"N",389,"A","N389A",0.125588030330699
"N",389,"C","N389C",-0.351320827308284
"N",389,"D","N389D",-0.232270300592037
"N",389,"E","N389E",-0.366835788595671
"N",389,"F","N389F",0.246437306948896
"N",389,"G","N389G",1.13399512346049
"N",389,"H","N389H",-0.661364330616401
"N",389,"I","N389I",-0.280371192884604
"N",389,"K","N389K",0.133777927619859
"N",389,"L","N389L",-0.169903191247993
"N",389,"M","N389M",0.167593120256632
"N",389,"P","N389P",0.34990359595263
"N",389,"Q","N389Q",0.260974397474707
"N",389,"R","N389R",-0.137053952509581
"N",389,"S","N389S",0.106745768766219
"N",389,"T","N389T",0.0354897461813366
"N",389,"V","N389V",-0.0194241213451442
"N",389,"W","N389W",-0.305270039814636
"N",389,"Y","N389Y",0.0742540220508658
"N",390,"A","N390A",-1.08738986765026
"N",390,"C","N390C",0.473042482629065
"N",390,"D","N390D",-0.0103624849342751
"N",390,"E","N390E",0.0266153890263553
"N",390,"F","N390F",0.14946244840392
"N",390,"G","N390G",-0.385345228215662
"N",390,"H","N390H",0.145042109583302
"N",390,"I","N390I",0.388952518110572
"N",390,"K","N390K",0.0377458104220683
"N",390,"L","N390L",0.589473306412035
"N",390,"M","N390M",-0.011242877359928
"N",390,"P","N390P",-0.105908787490694
"N",390,"Q","N390Q",-0.203662114929685
"N",390,"R","N390R",0.142547067851186
"N",390,"S","N390S",0.165659536308423
"N",390,"T","N390T",-0.768856884263813
"N",390,"V","N390V",0.279182927603938
"N",390,"W","N390W",0.406413884285058
"N",390,"Y","N390Y",0.192398179544239
"Y",391,"A","Y391A",0.154463283044635
"Y",391,"C","Y391C",-0.230152615310128
"Y",391,"D","Y391D",-0.374919714930801
"Y",391,"E","Y391E",-0.42230887548939
"Y",391,"F","Y391F",-0.0678527458041077
"Y",391,"G","Y391G",0.00312976667545179
"Y",391,"H","Y391H",0.214892556307396
"Y",391,"I","Y391I",-0.0428544570778697
"Y",391,"K","Y391K",-0.567096941901415
"Y",391,"L","Y391L",-0.360218021378247
"Y",391,"M","Y391M",0.107089847646558
"Y",391,"N","Y391N",0.29662199783859
"Y",391,"P","Y391P",-0.603479783509942
"Y",391,"Q","Y391Q",0.170321113290516
"Y",391,"R","Y391R",0.288386702497087
"Y",391,"S","Y391S",0.0921588378916827
"Y",391,"T","Y391T",0.220343294876892
"Y",391,"V","Y391V",0.276156134089916
"Y",391,"W","Y391W",0.0817979678164421
"K",392,"A","K392A",0.142182828803676
"K",392,"C","K392C",0.0719992997381542
"K",392,"D","K392D",-0.195731931358788
"K",392,"E","K392E",0.229193308204118
"K",392,"F","K392F",0.218897486117234
"K",392,"G","K392G",-0.605933727204487
"K",392,"H","K392H",-0.104077192389564
"K",392,"I","K392I",-2.70880215901204
"K",392,"L","K392L",-0.508318384709031
"K",392,"M","K392M",-0.212323765177907
"K",392,"N","K392N",-0.131153562291884
"K",392,"P","K392P",0.254067445394782
"K",392,"Q","K392Q",0.116619281150993
"K",392,"R","K392R",0.0537245356639879
"K",392,"S","K392S",0.137909579569387
"K",392,"T","K392T",-0.418167880374639
"K",392,"V","K392V",-0.187553322314339
"K",392,"W","K392W",0.0246415276087135
"K",392,"Y","K392Y",0.322350074479761
"T",393,"A","T393A",0.0319408336831092
"T",393,"C","T393C",0.23138680443478
"T",393,"D","T393D",-0.460951904951619
"T",393,"E","T393E",0.0167785420919175
"T",393,"F","T393F",-0.446567712116777
"T",393,"G","T393G",-0.0334264498120185
"T",393,"H","T393H",-2.55480071870519
"T",393,"I","T393I",-1.23622021096975
"T",393,"K","T393K",-0.966016957471934
"T",393,"L","T393L",-1.11534074834088
"T",393,"M","T393M",-0.675346622750782
"T",393,"N","T393N",0.138282071124814
"T",393,"P","T393P",0.0181249545013045
"T",393,"Q","T393Q",-1.80422071551026
"T",393,"R","T393R",-0.752459693901261
"T",393,"S","T393S",-0.0907650446956324
"T",393,"V","T393V",0.142360760571374
"T",393,"W","T393W",-0.563707506986043
"T",393,"Y","T393Y",-0.321287623287271
"T",394,"A","T394A",0.371207103522633
"T",394,"C","T394C",0.241136363104897
"T",394,"D","T394D",0.0775116652753074
"T",394,"E","T394E",0.296646239926412
"T",394,"F","T394F",1.08302895600311
"T",394,"G","T394G",-0.102191889760783
"T",394,"H","T394H",-0.311943213882261
"T",394,"I","T394I",0.0492209918130227
"T",394,"K","T394K",-1.08244264845405
"T",394,"L","T394L",0.024325581802053
"T",394,"M","T394M",0.435443580224275
"T",394,"N","T394N",0.343760129420854
"T",394,"P","T394P",-0.572011535276498
"T",394,"Q","T394Q",-0.162696448509816
"T",394,"R","T394R",-0.28379760161036
"T",394,"S","T394S",0.0229990739232466
"T",394,"V","T394V",-1.28693318876712
"T",394,"W","T394W",0.136306137693436
"T",394,"Y","T394Y",0.265794944904001
"P",395,"A","P395A",-0.122041981881678
"P",395,"C","P395C",-0.0340800274285462
"P",395,"D","P395D",0.14187960820679
"P",395,"E","P395E",-0.264757817669381
"P",395,"F","P395F",0.127208636717198
"P",395,"G","P395G",0.189999400870858
"P",395,"H","P395H",-0.198055126742377
"P",395,"I","P395I",-0.475083501158077
"P",395,"K","P395K",-0.287560684371202
"P",395,"L","P395L",0.197465009167543
"P",395,"M","P395M",-0.0828064139337372
"P",395,"N","P395N",0.508257410184786
"P",395,"Q","P395Q",-0.254372818857471
"P",395,"R","P395R",-0.117226604308934
"P",395,"S","P395S",-0.0115050303714345
"P",395,"T","P395T",0.158550036592994
"P",395,"V","P395V",0.337700319992332
"P",395,"W","P395W",-0.204881946495518
"P",395,"Y","P395Y",0.366763265968359
"P",396,"A","P396A",-0.244757585706935
"P",396,"C","P396C",-0.676234926337556
"P",396,"D","P396D",-0.267496989786669
"P",396,"E","P396E",-0.859232367770918
"P",396,"F","P396F",0.210666530743943
"P",396,"G","P396G",-0.60604206412261
"P",396,"H","P396H",-0.160535143574268
"P",396,"I","P396I",-0.265604754578199
"P",396,"K","P396K",-0.244748984714499
"P",396,"L","P396L",0.30206436229704
"P",396,"M","P396M",0.186321709580161
"P",396,"N","P396N",0.144868974212492
"P",396,"Q","P396Q",0.0836180577213402
"P",396,"R","P396R",-0.122089101127295
"P",396,"S","P396S",-1.73303716616783
"P",396,"T","P396T",-0.49383765587242
"P",396,"V","P396V",0.0925748141787825
"P",396,"W","P396W",0.369635943888158
"P",396,"Y","P396Y",-0.0533114802063678
"V",397,"A","V397A",-0.0110090411307334
"V",397,"C","V397C",-0.817587944439742
"V",397,"D","V397D",0.357543860032306
"V",397,"E","V397E",-1.0332195709293
"V",397,"F","V397F",-0.472690034666978
"V",397,"G","V397G",-1.27877830741875
"V",397,"H","V397H",-0.780138471106335
"V",397,"I","V397I",-0.767587633697311
"V",397,"K","V397K",-0.486051709890775
"V",397,"L","V397L",-0.444323061495828
"V",397,"M","V397M",-0.129961574847607
"V",397,"N","V397N",-0.784415172212696
"V",397,"P","V397P",-0.386378232609359
"V",397,"Q","V397Q",-0.128880061080177
"V",397,"R","V397R",-1.00544793891309
"V",397,"S","V397S",-0.28351081212378
"V",397,"T","V397T",-0.329419023993651
"V",397,"W","V397W",-1.22755906170892
"V",397,"Y","V397Y",-0.77928981904299
"L",398,"A","L398A",-0.111165951364562
"L",398,"C","L398C",-0.280065352133885
"L",398,"D","L398D",0.178028008675862
"L",398,"E","L398E",-0.27944381443606
"L",398,"F","L398F",0.083230239080636
"L",398,"G","L398G",0.1223927113234
"L",398,"H","L398H",0.169595127400814
"L",398,"I","L398I",-0.322232854577271
"L",398,"K","L398K",-0.365194582516179
"L",398,"M","L398M",0.0896011597638109
"L",398,"N","L398N",-0.281421244680174
"L",398,"P","L398P",0.471881653406175
"L",398,"Q","L398Q",-0.0971920295459564
"L",398,"R","L398R",0.0377673215005449
"L",398,"S","L398S",-0.216866231514805
"L",398,"T","L398T",-0.920724283329561
"L",398,"V","L398V",-0.253895424318169
"L",398,"W","L398W",-0.205256204008748
"L",398,"Y","L398Y",0.0344905213551608
"D",399,"A","D399A",-1.40099453201115
"D",399,"C","D399C",-1.24657962937176
"D",399,"E","D399E",-2.01013976427754
"D",399,"F","D399F",-0.122353638789529
"D",399,"G","D399G",-0.170924266300663
"D",399,"H","D399H",-0.793961871097718
"D",399,"I","D399I",-2.9312732217803
"D",399,"K","D399K",-1.17667251828873
"D",399,"L","D399L",-2.21454212564215
"D",399,"M","D399M",-1.7497418040298
"D",399,"N","D399N",-1.89537064124234
"D",399,"P","D399P",-1.55705860775442
"D",399,"Q","D399Q",-0.461380628081882
"D",399,"R","D399R",-1.67368814243146
"D",399,"S","D399S",-1.12083687563231
"D",399,"T","D399T",-1.98098658005256
"D",399,"V","D399V",-2.3658793117897
"D",399,"W","D399W",0.0134167919146925
"D",399,"Y","D399Y",-1.15270299065695
"S",400,"A","S400A",0.0334322877871453
"S",400,"C","S400C",0.149052040625757
"S",400,"D","S400D",-0.167850364554143
"S",400,"E","S400E",-0.381048062853477
"S",400,"F","S400F",-0.5522035515152
"S",400,"G","S400G",0.125020333431163
"S",400,"H","S400H",0.110044579489191
"S",400,"I","S400I",-0.0476143612592531
"S",400,"K","S400K",-0.169870715198644
"S",400,"L","S400L",-0.327673648054517
"S",400,"M","S400M",0.0321187858969914
"S",400,"N","S400N",0.26569815047473
"S",400,"P","S400P",-0.539807239109618
"S",400,"Q","S400Q",-0.470043114847335
"S",400,"R","S400R",-0.0899404030705559
"S",400,"T","S400T",0.352837666449448
"S",400,"V","S400V",-0.0159976183589858
"S",400,"W","S400W",-0.0582810993689424
"S",400,"Y","S400Y",0.124133609172851
"D",401,"A","D401A",-0.0222528994521582
"D",401,"C","D401C",0.160928343756465
"D",401,"E","D401E",-0.0600428540166505
"D",401,"F","D401F",-0.159670361955996
"D",401,"G","D401G",-0.297011501837792
"D",401,"H","D401H",-0.110472031923365
"D",401,"I","D401I",-0.303087775433701
"D",401,"K","D401K",-0.502165352314809
"D",401,"L","D401L",-0.248939940733182
"D",401,"M","D401M",-0.838748248893939
"D",401,"N","D401N",-0.442946822175331
"D",401,"P","D401P",-1.07680896916685
"D",401,"Q","D401Q",-0.0796338345335457
"D",401,"R","D401R",0.190197303529359
"D",401,"S","D401S",-0.359962036854268
"D",401,"T","D401T",0.370564871072906
"D",401,"V","D401V",-0.643714934867841
"D",401,"W","D401W",-0.198676671004198
"D",401,"Y","D401Y",0.153099819141
"G",402,"A","G402A",-0.306824612932351
"G",402,"C","G402C",-0.993788153098293
"G",402,"D","G402D",-0.454032278650127
"G",402,"E","G402E",-0.00281571132948486
"G",402,"F","G402F",-0.0112262467588562
"G",402,"H","G402H",0.243888648924208
"G",402,"I","G402I",-0.42022582248005
"G",402,"K","G402K",0.11736763025908
"G",402,"L","G402L",0.442196753031144
"G",402,"M","G402M",-0.214911555785233
"G",402,"N","G402N",-0.198132417972797
"G",402,"P","G402P",0.0279198335388902
"G",402,"Q","G402Q",-0.319198003081382
"G",402,"R","G402R",-0.195862664071713
"G",402,"S","G402S",-0.0174237169477413
"G",402,"T","G402T",0.086725921055916
"G",402,"V","G402V",-0.372308716108441
"G",402,"W","G402W",0.0937210475451347
"G",402,"Y","G402Y",-0.0476000774907453
"S",403,"A","S403A",-0.242069240072867
"S",403,"C","S403C",0.11989924832961
"S",403,"D","S403D",0.119289228334478
"S",403,"E","S403E",-0.276329950969319
"S",403,"F","S403F",-0.287987395669271
"S",403,"G","S403G",-0.542684214430242
"S",403,"H","S403H",0.00392752591811627
"S",403,"I","S403I",-0.541922564971353
"S",403,"K","S403K",-0.0239872460351235
"S",403,"L","S403L",0.0654457861320887
"S",403,"M","S403M",-0.215084683963943
"S",403,"N","S403N",-0.392699840498472
"S",403,"P","S403P",-0.691778464981886
"S",403,"Q","S403Q",-0.352879961622539
"S",403,"R","S403R",-0.128938088851216
"S",403,"T","S403T",0.327109240500236
"S",403,"V","S403V",-0.0659338542488797
"S",403,"W","S403W",0.269148625680137
"S",403,"Y","S403Y",-0.0523856157634244
"F",404,"A","F404A",-0.425284605904326
"F",404,"C","F404C",-0.332734786282392
"F",404,"D","F404D",-1.67164004385077
"F",404,"E","F404E",-0.601364858896754
"F",404,"G","F404G",-1.25275753590534
"F",404,"H","F404H",-0.472159792706943
"F",404,"I","F404I",-0.17218425908578
"F",404,"K","F404K",-0.53611847229233
"F",404,"L","F404L",-2.70074622622463
"F",404,"M","F404M",-1.63568923956382
"F",404,"N","F404N",-1.84596519736721
"F",404,"P","F404P",-0.00678023718999352
"F",404,"Q","F404Q",-0.912427815118327
"F",404,"R","F404R",-0.304806552976004
"F",404,"S","F404S",-0.327468807991627
"F",404,"T","F404T",-0.736821260045874
"F",404,"V","F404V",-1.54338537744624
"F",404,"W","F404W",-0.584410151708222
"F",404,"Y","F404Y",-0.493640580008186
"F",405,"A","F405A",-1.0408585478639
"F",405,"C","F405C",0.121989458847263
"F",405,"D","F405D",0.282135765430234
"F",405,"E","F405E",-0.621230126327195
"F",405,"G","F405G",-0.000188252151293836
"F",405,"H","F405H",-0.44378469329408
"F",405,"I","F405I",-0.288497227405037
"F",405,"K","F405K",0.715942189826146
"F",405,"L","F405L",-0.184827507238579
"F",405,"M","F405M",0.202963276852519
"F",405,"N","F405N",-0.56466713299414
"F",405,"P","F405P",-0.515176035739077
"F",405,"Q","F405Q",-0.413725241982523
"F",405,"R","F405R",-0.00774292003314268
"F",405,"S","F405S",-0.261566094890146
"F",405,"T","F405T",-0.531725182547842
"F",405,"V","F405V",-0.260989205631472
"F",405,"W","F405W",-0.724286474870707
"F",405,"Y","F405Y",-0.765951353105811
"L",406,"A","L406A",-0.0372294501566816
"L",406,"C","L406C",-0.743655424461652
"L",406,"D","L406D",-0.206880167393359
"L",406,"E","L406E",-0.205422677806039
"L",406,"F","L406F",0.826660522174424
"L",406,"G","L406G",-0.297215195632089
"L",406,"H","L406H",-0.57449807105675
"L",406,"I","L406I",0.0394723757731433
"L",406,"K","L406K",-0.372023961178572
"L",406,"M","L406M",-1.30625175005687
"L",406,"N","L406N",-0.0957198015655479
"L",406,"P","L406P",0.752526849377639
"L",406,"Q","L406Q",-0.126242839217599
"L",406,"R","L406R",-0.464062901822077
"L",406,"S","L406S",-0.816074788297146
"L",406,"T","L406T",-0.18597730149623
"L",406,"V","L406V",-0.0353639712221836
"L",406,"W","L406W",-0.629884345953878
"L",406,"Y","L406Y",-0.368682051301485
"Y",407,"A","Y407A",-0.0492862728231743
"Y",407,"C","Y407C",-0.00420611190821525
"Y",407,"D","Y407D",-0.394293953239773
"Y",407,"E","Y407E",0.519773650379994
"Y",407,"F","Y407F",-0.452414134397342
"Y",407,"G","Y407G",-0.365404271281906
"Y",407,"H","Y407H",0.118321372752971
"Y",407,"I","Y407I",-0.197960031582966
"Y",407,"K","Y407K",0.673867744361417
"Y",407,"L","Y407L",-0.135073321352339
"Y",407,"M","Y407M",-0.399420604695138
"Y",407,"N","Y407N",-0.287101094676186
"Y",407,"P","Y407P",0.671292984206226
"Y",407,"Q","Y407Q",0.291492160826363
"Y",407,"R","Y407R",0.118384855045484
"Y",407,"S","Y407S",-0.310850591697343
"Y",407,"T","Y407T",-0.104949656266874
"Y",407,"V","Y407V",0.0102796868498952
"Y",407,"W","Y407W",0.645017291782297
"S",408,"A","S408A",0.221698740996428
"S",408,"C","S408C",0.33106626413237
"S",408,"D","S408D",-0.449637110077435
"S",408,"E","S408E",-0.0420371338261607
"S",408,"F","S408F",-0.999406724830063
"S",408,"G","S408G",-0.316106663813303
"S",408,"H","S408H",-0.632285163447914
"S",408,"I","S408I",-1.39464813596442
"S",408,"K","S408K",0.117520732184285
"S",408,"L","S408L",-0.704584779294309
"S",408,"M","S408M",-0.681533488129249
"S",408,"N","S408N",0.509467543930474
"S",408,"P","S408P",0.168411735771008
"S",408,"Q","S408Q",-0.817153199664159
"S",408,"R","S408R",0.126935096055541
"S",408,"T","S408T",0.0192690591493558
"S",408,"V","S408V",-0.224108656178706
"S",408,"W","S408W",0.00248781120829273
"S",408,"Y","S408Y",-0.129153100356701
"K",409,"A","K409A",-0.138020507489264
"K",409,"C","K409C",0.0393435028176581
"K",409,"D","K409D",-1.70730478224611
"K",409,"E","K409E",-0.357453475947456
"K",409,"F","K409F",-1.13127735282488
"K",409,"G","K409G",-0.367654667451135
"K",409,"H","K409H",-0.592206951348632
"K",409,"I","K409I",-1.34742911144706
"K",409,"L","K409L",-1.21202328859993
"K",409,"M","K409M",-1.3066470910403
"K",409,"N","K409N",0.209559464922669
"K",409,"P","K409P",-0.0348437345173458
"K",409,"Q","K409Q",-1.27941529514655
"K",409,"R","K409R",-0.210623806313032
"K",409,"S","K409S",-0.379982521655552
"K",409,"T","K409T",-1.11170288408886
"K",409,"V","K409V",-1.97873805347108
"K",409,"W","K409W",-1.46799791334211
"K",409,"Y","K409Y",-0.807777730851022
"L",410,"A","L410A",-0.0752079923349802
"L",410,"C","L410C",-0.603261397922147
"L",410,"D","L410D",-0.225318007293943
"L",410,"E","L410E",0.0891731523499662
"L",410,"F","L410F",0.0563591725840425
"L",410,"G","L410G",-0.119888307030164
"L",410,"H","L410H",-0.157179058153963
"L",410,"I","L410I",-0.113915306860695
"L",410,"K","L410K",-0.358595380510331
"L",410,"M","L410M",-0.0913612307406214
"L",410,"N","L410N",0.406271833407048
"L",410,"P","L410P",-0.591960352665163
"L",410,"Q","L410Q",-0.230933006046691
"L",410,"R","L410R",0.18094072915577
"L",410,"S","L410S",0.024136820804919
"L",410,"T","L410T",-0.169892224034797
"L",410,"V","L410V",-0.244198118327281
"L",410,"W","L410W",-0.0138140301940948
"L",410,"Y","L410Y",-0.371432240736365
"T",411,"A","T411A",0.429750415418479
"T",411,"C","T411C",-0.0496382306422565
"T",411,"D","T411D",-0.0140991789394642
"T",411,"E","T411E",-0.452611144173098
"T",411,"F","T411F",-0.328117940511154
"T",411,"G","T411G",-0.130155996737234
"T",411,"H","T411H",-0.224053813995074
"T",411,"I","T411I",0.0152741118173691
"T",411,"K","T411K",0.0278475577619752
"T",411,"L","T411L",0.112815677391714
"T",411,"M","T411M",-0.244937629372559
"T",411,"N","T411N",-0.0995993340912154
"T",411,"P","T411P",-0.222374252783567
"T",411,"Q","T411Q",-0.8027460435643
"T",411,"R","T411R",0.00987211720943707
"T",411,"S","T411S",-0.0551966291564438
"T",411,"V","T411V",-0.117083503144812
"T",411,"W","T411W",-0.287756784343613
"T",411,"Y","T411Y",-0.192006442710201
"V",412,"A","V412A",0.388406888322891
"V",412,"C","V412C",-0.0427029672334185
"V",412,"D","V412D",-0.154992261855507
"V",412,"E","V412E",-0.621995656399753
"V",412,"F","V412F",0.472980833632161
"V",412,"G","V412G",-0.238838506749331
"V",412,"H","V412H",-0.102986925924308
"V",412,"I","V412I",-0.238175713243711
"V",412,"K","V412K",0.0370310752667156
"V",412,"L","V412L",-0.111467651111956
"V",412,"M","V412M",0.294484970780114
"V",412,"N","V412N",-0.154210563787547
"V",412,"P","V412P",-0.116760752354112
"V",412,"Q","V412Q",0.848579364965491
"V",412,"R","V412R",-0.245053595673652
"V",412,"S","V412S",-0.0409606057571253
"V",412,"T","V412T",0.0717340913993165
"V",412,"W","V412W",-0.122039367024299
"V",412,"Y","V412Y",-0.049564590748795
"D",413,"A","D413A",0.0516633151302172
"D",413,"C","D413C",0.0906288383285096
"D",413,"E","D413E",-0.0414952502728911
"D",413,"F","D413F",0.0284187988669627
"D",413,"G","D413G",0.225475274988409
"D",413,"H","D413H",-0.046702883015581
"D",413,"I","D413I",-0.356698238735991
"D",413,"K","D413K",-0.031623620282105
"D",413,"L","D413L",0.264673343067227
"D",413,"M","D413M",-0.476976105842727
"D",413,"N","D413N",0.0177982387944029
"D",413,"P","D413P",-0.234475527200307
"D",413,"Q","D413Q",-0.295161980317563
"D",413,"R","D413R",0.212249675475472
"D",413,"S","D413S",-0.198489573671919
"D",413,"T","D413T",0.115302861939742
"D",413,"V","D413V",0.49152621115317
"D",413,"W","D413W",-0.0031322980910219
"D",413,"Y","D413Y",0.0662432152080506
"K",414,"A","K414A",-0.178719367204426
"K",414,"C","K414C",-0.0469191671757629
"K",414,"D","K414D",-0.360919699870354
"K",414,"E","K414E",-0.028694049920878
"K",414,"F","K414F",-0.114006099365227
"K",414,"G","K414G",-0.49726140392617
"K",414,"H","K414H",0.244058057411359
"K",414,"I","K414I",0.0229189689548299
"K",414,"L","K414L",-0.0686441689031833
"K",414,"M","K414M",0.117034372608402
"K",414,"N","K414N",-0.393446240311395
"K",414,"P","K414P",0.145092579419164
"K",414,"Q","K414Q",-0.47789382784929
"K",414,"R","K414R",-0.694980511319067
"K",414,"S","K414S",-0.235936314874361
"K",414,"T","K414T",-0.274837918794825
"K",414,"V","K414V",-0.140408642750114
"K",414,"W","K414W",-0.109604323481571
"K",414,"Y","K414Y",-0.0456963291694877
"S",415,"A","S415A",0.00246237422334682
"S",415,"C","S415C",0.27186482094259
"S",415,"D","S415D",-0.535193234016984
"S",415,"E","S415E",0.118249949643268
"S",415,"F","S415F",0.0987930060094591
"S",415,"G","S415G",-0.260721187272246
"S",415,"H","S415H",0.224843388692807
"S",415,"I","S415I",0.204080956365152
"S",415,"K","S415K",-0.0565063522633516
"S",415,"L","S415L",0.241494449688216
"S",415,"M","S415M",-0.450462732206262
"S",415,"N","S415N",-0.179976312166553
"S",415,"P","S415P",0.379248515090023
"S",415,"Q","S415Q",0.00957480071616579
"S",415,"R","S415R",-0.115954598788921
"S",415,"T","S415T",-0.63444448966416
"S",415,"V","S415V",0.174986969926537
"S",415,"W","S415W",-0.104277117355017
"S",415,"Y","S415Y",0.0847336696560403
"R",416,"A","R416A",-0.0830982737743687
"R",416,"C","R416C",0.0392770154529317
"R",416,"D","R416D",-0.212679932642659
"R",416,"E","R416E",0.0675478790389534
"R",416,"F","R416F",-0.113668818043301
"R",416,"G","R416G",0.0244055852683732
"R",416,"H","R416H",-0.29966755958345
"R",416,"I","R416I",0.179837840754308
"R",416,"K","R416K",-0.0417844775679583
"R",416,"L","R416L",0.716538213254574
"R",416,"M","R416M",-0.117002982924958
"R",416,"N","R416N",0.0299746907794775
"R",416,"P","R416P",-0.267427952480211
"R",416,"Q","R416Q",-0.0297962922270471
"R",416,"S","R416S",0.155595583698747
"R",416,"T","R416T",-0.202746786487117
"R",416,"V","R416V",-0.363778950883582
"R",416,"W","R416W",-0.367136944847265
"R",416,"Y","R416Y",0.0897626095485439
"W",417,"A","W417A",-0.915346641465334
"W",417,"C","W417C",0.312339023654275
"W",417,"D","W417D",0.0800795333640591
"W",417,"E","W417E",0.229826896814486
"W",417,"F","W417F",-0.557948674013002
"W",417,"G","W417G",0.285402027675609
"W",417,"H","W417H",0.275291736246013
"W",417,"I","W417I",0.336671803695247
"W",417,"K","W417K",-0.394958141939141
"W",417,"L","W417L",-0.0218754730427536
"W",417,"M","W417M",-0.200081244361279
"W",417,"N","W417N",0.0505113309131288
"W",417,"P","W417P",-0.476622590727296
"W",417,"Q","W417Q",-0.0768691159489849
"W",417,"R","W417R",0.353249401073161
"W",417,"S","W417S",-0.113781346872322
"W",417,"T","W417T",-0.0923082130477444
"W",417,"V","W417V",0.116977533384079
"W",417,"Y","W417Y",0.261373227785413
"Q",418,"A","Q418A",0.019491568960066
"Q",418,"C","Q418C",0.232746177799648
"Q",418,"D","Q418D",0.0870375927412591
"Q",418,"E","Q418E",-0.178824277173907
"Q",418,"F","Q418F",-0.126959946068439
"Q",418,"G","Q418G",0.143488589234867
"Q",418,"H","Q418H",-0.247603335674027
"Q",418,"I","Q418I",-0.054308977586018
"Q",418,"K","Q418K",-0.203905723068033
"Q",418,"L","Q418L",0.264312761296598
"Q",418,"M","Q418M",-0.156755467817215
"Q",418,"N","Q418N",0.132245868744037
"Q",418,"P","Q418P",-0.521431820938921
"Q",418,"R","Q418R",-0.379223357664059
"Q",418,"S","Q418S",-0.242796587538542
"Q",418,"T","Q418T",0.0263960709041922
"Q",418,"V","Q418V",-0.0474623284018035
"Q",418,"W","Q418W",0.115787484888266
"Q",418,"Y","Q418Y",0.0133867850088782
"Q",419,"A","Q419A",0.039191439287302
"Q",419,"C","Q419C",0.0342447226020237
"Q",419,"D","Q419D",-0.296756759246316
"Q",419,"E","Q419E",-0.187018395324933
"Q",419,"F","Q419F",0.220992499037315
"Q",419,"G","Q419G",-0.308847107056713
"Q",419,"H","Q419H",0.041868277491374
"Q",419,"I","Q419I",-0.125027761208736
"Q",419,"K","Q419K",-0.289048902642277
"Q",419,"L","Q419L",0.0734809218082087
"Q",419,"M","Q419M",-0.178805285474949
"Q",419,"N","Q419N",-0.364116259659761
"Q",419,"P","Q419P",0.277222116461045
"Q",419,"R","Q419R",0.217124042253045
"Q",419,"S","Q419S",-0.613464792028772
"Q",419,"T","Q419T",0.371294160064636
"Q",419,"V","Q419V",-0.0605874660746274
"Q",419,"W","Q419W",-0.40498815010493
"Q",419,"Y","Q419Y",0.0786976646632287
"G",420,"A","G420A",0.310095359586604
"G",420,"C","G420C",-0.172541207623118
"G",420,"D","G420D",-0.0467370707382795
"G",420,"E","G420E",0.0871359634250527
"G",420,"F","G420F",0.332837489013652
"G",420,"H","G420H",-0.352432805147796
"G",420,"I","G420I",0.384821450097142
"G",420,"K","G420K",-0.125407905270753
"G",420,"L","G420L",0.0289994671336512
"G",420,"M","G420M",0.478236431876533
"G",420,"N","G420N",-0.131594220365747
"G",420,"P","G420P",-0.28878679615321
"G",420,"Q","G420Q",0.000311575058874345
"G",420,"R","G420R",0.244707009737427
"G",420,"S","G420S",-0.190075453136251
"G",420,"T","G420T",-0.39440208155858
"G",420,"V","G420V",0.0296567056635653
"G",420,"W","G420W",0.0748302154530191
"G",420,"Y","G420Y",-0.207873330745059
"N",421,"A","N421A",-0.418639656414857
"N",421,"C","N421C",0.228205102859302
"N",421,"D","N421D",-0.318952706536995
"N",421,"E","N421E",0.0382274738475726
"N",421,"F","N421F",-0.572052348026463
"N",421,"G","N421G",-0.200546231214366
"N",421,"H","N421H",0.181760482928839
"N",421,"I","N421I",-0.282885642998726
"N",421,"K","N421K",-0.00993305613009745
"N",421,"L","N421L",-0.11453235760912
"N",421,"M","N421M",-0.0796147661659421
"N",421,"P","N421P",-0.0428830035025722
"N",421,"Q","N421Q",0.0753725820563827
"N",421,"R","N421R",0.0402726262390228
"N",421,"S","N421S",-0.422458443677957
"N",421,"T","N421T",0.202540208490387
"N",421,"V","N421V",-0.0553373415577341
"N",421,"W","N421W",-0.473635280435994
"N",421,"Y","N421Y",-0.232754933293319
"V",422,"A","V422A",-0.159259755996689
"V",422,"C","V422C",0.284594155373568
"V",422,"D","V422D",0.0483863319788009
"V",422,"E","V422E",0.271426671663182
"V",422,"F","V422F",0.101039945939099
"V",422,"G","V422G",-0.170568366968923
"V",422,"H","V422H",-0.0556936993759938
"V",422,"I","V422I",-0.113639572105332
"V",422,"K","V422K",0.11754083946411
"V",422,"L","V422L",-0.195482418127381
"V",422,"M","V422M",-0.0518219506115567
"V",422,"N","V422N",-1.18479740911249
"V",422,"P","V422P",-0.181513060522067
"V",422,"Q","V422Q",0.730603331719102
"V",422,"R","V422R",-0.0837148952244387
"V",422,"S","V422S",0.219488786138895
"V",422,"T","V422T",0.105109926434835
"V",422,"W","V422W",-0.0144396636250381
"V",422,"Y","V422Y",-0.1729573104327
"F",423,"A","F423A",0.111721931239208
"F",423,"C","F423C",0.305320115121062
"F",423,"D","F423D",-0.228276039177211
"F",423,"E","F423E",0.374277844840491
"F",423,"G","F423G",-0.0870503114099875
"F",423,"H","F423H",-0.251546586920305
"F",423,"I","F423I",-0.224543378028489
"F",423,"K","F423K",-0.242967030104943
"F",423,"L","F423L",0.0571604301132998
"F",423,"M","F423M",-0.112743131602229
"F",423,"N","F423N",-0.626247321319814
"F",423,"P","F423P",-0.0574719780717765
"F",423,"Q","F423Q",0.119931115407689
"F",423,"R","F423R",0.0736209200632358
"F",423,"S","F423S",-0.036604339344448
"F",423,"T","F423T",-0.5119721820607
"F",423,"V","F423V",0.214844484543093
"F",423,"W","F423W",0.0875453584344551
"F",423,"Y","F423Y",0.132077280972438
"S",424,"A","S424A",-0.121090357598218
"S",424,"C","S424C",0.287630958331423
"S",424,"D","S424D",-0.0696007048883421
"S",424,"E","S424E",-0.115572628210512
"S",424,"F","S424F",-0.330683580282905
"S",424,"G","S424G",-0.0386627955610106
"S",424,"H","S424H",0.572366889689146
"S",424,"I","S424I",0.399445867232808
"S",424,"K","S424K",0.104473038170117
"S",424,"L","S424L",-0.418794396140721
"S",424,"M","S424M",-0.0917262124075993
"S",424,"N","S424N",-0.707118028019028
"S",424,"P","S424P",0.227356718758465
"S",424,"Q","S424Q",0.430070552433578
"S",424,"R","S424R",0.450563145379642
"S",424,"T","S424T",0.0935296622545163
"S",424,"V","S424V",0.20963767417261
"S",424,"W","S424W",-0.214872683817181
"S",424,"Y","S424Y",-0.38990502648918
"C",425,"A","C425A",0.0490425154119536
"C",425,"D","C425D",0.60867320865199
"C",425,"E","C425E",0.4363698167512
"C",425,"F","C425F",-0.956696963589311
"C",425,"G","C425G",-1.21008382310341
"C",425,"H","C425H",0.321127670854978
"C",425,"I","C425I",0.31465867068085
"C",425,"K","C425K",0.177381408851402
"C",425,"L","C425L",0.0350043845597044
"C",425,"M","C425M",-0.0919282493112949
"C",425,"N","C425N",-0.0739157800161347
"C",425,"P","C425P",-0.195732972636239
"C",425,"Q","C425Q",0.0464048526688577
"C",425,"R","C425R",0.314787022483764
"C",425,"S","C425S",-0.379193376388389
"C",425,"T","C425T",0.218185394519151
"C",425,"V","C425V",-0.236034792970908
"C",425,"W","C425W",0.433825166022075
"C",425,"Y","C425Y",-1.3074010829944
"S",426,"A","S426A",0.178541107519189
"S",426,"C","S426C",0.00656217051543772
"S",426,"D","S426D",-0.0693807356655311
"S",426,"E","S426E",-0.10579468657568
"S",426,"F","S426F",-0.520639051407303
"S",426,"G","S426G",0.0402064292849871
"S",426,"H","S426H",-0.0957639198763865
"S",426,"I","S426I",-0.0674764574432226
"S",426,"K","S426K",0.0084785168901051
"S",426,"L","S426L",-0.169600937637818
"S",426,"M","S426M",-1.59810471124677
"S",426,"N","S426N",-0.366472500878849
"S",426,"P","S426P",0.0589845614381953
"S",426,"Q","S426Q",-0.0952544423326598
"S",426,"R","S426R",-0.264562096303704
"S",426,"T","S426T",0.174257228449507
"S",426,"V","S426V",0.156925400573155
"S",426,"W","S426W",0.25483501283578
"S",426,"Y","S426Y",-0.205506618097669
"V",427,"A","V427A",-0.493409798879773
"V",427,"C","V427C",0.113087442428701
"V",427,"D","V427D",-0.643070773674938
"V",427,"E","V427E",-0.224876527568344
"V",427,"F","V427F",0.103308025663153
"V",427,"G","V427G",-0.144664027846118
"V",427,"H","V427H",0.10485906331628
"V",427,"I","V427I",-0.0236565564415595
"V",427,"K","V427K",-0.135172957067532
"V",427,"L","V427L",-0.0333734121983377
"V",427,"M","V427M",0.0760072405768392
"V",427,"N","V427N",0.250405587849981
"V",427,"P","V427P",0.241194445013857
"V",427,"Q","V427Q",-0.256296265689132
"V",427,"R","V427R",0.225518169194164
"V",427,"S","V427S",-0.25501315691068
"V",427,"T","V427T",0.24896418005774
"V",427,"W","V427W",0.106511393163568
"V",427,"Y","V427Y",-0.0445624827970894
"M",428,"A","M428A",0.135209224275485
"M",428,"C","M428C",0.547387243209531
"M",428,"D","M428D",-0.716469117747179
"M",428,"E","M428E",0.41581844881008
"M",428,"F","M428F",-2.0293678114442
"M",428,"G","M428G",-0.108139398871315
"M",428,"H","M428H",-1.04872491063471
"M",428,"I","M428I",-0.247218822013292
"M",428,"K","M428K",0.497097207619722
"M",428,"L","M428L",-0.464655252063827
"M",428,"N","M428N",-0.160716949730012
"M",428,"P","M428P",-0.380710196807492
"M",428,"Q","M428Q",0.279263127411581
"M",428,"R","M428R",-0.204247952846478
"M",428,"S","M428S",-0.0314740108589542
"M",428,"T","M428T",-0.135215555871947
"M",428,"V","M428V",0.227552349253543
"M",428,"W","M428W",-2.69918572367725
"M",428,"Y","M428Y",-1.37408300621147
"H",429,"A","H429A",0.391528402448474
"H",429,"C","H429C",0.277017647841389
"H",429,"D","H429D",-1.06741460130892
"H",429,"E","H429E",-0.748214014221843
"H",429,"F","H429F",-0.362194602051509
"H",429,"G","H429G",0.230305616243733
"H",429,"I","H429I",0.765346512313161
"H",429,"K","H429K",-0.11662004967177
"H",429,"L","H429L",0.735153670678715
"H",429,"M","H429M",0.278035291207535
"H",429,"N","H429N",-1.05754134060719
"H",429,"P","H429P",0.630295835797402
"H",429,"Q","H429Q",-0.0957896744445187
"H",429,"R","H429R",0.127638602088092
"H",429,"S","H429S",-0.241828181261604
"H",429,"T","H429T",-0.852561651524197
"H",429,"V","H429V",-0.0609393279095219
"H",429,"W","H429W",0.210971471611104
"H",429,"Y","H429Y",0.154941675722359
"E",430,"A","E430A",0.346374482221704
"E",430,"C","E430C",-0.116549464912724
"E",430,"D","E430D",0.226334084684433
"E",430,"F","E430F",0.0887541110069448
"E",430,"G","E430G",0.511162120137852
"E",430,"H","E430H",-0.00548277275210247
"E",430,"I","E430I",0.348791361187103
"E",430,"K","E430K",0.0871400676156116
"E",430,"L","E430L",0.608836915479613
"E",430,"M","E430M",0.237815106598208
"E",430,"N","E430N",0.243974097877278
"E",430,"P","E430P",-0.258380505767905
"E",430,"Q","E430Q",0.383001025441577
"E",430,"R","E430R",-0.502309971862416
"E",430,"S","E430S",0.206283729788362
"E",430,"T","E430T",0.672442144363351
"E",430,"V","E430V",-0.0658103370977965
"E",430,"W","E430W",0.094991088052759
"E",430,"Y","E430Y",0.0275399480694105
"L",432,"A","L432A",-0.147077264669807
"L",432,"C","L432C",0.16888705041078
"L",432,"D","L432D",-0.198171462346969
"L",432,"E","L432E",-0.132704223072258
"L",432,"F","L432F",0.173457687222201
"L",432,"G","L432G",0.19838777643307
"L",432,"H","L432H",0.278739379079985
"L",432,"I","L432I",-0.424444141995213
"L",432,"K","L432K",0.172814149194378
"L",432,"M","L432M",0.0873517755697926
"L",432,"N","L432N",0.00112509495657453
"L",432,"P","L432P",0.536684730509756
"L",432,"Q","L432Q",-0.0504132294090294
"L",432,"R","L432R",0.249225423696966
"L",432,"S","L432S",0.218066577991068
"L",432,"T","L432T",-0.157674258448388
"L",432,"V","L432V",0.158710646272795
"L",432,"W","L432W",-0.291673147490764
"L",432,"Y","L432Y",-0.0585091679403325
"H",433,"A","H433A",0.0446229346212685
"H",433,"C","H433C",-0.465714711705993
"H",433,"D","H433D",-0.610856183509894
"H",433,"E","H433E",0.161585097086675
"H",433,"F","H433F",0.188025835571712
"H",433,"G","H433G",-0.303261676206915
"H",433,"I","H433I",-0.300757415752176
"H",433,"K","H433K",-0.381043237188644
"H",433,"L","H433L",0.579803206509463
"H",433,"M","H433M",-0.329691496433911
"H",433,"N","H433N",-0.398835974785073
"H",433,"P","H433P",-0.665620374682776
"H",433,"Q","H433Q",-0.957214765106152
"H",433,"R","H433R",0.23884354472039
"H",433,"S","H433S",-0.341399673831887
"H",433,"T","H433T",0.0709839548827671
"H",433,"V","H433V",-0.381526926085067
"H",433,"W","H433W",-0.356215743474131
"H",433,"Y","H433Y",0.290582593118635
"N",434,"A","N434A",-0.650330270160784
"N",434,"C","N434C",-0.444633647877551
"N",434,"D","N434D",-0.766772759439999
"N",434,"E","N434E",-0.872440534480012
"N",434,"F","N434F",-0.399239801242098
"N",434,"G","N434G",-0.893741014471683
"N",434,"H","N434H",0.0382541049816542
"N",434,"I","N434I",-0.058948219097673
"N",434,"K","N434K",-0.138379354773081
"N",434,"L","N434L",-0.12781768725394
"N",434,"P","N434P",-0.0656034083909056
"N",434,"Q","N434Q",-0.628589101865196
"N",434,"R","N434R",-0.0772282260371892
"N",434,"S","N434S",-0.944334043521947
"N",434,"T","N434T",-0.0928180518615763
"N",434,"W","N434W",0.0127327502299051
"N",434,"Y","N434Y",-1.07771059787999
"H",435,"A","H435A",0.180809197206576
"H",435,"C","H435C",-0.0448263963788164
"H",435,"D","H435D",-0.0644960406013677
"H",435,"E","H435E",0.0300882042248641
"H",435,"F","H435F",-0.0926046989675951
"H",435,"G","H435G",-0.175844769424075
"H",435,"I","H435I",-0.612734407636357
"H",435,"K","H435K",0.561806240971813
"H",435,"L","H435L",-0.0692973947375937
"H",435,"M","H435M",0.117439661083881
"H",435,"N","H435N",-0.53016648147085
"H",435,"P","H435P",-0.487533744520372
"H",435,"Q","H435Q",0.0347825324003361
"H",435,"R","H435R",-0.0697895853741363
"H",435,"S","H435S",-0.100784750806389
"H",435,"T","H435T",-0.395920267000828
"H",435,"V","H435V",-0.488620829638217
"H",435,"W","H435W",0.722012326878688
"H",435,"Y","H435Y",-0.36459962411835
"Y",436,"A","Y436A",0.350212052904806
"Y",436,"C","Y436C",-0.0413836346790576
"Y",436,"D","Y436D",0.0825153701821057
"Y",436,"E","Y436E",0.0415039734156011
"Y",436,"F","Y436F",-0.164791480816054
"Y",436,"G","Y436G",0.277796486301915
"Y",436,"H","Y436H",0.100254874037098
"Y",436,"I","Y436I",-0.0419230653500117
"Y",436,"K","Y436K",-0.944124683064035
"Y",436,"L","Y436L",-0.487603124656888
"Y",436,"M","Y436M",-0.260718634307775
"Y",436,"N","Y436N",0.0995487590936654
"Y",436,"P","Y436P",-0.571882583951673
"Y",436,"Q","Y436Q",-0.0532231626300318
"Y",436,"R","Y436R",0.126335878672452
"Y",436,"S","Y436S",-0.168957318945452
"Y",436,"T","Y436T",-0.263088642584553
"Y",436,"V","Y436V",-0.397368816386883
"Y",436,"W","Y436W",-0.617714994778139
"T",437,"A","T437A",0.305936349132769
"T",437,"C","T437C",-0.0392548537276619
"T",437,"D","T437D",-0.853698760764783
"T",437,"E","T437E",-2.39314378603049
"T",437,"F","T437F",0.0287697161112444
"T",437,"G","T437G",0.539503235430825
"T",437,"H","T437H",0.0561638669409784
"T",437,"I","T437I",-1.12286536055258
"T",437,"K","T437K",0.119663153366956
"T",437,"L","T437L",-0.826145030149698
"T",437,"M","T437M",-0.206511458038059
"T",437,"N","T437N",-0.0290629469841499
"T",437,"P","T437P",0.315308909702537
"T",437,"Q","T437Q",-0.919329650919933
"T",437,"R","T437R",-0.261192688352607
"T",437,"S","T437S",0.00625155215899437
"T",437,"V","T437V",-0.468300542987318
"T",437,"W","T437W",0.0273600250929263
"T",437,"Y","T437Y",-0.077156266299533
"Q",438,"A","Q438A",-0.134430612666749
"Q",438,"C","Q438C",0.662795264879146
"Q",438,"D","Q438D",-0.14291532402781
"Q",438,"E","Q438E",-0.494355114974472
"Q",438,"F","Q438F",0.168634116955435
"Q",438,"G","Q438G",-0.0738556336587821
"Q",438,"H","Q438H",-0.397705522116414
"Q",438,"I","Q438I",-0.302177687454359
"Q",438,"K","Q438K",-0.390210773140224
"Q",438,"L","Q438L",0.529320213854207
"Q",438,"M","Q438M",0.349554204800473
"Q",438,"N","Q438N",-0.15793742979145
"Q",438,"P","Q438P",-0.769087290392127
"Q",438,"R","Q438R",-0.606454871947384
"Q",438,"S","Q438S",0.0767473203435894
"Q",438,"T","Q438T",-0.126664064959512
"Q",438,"V","Q438V",-0.27669335444966
"Q",438,"W","Q438W",-0.0726394296328083
"Q",438,"Y","Q438Y",-0.478498480694589
"K",439,"A","K439A",0.0513062645601719
"K",439,"C","K439C",-0.551927750229244
"K",439,"D","K439D",-0.446575820214548
"K",439,"E","K439E",-0.437178953324567
"K",439,"F","K439F",-0.0575312684033832
"K",439,"G","K439G",-0.123457770412668
"K",439,"H","K439H",0.128755345458594
"K",439,"I","K439I",-0.207048853502173
"K",439,"L","K439L",-0.0829580919824678
"K",439,"M","K439M",-0.367006002210234
"K",439,"N","K439N",0.463927239191211
"K",439,"P","K439P",-1.42270416895767
"K",439,"Q","K439Q",-0.251827120388393
"K",439,"R","K439R",-0.179269062860196
"K",439,"S","K439S",-0.35013184109352
"K",439,"T","K439T",-0.489114150927776
"K",439,"V","K439V",0.000659652352324709
"K",439,"W","K439W",0.22661496152569
"K",439,"Y","K439Y",-0.0237984949917841
"S",440,"A","S440A",-0.167658073787396
"S",440,"C","S440C",0.116394401939311
"S",440,"D","S440D",0.124712491266466
"S",440,"E","S440E",0.484889227529032
"S",440,"F","S440F",-0.147058137436339
"S",440,"G","S440G",-0.132067586550614
"S",440,"H","S440H",-0.0860435413992998
"S",440,"I","S440I",-0.0239865862036333
"S",440,"K","S440K",-0.178497428661693
"S",440,"L","S440L",-0.78743663791571
"S",440,"M","S440M",-0.219419402810586
"S",440,"N","S440N",0.597112126706119
"S",440,"P","S440P",-0.14588848178726
"S",440,"Q","S440Q",-0.330952022366543
"S",440,"R","S440R",-0.0192015847830993
"S",440,"T","S440T",0.228841402035915
"S",440,"V","S440V",0.221160216249945
"S",440,"W","S440W",-0.85342704062354
"S",440,"Y","S440Y",-0.213825167020771
"L",441,"A","L441A",-0.27192182362353
"L",441,"C","L441C",-0.329275449662406
"L",441,"D","L441D",-0.0811551524222909
"L",441,"E","L441E",-0.144415998350013
"L",441,"F","L441F",0.309546080895701
"L",441,"G","L441G",-0.262950416010973
"L",441,"H","L441H",-0.247460987974772
"L",441,"I","L441I",0.198243343912065
"L",441,"K","L441K",0.219202949005761
"L",441,"M","L441M",-0.217337604974855
"L",441,"N","L441N",-0.0983077900083461
"L",441,"P","L441P",-0.283987373660819
"L",441,"Q","L441Q",-0.159557864771462
"L",441,"R","L441R",0.10058006828269
"L",441,"S","L441S",-0.105947897971027
"L",441,"T","L441T",-0.586044343545364
"L",441,"V","L441V",0.198250525544101
"L",441,"W","L441W",-0.0402816064661387
"L",441,"Y","L441Y",-0.0594722823491528
"S",442,"A","S442A",-0.56595162130844
"S",442,"C","S442C",0.417368026777182
"S",442,"D","S442D",0.170062719447982
"S",442,"E","S442E",0.614558465455377
"S",442,"F","S442F",0.0499524925759235
"S",442,"G","S442G",-0.245841965470619
"S",442,"H","S442H",-0.135719698595359
"S",442,"I","S442I",-0.228167129146917
"S",442,"K","S442K",-0.53441981873843
"S",442,"L","S442L",0.164493900636731
"S",442,"M","S442M",0.0994782192492103
"S",442,"N","S442N",0.22705495535683
"S",442,"P","S442P",-0.799050708662844
"S",442,"Q","S442Q",0.231668379976213
"S",442,"R","S442R",-0.125688625120505
"S",442,"T","S442T",-0.569156667444666
"S",442,"V","S442V",-0.0361828219733597
"S",442,"W","S442W",-0.250622077014406
"S",442,"Y","S442Y",0.0796242992907243
"L",443,"A","L443A",0.234295602583233
"L",443,"C","L443C",-0.687802705338888
"L",443,"D","L443D",-0.195672770847299
"L",443,"E","L443E",-0.0790226353892118
"L",443,"F","L443F",-0.0951088180951409
"L",443,"G","L443G",-0.555943664656235
"L",443,"H","L443H",0.34431533042895
"L",443,"I","L443I",0.301594695466707
"L",443,"K","L443K",0.443426760581003
"L",443,"M","L443M",-0.471724385874776
"L",443,"N","L443N",0.0228806836256723
"L",443,"P","L443P",0.418327175912923
"L",443,"Q","L443Q",-0.204875519901721
"L",443,"R","L443R",0.330041711194301
"L",443,"S","L443S",0.0869542294310833
"L",443,"T","L443T",-0.12139736044622
"L",443,"V","L443V",-0.301644273653251
"L",443,"W","L443W",-0.0714283239593548
"L",443,"Y","L443Y",0.352322609323841
"S",444,"A","S444A",-0.118944260212678
"S",444,"C","S444C",-0.245159000539197
"S",444,"D","S444D",0.103164411673565
"S",444,"E","S444E",0.357447235566365
"S",444,"F","S444F",-0.341413105542733
"S",444,"G","S444G",0.0474864604479964
"S",444,"H","S444H",-0.202757608082629
"S",444,"I","S444I",-0.239180252419388
"S",444,"K","S444K",0.0140442038726418
"S",444,"L","S444L",-0.291125176775577
"S",444,"M","S444M",0.171835238389584
"S",444,"N","S444N",-0.20988153187215
"S",444,"P","S444P",0.21635838288648
"S",444,"Q","S444Q",0.0251255858262592
"S",444,"R","S444R",-0.311985753913199
"S",444,"T","S444T",0.0204482728276455
"S",444,"V","S444V",-0.0647704646076256
"S",444,"W","S444W",0.109496279077252
"S",444,"Y","S444Y",-0.300762663628497
"P",445,"A","P445A",-0.0301094658009549
"P",445,"C","P445C",0.488779068540895
"P",445,"D","P445D",0.19039926840149
"P",445,"E","P445E",-0.0723533622328991
"P",445,"F","P445F",0.220906054465369
"P",445,"G","P445G",0.0171581474433626
"P",445,"H","P445H",0.188220470645614
"P",445,"I","P445I",-0.247578509475258
"P",445,"K","P445K",0.317765420642552
"P",445,"L","P445L",0.133350111372514
"P",445,"M","P445M",0.18965833821114
"P",445,"N","P445N",-0.147000028505058
"P",445,"Q","P445Q",0.117054688120735
"P",445,"R","P445R",0.511210204195085
"P",445,"S","P445S",0.0111230463807384
"P",445,"V","P445V",0.0585393293127305
"P",445,"W","P445W",0.148932743312307
"P",445,"Y","P445Y",-0.215209771093564
"G",446,"A","G446A",0.076081260120695
"G",446,"C","G446C",-0.0906592437996339
"G",446,"D","G446D",-0.197506860329417
"G",446,"E","G446E",-0.0370849258585775
"G",446,"F","G446F",0.0552321202810498
"G",446,"H","G446H",-0.398119170961121
"G",446,"I","G446I",-0.204630173597793
"G",446,"K","G446K",-0.269584801098618
"G",446,"L","G446L",0.306255990237057
"G",446,"M","G446M",-0.310404914315252
"G",446,"N","G446N",0.566934399696075
"G",446,"P","G446P",0.136696175760258
"G",446,"Q","G446Q",-0.305238415101731
"G",446,"R","G446R",-0.275779445830488
"G",446,"S","G446S",0.138212323368821
"G",446,"T","G446T",-0.292084580190692
"G",446,"V","G446V",-0.267140180313354
"G",446,"W","G446W",0.124205248857399
"G",446,"Y","G446Y",0.326639737002029
"K",447,"A","K447A",-0.104122324859735
"K",447,"C","K447C",0.313075418095858
"K",447,"D","K447D",-0.615231290775048
"K",447,"E","K447E",-0.178586111432181
"K",447,"F","K447F",-0.42573004531076
"K",447,"G","K447G",-0.0521712486475275
"K",447,"H","K447H",0.213104760840299
"K",447,"I","K447I",-0.206584088927047
"K",447,"L","K447L",-0.00315105734337083
"K",447,"M","K447M",0.0311670068272241
"K",447,"N","K447N",0.561128485054574
"K",447,"P","K447P",-0.262076281186442
"K",447,"Q","K447Q",-0.040447734033307
"K",447,"R","K447R",-0.11269702771951
"K",447,"S","K447S",-0.344913989562335
"K",447,"T","K447T",-0.162132216135468
"K",447,"V","K447V",0.0478834332110511
"K",447,"W","K447W",-0.0800921102055631
"K",447,"Y","K447Y",0.0504003561439839
