"wildtype","site","mutation","name","scaledscore"
"E",216,"A","E216A",-0.678373916786497
"E",216,"C","E216C",0.0275322572926465
"E",216,"D","E216D",-0.241754181009152
"E",216,"F","E216F",0.0904011501680991
"E",216,"G","E216G",-0.317591925692825
"E",216,"H","E216H",-0.267545923664713
"E",216,"I","E216I",0.156451871806358
"E",216,"K","E216K",0.470082020822884
"E",216,"L","E216L",-0.127270977992825
"E",216,"M","E216M",-0.0870547260728383
"E",216,"N","E216N",-0.206862822134441
"E",216,"P","E216P",-0.0486500291232293
"E",216,"Q","E216Q",0.726274651789945
"E",216,"R","E216R",0.654556612794747
"E",216,"S","E216S",-1.02057009796432
"E",216,"T","E216T",-0.270848757378703
"E",216,"V","E216V",-0.285932003439035
"E",216,"W","E216W",0.469165230279456
"E",216,"Y","E216Y",0.0193809853571017
"P",217,"A","P217A",-0.415069305279699
"P",217,"C","P217C",0.128755751690247
"P",217,"D","P217D",-0.643610802695616
"P",217,"E","P217E",-0.526570286528237
"P",217,"F","P217F",0.0780155995744501
"P",217,"G","P217G",-0.996973553184844
"P",217,"H","P217H",-0.745816270460257
"P",217,"I","P217I",-0.199917432896909
"P",217,"K","P217K",-0.668816006094307
"P",217,"L","P217L",0.0978867081454027
"P",217,"M","P217M",-1.64288035941998
"P",217,"N","P217N",-0.244336788528331
"P",217,"Q","P217Q",-0.932645008329043
"P",217,"R","P217R",0.0243384385871162
"P",217,"S","P217S",-0.108702145489345
"P",217,"T","P217T",0.296638756164186
"P",217,"V","P217V",0.328423417007879
"P",217,"W","P217W",-0.935316195446202
"P",217,"Y","P217Y",0.200754862528882
"K",218,"A","K218A",0.290852440817149
"K",218,"C","K218C",0.135943599728834
"K",218,"D","K218D",-0.478468122419607
"K",218,"E","K218E",-0.518210485816699
"K",218,"F","K218F",-0.417445233896341
"K",218,"G","K218G",0.130969128121591
"K",218,"H","K218H",-0.840004692364949
"K",218,"I","K218I",-0.1930258401004
"K",218,"L","K218L",-0.117043041169956
"K",218,"M","K218M",-0.187752815685028
"K",218,"N","K218N",-0.24243133993209
"K",218,"P","K218P",-0.854601043690548
"K",218,"Q","K218Q",0.546578501113323
"K",218,"R","K218R",-0.571507050091991
"K",218,"S","K218S",-0.265334462071415
"K",218,"T","K218T",-0.552216766799993
"K",218,"V","K218V",-0.036124463383581
"K",218,"W","K218W",-0.126377975393862
"K",218,"Y","K218Y",-0.565157872006342
"S",219,"A","S219A",-0.0130313959744593
"S",219,"C","S219C",-0.0818235019113176
"S",219,"D","S219D",0.128208030525643
"S",219,"E","S219E",-0.0336293591207034
"S",219,"F","S219F",0.17447727727189
"S",219,"G","S219G",-0.532913201543636
"S",219,"H","S219H",0.184191099463464
"S",219,"I","S219I",-0.147003137458808
"S",219,"K","S219K",-0.167387368952105
"S",219,"L","S219L",-0.159108042039073
"S",219,"M","S219M",-0.0688624470431006
"S",219,"N","S219N",-0.437927082479509
"S",219,"P","S219P",-0.148535408552223
"S",219,"Q","S219Q",-1.42738981054281
"S",219,"R","S219R",0.240389608033896
"S",219,"T","S219T",-0.394329015313514
"S",219,"V","S219V",-1.10691639215394
"S",219,"W","S219W",-0.676313913987455
"S",219,"Y","S219Y",0.761773690285203
"C",220,"A","C220A",0.155934898397406
"C",220,"D","C220D",-0.0625680172038035
"C",220,"E","C220E",-0.298404772916519
"C",220,"F","C220F",0.682885045582097
"C",220,"G","C220G",-0.206610220044517
"C",220,"H","C220H",-0.197013912209613
"C",220,"I","C220I",0.138909588103966
"C",220,"K","C220K",0.306915277749431
"C",220,"L","C220L",-0.329690613242268
"C",220,"M","C220M",-0.306521526004117
"C",220,"N","C220N",-0.587426547298567
"C",220,"P","C220P",-0.135103574414821
"C",220,"Q","C220Q",0.0288071636838899
"C",220,"R","C220R",0.206158713021098
"C",220,"S","C220S",0.260086608913522
"C",220,"T","C220T",-0.142245682242794
"C",220,"V","C220V",-0.547257327929175
"C",220,"W","C220W",-0.0891888038517769
"C",220,"Y","C220Y",-0.0115351205996894
"D",221,"A","D221A",-0.276446161753094
"D",221,"C","D221C",0.376708495676922
"D",221,"E","D221E",0.20061443403005
"D",221,"F","D221F",0.458446567189078
"D",221,"G","D221G",-0.190264407711538
"D",221,"H","D221H",0.189018407276586
"D",221,"I","D221I",-0.231230757809693
"D",221,"K","D221K",0.429463472567004
"D",221,"L","D221L",0.06506332107427
"D",221,"M","D221M",-0.0878932673532644
"D",221,"N","D221N",-0.575976076617841
"D",221,"P","D221P",-0.0738422162573363
"D",221,"Q","D221Q",0.0671377256027988
"D",221,"R","D221R",0.195740861639324
"D",221,"S","D221S",-0.11560714073806
"D",221,"T","D221T",0.102752262892451
"D",221,"V","D221V",-0.436845361631253
"D",221,"W","D221W",-0.346960211444674
"D",221,"Y","D221Y",0.0710306018862729
"K",222,"A","K222A",-0.156520237078431
"K",222,"C","K222C",-0.210207202690796
"K",222,"D","K222D",-0.169707653051323
"K",222,"E","K222E",-0.00216702437414528
"K",222,"F","K222F",0.249803372410376
"K",222,"G","K222G",-0.0678778945151885
"K",222,"H","K222H",-0.494625745131163
"K",222,"I","K222I",-0.392781273271896
"K",222,"L","K222L",-0.0817158589915443
"K",222,"M","K222M",-0.247840065334208
"K",222,"N","K222N",-0.0631479213410959
"K",222,"P","K222P",-0.154323323123479
"K",222,"Q","K222Q",0.298894637124544
"K",222,"R","K222R",-0.0568380839046088
"K",222,"S","K222S",0.47816594229199
"K",222,"T","K222T",-0.580734383153217
"K",222,"V","K222V",0.453520468944741
"K",222,"W","K222W",-0.126525725188485
"K",222,"Y","K222Y",-0.208058220147646
"T",223,"A","T223A",-0.282821287256711
"T",223,"C","T223C",-0.451764041674631
"T",223,"D","T223D",0.175811157563155
"T",223,"E","T223E",-0.326158371566914
"T",223,"F","T223F",-0.0554756334993994
"T",223,"G","T223G",-0.14331996953524
"T",223,"H","T223H",-0.499476548132584
"T",223,"I","T223I",0.214403948474341
"T",223,"K","T223K",0.217183986704872
"T",223,"L","T223L",-0.634757544458691
"T",223,"M","T223M",-0.382058110097581
"T",223,"N","T223N",-0.137468948168529
"T",223,"P","T223P",0.0703854630496161
"T",223,"Q","T223Q",-1.89015696045387
"T",223,"R","T223R",-0.172792617216294
"T",223,"S","T223S",-0.104098720194721
"T",223,"V","T223V",-0.937227263481846
"T",223,"W","T223W",-0.415232454141229
"T",223,"Y","T223Y",0.558405800651507
"H",224,"A","H224A",-0.187637671017537
"H",224,"C","H224C",-0.202277624285333
"H",224,"D","H224D",0.1591304526602
"H",224,"E","H224E",0.527550797798728
"H",224,"F","H224F",-0.028086706998181
"H",224,"G","H224G",-0.246240286780312
"H",224,"I","H224I",0.279723850815895
"H",224,"K","H224K",0.312388653579579
"H",224,"L","H224L",-0.418516693723222
"H",224,"M","H224M",0.0788768952354946
"H",224,"N","H224N",0.109921482950974
"H",224,"P","H224P",0.0300724789734914
"H",224,"Q","H224Q",-0.00552334189495333
"H",224,"R","H224R",-0.235799988272188
"H",224,"S","H224S",-0.358737490815736
"H",224,"T","H224T",-0.113221881535925
"H",224,"V","H224V",0.480626917409867
"H",224,"W","H224W",-0.0380446378213956
"H",224,"Y","H224Y",-0.68932204978445
"T",225,"A","T225A",-1.07812153217038
"T",225,"C","T225C",-0.844506418244785
"T",225,"D","T225D",-0.295270186073842
"T",225,"E","T225E",-0.878751403660416
"T",225,"F","T225F",-0.11894195173507
"T",225,"G","T225G",0.0894227317426902
"T",225,"H","T225H",-0.584093118165323
"T",225,"I","T225I",-0.240974982165194
"T",225,"K","T225K",-0.274961779412195
"T",225,"L","T225L",-0.239145740137321
"T",225,"M","T225M",-1.13395602394458
"T",225,"N","T225N",-0.417320334561535
"T",225,"P","T225P",-0.0251807590839731
"T",225,"Q","T225Q",0.0114902213984095
"T",225,"S","T225S",-0.838264348743905
"T",225,"V","T225V",0.178571282805186
"T",225,"W","T225W",0.147687059352696
"T",225,"Y","T225Y",-0.158246480598482
"C",226,"A","C226A",0.369094620287806
"C",226,"D","C226D",-0.577775580769358
"C",226,"E","C226E",-0.00525103889185202
"C",226,"F","C226F",-0.0282229876567202
"C",226,"G","C226G",-1.09295361923118
"C",226,"H","C226H",0.0668208025424396
"C",226,"I","C226I",0.295680787347832
"C",226,"K","C226K",-0.409327262144206
"C",226,"L","C226L",0.549960067296492
"C",226,"M","C226M",-0.00521058214306921
"C",226,"N","C226N",-0.375579850943386
"C",226,"P","C226P",0.191204929993373
"C",226,"Q","C226Q",0.515213173956154
"C",226,"R","C226R",0.37107549660401
"C",226,"S","C226S",0.245913841543814
"C",226,"T","C226T",-0.0673573374531038
"C",226,"V","C226V",0.545254415526291
"C",226,"W","C226W",-1.16598730340722
"C",226,"Y","C226Y",0.488036269943388
"P",227,"A","P227A",-0.33896724990952
"P",227,"C","P227C",0.363700731661129
"P",227,"D","P227D",-0.309567342102399
"P",227,"E","P227E",0.375421666764883
"P",227,"F","P227F",0.492277504965461
"P",227,"G","P227G",-0.381813151280376
"P",227,"H","P227H",-0.168939705577796
"P",227,"I","P227I",0.101921287325325
"P",227,"K","P227K",0.153240336618107
"P",227,"L","P227L",-0.0913080852015628
"P",227,"M","P227M",-0.232180928406315
"P",227,"N","P227N",0.298266130746563
"P",227,"Q","P227Q",-0.0236226306104688
"P",227,"R","P227R",0.271948921242488
"P",227,"S","P227S",-0.0159340456146187
"P",227,"T","P227T",0.0655854686531817
"P",227,"V","P227V",-0.248269325771171
"P",227,"W","P227W",0.251368285178725
"P",227,"Y","P227Y",-0.489444386745263
"P",228,"A","P228A",-0.123681891348549
"P",228,"C","P228C",1.31671883288843
"P",228,"D","P228D",0.155172191308618
"P",228,"E","P228E",0.0775712794127057
"P",228,"F","P228F",-0.102893816059316
"P",228,"G","P228G",0.19391747168009
"P",228,"H","P228H",0.328211206399155
"P",228,"I","P228I",0.00423343511990956
"P",228,"K","P228K",-0.504470822786857
"P",228,"L","P228L",0.203980532779454
"P",228,"M","P228M",0.224052072306393
"P",228,"N","P228N",-0.170274411380753
"P",228,"Q","P228Q",0.0195510303908261
"P",228,"R","P228R",0.295492531197612
"P",228,"S","P228S",-0.302415553468923
"P",228,"T","P228T",0.522505625130517
"P",228,"V","P228V",0.0244929827950493
"P",228,"W","P228W",0.116997210779781
"P",228,"Y","P228Y",0.0700764495111462
"C",229,"A","C229A",-0.924994010732572
"C",229,"D","C229D",0.263403739869256
"C",229,"E","C229E",-0.986432310442822
"C",229,"F","C229F",-0.0811000607962331
"C",229,"G","C229G",-1.41067704200736
"C",229,"H","C229H",-1.32913047853189
"C",229,"I","C229I",-0.515865932115693
"C",229,"K","C229K",-0.739804185519556
"C",229,"L","C229L",0.0222644135188027
"C",229,"M","C229M",-0.355504746558956
"C",229,"N","C229N",-1.16632445585028
"C",229,"P","C229P",-1.57682024099115
"C",229,"Q","C229Q",-1.44913086863105
"C",229,"R","C229R",-0.745031237175846
"C",229,"S","C229S",0.384534789168538
"C",229,"T","C229T",1.8346064429602
"C",229,"V","C229V",-0.986232385219845
"C",229,"W","C229W",0.25675574932426
"C",229,"Y","C229Y",0.0579226616543511
"P",230,"A","P230A",-0.0677445157779875
"P",230,"C","P230C",0.620672497569477
"P",230,"D","P230D",0.432407576727747
"P",230,"E","P230E",0.680422719452786
"P",230,"F","P230F",1.29721973851177
"P",230,"G","P230G",-0.231386264017316
"P",230,"H","P230H",0.275204862233424
"P",230,"I","P230I",0.483121825005189
"P",230,"K","P230K",-0.993626441677189
"P",230,"L","P230L",0.773504994035254
"P",230,"M","P230M",0.946289412783863
"P",230,"N","P230N",0.682967129689862
"P",230,"Q","P230Q",-0.260956472881627
"P",230,"R","P230R",-1.7069398549145
"P",230,"S","P230S",0.511800288237816
"P",230,"T","P230T",0.754039332580816
"P",230,"V","P230V",0.645419545311623
"P",230,"W","P230W",0.705772374792261
"P",230,"Y","P230Y",0.847785025761906
"A",231,"C","A231C",0.049758032815192
"A",231,"D","A231D",0.349176414375808
"A",231,"E","A231E",-1.4221624078899
"A",231,"F","A231F",0.917728397597853
"A",231,"G","A231G",-0.224759608192655
"A",231,"H","A231H",1.12696777781768
"A",231,"I","A231I",-0.206567484972199
"A",231,"K","A231K",-0.0538811710557444
"A",231,"L","A231L",0.314584921857978
"A",231,"M","A231M",0.379731298758595
"A",231,"N","A231N",0.417484151656005
"A",231,"P","A231P",-0.366029860355343
"A",231,"Q","A231Q",0.0566113183710014
"A",231,"R","A231R",-0.69161003395281
"A",231,"S","A231S",-0.419614355591166
"A",231,"T","A231T",-0.495093784975526
"A",231,"V","A231V",-0.247961265976651
"A",231,"W","A231W",3.17185828658021
"A",231,"Y","A231Y",1.60239721537212
"P",232,"A","P232A",-0.351535131153914
"P",232,"C","P232C",-0.331941946441305
"P",232,"D","P232D",0.487722436250033
"P",232,"E","P232E",0.227634860486297
"P",232,"F","P232F",2.33158626781205
"P",232,"G","P232G",-1.10737084750117
"P",232,"H","P232H",-0.480718701905691
"P",232,"I","P232I",3.27332350082497
"P",232,"K","P232K",0.247914859234899
"P",232,"L","P232L",3.61129447718578
"P",232,"M","P232M",3.66252959656964
"P",232,"N","P232N",0.527351211615914
"P",232,"Q","P232Q",0.752799195526598
"P",232,"R","P232R",0.154297320012777
"P",232,"S","P232S",0.183283670768251
"P",232,"T","P232T",0.49350926497609
"P",232,"V","P232V",1.6764225068947
"P",232,"W","P232W",3.75388663302735
"P",232,"Y","P232Y",1.66499699463972
"E",233,"A","E233A",-1.84009074680899
"E",233,"C","E233C",-1.48329358551122
"E",233,"D","E233D",-0.0702723139055559
"E",233,"F","E233F",0.493233125052673
"E",233,"G","E233G",0.271417753069475
"E",233,"H","E233H",0.0694381489985725
"E",233,"I","E233I",-0.453512128527867
"E",233,"K","E233K",0.404676112382633
"E",233,"L","E233L",-1.75335210796158
"E",233,"M","E233M",-1.5828277152905
"E",233,"N","E233N",-1.28764832645463
"E",233,"P","E233P",-1.87209252054479
"E",233,"Q","E233Q",-2.41696616943134
"E",233,"R","E233R",-0.0876796371748647
"E",233,"S","E233S",-0.215432544733054
"E",233,"T","E233T",-0.147742012920413
"E",233,"V","E233V",-1.09505710115637
"E",233,"W","E233W",1.74032020061103
"E",233,"Y","E233Y",-0.59852514939599
"L",234,"A","L234A",-0.588725592674406
"L",234,"C","L234C",0.35695472018836
"L",234,"D","L234D",-0.0954740685654935
"L",234,"E","L234E",-0.508768467997445
"L",234,"F","L234F",-0.61817876593858
"L",234,"G","L234G",-0.0590614212632799
"L",234,"H","L234H",-1.15129593258187
"L",234,"I","L234I",-1.00645725428459
"L",234,"K","L234K",-1.3147059779007
"L",234,"M","L234M",0.489146694288276
"L",234,"N","L234N",-2.11357160739994
"L",234,"P","L234P",-1.33250749873428
"L",234,"Q","L234Q",-1.59755270631445
"L",234,"R","L234R",-0.0869472254382186
"L",234,"S","L234S",-2.68025824514371
"L",234,"T","L234T",-0.850979146931872
"L",234,"W","L234W",0.747395492257828
"L",234,"Y","L234Y",-1.65838324740814
"L",235,"A","L235A",0.156992331620408
"L",235,"C","L235C",0.981310738840463
"L",235,"D","L235D",0.14134012309186
"L",235,"E","L235E",-0.993150116405449
"L",235,"F","L235F",1.53993366736598
"L",235,"G","L235G",-0.663699265101879
"L",235,"H","L235H",1.25965265821952
"L",235,"I","L235I",-0.159349337197339
"L",235,"K","L235K",0.085567256453967
"L",235,"M","L235M",-0.307000023674272
"L",235,"N","L235N",0.107417207977693
"L",235,"P","L235P",-1.44300413190123
"L",235,"Q","L235Q",-1.93476572293244
"L",235,"R","L235R",0.341764312845265
"L",235,"S","L235S",-1.86536363595539
"L",235,"T","L235T",-2.09853681603774
"L",235,"V","L235V",-1.75432950062624
"L",235,"W","L235W",1.466227510114
"L",235,"Y","L235Y",1.57167810323251
"G",236,"A","G236A",0.34055071597749
"G",236,"C","G236C",0.759562330401663
"G",236,"D","G236D",3.96618875813231
"G",236,"E","G236E",0.70682662947678
"G",236,"F","G236F",-1.68331337903865
"G",236,"H","G236H",0.0261285818191631
"G",236,"I","G236I",0.511645206594558
"G",236,"K","G236K",0.488717938843535
"G",236,"L","G236L",0.0443739605191485
"G",236,"M","G236M",0.336850622613477
"G",236,"N","G236N",1.12457031042457
"G",236,"P","G236P",0.299441815097825
"G",236,"Q","G236Q",0.250092759323977
"G",236,"R","G236R",-0.816126875968808
"G",236,"S","G236S",0.482329987160553
"G",236,"T","G236T",-0.88218128898162
"G",236,"V","G236V",-0.0650633389575102
"G",236,"W","G236W",-1.59727671388739
"G",236,"Y","G236Y",-4.24245242072895
"G",237,"A","G237A",2.32276890400328
"G",237,"C","G237C",0.573268843114256
"G",237,"D","G237D",5.00160203429027
"G",237,"E","G237E",1.61701142279864
"G",237,"F","G237F",4.21819576488114
"G",237,"H","G237H",1.25454644205531
"G",237,"I","G237I",1.02144534806339
"G",237,"K","G237K",0.300249269984949
"G",237,"L","G237L",1.40741859918342
"G",237,"M","G237M",1.11436637581587
"G",237,"N","G237N",4.21592287565745
"G",237,"P","G237P",0.128399818033278
"G",237,"Q","G237Q",0.778112778792366
"G",237,"R","G237R",-0.885061712716469
"G",237,"S","G237S",1.28016109453667
"G",237,"T","G237T",0.173891941403002
"G",237,"V","G237V",0.915847329489149
"G",237,"W","G237W",4.34861615161774
"G",237,"Y","G237Y",3.57804628417873
"P",238,"A","P238A",1.11306795530169
"P",238,"C","P238C",1.5685337175466
"P",238,"D","P238D",5.34845496065773
"P",238,"E","P238E",6.52223750371424
"P",238,"F","P238F",8.16254375697411
"P",238,"G","P238G",1.05575815051283
"P",238,"H","P238H",0.905648109026713
"P",238,"I","P238I",0.516785573702806
"P",238,"K","P238K",0.38347674594555
"P",238,"L","P238L",2.26223733394613
"P",238,"M","P238M",5.23356646102363
"P",238,"N","P238N",0.99283029772084
"P",238,"Q","P238Q",0.544839935223395
"P",238,"R","P238R",1.11928367435682
"P",238,"S","P238S",1.09957626913295
"P",238,"T","P238T",1.14087300114758
"P",238,"V","P238V",3.09000760323634
"P",238,"W","P238W",1.50227393531151
"P",238,"Y","P238Y",5.06716901594969
"S",239,"A","S239A",-0.0741959633359005
"S",239,"C","S239C",1.42617225875464
"S",239,"D","S239D",-0.977286029551764
"S",239,"E","S239E",-2.03584575239629
"S",239,"F","S239F",1.08213057151482
"S",239,"G","S239G",4.72921690097676
"S",239,"H","S239H",0.875009457346286
"S",239,"I","S239I",0.89748619907568
"S",239,"K","S239K",0.176631715199852
"S",239,"L","S239L",2.94935800873841
"S",239,"M","S239M",1.13674384162388
"S",239,"N","S239N",-0.205027689692016
"S",239,"P","S239P",3.20690498947388
"S",239,"Q","S239Q",0.97031987502083
"S",239,"R","S239R",0.707009446431897
"S",239,"T","S239T",0.285720049443015
"S",239,"V","S239V",0.550124075652779
"S",239,"W","S239W",-2.59359873759175
"S",239,"Y","S239Y",0.556893422307805
"V",240,"A","V240A",-1.98578700275282
"V",240,"C","V240C",-0.332739439977246
"V",240,"D","V240D",0.466034284864349
"V",240,"E","V240E",-1.17822944048243
"V",240,"F","V240F",-1.27680467910906
"V",240,"G","V240G",-1.54501226139362
"V",240,"H","V240H",-0.825861569327447
"V",240,"I","V240I",-1.16057430925531
"V",240,"K","V240K",0.575382068704142
"V",240,"L","V240L",-0.643773443058273
"V",240,"M","V240M",-0.133146800937488
"V",240,"N","V240N",-3.94208413970301
"V",240,"P","V240P",-1.4865561781516
"V",240,"Q","V240Q",-4.22351026598509
"V",240,"R","V240R",0.205181006200998
"V",240,"S","V240S",-1.19771971449198
"V",240,"T","V240T",-0.646401509367802
"V",240,"W","V240W",0.662202816118866
"V",240,"Y","V240Y",-0.301301588218647
"F",241,"A","F241A",-0.448573631611335
"F",241,"C","F241C",1.12457511864738
"F",241,"D","F241D",-1.26432596526386
"F",241,"E","F241E",-1.39008760833528
"F",241,"G","F241G",0.0292649049177408
"F",241,"H","F241H",0.583553420001993
"F",241,"I","F241I",-0.542611727415783
"F",241,"K","F241K",0.533838280119601
"F",241,"L","F241L",0.261891135330752
"F",241,"M","F241M",-0.0119129672244198
"F",241,"N","F241N",-0.155479274464387
"F",241,"P","F241P",1.76607252765651
"F",241,"Q","F241Q",-1.26525178873257
"F",241,"R","F241R",0.988103392504914
"F",241,"S","F241S",-1.43152434841814
"F",241,"T","F241T",-1.09745979905688
"F",241,"V","F241V",-1.40402947484294
"F",241,"W","F241W",0.963088867046425
"F",241,"Y","F241Y",0.909184574144138
"L",242,"F","L242F",-0.577121536816759
"F",243,"A","F243A",-1.05568709344482
"F",243,"C","F243C",0.483724727038435
"F",243,"D","F243D",-0.848698357645832
"F",243,"E","F243E",-0.664762531653372
"F",243,"H","F243H",0.523979719196527
"F",243,"I","F243I",0.744913060297951
"F",243,"K","F243K",0.857120790403544
"F",243,"L","F243L",-0.056977016698132
"F",243,"M","F243M",-0.880665110111798
"F",243,"N","F243N",-0.894678045402195
"F",243,"P","F243P",0.680072466908499
"F",243,"Q","F243Q",-0.282128026955501
"F",243,"R","F243R",0.436807738135527
"F",243,"S","F243S",0.217262805031394
"F",243,"T","F243T",-0.333460181666139
"F",243,"V","F243V",-0.330464616771596
"F",243,"W","F243W",-1.00706177321233
"F",243,"Y","F243Y",-1.05991185152177
"P",244,"A","P244A",0.0247315244787316
"P",244,"C","P244C",-0.615111499468053
"P",244,"D","P244D",-0.341998995736369
"P",244,"E","P244E",-0.389655943747581
"P",244,"F","P244F",-2.13270318054515
"P",244,"G","P244G",-0.961285324040261
"P",244,"H","P244H",-0.67119065003877
"P",244,"I","P244I",-0.0597098840068551
"P",244,"K","P244K",-0.417511430733215
"P",244,"L","P244L",-1.05461016026963
"P",244,"M","P244M",-0.539757922685008
"P",244,"N","P244N",-0.511723102728959
"P",244,"Q","P244Q",-0.232165884236008
"P",244,"R","P244R",-0.263590357311534
"P",244,"S","P244S",-0.0133258748004851
"P",244,"T","P244T",-0.0616742580856724
"P",244,"V","P244V",-0.0228319666058981
"P",244,"W","P244W",-1.8864253821552
"P",244,"Y","P244Y",-1.38971192237793
"P",245,"A","P245A",-0.599802728411431
"P",245,"C","P245C",-1.37223732209803
"P",245,"D","P245D",0.328264408386479
"P",245,"E","P245E",1.02170716658816
"P",245,"F","P245F",0.576611747890566
"P",245,"G","P245G",-0.662301481199469
"P",245,"H","P245H",0.428876441000543
"P",245,"I","P245I",0.407225886649477
"P",245,"K","P245K",0.861918194734782
"P",245,"L","P245L",0.60595975164927
"P",245,"M","P245M",-0.127413931047952
"P",245,"N","P245N",0.455016823344449
"P",245,"Q","P245Q",0.476784727956102
"P",245,"R","P245R",0.55019452486876
"P",245,"S","P245S",-0.766568845989348
"P",245,"T","P245T",0.213891554856699
"P",245,"V","P245V",-0.618230030855665
"P",245,"W","P245W",0.964480506915841
"P",245,"Y","P245Y",1.46151878872721
"K",246,"A","K246A",-0.898726099386629
"K",246,"C","K246C",-0.517710567597318
"K",246,"D","K246D",0.167440616396431
"K",246,"E","K246E",-0.243323551498406
"K",246,"F","K246F",-0.270014253274732
"K",246,"G","K246G",-0.492658546599224
"K",246,"H","K246H",-0.141837434949847
"K",246,"I","K246I",-0.286197252114582
"K",246,"L","K246L",0.0426036367379831
"K",246,"M","K246M",0.154071302068231
"K",246,"N","K246N",-0.113186866546298
"K",246,"P","K246P",-1.38101278710896
"K",246,"Q","K246Q",-0.0455912756785281
"K",246,"R","K246R",0.315234414908974
"K",246,"S","K246S",0.299988125546994
"K",246,"T","K246T",0.30217226474559
"K",246,"V","K246V",-0.534755352648834
"K",246,"W","K246W",-0.163824609485618
"K",246,"Y","K246Y",-0.68207128644914
"P",247,"A","P247A",-0.220458267346193
"P",247,"C","P247C",-0.374831146080739
"P",247,"D","P247D",-0.518280139122966
"P",247,"E","P247E",-0.284193237669328
"P",247,"F","P247F",0.906643424943629
"P",247,"G","P247G",0.34641326070071
"P",247,"H","P247H",0.208830185469328
"P",247,"I","P247I",0.683754298447791
"P",247,"K","P247K",-0.198209579281501
"P",247,"L","P247L",0.223310290077421
"P",247,"M","P247M",0.713432958146007
"P",247,"N","P247N",-0.775565162906551
"P",247,"Q","P247Q",1.21424098794886
"P",247,"R","P247R",-0.725756942808165
"P",247,"S","P247S",0.127358453564395
"P",247,"T","P247T",-0.136226391298495
"P",247,"V","P247V",0.271015434587395
"P",247,"W","P247W",0.0184307673936671
"P",247,"Y","P247Y",0.998677425003121
"K",248,"A","K248A",0.749921145206677
"K",248,"C","K248C",-0.341634275281487
"K",248,"D","K248D",0.0191875896334527
"K",248,"E","K248E",0.376926353095041
"K",248,"F","K248F",0.387459794786529
"K",248,"G","K248G",0.497165470085263
"K",248,"H","K248H",-0.175733407976149
"K",248,"I","K248I",-0.984429597973884
"K",248,"L","K248L",0.0406466385162596
"K",248,"M","K248M",-0.0638151843304899
"K",248,"N","K248N",-0.930247631958302
"K",248,"P","K248P",0.277767700714353
"K",248,"Q","K248Q",0.517850440257992
"K",248,"R","K248R",0.0547123969288012
"K",248,"S","K248S",0.332728577440837
"K",248,"T","K248T",-0.89221840663212
"K",248,"V","K248V",-0.387376593419757
"K",248,"W","K248W",0.47605358085799
"K",248,"Y","K248Y",0.148174652309474
"D",249,"A","D249A",-0.150868081596088
"D",249,"C","D249C",-0.295197517960134
"D",249,"E","D249E",-1.15351038362614
"D",249,"F","D249F",-0.190253395973982
"D",249,"G","D249G",-0.734911935151889
"D",249,"H","D249H",-0.191811783717378
"D",249,"I","D249I",-0.0984996244883336
"D",249,"K","D249K",-0.326736428715866
"D",249,"L","D249L",-0.164912453253806
"D",249,"M","D249M",-0.0746553975286011
"D",249,"N","D249N",-0.474663077016417
"D",249,"P","D249P",0.376521546825526
"D",249,"Q","D249Q",-0.217686579742355
"D",249,"R","D249R",0.216332034307095
"D",249,"S","D249S",-0.199139828845515
"D",249,"T","D249T",0.146882536395172
"D",249,"V","D249V",-0.00825404654595772
"D",249,"W","D249W",0.126394595279012
"D",249,"Y","D249Y",-0.715330765869743
"T",250,"A","T250A",0.941481383081859
"T",250,"C","T250C",0.0765002690941832
"T",250,"D","T250D",-0.980746567033705
"T",250,"E","T250E",0.446803011305891
"T",250,"F","T250F",1.87260204172245
"T",250,"G","T250G",0.372343884324843
"T",250,"H","T250H",0.814124724818501
"T",250,"I","T250I",-0.44003220282729
"T",250,"K","T250K",1.17863764071724
"T",250,"L","T250L",0.522201970018205
"T",250,"M","T250M",1.37125251646292
"T",250,"N","T250N",-0.179664737250016
"T",250,"P","T250P",-0.94196429094895
"T",250,"Q","T250Q",0.281329178708487
"T",250,"R","T250R",2.4920836585084
"T",250,"S","T250S",0.454523344869549
"T",250,"V","T250V",0.373353248442429
"T",250,"W","T250W",2.5966281501421
"T",250,"Y","T250Y",1.62762019908959
"L",251,"A","L251A",1.62473197859008
"L",251,"C","L251C",0.039449548008896
"L",251,"D","L251D",0.358358798348424
"L",251,"E","L251E",0.678701212603542
"L",251,"F","L251F",1.02067048318656
"L",251,"G","L251G",0.385086438794883
"L",251,"H","L251H",0.428139529025507
"L",251,"I","L251I",0.107605408272849
"L",251,"K","L251K",0.784417453889974
"L",251,"M","L251M",-0.347070514203023
"L",251,"N","L251N",0.471132744836915
"L",251,"P","L251P",0.387929008482517
"L",251,"Q","L251Q",0.0557652439161918
"L",251,"R","L251R",1.10045251820247
"L",251,"S","L251S",0.923046208137734
"L",251,"T","L251T",-0.405179906715736
"L",251,"V","L251V",-0.340772537128877
"L",251,"W","L251W",0.43699212320792
"L",251,"Y","L251Y",0.722982873776861
"M",252,"A","M252A",-0.191552719749369
"M",252,"C","M252C",-1.41097450778195
"M",252,"D","M252D",-0.707459705386866
"M",252,"E","M252E",0.215360159968803
"M",252,"F","M252F",-0.76351450061973
"M",252,"G","M252G",-0.174053797810798
"M",252,"H","M252H",-0.220946482738777
"M",252,"I","M252I",-0.45784180970847
"M",252,"K","M252K",-0.0971002882267848
"M",252,"L","M252L",0.593748203967264
"M",252,"N","M252N",-0.414480240712971
"M",252,"P","M252P",0.103582772775239
"M",252,"Q","M252Q",0.230463028215458
"M",252,"R","M252R",-0.217748715983555
"M",252,"S","M252S",0.372972881845696
"M",252,"T","M252T",0.335809791989783
"M",252,"V","M252V",-0.574721100424154
"M",252,"W","M252W",-0.670212022726671
"M",252,"Y","M252Y",-1.49647788219289
"I",253,"A","I253A",-0.395697881871997
"I",253,"C","I253C",-0.300131677832173
"I",253,"D","I253D",-0.763942170384347
"I",253,"E","I253E",0.0857143312615625
"I",253,"F","I253F",-1.15779841640293
"I",253,"G","I253G",-0.597688481679181
"I",253,"H","I253H",0.129063485284727
"I",253,"K","I253K",0.135900335034596
"I",253,"L","I253L",0.152852235166693
"I",253,"M","I253M",-0.181900586772947
"I",253,"N","I253N",0.3927467009889
"I",253,"P","I253P",-0.586703843641824
"I",253,"Q","I253Q",-0.843580040549058
"I",253,"R","I253R",-0.108302574347953
"I",253,"S","I253S",-0.36248652228062
"I",253,"T","I253T",-0.0628090634269809
"I",253,"V","I253V",-0.09442760890003
"I",253,"W","I253W",-0.331778420947998
"I",253,"Y","I253Y",-0.600887209423323
"S",254,"A","S254A",-0.156602664236857
"S",254,"C","S254C",-0.122781159911348
"S",254,"D","S254D",-0.269404912071029
"S",254,"E","S254E",-0.138363549307659
"S",254,"F","S254F",0.16164978847385
"S",254,"G","S254G",-0.337129806574053
"S",254,"H","S254H",-0.471326513166129
"S",254,"I","S254I",0.603496492873267
"S",254,"K","S254K",-0.0577072377122688
"S",254,"L","S254L",-0.234736791003611
"S",254,"M","S254M",0.0124653291790514
"S",254,"N","S254N",-0.188282755945982
"S",254,"P","S254P",-0.842376017450502
"S",254,"Q","S254Q",-0.0337078671758159
"S",254,"R","S254R",-0.378840903441585
"S",254,"T","S254T",-0.345250607121545
"S",254,"V","S254V",0.174178922081524
"S",254,"W","S254W",0.285380390678835
"S",254,"Y","S254Y",0.0132592253079946
"R",255,"A","R255A",-0.5193737082546
"R",255,"C","R255C",-0.275972685853991
"R",255,"D","R255D",-0.0877150723127473
"R",255,"E","R255E",-0.550304547722166
"R",255,"F","R255F",-0.0266280899040839
"R",255,"G","R255G",0.0656462198620856
"R",255,"H","R255H",0.037752670824761
"R",255,"I","R255I",-0.418202761198747
"R",255,"K","R255K",-0.264764010588915
"R",255,"L","R255L",-0.304208987080424
"R",255,"M","R255M",0.718130766137252
"R",255,"N","R255N",-0.688624306392224
"R",255,"P","R255P",0.267353527067742
"R",255,"Q","R255Q",-0.698444797184801
"R",255,"S","R255S",-0.0994474409152404
"R",255,"T","R255T",-0.131260014000437
"R",255,"V","R255V",-0.225207488755049
"R",255,"W","R255W",-0.362009875642509
"R",255,"Y","R255Y",0.0123802691241242
"T",256,"A","T256A",-0.0761900203298736
"T",256,"C","T256C",-0.337664765196364
"T",256,"D","T256D",-0.51403826153021
"T",256,"E","T256E",-0.212773225660147
"T",256,"F","T256F",-0.70737436779511
"T",256,"G","T256G",-0.381182337488196
"T",256,"H","T256H",-0.229154493080136
"T",256,"I","T256I",-0.536686135864888
"T",256,"K","T256K",0.143718788751535
"T",256,"L","T256L",0.46430001689702
"T",256,"M","T256M",-0.261216742383542
"T",256,"N","T256N",0.435035022712845
"T",256,"P","T256P",-0.548620371669962
"T",256,"Q","T256Q",-0.721665994004822
"T",256,"R","T256R",0.263776952324149
"T",256,"S","T256S",-0.465763055015159
"T",256,"V","T256V",-0.0662251036319738
"T",256,"W","T256W",-0.211335215249216
"T",256,"Y","T256Y",0.241890687577594
"P",257,"A","P257A",-0.89188743036982
"P",257,"C","P257C",-6.91931471339137e-05
"P",257,"D","P257D",0.689419699801183
"P",257,"E","P257E",0.655240211493811
"P",257,"F","P257F",0.430759118841649
"P",257,"G","P257G",-0.237391256506378
"P",257,"H","P257H",-1.42332461593151
"P",257,"I","P257I",-0.261949056169465
"P",257,"K","P257K",-0.685895048128971
"P",257,"L","P257L",-1.07712800671063
"P",257,"M","P257M",-0.893738459826179
"P",257,"N","P257N",-0.134329660249417
"P",257,"Q","P257Q",-0.773210618565043
"P",257,"R","P257R",-0.783906101427418
"P",257,"S","P257S",-0.78978341248828
"P",257,"T","P257T",-0.923455949079704
"P",257,"V","P257V",-2.4254312505166
"P",257,"W","P257W",1.4765686593005
"P",257,"Y","P257Y",0.706013207110168
"E",258,"A","E258A",-0.773800450561644
"E",258,"C","E258C",-0.140657513918634
"E",258,"D","E258D",-0.436476609847532
"E",258,"F","E258F",-0.247190021855206
"E",258,"G","E258G",-0.00977969337092949
"E",258,"H","E258H",0.659568868698066
"E",258,"I","E258I",-0.761525602833255
"E",258,"K","E258K",-0.477131354780192
"E",258,"L","E258L",-0.344066826515385
"E",258,"M","E258M",-0.570452471273787
"E",258,"N","E258N",-0.049713983308776
"E",258,"P","E258P",0.199310555147886
"E",258,"Q","E258Q",-0.351534061626213
"E",258,"R","E258R",-1.3392151995181
"E",258,"S","E258S",0.30229992346951
"E",258,"T","E258T",-0.141555786088679
"E",258,"V","E258V",-0.218012244728637
"E",258,"W","E258W",-1.29274805807073
"E",258,"Y","E258Y",0.00352350168479128
"V",259,"A","V259A",-1.06381886153993
"V",259,"C","V259C",0.000506724771819891
"V",259,"D","V259D",0.917523296846122
"V",259,"E","V259E",1.01660471102166
"V",259,"F","V259F",-0.960553033253786
"V",259,"G","V259G",-1.29654828306172
"V",259,"H","V259H",-0.465575673379705
"V",259,"I","V259I",0.150721288290535
"V",259,"K","V259K",0.72679181436968
"V",259,"L","V259L",0.00222946388176758
"V",259,"M","V259M",-0.476044439571461
"V",259,"N","V259N",-0.840983748674013
"V",259,"P","V259P",0.759773618959043
"V",259,"Q","V259Q",-0.239271307609838
"V",259,"R","V259R",0.72224111339314
"V",259,"S","V259S",-0.879890008628968
"V",259,"T","V259T",-1.26336963659006
"V",259,"W","V259W",0.850064751080049
"V",259,"Y","V259Y",0.0901352013694326
"T",260,"A","T260A",-0.685779263751287
"T",260,"C","T260C",-0.429483070134539
"T",260,"D","T260D",-0.252883536985325
"T",260,"E","T260E",-0.272232750816987
"T",260,"F","T260F",0.110666446305654
"T",260,"G","T260G",-0.00500641789024232
"T",260,"H","T260H",-0.3651119139247
"T",260,"I","T260I",0.12733795983033
"T",260,"K","T260K",0.0430175987705566
"T",260,"L","T260L",0.367492383647023
"T",260,"M","T260M",0.0785588653771001
"T",260,"N","T260N",-0.42769793590352
"T",260,"P","T260P",-0.084746903678781
"T",260,"Q","T260Q",-0.88188060824338
"T",260,"R","T260R",0.0722782916248934
"T",260,"S","T260S",-0.259585500473196
"T",260,"V","T260V",-0.565881383494104
"T",260,"W","T260W",-0.56668137484034
"T",260,"Y","T260Y",-0.272139920467849
"C",261,"A","C261A",-0.171589666939544
"C",261,"D","C261D",0.693959042467576
"C",261,"E","C261E",0.682695719971568
"C",261,"F","C261F",0.716922286290011
"C",261,"G","C261G",0.254216681223663
"C",261,"H","C261H",0.802133003207016
"C",261,"I","C261I",-0.693621704221624
"C",261,"K","C261K",1.59560759018692
"C",261,"L","C261L",0.913258919127876
"C",261,"M","C261M",-0.356858848055941
"C",261,"N","C261N",0.695157374432827
"C",261,"P","C261P",0.751996785191676
"C",261,"Q","C261Q",1.13595809391515
"C",261,"R","C261R",1.39363014092255
"C",261,"S","C261S",0.274793661992661
"C",261,"T","C261T",-0.832122333945705
"C",261,"V","C261V",-1.44881940819722
"C",261,"W","C261W",0.350368074601051
"C",261,"Y","C261Y",1.12506412030176
"V",262,"A","V262A",-1.18375588110786
"V",262,"C","V262C",-0.345187362879098
"V",262,"D","V262D",-2.49334777357512
"V",262,"E","V262E",0.54354775866706
"V",262,"F","V262F",-0.125214113242239
"V",262,"G","V262G",-0.75223283924108
"V",262,"H","V262H",0.122758769573159
"V",262,"I","V262I",0.237325039054136
"V",262,"K","V262K",-0.465737096673924
"V",262,"L","V262L",-1.9270733580527
"V",262,"M","V262M",-1.11615462609776
"V",262,"N","V262N",-1.15861265452037
"V",262,"P","V262P",0.208798821275153
"V",262,"Q","V262Q",-0.487425264744239
"V",262,"R","V262R",-0.279877923585375
"V",262,"S","V262S",0.31287702763957
"V",262,"T","V262T",-0.071084217064682
"V",262,"W","V262W",0.638216398483259
"V",262,"Y","V262Y",-0.160926084611255
"V",263,"A","V263A",-2.36795152007182
"V",263,"C","V263C",-0.671875411582423
"V",263,"D","V263D",1.15314449893933
"V",263,"E","V263E",0.540891214799048
"V",263,"F","V263F",0.149325229957124
"V",263,"G","V263G",-0.595131967908276
"V",263,"H","V263H",0.105871421562156
"V",263,"I","V263I",0.649811636877649
"V",263,"K","V263K",0.277495484528957
"V",263,"L","V263L",1.95798233999488
"V",263,"M","V263M",1.98657329431199
"V",263,"N","V263N",1.28892114862292
"V",263,"P","V263P",0.0768548708839344
"V",263,"Q","V263Q",1.06204756903558
"V",263,"R","V263R",1.22397946967926
"V",263,"S","V263S",-2.21181134693794
"V",263,"T","V263T",-0.577015306737492
"V",263,"W","V263W",0.358227780327646
"V",263,"Y","V263Y",0.61877353745754
"V",264,"A","V264A",0.714364537688076
"V",264,"C","V264C",1.00287311797286
"V",264,"D","V264D",-0.119664871443049
"V",264,"E","V264E",-1.17123104180488
"V",264,"F","V264F",0.66095615458529
"V",264,"G","V264G",3.54025236303876
"V",264,"H","V264H",-0.700668241985141
"V",264,"I","V264I",-0.769120172421333
"V",264,"K","V264K",0.367671285254634
"V",264,"L","V264L",0.935641748830086
"V",264,"M","V264M",0.482272424711358
"V",264,"N","V264N",2.03311495172882
"V",264,"P","V264P",0.488082202884856
"V",264,"Q","V264Q",-0.271398029434977
"V",264,"R","V264R",-0.273705122764054
"V",264,"S","V264S",1.29098481664405
"V",264,"T","V264T",1.58275085149314
"V",264,"W","V264W",0.510029249999132
"V",264,"Y","V264Y",-0.680239179965616
"D",265,"A","D265A",0.315487244236396
"D",265,"C","D265C",0.724317447562465
"D",265,"E","D265E",0.287805130345623
"D",265,"F","D265F",-0.276117804102418
"D",265,"G","D265G",-0.569203059456235
"D",265,"H","D265H",1.50704373472227
"D",265,"I","D265I",-0.141249048957994
"D",265,"K","D265K",0.151691615414035
"D",265,"L","D265L",0.101385026131462
"D",265,"M","D265M",0.213970406197988
"D",265,"N","D265N",0.12415433400623
"D",265,"P","D265P",0.25262103327713
"D",265,"Q","D265Q",0.80687010853674
"D",265,"R","D265R",0.568093943364609
"D",265,"S","D265S",0.275103083260981
"D",265,"T","D265T",-1.1941865105725
"D",265,"V","D265V",0.507596486364913
"D",265,"W","D265W",0.24524287923718
"D",265,"Y","D265Y",0.255367799852587
"V",266,"A","V266A",-0.91757292242819
"V",266,"C","V266C",0.661077639079897
"V",266,"D","V266D",-0.74607613539805
"V",266,"E","V266E",-0.280713663057105
"V",266,"F","V266F",3.97023453146619
"V",266,"G","V266G",1.11263380864169
"V",266,"H","V266H",0.696267486298503
"V",266,"I","V266I",1.70782828047924
"V",266,"K","V266K",-0.138471710402864
"V",266,"L","V266L",2.6916798795662
"V",266,"M","V266M",4.1243780524807
"V",266,"N","V266N",1.18553709576364
"V",266,"P","V266P",0.412969177375518
"V",266,"Q","V266Q",1.31171805726682
"V",266,"R","V266R",-0.0371566530444912
"V",266,"S","V266S",0.216493103714005
"V",266,"T","V266T",0.91645616321787
"V",266,"W","V266W",1.14895690479934
"V",266,"Y","V266Y",1.08393978641744
"S",267,"A","S267A",2.27662216301891
"S",267,"C","S267C",4.42705668430546
"S",267,"D","S267D",1.40754809736536
"S",267,"E","S267E",4.67377175090862
"S",267,"F","S267F",1.5148295120924
"S",267,"G","S267G",1.0538477099953
"S",267,"H","S267H",1.15865740057012
"S",267,"I","S267I",6.81054174115916
"S",267,"K","S267K",0.676942276817811
"S",267,"L","S267L",4.11655698386557
"S",267,"M","S267M",5.06609807420286
"S",267,"N","S267N",-0.933299778801918
"S",267,"P","S267P",-0.136373355796854
"S",267,"Q","S267Q",7.58856881102041
"S",267,"R","S267R",-0.146888596968658
"S",267,"T","S267T",3.33506155692647
"S",267,"V","S267V",8.31949527952139
"S",267,"W","S267W",1.91794724504459
"S",267,"Y","S267Y",0.877549134572555
"H",268,"A","H268A",3.33986376960138
"H",268,"C","H268C",-0.175612216054087
"H",268,"D","H268D",0.139555707166789
"H",268,"E","H268E",0.970541733848518
"H",268,"F","H268F",-0.317120117889885
"H",268,"G","H268G",2.92729027248589
"H",268,"I","H268I",-0.732528488158051
"H",268,"K","H268K",-0.190779184110413
"H",268,"L","H268L",-1.00016051138527
"H",268,"M","H268M",-1.61321910480476
"H",268,"N","H268N",4.76948704503057
"H",268,"P","H268P",0.928832536531051
"H",268,"Q","H268Q",1.24343180097617
"H",268,"R","H268R",0.553751439375555
"H",268,"S","H268S",2.29252517146809
"H",268,"T","H268T",0.237478193136245
"H",268,"V","H268V",0.674969266171264
"H",268,"W","H268W",0.660692385051418
"H",268,"Y","H268Y",0.594858785850736
"E",269,"A","E269A",-0.113154743534789
"E",269,"C","E269C",0.970210208956622
"E",269,"D","E269D",0.0979032073576425
"E",269,"F","E269F",0.76385443056775
"E",269,"G","E269G",-0.244282740508515
"E",269,"H","E269H",0.381692387022002
"E",269,"I","E269I",1.31923260538429
"E",269,"K","E269K",0.181676582246858
"E",269,"L","E269L",-0.940499984171006
"E",269,"M","E269M",-0.330577426903379
"E",269,"N","E269N",0.158998683459264
"E",269,"P","E269P",-0.0372672206127193
"E",269,"Q","E269Q",0.0657359818993294
"E",269,"R","E269R",0.787738376363282
"E",269,"S","E269S",-0.687517526090322
"E",269,"T","E269T",0.0108757737077244
"E",269,"V","E269V",0.611738139728121
"E",269,"W","E269W",1.1944760365424
"E",269,"Y","E269Y",0.445588633083276
"D",270,"A","D270A",-0.138129410804242
"D",270,"C","D270C",0.37310278060037
"D",270,"E","D270E",-2.43706521762289
"D",270,"F","D270F",0.509412475767363
"D",270,"G","D270G",-0.17380998478077
"D",270,"H","D270H",0.327749841054963
"D",270,"I","D270I",-1.1696871946512
"D",270,"K","D270K",0.354842651953562
"D",270,"L","D270L",-2.47235608875451
"D",270,"M","D270M",-1.09507443896603
"D",270,"N","D270N",0.59718251993094
"D",270,"P","D270P",0.0196768608920445
"D",270,"Q","D270Q",-3.70691052871132
"D",270,"R","D270R",0.0509144755176899
"D",270,"S","D270S",0.270785026038096
"D",270,"T","D270T",0.668395832228322
"D",270,"V","D270V",-0.838133287131675
"D",270,"W","D270W",-0.363126913157288
"D",270,"Y","D270Y",1.09627526870106
"P",271,"A","P271A",-0.371540373971936
"P",271,"C","P271C",0.772106495282586
"P",271,"D","P271D",0.773041095835627
"P",271,"E","P271E",0.348697479732939
"P",271,"F","P271F",-1.95899051485471
"P",271,"G","P271G",4.5637364502738
"P",271,"H","P271H",-0.897720587498675
"P",271,"I","P271I",-0.0635191887474554
"P",271,"K","P271K",-0.111480056136446
"P",271,"L","P271L",0.896137773005774
"P",271,"M","P271M",0.0584545594122733
"P",271,"N","P271N",-0.111726311833396
"P",271,"Q","P271Q",-0.370017260545203
"P",271,"R","P271R",-0.2093012249019
"P",271,"S","P271S",0.237203481821088
"P",271,"T","P271T",0.550683217127508
"P",271,"V","P271V",-1.25575194279762
"P",271,"W","P271W",-1.38767975128344
"P",271,"Y","P271Y",-2.39480043469103
"E",272,"A","E272A",1.1441248482981
"E",272,"C","E272C",0.279336603766003
"E",272,"D","E272D",-0.827676324633217
"E",272,"F","E272F",-2.37051719803626
"E",272,"G","E272G",-1.44586975199636
"E",272,"I","E272I",-0.205412033857412
"E",272,"K","E272K",1.29610988420375
"E",272,"L","E272L",0.0299257402647785
"E",272,"M","E272M",-0.245300926251792
"E",272,"N","E272N",-1.76536463460087
"E",272,"P","E272P",4.93865262053977
"E",272,"Q","E272Q",0.756719895991547
"E",272,"R","E272R",0.660637259079913
"E",272,"S","E272S",0.172496500326508
"E",272,"T","E272T",0.521726310723438
"E",272,"V","E272V",0.310699552651082
"E",272,"W","E272W",-2.62594483306811
"E",272,"Y","E272Y",-2.12019380993128
"V",273,"A","V273A",1.96257771825911
"V",273,"C","V273C",4.3485803369471
"V",273,"D","V273D",3.42493947047652
"V",273,"E","V273E",4.01974741616434
"V",273,"F","V273F",9.22908031277393
"V",273,"G","V273G",3.97016995435841
"V",273,"H","V273H",4.90051865930002
"V",273,"I","V273I",3.49593253248553
"V",273,"K","V273K",1.28868685073658
"V",273,"L","V273L",4.12481838672752
"V",273,"M","V273M",6.7356470145985
"V",273,"N","V273N",4.42863669792296
"V",273,"P","V273P",1.2671336958689
"V",273,"Q","V273Q",3.32539827437412
"V",273,"R","V273R",0.367505265821824
"V",273,"S","V273S",4.79751098789663
"V",273,"T","V273T",4.33349808387443
"V",273,"W","V273W",4.99804487719562
"V",273,"Y","V273Y",6.9154617907824
"K",274,"A","K274A",-1.04558762605221
"K",274,"C","K274C",0.801102997278842
"K",274,"D","K274D",-1.22863888328998
"K",274,"E","K274E",-1.15435625533114
"K",274,"F","K274F",0.576973787647892
"K",274,"G","K274G",-1.94054841561004
"K",274,"H","K274H",-0.243542293963512
"K",274,"I","K274I",0.0894956648230857
"K",274,"L","K274L",-0.57946475472237
"K",274,"M","K274M",0.0370229065495163
"K",274,"N","K274N",-0.27600582024776
"K",274,"P","K274P",-2.13788485058981
"K",274,"Q","K274Q",0.218742259960167
"K",274,"R","K274R",0.253491801655178
"K",274,"S","K274S",-0.601021659559524
"K",274,"T","K274T",-0.543158295889708
"K",274,"V","K274V",0.869049227071455
"K",274,"W","K274W",-0.576099407477632
"K",274,"Y","K274Y",-0.360983991274152
"F",275,"A","F275A",1.57428222914872
"F",275,"C","F275C",1.92394453102628
"F",275,"D","F275D",0.584363635830372
"F",275,"E","F275E",0.67098309635659
"F",275,"G","F275G",0.275091136563115
"F",275,"H","F275H",-0.704819493008021
"F",275,"I","F275I",-0.582537697322491
"F",275,"K","F275K",0.386190854437732
"F",275,"L","F275L",-1.90689783020959
"F",275,"M","F275M",0.394458206235098
"F",275,"N","F275N",0.45854421545957
"F",275,"P","F275P",1.71522698478961
"F",275,"Q","F275Q",-1.5874807645043
"F",275,"R","F275R",0.520159678871176
"F",275,"S","F275S",0.593617456500521
"F",275,"T","F275T",0.114507147394523
"F",275,"V","F275V",1.27409157904069
"F",275,"W","F275W",-0.533040711958037
"F",275,"Y","F275Y",-0.781587786355655
"N",276,"A","N276A",0.743111679730315
"N",276,"C","N276C",-0.198008072620643
"N",276,"D","N276D",-0.30004440913037
"N",276,"E","N276E",-0.246860212677647
"N",276,"F","N276F",0.254489288018437
"N",276,"G","N276G",-0.254701047539828
"N",276,"H","N276H",-0.410501169589283
"N",276,"I","N276I",-0.638808773580312
"N",276,"K","N276K",-0.221383477840952
"N",276,"L","N276L",0.00728803491643864
"N",276,"M","N276M",-0.500585545496955
"N",276,"P","N276P",0.447420798335994
"N",276,"Q","N276Q",0.135036348540623
"N",276,"R","N276R",-0.665577843758258
"N",276,"S","N276S",0.0835931073547376
"N",276,"T","N276T",0.2699995265189
"N",276,"V","N276V",-0.593930695488779
"N",276,"W","N276W",-0.549681965733255
"N",276,"Y","N276Y",-0.100140345753207
"W",277,"A","W277A",0.763067821881515
"W",277,"C","W277C",0.479587630750321
"W",277,"D","W277D",1.00230509660279
"W",277,"E","W277E",1.09173145491742
"W",277,"F","W277F",-0.0711708202440367
"W",277,"G","W277G",0.112597303413369
"W",277,"H","W277H",0.137532088050001
"W",277,"I","W277I",0.627109089789551
"W",277,"K","W277K",0.533190162428857
"W",277,"L","W277L",-0.409089778322988
"W",277,"M","W277M",0.0537957275679841
"W",277,"N","W277N",0.640499300614842
"W",277,"P","W277P",0.798013111054253
"W",277,"Q","W277Q",0.870802555871196
"W",277,"R","W277R",0.644673185737747
"W",277,"S","W277S",0.10586184676424
"W",277,"T","W277T",0.175588011722085
"W",277,"V","W277V",1.13895680539873
"W",277,"Y","W277Y",0.0400180650649051
"Y",278,"A","Y278A",-0.390283208309611
"Y",278,"C","Y278C",0.202680674858367
"Y",278,"D","Y278D",-0.722233333382506
"Y",278,"E","Y278E",0.305899341807117
"Y",278,"F","Y278F",-0.284180510608914
"Y",278,"G","Y278G",-0.441706033543909
"Y",278,"H","Y278H",-0.0538336207850895
"Y",278,"I","Y278I",-0.481687908801391
"Y",278,"K","Y278K",-0.849318765239791
"Y",278,"L","Y278L",-0.347692634594798
"Y",278,"M","Y278M",0.262993848144527
"Y",278,"N","Y278N",-0.0885178389542554
"Y",278,"P","Y278P",-0.0767999277053112
"Y",278,"Q","Y278Q",0.497326119081301
"Y",278,"R","Y278R",-0.528349120457376
"Y",278,"S","Y278S",-0.222823996501971
"Y",278,"T","Y278T",-0.0433016689713191
"Y",278,"V","Y278V",-0.377580151978023
"Y",278,"W","Y278W",-0.562806189847379
"V",279,"A","V279A",0.222297172498937
"V",279,"C","V279C",-0.698981435761751
"V",279,"D","V279D",0.350975397505937
"V",279,"E","V279E",-0.100741062188097
"V",279,"F","V279F",0.189284057094153
"V",279,"G","V279G",0.275602554379777
"V",279,"H","V279H",0.0108557874338044
"V",279,"I","V279I",-0.338797626377676
"V",279,"K","V279K",-0.262880621312858
"V",279,"L","V279L",-0.403941356877883
"V",279,"M","V279M",0.208817865540168
"V",279,"N","V279N",0.462270984483455
"V",279,"P","V279P",0.331255864794456
"V",279,"Q","V279Q",-1.20663858626001
"V",279,"R","V279R",-0.130595143009108
"V",279,"S","V279S",-0.383350069016946
"V",279,"T","V279T",-0.279370435501224
"V",279,"W","V279W",0.126542989475903
"V",279,"Y","V279Y",-0.159037889079525
"D",280,"A","D280A",-0.1310434914318
"D",280,"C","D280C",0.0471370196613456
"D",280,"E","D280E",0.116131476566382
"D",280,"F","D280F",0.37013430165645
"D",280,"G","D280G",-0.0232633946442649
"D",280,"H","D280H",-0.411562902374447
"D",280,"I","D280I",-0.636202185720883
"D",280,"K","D280K",-0.11661505212971
"D",280,"L","D280L",-0.15259797894587
"D",280,"M","D280M",0.122926449032604
"D",280,"N","D280N",0.305956491152076
"D",280,"P","D280P",0.505050921919448
"D",280,"Q","D280Q",-0.283636067274468
"D",280,"R","D280R",-0.261609040845413
"D",280,"S","D280S",-0.382550496455617
"D",280,"T","D280T",-0.0249338618867195
"D",280,"V","D280V",-0.326105544973565
"D",280,"W","D280W",0.0991747584331815
"D",280,"Y","D280Y",-0.166526314273972
"G",281,"A","G281A",-0.682164072507662
"G",281,"C","G281C",-0.0998440258431289
"G",281,"D","G281D",0.325403796485445
"G",281,"E","G281E",0.0315931789370753
"G",281,"F","G281F",-0.364693308790943
"G",281,"H","G281H",-0.428514542674151
"G",281,"I","G281I",-0.160233961705571
"G",281,"K","G281K",-0.506154821404231
"G",281,"L","G281L",-0.362344072141565
"G",281,"M","G281M",-0.49026696081834
"G",281,"N","G281N",0.0851298750803749
"G",281,"P","G281P",0.965420693876223
"G",281,"Q","G281Q",-0.271575975260484
"G",281,"R","G281R",-0.0583326301001848
"G",281,"S","G281S",-0.102623875205967
"G",281,"T","G281T",-0.749855049653867
"G",281,"V","G281V",-1.93397811612369
"G",281,"W","G281W",-0.421020690681542
"G",281,"Y","G281Y",-0.900626461651659
"V",282,"A","V282A",-1.13932805521359
"V",282,"C","V282C",-0.256560807105422
"V",282,"D","V282D",-1.09497199549014
"V",282,"E","V282E",0.121784996109482
"V",282,"F","V282F",0.237893206516345
"V",282,"G","V282G",-0.200172862299489
"V",282,"H","V282H",-0.466500225428002
"V",282,"I","V282I",-0.403667683266032
"V",282,"K","V282K",0.0229238666074124
"V",282,"L","V282L",-0.0275000742697922
"V",282,"M","V282M",-0.425153250953817
"V",282,"N","V282N",-0.563466721123209
"V",282,"P","V282P",0.113558167464936
"V",282,"Q","V282Q",0.163232432032393
"V",282,"R","V282R",0.0310843271501223
"V",282,"S","V282S",-0.0860859548311809
"V",282,"T","V282T",-0.308573525819136
"V",282,"W","V282W",0.0601553883083515
"V",282,"Y","V282Y",-0.572796048604389
"E",283,"A","E283A",-0.107323171499008
"E",283,"C","E283C",0.404404343009531
"E",283,"D","E283D",-0.481432263554853
"E",283,"F","E283F",0.0454227907409702
"E",283,"G","E283G",0.134464867823961
"E",283,"H","E283H",-1.24377984387788
"E",283,"I","E283I",0.259619087850917
"E",283,"K","E283K",0.355125290396266
"E",283,"L","E283L",0.242479403677411
"E",283,"M","E283M",0.620584598831318
"E",283,"N","E283N",0.0691892012498112
"E",283,"P","E283P",0.480742392056864
"E",283,"Q","E283Q",-0.238358982745462
"E",283,"R","E283R",0.166706024551142
"E",283,"S","E283S",0.172612578479115
"E",283,"T","E283T",-0.350202411505458
"E",283,"V","E283V",0.0622543045458437
"E",283,"W","E283W",0.497396544428368
"E",283,"Y","E283Y",-0.20235525619909
"V",284,"A","V284A",0.140241999437668
"V",284,"C","V284C",-0.209030000165983
"V",284,"D","V284D",0.180414462540705
"V",284,"E","V284E",-0.809385789731833
"V",284,"F","V284F",0.0763163533146282
"V",284,"G","V284G",0.31068836506071
"V",284,"H","V284H",0.117005630163682
"V",284,"I","V284I",-0.377020926199521
"V",284,"K","V284K",0.410345574894951
"V",284,"L","V284L",0.00257033804737609
"V",284,"M","V284M",-0.613373912493525
"V",284,"N","V284N",0.319055379648584
"V",284,"P","V284P",-1.13672212526443
"V",284,"Q","V284Q",0.288917570507918
"V",284,"R","V284R",-0.0321528418462921
"V",284,"S","V284S",-0.264480037142333
"V",284,"T","V284T",-0.442219309571782
"V",284,"W","V284W",0.439826910055699
"V",284,"Y","V284Y",0.0306213991391015
"H",285,"A","H285A",-0.430201403291271
"H",285,"C","H285C",0.0820379708652906
"H",285,"D","H285D",-0.778942855923257
"H",285,"E","H285E",-0.341269873014627
"H",285,"F","H285F",-0.18585139578403
"H",285,"G","H285G",-0.264877236802016
"H",285,"I","H285I",-0.352464066800664
"H",285,"K","H285K",0.163694264477371
"H",285,"L","H285L",0.132684053784239
"H",285,"M","H285M",-0.145050433003498
"H",285,"N","H285N",-0.366945343779969
"H",285,"P","H285P",0.380777527864769
"H",285,"Q","H285Q",-0.113799880442217
"H",285,"R","H285R",-0.0454599728873515
"H",285,"S","H285S",-0.0080141612286558
"H",285,"T","H285T",0.160555128659017
"H",285,"V","H285V",0.0761330758289187
"H",285,"W","H285W",-0.93967784574745
"H",285,"Y","H285Y",-0.478513265222408
"N",286,"A","N286A",-0.440753876609005
"N",286,"C","N286C",0.143240695313518
"N",286,"D","N286D",-0.0479744539239301
"N",286,"E","N286E",-0.135315099462502
"N",286,"F","N286F",-0.641130432824205
"N",286,"G","N286G",0.979389586124528
"N",286,"H","N286H",-0.489688866086933
"N",286,"I","N286I",-0.796051254626995
"N",286,"K","N286K",0.105319683803913
"N",286,"L","N286L",-0.446960169857539
"N",286,"M","N286M",-0.449278195772064
"N",286,"P","N286P",0.530515005055498
"N",286,"Q","N286Q",-0.402520967569625
"N",286,"R","N286R",0.223300194284222
"N",286,"S","N286S",-0.877671853787695
"N",286,"T","N286T",0.0691697303190701
"N",286,"V","N286V",-0.183852592884417
"N",286,"W","N286W",-0.0589730991574534
"N",286,"Y","N286Y",-0.346058955793087
"A",287,"C","A287C",-0.335322807867789
"A",287,"D","A287D",-0.862124881043765
"A",287,"E","A287E",-1.94357034945542
"A",287,"F","A287F",-1.15989456556046
"A",287,"G","A287G",0.594707532914806
"A",287,"H","A287H",0.304614007267268
"A",287,"I","A287I",1.02384818656117
"A",287,"K","A287K",1.16867533505861
"A",287,"L","A287L",0.179998920067605
"A",287,"M","A287M",-0.248297238266649
"A",287,"N","A287N",0.139463138199988
"A",287,"P","A287P",-1.18980200837581
"A",287,"Q","A287Q",0.318946080207274
"A",287,"R","A287R",0.479538421664942
"A",287,"S","A287S",0.321660934386242
"A",287,"T","A287T",-0.608331413157698
"A",287,"V","A287V",1.33740363159106
"A",287,"W","A287W",-1.24150705490563
"A",287,"Y","A287Y",0.407200338591589
"K",288,"A","K288A",-0.785622366892488
"K",288,"C","K288C",-0.823901249089058
"K",288,"D","K288D",-1.34570044423925
"K",288,"E","K288E",-0.712352987702836
"K",288,"F","K288F",-0.231605310046889
"K",288,"G","K288G",-0.784843874504276
"K",288,"H","K288H",-0.388202655678743
"K",288,"I","K288I",-0.481816804426887
"K",288,"L","K288L",-0.221190565851211
"K",288,"M","K288M",-0.946395649667439
"K",288,"N","K288N",0.505787522414573
"K",288,"P","K288P",-1.4043203895148
"K",288,"Q","K288Q",-1.11680875191351
"K",288,"R","K288R",-0.27571766847341
"K",288,"S","K288S",-0.528448994685343
"K",288,"T","K288T",0.0987783005628573
"K",288,"V","K288V",-0.665680953900788
"K",288,"W","K288W",-1.29358791783211
"K",288,"Y","K288Y",0.109242292860467
"T",289,"A","T289A",-0.274159002530676
"T",289,"C","T289C",-1.14126798995412
"T",289,"D","T289D",-0.477485846790283
"T",289,"E","T289E",-2.39804131804317
"T",289,"F","T289F",-1.27034082998479
"T",289,"G","T289G",0.0415763185117391
"T",289,"H","T289H",0.34475398251555
"T",289,"I","T289I",-1.19571495667758
"T",289,"K","T289K",1.04542565006182
"T",289,"L","T289L",-1.99038785325419
"T",289,"M","T289M",-0.00399701703629663
"T",289,"N","T289N",0.463969754324642
"T",289,"P","T289P",-0.853811822227078
"T",289,"Q","T289Q",-1.22892000389901
"T",289,"R","T289R",0.429540258560969
"T",289,"S","T289S",-0.0819867957082976
"T",289,"V","T289V",-0.512125332111732
"T",289,"W","T289W",-0.527743950702875
"T",289,"Y","T289Y",-1.22765123608214
"K",290,"A","K290A",0.0346030771494932
"K",290,"C","K290C",0.384122717284157
"K",290,"D","K290D",0.471164400326367
"K",290,"E","K290E",-0.428627085767585
"K",290,"F","K290F",-0.0861251639975587
"K",290,"G","K290G",-1.60964112033639
"K",290,"H","K290H",-0.914388852880775
"K",290,"I","K290I",-0.590221835745553
"K",290,"L","K290L",-1.6212980635218
"K",290,"M","K290M",-0.954593822410381
"K",290,"N","K290N",0.23817578816896
"K",290,"P","K290P",-0.0856582621029593
"K",290,"Q","K290Q",-0.312447510592225
"K",290,"R","K290R",-0.105209008996978
"K",290,"S","K290S",0.801037526606821
"K",290,"T","K290T",0.997731869615991
"K",290,"V","K290V",-0.596449723391495
"K",290,"W","K290W",0.392804552054375
"K",290,"Y","K290Y",1.62980960424689
"P",291,"A","P291A",-0.150591636165751
"P",291,"C","P291C",0.0714592392148673
"P",291,"D","P291D",-0.97978812015
"P",291,"E","P291E",-0.165190825717838
"P",291,"F","P291F",-0.791596792803032
"P",291,"G","P291G",-0.0274086729157806
"P",291,"H","P291H",-0.757209224622307
"P",291,"I","P291I",-0.158142205014929
"P",291,"K","P291K",0.394343063171047
"P",291,"L","P291L",-0.518848174043204
"P",291,"M","P291M",-0.461410736875302
"P",291,"N","P291N",-0.485555808350658
"P",291,"Q","P291Q",-0.44450282687138
"P",291,"R","P291R",0.044312915330191
"P",291,"S","P291S",-0.672452113614509
"P",291,"T","P291T",-0.913301867922219
"P",291,"V","P291V",0.134842427373644
"P",291,"W","P291W",-1.0883679597261
"P",291,"Y","P291Y",-0.330381958282081
"R",292,"A","R292A",-1.95790787048884
"R",292,"C","R292C",-1.01152324790991
"R",292,"D","R292D",-1.3435758853757
"R",292,"E","R292E",-2.29439778892018
"R",292,"F","R292F",-1.46743141827859
"R",292,"G","R292G",-1.7997974749497
"R",292,"H","R292H",-2.5737297050202
"R",292,"I","R292I",-1.57002168509245
"R",292,"K","R292K",-1.20941885547325
"R",292,"L","R292L",-1.88241347445634
"R",292,"M","R292M",-2.41569785605182
"R",292,"N","R292N",-1.55357187546794
"R",292,"P","R292P",-1.95240780488742
"R",292,"Q","R292Q",-1.91982092229496
"R",292,"S","R292S",-2.53186283835524
"R",292,"T","R292T",-1.81487299774933
"R",292,"V","R292V",-2.18088974591996
"R",292,"W","R292W",-0.481639921326023
"R",292,"Y","R292Y",-1.56224087634946
"E",293,"A","E293A",0.493404977659151
"E",293,"C","E293C",0.530531287964464
"E",293,"D","E293D",-0.00319379572572284
"E",293,"F","E293F",-0.299764276543548
"E",293,"G","E293G",-0.401613497288125
"E",293,"H","E293H",-0.65931537701382
"E",293,"I","E293I",-0.361868212077745
"E",293,"K","E293K",0.304981217437682
"E",293,"L","E293L",-0.124625693970171
"E",293,"M","E293M",0.131448566439557
"E",293,"N","E293N",-0.397709303229669
"E",293,"P","E293P",0.628292418779436
"E",293,"Q","E293Q",0.305425192576317
"E",293,"R","E293R",0.413553617632678
"E",293,"S","E293S",-0.584811206064657
"E",293,"T","E293T",-0.113302805445333
"E",293,"V","E293V",0.0608861545307205
"E",293,"W","E293W",0.220213948044204
"E",293,"Y","E293Y",0.851965519129278
"E",294,"A","E294A",0.334896817983672
"E",294,"C","E294C",0.54323898183876
"E",294,"D","E294D",-1.38115727226221
"E",294,"F","E294F",0.69757103176176
"E",294,"G","E294G",0.172718451586752
"E",294,"H","E294H",0.345150104261075
"E",294,"I","E294I",0.322294185421203
"E",294,"K","E294K",0.918653361001545
"E",294,"L","E294L",0.989032736845343
"E",294,"M","E294M",0.206868210196858
"E",294,"N","E294N",-2.08056971923544
"E",294,"P","E294P",-0.274319883105971
"E",294,"Q","E294Q",0.54261896976929
"E",294,"R","E294R",0.990003307111304
"E",294,"S","E294S",-0.164500085147435
"E",294,"T","E294T",0.0688393281973574
"E",294,"V","E294V",1.47130524130682
"E",294,"W","E294W",-0.541682167599432
"E",294,"Y","E294Y",-0.134434119071252
"Q",295,"A","Q295A",-1.63146112198552
"Q",295,"C","Q295C",-1.10159946266211
"Q",295,"D","Q295D",0.0310061409152325
"Q",295,"E","Q295E",0.195753721344032
"Q",295,"F","Q295F",-1.97334380102775
"Q",295,"G","Q295G",-0.768392346551678
"Q",295,"H","Q295H",-1.50963286631782
"Q",295,"I","Q295I",-0.601191325380586
"Q",295,"K","Q295K",-2.33115429383655
"Q",295,"L","Q295L",0.465446622946496
"Q",295,"M","Q295M",0.0245781873517022
"Q",295,"N","Q295N",-1.9734982663714
"Q",295,"P","Q295P",-0.400394960712484
"Q",295,"R","Q295R",-1.25019044637741
"Q",295,"S","Q295S",-1.7565665065331
"Q",295,"T","Q295T",-2.50963097445009
"Q",295,"V","Q295V",-0.784690302630727
"Q",295,"W","Q295W",0.397632277641854
"Q",295,"Y","Q295Y",-2.92431888675292
"Y",296,"A","Y296A",0.395016198924315
"Y",296,"C","Y296C",0.345345598684022
"Y",296,"D","Y296D",0.0374620821522946
"Y",296,"E","Y296E",-0.0430298592142963
"Y",296,"F","Y296F",0.217401562213804
"Y",296,"G","Y296G",1.23612878419183
"Y",296,"H","Y296H",0.429777593192636
"Y",296,"I","Y296I",-0.288880521137605
"Y",296,"K","Y296K",1.11055489696149
"Y",296,"L","Y296L",0.501863061486374
"Y",296,"M","Y296M",-0.16548576550698
"Y",296,"N","Y296N",0.246284100212689
"Y",296,"P","Y296P",1.04915237314493
"Y",296,"Q","Y296Q",-0.216008092530099
"Y",296,"R","Y296R",-0.703782966451427
"Y",296,"S","Y296S",0.639392549261667
"Y",296,"T","Y296T",0.969451696210519
"Y",296,"V","Y296V",-0.154033466175842
"Y",296,"W","Y296W",-0.785868165658707
"N",297,"A","N297A",0.260881769131223
"N",297,"C","N297C",0.546709891293534
"N",297,"D","N297D",-0.103545931849821
"N",297,"E","N297E",0.0154841913600713
"N",297,"F","N297F",0.0323734566563048
"N",297,"G","N297G",-0.142787535457663
"N",297,"H","N297H",0.20233390449391
"N",297,"I","N297I",0.235282180247634
"N",297,"K","N297K",-0.327839691066095
"N",297,"L","N297L",0.285613768734774
"N",297,"M","N297M",0.0989682520194066
"N",297,"P","N297P",0.741999752533499
"N",297,"Q","N297Q",0.35871140416752
"N",297,"R","N297R",0.547299468115042
"N",297,"S","N297S",0.0268714276974335
"N",297,"T","N297T",1.41770002318649
"N",297,"V","N297V",0.42843037755707
"N",297,"W","N297W",0.143790286774214
"N",297,"Y","N297Y",0.0947354819012456
"S",298,"A","S298A",-5.18094771527755
"S",298,"C","S298C",-1.66354113790612
"S",298,"D","S298D",-0.827698398926896
"S",298,"E","S298E",0.382577098107871
"S",298,"F","S298F",-1.85243057998403
"S",298,"G","S298G",-0.135416400808501
"S",298,"I","S298I",-1.97941225614243
"S",298,"K","S298K",1.33929721976643
"S",298,"L","S298L",2.11643241567121
"S",298,"M","S298M",0.898929617232815
"S",298,"N","S298N",0.71156139269379
"S",298,"P","S298P",0.359178582667801
"S",298,"Q","S298Q",-0.238934302532538
"S",298,"R","S298R",0.79891294263469
"S",298,"T","S298T",-2.38305173763889
"S",298,"V","S298V",-2.4103732218865
"S",298,"W","S298W",0.836165697840977
"S",298,"Y","S298Y",-1.77264217693328
"T",299,"A","T299A",3.31744450346641
"T",299,"C","T299C",1.07564321118958
"T",299,"D","T299D",0.0266838187882732
"T",299,"E","T299E",0.4253751551925
"T",299,"F","T299F",0.225891686113633
"T",299,"G","T299G",1.4952546046466
"T",299,"H","T299H",0.886740557356502
"T",299,"I","T299I",1.47531535727237
"T",299,"K","T299K",0.464152572902677
"T",299,"L","T299L",0.331282933330097
"T",299,"M","T299M",0.0550479860394217
"T",299,"N","T299N",0.576382807216505
"T",299,"P","T299P",0.578178575694721
"T",299,"Q","T299Q",0.00265390659469448
"T",299,"R","T299R",0.334751393283336
"T",299,"S","T299S",1.19246009623045
"T",299,"V","T299V",0.764827544700574
"T",299,"W","T299W",-0.197378022461652
"T",299,"Y","T299Y",0.0538407801681209
"Y",300,"A","Y300A",-1.32023132503723
"Y",300,"C","Y300C",0.191840862378949
"Y",300,"D","Y300D",-0.248496767570466
"Y",300,"E","Y300E",3.48802502317792
"Y",300,"F","Y300F",-0.574023863490755
"Y",300,"G","Y300G",-1.23821967087135
"Y",300,"H","Y300H",0.219291175128366
"Y",300,"I","Y300I",-0.663124409484138
"Y",300,"K","Y300K",-1.6661164524745
"Y",300,"L","Y300L",-1.01909879345176
"Y",300,"M","Y300M",-1.02836734906254
"Y",300,"N","Y300N",-0.750667995812474
"Y",300,"P","Y300P",1.15888273450135
"Y",300,"Q","Y300Q",0.846427542527486
"Y",300,"R","Y300R",0.0750906172157633
"Y",300,"S","Y300S",-1.63813050747766
"Y",300,"T","Y300T",-1.33340543590328
"Y",300,"V","Y300V",-0.0807421513290551
"Y",300,"W","Y300W",0.0663304924292753
"R",301,"A","R301A",0.520839018862137
"R",301,"C","R301C",-0.246523056333091
"R",301,"D","R301D",-0.269148317816365
"R",301,"E","R301E",-0.707504829714592
"R",301,"F","R301F",1.67771014807275
"R",301,"G","R301G",-0.771015119476048
"R",301,"H","R301H",-0.318359638811196
"R",301,"I","R301I",0.158896711872532
"R",301,"K","R301K",0.04004302165601
"R",301,"L","R301L",-0.508069052616991
"R",301,"M","R301M",0.268763689949888
"R",301,"N","R301N",-0.105964341587502
"R",301,"P","R301P",-0.424173909829899
"R",301,"Q","R301Q",0.277186400602115
"R",301,"S","R301S",-1.11109482002394
"R",301,"T","R301T",-1.86748373908007
"R",301,"V","R301V",-0.153855992220614
"R",301,"W","R301W",-0.334705833488783
"R",301,"Y","R301Y",1.10834899707171
"V",302,"A","V302A",1.03916250803779
"V",302,"C","V302C",1.68139960388572
"V",302,"D","V302D",3.50292629027232
"V",302,"E","V302E",0.530433093666321
"V",302,"F","V302F",-1.22662834589394
"V",302,"G","V302G",0.594133269699234
"V",302,"H","V302H",-1.2580937998207
"V",302,"I","V302I",-0.762342524825661
"V",302,"K","V302K",5.39607485454242
"V",302,"L","V302L",-0.310127627058622
"V",302,"M","V302M",-0.961499287031127
"V",302,"N","V302N",-0.444507116522891
"V",302,"P","V302P",0.252134987809814
"V",302,"Q","V302Q",0.56977473497744
"V",302,"R","V302R",5.08066929300876
"V",302,"S","V302S",1.66050514888843
"V",302,"T","V302T",0.000160429349017811
"V",302,"W","V302W",-0.531749605469343
"V",302,"Y","V302Y",-1.27161402580126
"V",303,"A","V303A",-0.220612061239555
"V",303,"C","V303C",0.224564881873755
"V",303,"D","V303D",1.19721566481131
"V",303,"E","V303E",-0.216068262262728
"V",303,"F","V303F",0.137106385736012
"V",303,"G","V303G",0.0434853593706736
"V",303,"H","V303H",0.297336534211641
"V",303,"I","V303I",-1.37413714388611
"V",303,"K","V303K",0.440958337079371
"V",303,"L","V303L",0.537796890731387
"V",303,"M","V303M",0.409589266211489
"V",303,"N","V303N",-0.567836824035792
"V",303,"P","V303P",-0.559302617179202
"V",303,"Q","V303Q",0.108559815158676
"V",303,"R","V303R",-0.107809047150893
"V",303,"S","V303S",0.130566025991601
"V",303,"T","V303T",-0.365134712294095
"V",303,"W","V303W",-0.0610506590112923
"V",303,"Y","V303Y",0.403428953940528
"S",304,"A","S304A",-1.74570846549884
"S",304,"C","S304C",-1.63901463933083
"S",304,"D","S304D",-1.58259742077727
"S",304,"E","S304E",-1.87551797854264
"S",304,"F","S304F",1.55481342975492
"S",304,"G","S304G",-1.54710934560843
"S",304,"H","S304H",-1.79137279553646
"S",304,"I","S304I",0.667540354365856
"S",304,"K","S304K",0.238170150422125
"S",304,"L","S304L",1.156834182566
"S",304,"M","S304M",-2.14578801085943
"S",304,"N","S304N",-0.901362694060929
"S",304,"P","S304P",0.532408468288077
"S",304,"Q","S304Q",-3.272450032273
"S",304,"R","S304R",-0.894356529434065
"S",304,"T","S304T",-0.905044300016975
"S",304,"V","S304V",0.61291097767478
"S",304,"W","S304W",1.31701550747427
"S",304,"Y","S304Y",1.48583618080473
"V",305,"A","V305A",0.305813985060402
"V",305,"C","V305C",-0.522719053586747
"V",305,"D","V305D",-0.130986184652621
"V",305,"E","V305E",-0.214176086123994
"V",305,"F","V305F",-0.17454550974711
"V",305,"G","V305G",-9.79160671298372e-05
"V",305,"H","V305H",-0.167604920130137
"V",305,"I","V305I",-0.813213807608619
"V",305,"K","V305K",0.873860314356485
"V",305,"L","V305L",-0.0306012353506177
"V",305,"M","V305M",0.859088554143044
"V",305,"N","V305N",1.10088846613769
"V",305,"P","V305P",-0.695264184143006
"V",305,"Q","V305Q",-0.167247429797997
"V",305,"R","V305R",0.697868521517343
"V",305,"S","V305S",-0.198922683878221
"V",305,"T","V305T",0.324905929303557
"V",305,"W","V305W",0.275669666304909
"V",305,"Y","V305Y",-0.360823304444437
"L",306,"A","L306A",0.147312764033156
"L",306,"C","L306C",-0.624197963935885
"L",306,"D","L306D",0.161927818141828
"L",306,"E","L306E",-0.366698707551414
"L",306,"F","L306F",-0.608596006255533
"L",306,"G","L306G",0.128321475850444
"L",306,"H","L306H",-0.256112788306429
"L",306,"I","L306I",0.350334499624497
"L",306,"K","L306K",-0.160643523585447
"L",306,"M","L306M",-0.668890981608473
"L",306,"N","L306N",-0.478763411274659
"L",306,"P","L306P",0.0181468488660198
"L",306,"Q","L306Q",-0.0902700554461243
"L",306,"R","L306R",1.11437556373701
"L",306,"S","L306S",0.0776665170323199
"L",306,"T","L306T",0.245343366434528
"L",306,"V","L306V",0.463692533304955
"L",306,"W","L306W",-0.787333505199888
"L",306,"Y","L306Y",-1.15440823338386
"T",307,"A","T307A",0.25364359167183
"T",307,"C","T307C",-0.26955821082738
"T",307,"D","T307D",-0.808326899920717
"T",307,"E","T307E",-0.443423617242781
"T",307,"F","T307F",-0.153479078195448
"T",307,"G","T307G",-0.38824669233604
"T",307,"H","T307H",0.314457195573102
"T",307,"I","T307I",-0.056373991473703
"T",307,"K","T307K",-0.206123535587232
"T",307,"L","T307L",0.269722342153131
"T",307,"M","T307M",-0.484405198457846
"T",307,"N","T307N",-0.243593365604605
"T",307,"P","T307P",-0.211694138689417
"T",307,"Q","T307Q",-0.267005010144798
"T",307,"R","T307R",-0.366119000679843
"T",307,"S","T307S",-0.302091601783024
"T",307,"V","T307V",-0.0949662813634569
"T",307,"W","T307W",-0.220996094175282
"T",307,"Y","T307Y",0.353206134309007
"V",308,"A","V308A",0.0571338294723405
"V",308,"C","V308C",0.0535558656394391
"V",308,"D","V308D",-0.4862666148724
"V",308,"E","V308E",0.516495386321502
"V",308,"F","V308F",-0.634328861525845
"V",308,"G","V308G",0.0594855026541304
"V",308,"H","V308H",-0.259079778045447
"V",308,"I","V308I",-0.260718676927172
"V",308,"K","V308K",0.326492170843796
"V",308,"L","V308L",-0.506737698879143
"V",308,"M","V308M",-1.59262212579546
"V",308,"N","V308N",-0.109677771893201
"V",308,"P","V308P",-2.02868719900791
"V",308,"Q","V308Q",-0.563552374919655
"V",308,"R","V308R",0.676042735800482
"V",308,"S","V308S",0.478400055507757
"V",308,"T","V308T",-0.674964897852128
"V",308,"W","V308W",2.0826250097685
"V",308,"Y","V308Y",1.28474137845564
"L",309,"A","L309A",-0.00134299734096283
"L",309,"C","L309C",0.0354386463465219
"L",309,"D","L309D",-1.23457529526337
"L",309,"E","L309E",-0.527010278073856
"L",309,"F","L309F",-0.0549571456946476
"L",309,"G","L309G",0.210916419192949
"L",309,"H","L309H",0.0944136747803641
"L",309,"I","L309I",-0.115823287051698
"L",309,"K","L309K",-0.472327755168132
"L",309,"M","L309M",-0.0205252582230866
"L",309,"N","L309N",-0.952910645103172
"L",309,"P","L309P",-1.16491875656115
"L",309,"Q","L309Q",0.228608582756125
"L",309,"R","L309R",-0.637478708620024
"L",309,"S","L309S",-0.569453539968039
"L",309,"T","L309T",-0.706561863630644
"L",309,"V","L309V",-0.58069696249836
"L",309,"W","L309W",-0.192214145319298
"L",309,"Y","L309Y",-0.152708562150303
"H",310,"A","H310A",0.433827951490723
"H",310,"C","H310C",0.300020795643587
"H",310,"D","H310D",-0.0945829483177064
"H",310,"E","H310E",0.317442756430254
"H",310,"F","H310F",0.0052116397732317
"H",310,"G","H310G",0.730762570028674
"H",310,"I","H310I",-0.304689545961882
"H",310,"K","H310K",-0.452827727288178
"H",310,"L","H310L",-0.899553585378216
"H",310,"M","H310M",0.223810202478112
"H",310,"N","H310N",-0.540421530888349
"H",310,"P","H310P",0.680647754325649
"H",310,"Q","H310Q",-0.557260443572823
"H",310,"R","H310R",0.485917261329235
"H",310,"S","H310S",0.090005831312007
"H",310,"T","H310T",-0.220172643612958
"H",310,"V","H310V",0.464372198148848
"H",310,"W","H310W",0.0607887450406613
"H",310,"Y","H310Y",0.146820749621116
"Q",311,"A","Q311A",-0.327211899984475
"Q",311,"C","Q311C",-0.0860469044474255
"Q",311,"D","Q311D",-0.159427687811303
"Q",311,"E","Q311E",0.054922776816026
"Q",311,"F","Q311F",-0.379979502840664
"Q",311,"G","Q311G",-1.11062621681591
"Q",311,"H","Q311H",-0.0484270599412221
"Q",311,"I","Q311I",-0.754267304363621
"Q",311,"K","Q311K",0.130779162148048
"Q",311,"L","Q311L",0.169470852921166
"Q",311,"M","Q311M",0.22283327944002
"Q",311,"N","Q311N",0.660741566068444
"Q",311,"P","Q311P",0.382755686660643
"Q",311,"R","Q311R",-0.186154530103608
"Q",311,"S","Q311S",0.0578649184446308
"Q",311,"T","Q311T",0.34792294788866
"Q",311,"V","Q311V",-0.0566908687488523
"Q",311,"W","Q311W",0.15899178206544
"Q",311,"Y","Q311Y",-0.750445840358504
"D",312,"A","D312A",-0.0419456427196226
"D",312,"C","D312C",0.21109768234078
"D",312,"E","D312E",0.000886653524284435
"D",312,"F","D312F",-0.806193702817128
"D",312,"G","D312G",0.291277045964776
"D",312,"H","D312H",-0.0377641100338236
"D",312,"I","D312I",-0.983163338721013
"D",312,"K","D312K",-0.498862384381936
"D",312,"L","D312L",0.353739326508864
"D",312,"M","D312M",-0.821733300251409
"D",312,"N","D312N",-0.101910754614309
"D",312,"P","D312P",-0.298355356387994
"D",312,"Q","D312Q",0.102317191337898
"D",312,"R","D312R",-0.535441457559892
"D",312,"S","D312S",0.238384455759556
"D",312,"T","D312T",-1.82969738451126
"D",312,"V","D312V",-1.5303940997355
"D",312,"W","D312W",-0.414092842267361
"D",312,"Y","D312Y",-0.443231148425374
"W",313,"A","W313A",1.19436538329275
"W",313,"C","W313C",0.304825510478058
"W",313,"D","W313D",0.874981872862261
"W",313,"E","W313E",0.566813150715806
"W",313,"F","W313F",-1.08262051580847
"W",313,"H","W313H",0.357368007501383
"W",313,"I","W313I",-0.687479628844814
"W",313,"K","W313K",0.997256936642718
"W",313,"L","W313L",-0.360790675321595
"W",313,"M","W313M",0.370968305819683
"W",313,"N","W313N",0.887574456954538
"W",313,"P","W313P",1.30173827858867
"W",313,"Q","W313Q",0.357738209493292
"W",313,"R","W313R",1.29447758981074
"W",313,"S","W313S",1.02274160475792
"W",313,"T","W313T",1.6404425253863
"W",313,"V","W313V",-1.16810835335109
"W",313,"Y","W313Y",-0.420768769194661
"L",314,"A","L314A",-0.963157210686174
"L",314,"C","L314C",-0.325348046310541
"L",314,"D","L314D",-0.699267225053786
"L",314,"E","L314E",-0.69372785895446
"L",314,"F","L314F",-0.00116395968461994
"L",314,"G","L314G",0.0547519811348193
"L",314,"H","L314H",-1.52622595628453
"L",314,"I","L314I",0.428309643858386
"L",314,"K","L314K",-0.0702107525899733
"L",314,"M","L314M",-0.927907817897959
"L",314,"N","L314N",0.132121956906688
"L",314,"P","L314P",-0.566109653481593
"L",314,"Q","L314Q",0.158669167548259
"L",314,"R","L314R",-1.17485668123322
"L",314,"S","L314S",-0.267613806871627
"L",314,"T","L314T",-0.452133450813603
"L",314,"V","L314V",-0.676249269551052
"L",314,"W","L314W",-0.131305310220316
"L",314,"Y","L314Y",-0.252886277425147
"N",315,"A","N315A",-1.12925624252617
"N",315,"C","N315C",-0.307346361393326
"N",315,"D","N315D",-0.532440859483296
"N",315,"E","N315E",-0.814591024540663
"N",315,"F","N315F",0.325418896952242
"N",315,"G","N315G",-0.195522994767575
"N",315,"H","N315H",0.539677078498788
"N",315,"I","N315I",0.0610136307361387
"N",315,"K","N315K",0.438478977044827
"N",315,"L","N315L",0.0917062637314158
"N",315,"M","N315M",-0.856310547322693
"N",315,"P","N315P",0.61570526252498
"N",315,"Q","N315Q",-0.355428252581562
"N",315,"R","N315R",-0.269848653586041
"N",315,"S","N315S",-0.182895940047842
"N",315,"T","N315T",-0.516233183112044
"N",315,"V","N315V",0.279951755880049
"N",315,"W","N315W",0.0904979373146725
"N",315,"Y","N315Y",-0.434365302104812
"G",316,"A","G316A",-0.134028592699076
"G",316,"C","G316C",-0.353889114263584
"G",316,"D","G316D",0.581503596558138
"G",316,"E","G316E",-1.09008637082461
"G",316,"F","G316F",0.235997945582117
"G",316,"H","G316H",0.311952317210293
"G",316,"I","G316I",-0.389594896532044
"G",316,"K","G316K",-0.311582891804118
"G",316,"L","G316L",-0.29776845015031
"G",316,"M","G316M",0.219029761451229
"G",316,"N","G316N",0.144055628752149
"G",316,"P","G316P",0.373405703725939
"G",316,"Q","G316Q",-0.137963780948328
"G",316,"R","G316R",0.369352345621556
"G",316,"S","G316S",-0.106674092570721
"G",316,"T","G316T",-0.625526491900592
"G",316,"V","G316V",-0.208508862455368
"G",316,"W","G316W",0.607773418730409
"G",316,"Y","G316Y",0.208030246571906
"K",317,"A","K317A",-1.10453844771002
"K",317,"C","K317C",-0.320126749132118
"K",317,"D","K317D",-0.446955749417684
"K",317,"E","K317E",0.296682797705091
"K",317,"F","K317F",-0.848788030848454
"K",317,"G","K317G",-0.258201023219251
"K",317,"H","K317H",-0.0224408093959952
"K",317,"I","K317I",-0.0123408640172515
"K",317,"L","K317L",-1.69890454708427
"K",317,"M","K317M",-0.51601652488015
"K",317,"N","K317N",-0.929773711159068
"K",317,"P","K317P",-0.603599382267656
"K",317,"Q","K317Q",-0.256998424811971
"K",317,"R","K317R",0.119898768269581
"K",317,"S","K317S",0.404430106254683
"K",317,"T","K317T",0.125434252570697
"K",317,"V","K317V",-0.503372473003932
"K",317,"W","K317W",-1.23160872133582
"K",317,"Y","K317Y",-0.0488450298845682
"E",318,"A","E318A",0.156770354668541
"E",318,"C","E318C",0.899663366179258
"E",318,"D","E318D",-0.611778606748714
"E",318,"F","E318F",0.219465705986242
"E",318,"G","E318G",-0.150883515699051
"E",318,"H","E318H",0.531357504426973
"E",318,"I","E318I",-0.0888220926744339
"E",318,"K","E318K",0.0713120332680917
"E",318,"L","E318L",-0.214465723282073
"E",318,"M","E318M",-0.341838188472947
"E",318,"N","E318N",-0.848650759343585
"E",318,"P","E318P",-0.792898244083216
"E",318,"Q","E318Q",0.222893060711806
"E",318,"R","E318R",0.235223006507885
"E",318,"S","E318S",-0.447585987097928
"E",318,"T","E318T",-0.761061532657883
"E",318,"V","E318V",-0.0620771745584969
"E",318,"W","E318W",0.0129916315371277
"E",318,"Y","E318Y",-0.216113224337359
"Y",319,"A","Y319A",-0.199527635944907
"Y",319,"C","Y319C",0.278476032347504
"Y",319,"D","Y319D",0.684943881853754
"Y",319,"E","Y319E",0.670440036895233
"Y",319,"F","Y319F",0.354077993554115
"Y",319,"G","Y319G",0.546942780179619
"Y",319,"H","Y319H",-0.0280180929249303
"Y",319,"I","Y319I",0.439713428906596
"Y",319,"K","Y319K",1.01971221585461
"Y",319,"L","Y319L",-0.25030748385103
"Y",319,"M","Y319M",-0.112967362062827
"Y",319,"N","Y319N",0.487558035225524
"Y",319,"P","Y319P",0.74243930740633
"Y",319,"Q","Y319Q",1.14355944934626
"Y",319,"R","Y319R",0.371617781776853
"Y",319,"S","Y319S",0.0182957066637046
"Y",319,"T","Y319T",-0.318061794883125
"Y",319,"V","Y319V",0.222510782683257
"Y",319,"W","Y319W",0.468876266599172
"K",320,"A","K320A",-0.676877392195098
"K",320,"C","K320C",-0.53049488215502
"K",320,"D","K320D",0.174323164632045
"K",320,"E","K320E",-0.463554630907807
"K",320,"F","K320F",0.333537280488602
"K",320,"G","K320G",-0.594899689299948
"K",320,"H","K320H",0.0456237902203333
"K",320,"I","K320I",0.117749247439451
"K",320,"L","K320L",-0.114491503360045
"K",320,"M","K320M",-1.03192621632643
"K",320,"N","K320N",-0.0667877028423969
"K",320,"P","K320P",0.658359734499873
"K",320,"Q","K320Q",0.303119099344557
"K",320,"R","K320R",0.295077202131562
"K",320,"S","K320S",-0.234554397033333
"K",320,"T","K320T",-0.296097298821216
"K",320,"V","K320V",-0.182574493061592
"K",320,"W","K320W",0.66370560203959
"K",320,"Y","K320Y",0.361416997998337
"C",321,"A","C321A",-0.696555258845245
"C",321,"D","C321D",0.599832353758978
"C",321,"E","C321E",0.824511029210957
"C",321,"F","C321F",0.572255553818437
"C",321,"G","C321G",0.732426357821316
"C",321,"H","C321H",0.863327635857946
"C",321,"I","C321I",-0.867774285999237
"C",321,"K","C321K",0.884647170728153
"C",321,"L","C321L",-0.735602965579044
"C",321,"M","C321M",0.354321434348672
"C",321,"N","C321N",0.851128636482258
"C",321,"P","C321P",0.158681024865377
"C",321,"Q","C321Q",0.370772349216318
"C",321,"R","C321R",0.457508243986441
"C",321,"S","C321S",-0.786732974572498
"C",321,"T","C321T",-0.116451716054159
"C",321,"V","C321V",-1.1610559415785
"C",321,"W","C321W",0.990638753937571
"C",321,"Y","C321Y",0.631450267285257
"K",322,"A","K322A",0.367383711397569
"K",322,"C","K322C",0.621077027900889
"K",322,"D","K322D",0.0648291481374195
"K",322,"E","K322E",0.345876237312271
"K",322,"F","K322F",0.586867038878447
"K",322,"G","K322G",-0.434208446786054
"K",322,"H","K322H",0.523964896557437
"K",322,"I","K322I",-0.596242728813444
"K",322,"L","K322L",0.447049970991097
"K",322,"M","K322M",0.0597223109637914
"K",322,"N","K322N",1.23348518987433
"K",322,"P","K322P",0.536274927421896
"K",322,"Q","K322Q",0.0692329326033294
"K",322,"R","K322R",0.0625139211843981
"K",322,"S","K322S",0.0936578571989551
"K",322,"T","K322T",-0.0908460947277961
"K",322,"V","K322V",0.00778287832616275
"K",322,"W","K322W",-0.227646940794413
"K",322,"Y","K322Y",0.802879094594805
"V",323,"A","V323A",-1.85100868799045
"V",323,"C","V323C",0.22689825529595
"V",323,"D","V323D",0.410665739537872
"V",323,"E","V323E",1.11888263736072
"V",323,"F","V323F",0.371060097459765
"V",323,"G","V323G",-1.05363046037533
"V",323,"H","V323H",0.244357767000568
"V",323,"I","V323I",2.31761347232176
"V",323,"K","V323K",0.97656439994459
"V",323,"L","V323L",-0.442564294206262
"V",323,"M","V323M",1.94348911838667
"V",323,"N","V323N",0.687137640302206
"V",323,"P","V323P",0.505878939656847
"V",323,"Q","V323Q",0.496017120972137
"V",323,"R","V323R",0.522124491807873
"V",323,"S","V323S",-0.33544652023402
"V",323,"T","V323T",-0.0687854287082048
"V",323,"W","V323W",0.842370099214911
"V",323,"Y","V323Y",1.95700194384396
"S",324,"A","S324A",-1.09735323824786
"S",324,"C","S324C",-0.215977800080111
"S",324,"D","S324D",-0.207071267767394
"S",324,"E","S324E",-0.269461671786616
"S",324,"F","S324F",-0.0495843720949802
"S",324,"G","S324G",-1.1193488509558
"S",324,"H","S324H",0.09122775909345
"S",324,"I","S324I",0.413674982764962
"S",324,"K","S324K",-2.32007846274035
"S",324,"L","S324L",0.288641507969453
"S",324,"M","S324M",-0.689838068296727
"S",324,"N","S324N",-0.544214672208494
"S",324,"P","S324P",-1.56944816226449
"S",324,"Q","S324Q",-0.880131641476966
"S",324,"R","S324R",-2.25127421129133
"S",324,"T","S324T",-0.0580172118033304
"S",324,"V","S324V",0.188362148652383
"S",324,"W","S324W",-0.330840673838091
"S",324,"Y","S324Y",-0.552498983510247
"N",325,"A","N325A",0.882180778288731
"N",325,"C","N325C",6.3308816416703
"N",325,"D","N325D",2.00461752408395
"N",325,"E","N325E",2.33305801546055
"N",325,"F","N325F",3.64572706294623
"N",325,"G","N325G",1.68422134232192
"N",325,"H","N325H",-2.3356103451607
"N",325,"I","N325I",10.823056640833
"N",325,"K","N325K",0.256763864258593
"N",325,"L","N325L",5.84584454483754
"N",325,"M","N325M",5.34560408704462
"N",325,"P","N325P",0.554019452295425
"N",325,"Q","N325Q",1.84095099892922
"N",325,"R","N325R",0.376298287642423
"N",325,"S","N325S",4.08153629550295
"N",325,"T","N325T",2.2074988491046
"N",325,"V","N325V",1.84043438296267
"N",325,"W","N325W",1.35775994293276
"N",325,"Y","N325Y",2.0459113334014
"K",326,"A","K326A",-0.626102257270126
"K",326,"C","K326C",0.631290300115484
"K",326,"D","K326D",1.21656904679288
"K",326,"E","K326E",0.811777136544113
"K",326,"F","K326F",1.49662141245022
"K",326,"G","K326G",-0.468174001512568
"K",326,"H","K326H",-0.0279052615431821
"K",326,"I","K326I",0.989714020318229
"K",326,"L","K326L",2.52683257783584
"K",326,"M","K326M",1.49411250158006
"K",326,"N","K326N",-3.06520862634506
"K",326,"P","K326P",-1.10348562263085
"K",326,"Q","K326Q",0.786394787310236
"K",326,"R","K326R",-0.0422469014676242
"K",326,"S","K326S",1.04368318010799
"K",326,"T","K326T",0.582800639896578
"K",326,"V","K326V",2.5043904419758
"K",326,"W","K326W",1.18130251433643
"K",326,"Y","K326Y",3.24705833614873
"A",327,"C","A327C",-0.76619128774483
"A",327,"D","A327D",3.86127439614382
"A",327,"E","A327E",3.45740575780964
"A",327,"F","A327F",-0.0188627517878773
"A",327,"G","A327G",1.9938109090261
"A",327,"H","A327H",1.07993531558584
"A",327,"I","A327I",1.09070906465164
"A",327,"K","A327K",-0.750845114481363
"A",327,"L","A327L",1.19333594977749
"A",327,"M","A327M",-0.74577756804704
"A",327,"N","A327N",2.07712250041381
"A",327,"P","A327P",0.999398396737845
"A",327,"Q","A327Q",0.392445466459101
"A",327,"R","A327R",-0.00738650993738852
"A",327,"S","A327S",0.00113326329497169
"A",327,"T","A327T",1.20712621142052
"A",327,"V","A327V",0.78327626887476
"A",327,"W","A327W",-0.0165384699176354
"A",327,"Y","A327Y",-0.527931384996861
"L",328,"A","L328A",1.35214543334273
"L",328,"C","L328C",0.97845392728424
"L",328,"D","L328D",7.55193111853505
"L",328,"E","L328E",5.56677806088688
"L",328,"F","L328F",4.51220724499356
"L",328,"G","L328G",1.98515312023184
"L",328,"H","L328H",1.85291453918256
"L",328,"I","L328I",4.98091685154643
"L",328,"K","L328K",-0.406237070473928
"L",328,"M","L328M",4.46373944063511
"L",328,"N","L328N",1.0223158759382
"L",328,"P","L328P",1.13130639782216
"L",328,"Q","L328Q",0.274874963261273
"L",328,"R","L328R",-0.511968080403493
"L",328,"S","L328S",2.17392947824043
"L",328,"T","L328T",1.99118589954091
"L",328,"V","L328V",2.03437345821514
"L",328,"W","L328W",7.35378312225566
"L",328,"Y","L328Y",5.08782461790901
"P",329,"A","P329A",-2.58553327949513
"P",329,"C","P329C",0.342444657836564
"P",329,"D","P329D",0.723676205158689
"P",329,"E","P329E",0.741684566868235
"P",329,"F","P329F",1.56935210470287
"P",329,"G","P329G",0.187781464923842
"P",329,"H","P329H",-0.51643096105232
"P",329,"I","P329I",0.221110638494677
"P",329,"K","P329K",-0.792047665990997
"P",329,"L","P329L",0.37692735725406
"P",329,"M","P329M",-0.00213333843403657
"P",329,"N","P329N",0.936906788702425
"P",329,"Q","P329Q",0.219980563603502
"P",329,"R","P329R",0.317946815047756
"P",329,"S","P329S",0.382856979856523
"P",329,"T","P329T",0.0237552648044767
"P",329,"V","P329V",0.263872043864592
"P",329,"W","P329W",0.717487381574128
"P",329,"Y","P329Y",0.74094522087284
"A",330,"C","A330C",-1.97400771558419
"A",330,"D","A330D",-0.385378741039649
"A",330,"E","A330E",-0.991529382506299
"A",330,"F","A330F",-2.9474546257392
"A",330,"G","A330G",0.507699671268398
"A",330,"H","A330H",-0.650082842488864
"A",330,"I","A330I",-2.75487667950928
"A",330,"K","A330K",0.0482466813644345
"A",330,"L","A330L",-5.21552988557336
"A",330,"M","A330M",-3.85412548218343
"A",330,"N","A330N",-1.74413993487931
"A",330,"P","A330P",1.07277001470295
"A",330,"Q","A330Q",0.499067607976962
"A",330,"R","A330R",0.711113088648932
"A",330,"S","A330S",-0.0908626074347684
"A",330,"T","A330T",-2.38558308494072
"A",330,"V","A330V",-3.79898888489107
"A",330,"W","A330W",-3.14318154252542
"A",330,"Y","A330Y",-3.06460351953611
"P",331,"A","P331A",0.279208445390335
"P",331,"C","P331C",1.32213454362523
"P",331,"D","P331D",0.729578120606949
"P",331,"E","P331E",1.82325054337245
"P",331,"F","P331F",0.495707256221863
"P",331,"G","P331G",0.641810810135621
"P",331,"H","P331H",1.36605303521921
"P",331,"I","P331I",1.44316329127274
"P",331,"K","P331K",0.0656133959990018
"P",331,"L","P331L",0.528171092673482
"P",331,"M","P331M",0.90031022069134
"P",331,"N","P331N",0.500290470139191
"P",331,"Q","P331Q",0.0308948184288931
"P",331,"R","P331R",-0.631511265151884
"P",331,"S","P331S",0.238996998547767
"P",331,"T","P331T",0.426448958360074
"P",331,"V","P331V",1.28366744966105
"P",331,"W","P331W",0.989000631030067
"P",331,"Y","P331Y",0.63930661063609
"I",332,"C","I332C",-1.80151118160816
"I",332,"D","I332D",-0.531971758152683
"I",332,"E","I332E",-0.2951463778513
"I",332,"F","I332F",0.571071370061568
"I",332,"G","I332G",-1.69259986131042
"I",332,"H","I332H",-0.0372753303781584
"I",332,"K","I332K",1.27489479961194
"I",332,"L","I332L",0.174385343485014
"I",332,"M","I332M",0.311765643051157
"I",332,"N","I332N",0.323175539791886
"I",332,"P","I332P",1.02875697315942
"I",332,"Q","I332Q",-0.713929162799059
"I",332,"R","I332R",-0.0752689911738822
"I",332,"S","I332S",-3.27532354596957
"I",332,"T","I332T",-0.708026643361825
"I",332,"V","I332V",-1.17909894056715
"I",332,"W","I332W",-0.600325674044255
"I",332,"Y","I332Y",1.07614472424796
"E",333,"A","E333A",-1.45029357078173
"E",333,"C","E333C",0.546754605746288
"E",333,"D","E333D",-0.414849052773056
"E",333,"F","E333F",0.369465593572532
"E",333,"G","E333G",-0.187541778697369
"E",333,"H","E333H",-0.559456933542084
"E",333,"I","E333I",-0.0659205157723625
"E",333,"K","E333K",0.165024908823163
"E",333,"L","E333L",0.850644180635232
"E",333,"M","E333M",0.116449855050251
"E",333,"N","E333N",-0.943615520294652
"E",333,"P","E333P",-0.253008804466279
"E",333,"Q","E333Q",-0.659298967232549
"E",333,"R","E333R",0.141152139928303
"E",333,"S","E333S",-1.40784449997325
"E",333,"T","E333T",-0.11240776385712
"E",333,"V","E333V",0.0839417815185235
"E",333,"W","E333W",-0.215973679554223
"E",333,"Y","E333Y",-0.554229030197821
"K",334,"A","K334A",-4.04559888025492
"K",334,"C","K334C",-0.871351336423929
"K",334,"D","K334D",-2.83277508551678
"K",334,"E","K334E",-4.25910883228426
"K",334,"F","K334F",-1.98605237538758
"K",334,"G","K334G",-0.791257960137075
"K",334,"H","K334H",-1.16833471513658
"K",334,"I","K334I",-2.58749281594435
"K",334,"L","K334L",-1.6067078861804
"K",334,"M","K334M",-3.28361603047791
"K",334,"N","K334N",-1.34042579622214
"K",334,"P","K334P",-2.55892639193437
"K",334,"Q","K334Q",-2.12497072484965
"K",334,"R","K334R",0.365833761995508
"K",334,"S","K334S",-1.53346957777779
"K",334,"T","K334T",-1.76915928889963
"K",334,"V","K334V",-0.768418773244458
"K",334,"W","K334W",-3.10834869521271
"K",334,"Y","K334Y",-2.90777786158919
"T",335,"A","T335A",-0.331020164136376
"T",335,"C","T335C",-0.2574206336058
"T",335,"D","T335D",-0.0979132444820769
"T",335,"E","T335E",0.0191641387176821
"T",335,"F","T335F",-0.157519142162149
"T",335,"G","T335G",-0.410806789776609
"T",335,"H","T335H",-0.0639733872326462
"T",335,"I","T335I",0.251634150434707
"T",335,"K","T335K",-0.314059511100232
"T",335,"L","T335L",-0.180407782434905
"T",335,"M","T335M",-0.423815035757471
"T",335,"N","T335N",-0.320947342396464
"T",335,"P","T335P",-1.52104271542547
"T",335,"Q","T335Q",-0.0299571432332607
"T",335,"R","T335R",0.189673089776657
"T",335,"S","T335S",-0.349933079880985
"T",335,"V","T335V",-0.296794156790441
"T",335,"W","T335W",-0.660117877123759
"T",335,"Y","T335Y",-0.515822021356705
"I",336,"A","I336A",-2.049390936748
"I",336,"C","I336C",-1.55131944668105
"I",336,"D","I336D",0.68719507905212
"I",336,"E","I336E",-0.777132827051645
"I",336,"F","I336F",-0.532916621497105
"I",336,"G","I336G",-0.760046684946385
"I",336,"H","I336H",-1.09401789298531
"I",336,"K","I336K",-1.21796482020592
"I",336,"L","I336L",-0.682911586099279
"I",336,"M","I336M",-0.990351019094351
"I",336,"N","I336N",-0.392508306235579
"I",336,"P","I336P",0.786722863560453
"I",336,"Q","I336Q",-1.80456979634103
"I",336,"R","I336R",-0.958856845086485
"I",336,"S","I336S",-1.69065227392572
"I",336,"T","I336T",-0.65117801815431
"I",336,"V","I336V",-0.755529784745517
"I",336,"W","I336W",-3.89174891240634
"I",336,"Y","I336Y",-0.55926129497939
"S",337,"A","S337A",-0.362483243677883
"S",337,"C","S337C",-0.171677537946727
"S",337,"D","S337D",0.142490638165184
"S",337,"E","S337E",0.0366558618072034
"S",337,"F","S337F",-0.178055203348115
"S",337,"G","S337G",-0.914323220313506
"S",337,"H","S337H",-0.834297773525572
"S",337,"I","S337I",-0.54147624964258
"S",337,"K","S337K",0.113598569440138
"S",337,"L","S337L",0.637185848065165
"S",337,"M","S337M",-0.183807881378437
"S",337,"N","S337N",-0.340852780952911
"S",337,"P","S337P",0.281329490527519
"S",337,"Q","S337Q",0.171315866013593
"S",337,"R","S337R",0.150184484271477
"S",337,"T","S337T",-0.737076257659173
"S",337,"V","S337V",0.253000992719422
"S",337,"W","S337W",-0.123983583981712
"S",337,"Y","S337Y",-0.786689473175515
"K",338,"A","K338A",-0.308155972973159
"K",338,"C","K338C",0.405219011232167
"K",338,"D","K338D",0.668303592034036
"K",338,"E","K338E",-1.41761752304653
"K",338,"F","K338F",0.493048928435358
"K",338,"G","K338G",-0.52747923347923
"K",338,"H","K338H",-0.0957378435072196
"K",338,"I","K338I",-0.188984809069156
"K",338,"L","K338L",-0.227468543700884
"K",338,"M","K338M",0.067701276688866
"K",338,"N","K338N",-0.260709768450237
"K",338,"P","K338P",-0.586111005652336
"K",338,"Q","K338Q",-0.21053054399456
"K",338,"R","K338R",-0.223925670453896
"K",338,"S","K338S",-0.134808628471861
"K",338,"T","K338T",-0.170628685570009
"K",338,"V","K338V",0.0894683067139908
"K",338,"W","K338W",0.376138317384421
"K",338,"Y","K338Y",0.112484500433867
"A",339,"C","A339C",-0.367011417535379
"A",339,"D","A339D",0.137169676314326
"A",339,"E","A339E",-1.54616464366349
"A",339,"F","A339F",-0.0758631290140053
"A",339,"G","A339G",0.10609172977724
"A",339,"H","A339H",0.156981094480133
"A",339,"I","A339I",1.44896349041977
"A",339,"K","A339K",0.572884596102673
"A",339,"L","A339L",-0.411163208705504
"A",339,"M","A339M",-1.12910880396795
"A",339,"N","A339N",0.025225331905555
"A",339,"P","A339P",-0.639584150961693
"A",339,"Q","A339Q",0.179389107300405
"A",339,"R","A339R",0.568801226346127
"A",339,"S","A339S",0.138576101337437
"A",339,"T","A339T",1.56823015345808
"A",339,"V","A339V",1.26758481381823
"A",339,"W","A339W",2.50602468990536
"A",339,"Y","A339Y",1.36336614291845
"K",340,"A","K340A",-0.365130382588766
"K",340,"C","K340C",-0.202225150936391
"K",340,"D","K340D",0.106657916083115
"K",340,"E","K340E",-0.117140646316062
"K",340,"F","K340F",-0.436066594507659
"K",340,"G","K340G",-0.274332978451042
"K",340,"H","K340H",-0.283284342877501
"K",340,"I","K340I",-0.237797432180769
"K",340,"L","K340L",-0.587930738283128
"K",340,"M","K340M",0.0855276364833107
"K",340,"N","K340N",-0.0881471864731404
"K",340,"P","K340P",-0.191391593587319
"K",340,"Q","K340Q",-0.082071063131989
"K",340,"R","K340R",-0.65024502343604
"K",340,"S","K340S",0.384450024805802
"K",340,"T","K340T",-0.509992202455646
"K",340,"V","K340V",-0.0445527772836788
"K",340,"W","K340W",-0.642480582898772
"K",340,"Y","K340Y",0.163896273592104
"G",341,"A","G341A",0.800047504366734
"G",341,"C","G341C",1.19167615061185
"G",341,"D","G341D",1.30099569871856
"G",341,"E","G341E",1.51460900802334
"G",341,"F","G341F",0.980592083323028
"G",341,"H","G341H",1.34296410189489
"G",341,"I","G341I",2.46016822821445
"G",341,"K","G341K",1.44673824869535
"G",341,"L","G341L",2.06481299391344
"G",341,"M","G341M",0.710061368315412
"G",341,"N","G341N",1.11898686213608
"G",341,"P","G341P",1.24351988648731
"G",341,"Q","G341Q",1.25744953144055
"G",341,"R","G341R",1.32580447362931
"G",341,"S","G341S",1.13602143741381
"G",341,"T","G341T",1.89114800161901
"G",341,"V","G341V",2.47472289069737
"G",341,"W","G341W",1.17966173354954
"G",341,"Y","G341Y",0.965671654390191
"Q",342,"A","Q342A",-0.886105794950949
"Q",342,"C","Q342C",-0.0392614028256352
"Q",342,"D","Q342D",-0.281044709236244
"Q",342,"E","Q342E",-0.683466121420928
"Q",342,"F","Q342F",-0.859464728491766
"Q",342,"G","Q342G",-1.15593320962688
"Q",342,"H","Q342H",-0.232558947903491
"Q",342,"I","Q342I",0.594604423651973
"Q",342,"K","Q342K",0.173460345158185
"Q",342,"L","Q342L",-0.591169014860575
"Q",342,"M","Q342M",-0.136334264061499
"Q",342,"N","Q342N",-0.13112596374462
"Q",342,"P","Q342P",-0.150966032101312
"Q",342,"R","Q342R",-0.414369284366326
"Q",342,"S","Q342S",0.280802473552644
"Q",342,"T","Q342T",0.0362624884581523
"Q",342,"V","Q342V",-0.0724556645562508
"Q",342,"W","Q342W",-0.512372027245198
"Q",342,"Y","Q342Y",-0.911583262950706
"P",343,"A","P343A",-0.418193907601484
"P",343,"C","P343C",0.252641094106219
"P",343,"D","P343D",0.738501164125003
"P",343,"E","P343E",0.20770100836126
"P",343,"F","P343F",0.519104428768031
"P",343,"G","P343G",0.275641322822571
"P",343,"H","P343H",0.330118137829851
"P",343,"I","P343I",0.00327747093718329
"P",343,"K","P343K",-0.0108230810120278
"P",343,"L","P343L",-0.0483266637429671
"P",343,"M","P343M",-0.619784954391668
"P",343,"N","P343N",0.284177381991079
"P",343,"Q","P343Q",-0.0622810680034185
"P",343,"R","P343R",-0.322857273912824
"P",343,"S","P343S",0.040350098291915
"P",343,"T","P343T",0.415805981603309
"P",343,"V","P343V",-0.427096467841284
"P",343,"W","P343W",0.498804929415571
"P",343,"Y","P343Y",0.850886879017672
"R",344,"A","R344A",0.0538833811980711
"R",344,"C","R344C",-0.503077072200776
"R",344,"D","R344D",-0.750246899776123
"R",344,"E","R344E",0.0180654204560579
"R",344,"F","R344F",0.240497953826002
"R",344,"G","R344G",-0.000156472040150075
"R",344,"H","R344H",-1.00931520560079
"R",344,"I","R344I",-0.785858758618132
"R",344,"K","R344K",-0.461758395421333
"R",344,"L","R344L",-0.706984625561718
"R",344,"M","R344M",-0.156225952602071
"R",344,"N","R344N",-0.0548631608567024
"R",344,"P","R344P",-0.445327572392094
"R",344,"Q","R344Q",-0.0454218059461719
"R",344,"S","R344S",-0.643591025947148
"R",344,"T","R344T",-0.597273011690495
"R",344,"V","R344V",0.406396966356213
"R",344,"Y","R344Y",-0.381346136063776
"E",345,"A","E345A",0.418081711281101
"E",345,"C","E345C",-0.50329688722546
"E",345,"D","E345D",-0.230369277319235
"E",345,"F","E345F",0.0104741256374518
"E",345,"G","E345G",-0.306756727473666
"E",345,"H","E345H",0.862232546266061
"E",345,"I","E345I",0.212696854862131
"E",345,"K","E345K",0.415300904536457
"E",345,"L","E345L",0.225021861728051
"E",345,"M","E345M",0.314637055958829
"E",345,"N","E345N",0.750585233760339
"E",345,"P","E345P",-0.0848477100056105
"E",345,"Q","E345Q",-0.0205908516959157
"E",345,"R","E345R",0.107003138688289
"E",345,"S","E345S",0.322213449749354
"E",345,"T","E345T",-1.53736983119735
"E",345,"V","E345V",-0.213425525087887
"E",345,"W","E345W",-0.203933945379102
"E",345,"Y","E345Y",-0.558323796892002
"P",346,"A","P346A",-0.276448616869702
"P",346,"C","P346C",0.143190893670187
"P",346,"D","P346D",-0.348509899138675
"P",346,"E","P346E",-0.900724628672624
"P",346,"F","P346F",-0.0188587317006508
"P",346,"G","P346G",0.020133509008576
"P",346,"H","P346H",-0.472193384248785
"P",346,"I","P346I",0.63159056294955
"P",346,"K","P346K",0.890948492228396
"P",346,"L","P346L",-0.0190831910269271
"P",346,"M","P346M",0.183109543385049
"P",346,"N","P346N",-0.356336349443645
"P",346,"Q","P346Q",-0.83891496358784
"P",346,"R","P346R",0.0114853494099249
"P",346,"S","P346S",-0.380134767008207
"P",346,"T","P346T",0.18494043726895
"P",346,"V","P346V",-0.0802474117273014
"P",346,"W","P346W",1.15590625128472
"P",346,"Y","P346Y",0.813171705091807
"Q",347,"A","Q347A",0.124550492657277
"Q",347,"C","Q347C",-0.358708776470125
"Q",347,"D","Q347D",-0.0465019290060785
"Q",347,"E","Q347E",-0.147004166089972
"Q",347,"F","Q347F",-0.53450483432534
"Q",347,"G","Q347G",-0.199398914028258
"Q",347,"H","Q347H",-0.361862620745525
"Q",347,"I","Q347I",-0.809981583633474
"Q",347,"K","Q347K",0.206484022256925
"Q",347,"L","Q347L",-0.845163213617257
"Q",347,"M","Q347M",-0.266358022348319
"Q",347,"N","Q347N",0.097026605331468
"Q",347,"P","Q347P",-0.606642403830388
"Q",347,"R","Q347R",-0.324104104555269
"Q",347,"S","Q347S",-0.0836662151421987
"Q",347,"T","Q347T",-0.449267190909513
"Q",347,"V","Q347V",-0.512590602544862
"Q",347,"W","Q347W",-0.518628737598612
"Q",347,"Y","Q347Y",-0.402073598751325
"V",348,"A","V348A",0.33107947382533
"V",348,"C","V348C",-0.212205745565646
"V",348,"D","V348D",0.548153455335974
"V",348,"E","V348E",-0.371921563612413
"V",348,"F","V348F",-0.462544474808222
"V",348,"G","V348G",-0.0386635648392034
"V",348,"H","V348H",-0.48030699524758
"V",348,"I","V348I",-0.31679559895535
"V",348,"K","V348K",-1.48080561485525
"V",348,"L","V348L",-0.104337080931923
"V",348,"M","V348M",-0.29034521390788
"V",348,"N","V348N",1.54009754051149
"V",348,"P","V348P",0.0619394913786415
"V",348,"Q","V348Q",0.0762109035874926
"V",348,"R","V348R",-1.226448038209
"V",348,"S","V348S",0.042551370439566
"V",348,"T","V348T",-0.207683935151895
"V",348,"W","V348W",0.0360266911449238
"V",348,"Y","V348Y",-0.314460331202714
"Y",349,"A","Y349A",-0.183423527705053
"Y",349,"C","Y349C",-0.311636779068374
"Y",349,"D","Y349D",0.249384176817385
"Y",349,"E","Y349E",-0.23767817489569
"Y",349,"F","Y349F",0.624953846258162
"Y",349,"G","Y349G",-0.662629412637947
"Y",349,"H","Y349H",0.637695576160381
"Y",349,"I","Y349I",-0.431731758604556
"Y",349,"K","Y349K",-0.484847421928369
"Y",349,"L","Y349L",-0.447921771544885
"Y",349,"M","Y349M",-0.716541621459883
"Y",349,"N","Y349N",0.000166770740573435
"Y",349,"P","Y349P",-0.728384195764641
"Y",349,"Q","Y349Q",-0.0493803371905609
"Y",349,"R","Y349R",0.0286884592595587
"Y",349,"S","Y349S",-0.335218520216282
"Y",349,"T","Y349T",-0.324764085686724
"Y",349,"V","Y349V",0.121823260479038
"Y",349,"W","Y349W",-0.414090939162816
"T",350,"A","T350A",-0.475253281401681
"T",350,"C","T350C",-0.560555716758598
"T",350,"D","T350D",-1.14116979254552
"T",350,"E","T350E",-0.891398257282142
"T",350,"F","T350F",0.313682885988952
"T",350,"G","T350G",-0.933169273891299
"T",350,"H","T350H",0.0197298891033966
"T",350,"I","T350I",-0.219788093978873
"T",350,"K","T350K",-0.277636448517149
"T",350,"L","T350L",-0.551770047849345
"T",350,"M","T350M",0.0115438710453398
"T",350,"N","T350N",-0.318406045000102
"T",350,"P","T350P",-0.356954696965662
"T",350,"Q","T350Q",-0.478132391916713
"T",350,"R","T350R",0.145098925127991
"T",350,"S","T350S",-0.636820329080702
"T",350,"V","T350V",-0.353956704161079
"T",350,"W","T350W",0.00676898307209221
"T",350,"Y","T350Y",-0.758516766236798
"L",351,"A","L351A",-0.543395700708504
"L",351,"C","L351C",-0.509294603987858
"L",351,"D","L351D",-0.655815857228033
"L",351,"E","L351E",-0.257927785104392
"L",351,"F","L351F",-0.438833620560649
"L",351,"G","L351G",-1.37501812274638
"L",351,"H","L351H",0.679732005788574
"L",351,"I","L351I",-0.00564889986664483
"L",351,"K","L351K",-0.706529050691057
"L",351,"M","L351M",-0.858523234954929
"L",351,"N","L351N",-0.544257216118646
"L",351,"P","L351P",-0.796735847761131
"L",351,"Q","L351Q",0.00737361586245054
"L",351,"R","L351R",1.35220186324189
"L",351,"S","L351S",-0.892496001800376
"L",351,"T","L351T",-0.287312237644888
"L",351,"V","L351V",0.221342222559585
"L",351,"W","L351W",0.301941386472937
"L",351,"Y","L351Y",0.158657209593428
"P",352,"A","P352A",-0.0575546484140999
"P",352,"C","P352C",0.0351477281654794
"P",352,"D","P352D",-0.849066255474747
"P",352,"E","P352E",-1.05559753598329
"P",352,"F","P352F",0.300332213159438
"P",352,"G","P352G",0.252300572293531
"P",352,"H","P352H",0.0607225423756819
"P",352,"I","P352I",0.0185026930877998
"P",352,"K","P352K",0.39390026582715
"P",352,"L","P352L",-0.0477754034564841
"P",352,"M","P352M",-0.0410161707740251
"P",352,"N","P352N",-0.117859591922632
"P",352,"Q","P352Q",0.476475488428551
"P",352,"R","P352R",0.326149556629623
"P",352,"S","P352S",-0.183483539378002
"P",352,"T","P352T",-0.441543261546318
"P",352,"V","P352V",0.34052982432143
"P",352,"W","P352W",0.466664989087498
"P",352,"Y","P352Y",-0.457907905278063
"P",353,"A","P353A",0.416619781611206
"P",353,"C","P353C",-0.322781183699729
"P",353,"D","P353D",-0.263312043398977
"P",353,"E","P353E",0.479084151986431
"P",353,"F","P353F",-0.640797425966833
"P",353,"G","P353G",-0.0768512230037169
"P",353,"H","P353H",-0.0640888382647535
"P",353,"I","P353I",-0.446429122816742
"P",353,"K","P353K",-0.209821706597112
"P",353,"L","P353L",-0.352345287721826
"P",353,"M","P353M",-0.462678032363261
"P",353,"N","P353N",-0.350507939178129
"P",353,"Q","P353Q",-0.725428236370486
"P",353,"R","P353R",0.358820124996957
"P",353,"S","P353S",-0.381334206507981
"P",353,"T","P353T",-0.121098338440261
"P",353,"V","P353V",-0.443013741829076
"P",353,"W","P353W",-0.124316046964039
"P",353,"Y","P353Y",-0.758080059186032
"S",354,"A","S354A",0.755147595511002
"S",354,"C","S354C",-0.0718781294495305
"S",354,"D","S354D",-0.169208879701214
"S",354,"E","S354E",-0.563310988514831
"S",354,"F","S354F",-0.503802042208763
"S",354,"G","S354G",-0.50792076425218
"S",354,"H","S354H",0.301035371380171
"S",354,"I","S354I",-0.226179323461362
"S",354,"K","S354K",0.303824270836557
"S",354,"L","S354L",-0.104515681631371
"S",354,"M","S354M",0.0353766258315881
"S",354,"N","S354N",-0.216218185743459
"S",354,"P","S354P",-0.810342706479951
"S",354,"Q","S354Q",-0.549584354246026
"S",354,"R","S354R",2.01441922839549
"S",354,"T","S354T",-0.545165224736847
"S",354,"V","S354V",-0.610287338230318
"S",354,"W","S354W",-0.129408231955894
"S",354,"Y","S354Y",-0.481008800057449
"R",355,"A","R355A",-0.56269023485529
"R",355,"C","R355C",-0.185947459035178
"R",355,"D","R355D",-1.01552805032234
"R",355,"E","R355E",-0.342503920201025
"R",355,"F","R355F",-0.509751285246356
"R",355,"G","R355G",-0.756770417202011
"R",355,"H","R355H",0.218074623940472
"R",355,"I","R355I",-0.825388847152808
"R",355,"K","R355K",-0.0760523578636792
"R",355,"L","R355L",-0.728680882237067
"R",355,"M","R355M",-0.141165371095026
"R",355,"N","R355N",-0.558685902673795
"R",355,"P","R355P",-0.424153393452473
"R",355,"Q","R355Q",0.172969674770728
"R",355,"S","R355S",0.0936319916963269
"R",355,"T","R355T",0.113360900610553
"R",355,"V","R355V",-0.0505211700364997
"R",355,"W","R355W",0.0372271806019274
"R",355,"Y","R355Y",-0.250622371014321
"D",356,"A","D356A",0.0839675000927571
"D",356,"C","D356C",-0.49494844928999
"D",356,"E","D356E",-0.262302176277657
"D",356,"F","D356F",-0.26383195636029
"D",356,"G","D356G",-0.255638676629697
"D",356,"H","D356H",-0.504372390817982
"D",356,"I","D356I",-0.384689089001985
"D",356,"K","D356K",0.344817421242153
"D",356,"L","D356L",-0.0847780147208437
"D",356,"M","D356M",0.776223213212824
"D",356,"N","D356N",-0.0547208535117924
"D",356,"P","D356P",0.287303674046977
"D",356,"Q","D356Q",0.0566019462689613
"D",356,"R","D356R",0.485660014803707
"D",356,"S","D356S",-0.255786786851166
"D",356,"T","D356T",-1.36729442810269
"D",356,"V","D356V",-0.0533824254036279
"D",356,"W","D356W",0.773953526017797
"D",356,"Y","D356Y",-0.226738642582718
"E",357,"A","E357A",0.239865251172704
"E",357,"C","E357C",-0.25378248660663
"E",357,"D","E357D",-0.608784506355517
"E",357,"F","E357F",0.0035772425639765
"E",357,"G","E357G",-0.0399540453375924
"E",357,"H","E357H",0.0731124110302116
"E",357,"I","E357I",0.0130386787069852
"E",357,"K","E357K",0.382378907878284
"E",357,"L","E357L",-0.322419233221765
"E",357,"M","E357M",-0.47205956667999
"E",357,"N","E357N",0.104705582747286
"E",357,"Q","E357Q",0.0646370741754463
"E",357,"R","E357R",0.0820575872066248
"E",357,"S","E357S",-0.00764274767611369
"E",357,"T","E357T",0.129756183686881
"E",357,"V","E357V",-0.0625694854910193
"E",357,"W","E357W",-0.425467654311857
"E",357,"Y","E357Y",0.0254642736049748
"L",358,"A","L358A",0.721310573917573
"L",358,"C","L358C",-0.435016757046326
"L",358,"D","L358D",-0.530078601113273
"L",358,"E","L358E",0.208351749669572
"L",358,"F","L358F",-0.0854062526197839
"L",358,"G","L358G",0.12761300760263
"L",358,"H","L358H",0.0659933247755197
"L",358,"I","L358I",0.411463429446773
"L",358,"K","L358K",0.247525035786284
"L",358,"M","L358M",0.108833652227919
"L",358,"N","L358N",-0.0341768657859053
"L",358,"P","L358P",-0.226725205077356
"L",358,"Q","L358Q",-0.616109541050056
"L",358,"R","L358R",-0.121361617145373
"L",358,"S","L358S",0.184765997963693
"L",358,"T","L358T",0.269696799839027
"L",358,"V","L358V",-1.00064374774571
"L",358,"W","L358W",-0.893270200462139
"L",358,"Y","L358Y",0.697178813729039
"T",359,"A","T359A",0.0656115283083517
"T",359,"C","T359C",-0.105295599398338
"T",359,"D","T359D",-0.0924580590859891
"T",359,"E","T359E",-0.22401426093411
"T",359,"F","T359F",-0.0761745717620343
"T",359,"G","T359G",-0.0883660513172708
"T",359,"H","T359H",-0.147617454563331
"T",359,"I","T359I",-0.0915055205438053
"T",359,"K","T359K",0.127277853473754
"T",359,"L","T359L",-0.354292412089169
"T",359,"M","T359M",-0.160093975562815
"T",359,"N","T359N",-0.772832926108174
"T",359,"P","T359P",0.118339646530388
"T",359,"Q","T359Q",-0.249273065253871
"T",359,"R","T359R",0.581496336108108
"T",359,"S","T359S",-0.50174790390184
"T",359,"V","T359V",-0.0306476043525916
"T",359,"W","T359W",-0.224453631522553
"T",359,"Y","T359Y",-0.180516860256041
"K",360,"A","K360A",0.0659611191952011
"K",360,"C","K360C",-0.0474180977911168
"K",360,"D","K360D",-0.0443922793325121
"K",360,"E","K360E",-0.813398184747121
"K",360,"F","K360F",-0.397167437842486
"K",360,"G","K360G",-0.22477256915951
"K",360,"H","K360H",-1.02415815822038
"K",360,"I","K360I",-0.043950920951291
"K",360,"L","K360L",-1.46724185377529
"K",360,"M","K360M",-0.316167521125303
"K",360,"N","K360N",-1.51918884974631
"K",360,"P","K360P",0.322032580996449
"K",360,"Q","K360Q",-0.270309591536665
"K",360,"R","K360R",-0.148943771476042
"K",360,"S","K360S",-0.0712132518338805
"K",360,"T","K360T",-0.153809872855482
"K",360,"V","K360V",-0.564318853448281
"K",360,"W","K360W",-0.534892701417404
"K",360,"Y","K360Y",0.33208380673739
"N",361,"A","N361A",-0.199728822773603
"N",361,"C","N361C",-0.265942172642784
"N",361,"D","N361D",-0.295686912255037
"N",361,"E","N361E",-0.0845434058150208
"N",361,"F","N361F",-0.127310907312673
"N",361,"G","N361G",0.144679029093203
"N",361,"H","N361H",0.0629707031299181
"N",361,"I","N361I",1.23021886192811
"N",361,"K","N361K",0.170317153634189
"N",361,"L","N361L",-0.322790843771515
"N",361,"M","N361M",0.508877102863682
"N",361,"P","N361P",0.435387125489174
"N",361,"Q","N361Q",-0.706259054643819
"N",361,"R","N361R",0.0629482414545711
"N",361,"S","N361S",-0.405714858566874
"N",361,"T","N361T",-0.0873583511537786
"N",361,"V","N361V",-0.123816858519728
"N",361,"W","N361W",0.443800981801253
"N",361,"Y","N361Y",-0.148583242453227
"Q",362,"A","Q362A",0.371990409853694
"Q",362,"C","Q362C",0.617932846580589
"Q",362,"D","Q362D",-0.0240959547362169
"Q",362,"E","Q362E",-0.155029567572138
"Q",362,"F","Q362F",0.31227159887339
"Q",362,"G","Q362G",-0.30126260436637
"Q",362,"H","Q362H",-0.26030935383309
"Q",362,"I","Q362I",-0.384298036878137
"Q",362,"K","Q362K",0.284112945381435
"Q",362,"L","Q362L",0.730221822017111
"Q",362,"M","Q362M",0.324761906294365
"Q",362,"N","Q362N",0.516375211117904
"Q",362,"P","Q362P",-0.290773631554323
"Q",362,"R","Q362R",0.364760328024984
"Q",362,"S","Q362S",-1.03620799923855
"Q",362,"T","Q362T",-0.036144276589049
"Q",362,"V","Q362V",-0.883984653218452
"Q",362,"W","Q362W",-0.150041296056045
"Q",362,"Y","Q362Y",-0.506495044355763
"V",363,"A","V363A",-0.0781609348355737
"V",363,"C","V363C",-0.472594435743825
"V",363,"D","V363D",0.187498924237819
"V",363,"E","V363E",0.197460972960772
"V",363,"F","V363F",0.0738601864155897
"V",363,"G","V363G",0.0412808591946577
"V",363,"H","V363H",0.275504263231525
"V",363,"I","V363I",-0.654355057765506
"V",363,"K","V363K",0.0289409053949655
"V",363,"L","V363L",-0.0235161285659925
"V",363,"M","V363M",-0.988834885087168
"V",363,"N","V363N",-0.382133518815388
"V",363,"P","V363P",0.516799374391426
"V",363,"Q","V363Q",-0.835632935426731
"V",363,"R","V363R",-0.0746530724388687
"V",363,"S","V363S",-0.0204674840535267
"V",363,"T","V363T",0.065278554665409
"V",363,"W","V363W",-0.687545388891637
"V",363,"Y","V363Y",-0.260015511258431
"S",364,"A","S364A",-0.768610064840917
"S",364,"C","S364C",-0.173053129637715
"S",364,"D","S364D",-0.583125023349651
"S",364,"E","S364E",0.143204897215272
"S",364,"F","S364F",-0.0273243398918974
"S",364,"G","S364G",0.153951984486158
"S",364,"H","S364H",0.498252049673887
"S",364,"I","S364I",-0.301140828157406
"S",364,"K","S364K",-1.4075617324675
"S",364,"L","S364L",-0.236540367278007
"S",364,"M","S364M",0.562720334049459
"S",364,"N","S364N",1.30707174397749
"S",364,"P","S364P",-0.233179230224843
"S",364,"Q","S364Q",-0.219469700105813
"S",364,"R","S364R",-0.383868272028333
"S",364,"T","S364T",-0.208870373562016
"S",364,"V","S364V",-0.105108311385307
"S",364,"W","S364W",-0.840346001964025
"S",364,"Y","S364Y",0.303842423173103
"L",365,"A","L365A",0.337296952163262
"L",365,"C","L365C",-0.699848177652701
"L",365,"D","L365D",0.434721175659699
"L",365,"E","L365E",-0.723175082418506
"L",365,"F","L365F",-0.208633288058176
"L",365,"G","L365G",-0.396221052844108
"L",365,"H","L365H",0.202245486489398
"L",365,"I","L365I",-0.173091992284799
"L",365,"K","L365K",0.466780853630963
"L",365,"M","L365M",0.732587245066497
"L",365,"N","L365N",0.0980497773846799
"L",365,"P","L365P",0.103405856949568
"L",365,"Q","L365Q",-0.123670565480357
"L",365,"R","L365R",-0.447813548114867
"L",365,"S","L365S",-0.384329070145558
"L",365,"T","L365T",-0.542216008286305
"L",365,"V","L365V",0.499478194477369
"L",365,"W","L365W",-0.445951406808762
"L",365,"Y","L365Y",0.103638807924116
"T",366,"A","T366A",-0.111657468249013
"T",366,"C","T366C",0.317690394866233
"T",366,"D","T366D",-0.8964908420607
"T",366,"E","T366E",-0.520708197854644
"T",366,"F","T366F",1.63011608163483
"T",366,"G","T366G",-0.163379674392636
"T",366,"H","T366H",-0.270147458428631
"T",366,"I","T366I",1.93353328315038
"T",366,"K","T366K",-0.74366353542078
"T",366,"L","T366L",0.782779337027232
"T",366,"M","T366M",0.382899536468423
"T",366,"N","T366N",-0.466417967027291
"T",366,"P","T366P",0.0545020843269878
"T",366,"Q","T366Q",0.251468797276016
"T",366,"R","T366R",-1.58979597448915
"T",366,"S","T366S",0.124646087859942
"T",366,"V","T366V",1.00446485018441
"T",366,"W","T366W",0.329109037620717
"T",366,"Y","T366Y",-0.602930915480333
"C",367,"A","C367A",-0.313392046847179
"C",367,"D","C367D",2.01569180219496
"C",367,"E","C367E",-0.298445392972069
"C",367,"F","C367F",-0.109538506511399
"C",367,"G","C367G",-0.225579082285012
"C",367,"H","C367H",-0.797446169506037
"C",367,"I","C367I",-0.415807578675269
"C",367,"K","C367K",0.0723350371014294
"C",367,"L","C367L",-0.292379637216381
"C",367,"M","C367M",-0.87557693003025
"C",367,"N","C367N",0.31567491777227
"C",367,"P","C367P",1.41463998422169
"C",367,"Q","C367Q",0.135970396468877
"C",367,"R","C367R",1.08816344928848
"C",367,"S","C367S",0.337965686884089
"C",367,"T","C367T",0.0831867715657779
"C",367,"V","C367V",-0.634351773924902
"C",367,"W","C367W",0.0488269061733844
"C",367,"Y","C367Y",0.107933524289016
"L",368,"A","L368A",-0.633342814543618
"L",368,"C","L368C",-0.423167796018205
"L",368,"D","L368D",0.155123318620266
"L",368,"E","L368E",0.454668755184327
"L",368,"F","L368F",-0.617777279233229
"L",368,"G","L368G",-0.284379322176138
"L",368,"H","L368H",0.117250917899253
"L",368,"I","L368I",-0.596271117344465
"L",368,"K","L368K",-0.165828990238879
"L",368,"M","L368M",0.203255836344511
"L",368,"N","L368N",-0.949036171606535
"L",368,"P","L368P",0.397954769816916
"L",368,"Q","L368Q",-0.199043948945921
"L",368,"R","L368R",0.260348800635417
"L",368,"S","L368S",0.0620529720423987
"L",368,"T","L368T",0.47403102216307
"L",368,"V","L368V",-0.158434297779582
"L",368,"W","L368W",-0.122576636124366
"L",368,"Y","L368Y",-0.0515667069438957
"V",369,"A","V369A",0.155522213576203
"V",369,"C","V369C",0.158498053523586
"V",369,"D","V369D",1.14578838735394
"V",369,"E","V369E",-0.49686935650244
"V",369,"F","V369F",-0.492983774504734
"V",369,"G","V369G",-0.165709788535281
"V",369,"H","V369H",-0.320684026714098
"V",369,"I","V369I",-0.0165403256693967
"V",369,"K","V369K",1.43153277970672
"V",369,"L","V369L",-0.0804320344329152
"V",369,"M","V369M",-0.136144441458393
"V",369,"N","V369N",0.49539461113346
"V",369,"P","V369P",-0.389019217040716
"V",369,"Q","V369Q",-0.213666629937031
"V",369,"R","V369R",1.95378604040904
"V",369,"S","V369S",-0.102407172736233
"V",369,"T","V369T",0.0684295583782108
"V",369,"W","V369W",-0.150634793895309
"V",369,"Y","V369Y",0.219929428696819
"K",370,"C","K370C",-0.423465400192455
"K",370,"D","K370D",-0.452017894022668
"K",370,"E","K370E",-0.103997719977083
"K",370,"F","K370F",-0.174803059722517
"K",370,"G","K370G",-0.058989672328779
"K",370,"H","K370H",-0.112550189553312
"K",370,"I","K370I",-0.208131433760866
"K",370,"L","K370L",-0.500037511163737
"K",370,"M","K370M",0.600773247595478
"K",370,"N","K370N",-0.372182467412752
"K",370,"P","K370P",-0.0715131497877898
"K",370,"Q","K370Q",0.0583860792092697
"K",370,"R","K370R",1.35105846047324
"K",370,"S","K370S",0.140172142147498
"K",370,"T","K370T",-0.727883120979946
"K",370,"V","K370V",-0.461193455270449
"K",370,"W","K370W",-0.108716061223256
"K",370,"Y","K370Y",-0.0807491295888898
"G",371,"A","G371A",-0.976183781586801
"G",371,"C","G371C",-0.135220730969657
"G",371,"D","G371D",-0.0608111870796952
"G",371,"E","G371E",-0.170548706667367
"G",371,"F","G371F",-0.110708327986776
"G",371,"H","G371H",-0.178111559024663
"G",371,"I","G371I",-0.643454315741709
"G",371,"K","G371K",0.18243979872195
"G",371,"L","G371L",-0.653042806021649
"G",371,"M","G371M",-0.460500448432453
"G",371,"N","G371N",-0.103491728238703
"G",371,"P","G371P",-0.801411292743898
"G",371,"Q","G371Q",-0.336680991637975
"G",371,"R","G371R",-0.72035318944641
"G",371,"S","G371S",-0.0801929239764544
"G",371,"T","G371T",-0.293994582104063
"G",371,"V","G371V",-0.273281755116441
"G",371,"W","G371W",-0.656684184140304
"G",371,"Y","G371Y",0.00952581765445409
"F",372,"A","F372A",-0.167276696631062
"F",372,"C","F372C",0.0541140906934357
"F",372,"D","F372D",4.95268860678576
"F",372,"E","F372E",2.95225519031338
"F",372,"G","F372G",-0.110161651198015
"F",372,"H","F372H",0.132500948235117
"F",372,"I","F372I",0.642631275992647
"F",372,"K","F372K",1.07223635517994
"F",372,"L","F372L",-0.083887059361891
"F",372,"M","F372M",-0.89923507151794
"F",372,"N","F372N",0.569062205273535
"F",372,"P","F372P",-0.207902531487181
"F",372,"Q","F372Q",0.135850371164099
"F",372,"R","F372R",3.26107932185272
"F",372,"S","F372S",0.526986742196445
"F",372,"T","F372T",-0.693622219522603
"F",372,"V","F372V",0.858125017465302
"F",372,"W","F372W",0.757152792558998
"F",372,"Y","F372Y",0.116154620461308
"Y",373,"A","Y373A",0.450940823626648
"Y",373,"C","Y373C",-1.59689904736113
"Y",373,"D","Y373D",0.653909806795259
"Y",373,"E","Y373E",0.429465206665417
"Y",373,"F","Y373F",-0.475510408006505
"Y",373,"G","Y373G",-1.70172940561999
"Y",373,"H","Y373H",0.842660249713568
"Y",373,"I","Y373I",-0.244423013514412
"Y",373,"K","Y373K",1.17661193266968
"Y",373,"L","Y373L",0.404485750230274
"Y",373,"M","Y373M",-1.11167225201425
"Y",373,"N","Y373N",-0.244585449635422
"Y",373,"P","Y373P",1.758327130904
"Y",373,"Q","Y373Q",0.353118385839619
"Y",373,"R","Y373R",0.0142598111471266
"Y",373,"S","Y373S",-0.987217683178602
"Y",373,"T","Y373T",0.75268660124458
"Y",373,"V","Y373V",0.00372234684883206
"Y",373,"W","Y373W",1.20357097713014
"P",374,"A","P374A",-0.0031281611620353
"P",374,"C","P374C",1.44430731227255
"P",374,"D","P374D",0.0331926758126689
"P",374,"E","P374E",3.20503009237141
"P",374,"F","P374F",1.72920585144356
"P",374,"G","P374G",0.166244413465279
"P",374,"H","P374H",0.79586390227403
"P",374,"I","P374I",1.10745687029428
"P",374,"K","P374K",1.34703519877871
"P",374,"L","P374L",1.24703798918974
"P",374,"M","P374M",0.9555696714568
"P",374,"N","P374N",-0.269138923094867
"P",374,"Q","P374Q",1.21164676854346
"P",374,"R","P374R",1.78308306180343
"P",374,"S","P374S",-0.266006958490751
"P",374,"T","P374T",-0.629876076962541
"P",374,"V","P374V",0.122517667376144
"P",374,"W","P374W",1.13328391635569
"P",374,"Y","P374Y",1.81980599863382
"S",375,"A","S375A",-0.0509017177486473
"S",375,"C","S375C",-0.482753983566639
"S",375,"D","S375D",-1.00053256778812
"S",375,"E","S375E",-0.547945779959791
"S",375,"F","S375F",0.0380825511221525
"S",375,"G","S375G",0.337537577192782
"S",375,"H","S375H",-0.0218720816784766
"S",375,"I","S375I",1.98738594889284
"S",375,"K","S375K",0.464082041100115
"S",375,"L","S375L",-0.100533501248733
"S",375,"M","S375M",0.0903371529271019
"S",375,"N","S375N",-1.73682208350708
"S",375,"P","S375P",-0.241559384578878
"S",375,"Q","S375Q",-0.320414402557225
"S",375,"R","S375R",-0.706705909428605
"S",375,"T","S375T",1.12041048627451
"S",375,"V","S375V",0.982590510522009
"S",375,"W","S375W",-0.136782267990263
"S",375,"Y","S375Y",-0.325848112575552
"D",376,"A","D376A",0.907551003259787
"D",376,"C","D376C",0.555819423023686
"D",376,"E","D376E",0.0961545532143254
"D",376,"F","D376F",0.658529974638822
"D",376,"G","D376G",-0.312690596305825
"D",376,"H","D376H",0.226339201060163
"D",376,"I","D376I",0.589708945480678
"D",376,"K","D376K",0.223490370210711
"D",376,"L","D376L",-0.36799110353836
"D",376,"M","D376M",-0.328309220391475
"D",376,"N","D376N",-0.212622779735295
"D",376,"P","D376P",0.672690709633945
"D",376,"Q","D376Q",0.885595221153377
"D",376,"R","D376R",0.803217817476872
"D",376,"S","D376S",-0.338052255339069
"D",376,"T","D376T",0.162104087512752
"D",376,"V","D376V",1.26923177252241
"D",376,"W","D376W",-2.0306983287099
"D",376,"Y","D376Y",-0.193637239011138
"I",377,"A","I377A",0.247969277654454
"I",377,"C","I377C",-0.788360245443955
"I",377,"D","I377D",0.576905112731566
"I",377,"E","I377E",-0.755367101027511
"I",377,"F","I377F",-0.0839960922055811
"I",377,"G","I377G",-0.539864308345105
"I",377,"H","I377H",1.50075092092725
"I",377,"K","I377K",0.996447074912665
"I",377,"L","I377L",-0.227897971628646
"I",377,"M","I377M",-0.900698840682031
"I",377,"N","I377N",0.924045938272053
"I",377,"P","I377P",-0.190747370264152
"I",377,"Q","I377Q",-0.193686193860239
"I",377,"R","I377R",0.470609869708059
"I",377,"S","I377S",-0.00714798747437017
"I",377,"T","I377T",-0.462311101625796
"I",377,"V","I377V",-0.327902169091439
"I",377,"W","I377W",0.885454934303787
"I",377,"Y","I377Y",0.142765927465897
"A",378,"C","A378C",-0.683691955591805
"A",378,"D","A378D",0.0209074716076754
"A",378,"E","A378E",-0.48415618477403
"A",378,"F","A378F",0.395117419381769
"A",378,"G","A378G",0.44533211448555
"A",378,"H","A378H",-0.0659621623951013
"A",378,"I","A378I",-0.461311155160015
"A",378,"K","A378K",0.0640891219072718
"A",378,"L","A378L",0.131861202046038
"A",378,"M","A378M",0.129249900453259
"A",378,"N","A378N",-0.284999986894926
"A",378,"P","A378P",1.22681949853079
"A",378,"Q","A378Q",0.109760429157237
"A",378,"R","A378R",-0.684536011318886
"A",378,"S","A378S",-0.162486162505991
"A",378,"T","A378T",-0.719092678434374
"A",378,"V","A378V",-0.36485942311626
"A",378,"W","A378W",-0.741071702792014
"A",378,"Y","A378Y",-0.316665058893038
"V",379,"A","V379A",-0.264843360514236
"V",379,"C","V379C",0.317879478587187
"V",379,"D","V379D",0.564487180888313
"V",379,"E","V379E",-1.02640344260195
"V",379,"F","V379F",1.16105868903034
"V",379,"G","V379G",0.473970594113974
"V",379,"H","V379H",1.08867574294713
"V",379,"I","V379I",-0.40544454458346
"V",379,"K","V379K",-0.500050169224936
"V",379,"L","V379L",-0.0127770597664016
"V",379,"M","V379M",-0.238442773968863
"V",379,"N","V379N",-0.0465858466248324
"V",379,"P","V379P",0.306756640596165
"V",379,"Q","V379Q",0.360566193367791
"V",379,"R","V379R",0.262886600220884
"V",379,"S","V379S",0.124692477546601
"V",379,"T","V379T",-0.117294304031059
"V",379,"W","V379W",1.4542701935534
"V",379,"Y","V379Y",1.71955482981338
"E",380,"A","E380A",-0.0744222399310787
"E",380,"C","E380C",0.20203383350741
"E",380,"D","E380D",-0.282253494771627
"E",380,"F","E380F",-0.0279557703827866
"E",380,"G","E380G",-0.105012466638666
"E",380,"H","E380H",-0.753520227558627
"E",380,"I","E380I",0.0680488573132167
"E",380,"K","E380K",-0.132838249068653
"E",380,"L","E380L",-0.13256037229622
"E",380,"M","E380M",-0.741923032725274
"E",380,"N","E380N",-0.66866051948162
"E",380,"P","E380P",-0.332135892062764
"E",380,"Q","E380Q",-0.501232262266488
"E",380,"R","E380R",-0.759751689413118
"E",380,"S","E380S",-0.351880130882867
"E",380,"T","E380T",-0.67063155835102
"E",380,"V","E380V",-1.03210385090916
"E",380,"W","E380W",0.378765500921991
"E",380,"Y","E380Y",-0.259851665407066
"W",381,"A","W381A",1.5942564117962
"W",381,"C","W381C",0.684895756254979
"W",381,"D","W381D",1.3109451163473
"W",381,"E","W381E",0.964299702938274
"W",381,"F","W381F",0.26880522318383
"W",381,"G","W381G",1.18629455998632
"W",381,"H","W381H",0.18013326635174
"W",381,"I","W381I",-0.338843612138883
"W",381,"K","W381K",1.59425572298191
"W",381,"L","W381L",-0.139681093113783
"W",381,"M","W381M",0.488474638002299
"W",381,"N","W381N",1.38818107691066
"W",381,"P","W381P",1.01895999360887
"W",381,"Q","W381Q",0.90679342551169
"W",381,"R","W381R",1.17011818761823
"W",381,"S","W381S",0.889010860205294
"W",381,"T","W381T",1.1717666756443
"W",381,"V","W381V",-0.261946194019308
"W",381,"Y","W381Y",-0.165668713808875
"E",382,"A","E382A",-0.205102899052714
"E",382,"C","E382C",0.649228635404628
"E",382,"D","E382D",-0.701355996585078
"E",382,"F","E382F",-0.313295164303509
"E",382,"G","E382G",0.033705212028941
"E",382,"H","E382H",-0.546212229022747
"E",382,"I","E382I",0.114140501156769
"E",382,"K","E382K",-0.041118939401238
"E",382,"L","E382L",0.243320496384993
"E",382,"M","E382M",0.064927937520371
"E",382,"N","E382N",-0.922047224102223
"E",382,"P","E382P",-0.86135207602886
"E",382,"Q","E382Q",-0.613228571317701
"E",382,"R","E382R",0.131677586069912
"E",382,"S","E382S",-0.693469960194016
"E",382,"T","E382T",0.0213641084219308
"E",382,"V","E382V",-0.162884148693257
"E",382,"W","E382W",0.257574835382451
"E",382,"Y","E382Y",-0.495812108809063
"S",383,"A","S383A",0.444300971416213
"S",383,"C","S383C",-0.200270322167496
"S",383,"D","S383D",-0.443445645125992
"S",383,"E","S383E",-0.00979128554114494
"S",383,"F","S383F",-0.210535570164374
"S",383,"G","S383G",-0.0710407155108937
"S",383,"H","S383H",-0.333229957334191
"S",383,"I","S383I",0.0412199517918409
"S",383,"K","S383K",-0.120456433835943
"S",383,"L","S383L",-0.26374197537797
"S",383,"M","S383M",-0.265244367871366
"S",383,"N","S383N",0.14603780204625
"S",383,"P","S383P",0.0152375123151593
"S",383,"Q","S383Q",-0.0505950040311781
"S",383,"R","S383R",-0.0552610714470261
"S",383,"T","S383T",-0.689574574467528
"S",383,"V","S383V",-0.363993960842364
"S",383,"W","S383W",0.0835017987320211
"S",383,"Y","S383Y",-0.150836149138418
"N",384,"A","N384A",-0.590356079105795
"N",384,"C","N384C",-0.56402566583366
"N",384,"D","N384D",-0.186974805326186
"N",384,"E","N384E",-0.323268804133959
"N",384,"F","N384F",-0.358509249382449
"N",384,"G","N384G",-0.302971845708907
"N",384,"H","N384H",0.366622468181002
"N",384,"I","N384I",0.268204171461749
"N",384,"K","N384K",-0.771433224055378
"N",384,"L","N384L",-0.236075104902627
"N",384,"M","N384M",0.204595606777306
"N",384,"P","N384P",-0.969505665902813
"N",384,"Q","N384Q",-0.71454424440435
"N",384,"R","N384R",-0.705351030645989
"N",384,"S","N384S",-0.0132136321096038
"N",384,"T","N384T",-0.000391271984915024
"N",384,"V","N384V",-0.483237146407601
"N",384,"W","N384W",0.0484753608357257
"N",384,"Y","N384Y",-0.532521541087837
"G",385,"A","G385A",0.0412512228309665
"G",385,"C","G385C",0.184408006247539
"G",385,"D","G385D",0.786311625287078
"G",385,"E","G385E",0.562673938364103
"G",385,"F","G385F",-0.360781427802339
"G",385,"H","G385H",-0.766724909940591
"G",385,"I","G385I",-0.641995798338476
"G",385,"K","G385K",0.28879500550994
"G",385,"L","G385L",-0.247737545776697
"G",385,"M","G385M",-0.409945631296419
"G",385,"N","G385N",0.109991235773091
"G",385,"P","G385P",-0.349345539999756
"G",385,"Q","G385Q",-1.33194856058148
"G",385,"R","G385R",-0.185197506509616
"G",385,"S","G385S",-0.253087277624345
"G",385,"T","G385T",-0.510333946788128
"G",385,"V","G385V",-0.0669575169817837
"G",385,"W","G385W",-0.190624970021095
"G",385,"Y","G385Y",-0.0755621956704
"Q",386,"A","Q386A",-0.429823170014308
"Q",386,"C","Q386C",-0.448975393840671
"Q",386,"D","Q386D",-0.389674025599059
"Q",386,"E","Q386E",-0.129047901757711
"Q",386,"F","Q386F",-0.571203058149227
"Q",386,"G","Q386G",-0.25508615328096
"Q",386,"H","Q386H",-0.127186752884104
"Q",386,"I","Q386I",0.0812965234723377
"Q",386,"K","Q386K",0.284664111172189
"Q",386,"L","Q386L",-0.701000014098938
"Q",386,"M","Q386M",-0.366774938640912
"Q",386,"N","Q386N",-0.790152880211437
"Q",386,"P","Q386P",-0.592865446422547
"Q",386,"R","Q386R",0.0892310367122918
"Q",386,"S","Q386S",-0.602855416273695
"Q",386,"V","Q386V",0.0774836850236668
"Q",386,"W","Q386W",-0.163703856545412
"Q",386,"Y","Q386Y",-0.811994175313051
"P",387,"A","P387A",0.170995420158344
"P",387,"C","P387C",-0.766584283847026
"P",387,"D","P387D",-0.733731334972538
"P",387,"E","P387E",-0.468177525977842
"P",387,"F","P387F",-0.378720135133264
"P",387,"G","P387G",0.0585083787141068
"P",387,"H","P387H",-0.912775448684528
"P",387,"I","P387I",-0.222353303008877
"P",387,"K","P387K",-0.448827372102354
"P",387,"L","P387L",0.735947095230609
"P",387,"M","P387M",-0.291894098449764
"P",387,"N","P387N",-0.379251621800508
"P",387,"Q","P387Q",-0.125380479540411
"P",387,"R","P387R",-0.0924851115858671
"P",387,"S","P387S",-0.72457978578333
"P",387,"T","P387T",-0.0950551950627446
"P",387,"V","P387V",-0.149030567880544
"P",387,"W","P387W",0.0344118397827573
"P",387,"Y","P387Y",-0.10523183862419
"E",388,"A","E388A",0.187192928110041
"E",388,"C","E388C",-0.120860337824718
"E",388,"D","E388D",0.322796875788018
"E",388,"F","E388F",-0.028043123137202
"E",388,"G","E388G",-0.920983635567444
"E",388,"H","E388H",0.376149852497403
"E",388,"I","E388I",-0.252441595183358
"E",388,"K","E388K",-0.870159443201795
"E",388,"L","E388L",0.670685851679896
"E",388,"M","E388M",0.353080955224961
"E",388,"N","E388N",-0.152026046883268
"E",388,"P","E388P",-0.216551327635534
"E",388,"Q","E388Q",-0.530747438973218
"E",388,"R","E388R",0.44330770820525
"E",388,"S","E388S",0.126163285149489
"E",388,"T","E388T",0.120225422114708
"E",388,"V","E388V",0.541164117244161
"E",388,"W","E388W",0.931425285671696
"E",388,"Y","E388Y",-0.636218983376874
"N",389,"A","N389A",-0.270376817590681
"N",389,"C","N389C",0.00955440629228122
"N",389,"D","N389D",0.0948508881712225
"N",389,"E","N389E",-0.536820333705346
"N",389,"F","N389F",0.0335191936407514
"N",389,"G","N389G",1.04733779009139
"N",389,"H","N389H",-1.12899547318461
"N",389,"I","N389I",-0.446472387810438
"N",389,"K","N389K",-0.113471585597994
"N",389,"L","N389L",-0.55526874048074
"N",389,"M","N389M",-0.0486322563124613
"N",389,"P","N389P",0.134472977844573
"N",389,"Q","N389Q",0.108767298991456
"N",389,"R","N389R",-0.137146287299575
"N",389,"S","N389S",-0.172213107549644
"N",389,"T","N389T",-1.43387714302853
"N",389,"V","N389V",-0.519479659984236
"N",389,"W","N389W",-0.603902829287584
"N",389,"Y","N389Y",-0.26757174363077
"N",390,"A","N390A",-0.868627318955714
"N",390,"C","N390C",0.851325250152888
"N",390,"D","N390D",0.164579380318987
"N",390,"E","N390E",0.0678831690173255
"N",390,"F","N390F",0.264658561559837
"N",390,"G","N390G",-0.283239316814823
"N",390,"H","N390H",-0.378997383481924
"N",390,"I","N390I",-0.350393071577858
"N",390,"K","N390K",-0.326831488747346
"N",390,"L","N390L",0.417308180735118
"N",390,"M","N390M",-0.00103232051347055
"N",390,"P","N390P",-0.47141429390166
"N",390,"Q","N390Q",-0.0771580904276581
"N",390,"R","N390R",-0.268378360792017
"N",390,"S","N390S",-0.178672165883732
"N",390,"T","N390T",-0.164641294112537
"N",390,"V","N390V",-0.0186356822151895
"N",390,"W","N390W",-0.0656719745835275
"N",390,"Y","N390Y",0.33059332996848
"Y",391,"A","Y391A",-0.118726372787492
"Y",391,"C","Y391C",-0.184341996762207
"Y",391,"D","Y391D",-0.211071602481529
"Y",391,"E","Y391E",-0.605752327032939
"Y",391,"F","Y391F",-0.129509299226042
"Y",391,"G","Y391G",-0.0413767753693484
"Y",391,"H","Y391H",0.063900955157977
"Y",391,"I","Y391I",-0.0523331907968154
"Y",391,"K","Y391K",-0.173826591479594
"Y",391,"L","Y391L",-0.200665981638553
"Y",391,"M","Y391M",-0.352806317083954
"Y",391,"N","Y391N",-0.518207204194745
"Y",391,"P","Y391P",-0.843835103488141
"Y",391,"Q","Y391Q",-0.176313705925284
"Y",391,"R","Y391R",0.434709279390175
"Y",391,"S","Y391S",-0.140008294159405
"Y",391,"T","Y391T",0.995940488125998
"Y",391,"V","Y391V",0.21501505275598
"Y",391,"W","Y391W",0.00576292286497703
"K",392,"A","K392A",-0.0378732428626479
"K",392,"C","K392C",0.131144377188565
"K",392,"D","K392D",-0.280777950212993
"K",392,"E","K392E",0.258177221632589
"K",392,"F","K392F",0.404919166018686
"K",392,"G","K392G",0.0948863434689372
"K",392,"H","K392H",-0.170004833451918
"K",392,"I","K392I",-0.268806325337151
"K",392,"L","K392L",-0.15016302792926
"K",392,"M","K392M",-0.643438076086453
"K",392,"N","K392N",-0.170720096875584
"K",392,"P","K392P",0.617686867663678
"K",392,"Q","K392Q",-0.113120168995639
"K",392,"R","K392R",0.680182343175895
"K",392,"S","K392S",-0.686827792062797
"K",392,"T","K392T",-0.656150869055919
"K",392,"V","K392V",-0.249848392805809
"K",392,"W","K392W",0.0818267979632064
"K",392,"Y","K392Y",0.148732816578017
"T",393,"A","T393A",-0.441727923863098
"T",393,"C","T393C",0.0190282911744305
"T",393,"D","T393D",-1.30420119411032
"T",393,"E","T393E",0.365454294121144
"T",393,"F","T393F",-0.272314832332719
"T",393,"G","T393G",-0.391623758805345
"T",393,"H","T393H",0.144236247455716
"T",393,"I","T393I",-0.394995658180214
"T",393,"K","T393K",-0.301371733304782
"T",393,"L","T393L",-0.0974487492747884
"T",393,"M","T393M",-0.0618562114273263
"T",393,"N","T393N",-0.736664255069145
"T",393,"P","T393P",-0.250930487267984
"T",393,"Q","T393Q",-0.262686495887285
"T",393,"R","T393R",-0.858156469486978
"T",393,"S","T393S",-0.445593020031182
"T",393,"V","T393V",0.152959990077025
"T",393,"W","T393W",-0.649097227081289
"T",393,"Y","T393Y",-1.26703500507176
"T",394,"A","T394A",0.1275540157215
"T",394,"C","T394C",-0.143790348060187
"T",394,"D","T394D",1.33808738776551
"T",394,"E","T394E",0.0091182789603076
"T",394,"F","T394F",0.926321034826203
"T",394,"G","T394G",-0.381708340593353
"T",394,"H","T394H",1.17114696315914
"T",394,"I","T394I",1.66405597926794
"T",394,"K","T394K",1.04854464315801
"T",394,"L","T394L",1.16375087556252
"T",394,"M","T394M",0.624746119037058
"T",394,"N","T394N",1.79517389504893
"T",394,"P","T394P",1.13075560792957
"T",394,"Q","T394Q",0.673612137538251
"T",394,"R","T394R",1.34541312616332
"T",394,"S","T394S",-0.579444156260367
"T",394,"V","T394V",-0.0242399288912194
"T",394,"W","T394W",1.04233298416472
"T",394,"Y","T394Y",0.743726952281012
"P",395,"A","P395A",-0.350325765905602
"P",395,"C","P395C",0.12629386235439
"P",395,"D","P395D",0.0301059269395893
"P",395,"E","P395E",-0.475710858206355
"P",395,"F","P395F",-0.204170006662604
"P",395,"G","P395G",-0.610819349388009
"P",395,"H","P395H",-0.207292474354387
"P",395,"I","P395I",-0.517271069951481
"P",395,"K","P395K",-0.51445055908819
"P",395,"L","P395L",-0.0821866516778221
"P",395,"M","P395M",-0.750265059641693
"P",395,"N","P395N",-0.231970927038274
"P",395,"Q","P395Q",0.168740852156763
"P",395,"R","P395R",-0.317128722333819
"P",395,"S","P395S",0.140035406219068
"P",395,"T","P395T",-0.573130288677697
"P",395,"V","P395V",0.223108420496485
"P",395,"W","P395W",-0.926612086383634
"P",395,"Y","P395Y",-0.133799318215442
"P",396,"A","P396A",-0.410863312033664
"P",396,"C","P396C",2.13416075226102
"P",396,"D","P396D",0.81173280418739
"P",396,"E","P396E",0.0747730494325266
"P",396,"F","P396F",2.35265181685574
"P",396,"G","P396G",-0.178577769363965
"P",396,"H","P396H",1.13561941564556
"P",396,"I","P396I",1.31136348435166
"P",396,"K","P396K",1.20578662749522
"P",396,"L","P396L",1.27418956350023
"P",396,"M","P396M",1.37830316577194
"P",396,"N","P396N",1.04011996334431
"P",396,"Q","P396Q",0.387979200093395
"P",396,"R","P396R",0.532727946387528
"P",396,"S","P396S",-0.84549961328209
"P",396,"T","P396T",0.251640432106385
"P",396,"V","P396V",0.125983420773775
"P",396,"W","P396W",0.962401346734512
"P",396,"Y","P396Y",1.55153984425977
"V",397,"A","V397A",0.132006682916746
"V",397,"C","V397C",-0.451045132006748
"V",397,"D","V397D",1.24646344904855
"V",397,"E","V397E",0.127397234367411
"V",397,"F","V397F",1.45229111967473
"V",397,"G","V397G",0.543554657705106
"V",397,"H","V397H",0.459627897230338
"V",397,"I","V397I",0.345739085412836
"V",397,"K","V397K",0.227912467249084
"V",397,"L","V397L",1.06000792742514
"V",397,"M","V397M",1.59196115278892
"V",397,"N","V397N",0.302678796839747
"V",397,"P","V397P",-0.100237125614108
"V",397,"Q","V397Q",2.26609195307357
"V",397,"R","V397R",-0.21658557465398
"V",397,"S","V397S",-0.406490923033697
"V",397,"T","V397T",-0.815693597132338
"V",397,"W","V397W",0.0894363240379049
"V",397,"Y","V397Y",1.45520131933368
"L",398,"A","L398A",-0.245641576467951
"L",398,"C","L398C",0.0893061581671223
"L",398,"D","L398D",0.12877495412456
"L",398,"E","L398E",-1.17526149267121
"L",398,"F","L398F",0.210395420533766
"L",398,"G","L398G",0.013410957503403
"L",398,"H","L398H",0.688366939360841
"L",398,"I","L398I",0.246199136229953
"L",398,"K","L398K",-0.630359896363341
"L",398,"M","L398M",-0.185888587557203
"L",398,"N","L398N",-0.0361581202887878
"L",398,"P","L398P",0.299016304781008
"L",398,"Q","L398Q",-0.233821388815458
"L",398,"R","L398R",0.353949448261515
"L",398,"S","L398S",-0.204976662388762
"L",398,"T","L398T",-0.474802038668614
"L",398,"V","L398V",0.630823278275219
"L",398,"W","L398W",0.395182565269547
"L",398,"Y","L398Y",-0.429107387372423
"D",399,"A","D399A",-0.23011066186951
"D",399,"C","D399C",-0.0393411774197833
"D",399,"E","D399E",-1.31455530334304
"D",399,"F","D399F",0.0766952414918029
"D",399,"G","D399G",0.247581966909116
"D",399,"H","D399H",0.542297319523557
"D",399,"I","D399I",0.86331009711888
"D",399,"K","D399K",-0.28931893239166
"D",399,"L","D399L",0.202240357665926
"D",399,"M","D399M",0.39944513498129
"D",399,"N","D399N",-0.0860105512291528
"D",399,"P","D399P",0.477695168306579
"D",399,"Q","D399Q",0.175276540433605
"D",399,"R","D399R",1.27626371682881
"D",399,"S","D399S",0.0726819708194329
"D",399,"T","D399T",-0.349353793956965
"D",399,"V","D399V",-1.75524737844649
"D",399,"W","D399W",0.0664234080800391
"D",399,"Y","D399Y",0.0606907647270212
"S",400,"A","S400A",0.195423646529713
"S",400,"C","S400C",0.237813725108202
"S",400,"D","S400D",-0.242121826724618
"S",400,"E","S400E",0.12509511029031
"S",400,"F","S400F",-0.385842786931256
"S",400,"G","S400G",0.0387782826361204
"S",400,"H","S400H",0.645758568464023
"S",400,"I","S400I",-0.238710399888372
"S",400,"K","S400K",-0.720598582670243
"S",400,"L","S400L",0.21407377200723
"S",400,"M","S400M",-0.699348875087039
"S",400,"N","S400N",-0.115896163411599
"S",400,"P","S400P",-0.120558840687313
"S",400,"Q","S400Q",-0.288404661065212
"S",400,"R","S400R",0.159463297241228
"S",400,"T","S400T",0.190050102088895
"S",400,"V","S400V",0.0487417337001647
"S",400,"W","S400W",-0.168750335302526
"S",400,"Y","S400Y",-0.271476019716693
"D",401,"A","D401A",0.0478997504391338
"D",401,"C","D401C",0.263130018052009
"D",401,"E","D401E",-0.216442845184406
"D",401,"F","D401F",0.0171976475052744
"D",401,"G","D401G",-0.262609575237336
"D",401,"H","D401H",-0.0797389002156542
"D",401,"I","D401I",0.117628649733719
"D",401,"K","D401K",-0.352775237828895
"D",401,"L","D401L",-0.0706987014021415
"D",401,"M","D401M",-0.409613978027418
"D",401,"N","D401N",-0.130551777505933
"D",401,"P","D401P",-0.264228054841212
"D",401,"Q","D401Q",0.0926140923875592
"D",401,"R","D401R",0.474384463836024
"D",401,"S","D401S",-0.497323429252979
"D",401,"T","D401T",0.0181667342934821
"D",401,"V","D401V",-0.258526615124957
"D",401,"W","D401W",0.29925841444874
"D",401,"Y","D401Y",0.425115351278777
"G",402,"A","G402A",-0.349216368344448
"G",402,"C","G402C",0.288799443543494
"G",402,"D","G402D",-0.0910797432023863
"G",402,"E","G402E",-0.13955754301574
"G",402,"F","G402F",-0.0129748473042185
"G",402,"H","G402H",0.173289766004046
"G",402,"I","G402I",-0.353022040517288
"G",402,"K","G402K",0.02975515212706
"G",402,"L","G402L",0.46847891525124
"G",402,"M","G402M",0.137408018605969
"G",402,"N","G402N",-0.408587659846158
"G",402,"P","G402P",0.261566808320291
"G",402,"Q","G402Q",-0.304209432909429
"G",402,"R","G402R",-0.675753467383803
"G",402,"S","G402S",-0.373448235254001
"G",402,"T","G402T",-0.329533877653154
"G",402,"V","G402V",-0.0332382275974114
"G",402,"W","G402W",-0.181663776168147
"G",402,"Y","G402Y",0.0368582089766789
"S",403,"A","S403A",0.101277394786113
"S",403,"C","S403C",0.0264809970585215
"S",403,"D","S403D",-0.00394937431377307
"S",403,"E","S403E",-0.0223703386455045
"S",403,"F","S403F",-0.133077307229426
"S",403,"G","S403G",-0.582635015810216
"S",403,"H","S403H",0.112250530712628
"S",403,"I","S403I",-0.137481924676568
"S",403,"K","S403K",0.692855247609136
"S",403,"L","S403L",0.354320824036018
"S",403,"M","S403M",0.285334683310805
"S",403,"N","S403N",0.0566054196620349
"S",403,"P","S403P",0.213904381669228
"S",403,"Q","S403Q",-0.292883545785891
"S",403,"R","S403R",-0.0285483116513819
"S",403,"T","S403T",0.070912221376114
"S",403,"V","S403V",0.415950600779307
"S",403,"W","S403W",0.415638398401985
"S",403,"Y","S403Y",0.23897253943036
"F",404,"A","F404A",1.05396508577727
"F",404,"C","F404C",0.332689436689772
"F",404,"D","F404D",0.987852293882121
"F",404,"E","F404E",0.9332292551447
"F",404,"G","F404G",0.11716018195808
"F",404,"H","F404H",-0.30605931614112
"F",404,"I","F404I",1.1559677992388
"F",404,"K","F404K",0.482988570771707
"F",404,"L","F404L",-0.325928034045364
"F",404,"M","F404M",-0.369853803873083
"F",404,"N","F404N",-0.440221497882087
"F",404,"P","F404P",2.22778985460591
"F",404,"Q","F404Q",0.682965572855326
"F",404,"R","F404R",1.73883446439357
"F",404,"S","F404S",0.882818945131466
"F",404,"T","F404T",1.39302692532519
"F",404,"V","F404V",0.489787595353208
"F",404,"W","F404W",-0.180671138347604
"F",404,"Y","F404Y",-0.170409953146107
"F",405,"A","F405A",-0.765101220370794
"F",405,"C","F405C",0.479316230130114
"F",405,"D","F405D",1.18863171746369
"F",405,"E","F405E",1.33273272718275
"F",405,"G","F405G",1.02680006185128
"F",405,"H","F405H",-0.385008139880116
"F",405,"I","F405I",-0.282218163025263
"F",405,"K","F405K",1.61708503946995
"F",405,"L","F405L",-0.540269474539679
"F",405,"M","F405M",-0.978085201492657
"F",405,"N","F405N",1.55235850231261
"F",405,"P","F405P",0.589963213567935
"F",405,"Q","F405Q",1.52308111492267
"F",405,"R","F405R",0.996354655245002
"F",405,"S","F405S",0.265289000533765
"F",405,"T","F405T",0.350787237671532
"F",405,"V","F405V",0.242997527900653
"F",405,"W","F405W",1.69937768619558
"F",405,"Y","F405Y",0.214388474365204
"L",406,"A","L406A",-0.482476658224151
"L",406,"C","L406C",-0.444076966860447
"L",406,"D","L406D",-0.450475081764295
"L",406,"E","L406E",-0.111630816796233
"L",406,"F","L406F",2.03919737686787
"L",406,"G","L406G",-0.650783895772209
"L",406,"H","L406H",1.58520572305553
"L",406,"I","L406I",-0.178064527439136
"L",406,"K","L406K",-0.260805360960053
"L",406,"M","L406M",-0.772222125327874
"L",406,"N","L406N",1.00836902202473
"L",406,"P","L406P",1.957872020695
"L",406,"Q","L406Q",-0.0229697570496535
"L",406,"R","L406R",-0.22876183108986
"L",406,"S","L406S",-0.248241054077511
"L",406,"T","L406T",-0.382323675989243
"L",406,"V","L406V",-0.387499440289155
"L",406,"W","L406W",1.97377471419448
"L",406,"Y","L406Y",1.41902562312473
"Y",407,"A","Y407A",-0.212526908724767
"Y",407,"C","Y407C",-0.13958379750612
"Y",407,"D","Y407D",-1.33687038925896
"Y",407,"E","Y407E",0.0307987157857448
"Y",407,"F","Y407F",0.214009178532551
"Y",407,"G","Y407G",-0.197841773509755
"Y",407,"H","Y407H",0.263524204606544
"Y",407,"I","Y407I",-0.287755067620174
"Y",407,"K","Y407K",0.0700141429030961
"Y",407,"L","Y407L",0.0679501325133376
"Y",407,"M","Y407M",-0.431946323852856
"Y",407,"N","Y407N",0.517968155233017
"Y",407,"P","Y407P",1.50536157298526
"Y",407,"Q","Y407Q",-0.611882132579113
"Y",407,"R","Y407R",1.0223615612913
"Y",407,"S","Y407S",-0.000356433746545736
"Y",407,"T","Y407T",0.264455052176886
"Y",407,"V","Y407V",-0.867376384067708
"Y",407,"W","Y407W",1.94683570258585
"S",408,"A","S408A",0.136923677204423
"S",408,"C","S408C",0.436192615241106
"S",408,"D","S408D",0.265718057021878
"S",408,"E","S408E",0.656955094934711
"S",408,"F","S408F",1.37306231781746
"S",408,"G","S408G",-0.235613107639887
"S",408,"H","S408H",1.24470459200756
"S",408,"I","S408I",-0.591499997321709
"S",408,"K","S408K",1.76654088458087
"S",408,"L","S408L",0.286220662929658
"S",408,"M","S408M",0.572088487322314
"S",408,"N","S408N",-0.0218596749805306
"S",408,"P","S408P",1.32250662100621
"S",408,"Q","S408Q",1.00334272734282
"S",408,"R","S408R",1.49294938818597
"S",408,"T","S408T",0.316625806227322
"S",408,"V","S408V",-0.726468669422054
"S",408,"W","S408W",-0.27170008662143
"S",408,"Y","S408Y",2.15975343212971
"K",409,"A","K409A",-0.192915580939008
"K",409,"C","K409C",0.147904519050109
"K",409,"D","K409D",-0.136545069408598
"K",409,"E","K409E",-0.405863444342044
"K",409,"F","K409F",-0.0126892793778885
"K",409,"G","K409G",0.319424326500106
"K",409,"H","K409H",-0.393469292627842
"K",409,"I","K409I",-0.92190943438854
"K",409,"L","K409L",-0.0483364518574563
"K",409,"M","K409M",-1.17539297556813
"K",409,"N","K409N",0.255341262657545
"K",409,"P","K409P",-0.512313163917762
"K",409,"Q","K409Q",0.126401332578132
"K",409,"R","K409R",-0.208050518390417
"K",409,"S","K409S",0.226994141813748
"K",409,"T","K409T",0.101846885587941
"K",409,"V","K409V",-0.49011158837437
"K",409,"W","K409W",-0.519451093993331
"K",409,"Y","K409Y",-0.403919158434376
"L",410,"A","L410A",0.20902674916413
"L",410,"C","L410C",-0.325243436590994
"L",410,"D","L410D",-0.0291708376488634
"L",410,"E","L410E",-0.369662285242018
"L",410,"F","L410F",0.243313246200319
"L",410,"G","L410G",-0.875205764322901
"L",410,"H","L410H",-0.102046623338204
"L",410,"I","L410I",0.427404922687302
"L",410,"K","L410K",-0.105237652490698
"L",410,"M","L410M",-0.268825077012359
"L",410,"N","L410N",0.347665177903116
"L",410,"P","L410P",0.95869895778444
"L",410,"Q","L410Q",-0.345998728260629
"L",410,"R","L410R",0.12260432812226
"L",410,"S","L410S",0.0460077514505486
"L",410,"T","L410T",-1.14807412442136
"L",410,"V","L410V",-0.104958059088922
"L",410,"W","L410W",-0.538677937324073
"L",410,"Y","L410Y",-0.170738825667437
"T",411,"A","T411A",0.365911668347518
"T",411,"C","T411C",0.192774734931516
"T",411,"D","T411D",-0.228476304584368
"T",411,"E","T411E",-0.75940861443462
"T",411,"F","T411F",-0.22273510948963
"T",411,"G","T411G",-0.471084721738057
"T",411,"H","T411H",-0.514555992431412
"T",411,"I","T411I",0.096106561485572
"T",411,"K","T411K",-0.169141183181518
"T",411,"L","T411L",-0.505944001182547
"T",411,"M","T411M",-0.0787629632309556
"T",411,"N","T411N",-0.117504553183232
"T",411,"P","T411P",-0.438981333797596
"T",411,"Q","T411Q",-0.427268749932405
"T",411,"R","T411R",-0.469240440831594
"T",411,"S","T411S",-0.362917916604124
"T",411,"V","T411V",0.245870321465091
"T",411,"W","T411W",-1.21074770044639
"T",411,"Y","T411Y",-0.510797153996585
"V",412,"A","V412A",0.95936474573594
"V",412,"C","V412C",0.451442416614265
"V",412,"D","V412D",-0.766452051092068
"V",412,"E","V412E",-0.290941319397352
"V",412,"F","V412F",-0.902914956561192
"V",412,"G","V412G",-0.483550341157442
"V",412,"H","V412H",-0.356242674154295
"V",412,"I","V412I",-0.169160487465439
"V",412,"K","V412K",0.488370186088087
"V",412,"L","V412L",-0.287864584732886
"V",412,"M","V412M",0.0191793733504853
"V",412,"N","V412N",-0.538557109267307
"V",412,"P","V412P",-0.236545138155312
"V",412,"Q","V412Q",-0.00345209050625753
"V",412,"R","V412R",-0.301805084731219
"V",412,"S","V412S",0.489393554191695
"V",412,"T","V412T",-0.392811178252669
"V",412,"W","V412W",-0.295272856117679
"V",412,"Y","V412Y",-0.672005534867926
"D",413,"A","D413A",-0.365615566066128
"D",413,"C","D413C",0.331522501684025
"D",413,"E","D413E",-0.581106584674161
"D",413,"F","D413F",0.171733749386398
"D",413,"G","D413G",-0.00964469291831219
"D",413,"H","D413H",-0.23822820799524
"D",413,"I","D413I",-0.628576211513092
"D",413,"K","D413K",0.120903005120839
"D",413,"L","D413L",0.0869377464059763
"D",413,"M","D413M",-0.884667272591495
"D",413,"N","D413N",-0.530243694337435
"D",413,"P","D413P",-0.108506239808131
"D",413,"Q","D413Q",-0.367319349799266
"D",413,"R","D413R",0.05236258900166
"D",413,"S","D413S",0.123420245836549
"D",413,"T","D413T",-0.192121846368631
"D",413,"V","D413V",-0.451121559694002
"D",413,"W","D413W",0.565009913194437
"D",413,"Y","D413Y",-0.102307307256182
"K",414,"A","K414A",-0.237837929130307
"K",414,"C","K414C",-0.324488022897119
"K",414,"D","K414D",-0.438773370122719
"K",414,"E","K414E",-0.396729565075696
"K",414,"F","K414F",0.0183403514353071
"K",414,"G","K414G",-0.898337119060849
"K",414,"H","K414H",-0.491771831335631
"K",414,"I","K414I",-0.151278798928863
"K",414,"L","K414L",-0.126993077492027
"K",414,"M","K414M",-0.0520130996323811
"K",414,"N","K414N",0.29769584746157
"K",414,"P","K414P",-0.0780329982398204
"K",414,"Q","K414Q",-0.501487757436525
"K",414,"R","K414R",-0.303168990145552
"K",414,"S","K414S",-0.301498487694391
"K",414,"T","K414T",-0.0351473511125744
"K",414,"V","K414V",0.159512828070499
"K",414,"W","K414W",-0.292163124264626
"K",414,"Y","K414Y",-0.606574229271516
"S",415,"A","S415A",0.219322758395144
"S",415,"C","S415C",-0.33381048440378
"S",415,"D","S415D",-0.64056584690355
"S",415,"E","S415E",-0.264057131216044
"S",415,"F","S415F",-0.37787303267615
"S",415,"G","S415G",-0.384077431907603
"S",415,"H","S415H",-0.327571306891894
"S",415,"I","S415I",-0.106753057497715
"S",415,"K","S415K",0.173853006315347
"S",415,"L","S415L",0.0859782771826853
"S",415,"M","S415M",-0.725614375642125
"S",415,"N","S415N",0.0244555837191742
"S",415,"P","S415P",0.450356508137307
"S",415,"Q","S415Q",0.086366317782938
"S",415,"R","S415R",0.242727976716323
"S",415,"T","S415T",-0.561153810067455
"S",415,"V","S415V",0.245855663924982
"S",415,"W","S415W",-0.382212255998477
"S",415,"Y","S415Y",-0.22600198794448
"R",416,"A","R416A",-0.265662875258035
"R",416,"C","R416C",0.0944581161174841
"R",416,"D","R416D",0.320226707649927
"R",416,"E","R416E",-0.332910800795922
"R",416,"F","R416F",-0.461733597685131
"R",416,"G","R416G",0.0317429537796797
"R",416,"H","R416H",-0.247395188576729
"R",416,"I","R416I",-0.29732078727964
"R",416,"K","R416K",0.0578826108989526
"R",416,"L","R416L",0.307047005160757
"R",416,"M","R416M",-0.0767677110908746
"R",416,"N","R416N",-0.422651076726662
"R",416,"P","R416P",-0.317534858772525
"R",416,"Q","R416Q",-0.341111542621741
"R",416,"S","R416S",-0.534342677765586
"R",416,"T","R416T",-0.267469023795208
"R",416,"V","R416V",-0.62585471619293
"R",416,"W","R416W",-0.157159068567608
"R",416,"Y","R416Y",0.439121393360965
"W",417,"A","W417A",-1.12736442314058
"W",417,"C","W417C",0.237768691962009
"W",417,"D","W417D",-0.71130243333534
"W",417,"E","W417E",0.0565202911293192
"W",417,"F","W417F",-0.267701539268608
"W",417,"G","W417G",-0.044574664764518
"W",417,"H","W417H",0.525365518023323
"W",417,"I","W417I",0.220379655111073
"W",417,"K","W417K",-0.360637791805917
"W",417,"L","W417L",0.331825747033073
"W",417,"M","W417M",-0.681182750583404
"W",417,"N","W417N",-0.732294850608205
"W",417,"P","W417P",-0.393025854833825
"W",417,"Q","W417Q",0.032525604899841
"W",417,"R","W417R",-0.031380936564702
"W",417,"S","W417S",-0.338185721835964
"W",417,"T","W417T",-0.379310578269608
"W",417,"V","W417V",0.09774356532539
"W",417,"Y","W417Y",0.0148099363838096
"Q",418,"A","Q418A",-0.106517339468394
"Q",418,"C","Q418C",-0.221828342939437
"Q",418,"D","Q418D",-0.264717662171939
"Q",418,"E","Q418E",-0.414305924016177
"Q",418,"F","Q418F",0.36338294539743
"Q",418,"G","Q418G",-0.063891812319218
"Q",418,"H","Q418H",0.351241351067301
"Q",418,"I","Q418I",-1.57848195201716
"Q",418,"K","Q418K",0.0569055005876658
"Q",418,"L","Q418L",0.390002550573623
"Q",418,"M","Q418M",-0.344051025914678
"Q",418,"N","Q418N",0.0066151309103051
"Q",418,"P","Q418P",-0.264735177261011
"Q",418,"R","Q418R",0.19222471802937
"Q",418,"S","Q418S",0.184791257344517
"Q",418,"T","Q418T",-0.24608752481448
"Q",418,"V","Q418V",-0.439527121656712
"Q",418,"W","Q418W",0.209304934019828
"Q",418,"Y","Q418Y",-0.134967942060735
"Q",419,"A","Q419A",-0.220288479517211
"Q",419,"C","Q419C",0.175624384867833
"Q",419,"D","Q419D",-0.554486814672452
"Q",419,"E","Q419E",-0.251885189147306
"Q",419,"F","Q419F",0.575772278189784
"Q",419,"G","Q419G",-0.43070565974084
"Q",419,"H","Q419H",-0.139827307143554
"Q",419,"I","Q419I",-0.176067579533845
"Q",419,"K","Q419K",-0.355973195340449
"Q",419,"L","Q419L",0.0799147259444199
"Q",419,"M","Q419M",-0.45663316835848
"Q",419,"N","Q419N",-0.586725271532158
"Q",419,"P","Q419P",-0.0594342067959136
"Q",419,"R","Q419R",-0.0117129989741272
"Q",419,"S","Q419S",-0.917217461029546
"Q",419,"T","Q419T",-0.0866299162717728
"Q",419,"V","Q419V",-0.339926100926755
"Q",419,"W","Q419W",-0.208197490659809
"Q",419,"Y","Q419Y",-0.321714780641564
"G",420,"A","G420A",-0.49868192398849
"G",420,"C","G420C",-0.305911308124278
"G",420,"D","G420D",-0.519046284273965
"G",420,"E","G420E",-0.257970941643297
"G",420,"F","G420F",0.270499836581418
"G",420,"H","G420H",-0.450757875413182
"G",420,"I","G420I",0.177102568173864
"G",420,"K","G420K",-0.015777399269703
"G",420,"L","G420L",-0.150047188122041
"G",420,"M","G420M",0.234893013452425
"G",420,"N","G420N",-0.190548522756401
"G",420,"P","G420P",-0.535964830833483
"G",420,"Q","G420Q",-0.35075702629624
"G",420,"R","G420R",-0.38976783540977
"G",420,"S","G420S",-0.566692617938602
"G",420,"T","G420T",-0.183578055262184
"G",420,"V","G420V",-0.390132942130162
"G",420,"W","G420W",-0.221144822934831
"G",420,"Y","G420Y",-0.412056007439001
"N",421,"A","N421A",-0.444480142913089
"N",421,"C","N421C",0.329932063823679
"N",421,"D","N421D",-0.934242415977802
"N",421,"E","N421E",-0.230709437150811
"N",421,"F","N421F",-0.0647113248278772
"N",421,"G","N421G",0.171470932967434
"N",421,"H","N421H",-0.143767402748724
"N",421,"I","N421I",-0.326178581245064
"N",421,"K","N421K",0.166970441265592
"N",421,"L","N421L",-0.520910501643985
"N",421,"M","N421M",-0.261505182130659
"N",421,"P","N421P",0.0864405409270333
"N",421,"Q","N421Q",0.271640981106503
"N",421,"R","N421R",0.0269381261345399
"N",421,"S","N421S",0.604173200652438
"N",421,"T","N421T",0.177228744500892
"N",421,"V","N421V",-0.267685812354244
"N",421,"W","N421W",-0.0348531446077151
"N",421,"Y","N421Y",-0.676450174023055
"V",422,"A","V422A",-0.293697309082826
"V",422,"C","V422C",-0.303178519340578
"V",422,"D","V422D",-0.381287568629003
"V",422,"E","V422E",-0.205331246515854
"V",422,"F","V422F",-0.396422153258105
"V",422,"G","V422G",-0.340532443363113
"V",422,"H","V422H",0.0790544886274988
"V",422,"I","V422I",0.10210845948931
"V",422,"K","V422K",-0.167235250354111
"V",422,"L","V422L",0.0305000577277467
"V",422,"M","V422M",-0.276126593531645
"V",422,"N","V422N",-1.24087205518586
"V",422,"P","V422P",-0.527124169186349
"V",422,"Q","V422Q",0.476618730049177
"V",422,"R","V422R",0.052755063407056
"V",422,"S","V422S",-0.305533470518932
"V",422,"T","V422T",-0.00128095305061496
"V",422,"W","V422W",0.244605096395853
"V",422,"Y","V422Y",-0.136756297703933
"F",423,"A","F423A",-0.465366590749644
"F",423,"C","F423C",0.00893577611516766
"F",423,"D","F423D",-0.570321958423643
"F",423,"E","F423E",-0.250296510411705
"F",423,"G","F423G",-0.148127528173111
"F",423,"H","F423H",-0.721435167187168
"F",423,"I","F423I",-0.35558134744063
"F",423,"K","F423K",-0.253039153941954
"F",423,"L","F423L",-0.329696322021462
"F",423,"M","F423M",-0.0269852242107563
"F",423,"N","F423N",-0.556844171757028
"F",423,"P","F423P",-0.808303953309664
"F",423,"Q","F423Q",-0.273366290013298
"F",423,"R","F423R",-0.0705969446943925
"F",423,"S","F423S",-0.524016272874147
"F",423,"T","F423T",-0.63633790911994
"F",423,"V","F423V",-0.259289215654558
"F",423,"W","F423W",-0.318697260242918
"F",423,"Y","F423Y",-0.25124485116116
"S",424,"A","S424A",-0.0729998652011744
"S",424,"C","S424C",1.02683584464757
"S",424,"D","S424D",-0.622639932667011
"S",424,"E","S424E",0.0743943045370434
"S",424,"F","S424F",-0.346407956980448
"S",424,"G","S424G",0.152542630406034
"S",424,"H","S424H",-0.266448892916649
"S",424,"I","S424I",-0.148812442958512
"S",424,"K","S424K",-0.203833460217765
"S",424,"L","S424L",-0.758251078264821
"S",424,"M","S424M",-0.230087508097566
"S",424,"N","S424N",-1.20588504557551
"S",424,"P","S424P",0.366996326109842
"S",424,"Q","S424Q",-0.0958531654944848
"S",424,"R","S424R",-0.566467670133869
"S",424,"T","S424T",0.18520716329367
"S",424,"V","S424V",0.172881443797313
"S",424,"W","S424W",-0.994598075262952
"S",424,"Y","S424Y",-1.66606001556284
"C",425,"A","C425A",-0.177700997017661
"C",425,"D","C425D",1.62417610501841
"C",425,"E","C425E",2.19846225486459
"C",425,"F","C425F",-0.411019316139581
"C",425,"G","C425G",-0.472714497840795
"C",425,"H","C425H",0.157438556434086
"C",425,"I","C425I",-0.040879082702997
"C",425,"K","C425K",1.61864422276523
"C",425,"L","C425L",-0.240191506435996
"C",425,"M","C425M",-0.630838729051393
"C",425,"N","C425N",1.02417555970537
"C",425,"P","C425P",-0.257291468740738
"C",425,"Q","C425Q",0.138253364066538
"C",425,"R","C425R",2.062299080508
"C",425,"S","C425S",0.0585677705680531
"C",425,"T","C425T",0.411947267165628
"C",425,"V","C425V",-1.16125145947365
"C",425,"W","C425W",0.0875392826538636
"C",425,"Y","C425Y",-0.450265575152159
"S",426,"A","S426A",-0.42124163970524
"S",426,"C","S426C",-0.181071224820584
"S",426,"D","S426D",-0.474289188782334
"S",426,"E","S426E",-0.0648078985835431
"S",426,"F","S426F",-0.678399152594451
"S",426,"G","S426G",-0.732596562037468
"S",426,"H","S426H",-0.162234622710341
"S",426,"I","S426I",0.609432355339638
"S",426,"K","S426K",-0.979052549154533
"S",426,"L","S426L",-0.156145169443198
"S",426,"M","S426M",-1.52146537873395
"S",426,"N","S426N",-0.107554249288257
"S",426,"P","S426P",0.0107690537568589
"S",426,"Q","S426Q",0.238283416096912
"S",426,"R","S426R",-0.6227000409841
"S",426,"T","S426T",0.297575165122087
"S",426,"V","S426V",-0.110211154486415
"S",426,"W","S426W",0.289993709485007
"S",426,"Y","S426Y",-0.314482223353769
"V",427,"A","V427A",-1.32092316094488
"V",427,"C","V427C",-0.16042920794719
"V",427,"D","V427D",-0.381676216226811
"V",427,"E","V427E",-0.0535436064796702
"V",427,"F","V427F",-2.00734975177558
"V",427,"G","V427G",0.131993894402403
"V",427,"H","V427H",0.0866346063212563
"V",427,"I","V427I",-0.264916639892497
"V",427,"K","V427K",-0.917872572976371
"V",427,"L","V427L",-0.270055938810149
"V",427,"M","V427M",-0.373905939036013
"V",427,"N","V427N",-0.125128476597233
"V",427,"P","V427P",0.0401073282647861
"V",427,"Q","V427Q",0.235329777836488
"V",427,"R","V427R",-0.0314333413740756
"V",427,"S","V427S",-0.237923038813966
"V",427,"T","V427T",0.558230038658992
"V",427,"W","V427W",-0.449885180631217
"V",427,"Y","V427Y",-0.49068382429147
"M",428,"A","M428A",0.467269527050215
"M",428,"C","M428C",0.562001879918069
"M",428,"D","M428D",-0.487237633982504
"M",428,"E","M428E",-1.31065502907025
"M",428,"F","M428F",-1.04665786355443
"M",428,"G","M428G",-0.651736382111518
"M",428,"H","M428H",-0.0538781361626642
"M",428,"I","M428I",0.370912899390655
"M",428,"K","M428K",0.0151472198391296
"M",428,"L","M428L",-0.742508562047373
"M",428,"N","M428N",-0.161794035957417
"M",428,"P","M428P",0.174736574200115
"M",428,"Q","M428Q",-0.083885537549532
"M",428,"R","M428R",0.0872486131150271
"M",428,"S","M428S",-0.257585740863483
"M",428,"T","M428T",0.0962711163504604
"M",428,"V","M428V",0.573152145990864
"M",428,"W","M428W",-0.691001052277679
"M",428,"Y","M428Y",0.0203989415855516
"H",429,"A","H429A",0.664692439081421
"H",429,"C","H429C",0.166305793440128
"H",429,"D","H429D",-0.955264462619543
"H",429,"E","H429E",-2.68191998484495
"H",429,"F","H429F",0.933332763283278
"H",429,"G","H429G",0.543121566749883
"H",429,"I","H429I",1.33074685373279
"H",429,"K","H429K",0.92601241908737
"H",429,"L","H429L",1.2540822946646
"H",429,"M","H429M",0.361677563741596
"H",429,"N","H429N",-0.104428032763323
"H",429,"P","H429P",1.31802235818956
"H",429,"Q","H429Q",0.12436418574839
"H",429,"R","H429R",1.09948568469446
"H",429,"S","H429S",0.498027067279203
"H",429,"T","H429T",-0.516139083071836
"H",429,"V","H429V",-0.341197210693743
"H",429,"W","H429W",1.03435555769114
"H",429,"Y","H429Y",1.30276921077085
"E",430,"A","E430A",0.0954084502219839
"E",430,"C","E430C",-0.521903524884906
"E",430,"D","E430D",-0.136239204194316
"E",430,"F","E430F",0.153969747819876
"E",430,"G","E430G",-0.650631714581984
"E",430,"H","E430H",0.273447689517616
"E",430,"I","E430I",0.530544801507104
"E",430,"K","E430K",0.040379786034505
"E",430,"L","E430L",0.252397254784447
"E",430,"M","E430M",-0.527216950046213
"E",430,"N","E430N",0.102501747090531
"E",430,"P","E430P",0.0199698719741888
"E",430,"Q","E430Q",-0.537711136836641
"E",430,"R","E430R",0.974600152117522
"E",430,"S","E430S",-1.15320905304029
"E",430,"T","E430T",0.51667307339725
"E",430,"V","E430V",0.757410927628226
"E",430,"W","E430W",0.108943982761242
"E",430,"Y","E430Y",0.383818180088975
"L",432,"A","L432A",-0.386676287067512
"L",432,"C","L432C",-0.0628893323980422
"L",432,"D","L432D",0.745807889396225
"L",432,"E","L432E",-0.364187743126021
"L",432,"F","L432F",0.79454618058226
"L",432,"G","L432G",-0.375648085182841
"L",432,"H","L432H",0.400462714339114
"L",432,"I","L432I",-0.656171627247412
"L",432,"K","L432K",0.422878397696129
"L",432,"M","L432M",-0.155375726220322
"L",432,"N","L432N",-0.40241966921119
"L",432,"P","L432P",0.341577839351217
"L",432,"Q","L432Q",0.275477580304512
"L",432,"R","L432R",0.482357569459104
"L",432,"S","L432S",-0.0529123632022976
"L",432,"T","L432T",-0.422240473520973
"L",432,"V","L432V",0.261054831159535
"L",432,"W","L432W",0.002029120139915
"L",432,"Y","L432Y",0.30599684426343
"H",433,"A","H433A",0.504601564844536
"H",433,"C","H433C",-1.15775310998308
"H",433,"D","H433D",-0.624618892341601
"H",433,"E","H433E",0.224546305943335
"H",433,"F","H433F",-0.453740463413868
"H",433,"G","H433G",0.123007196451596
"H",433,"I","H433I",0.127358389099933
"H",433,"K","H433K",-0.439358910502686
"H",433,"L","H433L",0.382272926969533
"H",433,"M","H433M",-0.00532851038440395
"H",433,"N","H433N",-0.449675191082587
"H",433,"P","H433P",-0.979411187230141
"H",433,"Q","H433Q",-0.513775739351359
"H",433,"R","H433R",-0.148939007473597
"H",433,"S","H433S",-0.417264473747142
"H",433,"T","H433T",-0.23884255721721
"H",433,"V","H433V",-0.384749782750725
"H",433,"W","H433W",-0.137399180968215
"H",433,"Y","H433Y",-0.131841935796736
"N",434,"A","N434A",-0.274645315829732
"N",434,"C","N434C",-0.152833291055803
"N",434,"D","N434D",-1.11097523326104
"N",434,"E","N434E",-1.59550198822331
"N",434,"F","N434F",-0.250992093911244
"N",434,"G","N434G",-0.545802060104024
"N",434,"H","N434H",-0.193129842131664
"N",434,"I","N434I",0.293693634884594
"N",434,"K","N434K",-0.262647099822173
"N",434,"L","N434L",-0.179196414010625
"N",434,"P","N434P",0.265834170275108
"N",434,"Q","N434Q",0.0622769657356932
"N",434,"R","N434R",0.185610334869125
"N",434,"S","N434S",-1.07335337416869
"N",434,"T","N434T",-0.22881119365805
"N",434,"W","N434W",0.235658297215468
"N",434,"Y","N434Y",-0.752016294818852
"H",435,"A","H435A",-0.538114389552999
"H",435,"C","H435C",-0.110326751890838
"H",435,"D","H435D",0.196592190938443
"H",435,"E","H435E",-0.160536361233877
"H",435,"F","H435F",0.212015587287417
"H",435,"G","H435G",-0.205471741431478
"H",435,"I","H435I",-1.40810135879177
"H",435,"K","H435K",-0.625934456580448
"H",435,"L","H435L",-0.11212941106474
"H",435,"M","H435M",0.164559784879153
"H",435,"N","H435N",-1.53269207805915
"H",435,"P","H435P",-0.237654624866823
"H",435,"Q","H435Q",-0.470666703189252
"H",435,"R","H435R",-1.2949189269256
"H",435,"S","H435S",0.285211133732225
"H",435,"T","H435T",-0.259317416067534
"H",435,"V","H435V",-0.519591034835238
"H",435,"W","H435W",0.524787025557668
"H",435,"Y","H435Y",0.449804158234302
"Y",436,"A","Y436A",0.0044902726503074
"Y",436,"C","Y436C",0.107116931711894
"Y",436,"D","Y436D",-0.540288789958187
"Y",436,"E","Y436E",-0.529292411457107
"Y",436,"F","Y436F",-0.392217413820594
"Y",436,"G","Y436G",0.0363932353405424
"Y",436,"H","Y436H",0.234346196284842
"Y",436,"I","Y436I",-0.403194628261272
"Y",436,"K","Y436K",-0.374476361627767
"Y",436,"L","Y436L",-0.446013417225507
"Y",436,"M","Y436M",-0.513849609833059
"Y",436,"N","Y436N",-0.856733833923241
"Y",436,"P","Y436P",0.135619724180855
"Y",436,"Q","Y436Q",-0.633735994647303
"Y",436,"R","Y436R",-0.306302565721537
"Y",436,"S","Y436S",-0.474800206770421
"Y",436,"T","Y436T",-0.380123842577473
"Y",436,"V","Y436V",0.177447348036287
"Y",436,"W","Y436W",-1.49357293270196
"T",437,"A","T437A",-0.179480122873881
"T",437,"C","T437C",0.265211222469321
"T",437,"D","T437D",-0.789987199865723
"T",437,"E","T437E",-1.16615133932816
"T",437,"F","T437F",-0.777539792613969
"T",437,"G","T437G",0.137721865522765
"T",437,"H","T437H",-0.21387145349711
"T",437,"I","T437I",-0.0415527828096962
"T",437,"K","T437K",0.564111513524541
"T",437,"L","T437L",-0.409632478922401
"T",437,"M","T437M",-0.434012001627771
"T",437,"N","T437N",0.81231268416273
"T",437,"P","T437P",0.467079391410925
"T",437,"Q","T437Q",-0.468181351537638
"T",437,"R","T437R",-0.361385775894096
"T",437,"S","T437S",-0.667144376027838
"T",437,"V","T437V",-0.43325177556457
"T",437,"W","T437W",-0.786128555925208
"T",437,"Y","T437Y",-0.262074042145532
"Q",438,"A","Q438A",-0.652052091321762
"Q",438,"C","Q438C",0.487539720118022
"Q",438,"D","Q438D",0.054847385902946
"Q",438,"E","Q438E",-0.91683466070745
"Q",438,"F","Q438F",0.0392046023208124
"Q",438,"G","Q438G",0.178371385896968
"Q",438,"H","Q438H",0.423227966557962
"Q",438,"I","Q438I",-0.360989042199612
"Q",438,"K","Q438K",-0.908706382388472
"Q",438,"L","Q438L",0.537984783717832
"Q",438,"M","Q438M",0.253243562415874
"Q",438,"N","Q438N",-0.345956244685127
"Q",438,"P","Q438P",-0.470260157157856
"Q",438,"R","Q438R",-0.961620553299337
"Q",438,"S","Q438S",-1.7714598068078
"Q",438,"T","Q438T",-0.546057644623035
"Q",438,"V","Q438V",-0.509918290672131
"Q",438,"W","Q438W",-0.261471316308243
"Q",438,"Y","Q438Y",-0.510986770924247
"K",439,"A","K439A",-0.306082396772802
"K",439,"C","K439C",0.247217576220278
"K",439,"D","K439D",-0.209088429752538
"K",439,"E","K439E",-0.438689593790535
"K",439,"F","K439F",-0.25667170185313
"K",439,"G","K439G",0.0248621487781834
"K",439,"H","K439H",-0.637509233270935
"K",439,"I","K439I",-0.445305743882764
"K",439,"L","K439L",0.020963162516157
"K",439,"M","K439M",-0.413753326088316
"K",439,"N","K439N",0.0148602216045491
"K",439,"P","K439P",0.319974963366961
"K",439,"Q","K439Q",-0.697235956447196
"K",439,"R","K439R",0.246795355476921
"K",439,"S","K439S",0.412415840639242
"K",439,"T","K439T",-0.682493815720324
"K",439,"V","K439V",-0.106362171855616
"K",439,"W","K439W",-0.092606003223612
"K",439,"Y","K439Y",-0.227524172251582
"S",440,"A","S440A",-0.203515348037812
"S",440,"C","S440C",-0.0869455269840189
"S",440,"D","S440D",0.108974965191844
"S",440,"E","S440E",0.161680904991692
"S",440,"F","S440F",-0.412959612748532
"S",440,"G","S440G",-0.0571273441202618
"S",440,"H","S440H",0.632188214533212
"S",440,"I","S440I",-0.423986217707419
"S",440,"K","S440K",-0.38519551602866
"S",440,"L","S440L",-0.814245640962604
"S",440,"M","S440M",0.282384394069271
"S",440,"N","S440N",0.48227733793145
"S",440,"P","S440P",-0.141016200983404
"S",440,"Q","S440Q",-1.33975347949764
"S",440,"R","S440R",0.228275314567292
"S",440,"T","S440T",0.291959174492116
"S",440,"V","S440V",0.12379948910999
"S",440,"W","S440W",-0.669341174446395
"S",440,"Y","S440Y",-0.278287024706064
"L",441,"A","L441A",-1.43912004583372
"L",441,"C","L441C",-0.577127816577656
"L",441,"D","L441D",-0.158572041467592
"L",441,"E","L441E",-0.300643387292887
"L",441,"F","L441F",-0.441063746487447
"L",441,"G","L441G",0.0802374017971913
"L",441,"H","L441H",-0.41187443351791
"L",441,"I","L441I",0.261856799847712
"L",441,"K","L441K",0.476944160757632
"L",441,"M","L441M",-0.1823804093352
"L",441,"N","L441N",-0.113273185567382
"L",441,"P","L441P",-0.403700804557377
"L",441,"Q","L441Q",0.0508374093361939
"L",441,"R","L441R",0.0429555841540356
"L",441,"S","L441S",-0.492438425770777
"L",441,"T","L441T",-1.1198631118443
"L",441,"V","L441V",0.142745138836049
"L",441,"W","L441W",-0.374229101886366
"L",441,"Y","L441Y",0.13945318628039
"S",442,"A","S442A",-1.81380999019359
"S",442,"C","S442C",1.51709575603928
"S",442,"D","S442D",-0.102879994448599
"S",442,"E","S442E",0.555227877736189
"S",442,"F","S442F",-0.148629158606592
"S",442,"G","S442G",-0.189585443057551
"S",442,"H","S442H",-0.197369577299606
"S",442,"I","S442I",-0.129240540021083
"S",442,"K","S442K",-0.980459822462923
"S",442,"L","S442L",-0.128217299009619
"S",442,"M","S442M",-0.0130760225391935
"S",442,"N","S442N",-0.0939875694322058
"S",442,"P","S442P",-0.602576859717766
"S",442,"Q","S442Q",-0.827078430945495
"S",442,"R","S442R",0.433034205951012
"S",442,"T","S442T",-0.216282720950875
"S",442,"V","S442V",-0.525318416256938
"S",442,"W","S442W",-0.352008230177771
"S",442,"Y","S442Y",-0.376441754270946
"L",443,"A","L443A",-0.0186881674307836
"L",443,"C","L443C",-1.49480894593877
"L",443,"D","L443D",-0.490585386417743
"L",443,"E","L443E",-0.150940027206704
"L",443,"F","L443F",-0.306187905803861
"L",443,"G","L443G",-0.649545344457304
"L",443,"H","L443H",-0.0900769679133411
"L",443,"I","L443I",-0.0488140022166563
"L",443,"K","L443K",-0.363415192142727
"L",443,"M","L443M",-0.112796731947754
"L",443,"N","L443N",0.133590417234316
"L",443,"P","L443P",0.497412062740858
"L",443,"Q","L443Q",-0.353813674913948
"L",443,"R","L443R",0.0497167358610668
"L",443,"S","L443S",0.127188840223511
"L",443,"T","L443T",-0.292020146494341
"L",443,"V","L443V",-0.216619046960759
"L",443,"W","L443W",-0.380510518925358
"L",443,"Y","L443Y",0.312101860420827
"S",444,"A","S444A",-0.24537524196544
"S",444,"C","S444C",0.0565114900463117
"S",444,"D","S444D",-0.547271072267786
"S",444,"E","S444E",0.194820294490434
"S",444,"F","S444F",-0.316207943137644
"S",444,"G","S444G",-0.178885917566158
"S",444,"H","S444H",-0.0564801622213225
"S",444,"I","S444I",-0.0465806876293625
"S",444,"K","S444K",-0.204025941270554
"S",444,"L","S444L",-0.220293119124033
"S",444,"M","S444M",-0.592788659572741
"S",444,"N","S444N",-0.290928525018544
"S",444,"P","S444P",0.29546485336913
"S",444,"Q","S444Q",-0.201816982231842
"S",444,"R","S444R",0.0256236543862783
"S",444,"T","S444T",0.050760947886505
"S",444,"V","S444V",-0.1861325017736
"S",444,"W","S444W",0.15597744262298
"S",444,"Y","S444Y",-0.413112332661975
"P",445,"A","P445A",0.0678808821491487
"P",445,"C","P445C",0.302267406386316
"P",445,"D","P445D",-0.185929914374285
"P",445,"E","P445E",-0.269676142313879
"P",445,"F","P445F",0.546837325351584
"P",445,"G","P445G",0.0563960116099565
"P",445,"H","P445H",0.0333379023091626
"P",445,"I","P445I",0.131490790404427
"P",445,"K","P445K",0.0130586021121825
"P",445,"L","P445L",0.0674484443791912
"P",445,"M","P445M",0.216862411913382
"P",445,"N","P445N",-0.684233833054427
"P",445,"Q","P445Q",-0.372151145040181
"P",445,"R","P445R",-0.0549378725689216
"P",445,"S","P445S",-1.05929005476783
"P",445,"V","P445V",-0.0590114589445217
"P",445,"W","P445W",-0.457700944690668
"P",445,"Y","P445Y",-0.171142707241834
"G",446,"A","G446A",0.218762311968501
"G",446,"C","G446C",0.45196116342945
"G",446,"D","G446D",-0.121223293347143
"G",446,"E","G446E",-0.42746431395402
"G",446,"F","G446F",0.273768164405758
"G",446,"H","G446H",-0.553629582779852
"G",446,"I","G446I",0.200683648970506
"G",446,"K","G446K",-0.546645015298992
"G",446,"L","G446L",0.923989163930373
"G",446,"M","G446M",-1.49220543560117
"G",446,"N","G446N",0.00158507757461706
"G",446,"P","G446P",0.858016348003129
"G",446,"Q","G446Q",-0.476630554363172
"G",446,"R","G446R",-0.246049484618714
"G",446,"S","G446S",-0.478033425127241
"G",446,"T","G446T",-0.420275483707125
"G",446,"V","G446V",-1.28187967899591
"G",446,"W","G446W",0.139040746385433
"G",446,"Y","G446Y",0.505146316154038
"K",447,"A","K447A",-0.644764346358281
"K",447,"C","K447C",-0.219685293250309
"K",447,"D","K447D",-0.724962356550946
"K",447,"E","K447E",-0.316824449318332
"K",447,"F","K447F",-0.84250632526657
"K",447,"G","K447G",-0.179505164286397
"K",447,"H","K447H",-0.236921009127076
"K",447,"I","K447I",-0.506786634019489
"K",447,"L","K447L",-0.2256151115772
"K",447,"M","K447M",-0.100053443004052
"K",447,"N","K447N",0.52262706143958
"K",447,"P","K447P",-0.925557552765472
"K",447,"Q","K447Q",0.265196215398313
"K",447,"R","K447R",-0.0253530679537957
"K",447,"S","K447S",-0.801755038946902
"K",447,"T","K447T",-0.490981698813323
"K",447,"V","K447V",-0.192890092838758
"K",447,"W","K447W",-0.467753423520633
"K",447,"Y","K447Y",-0.131054947763059
