"wildtype","site","mutation","name","scaledscore"
"E",216,"A","E216A",-1.37509724021293
"E",216,"C","E216C",0.7179710414042
"E",216,"D","E216D",-0.277318092499645
"E",216,"F","E216F",-0.317849825394767
"E",216,"G","E216G",0.227300522960644
"E",216,"H","E216H",-0.7691675742051
"E",216,"I","E216I",0.836205856772645
"E",216,"K","E216K",-0.987389357526559
"E",216,"L","E216L",-1.08675113983992
"E",216,"M","E216M",-1.22582291025507
"E",216,"N","E216N",-1.12947574203826
"E",216,"P","E216P",-1.11795957231584
"E",216,"Q","E216Q",-0.559723606284373
"E",216,"R","E216R",-0.865608500588467
"E",216,"S","E216S",-0.548897124023442
"E",216,"T","E216T",-0.0523566949963676
"E",216,"V","E216V",-0.644095286508829
"E",216,"W","E216W",-0.0656804705122271
"E",216,"Y","E216Y",0.803951203523294
"P",217,"A","P217A",-0.290220870433642
"P",217,"C","P217C",-0.231347727454349
"P",217,"D","P217D",0.17624990916765
"P",217,"E","P217E",-0.220530514222887
"P",217,"F","P217F",0.245542464770537
"P",217,"G","P217G",-0.84165026753556
"P",217,"H","P217H",-0.710604429567221
"P",217,"I","P217I",-0.0760050003491503
"P",217,"K","P217K",-1.05645672798036
"P",217,"L","P217L",1.11384327810709
"P",217,"M","P217M",-3.16966745866083
"P",217,"N","P217N",-0.000849820241085792
"P",217,"Q","P217Q",-1.03202574676425
"P",217,"R","P217R",-0.355906151147493
"P",217,"S","P217S",0.0503542760159737
"P",217,"T","P217T",0.506615881594362
"P",217,"V","P217V",-1.11584321650964
"P",217,"W","P217W",-0.887162825972211
"P",217,"Y","P217Y",0.280731580376554
"K",218,"A","K218A",-0.0262613524755116
"K",218,"C","K218C",0.1494445081566
"K",218,"D","K218D",-0.994974411592384
"K",218,"E","K218E",-0.596452204615321
"K",218,"F","K218F",-1.00237898246896
"K",218,"G","K218G",0.505132061825373
"K",218,"H","K218H",-0.970646484671264
"K",218,"I","K218I",-0.933630068898602
"K",218,"L","K218L",-0.434992662095134
"K",218,"M","K218M",-0.747636429640965
"K",218,"N","K218N",0.41203857003739
"K",218,"P","K218P",-1.50252859457518
"K",218,"Q","K218Q",-0.0424821021282661
"K",218,"R","K218R",-0.861566940156804
"K",218,"S","K218S",-0.431033186729633
"K",218,"T","K218T",-0.20171198002175
"K",218,"V","K218V",1.03348815298046
"K",218,"W","K218W",-0.293333883563946
"K",218,"Y","K218Y",-0.0693413985649152
"S",219,"A","S219A",0.189779551417326
"S",219,"C","S219C",-0.234529200344069
"S",219,"D","S219D",-0.126444559849814
"S",219,"E","S219E",0.645547666693408
"S",219,"F","S219F",0.403097271759518
"S",219,"G","S219G",-0.124751242768903
"S",219,"H","S219H",-0.237394493216264
"S",219,"I","S219I",-0.731130899158606
"S",219,"K","S219K",-0.00342650156312219
"S",219,"L","S219L",0.319096104625722
"S",219,"M","S219M",-1.29791597993326
"S",219,"N","S219N",-0.198750501197643
"S",219,"P","S219P",0.130147249448942
"S",219,"Q","S219Q",-0.633898877995511
"S",219,"R","S219R",-0.162637577382577
"S",219,"T","S219T",-0.105940464775025
"S",219,"V","S219V",-1.71103607079563
"S",219,"W","S219W",-0.384558007013234
"S",219,"Y","S219Y",0.464619316283211
"C",220,"A","C220A",-0.230698633485725
"C",220,"D","C220D",0.580342194799453
"C",220,"E","C220E",-0.668418160490136
"C",220,"F","C220F",-0.0486109366074254
"C",220,"G","C220G",-0.118754470926089
"C",220,"H","C220H",0.109340819638423
"C",220,"I","C220I",0.168472647880372
"C",220,"K","C220K",0.293837239444157
"C",220,"L","C220L",0.103489823823238
"C",220,"M","C220M",-1.18984366456396
"C",220,"N","C220N",-0.439541198795046
"C",220,"P","C220P",0.0396717543819552
"C",220,"Q","C220Q",0.726563981330861
"C",220,"R","C220R",0.00700783447576987
"C",220,"S","C220S",0.895258225351914
"C",220,"T","C220T",-0.179424117468371
"C",220,"V","C220V",-1.16039252525368
"C",220,"W","C220W",0.194345313816259
"C",220,"Y","C220Y",-0.393646756046604
"D",221,"A","D221A",0.506116595451088
"D",221,"C","D221C",-0.0973000034021356
"D",221,"E","D221E",0.076325170577132
"D",221,"F","D221F",0.344081546805416
"D",221,"G","D221G",-1.1101566041628
"D",221,"H","D221H",0.618747571661007
"D",221,"I","D221I",-0.155342688228069
"D",221,"K","D221K",-1.4881571200306
"D",221,"L","D221L",0.455948799045594
"D",221,"M","D221M",0.490600038336006
"D",221,"N","D221N",-0.0322144278804622
"D",221,"P","D221P",0.824334748411807
"D",221,"Q","D221Q",-0.575877956426972
"D",221,"R","D221R",-0.133986907935706
"D",221,"S","D221S",0.640991970657635
"D",221,"T","D221T",0.113615963803666
"D",221,"V","D221V",-1.5413234204138
"D",221,"W","D221W",-1.17490197127148
"D",221,"Y","D221Y",0.442025568670559
"K",222,"A","K222A",-0.680532377718835
"K",222,"C","K222C",-0.247011778892175
"K",222,"D","K222D",-0.328238500009009
"K",222,"E","K222E",0.148156938404104
"K",222,"F","K222F",0.419357846829557
"K",222,"G","K222G",0.387463951043453
"K",222,"H","K222H",-1.14568637588321
"K",222,"I","K222I",-0.20931151989565
"K",222,"L","K222L",0.520437995411996
"K",222,"M","K222M",0.0632636015322997
"K",222,"N","K222N",0.475274841171283
"K",222,"P","K222P",-0.73402517931434
"K",222,"Q","K222Q",0.904345784213583
"K",222,"R","K222R",0.315264175976717
"K",222,"S","K222S",0.287863964366689
"K",222,"T","K222T",-0.195042632655245
"K",222,"V","K222V",0.707741058831886
"K",222,"W","K222W",-0.518783639399808
"K",222,"Y","K222Y",0.419206756364626
"T",223,"A","T223A",0.440606862121065
"T",223,"C","T223C",0.569798451732089
"T",223,"D","T223D",-0.193720420402277
"T",223,"E","T223E",0.863715197186633
"T",223,"F","T223F",0.422638510485172
"T",223,"G","T223G",-0.357597932460222
"T",223,"H","T223H",-0.911438315042537
"T",223,"I","T223I",0.650844319839365
"T",223,"K","T223K",0.485913782600621
"T",223,"L","T223L",-0.329484503998639
"T",223,"M","T223M",0.102724182194195
"T",223,"N","T223N",-0.0586178264612574
"T",223,"P","T223P",0.858444659286227
"T",223,"Q","T223Q",-1.24513048750594
"T",223,"R","T223R",0.696105447189573
"T",223,"S","T223S",1.73284750737319
"T",223,"V","T223V",0.293513431850316
"T",223,"W","T223W",-1.12222969207713
"T",223,"Y","T223Y",-0.335319769036716
"H",224,"A","H224A",0.229018870543844
"H",224,"C","H224C",-0.228293529446707
"H",224,"D","H224D",0.876670124781564
"H",224,"E","H224E",0.756520642004388
"H",224,"F","H224F",0.738701530138586
"H",224,"G","H224G",-0.20602820684952
"H",224,"I","H224I",-1.09603731001375
"H",224,"K","H224K",-0.140096164999647
"H",224,"L","H224L",-1.28611158781136
"H",224,"M","H224M",0.222915144962058
"H",224,"N","H224N",0.0587157802494031
"H",224,"P","H224P",-0.305333709033125
"H",224,"Q","H224Q",1.16123797506643
"H",224,"R","H224R",-0.622286810353748
"H",224,"S","H224S",-0.575550302164239
"H",224,"T","H224T",-1.83078605691646
"H",224,"V","H224V",0.099800320092218
"H",224,"W","H224W",0.17872078344177
"H",224,"Y","H224Y",-0.237000197394515
"T",225,"A","T225A",-0.960372320304765
"T",225,"C","T225C",0.00135472701156449
"T",225,"D","T225D",0.37833948768497
"T",225,"E","T225E",0.381304033216541
"T",225,"F","T225F",0.0046434491701506
"T",225,"G","T225G",-0.49444803806747
"T",225,"H","T225H",-0.418541152073753
"T",225,"I","T225I",-0.120694310213188
"T",225,"K","T225K",-1.32314147836943
"T",225,"L","T225L",-1.4475384874442
"T",225,"M","T225M",-0.40739621330601
"T",225,"N","T225N",-0.21904798345318
"T",225,"P","T225P",-0.510672067938467
"T",225,"Q","T225Q",0.0897950150131204
"T",225,"S","T225S",-1.19978427873739
"T",225,"V","T225V",0.144762842339831
"T",225,"W","T225W",-0.129845157253778
"T",225,"Y","T225Y",-0.335162947876652
"C",226,"A","C226A",-0.783507695080924
"C",226,"D","C226D",-1.7039439907089
"C",226,"E","C226E",-0.391605737303991
"C",226,"F","C226F",-0.286514559129112
"C",226,"G","C226G",-0.0770807271806757
"C",226,"H","C226H",-0.0124887884521225
"C",226,"I","C226I",0.336370233711474
"C",226,"K","C226K",-0.265272050679775
"C",226,"L","C226L",0.410685158913935
"C",226,"M","C226M",-0.119171390604416
"C",226,"N","C226N",-1.78887374330606
"C",226,"P","C226P",-0.0923145651656141
"C",226,"Q","C226Q",0.488041828576809
"C",226,"R","C226R",0.375019771770493
"C",226,"S","C226S",0.15457377163039
"C",226,"T","C226T",-0.0655382993098034
"C",226,"V","C226V",0.186535805446731
"C",226,"W","C226W",-1.23264737185334
"C",226,"Y","C226Y",0.152068410287004
"P",227,"A","P227A",-0.983796248311596
"P",227,"C","P227C",0.347410266838448
"P",227,"D","P227D",-1.0236312311272
"P",227,"E","P227E",-0.543037213715157
"P",227,"F","P227F",0.165271888068464
"P",227,"G","P227G",0.664879737552736
"P",227,"H","P227H",-0.711817718756373
"P",227,"I","P227I",1.17311350793419
"P",227,"K","P227K",0.351367444855884
"P",227,"L","P227L",-0.55437237283189
"P",227,"M","P227M",-0.760338484418202
"P",227,"N","P227N",0.522513273604788
"P",227,"Q","P227Q",-0.663858532842786
"P",227,"R","P227R",0.742491745445058
"P",227,"S","P227S",-0.596233982300938
"P",227,"T","P227T",0.293375595108216
"P",227,"V","P227V",-1.3999738314683
"P",227,"W","P227W",-1.30447885410617
"P",227,"Y","P227Y",-0.54255062021322
"P",228,"A","P228A",-0.0983872669175626
"P",228,"C","P228C",0.474440641282899
"P",228,"D","P228D",-0.0702965817907511
"P",228,"E","P228E",0.170167865494425
"P",228,"F","P228F",-0.412018345602175
"P",228,"G","P228G",0.420069361149331
"P",228,"H","P228H",0.565685830117133
"P",228,"I","P228I",-0.0271768011269843
"P",228,"K","P228K",-0.404133408727252
"P",228,"L","P228L",0.241394144654153
"P",228,"M","P228M",-0.464389889272655
"P",228,"N","P228N",-1.47047019357056
"P",228,"Q","P228Q",-1.04200527390133
"P",228,"R","P228R",0.808015095072176
"P",228,"S","P228S",-0.509017576722059
"P",228,"T","P228T",0.331945407910931
"P",228,"V","P228V",-0.427661356937508
"P",228,"W","P228W",-0.442435770722288
"P",228,"Y","P228Y",0.0867886739234071
"C",229,"A","C229A",0.0184818626057703
"C",229,"D","C229D",0.987529194042942
"C",229,"E","C229E",-1.02256134539298
"C",229,"F","C229F",-0.0960537545592253
"C",229,"G","C229G",-0.564643566507732
"C",229,"H","C229H",-1.53235494072254
"C",229,"I","C229I",0.308864392786536
"C",229,"K","C229K",0.217985320643568
"C",229,"L","C229L",-1.26363252731632
"C",229,"M","C229M",0.142909097155478
"C",229,"N","C229N",-0.199311852364328
"C",229,"P","C229P",-1.4706662874336
"C",229,"Q","C229Q",-2.69649601310734
"C",229,"R","C229R",0.583661274161423
"C",229,"S","C229S",1.60344942886071
"C",229,"T","C229T",2.55855112658458
"C",229,"V","C229V",-1.91364977893776
"C",229,"W","C229W",-1.44841471847981
"C",229,"Y","C229Y",-1.02480158071449
"P",230,"A","P230A",0.0557720533140936
"P",230,"C","P230C",-0.516828101175192
"P",230,"D","P230D",-0.544083614066957
"P",230,"E","P230E",-1.17566661245123
"P",230,"F","P230F",-0.336537276875138
"P",230,"G","P230G",-0.535155447922069
"P",230,"H","P230H",-0.0976636906239611
"P",230,"I","P230I",-0.447010385915416
"P",230,"K","P230K",-1.07623755417091
"P",230,"L","P230L",0.0579936379625561
"P",230,"M","P230M",-0.35690617816684
"P",230,"N","P230N",-0.757657408476278
"P",230,"Q","P230Q",-0.882698769693072
"P",230,"R","P230R",-1.24327104227934
"P",230,"S","P230S",0.140572389917265
"P",230,"T","P230T",-0.43004043135924
"P",230,"V","P230V",-0.681137229032676
"P",230,"W","P230W",-0.915763721591157
"P",230,"Y","P230Y",-1.79084319571088
"A",231,"C","A231C",0.417563151817575
"A",231,"D","A231D",-0.967843991611857
"A",231,"E","A231E",-1.62482594821884
"A",231,"F","A231F",0.39620690765767
"A",231,"G","A231G",-0.535780436724517
"A",231,"H","A231H",0.636490918200943
"A",231,"I","A231I",-0.376386286140955
"A",231,"K","A231K",-0.372032727303849
"A",231,"L","A231L",-0.0158805299171814
"A",231,"M","A231M",-0.902411012984594
"A",231,"N","A231N",0.0116428274063044
"A",231,"P","A231P",0.266580569799982
"A",231,"Q","A231Q",-0.262689697037057
"A",231,"R","A231R",-0.985648501484061
"A",231,"S","A231S",0.050398828200744
"A",231,"T","A231T",-0.487994238035815
"A",231,"V","A231V",-1.03071491770862
"A",231,"W","A231W",1.11020830187355
"A",231,"Y","A231Y",1.05323653262317
"P",232,"A","P232A",0.393641893796486
"P",232,"C","P232C",0.0277095453725631
"P",232,"D","P232D",1.17337932903932
"P",232,"E","P232E",0.897105136942812
"P",232,"F","P232F",-2.31144254871832
"P",232,"G","P232G",0.690098785589819
"P",232,"H","P232H",0.904839705603294
"P",232,"I","P232I",0.27488571168826
"P",232,"K","P232K",-1.15008517960867
"P",232,"L","P232L",1.55070682226508
"P",232,"M","P232M",1.2140885489602
"P",232,"N","P232N",1.58288535415633
"P",232,"Q","P232Q",-0.370933801936913
"P",232,"R","P232R",0.50631819841688
"P",232,"S","P232S",0.198085867012154
"P",232,"T","P232T",0.641423123779763
"P",232,"V","P232V",-1.43950169352174
"P",232,"W","P232W",0.154915256823033
"P",232,"Y","P232Y",-0.43666209149067
"E",233,"A","E233A",-1.10027214073976
"E",233,"C","E233C",1.65154446214703
"E",233,"D","E233D",-0.599369972717477
"E",233,"F","E233F",0.989870883958119
"E",233,"G","E233G",0.435935531339352
"E",233,"H","E233H",0.572899075917741
"E",233,"I","E233I",0.883075282807243
"E",233,"K","E233K",1.94602857843853
"E",233,"L","E233L",0.360587772307832
"E",233,"M","E233M",-0.0333008914400486
"E",233,"N","E233N",-0.616683262968718
"E",233,"P","E233P",-0.369118223539208
"E",233,"Q","E233Q",0.385589775404742
"E",233,"R","E233R",-0.0469476440528036
"E",233,"S","E233S",0.403130545405096
"E",233,"T","E233T",0.733489809956414
"E",233,"V","E233V",0.675040378227852
"E",233,"W","E233W",-1.91991739287874
"E",233,"Y","E233Y",-1.40864647291769
"L",234,"A","L234A",2.22951303031511
"L",234,"C","L234C",1.48912330620037
"L",234,"D","L234D",6.17675641442943
"L",234,"E","L234E",5.71141428453299
"L",234,"F","L234F",0.990332153633456
"L",234,"G","L234G",1.68446667758457
"L",234,"H","L234H",1.04947328972187
"L",234,"I","L234I",-0.0013692171992318
"L",234,"K","L234K",2.98419000239775
"L",234,"M","L234M",2.57982651900783
"L",234,"N","L234N",0.788321935221075
"L",234,"P","L234P",1.33915706159891
"L",234,"Q","L234Q",0.941435277900733
"L",234,"R","L234R",-0.0147465248843334
"L",234,"S","L234S",-0.197120774195148
"L",234,"T","L234T",2.44368465213265
"L",234,"W","L234W",2.47992894124912
"L",234,"Y","L234Y",1.65670254121287
"L",235,"A","L235A",0.697274739963459
"L",235,"C","L235C",1.67802162403048
"L",235,"D","L235D",1.22524325894202
"L",235,"E","L235E",-0.101953589424782
"L",235,"F","L235F",0.913650185055608
"L",235,"G","L235G",1.87914325238296
"L",235,"H","L235H",-1.34220690563651
"L",235,"I","L235I",2.75086510164657
"L",235,"K","L235K",2.27009240022304
"L",235,"M","L235M",0.424648571801225
"L",235,"N","L235N",1.9156454519219
"L",235,"P","L235P",-0.507120749839678
"L",235,"Q","L235Q",1.02199174135997
"L",235,"R","L235R",1.23336834297409
"L",235,"S","L235S",1.64855697091297
"L",235,"T","L235T",1.05173888584805
"L",235,"V","L235V",0.856153632048044
"L",235,"W","L235W",1.1287890474766
"L",235,"Y","L235Y",2.3098385422975
"G",236,"A","G236A",-8.153510327158
"G",236,"C","G236C",-0.288724629915432
"G",236,"D","G236D",5.39081168217271
"G",236,"E","G236E",-6.01302835100387
"G",236,"F","G236F",-0.0726583199871569
"G",236,"H","G236H",0.791266638403205
"G",236,"I","G236I",-1.68597679948657
"G",236,"K","G236K",0.565519860230007
"G",236,"L","G236L",1.0376464176054
"G",236,"M","G236M",0.896203352067782
"G",236,"N","G236N",1.83226352693124
"G",236,"P","G236P",1.43773980377327
"G",236,"Q","G236Q",-0.682192454755092
"G",236,"R","G236R",1.32972073353665
"G",236,"S","G236S",-6.73907444453594
"G",236,"T","G236T",-4.73095274665902
"G",236,"V","G236V",-2.65478004677084
"G",236,"W","G236W",1.89196356777709
"G",236,"Y","G236Y",0.80954276447507
"G",237,"A","G237A",-2.56854974015598
"G",237,"C","G237C",0.584760552928149
"G",237,"D","G237D",-0.289405383496108
"G",237,"E","G237E",0.36507808408943
"G",237,"F","G237F",-0.519993623255665
"G",237,"H","G237H",1.51553572194979
"G",237,"I","G237I",1.18507041986352
"G",237,"K","G237K",2.84248762980228
"G",237,"L","G237L",-1.69326216899834
"G",237,"M","G237M",-1.22527147035892
"G",237,"N","G237N",-1.48679255698614
"G",237,"P","G237P",-0.200637599092241
"G",237,"Q","G237Q",0.946480587740265
"G",237,"R","G237R",-1.26444925757101
"G",237,"S","G237S",-0.537348272843411
"G",237,"T","G237T",0.769134661952657
"G",237,"V","G237V",-3.06374458560579
"G",237,"W","G237W",1.65234246102481
"G",237,"Y","G237Y",1.03002438508092
"P",238,"A","P238A",-0.0948291759776875
"P",238,"C","P238C",-0.618908756661064
"P",238,"D","P238D",9.43823290034095
"P",238,"E","P238E",7.91741504214338
"P",238,"F","P238F",0.182664139312208
"P",238,"G","P238G",2.17308569334967
"P",238,"H","P238H",-0.47802176009696
"P",238,"I","P238I",-1.90507216061093
"P",238,"K","P238K",0.859049711145071
"P",238,"L","P238L",-0.662964477385233
"P",238,"M","P238M",1.21433113022478
"P",238,"N","P238N",-0.0375254006391965
"P",238,"Q","P238Q",0.00787776234761284
"P",238,"R","P238R",0.259557731465301
"P",238,"S","P238S",1.42463883365324
"P",238,"T","P238T",0.146464133622461
"P",238,"V","P238V",0.347776924331351
"P",238,"W","P238W",0.800240880005537
"P",238,"Y","P238Y",1.79026067183194
"S",239,"A","S239A",0.0888060925830079
"S",239,"C","S239C",-0.1732217134466
"S",239,"D","S239D",1.06105991471552
"S",239,"E","S239E",2.80387334077958
"S",239,"F","S239F",0.406170173598831
"S",239,"G","S239G",-1.25827328289332
"S",239,"H","S239H",-0.62894886859629
"S",239,"I","S239I",1.63990465662793
"S",239,"K","S239K",-0.78620017668586
"S",239,"L","S239L",3.49110858780028
"S",239,"M","S239M",0.498987988928623
"S",239,"N","S239N",0.825576754158051
"S",239,"P","S239P",2.55953108510185
"S",239,"Q","S239Q",1.39529258869958
"S",239,"R","S239R",1.60292324366969
"S",239,"T","S239T",-0.510320477872957
"S",239,"V","S239V",1.84033930103857
"S",239,"W","S239W",-0.617231395663031
"S",239,"Y","S239Y",3.02235336401611
"V",240,"A","V240A",-1.16184913475031
"V",240,"C","V240C",-0.255829720310112
"V",240,"D","V240D",-0.238882370690131
"V",240,"E","V240E",0.179416626426363
"V",240,"F","V240F",0.776984926309887
"V",240,"G","V240G",1.00373189027768
"V",240,"H","V240H",1.31018895140393
"V",240,"I","V240I",0.952108692434071
"V",240,"K","V240K",0.220727042862456
"V",240,"L","V240L",0.480958151538511
"V",240,"M","V240M",1.18333317988732
"V",240,"N","V240N",0.683118180035873
"V",240,"P","V240P",0.318642825425683
"V",240,"Q","V240Q",1.2215407073433
"V",240,"R","V240R",0.261218805410086
"V",240,"S","V240S",-0.364055034020482
"V",240,"T","V240T",-0.26994648460211
"V",240,"W","V240W",-0.188608424861164
"V",240,"Y","V240Y",-0.704945286498316
"F",241,"A","F241A",-0.170263669153399
"F",241,"C","F241C",1.9676926748521
"F",241,"D","F241D",-0.579014728111566
"F",241,"E","F241E",-1.07183507435721
"F",241,"G","F241G",2.89352692363719
"F",241,"H","F241H",1.69511630991465
"F",241,"I","F241I",-0.161214012540191
"F",241,"K","F241K",0.807804440191702
"F",241,"L","F241L",0.0719694572582836
"F",241,"M","F241M",0.544749905301087
"F",241,"N","F241N",-0.327429630743003
"F",241,"P","F241P",0.50516955869042
"F",241,"Q","F241Q",-1.06411292072102
"F",241,"R","F241R",0.440027015895277
"F",241,"S","F241S",-0.424925388656251
"F",241,"T","F241T",-0.856810460431771
"F",241,"V","F241V",-0.812365489186574
"F",241,"W","F241W",0.00885504362751501
"F",241,"Y","F241Y",0.465575011286628
"L",242,"F","L242F",1.75352928636749
"F",243,"A","F243A",-1.04943731212945
"F",243,"C","F243C",0.189901654350977
"F",243,"D","F243D",-0.643650667661199
"F",243,"E","F243E",0.12908828185265
"F",243,"H","F243H",-0.185564422052349
"F",243,"I","F243I",1.28683898590903
"F",243,"K","F243K",-0.266984890659399
"F",243,"L","F243L",-0.140726134493147
"F",243,"M","F243M",-1.55720626737731
"F",243,"N","F243N",-0.937905309292075
"F",243,"P","F243P",0.053760199868338
"F",243,"Q","F243Q",-0.43183315132789
"F",243,"R","F243R",1.34338676118684
"F",243,"S","F243S",-0.0468852263845159
"F",243,"T","F243T",-0.204694309800949
"F",243,"V","F243V",-0.680645211664355
"F",243,"W","F243W",0.440265450218104
"F",243,"Y","F243Y",0.412595349373995
"P",244,"A","P244A",0.387015338829861
"P",244,"C","P244C",-0.0576290215832851
"P",244,"D","P244D",-0.331144174392315
"P",244,"E","P244E",-0.254598657955207
"P",244,"F","P244F",0.0997529374833321
"P",244,"G","P244G",0.6114222392609
"P",244,"H","P244H",-0.221604112373524
"P",244,"I","P244I",0.234140098433464
"P",244,"K","P244K",-0.441493591786955
"P",244,"L","P244L",-0.352143720700044
"P",244,"M","P244M",-0.129331131034616
"P",244,"N","P244N",0.0720014273903741
"P",244,"Q","P244Q",-1.06185793898393
"P",244,"R","P244R",0.738162538094208
"P",244,"S","P244S",-0.0173089010999463
"P",244,"T","P244T",0.10700623649027
"P",244,"V","P244V",0.550150883336281
"P",244,"W","P244W",0.352592238258037
"P",244,"Y","P244Y",0.581939283882205
"P",245,"A","P245A",-0.52156199643662
"P",245,"C","P245C",-0.857820558542119
"P",245,"D","P245D",-0.983027461306923
"P",245,"E","P245E",0.0473783782817718
"P",245,"F","P245F",0.506221628362033
"P",245,"G","P245G",-0.184002427978774
"P",245,"H","P245H",0.0776378575548776
"P",245,"I","P245I",0.501942447670338
"P",245,"K","P245K",-0.348281185923534
"P",245,"L","P245L",0.835419467161655
"P",245,"M","P245M",-0.020766787627327
"P",245,"N","P245N",0.26568725443446
"P",245,"Q","P245Q",0.306412446776297
"P",245,"R","P245R",-1.97803056929984
"P",245,"S","P245S",-0.464214196702327
"P",245,"T","P245T",0.887768914819374
"P",245,"V","P245V",-1.2217427860902
"P",245,"W","P245W",0.971872359913703
"P",245,"Y","P245Y",-0.32585739685647
"K",246,"A","K246A",-1.85918688103008
"K",246,"C","K246C",-0.719614708480881
"K",246,"D","K246D",0.198082788890421
"K",246,"E","K246E",-0.660654714281757
"K",246,"F","K246F",0.360456342773703
"K",246,"G","K246G",-0.999233686937539
"K",246,"H","K246H",-0.96034807676778
"K",246,"I","K246I",-0.16118500730602
"K",246,"L","K246L",-0.705751177723064
"K",246,"M","K246M",0.240579678692105
"K",246,"N","K246N",-0.254411486488838
"K",246,"P","K246P",-0.695634610302384
"K",246,"Q","K246Q",0.226455248506295
"K",246,"R","K246R",-0.743637430806118
"K",246,"S","K246S",0.817343332461699
"K",246,"T","K246T",0.0958304340253039
"K",246,"V","K246V",0.0638522070467598
"K",246,"W","K246W",-0.360205150618922
"K",246,"Y","K246Y",-0.0377885494087492
"P",247,"A","P247A",-0.649144759024123
"P",247,"C","P247C",0.418357959649184
"P",247,"D","P247D",-1.10870295990861
"P",247,"E","P247E",0.939455193310595
"P",247,"F","P247F",2.52651139701889
"P",247,"G","P247G",0.929092998308304
"P",247,"H","P247H",1.74897524452834
"P",247,"I","P247I",0.306166316499002
"P",247,"K","P247K",0.409622128013403
"P",247,"L","P247L",-0.898202526789296
"P",247,"M","P247M",1.88362827332161
"P",247,"N","P247N",-0.964647310777126
"P",247,"Q","P247Q",2.42477100837512
"P",247,"R","P247R",0.1897787017331
"P",247,"S","P247S",0.0680716448087154
"P",247,"T","P247T",-0.645112331691438
"P",247,"V","P247V",1.53508299041633
"P",247,"W","P247W",1.80192105745011
"P",247,"Y","P247Y",-1.04823250606568
"K",248,"A","K248A",0.829191358799235
"K",248,"C","K248C",-0.382133563638054
"K",248,"D","K248D",-0.0355100077433889
"K",248,"E","K248E",0.748219713894893
"K",248,"F","K248F",-0.889680616019833
"K",248,"G","K248G",0.644057361953095
"K",248,"H","K248H",0.618151366074655
"K",248,"I","K248I",0.566314130238206
"K",248,"L","K248L",0.818546882799557
"K",248,"M","K248M",-0.810142955137233
"K",248,"N","K248N",-0.452016857984258
"K",248,"P","K248P",-0.0167770295386555
"K",248,"Q","K248Q",1.01126936471693
"K",248,"R","K248R",0.757166477600589
"K",248,"S","K248S",0.427372769683515
"K",248,"T","K248T",0.401267119304326
"K",248,"V","K248V",-0.331022447490206
"K",248,"W","K248W",0.311466502921246
"K",248,"Y","K248Y",1.60114679548805
"D",249,"A","D249A",-0.0197500128045698
"D",249,"C","D249C",-0.184763197422101
"D",249,"E","D249E",-1.33732196938631
"D",249,"F","D249F",-0.164335213375842
"D",249,"G","D249G",-0.333437039098857
"D",249,"H","D249H",0.0955589887885115
"D",249,"I","D249I",0.44354530600379
"D",249,"K","D249K",-0.451790000002946
"D",249,"L","D249L",0.220421848958451
"D",249,"M","D249M",0.572567304404676
"D",249,"N","D249N",-1.00373194318229
"D",249,"P","D249P",0.279409668458787
"D",249,"Q","D249Q",0.0620118813657135
"D",249,"R","D249R",-0.494342145658161
"D",249,"S","D249S",-0.131856592363672
"D",249,"T","D249T",0.943087491684015
"D",249,"V","D249V",0.304017161041028
"D",249,"W","D249W",0.165981555765415
"D",249,"Y","D249Y",-0.325930290633126
"T",250,"A","T250A",-0.897140320031428
"T",250,"C","T250C",-0.834572356355777
"T",250,"D","T250D",-1.58152725257389
"T",250,"E","T250E",0.257666758987599
"T",250,"F","T250F",-0.222654272817428
"T",250,"G","T250G",-0.535506875442002
"T",250,"H","T250H",-2.36371440998588
"T",250,"I","T250I",-0.128425230632788
"T",250,"K","T250K",0.706664010472478
"T",250,"L","T250L",-0.066084919536949
"T",250,"M","T250M",-0.179274867825864
"T",250,"N","T250N",-1.08560073103222
"T",250,"P","T250P",-0.946040650725882
"T",250,"Q","T250Q",0.329469325310824
"T",250,"R","T250R",0.980614721271982
"T",250,"S","T250S",-0.0280334413768592
"T",250,"V","T250V",-0.67138617500614
"T",250,"W","T250W",1.7778224194708
"T",250,"Y","T250Y",2.42579667400649
"L",251,"A","L251A",-0.129346599453329
"L",251,"C","L251C",0.249696566326653
"L",251,"D","L251D",0.825463478102469
"L",251,"E","L251E",2.13774677674873
"L",251,"F","L251F",0.453671314427652
"L",251,"G","L251G",-0.40672749431882
"L",251,"H","L251H",0.551372291581248
"L",251,"I","L251I",0.385260913731177
"L",251,"K","L251K",1.04251224168822
"L",251,"M","L251M",-2.42124696600957
"L",251,"N","L251N",0.383590645017529
"L",251,"P","L251P",-0.0504069358823832
"L",251,"Q","L251Q",0.97195762155713
"L",251,"R","L251R",2.95297238739635
"L",251,"S","L251S",-1.33787963343664
"L",251,"T","L251T",-1.35426335241408
"L",251,"V","L251V",-0.0211719665225024
"L",251,"W","L251W",0.113176502676929
"L",251,"Y","L251Y",-0.458022844372714
"M",252,"A","M252A",0.202367885354601
"M",252,"C","M252C",-1.44436150387754
"M",252,"D","M252D",-0.266481482231036
"M",252,"E","M252E",-0.239498767177544
"M",252,"F","M252F",-0.739274874314134
"M",252,"G","M252G",-0.168849162940683
"M",252,"H","M252H",0.39264391936976
"M",252,"I","M252I",-0.139257196965231
"M",252,"K","M252K",-0.844882477929197
"M",252,"L","M252L",1.04638406091443
"M",252,"N","M252N",-0.39286435898686
"M",252,"P","M252P",-0.124939156526665
"M",252,"Q","M252Q",2.1257050810509
"M",252,"R","M252R",-0.284369331352109
"M",252,"S","M252S",0.256414684938531
"M",252,"T","M252T",1.02119413616653
"M",252,"V","M252V",-0.82053025993694
"M",252,"W","M252W",-0.594843015878621
"M",252,"Y","M252Y",-2.03860424332457
"I",253,"A","I253A",-0.8687082870709
"I",253,"C","I253C",-0.404470626113282
"I",253,"D","I253D",-0.33367691962783
"I",253,"E","I253E",0.234557030545459
"I",253,"F","I253F",-1.50282882482806
"I",253,"G","I253G",-0.555692743722649
"I",253,"H","I253H",0.924333969752726
"I",253,"K","I253K",0.768221636452793
"I",253,"L","I253L",-0.676794064476671
"I",253,"M","I253M",-0.474703956296448
"I",253,"N","I253N",-0.50275277184183
"I",253,"P","I253P",-0.0340978005756835
"I",253,"Q","I253Q",-1.08658963392108
"I",253,"R","I253R",-0.354763415009769
"I",253,"S","I253S",-0.522074942097983
"I",253,"T","I253T",0.583125099755148
"I",253,"V","I253V",-0.489277349864504
"I",253,"W","I253W",-0.0990516739572008
"I",253,"Y","I253Y",-0.104344318572615
"S",254,"A","S254A",-0.83399290448617
"S",254,"C","S254C",0.22456742712852
"S",254,"D","S254D",-0.076581579296667
"S",254,"E","S254E",-0.33701826917364
"S",254,"F","S254F",0.156211741817537
"S",254,"G","S254G",0.272621248308201
"S",254,"H","S254H",-1.72637349475142
"S",254,"I","S254I",0.154243161814664
"S",254,"K","S254K",-0.750294694982414
"S",254,"L","S254L",-0.555653276225912
"S",254,"M","S254M",-0.884161065821199
"S",254,"N","S254N",0.918925824050001
"S",254,"P","S254P",-1.94091210262307
"S",254,"Q","S254Q",-1.31343117264962
"S",254,"R","S254R",-1.61957920530866
"S",254,"T","S254T",-0.427326973057287
"S",254,"V","S254V",0.627249449697161
"S",254,"W","S254W",0.45732940902252
"S",254,"Y","S254Y",0.276513455298877
"R",255,"A","R255A",-0.3009799940451
"R",255,"C","R255C",-0.287445625648141
"R",255,"D","R255D",-0.404999378496084
"R",255,"E","R255E",-1.57954257882134
"R",255,"F","R255F",0.313404864428922
"R",255,"G","R255G",0.159961848930512
"R",255,"H","R255H",0.330441354251199
"R",255,"I","R255I",-0.312158516036903
"R",255,"K","R255K",0.0108390730824908
"R",255,"L","R255L",-0.533243969189303
"R",255,"M","R255M",0.71305317755899
"R",255,"N","R255N",-0.0656525333737012
"R",255,"P","R255P",0.0710263350127783
"R",255,"Q","R255Q",-1.49002459443994
"R",255,"S","R255S",0.519512185375543
"R",255,"T","R255T",-0.449096682689544
"R",255,"V","R255V",-0.195923650304869
"R",255,"W","R255W",-0.813253974601085
"R",255,"Y","R255Y",-0.00876304588604128
"T",256,"A","T256A",-1.49189471819257
"T",256,"C","T256C",-0.700677049767294
"T",256,"D","T256D",-1.91928671915451
"T",256,"E","T256E",0.288099928306314
"T",256,"F","T256F",-0.468594664927993
"T",256,"G","T256G",0.503898031531836
"T",256,"H","T256H",-0.374505879706699
"T",256,"I","T256I",-0.630802781980243
"T",256,"K","T256K",0.0884718285532191
"T",256,"L","T256L",0.0519478606869155
"T",256,"M","T256M",-0.297586101777092
"T",256,"N","T256N",0.121767582135879
"T",256,"P","T256P",-2.10387327342915
"T",256,"Q","T256Q",-0.427915588935668
"T",256,"R","T256R",0.309465043611143
"T",256,"S","T256S",-1.06488236057551
"T",256,"V","T256V",1.4814159751166
"T",256,"W","T256W",0.0932705969341942
"T",256,"Y","T256Y",0.0349568237487187
"P",257,"A","P257A",0.0589693274180056
"P",257,"C","P257C",0.370253418175766
"P",257,"D","P257D",-0.173451928081762
"P",257,"E","P257E",1.36600503315251
"P",257,"F","P257F",0.253236269656557
"P",257,"G","P257G",0.413192324188349
"P",257,"H","P257H",-1.46451596791467
"P",257,"I","P257I",0.163590593312756
"P",257,"K","P257K",0.108902131759528
"P",257,"L","P257L",-0.165360656751184
"P",257,"M","P257M",-0.11604487356279
"P",257,"N","P257N",0.464785871267642
"P",257,"Q","P257Q",-0.79924982366683
"P",257,"R","P257R",0.371296735202072
"P",257,"S","P257S",-0.33056382581239
"P",257,"T","P257T",0.235540775416064
"P",257,"V","P257V",-0.85486376712151
"P",257,"W","P257W",0.692510692201874
"P",257,"Y","P257Y",0.552691460068998
"E",258,"A","E258A",-0.326738067861356
"E",258,"C","E258C",0.0186795710806773
"E",258,"D","E258D",0.00688049117976563
"E",258,"F","E258F",-1.11450055642488
"E",258,"G","E258G",-0.0946469914307582
"E",258,"H","E258H",0.530038736952262
"E",258,"I","E258I",-0.756938574576994
"E",258,"K","E258K",-0.548127745336179
"E",258,"L","E258L",-0.478159435617949
"E",258,"M","E258M",-0.555235496122977
"E",258,"N","E258N",-0.64589563893951
"E",258,"P","E258P",1.24854007452202
"E",258,"Q","E258Q",-0.766313781526005
"E",258,"R","E258R",-2.31669623273968
"E",258,"S","E258S",-0.235908629844071
"E",258,"T","E258T",-0.397356915246363
"E",258,"V","E258V",1.31167806422326
"E",258,"W","E258W",-0.981417066837374
"E",258,"Y","E258Y",-0.0253991140871674
"V",259,"A","V259A",0.212797935783502
"V",259,"C","V259C",0.79440306585787
"V",259,"D","V259D",0.62142242941033
"V",259,"E","V259E",0.422698136744335
"V",259,"F","V259F",0.501615448411636
"V",259,"G","V259G",0.429219305354588
"V",259,"H","V259H",-0.217466274927813
"V",259,"I","V259I",0.238136417479074
"V",259,"K","V259K",0.570245745847394
"V",259,"L","V259L",0.672240536933407
"V",259,"M","V259M",-0.336304180107169
"V",259,"N","V259N",-0.224076228777462
"V",259,"P","V259P",-0.0246407265332202
"V",259,"Q","V259Q",0.157224268185669
"V",259,"R","V259R",-0.246226855113333
"V",259,"S","V259S",-0.353850585327014
"V",259,"T","V259T",0.592149827738001
"V",259,"W","V259W",0.821767963826989
"V",259,"Y","V259Y",0.0560067905684093
"T",260,"A","T260A",-0.295003355667805
"T",260,"C","T260C",-0.832084625949626
"T",260,"D","T260D",-0.363984878992664
"T",260,"E","T260E",0.105087679143026
"T",260,"F","T260F",0.429367368606089
"T",260,"G","T260G",0.130952457939112
"T",260,"H","T260H",0.398412556578631
"T",260,"I","T260I",1.32444056978237
"T",260,"K","T260K",-0.184302591326625
"T",260,"L","T260L",0.0413714967225453
"T",260,"M","T260M",0.711912609095816
"T",260,"N","T260N",-0.102454117527096
"T",260,"P","T260P",0.481102455479955
"T",260,"Q","T260Q",-0.64775143092911
"T",260,"R","T260R",-0.0344827688234838
"T",260,"S","T260S",-0.0998647129270689
"T",260,"V","T260V",-0.0771753201716287
"T",260,"W","T260W",-0.990785146855829
"T",260,"Y","T260Y",-0.120990618190719
"C",261,"A","C261A",0.359612531563643
"C",261,"D","C261D",0.474465172630899
"C",261,"E","C261E",1.02987510922579
"C",261,"F","C261F",-0.707516378263638
"C",261,"G","C261G",0.426627463862702
"C",261,"H","C261H",1.15951491279941
"C",261,"I","C261I",-0.139274118635654
"C",261,"K","C261K",-0.57555833376562
"C",261,"L","C261L",0.648303167190863
"C",261,"M","C261M",0.277197649637829
"C",261,"N","C261N",-0.254830276475885
"C",261,"P","C261P",-0.097570967484677
"C",261,"Q","C261Q",0.620395731397959
"C",261,"R","C261R",-1.08019943048492
"C",261,"S","C261S",0.0459372756700512
"C",261,"T","C261T",0.0121841028740565
"C",261,"V","C261V",-0.439737895347307
"C",261,"W","C261W",0.373887789784507
"C",261,"Y","C261Y",-1.03370763451959
"V",262,"A","V262A",-1.30452088563304
"V",262,"C","V262C",-0.728121695237114
"V",262,"D","V262D",-2.5284988060916
"V",262,"E","V262E",-0.0746442866288915
"V",262,"F","V262F",0.0522646151036713
"V",262,"G","V262G",-0.91967367640639
"V",262,"H","V262H",-0.800867457136421
"V",262,"I","V262I",-0.118116873023929
"V",262,"K","V262K",-0.820988866338737
"V",262,"L","V262L",-1.67839178361116
"V",262,"M","V262M",-0.0856388064999055
"V",262,"N","V262N",-0.404846678229666
"V",262,"P","V262P",0.880677464182624
"V",262,"Q","V262Q",-0.155148506939023
"V",262,"R","V262R",-0.671176916092391
"V",262,"S","V262S",0.989550885938195
"V",262,"T","V262T",0.219142313971653
"V",262,"W","V262W",-0.186464761886608
"V",262,"Y","V262Y",0.341465386876454
"V",263,"A","V263A",-1.87396261308377
"V",263,"C","V263C",-0.238802311264526
"V",263,"D","V263D",0.616825550088785
"V",263,"E","V263E",0.890200567277533
"V",263,"F","V263F",-0.563918552193055
"V",263,"G","V263G",-0.250538538099686
"V",263,"H","V263H",-0.730237102522438
"V",263,"I","V263I",1.17453189387934
"V",263,"K","V263K",2.26741196238456
"V",263,"L","V263L",2.20069089052898
"V",263,"M","V263M",2.14970415808394
"V",263,"N","V263N",0.0795898794014666
"V",263,"P","V263P",-1.0921798697202
"V",263,"Q","V263Q",0.35849484190012
"V",263,"R","V263R",-0.568712628138318
"V",263,"S","V263S",-1.48332632176581
"V",263,"T","V263T",-0.12515680089454
"V",263,"W","V263W",0.654098131534557
"V",263,"Y","V263Y",1.00797912873062
"V",264,"A","V264A",-0.0508139356136775
"V",264,"C","V264C",0.378440691368594
"V",264,"D","V264D",0.0579462306160969
"V",264,"E","V264E",-2.74075323585472
"V",264,"F","V264F",-1.06761559880605
"V",264,"G","V264G",1.26617608023345
"V",264,"H","V264H",-2.31209891194954
"V",264,"I","V264I",-1.07170040260203
"V",264,"K","V264K",2.25036188964225
"V",264,"L","V264L",-0.305517809219942
"V",264,"M","V264M",-0.454246246119762
"V",264,"N","V264N",0.275882849505842
"V",264,"P","V264P",1.71226451066137
"V",264,"Q","V264Q",0.31820703409418
"V",264,"R","V264R",-0.421350745081076
"V",264,"S","V264S",0.355187385167115
"V",264,"T","V264T",1.98367212118867
"V",264,"W","V264W",0.38486438186585
"V",264,"Y","V264Y",-0.504513652705917
"D",265,"A","D265A",2.2028405227785
"D",265,"C","D265C",0.818990584887282
"D",265,"E","D265E",-0.619664173349695
"D",265,"F","D265F",-0.338207465493686
"D",265,"G","D265G",-0.355602581129093
"D",265,"H","D265H",1.12278221226631
"D",265,"I","D265I",-0.0333410519544429
"D",265,"K","D265K",-0.171470781583488
"D",265,"L","D265L",0.871033606504481
"D",265,"M","D265M",1.44306520631004
"D",265,"N","D265N",0.573587896995156
"D",265,"P","D265P",1.19085911808197
"D",265,"Q","D265Q",2.68286085397897
"D",265,"R","D265R",0.455544679135908
"D",265,"S","D265S",-0.528764635617304
"D",265,"T","D265T",-1.43490683339561
"D",265,"V","D265V",3.77575132129855
"D",265,"W","D265W",0.999621869294076
"D",265,"Y","D265Y",1.13395535742069
"V",266,"A","V266A",-1.15284323579275
"V",266,"C","V266C",-0.501083297742054
"V",266,"D","V266D",-1.24948621107445
"V",266,"E","V266E",0.649281591860505
"V",266,"F","V266F",-1.13783576861084
"V",266,"G","V266G",0.774265112070972
"V",266,"H","V266H",1.78559347377008
"V",266,"I","V266I",0.772389521153618
"V",266,"K","V266K",0.314332752616542
"V",266,"L","V266L",-0.988797200507602
"V",266,"M","V266M",1.16594688797351
"V",266,"N","V266N",-0.377802507725542
"V",266,"P","V266P",0.808369586110172
"V",266,"Q","V266Q",0.429899938688859
"V",266,"R","V266R",-0.390154538242444
"V",266,"S","V266S",-0.904620526473233
"V",266,"T","V266T",0.753946688503876
"V",266,"W","V266W",-0.359966092110753
"V",266,"Y","V266Y",2.0318196036484
"S",267,"A","S267A",0.141136428898243
"S",267,"C","S267C",1.92247012774452
"S",267,"D","S267D",1.60389041654613
"S",267,"E","S267E",3.90463802258152
"S",267,"F","S267F",1.06686722779841
"S",267,"G","S267G",-1.08611906981749
"S",267,"H","S267H",1.56707495905307
"S",267,"I","S267I",3.88133584792201
"S",267,"K","S267K",2.28834000994069
"S",267,"L","S267L",1.71131035770924
"S",267,"M","S267M",8.58084575437139
"S",267,"N","S267N",0.994274564017534
"S",267,"P","S267P",1.47596886646936
"S",267,"Q","S267Q",6.29319928385519
"S",267,"R","S267R",0.122273184082551
"S",267,"T","S267T",2.10506720103676
"S",267,"V","S267V",4.31625704964801
"S",267,"W","S267W",2.02685918909616
"S",267,"Y","S267Y",2.05545165639471
"H",268,"A","H268A",0.0940498908309488
"H",268,"C","H268C",-0.536875430334054
"H",268,"D","H268D",0.95838710628997
"H",268,"E","H268E",-0.0590563540142791
"H",268,"F","H268F",0.0493838854046759
"H",268,"G","H268G",1.55242575335738
"H",268,"I","H268I",-0.756274953101072
"H",268,"K","H268K",-1.05992019151716
"H",268,"L","H268L",-1.57795074466429
"H",268,"M","H268M",-1.14500686484167
"H",268,"N","H268N",1.35058250902181
"H",268,"P","H268P",-0.0199911845017051
"H",268,"Q","H268Q",0.504506901388838
"H",268,"R","H268R",-1.40930864733093
"H",268,"S","H268S",2.63573535641309
"H",268,"T","H268T",0.38535684688732
"H",268,"V","H268V",0.119610059730312
"H",268,"W","H268W",-0.100855852608505
"H",268,"Y","H268Y",0.00900179733379819
"E",269,"A","E269A",-0.163468911902303
"E",269,"C","E269C",0.34866722423751
"E",269,"D","E269D",0.438584786082997
"E",269,"F","E269F",0.685783618592357
"E",269,"G","E269G",-0.82075609655345
"E",269,"H","E269H",1.28052406657704
"E",269,"I","E269I",0.336581959099081
"E",269,"K","E269K",0.0303871047473356
"E",269,"L","E269L",-0.720882242827839
"E",269,"M","E269M",1.84248111244427
"E",269,"N","E269N",2.00152292663876
"E",269,"P","E269P",-0.995089982014136
"E",269,"Q","E269Q",1.39232920726088
"E",269,"R","E269R",1.50917907296922
"E",269,"S","E269S",-0.7661935098851
"E",269,"T","E269T",-2.1457582467582
"E",269,"V","E269V",1.89255417890956
"E",269,"W","E269W",0.497697996111475
"E",269,"Y","E269Y",0.731014864606037
"D",270,"A","D270A",0.298903527097497
"D",270,"C","D270C",-0.0332631471736012
"D",270,"E","D270E",-0.869941277922985
"D",270,"F","D270F",1.5009835451873
"D",270,"G","D270G",1.57253712618251
"D",270,"H","D270H",0.497583088658716
"D",270,"I","D270I",0.370802198009613
"D",270,"K","D270K",0.209410791086629
"D",270,"L","D270L",0.155154241283236
"D",270,"M","D270M",-0.257556813973307
"D",270,"N","D270N",2.91497218167551
"D",270,"P","D270P",-0.447577194950743
"D",270,"Q","D270Q",0.982406408825073
"D",270,"R","D270R",0.928027981269051
"D",270,"S","D270S",0.701165356354021
"D",270,"T","D270T",0.483191947252538
"D",270,"V","D270V",-0.267594595335875
"D",270,"W","D270W",0.706825182691678
"D",270,"Y","D270Y",-0.158602915790988
"P",271,"A","P271A",0.501111006444664
"P",271,"C","P271C",1.27530627888049
"P",271,"D","P271D",1.474540516264
"P",271,"E","P271E",1.58827732785266
"P",271,"F","P271F",-0.484435254234644
"P",271,"G","P271G",1.15110365696345
"P",271,"H","P271H",-1.04353074290575
"P",271,"I","P271I",0.190513410449911
"P",271,"K","P271K",-0.599033356207147
"P",271,"L","P271L",0.41573300959129
"P",271,"M","P271M",0.476952725929506
"P",271,"N","P271N",0.943145390648878
"P",271,"Q","P271Q",-0.226898139689382
"P",271,"R","P271R",0.0838323713834238
"P",271,"S","P271S",0.675949004154237
"P",271,"T","P271T",1.40910779818202
"P",271,"V","P271V",-0.886843989881182
"P",271,"W","P271W",-0.523397923999596
"P",271,"Y","P271Y",-0.421767970979872
"E",272,"A","E272A",0.187139828966241
"E",272,"C","E272C",0.410665445705911
"E",272,"D","E272D",-0.769146368672648
"E",272,"F","E272F",-2.1372991200249
"E",272,"G","E272G",-1.85760995631609
"E",272,"I","E272I",0.539616168505267
"E",272,"K","E272K",-0.0253403241013589
"E",272,"L","E272L",0.0142104493841654
"E",272,"M","E272M",-0.774311759913699
"E",272,"N","E272N",-1.06776848912197
"E",272,"P","E272P",2.32739605940954
"E",272,"Q","E272Q",0.362330082535739
"E",272,"R","E272R",0.0554429256564267
"E",272,"S","E272S",0.00323786138189435
"E",272,"T","E272T",0.523926271742639
"E",272,"V","E272V",0.68629866862343
"E",272,"W","E272W",-2.49281254956134
"E",272,"Y","E272Y",-2.07609066977919
"V",273,"A","V273A",1.32486870709815
"V",273,"C","V273C",2.26333343267655
"V",273,"D","V273D",1.73510685900616
"V",273,"E","V273E",4.99256368571796
"V",273,"F","V273F",2.30318109481705
"V",273,"G","V273G",1.44912565808205
"V",273,"H","V273H",2.13928449661866
"V",273,"I","V273I",2.35918070090976
"V",273,"K","V273K",1.96253557592335
"V",273,"L","V273L",2.18025638765734
"V",273,"M","V273M",0.0706445979266584
"V",273,"N","V273N",2.7233563742359
"V",273,"P","V273P",1.43071788220315
"V",273,"Q","V273Q",2.82892698488829
"V",273,"R","V273R",-0.394047392222594
"V",273,"S","V273S",1.83428102518451
"V",273,"T","V273T",1.41778209136042
"V",273,"W","V273W",0.455480405085942
"V",273,"Y","V273Y",2.20841259408635
"K",274,"A","K274A",0.147070419180327
"K",274,"C","K274C",-0.239389646483928
"K",274,"D","K274D",-0.408428570934296
"K",274,"E","K274E",-0.49188095589142
"K",274,"F","K274F",-0.113205625023468
"K",274,"G","K274G",-0.167788878306303
"K",274,"H","K274H",-1.39799909839633
"K",274,"I","K274I",-0.489259440768276
"K",274,"L","K274L",-0.266519876097586
"K",274,"M","K274M",-0.564509785990985
"K",274,"N","K274N",-0.333296958401202
"K",274,"P","K274P",0.403598507911067
"K",274,"Q","K274Q",0.507857973801016
"K",274,"R","K274R",0.415570383285389
"K",274,"S","K274S",-0.520896107295256
"K",274,"T","K274T",-0.00453819750718571
"K",274,"V","K274V",0.983900069197434
"K",274,"W","K274W",-0.271005124947359
"K",274,"Y","K274Y",-1.50708245480631
"F",275,"A","F275A",2.66433093096845
"F",275,"C","F275C",1.72749183056797
"F",275,"D","F275D",0.592014440072618
"F",275,"E","F275E",0.190906481937032
"F",275,"G","F275G",0.140542621922761
"F",275,"H","F275H",-0.125870980724702
"F",275,"I","F275I",0.300786730936101
"F",275,"K","F275K",-0.122930673448521
"F",275,"L","F275L",-0.0266401104000857
"F",275,"M","F275M",0.687590710232762
"F",275,"N","F275N",0.548670061421338
"F",275,"P","F275P",2.88383928289562
"F",275,"Q","F275Q",-0.101429970873766
"F",275,"R","F275R",-1.02004486579382
"F",275,"S","F275S",-0.212285084561115
"F",275,"T","F275T",0.772690522905694
"F",275,"V","F275V",2.34626065968092
"F",275,"W","F275W",-0.23778009493846
"F",275,"Y","F275Y",-0.204965658067495
"N",276,"A","N276A",-0.232924249039711
"N",276,"C","N276C",-0.184492417152979
"N",276,"D","N276D",-0.280086447634192
"N",276,"E","N276E",0.407131544428147
"N",276,"F","N276F",0.641191639404074
"N",276,"G","N276G",-0.487749038546671
"N",276,"H","N276H",-0.248639557072591
"N",276,"I","N276I",-0.241934901727356
"N",276,"K","N276K",-0.27487397747458
"N",276,"L","N276L",0.392607785777592
"N",276,"M","N276M",0.133811504210186
"N",276,"P","N276P",1.02081191715012
"N",276,"Q","N276Q",0.629501082645607
"N",276,"R","N276R",-0.420236000008578
"N",276,"S","N276S",-0.750944846691917
"N",276,"T","N276T",0.344574621898375
"N",276,"V","N276V",-0.513410898035784
"N",276,"W","N276W",0.0893626498612768
"N",276,"Y","N276Y",-0.178734533922916
"W",277,"A","W277A",0.560665092774609
"W",277,"C","W277C",-0.138319029764214
"W",277,"D","W277D",0.539670083601381
"W",277,"E","W277E",0.457902014151392
"W",277,"F","W277F",-0.0127116130391758
"W",277,"G","W277G",0.0136132459786676
"W",277,"H","W277H",0.283522207706576
"W",277,"I","W277I",-2.55367030860017
"W",277,"K","W277K",-0.251945436147543
"W",277,"L","W277L",-0.804206557413903
"W",277,"M","W277M",-0.215607636675373
"W",277,"N","W277N",0.00744432880719956
"W",277,"P","W277P",0.48277205601422
"W",277,"Q","W277Q",0.452372746797116
"W",277,"R","W277R",0.140600135498968
"W",277,"S","W277S",-0.309228812739805
"W",277,"T","W277T",0.108128877637963
"W",277,"V","W277V",-0.852238352265811
"W",277,"Y","W277Y",0.234010262421486
"Y",278,"A","Y278A",0.182293843338559
"Y",278,"C","Y278C",-0.01873793644231
"Y",278,"D","Y278D",-0.376593639212373
"Y",278,"E","Y278E",0.684913064122633
"Y",278,"F","Y278F",-1.10126238135826
"Y",278,"G","Y278G",-0.67146827480956
"Y",278,"H","Y278H",0.0127225786730656
"Y",278,"I","Y278I",-0.729142672818299
"Y",278,"K","Y278K",-1.06902348186596
"Y",278,"L","Y278L",0.0274413569193482
"Y",278,"M","Y278M",0.00911785363171504
"Y",278,"N","Y278N",1.10186281174317
"Y",278,"P","Y278P",-0.855805422887501
"Y",278,"Q","Y278Q",0.306440755791919
"Y",278,"R","Y278R",-0.152736487401519
"Y",278,"S","Y278S",0.118620718793068
"Y",278,"T","Y278T",-1.71687764761312
"Y",278,"V","Y278V",-0.0372067544875232
"Y",278,"W","Y278W",-1.23710609439815
"V",279,"A","V279A",-0.86481494312139
"V",279,"C","V279C",-1.36033771899747
"V",279,"D","V279D",-0.753097507997438
"V",279,"E","V279E",0.10289028679657
"V",279,"F","V279F",0.854302487977809
"V",279,"G","V279G",-0.095299969511926
"V",279,"H","V279H",-0.0736674956781669
"V",279,"I","V279I",0.218451870472694
"V",279,"K","V279K",0.299493806181147
"V",279,"L","V279L",-0.872878705186615
"V",279,"M","V279M",0.129311316884792
"V",279,"N","V279N",-0.305543772023226
"V",279,"P","V279P",0.361795851621595
"V",279,"Q","V279Q",-1.04759731515851
"V",279,"R","V279R",-0.410465386295781
"V",279,"S","V279S",-0.531637427661338
"V",279,"T","V279T",-0.601540099030667
"V",279,"W","V279W",0.899498757452517
"V",279,"Y","V279Y",-1.7183730674499
"D",280,"A","D280A",-0.359538003889199
"D",280,"C","D280C",-0.175777582664861
"D",280,"E","D280E",-0.678926637999363
"D",280,"F","D280F",0.328861674099873
"D",280,"G","D280G",-0.305765164609605
"D",280,"H","D280H",-1.25009858188785
"D",280,"I","D280I",-1.16317925032681
"D",280,"K","D280K",-0.448846342197179
"D",280,"L","D280L",-0.377465047650358
"D",280,"M","D280M",0.531673058353461
"D",280,"N","D280N",-0.420750098436927
"D",280,"P","D280P",0.141485660338163
"D",280,"Q","D280Q",-0.545842068086919
"D",280,"R","D280R",0.237218130987763
"D",280,"S","D280S",0.218779883799186
"D",280,"T","D280T",-0.00815955420321846
"D",280,"V","D280V",-0.619024673492562
"D",280,"W","D280W",-1.0079482041637
"D",280,"Y","D280Y",-0.212794249153554
"G",281,"A","G281A",-0.508243974359272
"G",281,"C","G281C",1.06712619101543
"G",281,"D","G281D",-0.129525871239186
"G",281,"E","G281E",-0.0733929664045778
"G",281,"F","G281F",-0.136971592793257
"G",281,"H","G281H",0.240392566490797
"G",281,"I","G281I",0.00358786949361285
"G",281,"K","G281K",-0.375073885107392
"G",281,"L","G281L",0.0305116661590879
"G",281,"M","G281M",-0.264084660274044
"G",281,"N","G281N",-1.14471189719051
"G",281,"P","G281P",0.541310976239956
"G",281,"Q","G281Q",0.146606513524199
"G",281,"R","G281R",-0.0248898245148743
"G",281,"S","G281S",0.380360533462837
"G",281,"T","G281T",-0.875867985587799
"G",281,"V","G281V",-1.55262929820044
"G",281,"W","G281W",0.0190438536770561
"G",281,"Y","G281Y",-0.686313692490649
"V",282,"A","V282A",-1.36186841352821
"V",282,"C","V282C",-0.295364394466156
"V",282,"D","V282D",-1.08056927806865
"V",282,"E","V282E",0.399278925648692
"V",282,"F","V282F",0.194648378399074
"V",282,"G","V282G",-0.170033204866006
"V",282,"H","V282H",-0.446297598653875
"V",282,"I","V282I",-0.22365932898996
"V",282,"K","V282K",0.262216191573827
"V",282,"L","V282L",-0.0307666828130497
"V",282,"M","V282M",0.327468809158644
"V",282,"N","V282N",-1.16056345969227
"V",282,"P","V282P",0.361019353177603
"V",282,"Q","V282Q",-0.387507194254423
"V",282,"R","V282R",-1.38591298802531
"V",282,"S","V282S",0.222976933068798
"V",282,"T","V282T",-1.19173226391223
"V",282,"W","V282W",0.363354114333991
"V",282,"Y","V282Y",-0.622546194790163
"E",283,"A","E283A",0.198084816296769
"E",283,"C","E283C",0.7604836852564
"E",283,"D","E283D",-0.235703424508149
"E",283,"F","E283F",0.265756394854898
"E",283,"G","E283G",-0.183265333607334
"E",283,"H","E283H",-2.35686046686525
"E",283,"I","E283I",-0.227970794961073
"E",283,"K","E283K",0.219940859644355
"E",283,"L","E283L",-0.120123486858563
"E",283,"M","E283M",-0.325702794758333
"E",283,"N","E283N",-0.0731109635770958
"E",283,"P","E283P",-1.05866815035627
"E",283,"Q","E283Q",0.0246435970418175
"E",283,"R","E283R",-0.298079530167251
"E",283,"S","E283S",-0.129787099218111
"E",283,"T","E283T",-0.205392998417071
"E",283,"V","E283V",-0.27409223870392
"E",283,"W","E283W",0.527941495753773
"E",283,"Y","E283Y",-0.811603829736711
"V",284,"A","V284A",-1.23776190059479
"V",284,"C","V284C",0.136090233144429
"V",284,"D","V284D",-1.50031517221903
"V",284,"E","V284E",-1.61381289067725
"V",284,"F","V284F",0.187060351053975
"V",284,"G","V284G",-0.22889390925265
"V",284,"H","V284H",0.442844138528429
"V",284,"I","V284I",-0.559161238427202
"V",284,"K","V284K",-0.366755416188563
"V",284,"L","V284L",-0.400167038583311
"V",284,"M","V284M",-0.451487483909183
"V",284,"N","V284N",-0.177317954164333
"V",284,"P","V284P",-0.998928524478178
"V",284,"Q","V284Q",0.0794328361387337
"V",284,"R","V284R",-1.04847228999664
"V",284,"S","V284S",-0.961886680597699
"V",284,"T","V284T",-0.123752017104594
"V",284,"W","V284W",0.285959023743625
"V",284,"Y","V284Y",-0.379473424724168
"H",285,"A","H285A",-0.578061492620053
"H",285,"C","H285C",-0.0057002451612359
"H",285,"D","H285D",-0.799643517637867
"H",285,"E","H285E",-0.926917244448344
"H",285,"F","H285F",-0.212586862282612
"H",285,"G","H285G",-0.732644542529859
"H",285,"I","H285I",-0.36199920255834
"H",285,"K","H285K",-0.17221092790219
"H",285,"L","H285L",0.609428639563087
"H",285,"M","H285M",-0.534813206203204
"H",285,"N","H285N",-0.672737107812578
"H",285,"P","H285P",-0.0991362198913265
"H",285,"Q","H285Q",0.530659162757222
"H",285,"R","H285R",-0.153356592786938
"H",285,"S","H285S",-0.495207159723141
"H",285,"T","H285T",-0.697021851471903
"H",285,"V","H285V",-0.481145897577994
"H",285,"W","H285W",-0.384392501772995
"H",285,"Y","H285Y",-0.148534107205432
"N",286,"A","N286A",-0.935889864851713
"N",286,"C","N286C",0.717037374788935
"N",286,"D","N286D",0.465588281873191
"N",286,"E","N286E",-0.0496782974712913
"N",286,"F","N286F",-0.137577272088141
"N",286,"G","N286G",1.47812481174762
"N",286,"H","N286H",-0.923763054052336
"N",286,"I","N286I",0.166036239556973
"N",286,"K","N286K",1.1524093132055
"N",286,"L","N286L",-0.237924973118761
"N",286,"M","N286M",-0.142791876761588
"N",286,"P","N286P",-0.994229690322717
"N",286,"Q","N286Q",-0.0198370535558811
"N",286,"R","N286R",0.661276555405378
"N",286,"S","N286S",0.269291501780529
"N",286,"T","N286T",-0.160112947083464
"N",286,"V","N286V",0.0868303550800907
"N",286,"W","N286W",0.25126639891551
"N",286,"Y","N286Y",1.25742878911127
"A",287,"C","A287C",0.205815437447306
"A",287,"D","A287D",-0.126699255344616
"A",287,"E","A287E",-1.99278054265798
"A",287,"F","A287F",-1.68743007219866
"A",287,"G","A287G",0.800362621601058
"A",287,"H","A287H",1.0342841701936
"A",287,"I","A287I",1.96786456258648
"A",287,"K","A287K",0.243890890287331
"A",287,"L","A287L",-0.251174215070638
"A",287,"M","A287M",0.0936852058198549
"A",287,"N","A287N",-0.824891734913711
"A",287,"P","A287P",-0.559807584134292
"A",287,"Q","A287Q",0.325025969192998
"A",287,"R","A287R",0.240155348917074
"A",287,"S","A287S",-0.218376730690609
"A",287,"T","A287T",-0.0605295248802642
"A",287,"V","A287V",-0.243836871883421
"A",287,"W","A287W",-0.665189898138908
"A",287,"Y","A287Y",0.437535605400897
"K",288,"A","K288A",-0.62948264116059
"K",288,"C","K288C",0.261903045284565
"K",288,"D","K288D",-0.282742214157647
"K",288,"E","K288E",-0.116920282618584
"K",288,"F","K288F",0.219111578945435
"K",288,"G","K288G",-1.13554548305126
"K",288,"H","K288H",0.412725660697885
"K",288,"I","K288I",-1.00303655606097
"K",288,"L","K288L",0.229350311089384
"K",288,"M","K288M",0.179427474084552
"K",288,"N","K288N",-1.39221320739906
"K",288,"P","K288P",-0.165437975703669
"K",288,"Q","K288Q",0.807437232331071
"K",288,"R","K288R",0.832211337807549
"K",288,"S","K288S",0.142954279235703
"K",288,"T","K288T",-0.266966658651889
"K",288,"V","K288V",-0.525493702134387
"K",288,"W","K288W",-0.370592625514248
"K",288,"Y","K288Y",0.357230974647827
"T",289,"A","T289A",0.414576502850583
"T",289,"C","T289C",-0.850445579525101
"T",289,"D","T289D",-0.246526575242499
"T",289,"E","T289E",-2.8604111582803
"T",289,"F","T289F",-1.44537347440254
"T",289,"G","T289G",0.104536750566294
"T",289,"H","T289H",-0.84298778364457
"T",289,"I","T289I",-0.43571208225943
"T",289,"K","T289K",-0.0769854517549179
"T",289,"L","T289L",-2.07173716143165
"T",289,"M","T289M",-0.490840507905241
"T",289,"N","T289N",0.540796761057688
"T",289,"P","T289P",-1.77821176350088
"T",289,"Q","T289Q",-1.06521536795062
"T",289,"R","T289R",0.716510692358226
"T",289,"S","T289S",-1.31626043866087
"T",289,"V","T289V",-0.225986372878141
"T",289,"W","T289W",-0.725218496783164
"T",289,"Y","T289Y",-0.375163955145667
"K",290,"A","K290A",0.886021705849376
"K",290,"C","K290C",0.509060206547764
"K",290,"D","K290D",1.46031698017757
"K",290,"E","K290E",-0.212783387461459
"K",290,"F","K290F",0.139267923925931
"K",290,"G","K290G",-0.223882295518783
"K",290,"H","K290H",-0.161236049001388
"K",290,"I","K290I",-0.926465669674674
"K",290,"L","K290L",-0.543711302353121
"K",290,"M","K290M",0.0248384404089297
"K",290,"N","K290N",-0.347757248137101
"K",290,"P","K290P",-1.15573949254907
"K",290,"Q","K290Q",0.603959203825477
"K",290,"R","K290R",0.870463138586139
"K",290,"S","K290S",0.535621907571291
"K",290,"T","K290T",1.43286763649345
"K",290,"V","K290V",-1.24306970658419
"K",290,"W","K290W",2.24657870431595
"K",290,"Y","K290Y",0.305616853189995
"P",291,"A","P291A",-0.379415095737634
"P",291,"C","P291C",0.209177334592639
"P",291,"D","P291D",-0.469459470507166
"P",291,"E","P291E",-0.414950174017219
"P",291,"F","P291F",-1.35058419699091
"P",291,"G","P291G",0.0359390029134513
"P",291,"H","P291H",-0.469916376260041
"P",291,"I","P291I",-1.26472322537326
"P",291,"K","P291K",-1.0431048064421
"P",291,"L","P291L",-0.184433750820308
"P",291,"M","P291M",0.183936132686984
"P",291,"N","P291N",0.467836203128035
"P",291,"Q","P291Q",-0.229401414239216
"P",291,"R","P291R",0.012674375995091
"P",291,"S","P291S",-0.0934018411394024
"P",291,"T","P291T",0.0193361633792626
"P",291,"V","P291V",-0.107053441777088
"P",291,"W","P291W",-1.56849808158301
"P",291,"Y","P291Y",-0.484990761858975
"R",292,"A","R292A",-1.08133965675787
"R",292,"C","R292C",-0.838070555894666
"R",292,"D","R292D",-1.82505049923978
"R",292,"E","R292E",-2.38177492381342
"R",292,"F","R292F",-1.52879425894208
"R",292,"G","R292G",-0.4929175850736
"R",292,"H","R292H",0.449470418063252
"R",292,"I","R292I",-1.79383561410689
"R",292,"K","R292K",-0.157290981940164
"R",292,"L","R292L",-1.01378277326833
"R",292,"M","R292M",-0.752374575896869
"R",292,"N","R292N",-0.516908205127821
"R",292,"P","R292P",-1.22125173113161
"R",292,"Q","R292Q",-0.789712324451573
"R",292,"S","R292S",-2.38934783612485
"R",292,"T","R292T",-0.667823517328015
"R",292,"V","R292V",-1.19331739855374
"R",292,"W","R292W",-1.42675418611316
"R",292,"Y","R292Y",-0.243796848426706
"E",293,"A","E293A",-0.148711752544261
"E",293,"C","E293C",0.970087908849784
"E",293,"D","E293D",0.372863495421075
"E",293,"F","E293F",-0.556037964224069
"E",293,"G","E293G",0.0439340774849755
"E",293,"H","E293H",-1.30001591637619
"E",293,"I","E293I",-0.0562794480037701
"E",293,"K","E293K",0.0246632357930336
"E",293,"L","E293L",0.185548676999096
"E",293,"M","E293M",-0.436299049297406
"E",293,"N","E293N",-0.0984051548494606
"E",293,"P","E293P",1.10927285617217
"E",293,"Q","E293Q",0.912403231436376
"E",293,"R","E293R",0.598620034783464
"E",293,"S","E293S",-0.370231550454912
"E",293,"T","E293T",0.517065342947988
"E",293,"V","E293V",0.0612904399668084
"E",293,"W","E293W",-2.16816232226821
"E",293,"Y","E293Y",0.913216296313556
"E",294,"A","E294A",-0.844301231097265
"E",294,"C","E294C",0.851947966091819
"E",294,"D","E294D",-0.797218231619198
"E",294,"F","E294F",-1.49401660425341
"E",294,"G","E294G",-1.43323664815561
"E",294,"H","E294H",-1.64965516557311
"E",294,"I","E294I",-3.5664217554723
"E",294,"K","E294K",-4.38809519685393
"E",294,"L","E294L",-3.71813153128036
"E",294,"M","E294M",-0.280182830981291
"E",294,"N","E294N",-2.76326337736675
"E",294,"P","E294P",-2.39272200693188
"E",294,"Q","E294Q",-1.76611992268515
"E",294,"R","E294R",-2.963729529815
"E",294,"S","E294S",-0.427358265958722
"E",294,"T","E294T",-1.33623845008125
"E",294,"V","E294V",-1.4606379134322
"E",294,"W","E294W",-2.86210510582796
"E",294,"Y","E294Y",-2.30527665574005
"Q",295,"A","Q295A",-0.476909989034691
"Q",295,"C","Q295C",-0.077572842613063
"Q",295,"D","Q295D",0.943985064679093
"Q",295,"E","Q295E",1.05151269657931
"Q",295,"F","Q295F",-0.965969748303482
"Q",295,"G","Q295G",0.0264535925791351
"Q",295,"H","Q295H",-0.224182098036963
"Q",295,"I","Q295I",0.206161031416872
"Q",295,"K","Q295K",-2.371912747231
"Q",295,"L","Q295L",-1.70173655334835
"Q",295,"M","Q295M",-0.13805637961342
"Q",295,"N","Q295N",-1.65841234103642
"Q",295,"P","Q295P",-1.54378382687561
"Q",295,"R","Q295R",-1.5991967440854
"Q",295,"S","Q295S",-0.613821973934597
"Q",295,"T","Q295T",-1.89458982993312
"Q",295,"V","Q295V",0.533924458122384
"Q",295,"W","Q295W",1.34789084325884
"Q",295,"Y","Q295Y",-1.01724695410085
"Y",296,"A","Y296A",-0.215961717280813
"Y",296,"C","Y296C",0.766667914870275
"Y",296,"D","Y296D",0.00228180615798083
"Y",296,"E","Y296E",0.666442274577542
"Y",296,"F","Y296F",-0.266608203087385
"Y",296,"G","Y296G",-0.69499437794649
"Y",296,"H","Y296H",0.551760264088143
"Y",296,"I","Y296I",-1.16240612473417
"Y",296,"K","Y296K",-1.06623044903913
"Y",296,"L","Y296L",-0.833531654063117
"Y",296,"M","Y296M",-0.979047396512523
"Y",296,"N","Y296N",-0.473494799111528
"Y",296,"P","Y296P",2.75176503845155
"Y",296,"Q","Y296Q",-1.95111206855877
"Y",296,"R","Y296R",-1.20908441818601
"Y",296,"S","Y296S",-0.779306708377995
"Y",296,"T","Y296T",1.57161302266543
"Y",296,"V","Y296V",-0.9365749400614
"Y",296,"W","Y296W",0.806051585738097
"N",297,"A","N297A",4.94574190744117
"N",297,"C","N297C",2.32763777193583
"N",297,"D","N297D",-1.45347124898976
"N",297,"E","N297E",2.07066470859939
"N",297,"F","N297F",2.02441152493857
"N",297,"G","N297G",-1.24754114501458
"N",297,"H","N297H",0.630822125781469
"N",297,"I","N297I",-1.00883683521509
"N",297,"K","N297K",0.952701667702751
"N",297,"L","N297L",1.33102344277491
"N",297,"M","N297M",-0.2194353234607
"N",297,"P","N297P",2.05514792187349
"N",297,"Q","N297Q",2.65411464987026
"N",297,"R","N297R",1.40082596143944
"N",297,"S","N297S",0.241746175025974
"N",297,"T","N297T",2.63926761095141
"N",297,"V","N297V",0.726259391928788
"N",297,"W","N297W",-0.475460024836421
"N",297,"Y","N297Y",0.217420121536221
"S",298,"A","S298A",-1.07594150421545
"S",298,"C","S298C",-0.090107834467886
"S",298,"D","S298D",0.7983751271036
"S",298,"E","S298E",1.01051480515432
"S",298,"F","S298F",1.4432966575453
"S",298,"G","S298G",-1.46743659791255
"S",298,"I","S298I",-1.01713044812972
"S",298,"K","S298K",-3.42506338372009
"S",298,"L","S298L",-0.0785760055623231
"S",298,"M","S298M",1.03259997515375
"S",298,"N","S298N",3.46132034912786
"S",298,"P","S298P",0.892513385295786
"S",298,"Q","S298Q",-0.770079596949057
"S",298,"R","S298R",-3.29714800507833
"S",298,"T","S298T",-0.791151722733879
"S",298,"V","S298V",0.984307951235163
"S",298,"W","S298W",0.0817773872374512
"S",298,"Y","S298Y",1.16504943832447
"T",299,"A","T299A",0.661554705369426
"T",299,"C","T299C",-1.07340034394603
"T",299,"D","T299D",0.516007076832131
"T",299,"E","T299E",0.610546613700482
"T",299,"F","T299F",0.853858428117428
"T",299,"G","T299G",1.67633778285012
"T",299,"H","T299H",1.16883002734363
"T",299,"I","T299I",0.714688917199536
"T",299,"K","T299K",0.496741811124165
"T",299,"L","T299L",1.83782841192452
"T",299,"M","T299M",2.870826451094
"T",299,"N","T299N",0.411143951450133
"T",299,"P","T299P",0.951799468744607
"T",299,"Q","T299Q",0.487194683169692
"T",299,"R","T299R",1.83262791423669
"T",299,"S","T299S",-0.624241355204137
"T",299,"V","T299V",2.69035639289663
"T",299,"W","T299W",-0.107918606585404
"T",299,"Y","T299Y",-0.36517569868134
"Y",300,"A","Y300A",-0.822354289947045
"Y",300,"C","Y300C",0.89250394737355
"Y",300,"D","Y300D",0.469447718079363
"Y",300,"E","Y300E",0.46634326501368
"Y",300,"F","Y300F",-0.118653110934742
"Y",300,"G","Y300G",-0.0743506272993326
"Y",300,"H","Y300H",0.538332608059017
"Y",300,"I","Y300I",0.124985048284348
"Y",300,"K","Y300K",-0.676327590655812
"Y",300,"L","Y300L",-0.320013178914355
"Y",300,"M","Y300M",-1.00881185089013
"Y",300,"N","Y300N",-0.0471189742929325
"Y",300,"P","Y300P",0.723593242533322
"Y",300,"Q","Y300Q",1.40160785306482
"Y",300,"R","Y300R",-0.446658091399092
"Y",300,"S","Y300S",-1.41608401137801
"Y",300,"T","Y300T",-0.249333320775046
"Y",300,"V","Y300V",-0.486269008622634
"Y",300,"W","Y300W",-0.417876404132942
"R",301,"A","R301A",0.287379874374755
"R",301,"C","R301C",-0.160604593138992
"R",301,"D","R301D",-1.38619573136688
"R",301,"E","R301E",0.74385045911161
"R",301,"F","R301F",0.501924660813228
"R",301,"G","R301G",-0.465771072966088
"R",301,"H","R301H",-0.313702766572296
"R",301,"I","R301I",0.885407430053608
"R",301,"K","R301K",1.85021460147445
"R",301,"L","R301L",-0.110951051812171
"R",301,"M","R301M",0.730480022678718
"R",301,"N","R301N",-0.873244616469113
"R",301,"P","R301P",-0.617936670556652
"R",301,"Q","R301Q",0.173007916427476
"R",301,"S","R301S",-0.172735409971136
"R",301,"T","R301T",0.434286287920648
"R",301,"V","R301V",-0.878328894522024
"R",301,"W","R301W",-0.24957682891904
"R",301,"Y","R301Y",-0.263506657414419
"V",302,"A","V302A",0.866554128050568
"V",302,"C","V302C",-0.568039583973456
"V",302,"D","V302D",3.44403080623488
"V",302,"E","V302E",-0.0191264306359259
"V",302,"F","V302F",-1.15868055035727
"V",302,"G","V302G",-0.368874129621238
"V",302,"H","V302H",-0.693420383484716
"V",302,"I","V302I",-0.135219007843809
"V",302,"K","V302K",3.13494226259333
"V",302,"L","V302L",0.419795950587201
"V",302,"M","V302M",-0.515402183436241
"V",302,"N","V302N",0.41327495535585
"V",302,"P","V302P",1.5555000985888
"V",302,"Q","V302Q",0.00988275943855574
"V",302,"R","V302R",1.01982506057663
"V",302,"S","V302S",0.832963708254458
"V",302,"T","V302T",-0.301418178817623
"V",302,"W","V302W",-0.200257691262315
"V",302,"Y","V302Y",-1.07571544312151
"V",303,"A","V303A",0.14996912786146
"V",303,"C","V303C",0.295526614733619
"V",303,"D","V303D",1.40575467087906
"V",303,"E","V303E",0.168633188760869
"V",303,"F","V303F",0.302445359024266
"V",303,"G","V303G",-0.4769913462187
"V",303,"H","V303H",0.519097137562616
"V",303,"I","V303I",-1.02289872299728
"V",303,"K","V303K",-0.280292444541683
"V",303,"L","V303L",0.95402722706334
"V",303,"M","V303M",0.654066562274284
"V",303,"N","V303N",0.222192686775277
"V",303,"P","V303P",-0.697514093610823
"V",303,"Q","V303Q",-0.494040035010441
"V",303,"R","V303R",-0.413390888346505
"V",303,"S","V303S",0.661710207529605
"V",303,"T","V303T",-0.266389211866114
"V",303,"W","V303W",-1.4658797654047
"V",303,"Y","V303Y",0.777996156104263
"S",304,"A","S304A",-1.11671520213217
"S",304,"C","S304C",-1.2576727395962
"S",304,"D","S304D",-1.38136503204968
"S",304,"E","S304E",-0.984049165132113
"S",304,"F","S304F",-0.604950346181176
"S",304,"G","S304G",-1.31658086382267
"S",304,"H","S304H",-1.09202433089975
"S",304,"I","S304I",-1.2577087378757
"S",304,"K","S304K",-0.196331613049988
"S",304,"L","S304L",-0.984684321929468
"S",304,"M","S304M",0.667025513882048
"S",304,"N","S304N",-0.990200679971501
"S",304,"P","S304P",-0.84241215179844
"S",304,"Q","S304Q",-2.40412890285142
"S",304,"R","S304R",-0.758073201700728
"S",304,"T","S304T",-0.252396389707727
"S",304,"V","S304V",-1.09388833105214
"S",304,"W","S304W",1.33831103321049
"S",304,"Y","S304Y",1.1007702362577
"V",305,"A","V305A",0.415984401057527
"V",305,"C","V305C",-0.610729123330501
"V",305,"D","V305D",0.275669288790907
"V",305,"E","V305E",-0.0290063951381819
"V",305,"F","V305F",0.290820312455326
"V",305,"G","V305G",0.659784416783563
"V",305,"H","V305H",-0.485938911467407
"V",305,"I","V305I",0.974482658957541
"V",305,"K","V305K",0.857423539963516
"V",305,"L","V305L",-0.0797401626209662
"V",305,"M","V305M",1.44972808223508
"V",305,"N","V305N",0.937657752329507
"V",305,"P","V305P",-0.55068420958882
"V",305,"Q","V305Q",-1.06457629048926
"V",305,"R","V305R",0.246583358194353
"V",305,"S","V305S",-1.37322884771199
"V",305,"T","V305T",-1.08418183168344
"V",305,"W","V305W",-0.90033880860264
"V",305,"Y","V305Y",-0.914599180833175
"L",306,"A","L306A",0.260320998959872
"L",306,"C","L306C",-2.79712319288746
"L",306,"D","L306D",0.487727384717396
"L",306,"E","L306E",0.363384380211863
"L",306,"F","L306F",-0.166617432919683
"L",306,"G","L306G",-0.433618751714763
"L",306,"H","L306H",-0.0564823893043605
"L",306,"I","L306I",-0.358250161236515
"L",306,"K","L306K",0.35155069784675
"L",306,"M","L306M",1.50288068276321
"L",306,"N","L306N",-0.709454509248133
"L",306,"P","L306P",-1.36692401102481
"L",306,"Q","L306Q",-0.260608806223066
"L",306,"R","L306R",1.51244320232991
"L",306,"S","L306S",-0.0768303914819652
"L",306,"T","L306T",-0.282271247272473
"L",306,"V","L306V",-1.2024674034705
"L",306,"W","L306W",-0.938426871987262
"L",306,"Y","L306Y",-0.184541080345348
"T",307,"A","T307A",-0.0195568449607969
"T",307,"C","T307C",-0.341892369869191
"T",307,"D","T307D",-0.905098662473696
"T",307,"E","T307E",-0.393708010917122
"T",307,"F","T307F",0.00383395307458242
"T",307,"G","T307G",-0.338438483038751
"T",307,"H","T307H",0.735445925497845
"T",307,"I","T307I",-0.489328476041863
"T",307,"K","T307K",-0.138737312445265
"T",307,"L","T307L",-0.0106091476638661
"T",307,"M","T307M",0.0915981967549315
"T",307,"N","T307N",0.630318861044135
"T",307,"P","T307P",-0.120440756789429
"T",307,"Q","T307Q",-1.4952955307842
"T",307,"R","T307R",-0.164963405110949
"T",307,"S","T307S",0.579865863554874
"T",307,"V","T307V",0.325419701764609
"T",307,"W","T307W",-0.846562080524146
"T",307,"Y","T307Y",-0.0291488181966611
"V",308,"A","V308A",1.04534031919347
"V",308,"C","V308C",-0.216467261408919
"V",308,"D","V308D",-0.0158417515356853
"V",308,"E","V308E",-1.37457815319105
"V",308,"F","V308F",0.511641003552622
"V",308,"G","V308G",-0.230051867222888
"V",308,"H","V308H",-0.767825188005496
"V",308,"I","V308I",0.306185334313945
"V",308,"K","V308K",-0.0170824984855395
"V",308,"L","V308L",-0.0718002914548063
"V",308,"M","V308M",-1.98442914341865
"V",308,"N","V308N",-0.683230649842778
"V",308,"P","V308P",0.031037883312424
"V",308,"Q","V308Q",-0.353458265763148
"V",308,"R","V308R",0.353820893701367
"V",308,"S","V308S",1.33609558330364
"V",308,"T","V308T",-2.1969806513836
"V",308,"W","V308W",0.440537400379462
"V",308,"Y","V308Y",0.316671910542662
"L",309,"A","L309A",-0.885946661982675
"L",309,"C","L309C",1.35832908766808
"L",309,"D","L309D",-1.44198607024088
"L",309,"E","L309E",-0.569704799999451
"L",309,"F","L309F",0.148320335953728
"L",309,"G","L309G",0.117525162503357
"L",309,"H","L309H",0.111657872812363
"L",309,"I","L309I",-0.478838848511349
"L",309,"K","L309K",0.00272773078829209
"L",309,"M","L309M",0.350077913329035
"L",309,"N","L309N",0.14405275945178
"L",309,"P","L309P",-0.697913287858851
"L",309,"Q","L309Q",0.65852872221211
"L",309,"R","L309R",-0.272601612798037
"L",309,"S","L309S",-1.477751561592
"L",309,"T","L309T",-0.801812453044669
"L",309,"V","L309V",0.187483888668934
"L",309,"W","L309W",-0.196405615053015
"L",309,"Y","L309Y",-0.0273194677892698
"H",310,"A","H310A",0.158850344438442
"H",310,"C","H310C",0.546230699895705
"H",310,"D","H310D",-0.162599644038699
"H",310,"E","H310E",0.690047685591145
"H",310,"F","H310F",-0.859950192717668
"H",310,"G","H310G",-0.0622361149692847
"H",310,"I","H310I",-0.328753800409327
"H",310,"K","H310K",-0.269637039899225
"H",310,"L","H310L",-0.153858880989455
"H",310,"M","H310M",0.707725118340429
"H",310,"N","H310N",0.843061725394154
"H",310,"P","H310P",0.675044565109778
"H",310,"Q","H310Q",0.371471271744496
"H",310,"R","H310R",1.82794032896036
"H",310,"S","H310S",0.262500887337214
"H",310,"T","H310T",0.77056330590642
"H",310,"V","H310V",0.24297153536275
"H",310,"W","H310W",0.0577805419023165
"H",310,"Y","H310Y",0.340863776890844
"Q",311,"A","Q311A",-0.262975357890247
"Q",311,"C","Q311C",0.930081103478606
"Q",311,"D","Q311D",-0.0203633040160855
"Q",311,"E","Q311E",0.336269101733701
"Q",311,"F","Q311F",-0.238623612062549
"Q",311,"G","Q311G",-0.592269007213772
"Q",311,"H","Q311H",-0.0153393331552463
"Q",311,"I","Q311I",0.0183232554922883
"Q",311,"K","Q311K",0.128007926454036
"Q",311,"L","Q311L",0.111659342365434
"Q",311,"M","Q311M",0.362756056093086
"Q",311,"N","Q311N",0.204037360522847
"Q",311,"P","Q311P",0.0124682770551517
"Q",311,"R","Q311R",-0.223541411340037
"Q",311,"S","Q311S",-0.606669567522976
"Q",311,"T","Q311T",0.651285942634346
"Q",311,"V","Q311V",-0.663428375439632
"Q",311,"W","Q311W",0.297812249073597
"Q",311,"Y","Q311Y",0.104064292781712
"D",312,"A","D312A",-0.202440616986664
"D",312,"C","D312C",-0.222090428718285
"D",312,"E","D312E",0.952847624160537
"D",312,"F","D312F",-0.249546625678995
"D",312,"G","D312G",0.200124586464884
"D",312,"H","D312H",0.0266531216727954
"D",312,"I","D312I",-1.42964587144864
"D",312,"K","D312K",-0.882114499094988
"D",312,"L","D312L",0.499387813516786
"D",312,"M","D312M",-0.0475912961373532
"D",312,"N","D312N",-0.0039820361889272
"D",312,"P","D312P",0.26827436472767
"D",312,"Q","D312Q",0.466577266540669
"D",312,"R","D312R",-0.38758358872144
"D",312,"S","D312S",0.603142436151045
"D",312,"T","D312T",-1.13831478371203
"D",312,"V","D312V",-0.847230655763476
"D",312,"W","D312W",0.843028947240414
"D",312,"Y","D312Y",-0.631760508647127
"W",313,"A","W313A",0.186207613463562
"W",313,"C","W313C",-0.690093020763272
"W",313,"D","W313D",0.799928789864021
"W",313,"E","W313E",0.415124003467587
"W",313,"F","W313F",-0.159943366464053
"W",313,"H","W313H",-0.877851464194973
"W",313,"I","W313I",-1.84031983583877
"W",313,"K","W313K",-0.133377482088555
"W",313,"L","W313L",-1.00504321517097
"W",313,"M","W313M",-0.362776143411194
"W",313,"N","W313N",0.476258288022563
"W",313,"P","W313P",0.228364342533353
"W",313,"Q","W313Q",-0.232582598663527
"W",313,"R","W313R",-0.912165873636607
"W",313,"S","W313S",0.604761594440457
"W",313,"T","W313T",-0.0438626996331571
"W",313,"V","W313V",-1.63171098520121
"W",313,"Y","W313Y",0.063040191393617
"L",314,"A","L314A",-1.60532764346956
"L",314,"C","L314C",-1.26567694217973
"L",314,"D","L314D",-1.33874547430454
"L",314,"E","L314E",-0.315264657392375
"L",314,"F","L314F",0.266721645399051
"L",314,"G","L314G",-0.352103557286389
"L",314,"H","L314H",-1.34353217679806
"L",314,"I","L314I",0.819997142518782
"L",314,"K","L314K",-0.0379500225457298
"L",314,"M","L314M",-1.39450026997016
"L",314,"N","L314N",1.39439966031193
"L",314,"P","L314P",-1.21418761840625
"L",314,"Q","L314Q",-0.0476652484824174
"L",314,"R","L314R",-0.7523414809895
"L",314,"S","L314S",0.290428093006103
"L",314,"T","L314T",-0.224888482483353
"L",314,"V","L314V",-0.139522264627851
"L",314,"W","L314W",0.359384397770579
"L",314,"Y","L314Y",0.489668682036856
"N",315,"A","N315A",-1.28900170062005
"N",315,"C","N315C",-0.104675832757782
"N",315,"D","N315D",0.13235672638803
"N",315,"E","N315E",-0.497852365803397
"N",315,"F","N315F",0.47877819562016
"N",315,"G","N315G",-0.159806244112437
"N",315,"H","N315H",-1.15792151275727
"N",315,"I","N315I",0.821502355251676
"N",315,"K","N315K",0.785308132827936
"N",315,"L","N315L",0.405977521169049
"N",315,"M","N315M",-0.0104223437777569
"N",315,"P","N315P",1.10291572528144
"N",315,"Q","N315Q",0.0371833600496418
"N",315,"R","N315R",-0.50916470738461
"N",315,"S","N315S",-0.221861255765159
"N",315,"T","N315T",-0.0853553003203524
"N",315,"V","N315V",0.539210386139877
"N",315,"W","N315W",0.140602084098065
"N",315,"Y","N315Y",1.1759106714974
"G",316,"A","G316A",-0.308592090769033
"G",316,"C","G316C",-0.520029771577185
"G",316,"D","G316D",0.0718235990028268
"G",316,"E","G316E",-0.0761837860192632
"G",316,"F","G316F",-0.517922889346356
"G",316,"H","G316H",-0.341468847138883
"G",316,"I","G316I",-1.25665210348136
"G",316,"K","G316K",-0.512472672040875
"G",316,"L","G316L",-0.361630217368331
"G",316,"M","G316M",0.0884090140416065
"G",316,"N","G316N",-0.188331675734052
"G",316,"P","G316P",0.24686894796081
"G",316,"Q","G316Q",0.278627528967597
"G",316,"R","G316R",-0.409406122461382
"G",316,"S","G316S",-0.249461951703124
"G",316,"T","G316T",2.04688430056859
"G",316,"V","G316V",-0.316266620854618
"G",316,"W","G316W",0.490887035949859
"G",316,"Y","G316Y",-0.520516468236176
"K",317,"A","K317A",0.020031617800279
"K",317,"C","K317C",-0.209160878191641
"K",317,"D","K317D",0.195570411183863
"K",317,"E","K317E",0.104669204352263
"K",317,"F","K317F",-1.29976607719315
"K",317,"G","K317G",-0.376117837047244
"K",317,"H","K317H",-0.605093600579798
"K",317,"I","K317I",0.36338758696136
"K",317,"L","K317L",-1.1955167776563
"K",317,"M","K317M",-0.163056501174409
"K",317,"N","K317N",-0.172545179523185
"K",317,"P","K317P",-0.61014771290409
"K",317,"Q","K317Q",-0.37392469001204
"K",317,"R","K317R",0.302879463841248
"K",317,"S","K317S",-0.54136934153278
"K",317,"T","K317T",-0.907282461848859
"K",317,"V","K317V",-0.611982676229128
"K",317,"W","K317W",-0.46365876459479
"K",317,"Y","K317Y",0.40509236766345
"E",318,"A","E318A",0.186060039944406
"E",318,"C","E318C",1.35473007960548
"E",318,"D","E318D",0.249555274647728
"E",318,"F","E318F",0.366086559208352
"E",318,"G","E318G",0.779093968722513
"E",318,"H","E318H",0.213117308526461
"E",318,"I","E318I",-0.683180704555249
"E",318,"K","E318K",0.124949131217413
"E",318,"L","E318L",0.244366079363435
"E",318,"M","E318M",-0.799370303791074
"E",318,"N","E318N",-0.186358264111084
"E",318,"P","E318P",-0.28299260417818
"E",318,"Q","E318Q",-1.03817846948784
"E",318,"R","E318R",0.556854194170693
"E",318,"S","E318S",-0.209907220296963
"E",318,"T","E318T",0.923977537309192
"E",318,"V","E318V",0.346640420744615
"E",318,"W","E318W",0.0411515911395771
"E",318,"Y","E318Y",-0.538308669957922
"Y",319,"A","Y319A",-0.272327682802141
"Y",319,"C","Y319C",0.197077475300458
"Y",319,"D","Y319D",0.354420119701112
"Y",319,"E","Y319E",1.27345723705214
"Y",319,"F","Y319F",0.422715001319369
"Y",319,"G","Y319G",0.509677821166833
"Y",319,"H","Y319H",1.60720818100778
"Y",319,"I","Y319I",-0.389112104705707
"Y",319,"K","Y319K",0.313413158670794
"Y",319,"L","Y319L",0.000352874580626895
"Y",319,"M","Y319M",-0.246396983357546
"Y",319,"N","Y319N",-0.544085251958786
"Y",319,"P","Y319P",0.762760252418962
"Y",319,"Q","Y319Q",0.347479276628289
"Y",319,"R","Y319R",0.701728812971341
"Y",319,"S","Y319S",-0.512398726010193
"Y",319,"T","Y319T",-0.582316170362298
"Y",319,"V","Y319V",-0.130882077458375
"Y",319,"W","Y319W",0.475831374286127
"K",320,"A","K320A",-1.55688439312093
"K",320,"C","K320C",-0.639340081379405
"K",320,"D","K320D",-0.327577755962214
"K",320,"E","K320E",-2.02663424734177
"K",320,"F","K320F",0.214193485567677
"K",320,"G","K320G",-0.195176608100735
"K",320,"H","K320H",-0.315374874257671
"K",320,"I","K320I",0.404028435351458
"K",320,"L","K320L",-1.14748883688645
"K",320,"M","K320M",-0.00270864952058988
"K",320,"N","K320N",0.31519140965416
"K",320,"P","K320P",0.968555445854746
"K",320,"Q","K320Q",-0.553188911919711
"K",320,"R","K320R",0.49861144117183
"K",320,"S","K320S",0.751637014608502
"K",320,"T","K320T",-0.55901422458626
"K",320,"V","K320V",-0.133938970781673
"K",320,"W","K320W",-1.21532661604616
"K",320,"Y","K320Y",-0.0209705831162899
"C",321,"A","C321A",-1.01824429809475
"C",321,"D","C321D",0.573519658056182
"C",321,"E","C321E",1.54253933199038
"C",321,"F","C321F",-0.379462924891745
"C",321,"G","C321G",1.23972061002343
"C",321,"H","C321H",1.10445912970043
"C",321,"I","C321I",-0.966812834585978
"C",321,"K","C321K",0.442225882448865
"C",321,"L","C321L",0.0914182535161386
"C",321,"M","C321M",0.0444476622360172
"C",321,"N","C321N",1.25661653739805
"C",321,"P","C321P",-0.170866158426372
"C",321,"Q","C321Q",0.37279700276657
"C",321,"R","C321R",0.117107450324785
"C",321,"S","C321S",-1.10251127315131
"C",321,"T","C321T",-0.147527053557573
"C",321,"V","C321V",-0.0461648457636121
"C",321,"W","C321W",0.423317006168905
"C",321,"Y","C321Y",-0.483729406877561
"K",322,"A","K322A",-0.112174885028766
"K",322,"C","K322C",0.716924417764353
"K",322,"D","K322D",-2.00697544968529
"K",322,"E","K322E",-2.59649545471832
"K",322,"F","K322F",0.296934369299489
"K",322,"G","K322G",-0.868411650354182
"K",322,"H","K322H",-0.16205381952284
"K",322,"I","K322I",-0.437544452791194
"K",322,"L","K322L",-0.00765208870227192
"K",322,"M","K322M",-0.371567021228358
"K",322,"N","K322N",-0.605286439146549
"K",322,"P","K322P",0.525252258447469
"K",322,"Q","K322Q",0.56051221438091
"K",322,"R","K322R",1.06425611447979
"K",322,"S","K322S",-0.316643947526196
"K",322,"T","K322T",-0.939725471869976
"K",322,"V","K322V",-1.18230078359563
"K",322,"W","K322W",0.187538462630653
"K",322,"Y","K322Y",-0.162891949729049
"V",323,"A","V323A",-2.20192588819566
"V",323,"C","V323C",0.186253015959135
"V",323,"D","V323D",0.648090908923519
"V",323,"E","V323E",1.05545539045497
"V",323,"F","V323F",-1.34912251824726
"V",323,"G","V323G",-0.329341226148964
"V",323,"H","V323H",-1.2981874346313
"V",323,"I","V323I",-0.0365572267818474
"V",323,"K","V323K",0.647826138425206
"V",323,"L","V323L",0.290991027877765
"V",323,"M","V323M",0.165276636793985
"V",323,"N","V323N",1.45898281569265
"V",323,"P","V323P",-2.00854529007054
"V",323,"Q","V323Q",-0.0639423346329741
"V",323,"R","V323R",0.613241238937026
"V",323,"S","V323S",-0.341755265671363
"V",323,"T","V323T",0.355359475071372
"V",323,"W","V323W",0.735513444306181
"V",323,"Y","V323Y",0.475363959108371
"S",324,"A","S324A",-0.499285481255637
"S",324,"C","S324C",-0.14432460085761
"S",324,"D","S324D",-0.901629796082567
"S",324,"E","S324E",0.752485937310775
"S",324,"F","S324F",0.77937416006629
"S",324,"G","S324G",0.052827766821997
"S",324,"H","S324H",0.501767467587233
"S",324,"I","S324I",0.168586914075772
"S",324,"K","S324K",-2.30937668808356
"S",324,"L","S324L",0.38074940620263
"S",324,"M","S324M",-0.449380338600535
"S",324,"N","S324N",0.227287356216931
"S",324,"P","S324P",-0.137896325177663
"S",324,"Q","S324Q",-0.994750085768809
"S",324,"R","S324R",-1.19274362218523
"S",324,"T","S324T",0.286607354706163
"S",324,"V","S324V",0.151980749342522
"S",324,"W","S324W",-0.938034832597557
"S",324,"Y","S324Y",-0.254422678125814
"N",325,"A","N325A",1.30197118363279
"N",325,"C","N325C",2.24594721030975
"N",325,"D","N325D",1.14491014479006
"N",325,"E","N325E",-0.357689332985427
"N",325,"F","N325F",1.03907889753462
"N",325,"G","N325G",0.740499906973318
"N",325,"H","N325H",-1.58504051412912
"N",325,"I","N325I",3.32156523044226
"N",325,"K","N325K",0.452944935254282
"N",325,"L","N325L",1.84585486493999
"N",325,"M","N325M",2.59429443675854
"N",325,"P","N325P",-0.298960021117322
"N",325,"Q","N325Q",-0.386220047160039
"N",325,"R","N325R",2.14014358470589
"N",325,"S","N325S",2.88566111340032
"N",325,"T","N325T",-1.56648009325458
"N",325,"V","N325V",0.698956714714735
"N",325,"W","N325W",1.16118100823403
"N",325,"Y","N325Y",0.711897518152966
"K",326,"A","K326A",-3.04019123425056
"K",326,"C","K326C",0.582788113107155
"K",326,"D","K326D",1.65956753468838
"K",326,"E","K326E",1.1127144102781
"K",326,"F","K326F",0.622019653657176
"K",326,"G","K326G",0.286381636414265
"K",326,"H","K326H",0.0475268128768353
"K",326,"I","K326I",0.964657586613899
"K",326,"L","K326L",4.50504098096238
"K",326,"M","K326M",1.94006650681228
"K",326,"N","K326N",0.122154171238048
"K",326,"P","K326P",-1.48852575054453
"K",326,"Q","K326Q",1.14655866920082
"K",326,"R","K326R",-0.0479318423187532
"K",326,"S","K326S",1.34001396254655
"K",326,"T","K326T",1.34854267676845
"K",326,"V","K326V",3.76895188398994
"K",326,"W","K326W",0.821716020572754
"K",326,"Y","K326Y",2.73923226273239
"A",327,"C","A327C",0.711061437081629
"A",327,"D","A327D",3.01806474320727
"A",327,"E","A327E",2.88867325512083
"A",327,"F","A327F",1.55928451568709
"A",327,"G","A327G",1.32707604843204
"A",327,"H","A327H",0.582655887736737
"A",327,"I","A327I",0.703927953891591
"A",327,"K","A327K",-0.871779168425735
"A",327,"L","A327L",1.6771052365976
"A",327,"M","A327M",0.776218942587983
"A",327,"N","A327N",1.66939593690367
"A",327,"P","A327P",1.49542641895569
"A",327,"Q","A327Q",-0.849831770648578
"A",327,"R","A327R",1.07742500850878
"A",327,"S","A327S",0.583009438901488
"A",327,"T","A327T",-0.329598630318285
"A",327,"V","A327V",-0.143438862053996
"A",327,"W","A327W",1.10304859894478
"A",327,"Y","A327Y",1.49571930506698
"L",328,"A","L328A",1.03181821873143
"L",328,"C","L328C",0.154017693875917
"L",328,"D","L328D",7.25402963033476
"L",328,"E","L328E",7.59031840780423
"L",328,"F","L328F",-0.470998820967937
"L",328,"G","L328G",-0.0556638494666713
"L",328,"H","L328H",1.20722936469214
"L",328,"I","L328I",3.54539345317111
"L",328,"K","L328K",0.596299458635497
"L",328,"M","L328M",2.49046064432979
"L",328,"N","L328N",4.29105574473753
"L",328,"P","L328P",0.351904188229269
"L",328,"Q","L328Q",1.29359240707297
"L",328,"R","L328R",-0.267277428736378
"L",328,"S","L328S",1.8834686799308
"L",328,"T","L328T",-0.232665390884964
"L",328,"V","L328V",-0.281292596715371
"L",328,"W","L328W",0.286604560444303
"L",328,"Y","L328Y",0.112631274816773
"P",329,"A","P329A",-0.555259154550657
"P",329,"C","P329C",0.990373960905119
"P",329,"D","P329D",2.04313723011374
"P",329,"E","P329E",1.1199142380687
"P",329,"F","P329F",0.815899597656242
"P",329,"G","P329G",0.206377706073066
"P",329,"H","P329H",-0.83966298480132
"P",329,"I","P329I",1.0155492033953
"P",329,"K","P329K",-1.22332604751371
"P",329,"L","P329L",1.08077272665276
"P",329,"M","P329M",1.57976383864499
"P",329,"N","P329N",2.57492572085111
"P",329,"Q","P329Q",-0.281787922796823
"P",329,"R","P329R",0.931501707119869
"P",329,"S","P329S",1.66991732245548
"P",329,"T","P329T",1.29657281643391
"P",329,"V","P329V",1.04551455432179
"P",329,"W","P329W",0.928064851737361
"P",329,"Y","P329Y",1.61114105365008
"A",330,"C","A330C",-1.54293040376814
"A",330,"D","A330D",-0.506686195433933
"A",330,"E","A330E",-0.730990963620207
"A",330,"F","A330F",0.320212073801984
"A",330,"G","A330G",-0.550481524901593
"A",330,"H","A330H",0.118942110366048
"A",330,"I","A330I",-1.9463436458523
"A",330,"K","A330K",-1.15334872633487
"A",330,"L","A330L",-3.35413649597178
"A",330,"M","A330M",-0.542771296158834
"A",330,"N","A330N",-3.3797190623957
"A",330,"P","A330P",0.00856917338770687
"A",330,"Q","A330Q",-0.101968734530648
"A",330,"R","A330R",-0.657177907651356
"A",330,"S","A330S",-0.0168790121927933
"A",330,"T","A330T",-4.27390482772486
"A",330,"V","A330V",-2.71050921982939
"A",330,"W","A330W",0.0566930617879577
"A",330,"Y","A330Y",0.128279718969549
"P",331,"A","P331A",-0.464466668218699
"P",331,"C","P331C",0.846803044360708
"P",331,"D","P331D",1.06492342735706
"P",331,"E","P331E",0.544118245010175
"P",331,"F","P331F",-0.989432847234327
"P",331,"G","P331G",2.22832056788311
"P",331,"H","P331H",-0.889792520786886
"P",331,"I","P331I",0.595029997990604
"P",331,"K","P331K",-1.27733030867753
"P",331,"L","P331L",0.201275782012265
"P",331,"M","P331M",0.673350781329447
"P",331,"N","P331N",-0.367845293970685
"P",331,"Q","P331Q",-0.253136426204939
"P",331,"R","P331R",-0.869474512632061
"P",331,"S","P331S",-0.123142987340907
"P",331,"T","P331T",-0.258028631561063
"P",331,"V","P331V",-0.597208415533026
"P",331,"W","P331W",0.5705396825052
"P",331,"Y","P331Y",-1.38324441368063
"I",332,"C","I332C",0.775729007810206
"I",332,"D","I332D",2.52548450125962
"I",332,"E","I332E",2.92522503020181
"I",332,"F","I332F",0.963503611841433
"I",332,"G","I332G",-0.792816433047531
"I",332,"H","I332H",0.53027885355339
"I",332,"K","I332K",1.27713458239155
"I",332,"L","I332L",-0.385820590523857
"I",332,"M","I332M",-0.914753758859126
"I",332,"N","I332N",0.537195860821398
"I",332,"P","I332P",1.21676189591263
"I",332,"Q","I332Q",0.740728942644792
"I",332,"R","I332R",-2.08010075245737
"I",332,"S","I332S",-0.44902743937847
"I",332,"T","I332T",0.924170793875571
"I",332,"V","I332V",0.546308354025301
"I",332,"W","I332W",0.018189368508095
"I",332,"Y","I332Y",-2.090301485774
"E",333,"A","E333A",-0.792177988209546
"E",333,"C","E333C",0.462178772090039
"E",333,"D","E333D",0.954167753702118
"E",333,"F","E333F",0.560418565007337
"E",333,"G","E333G",0.0949883969986341
"E",333,"H","E333H",-0.318497878560233
"E",333,"I","E333I",0.57274364127138
"E",333,"K","E333K",0.114016408726982
"E",333,"L","E333L",0.31373259419687
"E",333,"M","E333M",0.0749468192031873
"E",333,"N","E333N",-1.48067433733447
"E",333,"P","E333P",0.0365096770044754
"E",333,"Q","E333Q",-0.129037493452121
"E",333,"R","E333R",0.163780359896781
"E",333,"S","E333S",-0.718146971421308
"E",333,"T","E333T",-0.0393361375219301
"E",333,"V","E333V",-0.150088841738758
"E",333,"W","E333W",0.0325694685845991
"E",333,"Y","E333Y",-0.0698107492459776
"K",334,"A","K334A",-0.236625967227563
"K",334,"C","K334C",-0.647694220695564
"K",334,"D","K334D",0.643153868544575
"K",334,"E","K334E",0.679637835351745
"K",334,"F","K334F",-0.23317747980357
"K",334,"G","K334G",0.874344010860082
"K",334,"H","K334H",0.804655549833187
"K",334,"I","K334I",-0.789234739200417
"K",334,"L","K334L",-0.232500143789022
"K",334,"M","K334M",0.232488151736369
"K",334,"N","K334N",0.110725192296413
"K",334,"P","K334P",0.45809297723811
"K",334,"Q","K334Q",0.472985870300073
"K",334,"R","K334R",-1.48017694213876
"K",334,"S","K334S",0.358113539812083
"K",334,"T","K334T",0.827507636815715
"K",334,"V","K334V",1.55166820872199
"K",334,"W","K334W",-0.409917456896354
"K",334,"Y","K334Y",0.0615598536347859
"T",335,"A","T335A",-0.0917057334843791
"T",335,"C","T335C",-1.31481115640949
"T",335,"D","T335D",-0.358326351161082
"T",335,"E","T335E",-0.943433701694239
"T",335,"F","T335F",-1.25096707431904
"T",335,"G","T335G",-0.471790664893282
"T",335,"H","T335H",-0.486155837738524
"T",335,"I","T335I",0.404969236272242
"T",335,"K","T335K",0.437266473679121
"T",335,"L","T335L",-0.842543107289459
"T",335,"M","T335M",-0.735880011189558
"T",335,"N","T335N",-0.454778797453876
"T",335,"P","T335P",-0.617468580871547
"T",335,"Q","T335Q",-0.193665454638819
"T",335,"R","T335R",-0.45995930577396
"T",335,"S","T335S",0.273398949389276
"T",335,"V","T335V",-0.759861394529347
"T",335,"W","T335W",-0.411972506603062
"T",335,"Y","T335Y",-1.31113300115415
"I",336,"A","I336A",0.0780969730751834
"I",336,"C","I336C",1.16651731078935
"I",336,"D","I336D",0.322907418341567
"I",336,"E","I336E",0.910638502512475
"I",336,"F","I336F",-0.0794790164814602
"I",336,"G","I336G",0.300673299759355
"I",336,"H","I336H",-0.741751576982904
"I",336,"K","I336K",-1.32976646655746
"I",336,"L","I336L",-1.56982869187073
"I",336,"M","I336M",-0.373412645953006
"I",336,"N","I336N",0.638235806471653
"I",336,"P","I336P",-0.0907923989952436
"I",336,"Q","I336Q",-1.50152684336906
"I",336,"R","I336R",-0.562380489589961
"I",336,"S","I336S",0.344303001518624
"I",336,"T","I336T",0.800372949711815
"I",336,"V","I336V",0.127087234435503
"I",336,"W","I336W",0.566961980234929
"I",336,"Y","I336Y",0.65756520874087
"S",337,"A","S337A",-0.1551625347885
"S",337,"C","S337C",-0.672467566167247
"S",337,"D","S337D",0.243090643455897
"S",337,"E","S337E",-0.19792157158111
"S",337,"F","S337F",0.00765281965796783
"S",337,"G","S337G",1.85139313593225
"S",337,"H","S337H",-0.359220015283392
"S",337,"I","S337I",0.036099064698466
"S",337,"K","S337K",0.0389623286935429
"S",337,"L","S337L",1.15061974521154
"S",337,"M","S337M",-0.759716995938001
"S",337,"N","S337N",-0.844410083483999
"S",337,"P","S337P",-0.509439180683755
"S",337,"Q","S337Q",0.47807491261543
"S",337,"R","S337R",-0.21278156685604
"S",337,"T","S337T",-0.708700883141706
"S",337,"V","S337V",-0.739635448126765
"S",337,"W","S337W",0.0800541169962999
"S",337,"Y","S337Y",0.0184264433446969
"K",338,"A","K338A",-0.476321986020828
"K",338,"C","K338C",0.124098587953716
"K",338,"D","K338D",0.490326411543593
"K",338,"E","K338E",-1.00766762307487
"K",338,"F","K338F",0.128436742702559
"K",338,"G","K338G",-1.11981593469442
"K",338,"H","K338H",-0.987276446894478
"K",338,"I","K338I",-0.659731271416765
"K",338,"L","K338L",-0.24626980453905
"K",338,"M","K338M",0.0422338314501457
"K",338,"N","K338N",-0.100806348784763
"K",338,"P","K338P",-0.052192885411255
"K",338,"Q","K338Q",-0.433247934046514
"K",338,"R","K338R",-0.595598141316099
"K",338,"S","K338S",-0.592230968701302
"K",338,"T","K338T",0.276450778741214
"K",338,"V","K338V",0.19058320230077
"K",338,"W","K338W",-0.491179594342043
"K",338,"Y","K338Y",0.161106060732636
"A",339,"C","A339C",-1.08796520471561
"A",339,"D","A339D",-0.546473402111091
"A",339,"E","A339E",-1.04912450469909
"A",339,"F","A339F",0.485858753736527
"A",339,"G","A339G",2.16576093694393
"A",339,"H","A339H",-0.45765524467567
"A",339,"I","A339I",0.461460361965856
"A",339,"K","A339K",0.890030629450214
"A",339,"L","A339L",-0.858237385350741
"A",339,"M","A339M",-0.379561973715767
"A",339,"N","A339N",0.161761418761709
"A",339,"P","A339P",-0.886438670280316
"A",339,"Q","A339Q",-0.350541048775376
"A",339,"R","A339R",-1.23824376933306
"A",339,"S","A339S",0.31506663937938
"A",339,"T","A339T",1.2096707036671
"A",339,"V","A339V",1.37623484646805
"A",339,"W","A339W",1.46621974145904
"A",339,"Y","A339Y",0.849838455374843
"K",340,"A","K340A",0.106273830951116
"K",340,"C","K340C",-0.176185816023772
"K",340,"D","K340D",0.013460862715921
"K",340,"E","K340E",-0.415587723330383
"K",340,"F","K340F",-0.137961439526516
"K",340,"G","K340G",-1.25917348226759
"K",340,"H","K340H",-0.565380036762642
"K",340,"I","K340I",0.0658278081859079
"K",340,"L","K340L",-0.786377335183946
"K",340,"M","K340M",-0.488082447541382
"K",340,"N","K340N",-1.02537286890343
"K",340,"P","K340P",-0.051823190270653
"K",340,"Q","K340Q",0.3075711718847
"K",340,"R","K340R",-0.373474581934136
"K",340,"S","K340S",0.244189381224457
"K",340,"T","K340T",-0.485081442255297
"K",340,"V","K340V",0.420080041089607
"K",340,"W","K340W",0.45049095553084
"K",340,"Y","K340Y",1.88108265691421
"G",341,"A","G341A",1.42972055168753
"G",341,"C","G341C",0.176971345704914
"G",341,"D","G341D",-0.652850321042424
"G",341,"E","G341E",0.172915257299078
"G",341,"F","G341F",0.292123299575327
"G",341,"H","G341H",0.28777643865333
"G",341,"I","G341I",1.18629825400413
"G",341,"K","G341K",-0.819212170234606
"G",341,"L","G341L",0.0570429787119117
"G",341,"M","G341M",-2.39974665878277
"G",341,"N","G341N",0.414232977778807
"G",341,"P","G341P",-1.11594774844833
"G",341,"Q","G341Q",0.97666145338296
"G",341,"R","G341R",-0.392848500972173
"G",341,"S","G341S",-0.0283339905386317
"G",341,"T","G341T",0.744816233587885
"G",341,"V","G341V",0.234794100246867
"G",341,"W","G341W",0.348147008170353
"G",341,"Y","G341Y",0.592197259097043
"Q",342,"A","Q342A",-0.511462165859832
"Q",342,"C","Q342C",-1.36108520481145
"Q",342,"D","Q342D",-0.689383028826752
"Q",342,"E","Q342E",-0.115590832924473
"Q",342,"F","Q342F",-0.644540292907669
"Q",342,"G","Q342G",0.622447825493371
"Q",342,"H","Q342H",-0.485790864100414
"Q",342,"I","Q342I",0.844977774377488
"Q",342,"K","Q342K",-0.00526215334593213
"Q",342,"L","Q342L",0.0986474711485859
"Q",342,"M","Q342M",-0.176092817473677
"Q",342,"N","Q342N",1.19788054178044
"Q",342,"P","Q342P",-1.03663627955843
"Q",342,"R","Q342R",0.266325637486515
"Q",342,"S","Q342S",-0.174181415179906
"Q",342,"T","Q342T",-0.594614450456668
"Q",342,"V","Q342V",-0.858347051389557
"Q",342,"W","Q342W",-1.04831712214247
"Q",342,"Y","Q342Y",-0.541195567750865
"P",343,"A","P343A",0.00316459210567633
"P",343,"C","P343C",0.525925611434601
"P",343,"D","P343D",0.382423887509841
"P",343,"E","P343E",0.383396411948191
"P",343,"F","P343F",0.0335953577472742
"P",343,"G","P343G",0.30981359469669
"P",343,"H","P343H",-0.0694863195187769
"P",343,"I","P343I",0.490622300597141
"P",343,"K","P343K",-0.355770872590546
"P",343,"L","P343L",-1.01365686353108
"P",343,"M","P343M",0.355614553402825
"P",343,"N","P343N",-0.052779135742997
"P",343,"Q","P343Q",-0.437326249339598
"P",343,"R","P343R",0.113483286781138
"P",343,"S","P343S",-0.194094959090855
"P",343,"T","P343T",0.37632652758783
"P",343,"V","P343V",-0.0594259003334738
"P",343,"W","P343W",0.578817719075541
"P",343,"Y","P343Y",-0.399094201920567
"R",344,"A","R344A",-0.197268264362386
"R",344,"C","R344C",0.00688899677671699
"R",344,"D","R344D",-0.0823033353686537
"R",344,"E","R344E",-0.219913773261033
"R",344,"F","R344F",0.550784798889752
"R",344,"G","R344G",-0.123143490265781
"R",344,"H","R344H",0.0366452367371301
"R",344,"I","R344I",-1.43180474425207
"R",344,"K","R344K",-1.14030955666942
"R",344,"L","R344L",-0.411740844089568
"R",344,"M","R344M",0.540290555632276
"R",344,"N","R344N",0.803912002515869
"R",344,"P","R344P",-0.360930730509826
"R",344,"Q","R344Q",-0.0329014323334837
"R",344,"S","R344S",-1.59251795156421
"R",344,"T","R344T",-0.340402851975207
"R",344,"V","R344V",0.204231759515901
"R",344,"Y","R344Y",0.131843696508369
"E",345,"A","E345A",0.344844014227251
"E",345,"C","E345C",0.0440577049772404
"E",345,"D","E345D",-0.462569095047866
"E",345,"F","E345F",-0.465610881976635
"E",345,"G","E345G",-0.236240250907815
"E",345,"H","E345H",1.19263325165096
"E",345,"I","E345I",0.633118997276531
"E",345,"K","E345K",0.0984374577916576
"E",345,"L","E345L",-1.66469304061922
"E",345,"M","E345M",0.420795974176
"E",345,"N","E345N",0.600630618413976
"E",345,"P","E345P",0.0636207321745661
"E",345,"Q","E345Q",0.290699640281954
"E",345,"R","E345R",-0.406027375576408
"E",345,"S","E345S",0.608394476526284
"E",345,"T","E345T",0.843576108531338
"E",345,"V","E345V",-0.266189769238003
"E",345,"W","E345W",-1.04558463173243
"E",345,"Y","E345Y",0.918496527279737
"P",346,"A","P346A",-0.123663386404156
"P",346,"C","P346C",0.358856752747736
"P",346,"D","P346D",-0.0635755952527061
"P",346,"E","P346E",-0.053273629595761
"P",346,"F","P346F",-0.242563176194052
"P",346,"G","P346G",-0.186612524453339
"P",346,"H","P346H",-1.44396415465936
"P",346,"I","P346I",-0.675061345009855
"P",346,"K","P346K",0.582890731984699
"P",346,"L","P346L",1.91566064920663
"P",346,"M","P346M",0.0561852800411763
"P",346,"N","P346N",0.422881227426862
"P",346,"Q","P346Q",0.89349883412395
"P",346,"R","P346R",0.629895417364491
"P",346,"S","P346S",-0.120736306993188
"P",346,"T","P346T",-0.328552212101893
"P",346,"V","P346V",-0.536366626501983
"P",346,"W","P346W",1.86873475895442
"P",346,"Y","P346Y",2.29018318534736
"Q",347,"A","Q347A",-0.651332417114522
"Q",347,"C","Q347C",0.772260178907352
"Q",347,"D","Q347D",0.594156712401144
"Q",347,"E","Q347E",-0.0445394305968619
"Q",347,"F","Q347F",-1.51330382229658
"Q",347,"G","Q347G",-0.619700714199464
"Q",347,"H","Q347H",-0.0516704661278428
"Q",347,"I","Q347I",-0.832843190498964
"Q",347,"K","Q347K",0.0511922879020264
"Q",347,"L","Q347L",-1.26050959597747
"Q",347,"M","Q347M",0.120422488071193
"Q",347,"N","Q347N",0.134943323106074
"Q",347,"P","Q347P",0.461598795115666
"Q",347,"R","Q347R",-0.138909667649504
"Q",347,"S","Q347S",0.461942043854449
"Q",347,"T","Q347T",-0.117044164248881
"Q",347,"V","Q347V",-0.671761009871947
"Q",347,"W","Q347W",-0.386342816420319
"Q",347,"Y","Q347Y",0.655297860649898
"V",348,"A","V348A",-0.175706511249895
"V",348,"C","V348C",-0.357631928952043
"V",348,"D","V348D",0.441767716498181
"V",348,"E","V348E",-0.485834120113288
"V",348,"F","V348F",0.0394701427193192
"V",348,"G","V348G",0.337676193171947
"V",348,"H","V348H",-0.175301954665516
"V",348,"I","V348I",0.398550007119864
"V",348,"K","V348K",-1.83233064037431
"V",348,"L","V348L",-0.739448620612891
"V",348,"M","V348M",-0.284174339649099
"V",348,"N","V348N",0.390825946977427
"V",348,"P","V348P",-0.779108205131143
"V",348,"Q","V348Q",0.430612552486573
"V",348,"R","V348R",-1.11416345818772
"V",348,"S","V348S",-0.261752665619641
"V",348,"T","V348T",-0.390234157206265
"V",348,"W","V348W",0.721822342350247
"V",348,"Y","V348Y",-0.311178658539888
"Y",349,"A","Y349A",-0.35677118139293
"Y",349,"C","Y349C",0.724582166428683
"Y",349,"D","Y349D",0.567117113253122
"Y",349,"E","Y349E",-1.28725889396519
"Y",349,"F","Y349F",-0.110461288105138
"Y",349,"G","Y349G",-0.355503199430017
"Y",349,"H","Y349H",1.29891381983916
"Y",349,"I","Y349I",0.927076536123439
"Y",349,"K","Y349K",-0.680907725182081
"Y",349,"L","Y349L",0.134064455692893
"Y",349,"M","Y349M",0.370261959800825
"Y",349,"N","Y349N",-0.599854527717577
"Y",349,"P","Y349P",-0.533130206898557
"Y",349,"Q","Y349Q",1.62662478220294
"Y",349,"R","Y349R",0.861826487767003
"Y",349,"S","Y349S",0.174314556231534
"Y",349,"T","Y349T",-0.31809565837776
"Y",349,"V","Y349V",1.04783755793057
"Y",349,"W","Y349W",0.346241709399695
"T",350,"A","T350A",-0.338365591261757
"T",350,"C","T350C",-1.0555684452284
"T",350,"D","T350D",-0.485623092686367
"T",350,"E","T350E",-0.403530751012188
"T",350,"F","T350F",0.282709620377849
"T",350,"G","T350G",-1.52620507284943
"T",350,"H","T350H",1.26965860436742
"T",350,"I","T350I",-0.814742178892107
"T",350,"K","T350K",-1.66681641497981
"T",350,"L","T350L",-0.10853166965087
"T",350,"M","T350M",-1.17648399693941
"T",350,"N","T350N",-2.20998260878501
"T",350,"P","T350P",0.342805320042944
"T",350,"Q","T350Q",1.45478521516198
"T",350,"R","T350R",-0.370457046928407
"T",350,"S","T350S",-2.26587829060086
"T",350,"V","T350V",0.131540885651211
"T",350,"W","T350W",-0.145415840571973
"T",350,"Y","T350Y",-0.499833623353831
"L",351,"A","L351A",-0.661087016711326
"L",351,"C","L351C",0.510163266327579
"L",351,"D","L351D",-1.01607902789716
"L",351,"E","L351E",-0.20148309315773
"L",351,"F","L351F",-0.662797004129949
"L",351,"G","L351G",-0.0749869620843578
"L",351,"H","L351H",0.967935712687859
"L",351,"I","L351I",0.41357206921205
"L",351,"K","L351K",-1.20086625072281
"L",351,"M","L351M",-0.0631535840702642
"L",351,"N","L351N",-1.41996825259061
"L",351,"P","L351P",1.02800346742969
"L",351,"Q","L351Q",0.132335732837719
"L",351,"R","L351R",1.08063865944494
"L",351,"S","L351S",-0.0508511406762962
"L",351,"T","L351T",-0.598417547097191
"L",351,"V","L351V",0.517822551414967
"L",351,"W","L351W",0.320263466967984
"L",351,"Y","L351Y",0.185160385129471
"P",352,"A","P352A",0.448057377548371
"P",352,"C","P352C",0.432562463940421
"P",352,"D","P352D",-0.499108339958768
"P",352,"E","P352E",0.250143140263454
"P",352,"F","P352F",-0.216532621080362
"P",352,"G","P352G",-0.282472205814559
"P",352,"H","P352H",-0.394256017887394
"P",352,"I","P352I",0.363954471020377
"P",352,"K","P352K",1.07179308389144
"P",352,"L","P352L",-0.1813390185087
"P",352,"M","P352M",0.716941136573609
"P",352,"N","P352N",0.49810900002408
"P",352,"Q","P352Q",0.126667955267263
"P",352,"R","P352R",0.581923065392629
"P",352,"S","P352S",-0.894489555893513
"P",352,"T","P352T",0.17919189962171
"P",352,"V","P352V",0.285924570996248
"P",352,"W","P352W",0.382118516715848
"P",352,"Y","P352Y",-0.641083781541295
"P",353,"A","P353A",1.09293125098142
"P",353,"C","P353C",0.012950153114038
"P",353,"D","P353D",-0.244423681242359
"P",353,"E","P353E",1.1702851539266
"P",353,"F","P353F",-0.770899035865441
"P",353,"G","P353G",-0.685843146779304
"P",353,"H","P353H",-0.238015825291159
"P",353,"I","P353I",-0.252821537229003
"P",353,"K","P353K",0.26216709974217
"P",353,"L","P353L",0.0542660827756332
"P",353,"M","P353M",-0.372010866471203
"P",353,"N","P353N",-0.314175951986257
"P",353,"Q","P353Q",0.421890390196007
"P",353,"R","P353R",0.229196062753369
"P",353,"S","P353S",0.0396595042198901
"P",353,"T","P353T",-0.823995696883635
"P",353,"V","P353V",-0.247280185883397
"P",353,"W","P353W",-0.555612860673751
"P",353,"Y","P353Y",-0.671343695687688
"S",354,"A","S354A",1.47896018804793
"S",354,"C","S354C",-0.335001216558135
"S",354,"D","S354D",-0.214283331523262
"S",354,"E","S354E",-0.220706742526224
"S",354,"F","S354F",-0.436870004596555
"S",354,"G","S354G",-0.366251824901803
"S",354,"H","S354H",1.10602045130926
"S",354,"I","S354I",0.14186050910192
"S",354,"K","S354K",0.177205211612341
"S",354,"L","S354L",0.399277160228557
"S",354,"M","S354M",1.31631335581726
"S",354,"N","S354N",-1.45816653517067
"S",354,"P","S354P",-0.854469507776885
"S",354,"Q","S354Q",-0.256907004480526
"S",354,"R","S354R",2.26042623843826
"S",354,"T","S354T",0.00104892857735835
"S",354,"V","S354V",0.00438415398771779
"S",354,"W","S354W",0.0691293743822479
"S",354,"Y","S354Y",0.634841023998379
"R",355,"A","R355A",-0.312660417073751
"R",355,"C","R355C",-0.388541709433872
"R",355,"D","R355D",-1.30003773490454
"R",355,"E","R355E",-0.0200022507620067
"R",355,"F","R355F",0.297460821527255
"R",355,"G","R355G",0.276929648679687
"R",355,"H","R355H",0.255242036719624
"R",355,"I","R355I",-0.882661595157009
"R",355,"K","R355K",-0.118568461165394
"R",355,"L","R355L",0.516827434953572
"R",355,"M","R355M",0.388068523778367
"R",355,"N","R355N",-0.00600525246443819
"R",355,"P","R355P",0.318184046552901
"R",355,"Q","R355Q",-0.244710475043234
"R",355,"S","R355S",0.582553035602043
"R",355,"T","R355T",-0.0174515123520036
"R",355,"V","R355V",0.660992060376217
"R",355,"W","R355W",0.247289335484372
"R",355,"Y","R355Y",0.0395452544147935
"D",356,"A","D356A",-0.236033562105144
"D",356,"C","D356C",-0.362308650025544
"D",356,"E","D356E",-0.403495947352487
"D",356,"F","D356F",-0.174448802880296
"D",356,"G","D356G",0.274634240220239
"D",356,"H","D356H",-0.663783343952638
"D",356,"I","D356I",-0.971687947733571
"D",356,"K","D356K",-0.0198773402049362
"D",356,"L","D356L",-0.0188043092078577
"D",356,"M","D356M",0.730257526703037
"D",356,"N","D356N",0.290361335825875
"D",356,"P","D356P",0.300675137318156
"D",356,"Q","D356Q",0.232496862509616
"D",356,"R","D356R",0.649895022227902
"D",356,"S","D356S",-0.548262636351721
"D",356,"T","D356T",-0.468393780142175
"D",356,"V","D356V",0.864937115191979
"D",356,"W","D356W",0.858643124695736
"D",356,"Y","D356Y",-0.619315603109791
"E",357,"A","E357A",-0.111598427009834
"E",357,"C","E357C",0.579404954517792
"E",357,"D","E357D",-0.0443699532683361
"E",357,"F","E357F",-0.272680329842994
"E",357,"G","E357G",0.184570276440739
"E",357,"H","E357H",0.223050706238664
"E",357,"I","E357I",-0.0532151639637949
"E",357,"K","E357K",0.568604401932204
"E",357,"L","E357L",-0.366079993214883
"E",357,"M","E357M",0.180352949829099
"E",357,"N","E357N",0.679440489998542
"E",357,"Q","E357Q",0.330083237626866
"E",357,"R","E357R",-0.321729307130931
"E",357,"S","E357S",0.113213711911153
"E",357,"T","E357T",1.1393841318321
"E",357,"V","E357V",0.0870092462306575
"E",357,"W","E357W",-0.522678988035507
"E",357,"Y","E357Y",-0.046139795953554
"L",358,"A","L358A",0.696319774527722
"L",358,"C","L358C",-0.0223691550486293
"L",358,"D","L358D",-0.367022297336108
"L",358,"E","L358E",0.402829559348815
"L",358,"F","L358F",0.300027046384932
"L",358,"G","L358G",-0.614007676367018
"L",358,"H","L358H",0.12663149854897
"L",358,"I","L358I",0.676629362687685
"L",358,"K","L358K",0.30905820293838
"L",358,"M","L358M",-0.208895228173698
"L",358,"N","L358N",-0.23514582523501
"L",358,"P","L358P",0.484792440699706
"L",358,"Q","L358Q",-0.324792453386817
"L",358,"R","L358R",-0.00131743507074658
"L",358,"S","L358S",-0.138890844208894
"L",358,"T","L358T",-0.574391384865283
"L",358,"V","L358V",0.461631300205344
"L",358,"W","L358W",-0.627257276905442
"L",358,"Y","L358Y",0.748985706724914
"T",359,"A","T359A",0.374249484008484
"T",359,"C","T359C",0.0691658414118617
"T",359,"D","T359D",0.213631483255141
"T",359,"E","T359E",-0.0787258974801891
"T",359,"F","T359F",0.177600074983174
"T",359,"G","T359G",-0.246857117397107
"T",359,"H","T359H",-0.429454535239823
"T",359,"I","T359I",0.293999222984451
"T",359,"K","T359K",-0.0778474572271055
"T",359,"L","T359L",0.358349169837751
"T",359,"M","T359M",0.383856174972845
"T",359,"N","T359N",1.08919936247506
"T",359,"P","T359P",-0.0808838821050314
"T",359,"Q","T359Q",-0.104090693291839
"T",359,"R","T359R",1.32741798727295
"T",359,"S","T359S",0.733927776495486
"T",359,"V","T359V",-0.217699125222764
"T",359,"W","T359W",-1.26518230419574
"T",359,"Y","T359Y",0.147103111276098
"K",360,"A","K360A",0.33737883140147
"K",360,"C","K360C",0.246870032753004
"K",360,"D","K360D",0.382489570228333
"K",360,"E","K360E",-1.10531263228732
"K",360,"F","K360F",-0.432561726177982
"K",360,"G","K360G",-0.640574169927722
"K",360,"H","K360H",-0.103739751536078
"K",360,"I","K360I",-0.538339208933167
"K",360,"L","K360L",-2.00344455507216
"K",360,"M","K360M",-0.282635072832583
"K",360,"N","K360N",-0.705515756749211
"K",360,"P","K360P",0.00224901645077857
"K",360,"Q","K360Q",-0.872891890585952
"K",360,"R","K360R",-0.444958740136828
"K",360,"S","K360S",-0.818337661610115
"K",360,"T","K360T",-0.389391244987361
"K",360,"V","K360V",-0.384377899324613
"K",360,"W","K360W",-0.455788881450971
"K",360,"Y","K360Y",0.146779718772143
"N",361,"A","N361A",-0.533317456802878
"N",361,"C","N361C",-0.870838337038385
"N",361,"D","N361D",-0.0706816043072706
"N",361,"E","N361E",-1.18956519766669
"N",361,"F","N361F",-0.459333626247728
"N",361,"G","N361G",1.41643146875352
"N",361,"H","N361H",0.220357194532872
"N",361,"I","N361I",1.34602099206867
"N",361,"K","N361K",1.01319123892424
"N",361,"L","N361L",-0.252070494763159
"N",361,"M","N361M",-0.0994933634034074
"N",361,"P","N361P",0.194256698029779
"N",361,"Q","N361Q",-0.664866886115261
"N",361,"R","N361R",0.228164991509607
"N",361,"S","N361S",-0.41907491371627
"N",361,"T","N361T",0.132478045110932
"N",361,"V","N361V",1.02859965861604
"N",361,"W","N361W",0.591534983074217
"N",361,"Y","N361Y",0.286659183713613
"Q",362,"A","Q362A",0.295237405962665
"Q",362,"C","Q362C",-0.120381202123205
"Q",362,"D","Q362D",-0.530476609695316
"Q",362,"E","Q362E",0.151013964391724
"Q",362,"F","Q362F",-1.07284350516139
"Q",362,"G","Q362G",-1.22957821151946
"Q",362,"H","Q362H",0.319579426378717
"Q",362,"I","Q362I",-0.0691956915363346
"Q",362,"K","Q362K",0.338546834324524
"Q",362,"L","Q362L",0.159277052107419
"Q",362,"M","Q362M",0.516295069059797
"Q",362,"N","Q362N",0.0201082336369579
"Q",362,"P","Q362P",-0.498282935862264
"Q",362,"R","Q362R",0.185675853385624
"Q",362,"S","Q362S",-0.879138194397654
"Q",362,"T","Q362T",1.32203189608243
"Q",362,"V","Q362V",-1.08622014510968
"Q",362,"W","Q362W",-0.617793007402786
"Q",362,"Y","Q362Y",-0.47820844864541
"V",363,"A","V363A",-0.361970230742748
"V",363,"C","V363C",-0.63346638436763
"V",363,"D","V363D",-0.0468931755385577
"V",363,"E","V363E",0.120737919293358
"V",363,"F","V363F",0.152403890830246
"V",363,"G","V363G",0.000383575647444145
"V",363,"H","V363H",0.0428010375280499
"V",363,"I","V363I",-0.483584693821999
"V",363,"K","V363K",-0.0566594661506906
"V",363,"L","V363L",0.53197290513755
"V",363,"M","V363M",-0.652793687584331
"V",363,"N","V363N",-0.186115772460778
"V",363,"P","V363P",0.471378088433603
"V",363,"Q","V363Q",0.0604201580910209
"V",363,"R","V363R",-0.38382984380243
"V",363,"S","V363S",-1.12747691010943
"V",363,"T","V363T",0.533256521584218
"V",363,"W","V363W",-1.14687294934254
"V",363,"Y","V363Y",0.543995530409479
"S",364,"A","S364A",-0.170474618342414
"S",364,"C","S364C",-0.685391277197165
"S",364,"D","S364D",-0.698762424028607
"S",364,"E","S364E",0.0732375480681074
"S",364,"F","S364F",-0.19989617911602
"S",364,"G","S364G",-0.595775891694486
"S",364,"H","S364H",0.144689682113859
"S",364,"I","S364I",0.173820288668085
"S",364,"K","S364K",-2.59726995393548
"S",364,"L","S364L",-0.345944977736126
"S",364,"M","S364M",-0.0414420001258374
"S",364,"N","S364N",1.34457127011365
"S",364,"P","S364P",-0.474872153987429
"S",364,"Q","S364Q",-0.429393654947838
"S",364,"R","S364R",-1.52254462601943
"S",364,"T","S364T",-1.29926739900629
"S",364,"V","S364V",0.34195161887261
"S",364,"W","S364W",-0.43231086343421
"S",364,"Y","S364Y",0.861881294922425
"L",365,"A","L365A",0.790555773005263
"L",365,"C","L365C",-0.714585425465715
"L",365,"D","L365D",-0.364405767507393
"L",365,"E","L365E",0.398845259058309
"L",365,"F","L365F",-0.412370551460783
"L",365,"G","L365G",-0.120028617384588
"L",365,"H","L365H",0.883943104495713
"L",365,"I","L365I",0.296800866562336
"L",365,"K","L365K",0.139871653496335
"L",365,"M","L365M",0.844355464822338
"L",365,"N","L365N",0.230141984307723
"L",365,"P","L365P",0.0305585683257475
"L",365,"Q","L365Q",1.36755139611775
"L",365,"R","L365R",-0.18495062067447
"L",365,"S","L365S",-0.390081663476404
"L",365,"T","L365T",-0.210646128389884
"L",365,"V","L365V",0.899724702141108
"L",365,"W","L365W",-0.779076789230596
"L",365,"Y","L365Y",-0.130858265731124
"T",366,"A","T366A",-0.438289069368506
"T",366,"C","T366C",-1.11188628912063
"T",366,"D","T366D",0.454773980024086
"T",366,"E","T366E",0.190331568623899
"T",366,"F","T366F",0.502366266562957
"T",366,"G","T366G",0.382798522050304
"T",366,"H","T366H",0.27394449204835
"T",366,"I","T366I",2.6126628134552
"T",366,"K","T366K",-0.742959624797508
"T",366,"L","T366L",0.732907982083863
"T",366,"M","T366M",0.649623354454345
"T",366,"N","T366N",-0.919754496356421
"T",366,"P","T366P",-0.118997267282277
"T",366,"Q","T366Q",0.207837444022385
"T",366,"R","T366R",-1.67921686192633
"T",366,"S","T366S",0.0985562603306361
"T",366,"V","T366V",-0.960264925630675
"T",366,"W","T366W",0.48046857870151
"T",366,"Y","T366Y",-1.136624390809
"C",367,"A","C367A",0.239596591660829
"C",367,"D","C367D",0.616318290191029
"C",367,"E","C367E",-0.265309920011292
"C",367,"F","C367F",-0.2357400980165
"C",367,"G","C367G",-0.613977063650083
"C",367,"H","C367H",-0.945418663664954
"C",367,"I","C367I",-1.75651445315986
"C",367,"K","C367K",-0.712224010382891
"C",367,"L","C367L",0.11435577764091
"C",367,"M","C367M",-0.156782612135294
"C",367,"N","C367N",0.357600697636935
"C",367,"P","C367P",0.363714016826358
"C",367,"Q","C367Q",0.0330487737503708
"C",367,"R","C367R",-0.2425766147959
"C",367,"S","C367S",0.751716082114597
"C",367,"T","C367T",0.193986095596723
"C",367,"V","C367V",0.268678686023391
"C",367,"W","C367W",0.783687155395143
"C",367,"Y","C367Y",0.405693491047468
"L",368,"A","L368A",0.511021783946299
"L",368,"C","L368C",-0.247396240467716
"L",368,"D","L368D",-0.0519244342356762
"L",368,"E","L368E",0.689509459153005
"L",368,"F","L368F",-1.01550475152514
"L",368,"G","L368G",0.842898775488029
"L",368,"H","L368H",-0.483027663931638
"L",368,"I","L368I",-0.758499943183324
"L",368,"K","L368K",-0.0208205293933009
"L",368,"M","L368M",0.711881926170538
"L",368,"N","L368N",0.324874476301958
"L",368,"P","L368P",1.13598650681751
"L",368,"Q","L368Q",0.717156632868501
"L",368,"R","L368R",0.104978250818724
"L",368,"S","L368S",0.547957737082688
"L",368,"T","L368T",0.72101725056121
"L",368,"V","L368V",0.23272192007815
"L",368,"W","L368W",0.276827560931054
"L",368,"Y","L368Y",0.269021228610944
"V",369,"A","V369A",0.473470933965667
"V",369,"C","V369C",0.229196350170625
"V",369,"D","V369D",-0.658736396634853
"V",369,"E","V369E",-0.552379087564321
"V",369,"F","V369F",0.159053659081624
"V",369,"G","V369G",-0.0184508883894445
"V",369,"H","V369H",-1.22202828237357
"V",369,"I","V369I",0.477496950170871
"V",369,"K","V369K",0.226614569261441
"V",369,"L","V369L",0.264456304017162
"V",369,"M","V369M",-1.0738437757221
"V",369,"N","V369N",0.56494420691019
"V",369,"P","V369P",-0.352339093885135
"V",369,"Q","V369Q",-0.493837634531666
"V",369,"R","V369R",0.272507983741277
"V",369,"S","V369S",0.484011567501813
"V",369,"T","V369T",-0.219342456949091
"V",369,"W","V369W",0.210277091363577
"V",369,"Y","V369Y",0.709314524324184
"K",370,"C","K370C",-0.580893911723666
"K",370,"D","K370D",-0.0741168203603127
"K",370,"E","K370E",-1.16171124928295
"K",370,"F","K370F",-1.17915853191447
"K",370,"G","K370G",0.21614392184377
"K",370,"H","K370H",0.504015920183896
"K",370,"I","K370I",-0.733199151857545
"K",370,"L","K370L",-0.165191866334596
"K",370,"M","K370M",-0.687906797545906
"K",370,"N","K370N",0.323394799801185
"K",370,"P","K370P",0.316949302630191
"K",370,"Q","K370Q",-0.270773545308073
"K",370,"R","K370R",3.54831533821981
"K",370,"S","K370S",-0.460124315295819
"K",370,"T","K370T",-0.390661100961672
"K",370,"V","K370V",-0.911195005423938
"K",370,"W","K370W",-1.34071042241851
"K",370,"Y","K370Y",-0.317709542853222
"G",371,"A","G371A",-0.112768175766138
"G",371,"C","G371C",-0.0817612410351582
"G",371,"D","G371D",0.0898219280039228
"G",371,"E","G371E",0.27874801506556
"G",371,"F","G371F",0.649614076247801
"G",371,"H","G371H",-0.104985469436403
"G",371,"I","G371I",-0.0205652733851618
"G",371,"K","G371K",0.479638596443959
"G",371,"L","G371L",-0.563145385146764
"G",371,"M","G371M",-0.388304314403162
"G",371,"N","G371N",0.876063868627282
"G",371,"P","G371P",-0.490505940782918
"G",371,"Q","G371Q",-0.0306149677402668
"G",371,"R","G371R",-0.274117284297241
"G",371,"S","G371S",0.663290231248716
"G",371,"T","G371T",-0.0303750583079256
"G",371,"V","G371V",-0.143044995014507
"G",371,"W","G371W",-0.347395589647153
"G",371,"Y","G371Y",-0.872520555825275
"F",372,"A","F372A",0.340296827627539
"F",372,"C","F372C",-0.809954040897247
"F",372,"D","F372D",4.49439543125518
"F",372,"E","F372E",2.83577046821532
"F",372,"G","F372G",0.35446000532305
"F",372,"H","F372H",-0.301130119109791
"F",372,"I","F372I",0.757346050854126
"F",372,"K","F372K",1.90440491834475
"F",372,"L","F372L",-0.921654449784025
"F",372,"M","F372M",1.29564629922402
"F",372,"N","F372N",0.58411522294856
"F",372,"P","F372P",-0.859425178106266
"F",372,"Q","F372Q",-0.319069086608009
"F",372,"R","F372R",3.94931640905736
"F",372,"S","F372S",0.619435437663764
"F",372,"T","F372T",-0.617770293581874
"F",372,"V","F372V",0.60256204206534
"F",372,"W","F372W",0.677084187916501
"F",372,"Y","F372Y",0.674602020292139
"Y",373,"A","Y373A",0.0201168671765302
"Y",373,"C","Y373C",-2.07890407954802
"Y",373,"D","Y373D",1.50031629019955
"Y",373,"E","Y373E",-0.135719033543248
"Y",373,"F","Y373F",-0.249570754939356
"Y",373,"G","Y373G",-1.3394286468798
"Y",373,"H","Y373H",0.747598960138164
"Y",373,"I","Y373I",-0.456450384408332
"Y",373,"K","Y373K",1.60096624521496
"Y",373,"L","Y373L",0.466846609608985
"Y",373,"M","Y373M",-0.621248841111535
"Y",373,"N","Y373N",-1.62867970044399
"Y",373,"P","Y373P",1.21287767404533
"Y",373,"Q","Y373Q",0.287901573731235
"Y",373,"R","Y373R",-1.39693165862279
"Y",373,"S","Y373S",-0.68028931931549
"Y",373,"T","Y373T",0.814669506993039
"Y",373,"V","Y373V",0.0825457050337612
"Y",373,"W","Y373W",0.789179119044642
"P",374,"A","P374A",0.187478273828684
"P",374,"C","P374C",0.594261752610041
"P",374,"D","P374D",-3.58304140781796
"P",374,"E","P374E",0.946781111418024
"P",374,"F","P374F",0.418709140967319
"P",374,"G","P374G",-0.243420475653366
"P",374,"H","P374H",-0.0057252740768495
"P",374,"I","P374I",-0.310082739218225
"P",374,"K","P374K",0.471984671068437
"P",374,"L","P374L",1.19027366964792
"P",374,"M","P374M",-0.27444684927652
"P",374,"N","P374N",-0.049052760632562
"P",374,"Q","P374Q",0.724989767619986
"P",374,"R","P374R",0.76537133934335
"P",374,"S","P374S",-0.0944707963890486
"P",374,"T","P374T",-1.27361924372382
"P",374,"V","P374V",-0.728866382115646
"P",374,"W","P374W",-0.134193135841447
"P",374,"Y","P374Y",2.32388837345905
"S",375,"A","S375A",-0.834594430983484
"S",375,"C","S375C",0.163487362016942
"S",375,"D","S375D",-2.0483018929019
"S",375,"E","S375E",-1.58341995779899
"S",375,"F","S375F",-0.220736293415033
"S",375,"G","S375G",-0.170014092767569
"S",375,"H","S375H",0.191557611702423
"S",375,"I","S375I",2.68438892011566
"S",375,"K","S375K",0.756619796475678
"S",375,"L","S375L",-0.330934199711724
"S",375,"M","S375M",-0.324135301453467
"S",375,"N","S375N",-0.685475506292534
"S",375,"P","S375P",0.575808294367355
"S",375,"Q","S375Q",0.519315364433385
"S",375,"R","S375R",-0.573570715688181
"S",375,"T","S375T",1.41196808464141
"S",375,"V","S375V",2.81607335322755
"S",375,"W","S375W",-0.305484405541336
"S",375,"Y","S375Y",1.05100632342679
"D",376,"A","D376A",-0.34171983335998
"D",376,"C","D376C",0.318501186145885
"D",376,"E","D376E",-0.333757311205557
"D",376,"F","D376F",-0.581076791491234
"D",376,"G","D376G",-1.19956586883445
"D",376,"H","D376H",0.18336421828835
"D",376,"I","D376I",0.937343988170731
"D",376,"K","D376K",-0.401662536440284
"D",376,"L","D376L",-1.22063930227076
"D",376,"M","D376M",0.212067737989521
"D",376,"N","D376N",-0.344846173206467
"D",376,"P","D376P",-1.26772891100985
"D",376,"Q","D376Q",1.92615979208674
"D",376,"R","D376R",0.912496463670076
"D",376,"S","D376S",-1.04495586082248
"D",376,"T","D376T",0.154652273954539
"D",376,"V","D376V",0.290003810815482
"D",376,"W","D376W",1.98263917911765
"D",376,"Y","D376Y",-0.459724666310905
"I",377,"A","I377A",1.35687361228914
"I",377,"C","I377C",-0.884915097081968
"I",377,"D","I377D",-0.993212131873415
"I",377,"E","I377E",-0.232003856044478
"I",377,"F","I377F",1.51668940949785
"I",377,"G","I377G",-0.480933485394306
"I",377,"H","I377H",1.03683403239674
"I",377,"K","I377K",2.59463350318413
"I",377,"L","I377L",-0.352162589712917
"I",377,"M","I377M",0.489677519203619
"I",377,"N","I377N",2.50696146682101
"I",377,"P","I377P",-2.01678105280817
"I",377,"Q","I377Q",0.12767799942331
"I",377,"R","I377R",0.690289431407337
"I",377,"S","I377S",0.586903260816178
"I",377,"T","I377T",1.01055653022956
"I",377,"V","I377V",0.105218257230636
"I",377,"W","I377W",0.106466042422087
"I",377,"Y","I377Y",1.90078190738724
"A",378,"C","A378C",0.253715117106117
"A",378,"D","A378D",-0.370353228695268
"A",378,"E","A378E",0.304233680929169
"A",378,"F","A378F",0.441505072960264
"A",378,"G","A378G",0.356859366810722
"A",378,"H","A378H",0.381552891944446
"A",378,"I","A378I",2.16598644393737
"A",378,"K","A378K",0.385728549763172
"A",378,"L","A378L",0.426697599338069
"A",378,"M","A378M",-0.210661150610851
"A",378,"N","A378N",0.242891287873446
"A",378,"P","A378P",0.50005434042037
"A",378,"Q","A378Q",0.322221771808892
"A",378,"R","A378R",-0.816778769654803
"A",378,"S","A378S",0.084311423060932
"A",378,"T","A378T",-0.388958789666995
"A",378,"V","A378V",1.91459707208538
"A",378,"W","A378W",0.964001355689254
"A",378,"Y","A378Y",0.106864105785697
"V",379,"A","V379A",0.769346509738735
"V",379,"C","V379C",0.00994532786992603
"V",379,"D","V379D",1.46503712756134
"V",379,"E","V379E",-0.0887246788080941
"V",379,"F","V379F",0.580689349780007
"V",379,"G","V379G",0.0814462358703853
"V",379,"H","V379H",2.10308401010424
"V",379,"I","V379I",-0.997966329042757
"V",379,"K","V379K",-1.03980266629088
"V",379,"L","V379L",0.270446186267988
"V",379,"M","V379M",-0.07607808493863
"V",379,"N","V379N",-0.236818527198034
"V",379,"P","V379P",0.00397313488013477
"V",379,"Q","V379Q",-0.244858296572972
"V",379,"R","V379R",-0.860972141887105
"V",379,"S","V379S",-0.0719294834362022
"V",379,"T","V379T",-0.119090014247719
"V",379,"W","V379W",2.55498263036898
"V",379,"Y","V379Y",2.51393894925287
"E",380,"A","E380A",-0.159078456099296
"E",380,"C","E380C",0.384428198123286
"E",380,"D","E380D",0.20584241279074
"E",380,"F","E380F",-0.0574193725985319
"E",380,"G","E380G",0.76793729749414
"E",380,"H","E380H",0.42013169722064
"E",380,"I","E380I",-0.371160965323389
"E",380,"K","E380K",0.440205092922069
"E",380,"L","E380L",1.49451107558781
"E",380,"M","E380M",-1.73975940395671
"E",380,"N","E380N",0.263193224479933
"E",380,"P","E380P",-0.58849913826445
"E",380,"Q","E380Q",-0.668662985465986
"E",380,"R","E380R",-0.465660571460021
"E",380,"S","E380S",-0.40588428226113
"E",380,"T","E380T",0.61901964755864
"E",380,"V","E380V",-0.632258003211326
"E",380,"W","E380W",1.35810542996716
"E",380,"Y","E380Y",0.224253082016155
"W",381,"A","W381A",1.64980984689906
"W",381,"C","W381C",-0.0592627418948423
"W",381,"D","W381D",0.600568135742311
"W",381,"E","W381E",-0.334866098714369
"W",381,"F","W381F",-0.407700897252948
"W",381,"G","W381G",2.29992804974204
"W",381,"H","W381H",-0.0866999162376306
"W",381,"I","W381I",-0.538482035192026
"W",381,"K","W381K",2.40914040703667
"W",381,"L","W381L",-0.383515433209839
"W",381,"M","W381M",0.188847951128897
"W",381,"N","W381N",0.771620562137267
"W",381,"P","W381P",-1.89518004076497
"W",381,"Q","W381Q",-1.9410156109111
"W",381,"R","W381R",0.894395542205039
"W",381,"S","W381S",0.41047970426262
"W",381,"T","W381T",-0.0636180568787909
"W",381,"V","W381V",0.000474600157774555
"W",381,"Y","W381Y",0.245059761162183
"E",382,"A","E382A",-0.457563620413384
"E",382,"C","E382C",1.14118106927213
"E",382,"D","E382D",-0.691050077773303
"E",382,"F","E382F",0.162304248366194
"E",382,"G","E382G",0.100349104701984
"E",382,"H","E382H",-0.777700208639022
"E",382,"I","E382I",0.676498650281852
"E",382,"K","E382K",-0.990056473109356
"E",382,"L","E382L",0.393725680679836
"E",382,"M","E382M",0.117027376450006
"E",382,"N","E382N",-0.591013655570605
"E",382,"P","E382P",-0.150245332371747
"E",382,"Q","E382Q",-0.025719876498718
"E",382,"R","E382R",-0.93717593904089
"E",382,"S","E382S",-0.353191708464487
"E",382,"T","E382T",-0.431829961847137
"E",382,"V","E382V",-0.471420052930925
"E",382,"W","E382W",0.596450194258326
"E",382,"Y","E382Y",-0.114940579032004
"S",383,"A","S383A",-0.0495928037268281
"S",383,"C","S383C",-0.172807299132331
"S",383,"D","S383D",-0.00150161001592576
"S",383,"E","S383E",-0.0780045393202706
"S",383,"F","S383F",0.0604172897584083
"S",383,"G","S383G",0.610209448784453
"S",383,"H","S383H",0.012185203192785
"S",383,"I","S383I",-0.944691583399463
"S",383,"K","S383K",-0.199194879714237
"S",383,"L","S383L",-0.107714266562843
"S",383,"M","S383M",-0.136448871971281
"S",383,"N","S383N",1.28189588009903
"S",383,"P","S383P",0.380683038687788
"S",383,"Q","S383Q",0.454965161550322
"S",383,"R","S383R",-0.0405202752297084
"S",383,"T","S383T",-0.662512323269396
"S",383,"V","S383V",-0.458064511880391
"S",383,"W","S383W",-0.166316364430149
"S",383,"Y","S383Y",0.151849401252497
"N",384,"A","N384A",0.129146212782271
"N",384,"C","N384C",-1.40258610413311
"N",384,"D","N384D",-0.606321622501882
"N",384,"E","N384E",-0.175309236682016
"N",384,"F","N384F",0.00172173048707746
"N",384,"G","N384G",-0.148165192633242
"N",384,"H","N384H",0.160542738397776
"N",384,"I","N384I",0.494266243637748
"N",384,"K","N384K",-0.672803924199318
"N",384,"L","N384L",-0.184207691563149
"N",384,"M","N384M",-0.888458913088627
"N",384,"P","N384P",-1.13676723733392
"N",384,"Q","N384Q",0.591695493747572
"N",384,"R","N384R",-1.28447925279438
"N",384,"S","N384S",0.262218686592062
"N",384,"T","N384T",0.379817533800292
"N",384,"V","N384V",-1.22203107798387
"N",384,"W","N384W",-0.830361520628293
"N",384,"Y","N384Y",0.198988031450325
"G",385,"A","G385A",0.0193427208603909
"G",385,"C","G385C",0.704695070079115
"G",385,"D","G385D",1.77313279593581
"G",385,"E","G385E",0.952529389424003
"G",385,"F","G385F",0.225514147795432
"G",385,"H","G385H",-1.9297508462823
"G",385,"I","G385I",-1.95287265114844
"G",385,"K","G385K",0.0173461433643058
"G",385,"L","G385L",0.0124148736396584
"G",385,"M","G385M",-0.810417830993902
"G",385,"N","G385N",0.741756864214354
"G",385,"P","G385P",-0.282040868969602
"G",385,"Q","G385Q",-0.169615105639376
"G",385,"R","G385R",0.309465379353546
"G",385,"S","G385S",0.18133713937079
"G",385,"T","G385T",-1.06022031670034
"G",385,"V","G385V",-0.0551585559318966
"G",385,"W","G385W",-0.267012196744752
"G",385,"Y","G385Y",0.536814644189081
"Q",386,"A","Q386A",0.129375676182455
"Q",386,"C","Q386C",-0.753923817262528
"Q",386,"D","Q386D",-0.321180586470369
"Q",386,"E","Q386E",-0.133183379277859
"Q",386,"F","Q386F",-0.243386017096619
"Q",386,"G","Q386G",-0.0533640094273238
"Q",386,"H","Q386H",-0.979779398679715
"Q",386,"I","Q386I",0.290577353158529
"Q",386,"K","Q386K",0.0513563280043803
"Q",386,"L","Q386L",0.197894387666622
"Q",386,"M","Q386M",-0.291439872390989
"Q",386,"N","Q386N",-0.440217333746092
"Q",386,"P","Q386P",-0.929570090744843
"Q",386,"R","Q386R",0.0662396842768977
"Q",386,"S","Q386S",2.14570821931584
"Q",386,"V","Q386V",-0.324685594002821
"Q",386,"W","Q386W",0.192885231008566
"Q",386,"Y","Q386Y",-1.3677861091554
"P",387,"A","P387A",0.00725094631963787
"P",387,"C","P387C",-1.28621643132194
"P",387,"D","P387D",0.193340753344351
"P",387,"E","P387E",-0.0267322591985895
"P",387,"F","P387F",-1.17501926196641
"P",387,"G","P387G",0.148219907347239
"P",387,"H","P387H",-0.459788171196052
"P",387,"I","P387I",-0.00870282676545326
"P",387,"K","P387K",-0.349829305530402
"P",387,"L","P387L",2.13020900852269
"P",387,"M","P387M",-0.34733436978603
"P",387,"N","P387N",0.169755992574567
"P",387,"Q","P387Q",0.313827527875493
"P",387,"R","P387R",0.325669416615706
"P",387,"S","P387S",-0.621788504316875
"P",387,"T","P387T",0.284100945028184
"P",387,"V","P387V",-0.424549899248941
"P",387,"W","P387W",-1.15984227602664
"P",387,"Y","P387Y",-0.967687944536421
"E",388,"A","E388A",-0.105292996246578
"E",388,"C","E388C",-0.330285440263374
"E",388,"D","E388D",0.282260103385169
"E",388,"F","E388F",0.10152667945763
"E",388,"G","E388G",0.545156627813289
"E",388,"H","E388H",-0.0537512968602875
"E",388,"I","E388I",-0.581877662006406
"E",388,"K","E388K",-1.2612238496453
"E",388,"L","E388L",0.571064758373025
"E",388,"M","E388M",0.48414724353448
"E",388,"N","E388N",-0.253521229128749
"E",388,"P","E388P",0.243256563688682
"E",388,"Q","E388Q",0.403641686948734
"E",388,"R","E388R",1.39377389449475
"E",388,"S","E388S",0.115578266757075
"E",388,"T","E388T",-0.570076223203616
"E",388,"V","E388V",-0.488122466698426
"E",388,"W","E388W",1.08321541610468
"E",388,"Y","E388Y",-0.0518823791841329
"N",389,"A","N389A",-0.584268355360005
"N",389,"C","N389C",-0.355998923132134
"N",389,"D","N389D",-0.477558958781534
"N",389,"E","N389E",-0.98621107042361
"N",389,"F","N389F",0.360264783128502
"N",389,"G","N389G",3.39592438969838
"N",389,"H","N389H",-2.11329846080364
"N",389,"I","N389I",-1.59805709336507
"N",389,"K","N389K",-0.270217616698955
"N",389,"L","N389L",0.454611928597448
"N",389,"M","N389M",0.570496275512571
"N",389,"P","N389P",0.223927881227223
"N",389,"Q","N389Q",0.218326846349809
"N",389,"R","N389R",-0.497576784971883
"N",389,"S","N389S",-0.360495131357984
"N",389,"T","N389T",-2.44336335929207
"N",389,"V","N389V",-0.362034327336582
"N",389,"W","N389W",-1.25524150242626
"N",389,"Y","N389Y",0.667108151223343
"N",390,"A","N390A",-0.57048598485848
"N",390,"C","N390C",1.29589812000843
"N",390,"D","N390D",0.306417037579383
"N",390,"E","N390E",-0.510089555930208
"N",390,"F","N390F",1.00260923052996
"N",390,"G","N390G",-0.563311765592513
"N",390,"H","N390H",0.417962476892992
"N",390,"I","N390I",0.586534991236241
"N",390,"K","N390K",-0.241552285662475
"N",390,"L","N390L",0.806524150167731
"N",390,"M","N390M",0.689900691811595
"N",390,"P","N390P",-0.834183400171422
"N",390,"Q","N390Q",0.395994759959614
"N",390,"R","N390R",0.49829049761578
"N",390,"S","N390S",0.272466662828897
"N",390,"T","N390T",0.392460628762078
"N",390,"V","N390V",-0.389794212073411
"N",390,"W","N390W",0.738693292914328
"N",390,"Y","N390Y",0.219059472974695
"Y",391,"A","Y391A",0.102769959252564
"Y",391,"C","Y391C",-0.132794951966864
"Y",391,"D","Y391D",0.183249375007263
"Y",391,"E","Y391E",-0.88015655575053
"Y",391,"F","Y391F",-0.428868516558111
"Y",391,"G","Y391G",0.105652098182993
"Y",391,"H","Y391H",0.615887618127634
"Y",391,"I","Y391I",0.0717011689580272
"Y",391,"K","Y391K",-1.01320356159379
"Y",391,"L","Y391L",-0.288476911743793
"Y",391,"M","Y391M",0.592963151367684
"Y",391,"N","Y391N",-0.58979343789199
"Y",391,"P","Y391P",-0.713258040814969
"Y",391,"Q","Y391Q",0.165829038228694
"Y",391,"R","Y391R",0.443348332975588
"Y",391,"S","Y391S",-0.743304424742826
"Y",391,"T","Y391T",1.12885920716111
"Y",391,"V","Y391V",0.0909772610427819
"Y",391,"W","Y391W",0.915823155778962
"K",392,"A","K392A",0.0916402807772436
"K",392,"C","K392C",0.394177506458955
"K",392,"D","K392D",-0.543345036046712
"K",392,"E","K392E",0.97217939891119
"K",392,"F","K392F",0.861521492050496
"K",392,"G","K392G",1.06062961280342
"K",392,"H","K392H",0.526861891914339
"K",392,"I","K392I",-0.14127732253104
"K",392,"L","K392L",0.083475391361464
"K",392,"M","K392M",-0.542500104914259
"K",392,"N","K392N",0.0178166103069059
"K",392,"P","K392P",-0.0863243991946889
"K",392,"Q","K392Q",0.48246179209304
"K",392,"R","K392R",0.596967218387972
"K",392,"S","K392S",-0.91111298936673
"K",392,"T","K392T",-1.15172405495275
"K",392,"V","K392V",-1.45640836803574
"K",392,"W","K392W",0.323559876523074
"K",392,"Y","K392Y",-0.250826919393499
"T",393,"A","T393A",-0.583366176709748
"T",393,"C","T393C",-0.211421521456668
"T",393,"D","T393D",-0.326017044756714
"T",393,"E","T393E",0.767296129237956
"T",393,"F","T393F",0.17267186995465
"T",393,"G","T393G",-0.13911076075599
"T",393,"H","T393H",-1.37451091118112
"T",393,"I","T393I",-1.31750563471852
"T",393,"K","T393K",-0.970617941863239
"T",393,"L","T393L",-0.0639378150496992
"T",393,"M","T393M",0.316656836174096
"T",393,"N","T393N",-0.696697599354431
"T",393,"P","T393P",-0.340313585007783
"T",393,"Q","T393Q",-0.213819072399608
"T",393,"R","T393R",0.00135169580156357
"T",393,"S","T393S",-0.350065301970943
"T",393,"V","T393V",0.124496524748732
"T",393,"W","T393W",-1.83181703930932
"T",393,"Y","T393Y",-0.599957355676329
"T",394,"A","T394A",0.593997898817289
"T",394,"C","T394C",-0.767383563674387
"T",394,"D","T394D",1.21677283087281
"T",394,"E","T394E",0.493519114228192
"T",394,"F","T394F",-0.67440264195848
"T",394,"G","T394G",0.218783549836839
"T",394,"H","T394H",0.902685244169757
"T",394,"I","T394I",1.16868351616993
"T",394,"K","T394K",0.269177651437491
"T",394,"L","T394L",1.86961393039753
"T",394,"M","T394M",0.36854602048485
"T",394,"N","T394N",1.42094208262607
"T",394,"P","T394P",1.23679779469719
"T",394,"Q","T394Q",-0.418699596142904
"T",394,"R","T394R",1.64746275102565
"T",394,"S","T394S",0.0882044427802141
"T",394,"V","T394V",0.660892740366335
"T",394,"W","T394W",0.36428183541172
"T",394,"Y","T394Y",2.35111836191493
"P",395,"A","P395A",0.128402796664931
"P",395,"C","P395C",0.29840998126827
"P",395,"D","P395D",0.790387004354651
"P",395,"E","P395E",-0.0806324690756555
"P",395,"F","P395F",0.689523541877378
"P",395,"G","P395G",-0.066099768449761
"P",395,"H","P395H",-0.174065020680535
"P",395,"I","P395I",-0.572388168599057
"P",395,"K","P395K",-0.73329261785618
"P",395,"L","P395L",0.441968172424817
"P",395,"M","P395M",0.0624985281168948
"P",395,"N","P395N",0.490268635528807
"P",395,"Q","P395Q",-0.274416607658674
"P",395,"R","P395R",0.464840163771479
"P",395,"S","P395S",-0.7483198111413
"P",395,"T","P395T",0.90457953089743
"P",395,"V","P395V",1.58043252607856
"P",395,"W","P395W",-1.38603844844383
"P",395,"Y","P395Y",-0.0561642598564473
"P",396,"A","P396A",-0.919360680551977
"P",396,"C","P396C",1.41083970553245
"P",396,"D","P396D",1.38545838544774
"P",396,"E","P396E",0.940944699916465
"P",396,"F","P396F",3.86401396686492
"P",396,"G","P396G",0.45390535757851
"P",396,"H","P396H",2.24690504831047
"P",396,"I","P396I",1.35299840284957
"P",396,"K","P396K",-0.221415760914304
"P",396,"L","P396L",2.61487743147473
"P",396,"M","P396M",1.2235421192628
"P",396,"N","P396N",0.724128960318596
"P",396,"Q","P396Q",0.823302501899915
"P",396,"R","P396R",0.711493606825537
"P",396,"S","P396S",-1.87078326253407
"P",396,"T","P396T",1.0698974319659
"P",396,"V","P396V",1.1984244467556
"P",396,"W","P396W",1.39981055069019
"P",396,"Y","P396Y",0.976496263964449
"V",397,"A","V397A",0.165286862165419
"V",397,"C","V397C",-1.25666774841958
"V",397,"D","V397D",2.27369924652946
"V",397,"E","V397E",0.844058821145341
"V",397,"F","V397F",0.394775117732538
"V",397,"G","V397G",-0.400543796324485
"V",397,"H","V397H",0.722446376247323
"V",397,"I","V397I",0.454669438071259
"V",397,"K","V397K",0.376146452362253
"V",397,"L","V397L",1.66489910152811
"V",397,"M","V397M",2.8281351602287
"V",397,"N","V397N",-0.666795834613647
"V",397,"P","V397P",-0.350519574433718
"V",397,"Q","V397Q",1.67251132822311
"V",397,"R","V397R",-0.0882809750296592
"V",397,"S","V397S",0.721121677683651
"V",397,"T","V397T",-0.494607228421796
"V",397,"W","V397W",-0.641072593938077
"V",397,"Y","V397Y",0.693253339400688
"L",398,"A","L398A",0.182375866473359
"L",398,"C","L398C",-0.84488177339786
"L",398,"D","L398D",0.360591112993587
"L",398,"E","L398E",-0.952658595416488
"L",398,"F","L398F",1.10817280107444
"L",398,"G","L398G",0.732778190007517
"L",398,"H","L398H",0.441200691299237
"L",398,"I","L398I",-0.356981485594975
"L",398,"K","L398K",-0.310572756402178
"L",398,"M","L398M",0.559421124573573
"L",398,"N","L398N",-0.132435767520129
"L",398,"P","L398P",0.968042256832898
"L",398,"Q","L398Q",0.0254655116139826
"L",398,"R","L398R",0.586102670934148
"L",398,"S","L398S",-0.172035375494424
"L",398,"T","L398T",-1.19549199503329
"L",398,"V","L398V",0.290462754441054
"L",398,"W","L398W",0.0946787668624229
"L",398,"Y","L398Y",0.337262734215281
"D",399,"A","D399A",-0.927824425176631
"D",399,"C","D399C",-0.307048121566533
"D",399,"E","D399E",-1.24386129013993
"D",399,"F","D399F",-0.239019448192753
"D",399,"G","D399G",0.542299054961603
"D",399,"H","D399H",0.573617277704259
"D",399,"I","D399I",0.00142551113043292
"D",399,"K","D399K",-0.787362180242117
"D",399,"L","D399L",-1.08832661103431
"D",399,"M","D399M",-0.697117187074926
"D",399,"N","D399N",-1.37848908444521
"D",399,"P","D399P",-0.364582519081805
"D",399,"Q","D399Q",0.696105941447302
"D",399,"R","D399R",1.67151173075682
"D",399,"S","D399S",-0.758568205176024
"D",399,"T","D399T",-1.47440662167217
"D",399,"V","D399V",-4.67044248701319
"D",399,"W","D399W",-0.248816996693419
"D",399,"Y","D399Y",-0.45880304573149
"S",400,"A","S400A",0.21418238662385
"S",400,"C","S400C",0.365865114437756
"S",400,"D","S400D",-0.278138992135973
"S",400,"E","S400E",-0.272537270922451
"S",400,"F","S400F",-0.469735912549594
"S",400,"G","S400G",-1.63632050298495
"S",400,"H","S400H",0.882129262551128
"S",400,"I","S400I",-0.516545320629302
"S",400,"K","S400K",-0.443048146109362
"S",400,"L","S400L",-0.143363779634105
"S",400,"M","S400M",-0.124472408344206
"S",400,"N","S400N",-0.527178865141501
"S",400,"P","S400P",-1.23259348011873
"S",400,"Q","S400Q",-0.4555633236299
"S",400,"R","S400R",-0.329379981851715
"S",400,"T","S400T",0.492112272330893
"S",400,"V","S400V",0.584952209688878
"S",400,"W","S400W",-0.0344693825729106
"S",400,"Y","S400Y",0.381486979202324
"D",401,"A","D401A",-0.193157687370131
"D",401,"C","D401C",0.396960562436804
"D",401,"E","D401E",-0.507486441829323
"D",401,"F","D401F",-0.115907991225217
"D",401,"G","D401G",-1.35379152402928
"D",401,"H","D401H",0.114876147927685
"D",401,"I","D401I",-0.0723392365846377
"D",401,"K","D401K",-1.02964399317569
"D",401,"L","D401L",-0.868734392358724
"D",401,"M","D401M",-0.38616936050023
"D",401,"N","D401N",-0.63134675081478
"D",401,"P","D401P",-2.00507108329837
"D",401,"Q","D401Q",-0.357801271281276
"D",401,"R","D401R",0.082518158168443
"D",401,"S","D401S",-0.20145407745277
"D",401,"T","D401T",0.0240864750774781
"D",401,"V","D401V",0.560412760538131
"D",401,"W","D401W",0.112184618450941
"D",401,"Y","D401Y",0.557317727566393
"G",402,"A","G402A",0.197965435351908
"G",402,"C","G402C",-0.528737337683968
"G",402,"D","G402D",-0.190544802101406
"G",402,"E","G402E",0.206495735885696
"G",402,"F","G402F",0.0512733699767299
"G",402,"H","G402H",-0.269702691940982
"G",402,"I","G402I",0.020709177011522
"G",402,"K","G402K",0.398153893946548
"G",402,"L","G402L",0.149591983625346
"G",402,"M","G402M",-0.776765526291018
"G",402,"N","G402N",0.0314079952936117
"G",402,"P","G402P",0.880880124549023
"G",402,"Q","G402Q",-0.724528244803232
"G",402,"R","G402R",-0.986513376975063
"G",402,"S","G402S",0.742772729039198
"G",402,"T","G402T",0.0143283378751057
"G",402,"V","G402V",-0.374550603532519
"G",402,"W","G402W",0.190279313926067
"G",402,"Y","G402Y",0.174132009299926
"S",403,"A","S403A",-0.329368114207381
"S",403,"C","S403C",-0.033320431236845
"S",403,"D","S403D",-0.0832308033203828
"S",403,"E","S403E",-0.0511531587730381
"S",403,"F","S403F",-0.0980115410594866
"S",403,"G","S403G",-1.54315158014762
"S",403,"H","S403H",-0.0164207763477037
"S",403,"I","S403I",-0.612507014633133
"S",403,"K","S403K",1.96683518553452
"S",403,"L","S403L",0.292889707573322
"S",403,"M","S403M",-0.198977391755599
"S",403,"N","S403N",-0.0537002369242855
"S",403,"P","S403P",-0.570977148084881
"S",403,"Q","S403Q",-0.546770151194171
"S",403,"R","S403R",0.29508663467976
"S",403,"T","S403T",-0.624962227005149
"S",403,"V","S403V",-0.555942173574632
"S",403,"W","S403W",-0.213552864768892
"S",403,"Y","S403Y",0.531794589585872
"F",404,"A","F404A",1.4291791900997
"F",404,"C","F404C",-0.0108489418658172
"F",404,"D","F404D",0.849369525563766
"F",404,"E","F404E",0.852357029955281
"F",404,"G","F404G",0.119426025611004
"F",404,"H","F404H",0.11677034529929
"F",404,"I","F404I",1.74042204313653
"F",404,"K","F404K",-0.0390745667528422
"F",404,"L","F404L",-0.964362272620211
"F",404,"M","F404M",-0.927217492861683
"F",404,"N","F404N",-1.27422196418308
"F",404,"P","F404P",0.593992465775335
"F",404,"Q","F404Q",1.43295208482933
"F",404,"R","F404R",2.3458756407942
"F",404,"S","F404S",0.517910757348237
"F",404,"T","F404T",1.08385455988255
"F",404,"V","F404V",0.0101125847258256
"F",404,"W","F404W",0.470425775631613
"F",404,"Y","F404Y",-0.0197795308309184
"F",405,"A","F405A",-1.12514139473132
"F",405,"C","F405C",-0.133363361763304
"F",405,"D","F405D",1.83016113379623
"F",405,"E","F405E",1.24980766664071
"F",405,"G","F405G",0.518852255283011
"F",405,"H","F405H",-0.12036903013004
"F",405,"I","F405I",0.423122236400389
"F",405,"K","F405K",-0.657257128092496
"F",405,"L","F405L",-0.172315758682469
"F",405,"M","F405M",-0.424319174640438
"F",405,"N","F405N",0.814457380447823
"F",405,"P","F405P",-0.0126573748206543
"F",405,"Q","F405Q",0.593789054725094
"F",405,"R","F405R",-0.426557761430731
"F",405,"S","F405S",-0.484759344763246
"F",405,"T","F405T",0.0165232446226346
"F",405,"V","F405V",-0.667162549918827
"F",405,"W","F405W",1.72145144503877
"F",405,"Y","F405Y",-0.618308036835976
"L",406,"A","L406A",-1.20503490167849
"L",406,"C","L406C",-0.9328718819414
"L",406,"D","L406D",-1.13213415820155
"L",406,"E","L406E",0.508768114136266
"L",406,"F","L406F",2.33535415187849
"L",406,"G","L406G",-0.459230473205601
"L",406,"H","L406H",1.6737906797756
"L",406,"I","L406I",0.351472956679324
"L",406,"K","L406K",-0.809351147751674
"L",406,"M","L406M",-1.82324009734772
"L",406,"N","L406N",-0.406271645491153
"L",406,"P","L406P",-0.155332514906279
"L",406,"Q","L406Q",-0.748986969214664
"L",406,"R","L406R",-0.705629452422352
"L",406,"S","L406S",-0.879836730494824
"L",406,"T","L406T",-0.171848049231901
"L",406,"V","L406V",-0.328522306788793
"L",406,"W","L406W",0.723508511582726
"L",406,"Y","L406Y",1.44937927376922
"Y",407,"A","Y407A",-0.331754428614161
"Y",407,"C","Y407C",-0.027662060896334
"Y",407,"D","Y407D",0.00986336979021596
"Y",407,"E","Y407E",-0.524994062866748
"Y",407,"F","Y407F",-0.42549303793486
"Y",407,"G","Y407G",-0.832119846138807
"Y",407,"H","Y407H",0.213134801578692
"Y",407,"I","Y407I",-0.561558079212156
"Y",407,"K","Y407K",2.18894591477049
"Y",407,"L","Y407L",-0.278852124450886
"Y",407,"M","Y407M",-0.998475993614457
"Y",407,"N","Y407N",-0.594109530672536
"Y",407,"P","Y407P",-1.33713207683943
"Y",407,"Q","Y407Q",-0.273108169187118
"Y",407,"R","Y407R",1.07452258571625
"Y",407,"S","Y407S",0.636240984133988
"Y",407,"T","Y407T",0.294161483540687
"Y",407,"V","Y407V",-0.986146993312053
"Y",407,"W","Y407W",2.45166357910844
"S",408,"A","S408A",0.428570765270295
"S",408,"C","S408C",0.763096784031541
"S",408,"D","S408D",-0.100304161121806
"S",408,"E","S408E",-0.520365903725064
"S",408,"F","S408F",0.814297447045873
"S",408,"G","S408G",-0.308566993295559
"S",408,"H","S408H",0.730038204365701
"S",408,"I","S408I",-0.567924051439364
"S",408,"K","S408K",1.4263211393626
"S",408,"L","S408L",-0.488489973808757
"S",408,"M","S408M",0.196024088641313
"S",408,"N","S408N",-0.116320321725028
"S",408,"P","S408P",-0.619401892692248
"S",408,"Q","S408Q",-0.874384756906949
"S",408,"R","S408R",1.71545414908178
"S",408,"T","S408T",0.795292235100063
"S",408,"V","S408V",-0.474991595218016
"S",408,"W","S408W",-0.869445806981739
"S",408,"Y","S408Y",1.43458498128524
"K",409,"A","K409A",-0.16994696658067
"K",409,"C","K409C",-0.0163254383923221
"K",409,"D","K409D",-1.03107910707632
"K",409,"E","K409E",-0.617449580455459
"K",409,"F","K409F",-0.706692758121473
"K",409,"G","K409G",-0.414960250791629
"K",409,"H","K409H",-0.609466782389369
"K",409,"I","K409I",0.0473272012044553
"K",409,"L","K409L",-0.889602642852052
"K",409,"M","K409M",-0.753189273745716
"K",409,"N","K409N",2.89263064319273
"K",409,"P","K409P",0.159353357203767
"K",409,"Q","K409Q",-1.01888282372891
"K",409,"R","K409R",-3.03743206628239
"K",409,"S","K409S",0.505664965438987
"K",409,"T","K409T",-0.946879822315625
"K",409,"V","K409V",-0.0972626056190685
"K",409,"W","K409W",0.689408444201006
"K",409,"Y","K409Y",-0.32046800476166
"L",410,"A","L410A",0.655237888365719
"L",410,"C","L410C",-0.997163569594119
"L",410,"D","L410D",0.096449098540251
"L",410,"E","L410E",0.344388506967705
"L",410,"F","L410F",0.0206647919375054
"L",410,"G","L410G",-0.54577165736341
"L",410,"H","L410H",-0.784750286112518
"L",410,"I","L410I",-0.376065925712753
"L",410,"K","L410K",1.09211594919179
"L",410,"M","L410M",0.273989535199415
"L",410,"N","L410N",0.445852241701141
"L",410,"P","L410P",1.09560530442404
"L",410,"Q","L410Q",-0.0146091078287487
"L",410,"R","L410R",-0.0578377553824861
"L",410,"S","L410S",0.0770054188069435
"L",410,"T","L410T",-1.50268818739289
"L",410,"V","L410V",-0.38024490707297
"L",410,"W","L410W",0.115299079788073
"L",410,"Y","L410Y",0.322832049359312
"T",411,"A","T411A",0.208804132247932
"T",411,"C","T411C",0.0338550683126185
"T",411,"D","T411D",-0.0946079900913207
"T",411,"E","T411E",0.0371416613644765
"T",411,"F","T411F",0.596001680329835
"T",411,"G","T411G",0.69603125756664
"T",411,"H","T411H",-0.770139579653451
"T",411,"I","T411I",0.193977738721222
"T",411,"K","T411K",0.203166427565213
"T",411,"L","T411L",0.585263931660606
"T",411,"M","T411M",-0.17207160623661
"T",411,"N","T411N",-0.660989278923376
"T",411,"P","T411P",-0.123121321042065
"T",411,"Q","T411Q",0.604387801785627
"T",411,"R","T411R",0.681583011913868
"T",411,"S","T411S",0.00564209846196534
"T",411,"V","T411V",-0.215974918793566
"T",411,"W","T411W",-1.26803301462906
"T",411,"Y","T411Y",-0.82228920921168
"V",412,"A","V412A",0.775318337618554
"V",412,"C","V412C",0.936335892237361
"V",412,"D","V412D",-0.293468825006397
"V",412,"E","V412E",0.617796384160706
"V",412,"F","V412F",0.581237634365996
"V",412,"G","V412G",0.0748985882134248
"V",412,"H","V412H",-0.282572637640039
"V",412,"I","V412I",-0.382410945632532
"V",412,"K","V412K",0.87018493798798
"V",412,"L","V412L",-0.275171081047462
"V",412,"M","V412M",0.302297483629168
"V",412,"N","V412N",-0.554923599605376
"V",412,"P","V412P",-0.606882076313595
"V",412,"Q","V412Q",1.54332743858883
"V",412,"R","V412R",0.0529507786982748
"V",412,"S","V412S",0.579545694688236
"V",412,"T","V412T",-0.427788211658876
"V",412,"W","V412W",0.0228613249178873
"V",412,"Y","V412Y",-1.81929327590773
"D",413,"A","D413A",0.179315564494687
"D",413,"C","D413C",1.3583122581827
"D",413,"E","D413E",-0.679551838177288
"D",413,"F","D413F",0.4658896051217
"D",413,"G","D413G",-0.123772470342508
"D",413,"H","D413H",0.408862753694808
"D",413,"I","D413I",-1.15876131421437
"D",413,"K","D413K",0.417705174025884
"D",413,"L","D413L",0.71232159474557
"D",413,"M","D413M",-2.24470942423262
"D",413,"N","D413N",-1.25100653636871
"D",413,"P","D413P",0.534224055235801
"D",413,"Q","D413Q",0.010438480985334
"D",413,"R","D413R",-0.417292911228754
"D",413,"S","D413S",0.448683897583007
"D",413,"T","D413T",0.568242303361083
"D",413,"V","D413V",0.0272507318181261
"D",413,"W","D413W",0.622719654190449
"D",413,"Y","D413Y",0.153339241368198
"K",414,"A","K414A",-0.464239028424605
"K",414,"C","K414C",-0.85488209500639
"K",414,"D","K414D",-0.539990456875257
"K",414,"E","K414E",-0.0959305259355071
"K",414,"F","K414F",-0.214880622544611
"K",414,"G","K414G",-0.00176951284311361
"K",414,"H","K414H",-1.20619526730583
"K",414,"I","K414I",0.346845281003841
"K",414,"L","K414L",0.0481487635873428
"K",414,"M","K414M",-0.868440661944644
"K",414,"N","K414N",-0.716052150979601
"K",414,"P","K414P",-0.224760954634732
"K",414,"Q","K414Q",-1.37901864826355
"K",414,"R","K414R",-0.360319752406846
"K",414,"S","K414S",-0.323491491746127
"K",414,"T","K414T",-0.636317376246798
"K",414,"V","K414V",0.317081357771342
"K",414,"W","K414W",-0.0280007334858872
"K",414,"Y","K414Y",0.48282764303841
"S",415,"A","S415A",-0.746394994601019
"S",415,"C","S415C",-1.46871220686252
"S",415,"D","S415D",-1.17397212794862
"S",415,"E","S415E",-0.261998715316216
"S",415,"F","S415F",-0.34023246222802
"S",415,"G","S415G",-1.08833176855756
"S",415,"H","S415H",-0.210398958516325
"S",415,"I","S415I",-0.125025732016785
"S",415,"K","S415K",0.0318656017950015
"S",415,"L","S415L",0.277984956427435
"S",415,"M","S415M",-1.83995736074901
"S",415,"N","S415N",-0.314433687416951
"S",415,"P","S415P",1.46165700778324
"S",415,"Q","S415Q",0.437614457382653
"S",415,"R","S415R",-0.148049069570084
"S",415,"T","S415T",-0.431300798981871
"S",415,"V","S415V",0.406969304802116
"S",415,"W","S415W",-0.470708218869742
"S",415,"Y","S415Y",0.826557973115376
"R",416,"A","R416A",-0.621259853633413
"R",416,"C","R416C",0.0703759494855232
"R",416,"D","R416D",-0.778121813061129
"R",416,"E","R416E",0.397958812980133
"R",416,"F","R416F",-0.986505243305973
"R",416,"G","R416G",0.0617664645016568
"R",416,"H","R416H",-0.192645776353491
"R",416,"I","R416I",0.022180072507885
"R",416,"K","R416K",-0.0590837994512394
"R",416,"L","R416L",0.541332395155631
"R",416,"M","R416M",-0.115315015032885
"R",416,"N","R416N",-0.97023352689574
"R",416,"P","R416P",-0.736796917866891
"R",416,"Q","R416Q",-0.880456443997839
"R",416,"S","R416S",0.235511735598973
"R",416,"T","R416T",-0.594320606901832
"R",416,"V","R416V",-1.62147919227134
"R",416,"W","R416W",-0.483496456391901
"R",416,"Y","R416Y",0.221059276035085
"W",417,"A","W417A",-0.658468950261217
"W",417,"C","W417C",-0.029437644269351
"W",417,"D","W417D",-0.0458324618978237
"W",417,"E","W417E",0.000741018601746567
"W",417,"F","W417F",-1.02176254156204
"W",417,"G","W417G",-0.00320900271899627
"W",417,"H","W417H",0.203496820193455
"W",417,"I","W417I",0.631350721005563
"W",417,"K","W417K",-0.516110330835647
"W",417,"L","W417L",0.661225455521928
"W",417,"M","W417M",-0.786633859608575
"W",417,"N","W417N",-0.0758550888221979
"W",417,"P","W417P",-0.406657687137377
"W",417,"Q","W417Q",0.311440113499545
"W",417,"R","W417R",-0.516459047658201
"W",417,"S","W417S",0.321580469709381
"W",417,"T","W417T",-0.795208512949589
"W",417,"V","W417V",-0.0781583839379009
"W",417,"Y","W417Y",0.0999625173857597
"Q",418,"A","Q418A",-0.568807630356818
"Q",418,"C","Q418C",-0.101597218896429
"Q",418,"D","Q418D",0.284080455918953
"Q",418,"E","Q418E",-0.707367060094437
"Q",418,"F","Q418F",0.182820896692927
"Q",418,"G","Q418G",-0.34290314623437
"Q",418,"H","Q418H",0.238892491900313
"Q",418,"I","Q418I",-1.26598321363859
"Q",418,"K","Q418K",-0.443659560701023
"Q",418,"L","Q418L",0.117621730160894
"Q",418,"M","Q418M",-0.816997893976193
"Q",418,"N","Q418N",0.754907462543173
"Q",418,"P","Q418P",0.0417026111702435
"Q",418,"R","Q418R",-0.198325911280513
"Q",418,"S","Q418S",-0.0249064867862359
"Q",418,"T","Q418T",0.164409441677318
"Q",418,"V","Q418V",1.0807463551589
"Q",418,"W","Q418W",0.69095804426741
"Q",418,"Y","Q418Y",0.243079285409652
"Q",419,"A","Q419A",0.470298487944962
"Q",419,"C","Q419C",-0.395829194674369
"Q",419,"D","Q419D",-0.375897494594116
"Q",419,"E","Q419E",-0.127084288349677
"Q",419,"F","Q419F",0.621584857161126
"Q",419,"G","Q419G",0.547753355356175
"Q",419,"H","Q419H",0.318054136186673
"Q",419,"I","Q419I",0.563969762804317
"Q",419,"K","Q419K",0.0645622374760854
"Q",419,"L","Q419L",-0.214583518237783
"Q",419,"M","Q419M",-0.242374668490618
"Q",419,"N","Q419N",-1.54273112983535
"Q",419,"P","Q419P",0.424292121464698
"Q",419,"R","Q419R",-0.162916827238692
"Q",419,"S","Q419S",-1.88365447851167
"Q",419,"T","Q419T",0.00703595142881681
"Q",419,"V","Q419V",-0.283092240093538
"Q",419,"W","Q419W",1.31799038157244
"Q",419,"Y","Q419Y",0.189106128633225
"G",420,"A","G420A",0.0633412030841577
"G",420,"C","G420C",0.134500895668025
"G",420,"D","G420D",-0.278652749435427
"G",420,"E","G420E",0.199602507902557
"G",420,"F","G420F",0.0653099628821851
"G",420,"H","G420H",-1.57504921212019
"G",420,"I","G420I",0.678254457924521
"G",420,"K","G420K",0.604404510842657
"G",420,"L","G420L",0.116399220951139
"G",420,"M","G420M",0.385660068095998
"G",420,"N","G420N",0.166315387522221
"G",420,"P","G420P",0.140908360052117
"G",420,"Q","G420Q",-0.496048255927368
"G",420,"R","G420R",-0.479341076621953
"G",420,"S","G420S",-0.625547489841184
"G",420,"T","G420T",-0.541542044133667
"G",420,"V","G420V",-0.287388033156038
"G",420,"W","G420W",0.589656931691934
"G",420,"Y","G420Y",-1.52695916513869
"N",421,"A","N421A",-0.043071145503487
"N",421,"C","N421C",0.434131851251748
"N",421,"D","N421D",-1.53154926425382
"N",421,"E","N421E",0.389571210111437
"N",421,"F","N421F",1.32180980578054
"N",421,"G","N421G",-0.584782931791442
"N",421,"H","N421H",-0.19974208437233
"N",421,"I","N421I",-1.44479811034727
"N",421,"K","N421K",-0.300940229163665
"N",421,"L","N421L",0.639656256741421
"N",421,"M","N421M",-0.435425050657481
"N",421,"P","N421P",-0.0444044748128237
"N",421,"Q","N421Q",0.234328343326079
"N",421,"R","N421R",0.324008587681019
"N",421,"S","N421S",0.444823922415957
"N",421,"T","N421T",0.421307653316707
"N",421,"V","N421V",-0.128435408867499
"N",421,"W","N421W",-0.443641817040338
"N",421,"Y","N421Y",-0.614237869162556
"V",422,"A","V422A",-0.0369747809571643
"V",422,"C","V422C",-0.0334246532434159
"V",422,"D","V422D",0.00947598263708947
"V",422,"E","V422E",0.0320434646325312
"V",422,"F","V422F",-0.20106990188594
"V",422,"G","V422G",0.167618045965994
"V",422,"H","V422H",0.321368356028142
"V",422,"I","V422I",0.435942663694766
"V",422,"K","V422K",0.084330496301223
"V",422,"L","V422L",0.0490359538834275
"V",422,"M","V422M",0.196008072763106
"V",422,"N","V422N",-1.45269953425595
"V",422,"P","V422P",-0.408695197996891
"V",422,"Q","V422Q",-0.410453378164293
"V",422,"R","V422R",-0.63467418500383
"V",422,"S","V422S",-0.192687501957443
"V",422,"T","V422T",0.389278322375381
"V",422,"W","V422W",-0.170392405081062
"V",422,"Y","V422Y",0.186376154699643
"F",423,"A","F423A",-0.00542737045936091
"F",423,"C","F423C",1.24680628597909
"F",423,"D","F423D",-0.654946013795586
"F",423,"E","F423E",0.967283725949986
"F",423,"G","F423G",-0.117172322616024
"F",423,"H","F423H",-1.73459414388417
"F",423,"I","F423I",0.767937707991951
"F",423,"K","F423K",0.051106268369209
"F",423,"L","F423L",-0.0482468721340725
"F",423,"M","F423M",-0.167377143761585
"F",423,"N","F423N",-0.393444402321178
"F",423,"P","F423P",-0.646126736659293
"F",423,"Q","F423Q",-0.396764176398411
"F",423,"R","F423R",0.325903523140194
"F",423,"S","F423S",-0.453105293685461
"F",423,"T","F423T",0.263766319510927
"F",423,"V","F423V",0.640403959500174
"F",423,"W","F423W",-0.254957903409673
"F",423,"Y","F423Y",0.251913114513315
"S",424,"A","S424A",0.302310718759823
"S",424,"C","S424C",1.48995189989737
"S",424,"D","S424D",0.477359000061686
"S",424,"E","S424E",-0.163790825396371
"S",424,"F","S424F",-0.104031357597495
"S",424,"G","S424G",0.289530372392107
"S",424,"H","S424H",2.14870571035683
"S",424,"I","S424I",0.0292165257550367
"S",424,"K","S424K",0.157917687702277
"S",424,"L","S424L",0.154940260261552
"S",424,"M","S424M",-1.39825170368235
"S",424,"N","S424N",-1.21870170118481
"S",424,"P","S424P",-0.0601838347749961
"S",424,"Q","S424Q",0.220445917914288
"S",424,"R","S424R",-0.140182246398172
"S",424,"T","S424T",0.61237710340157
"S",424,"V","S424V",0.348249142972013
"S",424,"W","S424W",0.539636427708858
"S",424,"Y","S424Y",-0.886752265374231
"C",425,"A","C425A",-0.14015266955551
"C",425,"D","C425D",-0.670446076208138
"C",425,"E","C425E",0.0883887311994845
"C",425,"F","C425F",-0.0682537311499613
"C",425,"G","C425G",-1.64596847238479
"C",425,"H","C425H",-0.116498241930217
"C",425,"I","C425I",0.0564057198158029
"C",425,"K","C425K",-0.476724085977478
"C",425,"L","C425L",0.0199122321014595
"C",425,"M","C425M",-1.50842810181971
"C",425,"N","C425N",-0.177482533931581
"C",425,"P","C425P",0.00419416793922602
"C",425,"Q","C425Q",0.614112757750901
"C",425,"R","C425R",0.717867771653126
"C",425,"S","C425S",-0.732911450351669
"C",425,"T","C425T",0.807652723560471
"C",425,"V","C425V",-1.27887993178711
"C",425,"W","C425W",0.494811412326913
"C",425,"Y","C425Y",0.257396404197514
"S",426,"A","S426A",0.569024722470116
"S",426,"C","S426C",-1.16792404573417
"S",426,"D","S426D",0.496604359746592
"S",426,"E","S426E",0.497942509407557
"S",426,"F","S426F",-1.03305162332417
"S",426,"G","S426G",-1.02232971710979
"S",426,"H","S426H",0.0712925031861817
"S",426,"I","S426I",0.404346341542522
"S",426,"K","S426K",-0.313486830544027
"S",426,"L","S426L",0.531044651639105
"S",426,"M","S426M",-4.42852318485374
"S",426,"N","S426N",-0.886630372040203
"S",426,"P","S426P",0.165838407793809
"S",426,"Q","S426Q",0.412650993763935
"S",426,"R","S426R",0.122709842147119
"S",426,"T","S426T",-0.467448927793211
"S",426,"V","S426V",-1.04814042475519
"S",426,"W","S426W",-0.165984149871202
"S",426,"Y","S426Y",-0.3802525889166
"V",427,"A","V427A",-0.324552092017683
"V",427,"C","V427C",0.122625230338522
"V",427,"D","V427D",-0.606357585016388
"V",427,"E","V427E",-0.684579033430952
"V",427,"F","V427F",-0.157256204414239
"V",427,"G","V427G",-0.276787363778146
"V",427,"H","V427H",0.811835922079065
"V",427,"I","V427I",-0.873657520362803
"V",427,"K","V427K",-0.164006652733284
"V",427,"L","V427L",-0.0996877743338658
"V",427,"M","V427M",-0.313351679951619
"V",427,"N","V427N",0.0166035442528752
"V",427,"P","V427P",0.780352345092169
"V",427,"Q","V427Q",-0.267487656112033
"V",427,"R","V427R",-1.87890157485595
"V",427,"S","V427S",-0.2656893648578
"V",427,"T","V427T",-0.0910627908453367
"V",427,"W","V427W",-0.507922606826811
"V",427,"Y","V427Y",-1.91947205450802
"M",428,"A","M428A",0.810260856812034
"M",428,"C","M428C",0.353744366893799
"M",428,"D","M428D",-0.489848858723742
"M",428,"E","M428E",-0.82683529884697
"M",428,"F","M428F",-0.915179911698899
"M",428,"G","M428G",-0.804859187782733
"M",428,"H","M428H",-0.493164766838203
"M",428,"I","M428I",0.561503413066145
"M",428,"K","M428K",1.4020342817043
"M",428,"L","M428L",-0.755037176558582
"M",428,"N","M428N",-0.415987448330925
"M",428,"P","M428P",0.947448809283122
"M",428,"Q","M428Q",-0.243958111902919
"M",428,"R","M428R",-0.478523072465538
"M",428,"S","M428S",-0.668768427360642
"M",428,"T","M428T",-0.899437140412956
"M",428,"V","M428V",-0.0711576761911219
"M",428,"W","M428W",-1.17418561722042
"M",428,"Y","M428Y",-0.607539564540574
"H",429,"A","H429A",1.77416684535879
"H",429,"C","H429C",-0.404263121394801
"H",429,"D","H429D",-0.508076818187252
"H",429,"E","H429E",-2.23580914683459
"H",429,"F","H429F",-1.0556280371133
"H",429,"G","H429G",0.0905674337376805
"H",429,"I","H429I",2.3581109981438
"H",429,"K","H429K",1.10313602941808
"H",429,"L","H429L",0.897311047824024
"H",429,"M","H429M",0.496443578978998
"H",429,"N","H429N",-1.79503576591001
"H",429,"P","H429P",1.92282314507478
"H",429,"Q","H429Q",0.816484632466795
"H",429,"R","H429R",4.38398553039641
"H",429,"S","H429S",-0.193759448255078
"H",429,"T","H429T",0.595655491693335
"H",429,"V","H429V",0.416174495376186
"H",429,"W","H429W",1.39053000500195
"H",429,"Y","H429Y",2.98005586532429
"E",430,"A","E430A",0.750601491570745
"E",430,"C","E430C",-1.34670473792636
"E",430,"D","E430D",0.146612729000371
"E",430,"F","E430F",-0.0707852353950951
"E",430,"G","E430G",0.496940675818151
"E",430,"H","E430H",0.226602721137067
"E",430,"I","E430I",0.600326404757772
"E",430,"K","E430K",-0.0306047565323512
"E",430,"L","E430L",1.45765959158458
"E",430,"M","E430M",-0.434732460677106
"E",430,"N","E430N",-0.199164792712955
"E",430,"P","E430P",-0.651756722089891
"E",430,"Q","E430Q",0.0491514814902234
"E",430,"R","E430R",0.175087290957316
"E",430,"S","E430S",0.366841968495664
"E",430,"T","E430T",1.15575596870521
"E",430,"V","E430V",-0.230932823146834
"E",430,"W","E430W",-0.0166482382257466
"E",430,"Y","E430Y",0.981915334515018
"L",432,"A","L432A",-0.331182455267578
"L",432,"C","L432C",0.265237272633885
"L",432,"D","L432D",0.795213625291629
"L",432,"E","L432E",-0.253583093537401
"L",432,"F","L432F",0.838932739928388
"L",432,"G","L432G",-0.682425375656718
"L",432,"H","L432H",0.42352841146617
"L",432,"I","L432I",-0.669406447884329
"L",432,"K","L432K",-0.610444537970525
"L",432,"M","L432M",-1.0555453467358
"L",432,"N","L432N",0.301790108293825
"L",432,"P","L432P",0.0225065366931042
"L",432,"Q","L432Q",0.0380324062523485
"L",432,"R","L432R",0.300620071169551
"L",432,"S","L432S",-0.492950319165583
"L",432,"T","L432T",-0.676306435754927
"L",432,"V","L432V",1.04003787158948
"L",432,"W","L432W",-0.849826238670602
"L",432,"Y","L432Y",0.320312496799589
"H",433,"A","H433A",-0.50964171028255
"H",433,"C","H433C",-0.45482356074742
"H",433,"D","H433D",-0.309857941797636
"H",433,"E","H433E",0.0708279650336251
"H",433,"F","H433F",1.01700946598849
"H",433,"G","H433G",-0.681064868984457
"H",433,"I","H433I",-0.13343534205832
"H",433,"K","H433K",-0.728928864742339
"H",433,"L","H433L",-0.717257885059007
"H",433,"M","H433M",0.387290881130903
"H",433,"N","H433N",-0.550941465227467
"H",433,"P","H433P",-0.797331763325328
"H",433,"Q","H433Q",-0.880482631026091
"H",433,"R","H433R",-0.274927696275306
"H",433,"S","H433S",-0.141357584212908
"H",433,"T","H433T",-0.0287722111876116
"H",433,"V","H433V",-0.618146739673489
"H",433,"W","H433W",-0.0411452627052433
"H",433,"Y","H433Y",-0.667789437828328
"N",434,"A","N434A",-0.703102131889836
"N",434,"C","N434C",0.0952661040592461
"N",434,"D","N434D",-1.57555624652757
"N",434,"E","N434E",-0.183333421710153
"N",434,"F","N434F",-0.753290785932111
"N",434,"G","N434G",-1.12140127877999
"N",434,"H","N434H",-0.343413078751107
"N",434,"I","N434I",-0.443092913194136
"N",434,"K","N434K",-0.26405271084654
"N",434,"L","N434L",-0.11504202611186
"N",434,"P","N434P",-0.494996737046262
"N",434,"Q","N434Q",-1.75800651214147
"N",434,"R","N434R",0.476689077471826
"N",434,"S","N434S",-0.457196471897522
"N",434,"T","N434T",-0.514976098421737
"N",434,"W","N434W",0.335798126842336
"N",434,"Y","N434Y",-2.06439923965842
"H",435,"A","H435A",0.316110104035689
"H",435,"C","H435C",0.076824422653626
"H",435,"D","H435D",0.521158396783262
"H",435,"E","H435E",-0.132633863516841
"H",435,"F","H435F",-0.340288430927975
"H",435,"G","H435G",-0.600854019846189
"H",435,"I","H435I",-1.19122074879614
"H",435,"K","H435K",1.18035554628052
"H",435,"L","H435L",-0.649824939770481
"H",435,"M","H435M",0.272010433651551
"H",435,"N","H435N",-3.0420733220828
"H",435,"P","H435P",-0.707032817627812
"H",435,"Q","H435Q",0.266437462768979
"H",435,"R","H435R",-0.403103912576449
"H",435,"S","H435S",-0.0608083430039652
"H",435,"T","H435T",-0.546805590195705
"H",435,"V","H435V",-0.679284453218483
"H",435,"W","H435W",0.439622852024578
"H",435,"Y","H435Y",-1.3962731607518
"Y",436,"A","Y436A",0.62398211188272
"Y",436,"C","Y436C",0.793654674908442
"Y",436,"D","Y436D",-0.422962210562828
"Y",436,"E","Y436E",-0.259223960790078
"Y",436,"F","Y436F",-0.815104797790488
"Y",436,"G","Y436G",0.0527754925537578
"Y",436,"H","Y436H",-0.158371415992458
"Y",436,"I","Y436I",-0.512146566855973
"Y",436,"K","Y436K",-1.14197844831501
"Y",436,"L","Y436L",0.406547776808453
"Y",436,"M","Y436M",-1.34019690879109
"Y",436,"N","Y436N",-0.788231431792216
"Y",436,"P","Y436P",0.165777617269431
"Y",436,"Q","Y436Q",-0.790320504812044
"Y",436,"R","Y436R",-0.129167585741306
"Y",436,"S","Y436S",0.293481843206336
"Y",436,"T","Y436T",-1.10452306334714
"Y",436,"V","Y436V",0.630389744853922
"Y",436,"W","Y436W",-0.187879737190482
"T",437,"A","T437A",0.497442537991953
"T",437,"C","T437C",0.316641982381517
"T",437,"D","T437D",0.183060090278603
"T",437,"E","T437E",-2.54145140422404
"T",437,"F","T437F",0.265555700946126
"T",437,"G","T437G",1.40596039947163
"T",437,"H","T437H",-0.0949752511478763
"T",437,"I","T437I",-0.66230588329412
"T",437,"K","T437K",0.790631321896083
"T",437,"L","T437L",-1.07209186268159
"T",437,"M","T437M",0.355901638112766
"T",437,"N","T437N",1.17584427646342
"T",437,"P","T437P",0.830643509755321
"T",437,"Q","T437Q",-1.19716944606509
"T",437,"R","T437R",0.180904361811071
"T",437,"S","T437S",-0.912662891913273
"T",437,"V","T437V",0.749353575547291
"T",437,"W","T437W",-0.00348521065972134
"T",437,"Y","T437Y",-0.163520690318778
"Q",438,"A","Q438A",-1.79417109743563
"Q",438,"C","Q438C",0.624116643296014
"Q",438,"D","Q438D",0.268090011315682
"Q",438,"E","Q438E",-1.33961578199268
"Q",438,"F","Q438F",1.13064520074493
"Q",438,"G","Q438G",0.243939496659426
"Q",438,"H","Q438H",0.504181133324534
"Q",438,"I","Q438I",-1.09994009738728
"Q",438,"K","Q438K",-1.11981544609367
"Q",438,"L","Q438L",1.10013935261479
"Q",438,"M","Q438M",-0.180095134303194
"Q",438,"N","Q438N",0.81410730486192
"Q",438,"P","Q438P",-0.481541099328672
"Q",438,"R","Q438R",-2.07955463967682
"Q",438,"S","Q438S",-0.121345371220426
"Q",438,"T","Q438T",-0.291066026307761
"Q",438,"V","Q438V",1.21072989288562
"Q",438,"W","Q438W",-0.0416465529033126
"Q",438,"Y","Q438Y",-0.364423848983789
"K",439,"A","K439A",-0.259889516262382
"K",439,"C","K439C",-0.519328616552339
"K",439,"D","K439D",-0.292914348560112
"K",439,"E","K439E",-0.570149785432862
"K",439,"F","K439F",0.300209127288768
"K",439,"G","K439G",-0.399860715894715
"K",439,"H","K439H",-0.258018400376243
"K",439,"I","K439I",0.854234917787879
"K",439,"L","K439L",0.70695762210462
"K",439,"M","K439M",-0.845828206491431
"K",439,"N","K439N",0.125508913378572
"K",439,"P","K439P",-0.26684713376402
"K",439,"Q","K439Q",-0.033291805347468
"K",439,"R","K439R",-0.442484887926386
"K",439,"S","K439S",1.23004738650729
"K",439,"T","K439T",-0.713113552233442
"K",439,"V","K439V",0.0447740382340913
"K",439,"W","K439W",1.13685093504264
"K",439,"Y","K439Y",1.20594236289122
"S",440,"A","S440A",-0.0150677705782046
"S",440,"C","S440C",0.408844826083935
"S",440,"D","S440D",0.663030859055919
"S",440,"E","S440E",0.452062097802577
"S",440,"F","S440F",-0.117816581899765
"S",440,"G","S440G",-0.14011984715788
"S",440,"H","S440H",0.376902999425411
"S",440,"I","S440I",-0.367779752254233
"S",440,"K","S440K",-0.298349879155674
"S",440,"L","S440L",0.39409621541966
"S",440,"M","S440M",-0.250107528106483
"S",440,"N","S440N",1.25807904964315
"S",440,"P","S440P",0.00919851841294879
"S",440,"Q","S440Q",-1.21357268702265
"S",440,"R","S440R",0.0915631893076685
"S",440,"T","S440T",0.090402883645797
"S",440,"V","S440V",0.0365994741331167
"S",440,"W","S440W",-2.14843963790016
"S",440,"Y","S440Y",0.247010368724003
"L",441,"A","L441A",-1.93315447740405
"L",441,"C","L441C",-0.643072487893526
"L",441,"D","L441D",-0.0909829130083573
"L",441,"E","L441E",-1.3775800367364
"L",441,"F","L441F",0.0904895362316022
"L",441,"G","L441G",0.249541691267605
"L",441,"H","L441H",-0.202231401905663
"L",441,"I","L441I",0.650403749880976
"L",441,"K","L441K",0.712696445828989
"L",441,"M","L441M",-0.753472885312586
"L",441,"N","L441N",-0.0286744527815642
"L",441,"P","L441P",0.263254795365309
"L",441,"Q","L441Q",-0.508986212094462
"L",441,"R","L441R",-0.310980602001887
"L",441,"S","L441S",0.195849477464294
"L",441,"T","L441T",-1.03588350553259
"L",441,"V","L441V",-0.00303668809744141
"L",441,"W","L441W",0.460534100328793
"L",441,"Y","L441Y",0.261201026053879
"S",442,"A","S442A",-2.05970276236729
"S",442,"C","S442C",1.58381921213254
"S",442,"D","S442D",-0.188104924179923
"S",442,"E","S442E",0.922033186411674
"S",442,"F","S442F",-0.356547060175383
"S",442,"G","S442G",-1.03382962672054
"S",442,"H","S442H",0.673257639033852
"S",442,"I","S442I",-0.281379244750427
"S",442,"K","S442K",-0.874280626125008
"S",442,"L","S442L",-0.42483455747187
"S",442,"M","S442M",-0.0608853304856095
"S",442,"N","S442N",-0.657391455847242
"S",442,"P","S442P",-1.03825987863511
"S",442,"Q","S442Q",-0.853479196092683
"S",442,"R","S442R",0.121738878108786
"S",442,"T","S442T",-1.21402624325848
"S",442,"V","S442V",-0.504372179079705
"S",442,"W","S442W",-0.302997736067322
"S",442,"Y","S442Y",-0.196619136356274
"L",443,"A","L443A",0.2991378628741
"L",443,"C","L443C",-1.03733985615034
"L",443,"D","L443D",-0.976904510150559
"L",443,"E","L443E",-0.96157896182973
"L",443,"F","L443F",-0.192367757812781
"L",443,"G","L443G",-1.67361869741457
"L",443,"H","L443H",-0.24231534796897
"L",443,"I","L443I",0.343976810429177
"L",443,"K","L443K",0.490834657452815
"L",443,"M","L443M",-0.670153576368327
"L",443,"N","L443N",0.0628557931110154
"L",443,"P","L443P",0.766898775327542
"L",443,"Q","L443Q",-1.18229970547809
"L",443,"R","L443R",-0.0941015909151546
"L",443,"S","L443S",0.127133388354992
"L",443,"T","L443T",0.249748891502642
"L",443,"V","L443V",-0.0364199796772031
"L",443,"W","L443W",0.0389205251059428
"L",443,"Y","L443Y",-1.14286064395773
"S",444,"A","S444A",0.425480378761141
"S",444,"C","S444C",-0.245178520170221
"S",444,"D","S444D",-0.77939977352763
"S",444,"E","S444E",0.871091960938702
"S",444,"F","S444F",-0.0359776468949134
"S",444,"G","S444G",-0.0738735816906698
"S",444,"H","S444H",0.276190306186433
"S",444,"I","S444I",0.375550000309852
"S",444,"K","S444K",0.17732560937739
"S",444,"L","S444L",0.244040112508502
"S",444,"M","S444M",-0.865630522587246
"S",444,"N","S444N",-0.0401739051023159
"S",444,"P","S444P",0.241612823146535
"S",444,"Q","S444Q",0.163528861559246
"S",444,"R","S444R",0.425446567561215
"S",444,"T","S444T",1.22054271764672
"S",444,"V","S444V",0.219034530800146
"S",444,"W","S444W",-0.0215694804206166
"S",444,"Y","S444Y",-1.0458027617602
"P",445,"A","P445A",0.118416243500521
"P",445,"C","P445C",0.732008365319292
"P",445,"D","P445D",-0.658143031221087
"P",445,"E","P445E",-0.00574400373105996
"P",445,"F","P445F",1.10588970242079
"P",445,"G","P445G",0.503504464681981
"P",445,"H","P445H",-0.942332319886698
"P",445,"I","P445I",0.207299461397582
"P",445,"K","P445K",-0.43961836436564
"P",445,"L","P445L",0.437727990686741
"P",445,"M","P445M",0.645700284697898
"P",445,"N","P445N",-1.37052358017586
"P",445,"Q","P445Q",-0.211274191816261
"P",445,"R","P445R",1.1932615120358
"P",445,"S","P445S",-0.558763505730328
"P",445,"V","P445V",-0.159397773867439
"P",445,"W","P445W",-0.407779458627824
"P",445,"Y","P445Y",0.0914341252875443
"G",446,"A","G446A",-0.0769867635602426
"G",446,"C","G446C",0.392804287937469
"G",446,"D","G446D",0.919210685760525
"G",446,"E","G446E",-0.00102179421070324
"G",446,"F","G446F",-0.116537055091392
"G",446,"H","G446H",0.0414288450114981
"G",446,"I","G446I",-0.397205551435312
"G",446,"K","G446K",-0.30171728679708
"G",446,"L","G446L",1.12950315645065
"G",446,"M","G446M",-1.2889897733444
"G",446,"N","G446N",0.938638924232522
"G",446,"P","G446P",0.747847584206131
"G",446,"Q","G446Q",-0.538775219554576
"G",446,"R","G446R",-0.676708804955895
"G",446,"S","G446S",-0.275866187970954
"G",446,"T","G446T",-0.839042460794797
"G",446,"V","G446V",-0.575707074315163
"G",446,"W","G446W",0.117497888527245
"G",446,"Y","G446Y",1.48803453273835
"K",447,"A","K447A",0.246919350307295
"K",447,"C","K447C",0.404770284454638
"K",447,"D","K447D",0.147051222266871
"K",447,"E","K447E",-0.475792204455885
"K",447,"F","K447F",-1.3600968354399
"K",447,"G","K447G",-0.721107229944077
"K",447,"H","K447H",-0.0404963671337774
"K",447,"I","K447I",-0.0622166531418904
"K",447,"L","K447L",-0.0412088043286119
"K",447,"M","K447M",-0.42565486463724
"K",447,"N","K447N",0.716874803871715
"K",447,"P","K447P",-0.195763857352627
"K",447,"Q","K447Q",-0.191923627169155
"K",447,"R","K447R",0.233613167789144
"K",447,"S","K447S",-0.501169033130532
"K",447,"T","K447T",-0.391444355987375
"K",447,"V","K447V",0.442106603023346
"K",447,"W","K447W",-0.216612523587666
"K",447,"Y","K447Y",0.0890183688693666
