"wildtype","site","mutation","name","scaledscore"
"E",216,"A","E216A",-0.207183706727488
"E",216,"C","E216C",-0.117251581533063
"E",216,"D","E216D",-0.274439550542037
"E",216,"F","E216F",0.0228096105674092
"E",216,"G","E216G",-0.155058766912014
"E",216,"H","E216H",-0.58698837067107
"E",216,"I","E216I",-0.580472896310175
"E",216,"K","E216K",-0.348186842349087
"E",216,"L","E216L",-0.517399640157557
"E",216,"M","E216M",-0.656624866925881
"E",216,"N","E216N",-0.395049946528928
"E",216,"P","E216P",-0.321313763757871
"E",216,"Q","E216Q",-0.0134016711447443
"E",216,"R","E216R",0.208780052504379
"E",216,"S","E216S",-0.672355822054404
"E",216,"T","E216T",-0.468465404518905
"E",216,"V","E216V",-0.707306843339674
"E",216,"W","E216W",-0.108967034337995
"E",216,"Y","E216Y",-0.260755281134771
"P",217,"A","P217A",0.0665029531563791
"P",217,"C","P217C",-0.17488218856526
"P",217,"D","P217D",-0.0285475198137001
"P",217,"E","P217E",-0.465206731169864
"P",217,"F","P217F",-0.15538316998587
"P",217,"G","P217G",-1.07716129100077
"P",217,"H","P217H",-0.856526093987894
"P",217,"I","P217I",-0.930437903444664
"P",217,"K","P217K",-0.59750803030197
"P",217,"L","P217L",-0.0244289359982322
"P",217,"M","P217M",-1.15197372558699
"P",217,"N","P217N",-0.0966725366703131
"P",217,"Q","P217Q",-1.05901889382921
"P",217,"R","P217R",0.235294056758881
"P",217,"S","P217S",-0.496599128328847
"P",217,"T","P217T",0.164026003757859
"P",217,"V","P217V",-0.279067300177124
"P",217,"W","P217W",0.220478067688629
"P",217,"Y","P217Y",0.0479443782503074
"K",218,"A","K218A",0.154150978394084
"K",218,"C","K218C",0.337936935169086
"K",218,"D","K218D",-0.429937292721597
"K",218,"E","K218E",-0.561047038855887
"K",218,"F","K218F",-0.43701959254367
"K",218,"G","K218G",0.202362591797886
"K",218,"H","K218H",-0.0956499478535665
"K",218,"I","K218I",-0.355327616512875
"K",218,"L","K218L",0.0420420009500129
"K",218,"M","K218M",-0.0789713265739896
"K",218,"N","K218N",0.0991500417296039
"K",218,"P","K218P",-0.578869862086541
"K",218,"Q","K218Q",0.50240364110646
"K",218,"R","K218R",-0.827389696504216
"K",218,"S","K218S",-0.215217765341376
"K",218,"T","K218T",-0.629486060808821
"K",218,"V","K218V",-0.412541495830619
"K",218,"W","K218W",-0.137556940633981
"K",218,"Y","K218Y",-0.00125437613191566
"S",219,"A","S219A",-0.508718159311886
"S",219,"C","S219C",-0.375749306775654
"S",219,"D","S219D",0.219095697710842
"S",219,"E","S219E",0.127238445620559
"S",219,"F","S219F",0.26953397744986
"S",219,"G","S219G",-0.181311961263577
"S",219,"H","S219H",0.101714688938469
"S",219,"I","S219I",-0.50551986352705
"S",219,"K","S219K",-0.439268433137016
"S",219,"L","S219L",-0.0829667097248263
"S",219,"M","S219M",-0.273417986874443
"S",219,"N","S219N",-0.324762413595779
"S",219,"P","S219P",0.0520885459803461
"S",219,"Q","S219Q",-0.460759721129311
"S",219,"R","S219R",-0.779718501484655
"S",219,"T","S219T",-0.236331704047301
"S",219,"V","S219V",-1.33566570268743
"S",219,"W","S219W",-0.776069929812745
"S",219,"Y","S219Y",1.80303435598662
"C",220,"A","C220A",-0.24964073610061
"C",220,"D","C220D",0.198120355042123
"C",220,"E","C220E",-0.0186044044714938
"C",220,"F","C220F",-0.0881089968131623
"C",220,"G","C220G",-0.22434388119212
"C",220,"H","C220H",-0.279930045935318
"C",220,"I","C220I",-0.0361907932271597
"C",220,"K","C220K",-0.63293279917075
"C",220,"L","C220L",-0.0341600606268207
"C",220,"M","C220M",-0.78150263842609
"C",220,"N","C220N",-0.0849653430482091
"C",220,"P","C220P",-0.55425466534883
"C",220,"Q","C220Q",0.0783657569225062
"C",220,"R","C220R",0.069406471447377
"C",220,"S","C220S",0.477971383305809
"C",220,"T","C220T",0.133529829082696
"C",220,"V","C220V",-0.916407869501209
"C",220,"W","C220W",-0.344663983063983
"C",220,"Y","C220Y",-0.23215874661504
"D",221,"A","D221A",-0.273946825341974
"D",221,"C","D221C",-0.381711364869009
"D",221,"E","D221E",0.275722594241623
"D",221,"F","D221F",0.270548475337505
"D",221,"G","D221G",-0.305844725026548
"D",221,"H","D221H",-0.0702582606770282
"D",221,"I","D221I",-0.52973922640833
"D",221,"K","D221K",0.297612490475349
"D",221,"L","D221L",-0.273153141198789
"D",221,"M","D221M",0.0406437316449906
"D",221,"N","D221N",-0.984844686969072
"D",221,"P","D221P",-0.344641816608795
"D",221,"Q","D221Q",0.0216364888358399
"D",221,"R","D221R",-0.0986370996536861
"D",221,"S","D221S",0.0388196056242093
"D",221,"T","D221T",-0.632155501387214
"D",221,"V","D221V",-0.84726844775323
"D",221,"W","D221W",-0.744972143139974
"D",221,"Y","D221Y",-0.657181532886687
"K",222,"A","K222A",-0.0945382156474871
"K",222,"C","K222C",-0.143833850353591
"K",222,"D","K222D",0.000937240462861188
"K",222,"E","K222E",-0.177889560131336
"K",222,"F","K222F",0.172377875419768
"K",222,"G","K222G",0.103275311644981
"K",222,"H","K222H",-0.419668390864743
"K",222,"I","K222I",-0.363323437080409
"K",222,"L","K222L",0.187792964550859
"K",222,"M","K222M",0.208687683229264
"K",222,"N","K222N",-0.181889385707744
"K",222,"P","K222P",-0.358365320096098
"K",222,"Q","K222Q",-0.34477242328331
"K",222,"R","K222R",-0.222154095843406
"K",222,"S","K222S",0.438653786027959
"K",222,"T","K222T",-0.190183127003931
"K",222,"V","K222V",0.665402266387866
"K",222,"W","K222W",-0.0187475754080484
"K",222,"Y","K222Y",0.150419583981644
"T",223,"A","T223A",0.324783188030117
"T",223,"C","T223C",-0.170225959939157
"T",223,"D","T223D",-0.342749972864626
"T",223,"E","T223E",-0.0836692734146048
"T",223,"F","T223F",-0.150717561751656
"T",223,"G","T223G",-0.33320918074236
"T",223,"H","T223H",-0.964135820026932
"T",223,"I","T223I",-0.112971901979059
"T",223,"K","T223K",-0.12885030869145
"T",223,"L","T223L",-0.526259379962972
"T",223,"M","T223M",-0.405620713018212
"T",223,"N","T223N",-0.10646834285968
"T",223,"P","T223P",-0.158036849447216
"T",223,"Q","T223Q",-0.624012212942267
"T",223,"R","T223R",-0.914693084955363
"T",223,"S","T223S",0.385908359445402
"T",223,"V","T223V",-0.645164865426486
"T",223,"W","T223W",-0.944944929041199
"T",223,"Y","T223Y",0.222585721593807
"H",224,"A","H224A",0.186207792394494
"H",224,"C","H224C",-0.270613165275837
"H",224,"D","H224D",0.168317750273684
"H",224,"E","H224E",0.593353349315325
"H",224,"F","H224F",0.0596090431757673
"H",224,"G","H224G",-0.120452018938047
"H",224,"I","H224I",0.0180257207249946
"H",224,"K","H224K",0.151287934574469
"H",224,"L","H224L",-0.336886177482671
"H",224,"M","H224M",-0.284254457922295
"H",224,"N","H224N",0.215058598552875
"H",224,"P","H224P",0.0419474908820206
"H",224,"Q","H224Q",-0.0338448582030785
"H",224,"R","H224R",-0.194151201144892
"H",224,"S","H224S",-0.83036825896638
"H",224,"T","H224T",-0.0401600651690944
"H",224,"V","H224V",0.435237564842057
"H",224,"W","H224W",-0.342048033702577
"H",224,"Y","H224Y",-0.327415915031578
"T",225,"A","T225A",-0.588694168239285
"T",225,"C","T225C",-0.642084007087915
"T",225,"D","T225D",0.104353190254528
"T",225,"E","T225E",-0.175169720550876
"T",225,"F","T225F",-0.0263149486408295
"T",225,"G","T225G",0.748714339607291
"T",225,"H","T225H",-0.613809002426793
"T",225,"I","T225I",0.334028149009584
"T",225,"K","T225K",-1.1309755568838
"T",225,"L","T225L",-0.0630834133769179
"T",225,"M","T225M",-0.963047703772032
"T",225,"N","T225N",-0.360802966923562
"T",225,"P","T225P",-0.0942351306749167
"T",225,"Q","T225Q",-0.329726271391875
"T",225,"S","T225S",-0.928701341386888
"T",225,"V","T225V",-0.172987386144635
"T",225,"W","T225W",-0.387170141979748
"T",225,"Y","T225Y",-0.307762783390799
"C",226,"A","C226A",0.550568397099948
"C",226,"D","C226D",-0.338843402759946
"C",226,"E","C226E",-0.0221552217129223
"C",226,"F","C226F",-0.510224041016402
"C",226,"G","C226G",-1.04132970419348
"C",226,"H","C226H",-0.343665908625703
"C",226,"I","C226I",0.530546917179241
"C",226,"K","C226K",-0.462441553104554
"C",226,"L","C226L",0.598037409239798
"C",226,"M","C226M",0.152558152917901
"C",226,"N","C226N",-0.645773331721404
"C",226,"P","C226P",0.0442171791618953
"C",226,"Q","C226Q",0.493672618233071
"C",226,"R","C226R",0.261004448761752
"C",226,"S","C226S",0.388987325467658
"C",226,"T","C226T",-0.171707005363137
"C",226,"V","C226V",0.649358071045648
"C",226,"W","C226W",-1.59775093252283
"C",226,"Y","C226Y",-0.726819942402027
"P",227,"A","P227A",-0.381480217279321
"P",227,"C","P227C",0.280682176172362
"P",227,"D","P227D",0.0915825529545781
"P",227,"E","P227E",0.30676462219455
"P",227,"F","P227F",0.180370221685752
"P",227,"G","P227G",-0.394938186345887
"P",227,"H","P227H",-0.200988461090998
"P",227,"I","P227I",0.161846152090195
"P",227,"K","P227K",0.254902920834781
"P",227,"L","P227L",-0.276497417559375
"P",227,"M","P227M",-0.166034729850671
"P",227,"N","P227N",0.200189199322354
"P",227,"Q","P227Q",0.304724857101366
"P",227,"R","P227R",0.600168854203527
"P",227,"S","P227S",0.0805128961534936
"P",227,"T","P227T",-0.240016295959797
"P",227,"V","P227V",0.177716617205536
"P",227,"W","P227W",0.0960962926260992
"P",227,"Y","P227Y",-0.288817739754355
"P",228,"A","P228A",0.130716621466875
"P",228,"C","P228C",0.929061940490991
"P",228,"D","P228D",0.601908873634215
"P",228,"E","P228E",0.124776831011868
"P",228,"F","P228F",-0.168024881074176
"P",228,"G","P228G",0.0541056831159195
"P",228,"H","P228H",0.287246280176875
"P",228,"I","P228I",0.260610585664781
"P",228,"K","P228K",-0.448481705521191
"P",228,"L","P228L",0.449609009205501
"P",228,"M","P228M",0.149595489353704
"P",228,"N","P228N",0.171473892390811
"P",228,"Q","P228Q",0.102952901777484
"P",228,"R","P228R",0.362087855286925
"P",228,"S","P228S",-0.346410457995469
"P",228,"T","P228T",0.640847486516507
"P",228,"V","P228V",-0.068218975234808
"P",228,"W","P228W",0.164453402605937
"P",228,"Y","P228Y",0.0319187975981697
"C",229,"A","C229A",-0.976395034367475
"C",229,"D","C229D",0.805137494769536
"C",229,"E","C229E",-0.0622944521425714
"C",229,"F","C229F",-0.323435828785569
"C",229,"G","C229G",-0.753952970705065
"C",229,"H","C229H",-1.47242616237892
"C",229,"I","C229I",-0.612336297904947
"C",229,"K","C229K",-0.686160299378947
"C",229,"L","C229L",-0.561775587409669
"C",229,"M","C229M",-0.208308161177199
"C",229,"N","C229N",-1.01460159019679
"C",229,"P","C229P",-1.50295497279505
"C",229,"Q","C229Q",-1.43689536081342
"C",229,"R","C229R",-0.473598120491431
"C",229,"S","C229S",0.777360655263232
"C",229,"T","C229T",1.40186891923972
"C",229,"V","C229V",-1.14827044888347
"C",229,"W","C229W",0.388355957926773
"C",229,"Y","C229Y",-0.341507532009869
"P",230,"A","P230A",-0.0103609200358795
"P",230,"C","P230C",0.190135021750641
"P",230,"D","P230D",-0.170498273841016
"P",230,"E","P230E",0.33929181113716
"P",230,"F","P230F",1.36402435255238
"P",230,"G","P230G",-0.114868221507725
"P",230,"H","P230H",0.390226831280772
"P",230,"I","P230I",0.499600385966008
"P",230,"K","P230K",-0.736273475839003
"P",230,"L","P230L",0.897052100630898
"P",230,"M","P230M",1.42663770567778
"P",230,"N","P230N",0.82368361344348
"P",230,"Q","P230Q",-0.350743809155574
"P",230,"R","P230R",-0.950054482191578
"P",230,"S","P230S",0.0765079852002442
"P",230,"T","P230T",0.575828133059829
"P",230,"V","P230V",0.378672154933568
"P",230,"W","P230W",0.931729882277264
"P",230,"Y","P230Y",1.17685975746551
"A",231,"C","A231C",0.485099260291068
"A",231,"D","A231D",0.432150739378196
"A",231,"E","A231E",-1.27624729291188
"A",231,"F","A231F",1.10635924850702
"A",231,"G","A231G",-0.0338646607509298
"A",231,"H","A231H",0.235040577985914
"A",231,"I","A231I",0.230578756085534
"A",231,"K","A231K",0.0692106450967031
"A",231,"L","A231L",0.650550829311247
"A",231,"M","A231M",0.0288809347315751
"A",231,"N","A231N",0.417724630622114
"A",231,"P","A231P",-0.43120028255907
"A",231,"Q","A231Q",-0.022070293120943
"A",231,"R","A231R",-0.297285796405458
"A",231,"S","A231S",-0.601459872706344
"A",231,"T","A231T",-0.605450228145767
"A",231,"V","A231V",-0.15800577425611
"A",231,"W","A231W",3.4987857085208
"A",231,"Y","A231Y",1.46160103413186
"P",232,"A","P232A",-0.164194137419637
"P",232,"C","P232C",0.22688797476609
"P",232,"D","P232D",0.799375628954964
"P",232,"E","P232E",0.435027706240225
"P",232,"F","P232F",2.68196110924399
"P",232,"G","P232G",-1.07615118359416
"P",232,"H","P232H",-0.00283233519001261
"P",232,"I","P232I",3.03722010292019
"P",232,"K","P232K",0.0305887695471221
"P",232,"L","P232L",4.34667516536557
"P",232,"M","P232M",3.64705359960152
"P",232,"N","P232N",0.525814550173396
"P",232,"Q","P232Q",0.472629727552743
"P",232,"R","P232R",-0.321079253470504
"P",232,"S","P232S",0.33568114897666
"P",232,"T","P232T",0.497322955237212
"P",232,"V","P232V",1.76093195624323
"P",232,"W","P232W",3.71571274405021
"P",232,"Y","P232Y",1.65465612574674
"E",233,"A","E233A",-0.740256636080186
"E",233,"C","E233C",-1.94592153403538
"E",233,"D","E233D",-0.069858376135544
"E",233,"F","E233F",0.14378593081957
"E",233,"G","E233G",0.114789048334958
"E",233,"H","E233H",-0.344440519778057
"E",233,"I","E233I",0.0187025016490265
"E",233,"K","E233K",0.345553970472466
"E",233,"L","E233L",-0.908739532876767
"E",233,"M","E233M",-0.36131653699424
"E",233,"N","E233N",-0.716966080980877
"E",233,"P","E233P",-1.6701989959938
"E",233,"Q","E233Q",-2.02287248051301
"E",233,"R","E233R",-0.191244554099812
"E",233,"S","E233S",-0.376627433928816
"E",233,"T","E233T",0.167590802717058
"E",233,"V","E233V",-0.719790901018603
"E",233,"W","E233W",1.10492129631726
"E",233,"Y","E233Y",-0.85676399337434
"L",234,"A","L234A",-0.455265815686108
"L",234,"C","L234C",-0.192946960601286
"L",234,"D","L234D",0.141271985673974
"L",234,"E","L234E",-0.572903357004394
"L",234,"F","L234F",-0.561389442247321
"L",234,"G","L234G",0.360024693358396
"L",234,"H","L234H",-0.795188031056545
"L",234,"I","L234I",-1.24948226998035
"L",234,"K","L234K",-1.45910365155539
"L",234,"M","L234M",0.648352482843301
"L",234,"N","L234N",-1.85847655577547
"L",234,"P","L234P",-1.26541342504549
"L",234,"Q","L234Q",-0.764655797388835
"L",234,"R","L234R",-0.161881491135706
"L",234,"S","L234S",-1.65894182351732
"L",234,"T","L234T",-0.551845231527919
"L",234,"W","L234W",1.28160665565918
"L",234,"Y","L234Y",-2.45691933264228
"L",235,"A","L235A",0.0941572509010997
"L",235,"C","L235C",0.382092752111469
"L",235,"D","L235D",0.796860140766622
"L",235,"E","L235E",-0.646674333277973
"L",235,"F","L235F",2.0452873383294
"L",235,"G","L235G",-0.979189749956114
"L",235,"H","L235H",1.14847124069667
"L",235,"I","L235I",-0.309054962787614
"L",235,"K","L235K",0.193538867099398
"L",235,"M","L235M",-0.238766162273088
"L",235,"N","L235N",0.946432248346615
"L",235,"P","L235P",-1.95435704295385
"L",235,"Q","L235Q",-1.36689106272856
"L",235,"R","L235R",-0.164517907414686
"L",235,"S","L235S",-1.13142089806998
"L",235,"T","L235T",-1.8498678313124
"L",235,"V","L235V",-1.73055876504371
"L",235,"W","L235W",1.82220512961241
"L",235,"Y","L235Y",2.09502994139429
"G",236,"A","G236A",0.0896645170046223
"G",236,"C","G236C",0.0634452594007499
"G",236,"D","G236D",5.49629874686236
"G",236,"E","G236E",1.81229229163515
"G",236,"F","G236F",-1.47646239915194
"G",236,"H","G236H",-0.317033089472877
"G",236,"I","G236I",-0.134658522256275
"G",236,"K","G236K",0.359571759673005
"G",236,"L","G236L",0.0444174352124919
"G",236,"M","G236M",0.204105141472318
"G",236,"N","G236N",0.980085741432591
"G",236,"P","G236P",-0.120570442934474
"G",236,"Q","G236Q",0.436982320182236
"G",236,"R","G236R",-0.977500649750507
"G",236,"S","G236S",1.16287077403837
"G",236,"T","G236T",0.244663105266102
"G",236,"V","G236V",-0.358202755637421
"G",236,"W","G236W",-2.33256444604846
"G",236,"Y","G236Y",-3.70091013807505
"G",237,"A","G237A",2.36028507477502
"G",237,"C","G237C",0.189909879796003
"G",237,"D","G237D",5.68823022188634
"G",237,"E","G237E",1.52580498280083
"G",237,"F","G237F",3.61272763424838
"G",237,"H","G237H",1.3142669840044
"G",237,"I","G237I",1.14450882901524
"G",237,"K","G237K",0.759668078116283
"G",237,"L","G237L",2.05919218485617
"G",237,"M","G237M",0.9045838584741
"G",237,"N","G237N",4.50029715661894
"G",237,"P","G237P",0.219202286897684
"G",237,"Q","G237Q",0.936162002000105
"G",237,"R","G237R",-0.587241129046952
"G",237,"S","G237S",1.40204758107829
"G",237,"T","G237T",0.368783885751136
"G",237,"V","G237V",0.03936230571198
"G",237,"W","G237W",4.42387277496164
"G",237,"Y","G237Y",3.70772656302031
"P",238,"A","P238A",0.884642528976683
"P",238,"C","P238C",1.24983671980111
"P",238,"D","P238D",5.05067025493937
"P",238,"E","P238E",5.75579133700573
"P",238,"F","P238F",8.36978408671562
"P",238,"G","P238G",0.744656776714952
"P",238,"H","P238H",1.38785057058917
"P",238,"I","P238I",0.521916818819026
"P",238,"K","P238K",-0.273767694121294
"P",238,"L","P238L",2.17170023043526
"P",238,"M","P238M",4.70627640028659
"P",238,"N","P238N",1.054947633153
"P",238,"Q","P238Q",0.798035541782216
"P",238,"R","P238R",1.03329572252791
"P",238,"S","P238S",0.99367066999654
"P",238,"T","P238T",1.31169872553062
"P",238,"V","P238V",3.53814010625522
"P",238,"W","P238W",0.816617301249379
"P",238,"Y","P238Y",5.07603931633028
"S",239,"A","S239A",0.656151239195634
"S",239,"C","S239C",0.893884622307687
"S",239,"D","S239D",0.58255074146735
"S",239,"E","S239E",-1.93402875252311
"S",239,"F","S239F",0.615173167693746
"S",239,"G","S239G",5.2097184839042
"S",239,"H","S239H",0.630579862141794
"S",239,"I","S239I",0.836772784351817
"S",239,"K","S239K",-0.0485787558659776
"S",239,"L","S239L",2.9790407372818
"S",239,"M","S239M",1.05288088621625
"S",239,"N","S239N",-0.128827696368452
"S",239,"P","S239P",3.16205562021868
"S",239,"Q","S239Q",1.68129121995905
"S",239,"R","S239R",1.80486992612717
"S",239,"T","S239T",-0.0201165077572641
"S",239,"V","S239V",0.275417717993955
"S",239,"W","S239W",-2.55807050956454
"S",239,"Y","S239Y",0.74873263604534
"V",240,"A","V240A",-1.96047738057218
"V",240,"C","V240C",-0.298488747100612
"V",240,"D","V240D",0.192487449010042
"V",240,"E","V240E",-1.03073142020398
"V",240,"F","V240F",-1.31842587965546
"V",240,"G","V240G",-1.96721381481588
"V",240,"H","V240H",-1.60784426651723
"V",240,"I","V240I",-0.623169355948107
"V",240,"K","V240K",0.145305456961651
"V",240,"L","V240L",-0.630079631449972
"V",240,"M","V240M",-0.252260790926487
"V",240,"N","V240N",-3.97117261738577
"V",240,"P","V240P",-1.19922531961286
"V",240,"Q","V240Q",-2.52660415086623
"V",240,"R","V240R",0.163687809648424
"V",240,"S","V240S",-0.976641480978992
"V",240,"T","V240T",-0.523725302076602
"V",240,"W","V240W",-0.0821354453419423
"V",240,"Y","V240Y",0.400312576538882
"F",241,"A","F241A",0.269673479504586
"F",241,"C","F241C",0.403510594291286
"F",241,"D","F241D",-0.675626078051608
"F",241,"E","F241E",-1.43308602455074
"F",241,"G","F241G",0.795235535609054
"F",241,"H","F241H",0.262936852999093
"F",241,"I","F241I",-0.805809867908873
"F",241,"K","F241K",0.0940749748889373
"F",241,"L","F241L",0.0346649244615586
"F",241,"M","F241M",0.0183559799796899
"F",241,"N","F241N",-0.226922353682468
"F",241,"P","F241P",0.609992238859552
"F",241,"Q","F241Q",-0.397631871386035
"F",241,"R","F241R",0.475264309206083
"F",241,"S","F241S",-0.0435161505012917
"F",241,"T","F241T",0.267613876035203
"F",241,"V","F241V",0.274523644119283
"F",241,"W","F241W",0.934661306317618
"F",241,"Y","F241Y",0.527978395049983
"L",242,"F","L242F",0.0329560572209577
"F",243,"A","F243A",-0.411769543814235
"F",243,"C","F243C",0.113542945029764
"F",243,"D","F243D",-0.836717887480965
"F",243,"E","F243E",0.128962141856243
"F",243,"H","F243H",0.53042815880161
"F",243,"I","F243I",-0.250032253679923
"F",243,"K","F243K",0.689450679698681
"F",243,"L","F243L",-0.160476683040682
"F",243,"M","F243M",-0.544582781443473
"F",243,"N","F243N",-0.313358110406313
"F",243,"P","F243P",0.187846718173641
"F",243,"Q","F243Q",0.0975940270959996
"F",243,"R","F243R",-0.265641854560227
"F",243,"S","F243S",0.309588284025276
"F",243,"T","F243T",-0.335783840075886
"F",243,"V","F243V",-0.35217216174825
"F",243,"W","F243W",-0.421757781313261
"F",243,"Y","F243Y",-0.839716313412815
"P",244,"A","P244A",-0.35816985122558
"P",244,"C","P244C",-0.16231189810767
"P",244,"D","P244D",-0.3784203231172
"P",244,"E","P244E",0.0623546840544291
"P",244,"F","P244F",-1.67702056819941
"P",244,"G","P244G",-0.575554093883637
"P",244,"H","P244H",-0.564749627905292
"P",244,"I","P244I",-0.127476733691748
"P",244,"K","P244K",-0.555755670190181
"P",244,"L","P244L",-0.638983181442295
"P",244,"M","P244M",-0.859208181921249
"P",244,"N","P244N",-0.45557836849448
"P",244,"Q","P244Q",0.278009521767363
"P",244,"R","P244R",-0.635999510989482
"P",244,"S","P244S",-0.162268300438785
"P",244,"T","P244T",-0.0334924079797743
"P",244,"V","P244V",0.0140238131084529
"P",244,"W","P244W",-1.75720550546195
"P",244,"Y","P244Y",-0.829295302190446
"P",245,"A","P245A",-0.159289703934924
"P",245,"C","P245C",-1.06191322855808
"P",245,"D","P245D",-0.0122409983579408
"P",245,"E","P245E",0.367166944385268
"P",245,"F","P245F",0.0189460164312842
"P",245,"G","P245G",-0.805565032361664
"P",245,"H","P245H",0.0530880196650209
"P",245,"I","P245I",0.282627441727556
"P",245,"K","P245K",0.465452179637774
"P",245,"L","P245L",-0.0677679041641607
"P",245,"M","P245M",-0.498375027399795
"P",245,"N","P245N",-0.148515321262069
"P",245,"Q","P245Q",0.281555017705198
"P",245,"R","P245R",0.445244055982603
"P",245,"S","P245S",-0.852603396916148
"P",245,"T","P245T",-0.0676561772911162
"P",245,"V","P245V",-0.625417711062383
"P",245,"W","P245W",0.56188664540624
"P",245,"Y","P245Y",0.470051207901671
"K",246,"A","K246A",-0.629291603143549
"K",246,"C","K246C",-0.319952946120285
"K",246,"D","K246D",0.305446332964558
"K",246,"E","K246E",-0.314847669999181
"K",246,"F","K246F",-0.0604722340073996
"K",246,"G","K246G",-0.521923170085713
"K",246,"H","K246H",-0.298849351028984
"K",246,"I","K246I",-0.239313356951037
"K",246,"L","K246L",0.208189428587399
"K",246,"M","K246M",0.13399440336738
"K",246,"N","K246N",-0.110353961191677
"K",246,"P","K246P",-1.76058159043015
"K",246,"Q","K246Q",0.110223739296536
"K",246,"R","K246R",0.138238701719999
"K",246,"S","K246S",0.30303392460375
"K",246,"T","K246T",0.00691696706282754
"K",246,"V","K246V",-0.190781355928098
"K",246,"W","K246W",0.125116459611235
"K",246,"Y","K246Y",-0.656432282520759
"P",247,"A","P247A",-0.156199904637533
"P",247,"C","P247C",-0.805419023944351
"P",247,"D","P247D",0.180035888090755
"P",247,"E","P247E",-1.0219260242794
"P",247,"F","P247F",0.039555415756512
"P",247,"G","P247G",0.405667544609418
"P",247,"H","P247H",-0.353817648259226
"P",247,"I","P247I",-0.536705175402439
"P",247,"K","P247K",-0.834378036155333
"P",247,"L","P247L",-0.817406186810593
"P",247,"M","P247M",0.0529476071264916
"P",247,"N","P247N",-2.32755575967246
"P",247,"Q","P247Q",0.0399890135146101
"P",247,"R","P247R",-0.873984763370172
"P",247,"S","P247S",0.172873972562847
"P",247,"T","P247T",-0.486465433654377
"P",247,"V","P247V",-0.151517303593914
"P",247,"W","P247W",0.0454138249109648
"P",247,"Y","P247Y",0.270592007365661
"K",248,"A","K248A",0.274635858522767
"K",248,"C","K248C",-0.867385334607572
"K",248,"D","K248D",0.137497137290415
"K",248,"E","K248E",0.277326788214075
"K",248,"F","K248F",0.312207859690259
"K",248,"G","K248G",0.169541912301193
"K",248,"H","K248H",-0.226269536578988
"K",248,"I","K248I",-0.78601471977118
"K",248,"L","K248L",-0.0351702546991288
"K",248,"M","K248M",0.00356105335022696
"K",248,"N","K248N",-0.586902180946414
"K",248,"P","K248P",0.598815753514034
"K",248,"Q","K248Q",0.291660093911248
"K",248,"R","K248R",0.346952619144473
"K",248,"S","K248S",0.268217508635599
"K",248,"T","K248T",-0.283720024308515
"K",248,"V","K248V",-0.382878383687047
"K",248,"W","K248W",0.583072035474319
"K",248,"Y","K248Y",1.01002155829777
"D",249,"A","D249A",-0.00142322456360309
"D",249,"C","D249C",0.0180392060531559
"D",249,"E","D249E",-1.08581493421723
"D",249,"F","D249F",-0.30306531862057
"D",249,"G","D249G",-0.458751719619918
"D",249,"H","D249H",-0.385924670273312
"D",249,"I","D249I",-0.342034359759311
"D",249,"K","D249K",-0.744588037877112
"D",249,"L","D249L",0.515012138386634
"D",249,"M","D249M",0.261682715666027
"D",249,"N","D249N",-0.183152083373598
"D",249,"P","D249P",0.256134706861745
"D",249,"Q","D249Q",-0.299517558142536
"D",249,"R","D249R",0.372293220516327
"D",249,"S","D249S",-0.254382445239108
"D",249,"T","D249T",0.467500087002604
"D",249,"V","D249V",-0.245871150764249
"D",249,"W","D249W",0.160898860987027
"D",249,"Y","D249Y",-0.222867081392106
"T",250,"A","T250A",0.938390981896601
"T",250,"C","T250C",0.213139010971726
"T",250,"D","T250D",-0.185543746034251
"T",250,"E","T250E",0.603911035116418
"T",250,"F","T250F",1.77951370462662
"T",250,"G","T250G",0.0514528290639127
"T",250,"H","T250H",1.1188056685696
"T",250,"I","T250I",-0.260883060603866
"T",250,"K","T250K",0.907835376527471
"T",250,"L","T250L",0.418327515445536
"T",250,"M","T250M",1.44388187526276
"T",250,"N","T250N",-0.459971670847276
"T",250,"P","T250P",-0.235178281287397
"T",250,"Q","T250Q",0.550276474924986
"T",250,"R","T250R",1.96297744506624
"T",250,"S","T250S",0.327171829362034
"T",250,"V","T250V",0.424923917493449
"T",250,"W","T250W",3.25514800283625
"T",250,"Y","T250Y",2.33538074633345
"L",251,"A","L251A",1.54398055081736
"L",251,"C","L251C",-0.545082259496825
"L",251,"D","L251D",0.625522659708756
"L",251,"E","L251E",0.478821287479746
"L",251,"F","L251F",0.510971099230695
"L",251,"G","L251G",1.03638907853817
"L",251,"H","L251H",0.634494553088625
"L",251,"I","L251I",0.121683330267087
"L",251,"K","L251K",0.712473101472644
"L",251,"M","L251M",-0.293234161680699
"L",251,"N","L251N",0.122963148766067
"L",251,"P","L251P",0.389968393866516
"L",251,"Q","L251Q",0.483807830008956
"L",251,"R","L251R",0.100903842726401
"L",251,"S","L251S",0.884061535731098
"L",251,"T","L251T",-0.866488035742633
"L",251,"V","L251V",-0.526089668708778
"L",251,"W","L251W",0.667459186652455
"L",251,"Y","L251Y",0.82555433267935
"M",252,"A","M252A",0.13012511744404
"M",252,"C","M252C",-1.30962333623731
"M",252,"D","M252D",-0.637480405204882
"M",252,"E","M252E",0.316298670709864
"M",252,"F","M252F",-0.597342214992833
"M",252,"G","M252G",-0.198678295171946
"M",252,"H","M252H",-0.237999525320147
"M",252,"I","M252I",-0.275577659598513
"M",252,"K","M252K",0.414958771925747
"M",252,"L","M252L",0.285682749871598
"M",252,"N","M252N",-0.549499191421542
"M",252,"P","M252P",0.40795880490987
"M",252,"Q","M252Q",-0.188889419284008
"M",252,"R","M252R",-0.148578776790526
"M",252,"S","M252S",-0.00716402476819233
"M",252,"T","M252T",0.271748622986713
"M",252,"V","M252V",-0.166358963735499
"M",252,"W","M252W",-0.807304622759475
"M",252,"Y","M252Y",-1.60128806084402
"I",253,"A","I253A",-0.371216072396834
"I",253,"C","I253C",-0.647769977321459
"I",253,"D","I253D",-0.804454889308604
"I",253,"E","I253E",0.368463625672355
"I",253,"F","I253F",-0.70077262078715
"I",253,"G","I253G",-0.639725777912282
"I",253,"H","I253H",0.103063040217038
"I",253,"K","I253K",0.0873192716184651
"I",253,"L","I253L",-0.35422006647585
"I",253,"M","I253M",-0.456549268962988
"I",253,"N","I253N",-0.140228224242027
"I",253,"P","I253P",-0.592923438265037
"I",253,"Q","I253Q",-0.530382586527039
"I",253,"R","I253R",-0.0533958432123791
"I",253,"S","I253S",-0.589343379984863
"I",253,"T","I253T",-0.52303130503406
"I",253,"V","I253V",-0.239844574092636
"I",253,"W","I253W",-0.128138066638544
"I",253,"Y","I253Y",-0.155750483619629
"S",254,"A","S254A",-0.408808835820861
"S",254,"C","S254C",-0.27845056168796
"S",254,"D","S254D",-0.415030344183153
"S",254,"E","S254E",-0.142481417471008
"S",254,"F","S254F",0.244206685108357
"S",254,"G","S254G",-0.207572643716577
"S",254,"H","S254H",-0.263957342522927
"S",254,"I","S254I",0.447502451152443
"S",254,"K","S254K",-0.978625337697838
"S",254,"L","S254L",0.123334537951711
"S",254,"M","S254M",-0.163003881848737
"S",254,"N","S254N",0.238681763670301
"S",254,"P","S254P",-0.414626822553302
"S",254,"Q","S254Q",-0.73370639097586
"S",254,"R","S254R",-0.138285781474102
"S",254,"T","S254T",-0.123533068730156
"S",254,"V","S254V",0.307380667158384
"S",254,"W","S254W",0.232073979005351
"S",254,"Y","S254Y",-0.865276636804822
"R",255,"A","R255A",-0.378063446874808
"R",255,"C","R255C",-0.386243470474485
"R",255,"D","R255D",-0.229871109565939
"R",255,"E","R255E",-0.509397099122142
"R",255,"F","R255F",0.0310578618808933
"R",255,"G","R255G",0.258341416902348
"R",255,"H","R255H",-0.198792613275669
"R",255,"I","R255I",-0.252872644612781
"R",255,"K","R255K",-0.70696807334677
"R",255,"L","R255L",-0.419648158503043
"R",255,"M","R255M",0.639452933366954
"R",255,"N","R255N",-1.17001682195418
"R",255,"P","R255P",-0.171528311948241
"R",255,"Q","R255Q",-0.691176940907219
"R",255,"S","R255S",-0.17305340208764
"R",255,"T","R255T",-0.459598830311616
"R",255,"V","R255V",-0.267791744416756
"R",255,"W","R255W",-0.632905095575307
"R",255,"Y","R255Y",-0.56086888569062
"T",256,"A","T256A",0.056322565874795
"T",256,"C","T256C",-0.838699941657398
"T",256,"D","T256D",0.2906537530415
"T",256,"E","T256E",-0.176041179150824
"T",256,"F","T256F",-0.425055348836761
"T",256,"G","T256G",-0.350173777291707
"T",256,"H","T256H",-0.0330703291056632
"T",256,"I","T256I",-0.524013801603702
"T",256,"K","T256K",0.0647635728420482
"T",256,"L","T256L",-0.1133200341855
"T",256,"M","T256M",0.013220706006169
"T",256,"N","T256N",0.510620466025582
"T",256,"P","T256P",-0.683155403841212
"T",256,"Q","T256Q",-0.268119716805422
"T",256,"R","T256R",-0.0606058986396137
"T",256,"S","T256S",-0.54842240105746
"T",256,"V","T256V",0.157027611717206
"T",256,"W","T256W",-0.684263519404944
"T",256,"Y","T256Y",0.0130216674220232
"P",257,"A","P257A",-0.447077690072035
"P",257,"C","P257C",-0.0203143035336389
"P",257,"D","P257D",0.951746953847942
"P",257,"E","P257E",0.66716189829252
"P",257,"F","P257F",0.534106106486403
"P",257,"G","P257G",-0.143358955476696
"P",257,"H","P257H",-0.742037068363215
"P",257,"I","P257I",-0.547821909699817
"P",257,"K","P257K",-0.728142474117633
"P",257,"L","P257L",-1.26698010489183
"P",257,"M","P257M",-0.117957522431424
"P",257,"N","P257N",-0.294790888646367
"P",257,"Q","P257Q",0.189358479647249
"P",257,"R","P257R",0.481744389153001
"P",257,"S","P257S",-0.320020902302766
"P",257,"T","P257T",-0.779249577265366
"P",257,"V","P257V",-0.922519544335841
"P",257,"W","P257W",1.13484613942734
"P",257,"Y","P257Y",0.968114242897879
"E",258,"A","E258A",-0.291869803455492
"E",258,"C","E258C",-0.163912973411488
"E",258,"D","E258D",-0.0626028010076076
"E",258,"F","E258F",-0.0805885666980925
"E",258,"G","E258G",-0.0427621241041674
"E",258,"H","E258H",0.173457617377381
"E",258,"I","E258I",-0.29469887771195
"E",258,"K","E258K",-0.342784044759898
"E",258,"L","E258L",-0.380955904084406
"E",258,"M","E258M",0.0477012448762718
"E",258,"N","E258N",-0.359498654906372
"E",258,"P","E258P",0.288696732055494
"E",258,"Q","E258Q",-0.0164000101699213
"E",258,"R","E258R",-0.631662979316295
"E",258,"S","E258S",0.326151324989013
"E",258,"T","E258T",0.0328362913717658
"E",258,"V","E258V",0.248511677335246
"E",258,"W","E258W",-0.809297396330254
"E",258,"Y","E258Y",-0.101236990533196
"V",259,"A","V259A",-0.954116778527758
"V",259,"C","V259C",-0.239716308939931
"V",259,"D","V259D",0.559567932450685
"V",259,"E","V259E",1.09758144104665
"V",259,"F","V259F",-1.34908359436454
"V",259,"G","V259G",-1.19439280957678
"V",259,"H","V259H",-0.529018841545436
"V",259,"I","V259I",-0.0173919306849794
"V",259,"K","V259K",0.594221550340279
"V",259,"L","V259L",-0.20845163382525
"V",259,"M","V259M",-0.525943272277527
"V",259,"N","V259N",-0.525534781308928
"V",259,"P","V259P",0.661125135873054
"V",259,"Q","V259Q",-0.0370566351086563
"V",259,"R","V259R",0.90588918528679
"V",259,"S","V259S",-0.645886323421833
"V",259,"T","V259T",-0.826216036704661
"V",259,"W","V259W",0.378495430876105
"V",259,"Y","V259Y",-0.278206015555523
"T",260,"A","T260A",-0.854823979587859
"T",260,"C","T260C",-0.719360053257435
"T",260,"D","T260D",-0.463321505402933
"T",260,"E","T260E",-0.710381602761234
"T",260,"F","T260F",-0.1809514464344
"T",260,"G","T260G",0.0464558495969681
"T",260,"H","T260H",-0.557262266838989
"T",260,"I","T260I",0.557358697210069
"T",260,"K","T260K",0.189582863207103
"T",260,"L","T260L",0.171112527819717
"T",260,"M","T260M",0.243024826593931
"T",260,"N","T260N",-0.393867139109361
"T",260,"P","T260P",-0.241877965948901
"T",260,"Q","T260Q",-0.750191181771972
"T",260,"R","T260R",-0.381320749664456
"T",260,"S","T260S",-0.297694820254145
"T",260,"V","T260V",-0.68485174211439
"T",260,"W","T260W",-0.661995719648243
"T",260,"Y","T260Y",0.00896081203952843
"C",261,"A","C261A",-0.227245037271243
"C",261,"D","C261D",0.430233482815497
"C",261,"E","C261E",0.188077504547434
"C",261,"F","C261F",0.239745902772213
"C",261,"G","C261G",0.285521108755687
"C",261,"H","C261H",0.558808380790821
"C",261,"I","C261I",-0.711627867953468
"C",261,"K","C261K",1.05718581509566
"C",261,"L","C261L",0.47667508261202
"C",261,"M","C261M",-0.259185724587067
"C",261,"N","C261N",0.0830396660986618
"C",261,"P","C261P",0.403056711840852
"C",261,"Q","C261Q",0.367878761047388
"C",261,"R","C261R",1.03188617554102
"C",261,"S","C261S",-0.0381781200637149
"C",261,"T","C261T",-0.784211476073321
"C",261,"V","C261V",-1.00631674716242
"C",261,"W","C261W",0.144666070768888
"C",261,"Y","C261Y",0.0906783682215163
"V",262,"A","V262A",-0.783343808796706
"V",262,"C","V262C",-0.164401180835008
"V",262,"D","V262D",-2.27439647179773
"V",262,"E","V262E",0.277406510349757
"V",262,"F","V262F",-0.0408427301495128
"V",262,"G","V262G",-0.253588846062709
"V",262,"H","V262H",-0.229753054382563
"V",262,"I","V262I",-0.16632192429005
"V",262,"K","V262K",0.196335022841031
"V",262,"L","V262L",-2.5435955481941
"V",262,"M","V262M",-1.20172538892796
"V",262,"N","V262N",-1.56864738519272
"V",262,"P","V262P",0.471280172860749
"V",262,"Q","V262Q",-0.437449077618611
"V",262,"R","V262R",0.456322251446384
"V",262,"S","V262S",0.379479895771152
"V",262,"T","V262T",-0.0665957266612852
"V",262,"W","V262W",0.631574860677621
"V",262,"Y","V262Y",0.103119217429502
"V",263,"A","V263A",-2.35606652211023
"V",263,"C","V263C",-0.291751940108534
"V",263,"D","V263D",0.704064565549227
"V",263,"E","V263E",0.257284120517919
"V",263,"F","V263F",0.0948907547848145
"V",263,"G","V263G",-0.530392516768868
"V",263,"H","V263H",-0.445065744543713
"V",263,"I","V263I",0.837702714501415
"V",263,"K","V263K",0.238167667807753
"V",263,"L","V263L",2.82461472352527
"V",263,"M","V263M",2.75341376099269
"V",263,"N","V263N",0.417671970211065
"V",263,"P","V263P",-0.355806250114008
"V",263,"Q","V263Q",0.80269349112296
"V",263,"R","V263R",0.440137033095101
"V",263,"S","V263S",-1.68136177065657
"V",263,"T","V263T",-0.314480756727742
"V",263,"W","V263W",0.485578183134219
"V",263,"Y","V263Y",0.420414542406464
"V",264,"A","V264A",0.67196059130866
"V",264,"C","V264C",0.819307589327807
"V",264,"D","V264D",0.0859783743457011
"V",264,"E","V264E",-0.969824798000955
"V",264,"F","V264F",-0.0366829177739736
"V",264,"G","V264G",4.20449822660821
"V",264,"H","V264H",0.858080914061685
"V",264,"I","V264I",-0.819525005397713
"V",264,"K","V264K",0.574493218529222
"V",264,"L","V264L",0.499939012221893
"V",264,"M","V264M",1.01872241736363
"V",264,"N","V264N",2.29735193669756
"V",264,"P","V264P",0.746921932013968
"V",264,"Q","V264Q",0.350347894785055
"V",264,"R","V264R",-0.0827004008444183
"V",264,"S","V264S",1.22976798209957
"V",264,"T","V264T",1.62591296934933
"V",264,"W","V264W",1.09485020162868
"V",264,"Y","V264Y",0.134873553444494
"D",265,"A","D265A",0.030188890175105
"D",265,"C","D265C",0.254744511015301
"D",265,"E","D265E",0.673323268858146
"D",265,"F","D265F",-0.600940189523706
"D",265,"G","D265G",-0.656040746563669
"D",265,"H","D265H",1.1301512421213
"D",265,"I","D265I",-0.207606861242108
"D",265,"K","D265K",-0.06559681099886
"D",265,"L","D265L",-0.159040800799998
"D",265,"M","D265M",0.402817802353069
"D",265,"N","D265N",-0.111269421050788
"D",265,"P","D265P",0.245514756030242
"D",265,"Q","D265Q",0.717999390041501
"D",265,"R","D265R",0.702376464789904
"D",265,"S","D265S",0.306052560402802
"D",265,"T","D265T",-1.08685256345346
"D",265,"V","D265V",0.034365106537057
"D",265,"W","D265W",0.168468871534595
"D",265,"Y","D265Y",0.174349869178187
"V",266,"A","V266A",0.0988430225615636
"V",266,"C","V266C",-0.25913513164014
"V",266,"D","V266D",-0.820750919697236
"V",266,"E","V266E",0.120170603145269
"V",266,"F","V266F",3.99230851497703
"V",266,"G","V266G",1.21783507029879
"V",266,"H","V266H",0.180508000419971
"V",266,"I","V266I",2.18340017493568
"V",266,"K","V266K",-0.218852193215354
"V",266,"L","V266L",2.72191372634121
"V",266,"M","V266M",4.78067893959474
"V",266,"N","V266N",1.01565043776864
"V",266,"P","V266P",0.331863624100379
"V",266,"Q","V266Q",1.16875093189165
"V",266,"R","V266R",0.0649351610032853
"V",266,"S","V266S",0.75018189929243
"V",266,"T","V266T",0.685661210956999
"V",266,"W","V266W",1.62857166207622
"V",266,"Y","V266Y",0.884600874743597
"S",267,"A","S267A",2.28928745124365
"S",267,"C","S267C",3.79370302942511
"S",267,"D","S267D",1.03658772240861
"S",267,"E","S267E",4.90298669012509
"S",267,"F","S267F",1.80040024486096
"S",267,"G","S267G",2.07639372315899
"S",267,"H","S267H",1.46484821623003
"S",267,"I","S267I",7.10682944941257
"S",267,"K","S267K",0.599317081278599
"S",267,"L","S267L",3.77645303253455
"S",267,"M","S267M",6.65889232759948
"S",267,"N","S267N",-0.17141565943341
"S",267,"P","S267P",-0.0740071862661602
"S",267,"Q","S267Q",8.37499082884555
"S",267,"R","S267R",0.034265626454683
"S",267,"T","S267T",3.1840270176776
"S",267,"V","S267V",7.74074172039646
"S",267,"W","S267W",0.98483005286121
"S",267,"Y","S267Y",0.841925547256696
"H",268,"A","H268A",2.33973409642915
"H",268,"C","H268C",-0.0171976748845011
"H",268,"D","H268D",-0.104008349602976
"H",268,"E","H268E",0.31178429973328
"H",268,"F","H268F",-0.291893275084027
"H",268,"G","H268G",2.64893997461182
"H",268,"I","H268I",-0.391725015970573
"H",268,"K","H268K",0.100413126317703
"H",268,"L","H268L",-0.707606772020689
"H",268,"M","H268M",-1.39567607641048
"H",268,"N","H268N",4.4861055674481
"H",268,"P","H268P",1.17174937715949
"H",268,"Q","H268Q",1.26273135555455
"H",268,"R","H268R",1.35151541767002
"H",268,"S","H268S",2.83275339060144
"H",268,"T","H268T",0.162290262648312
"H",268,"V","H268V",0.712020267239535
"H",268,"W","H268W",0.93670847423862
"H",268,"Y","H268Y",0.367405037036421
"E",269,"A","E269A",-0.291677027525741
"E",269,"C","E269C",-1.57014450569599
"E",269,"D","E269D",-0.0979948223081087
"E",269,"F","E269F",0.40667067412845
"E",269,"G","E269G",0.147599440502873
"E",269,"H","E269H",-0.0855695396033443
"E",269,"I","E269I",0.814096487228779
"E",269,"K","E269K",0.0125866171463596
"E",269,"L","E269L",-0.700236834036679
"E",269,"M","E269M",-0.249017218260686
"E",269,"N","E269N",-0.162946444028501
"E",269,"P","E269P",0.52514104154438
"E",269,"Q","E269Q",0.0787006768961871
"E",269,"R","E269R",0.89961535182383
"E",269,"S","E269S",-0.158319268620991
"E",269,"T","E269T",0.0988981110064046
"E",269,"V","E269V",0.583291516430642
"E",269,"W","E269W",0.793312271124456
"E",269,"Y","E269Y",0.648772736137736
"D",270,"A","D270A",0.181672601639082
"D",270,"C","D270C",0.521133440978071
"D",270,"E","D270E",-2.89947749387996
"D",270,"F","D270F",0.128467457997843
"D",270,"G","D270G",-0.153476081241053
"D",270,"H","D270H",0.091698562308422
"D",270,"I","D270I",-0.501700065693908
"D",270,"K","D270K",0.134747732683867
"D",270,"L","D270L",-1.62736047337862
"D",270,"M","D270M",-0.628224198914842
"D",270,"N","D270N",0.216812502254959
"D",270,"P","D270P",-0.200528858578735
"D",270,"Q","D270Q",-3.5530086124424
"D",270,"R","D270R",0.155913634424564
"D",270,"S","D270S",0.574406686557027
"D",270,"T","D270T",0.21032212843916
"D",270,"V","D270V",-0.539394462024215
"D",270,"W","D270W",-0.233150536271767
"D",270,"Y","D270Y",0.889973201699455
"P",271,"A","P271A",-0.110904790181585
"P",271,"C","P271C",0.496262063527453
"P",271,"D","P271D",0.610360067184031
"P",271,"E","P271E",0.191351392248195
"P",271,"F","P271F",-0.907286148184651
"P",271,"G","P271G",4.43018031390097
"P",271,"H","P271H",-0.448474011880961
"P",271,"I","P271I",0.0720912906788915
"P",271,"K","P271K",0.172620142752992
"P",271,"L","P271L",1.29777755544939
"P",271,"M","P271M",0.00878830199671603
"P",271,"N","P271N",0.14280775226069
"P",271,"Q","P271Q",-0.232900886928841
"P",271,"R","P271R",-0.311951938638994
"P",271,"S","P271S",-0.0461164401661947
"P",271,"T","P271T",1.55233781298311
"P",271,"V","P271V",-1.53367964853352
"P",271,"W","P271W",-1.47957903714255
"P",271,"Y","P271Y",-1.77243671273818
"E",272,"A","E272A",0.889884654146373
"E",272,"C","E272C",0.0834179828974326
"E",272,"D","E272D",-1.38044741972615
"E",272,"F","E272F",-2.88152570400934
"E",272,"G","E272G",-1.06871098408378
"E",272,"I","E272I",0.103512557746953
"E",272,"K","E272K",1.35674406973136
"E",272,"L","E272L",0.109168548765844
"E",272,"M","E272M",0.249602332138354
"E",272,"N","E272N",-1.69247783939668
"E",272,"P","E272P",5.22105517010076
"E",272,"Q","E272Q",0.905332431890603
"E",272,"R","E272R",0.625080641069714
"E",272,"S","E272S",0.0980596416809929
"E",272,"T","E272T",0.279645772404316
"E",272,"V","E272V",-0.267602882258762
"E",272,"W","E272W",-2.61566278526114
"E",272,"Y","E272Y",-1.7016623787648
"V",273,"A","V273A",1.97858607567313
"V",273,"C","V273C",4.14741982880674
"V",273,"D","V273D",3.98537071505063
"V",273,"E","V273E",4.27143266628297
"V",273,"F","V273F",9.47831101152242
"V",273,"G","V273G",4.33362017163965
"V",273,"H","V273H",4.99957787548912
"V",273,"I","V273I",3.31789628278125
"V",273,"K","V273K",0.80494310597319
"V",273,"L","V273L",4.40570488133473
"V",273,"M","V273M",7.89518896118055
"V",273,"N","V273N",5.59949666392542
"V",273,"P","V273P",2.35170169017978
"V",273,"Q","V273Q",4.50632955677037
"V",273,"R","V273R",0.548179027229847
"V",273,"S","V273S",4.81433926755626
"V",273,"T","V273T",4.47302597874411
"V",273,"W","V273W",5.01470639667629
"V",273,"Y","V273Y",7.28736408696938
"K",274,"A","K274A",-0.715010018112868
"K",274,"C","K274C",1.00881541767756
"K",274,"D","K274D",-1.03078662979779
"K",274,"E","K274E",-0.941021739700547
"K",274,"F","K274F",0.35840833514217
"K",274,"G","K274G",-1.90978676003897
"K",274,"H","K274H",-0.565890449245746
"K",274,"I","K274I",-0.151605213245414
"K",274,"L","K274L",-0.980442543704132
"K",274,"M","K274M",-0.0264468389678687
"K",274,"N","K274N",-0.48344837668347
"K",274,"P","K274P",-1.8996164618534
"K",274,"Q","K274Q",0.173148443998459
"K",274,"R","K274R",-0.30510506899815
"K",274,"S","K274S",-0.600821115410408
"K",274,"T","K274T",-0.517564791982561
"K",274,"V","K274V",0.863395431457477
"K",274,"W","K274W",-0.308429896930606
"K",274,"Y","K274Y",-0.513493491246874
"F",275,"A","F275A",1.09538387094215
"F",275,"C","F275C",2.24975966216545
"F",275,"D","F275D",0.185186884631529
"F",275,"E","F275E",0.275530423504634
"F",275,"G","F275G",0.0452491602613939
"F",275,"H","F275H",-0.868993013638161
"F",275,"I","F275I",-0.950888829378879
"F",275,"K","F275K",-0.0413316998009667
"F",275,"L","F275L",-1.90828572416777
"F",275,"M","F275M",1.03200270531324
"F",275,"N","F275N",0.283176557587618
"F",275,"P","F275P",1.73141696362754
"F",275,"Q","F275Q",-1.00965042092043
"F",275,"R","F275R",0.215171953796175
"F",275,"S","F275S",0.0679822559298727
"F",275,"T","F275T",-0.551125714793565
"F",275,"V","F275V",1.61078944116591
"F",275,"W","F275W",-0.322636866754585
"F",275,"Y","F275Y",-0.672135103922583
"N",276,"A","N276A",-0.0858606992904781
"N",276,"C","N276C",-0.0486725298321748
"N",276,"D","N276D",-1.12555444505055
"N",276,"E","N276E",-0.204680011762914
"N",276,"F","N276F",-0.332783943612512
"N",276,"G","N276G",-0.258510128317447
"N",276,"H","N276H",-0.164604924293715
"N",276,"I","N276I",-0.134874551510736
"N",276,"K","N276K",0.00515505108978699
"N",276,"L","N276L",0.0923686903283093
"N",276,"M","N276M",-0.388688579006809
"N",276,"P","N276P",0.733322456870338
"N",276,"Q","N276Q",0.121283544256084
"N",276,"R","N276R",-0.75252438561106
"N",276,"S","N276S",0.00529668463617258
"N",276,"T","N276T",0.433171674210816
"N",276,"V","N276V",-0.501141307563104
"N",276,"W","N276W",-0.427610520249347
"N",276,"Y","N276Y",-0.363290709428453
"W",277,"A","W277A",0.511770989106557
"W",277,"C","W277C",0.0606953946164514
"W",277,"D","W277D",0.333226536365075
"W",277,"E","W277E",0.412452374644919
"W",277,"F","W277F",0.300492481969214
"W",277,"G","W277G",0.259666998309442
"W",277,"H","W277H",0.124992214626384
"W",277,"I","W277I",0.200655998322377
"W",277,"K","W277K",0.610306785129902
"W",277,"L","W277L",-0.784027786093706
"W",277,"M","W277M",-0.0793893132040336
"W",277,"N","W277N",0.136663881836996
"W",277,"P","W277P",0.550077598451671
"W",277,"Q","W277Q",0.371698768766643
"W",277,"R","W277R",0.480921602924875
"W",277,"S","W277S",0.195493284154971
"W",277,"T","W277T",0.429490969414736
"W",277,"V","W277V",0.443381015836602
"W",277,"Y","W277Y",0.211941533505287
"Y",278,"A","Y278A",0.158746346539918
"Y",278,"C","Y278C",-0.109352808147745
"Y",278,"D","Y278D",0.221212990055716
"Y",278,"E","Y278E",0.491820956404354
"Y",278,"F","Y278F",-0.323112190125468
"Y",278,"G","Y278G",-0.205677134265889
"Y",278,"H","Y278H",0.0747586766842321
"Y",278,"I","Y278I",-0.111094064332012
"Y",278,"K","Y278K",-0.623678647277081
"Y",278,"L","Y278L",-0.381842955194729
"Y",278,"M","Y278M",-0.0140407446464217
"Y",278,"N","Y278N",-0.0140399133485265
"Y",278,"P","Y278P",0.78758936579525
"Y",278,"Q","Y278Q",0.363565465758792
"Y",278,"R","Y278R",-0.457869026221114
"Y",278,"S","Y278S",-0.0890247588173285
"Y",278,"T","Y278T",0.311690486757698
"Y",278,"V","Y278V",-0.425373364541373
"Y",278,"W","Y278W",-0.675156202143601
"V",279,"A","V279A",0.0330386276131479
"V",279,"C","V279C",-0.522439559393459
"V",279,"D","V279D",-0.0679685902793637
"V",279,"E","V279E",0.117724790296848
"V",279,"F","V279F",-0.0916507057016565
"V",279,"G","V279G",0.0962457961485449
"V",279,"H","V279H",0.216887859467174
"V",279,"I","V279I",-0.598350582638279
"V",279,"K","V279K",0.118305431844191
"V",279,"L","V279L",-0.173465974309885
"V",279,"M","V279M",-0.00366644546130553
"V",279,"N","V279N",0.128830939516487
"V",279,"P","V279P",-0.561658532632474
"V",279,"Q","V279Q",-0.663932838536216
"V",279,"R","V279R",0.136163086569683
"V",279,"S","V279S",0.0432634651670251
"V",279,"T","V279T",-0.154936857372628
"V",279,"W","V279W",0.130908176877361
"V",279,"Y","V279Y",0.245052288084094
"D",280,"A","D280A",-0.0326005905249742
"D",280,"C","D280C",-0.286706640978929
"D",280,"E","D280E",0.112401556811253
"D",280,"F","D280F",0.361432852047936
"D",280,"G","D280G",-0.254591210092597
"D",280,"H","D280H",-0.531531416447439
"D",280,"I","D280I",-0.688101032447676
"D",280,"K","D280K",-0.169742855761122
"D",280,"L","D280L",-0.783950800559919
"D",280,"M","D280M",-0.141154539861947
"D",280,"N","D280N",-0.194599401005304
"D",280,"P","D280P",0.196537479892229
"D",280,"Q","D280Q",-0.158038911379526
"D",280,"R","D280R",-0.25406788286183
"D",280,"S","D280S",-0.224868294938202
"D",280,"T","D280T",0.105220350210067
"D",280,"V","D280V",-0.341121813367516
"D",280,"W","D280W",0.168945112073044
"D",280,"Y","D280Y",-0.318883148945273
"G",281,"A","G281A",-0.734487803206708
"G",281,"C","G281C",0.203029762945709
"G",281,"D","G281D",0.00794172471210203
"G",281,"E","G281E",0.23816106871725
"G",281,"F","G281F",-0.322211942355002
"G",281,"H","G281H",-0.315433890420752
"G",281,"I","G281I",-0.150852964250429
"G",281,"K","G281K",-0.584000364555426
"G",281,"L","G281L",-0.255342168465249
"G",281,"M","G281M",-0.0709754810579448
"G",281,"N","G281N",0.0440781727354521
"G",281,"P","G281P",0.349736585820703
"G",281,"Q","G281Q",-0.0726111540756965
"G",281,"R","G281R",-0.241696222747014
"G",281,"S","G281S",-0.456344895837983
"G",281,"T","G281T",-0.633482587109576
"G",281,"V","G281V",-1.46990795682404
"G",281,"W","G281W",0.0466256892774855
"G",281,"Y","G281Y",-0.761769880712542
"V",282,"A","V282A",-0.586977681114109
"V",282,"C","V282C",-0.695092961560225
"V",282,"D","V282D",-0.969332994213751
"V",282,"E","V282E",0.0246416872569966
"V",282,"F","V282F",-0.182741825830864
"V",282,"G","V282G",-0.231051686335632
"V",282,"H","V282H",-0.340902082892772
"V",282,"I","V282I",-0.0519949845616781
"V",282,"K","V282K",0.250842001043741
"V",282,"L","V282L",0.0381586499240756
"V",282,"M","V282M",-0.779662189012684
"V",282,"N","V282N",-0.546456593405077
"V",282,"P","V282P",-0.109170907945568
"V",282,"Q","V282Q",-0.0271972616722951
"V",282,"R","V282R",-0.390148808856057
"V",282,"S","V282S",0.134956339404094
"V",282,"T","V282T",0.0286597182193898
"V",282,"W","V282W",0.069778702333752
"V",282,"Y","V282Y",-0.625301539713068
"E",283,"A","E283A",0.34101925882307
"E",283,"C","E283C",0.326424275899795
"E",283,"D","E283D",-0.0674141511149058
"E",283,"F","E283F",0.176767283250033
"E",283,"G","E283G",0.17911513439925
"E",283,"H","E283H",-0.790731660806703
"E",283,"I","E283I",-0.083407619465356
"E",283,"K","E283K",0.106909315533659
"E",283,"L","E283L",0.186028819309737
"E",283,"M","E283M",0.618818114512965
"E",283,"N","E283N",0.244381948627378
"E",283,"P","E283P",0.0128691781659603
"E",283,"Q","E283Q",-0.133982905390826
"E",283,"R","E283R",0.167871369452749
"E",283,"S","E283S",0.0418670661241171
"E",283,"T","E283T",-0.401321887878919
"E",283,"V","E283V",0.279333206589122
"E",283,"W","E283W",0.103801916472889
"E",283,"Y","E283Y",-0.0563405206865864
"V",284,"A","V284A",0.401113610225825
"V",284,"C","V284C",0.304139784441425
"V",284,"D","V284D",-1.0746309427865
"V",284,"E","V284E",-0.459342495480892
"V",284,"F","V284F",0.0156863820136343
"V",284,"G","V284G",0.453749189291558
"V",284,"H","V284H",1.00798406732167
"V",284,"I","V284I",-0.520413758382283
"V",284,"K","V284K",0.241674782665212
"V",284,"L","V284L",0.0962106020537626
"V",284,"M","V284M",-0.114613496438524
"V",284,"N","V284N",0.0847990694864243
"V",284,"P","V284P",-0.444287227596772
"V",284,"Q","V284Q",0.274992036042271
"V",284,"R","V284R",-0.0400888891350277
"V",284,"S","V284S",-0.619339377129315
"V",284,"T","V284T",-0.304406458241117
"V",284,"W","V284W",0.759762765306395
"V",284,"Y","V284Y",-0.0981913032881739
"H",285,"A","H285A",0.376847856092286
"H",285,"C","H285C",-0.259938567673564
"H",285,"D","H285D",-0.787851666948819
"H",285,"E","H285E",0.0345721359080299
"H",285,"F","H285F",-0.330998665541826
"H",285,"G","H285G",-0.0201747795938475
"H",285,"I","H285I",-0.00192712041004694
"H",285,"K","H285K",0.0360613951925805
"H",285,"L","H285L",0.417007585286878
"H",285,"M","H285M",-0.00199956630124007
"H",285,"N","H285N",-0.610375727077611
"H",285,"P","H285P",0.032845997132803
"H",285,"Q","H285Q",0.228377499004756
"H",285,"R","H285R",-0.15933831794083
"H",285,"S","H285S",0.0170279097549081
"H",285,"T","H285T",-0.0250149574430004
"H",285,"V","H285V",-0.0430707980104398
"H",285,"W","H285W",-0.816701258114553
"H",285,"Y","H285Y",-0.202213265304493
"N",286,"A","N286A",-0.364889664043797
"N",286,"C","N286C",0.277750326718683
"N",286,"D","N286D",-0.410582223419146
"N",286,"E","N286E",0.00764237542164212
"N",286,"F","N286F",-0.249114260887213
"N",286,"G","N286G",0.74335635410916
"N",286,"H","N286H",-0.359803606219356
"N",286,"I","N286I",-0.433994644948404
"N",286,"K","N286K",0.0633935276609699
"N",286,"L","N286L",0.169881674427259
"N",286,"M","N286M",-0.233050156526402
"N",286,"P","N286P",0.371563352403525
"N",286,"Q","N286Q",-0.156385063046311
"N",286,"R","N286R",0.184547575331492
"N",286,"S","N286S",-0.0436498886218095
"N",286,"T","N286T",-0.155830954387345
"N",286,"V","N286V",-0.0661811004151744
"N",286,"W","N286W",-0.422547698572774
"N",286,"Y","N286Y",-0.0549374128839281
"A",287,"C","A287C",0.205917023390687
"A",287,"D","A287D",-0.342755212311863
"A",287,"E","A287E",-1.19538619721138
"A",287,"F","A287F",-1.26977677643227
"A",287,"G","A287G",0.822767287575053
"A",287,"H","A287H",0.323199710327381
"A",287,"I","A287I",0.903552542217117
"A",287,"K","A287K",0.946056770752646
"A",287,"L","A287L",0.411824239939459
"A",287,"M","A287M",-0.0226428422039153
"A",287,"N","A287N",-0.0128644181599104
"A",287,"P","A287P",-0.603312168347334
"A",287,"Q","A287Q",0.695512461385502
"A",287,"R","A287R",0.182810516380592
"A",287,"S","A287S",-0.451922868574654
"A",287,"T","A287T",-0.00397787962849049
"A",287,"V","A287V",1.65429140270996
"A",287,"W","A287W",-1.19947685314619
"A",287,"Y","A287Y",0.131080232995588
"K",288,"A","K288A",-0.346801601808152
"K",288,"C","K288C",-0.860611405881188
"K",288,"D","K288D",-0.998011170317822
"K",288,"E","K288E",-0.176725234247457
"K",288,"F","K288F",-0.0719065374139775
"K",288,"G","K288G",-0.785432869102485
"K",288,"H","K288H",-0.0864406873897138
"K",288,"I","K288I",-0.258946107290262
"K",288,"L","K288L",-0.507334990805172
"K",288,"M","K288M",-0.332492413878875
"K",288,"N","K288N",-0.206149290300915
"K",288,"P","K288P",-0.730924737923722
"K",288,"Q","K288Q",-0.348255632431922
"K",288,"R","K288R",-0.66467148377551
"K",288,"S","K288S",-0.567771856392788
"K",288,"T","K288T",-0.0150272230600138
"K",288,"V","K288V",-0.308718031373606
"K",288,"W","K288W",-0.880708413852341
"K",288,"Y","K288Y",0.619150414376298
"T",289,"A","T289A",-0.26812941835929
"T",289,"C","T289C",-1.03469956368259
"T",289,"D","T289D",-0.75670023563229
"T",289,"E","T289E",-2.20389947655712
"T",289,"F","T289F",-0.753591099707311
"T",289,"G","T289G",-0.012677552539998
"T",289,"H","T289H",-0.203936271022001
"T",289,"I","T289I",-0.802313828510643
"T",289,"K","T289K",0.79608370373295
"T",289,"L","T289L",-1.87264856220746
"T",289,"M","T289M",-0.30001229546288
"T",289,"N","T289N",0.533440678295384
"T",289,"P","T289P",-1.14649280488026
"T",289,"Q","T289Q",-1.19387036960933
"T",289,"R","T289R",0.124952622781647
"T",289,"S","T289S",0.158800713142338
"T",289,"V","T289V",-0.396469004564255
"T",289,"W","T289W",-0.373616333982005
"T",289,"Y","T289Y",-1.44450641303502
"K",290,"A","K290A",-0.57351007263291
"K",290,"C","K290C",0.331975130420216
"K",290,"D","K290D",0.34909802929885
"K",290,"E","K290E",-0.44082905259312
"K",290,"F","K290F",-0.411879229968805
"K",290,"G","K290G",-1.86608618172967
"K",290,"H","K290H",-1.14816966165275
"K",290,"I","K290I",-0.370144036996495
"K",290,"L","K290L",-1.52889539375962
"K",290,"M","K290M",-0.450685184960266
"K",290,"N","K290N",-0.459874037410931
"K",290,"P","K290P",0.0065431684190051
"K",290,"Q","K290Q",-0.391077056935924
"K",290,"R","K290R",-0.124378213463784
"K",290,"S","K290S",0.676686917614252
"K",290,"T","K290T",1.21277733737591
"K",290,"V","K290V",0.264788269582237
"K",290,"W","K290W",0.604012361468001
"K",290,"Y","K290Y",1.66202190662473
"P",291,"A","P291A",-0.502835891565923
"P",291,"C","P291C",0.259105351465992
"P",291,"D","P291D",-0.791092147050226
"P",291,"E","P291E",-0.720085766027339
"P",291,"F","P291F",-0.949710776634442
"P",291,"G","P291G",0.0291390460288637
"P",291,"H","P291H",-0.420976359921347
"P",291,"I","P291I",-0.402706052993348
"P",291,"K","P291K",0.384926329470098
"P",291,"L","P291L",-0.369291993413073
"P",291,"M","P291M",-0.19430599458678
"P",291,"N","P291N",-0.373473035805609
"P",291,"Q","P291Q",-0.121446470930559
"P",291,"R","P291R",-0.0512429431435627
"P",291,"S","P291S",-0.206601633996698
"P",291,"T","P291T",-0.250613834603859
"P",291,"V","P291V",0.216688941555917
"P",291,"W","P291W",-1.15334213844063
"P",291,"Y","P291Y",-0.35547721953919
"R",292,"A","R292A",-2.25876414016848
"R",292,"C","R292C",-1.06061133537086
"R",292,"D","R292D",-1.40997542456397
"R",292,"E","R292E",-1.91073752251556
"R",292,"F","R292F",-1.61185624634526
"R",292,"G","R292G",-1.89275632231781
"R",292,"H","R292H",-2.4781799999714
"R",292,"I","R292I",-1.52818181173439
"R",292,"K","R292K",-0.790488230928068
"R",292,"L","R292L",-1.84068389790676
"R",292,"M","R292M",-2.51508984224282
"R",292,"N","R292N",-1.68956606345007
"R",292,"P","R292P",-2.01425598739996
"R",292,"Q","R292Q",-1.92872797488696
"R",292,"S","R292S",-2.25102179578804
"R",292,"T","R292T",-1.61672629812577
"R",292,"V","R292V",-2.28802998908093
"R",292,"W","R292W",-0.330756766371944
"R",292,"Y","R292Y",-1.35700977087485
"E",293,"A","E293A",0.731211508242458
"E",293,"C","E293C",0.371854127634388
"E",293,"D","E293D",-0.104441708955659
"E",293,"F","E293F",0.665718550687905
"E",293,"G","E293G",-0.678944464059995
"E",293,"H","E293H",0.128224314483458
"E",293,"I","E293I",-0.508936999450755
"E",293,"K","E293K",-0.0437414642396933
"E",293,"L","E293L",-0.194322045225489
"E",293,"M","E293M",0.398972416678331
"E",293,"N","E293N",-0.140139677603513
"E",293,"P","E293P",0.887952928789631
"E",293,"Q","E293Q",0.317008310843085
"E",293,"R","E293R",0.188004396465661
"E",293,"S","E293S",-0.312920963394761
"E",293,"T","E293T",-0.0190133537720412
"E",293,"V","E293V",-0.534447234961952
"E",293,"W","E293W",0.884362222482594
"E",293,"Y","E293Y",0.768566773848421
"E",294,"A","E294A",0.276468380699262
"E",294,"C","E294C",0.489087505423395
"E",294,"D","E294D",-1.49327773507849
"E",294,"F","E294F",0.985229757635377
"E",294,"G","E294G",-0.249117281881735
"E",294,"H","E294H",0.337670975719968
"E",294,"I","E294I",0.43657781384551
"E",294,"K","E294K",0.921106966644052
"E",294,"L","E294L",0.930282940340883
"E",294,"M","E294M",0.356264980953936
"E",294,"N","E294N",-2.15916960421582
"E",294,"P","E294P",-0.221631765158176
"E",294,"Q","E294Q",0.728568290849679
"E",294,"R","E294R",1.26300899523831
"E",294,"S","E294S",-0.373206165761215
"E",294,"T","E294T",0.0541814062771254
"E",294,"V","E294V",1.44161332775729
"E",294,"W","E294W",-0.862263321910893
"E",294,"Y","E294Y",-0.287753861105577
"Q",295,"A","Q295A",-1.73564626008487
"Q",295,"C","Q295C",-3.31440434278539
"Q",295,"D","Q295D",0.512481390075658
"Q",295,"E","Q295E",-0.0213085014731496
"Q",295,"F","Q295F",-1.71293844183098
"Q",295,"G","Q295G",-1.50033007333721
"Q",295,"H","Q295H",-1.47695868825196
"Q",295,"I","Q295I",-0.376337272091181
"Q",295,"K","Q295K",-2.0654240383827
"Q",295,"L","Q295L",0.0511224182547499
"Q",295,"M","Q295M",0.00153733998489793
"Q",295,"N","Q295N",-2.01724266752169
"Q",295,"P","Q295P",-0.503838610102269
"Q",295,"R","Q295R",-1.06831954206058
"Q",295,"S","Q295S",-2.18223905379131
"Q",295,"T","Q295T",-3.01391464408195
"Q",295,"V","Q295V",-0.831905085164526
"Q",295,"W","Q295W",0.218163363527202
"Q",295,"Y","Q295Y",-2.5409779796837
"Y",296,"A","Y296A",0.92168134577611
"Y",296,"C","Y296C",0.283926796655386
"Y",296,"D","Y296D",0.0460040964272521
"Y",296,"E","Y296E",0.26220381716341
"Y",296,"F","Y296F",0.106584612912638
"Y",296,"G","Y296G",1.52680485095399
"Y",296,"H","Y296H",0.618994558673341
"Y",296,"I","Y296I",-0.0393542967859181
"Y",296,"K","Y296K",1.33457312413026
"Y",296,"L","Y296L",0.717129644715443
"Y",296,"M","Y296M",0.29287404211907
"Y",296,"N","Y296N",0.390793969994083
"Y",296,"P","Y296P",0.981507386354817
"Y",296,"Q","Y296Q",0.174361502731024
"Y",296,"R","Y296R",0.980069682539043
"Y",296,"S","Y296S",1.33785020926938
"Y",296,"T","Y296T",1.72795605019873
"Y",296,"V","Y296V",-0.282279396739654
"Y",296,"W","Y296W",-1.20228173002564
"N",297,"A","N297A",-0.0758457276500703
"N",297,"C","N297C",0.7663109687227
"N",297,"D","N297D",0.120623406957348
"N",297,"E","N297E",0.377325478439588
"N",297,"F","N297F",0.145163908026957
"N",297,"G","N297G",-0.314637714680949
"N",297,"H","N297H",-0.240696016889724
"N",297,"I","N297I",0.167286568228756
"N",297,"K","N297K",-0.536911365735618
"N",297,"L","N297L",-0.821600784968138
"N",297,"M","N297M",0.0344472388875274
"N",297,"P","N297P",0.599416599161958
"N",297,"Q","N297Q",0.2621441174813
"N",297,"R","N297R",0.254750393845742
"N",297,"S","N297S",0.630529528033041
"N",297,"T","N297T",1.25587209060337
"N",297,"V","N297V",0.482480344403037
"N",297,"W","N297W",0.286045831618613
"N",297,"Y","N297Y",0.155710021160483
"S",298,"A","S298A",-6.77007494636487
"S",298,"C","S298C",-3.58202123560226
"S",298,"D","S298D",-1.11570506083474
"S",298,"E","S298E",0.164568787476823
"S",298,"F","S298F",-1.81909759755276
"S",298,"G","S298G",0.411231987577024
"S",298,"I","S298I",-1.44296343024983
"S",298,"K","S298K",0.768232191636555
"S",298,"L","S298L",1.28929078797061
"S",298,"M","S298M",0.88996664743172
"S",298,"N","S298N",0.420312278434268
"S",298,"P","S298P",1.09636437634617
"S",298,"Q","S298Q",-0.317837588267036
"S",298,"R","S298R",0.155363996021765
"S",298,"T","S298T",-2.17731277656932
"S",298,"V","S298V",-2.31789548066223
"S",298,"W","S298W",0.202218611248255
"S",298,"Y","S298Y",-1.85707000710129
"T",299,"A","T299A",2.79617675851672
"T",299,"C","T299C",0.942538214052002
"T",299,"D","T299D",-0.171975050906384
"T",299,"E","T299E",0.462984612115013
"T",299,"F","T299F",0.441315533541611
"T",299,"G","T299G",1.08957760362544
"T",299,"H","T299H",0.414598604540329
"T",299,"I","T299I",0.614614184669808
"T",299,"K","T299K",0.736946312113624
"T",299,"L","T299L",0.715151212858677
"T",299,"M","T299M",-0.0258560835111738
"T",299,"N","T299N",0.649360001185216
"T",299,"P","T299P",0.139543209558217
"T",299,"Q","T299Q",0.169439943464412
"T",299,"R","T299R",0.498775475075972
"T",299,"S","T299S",1.77349911700962
"T",299,"V","T299V",0.423093223033905
"T",299,"W","T299W",-0.186250927013509
"T",299,"Y","T299Y",-0.143506842425775
"Y",300,"A","Y300A",-1.92901898288143
"Y",300,"C","Y300C",-0.414025861785843
"Y",300,"D","Y300D",0.238675025941459
"Y",300,"E","Y300E",3.50279983434636
"Y",300,"F","Y300F",-1.29725869064161
"Y",300,"G","Y300G",-1.35784544048535
"Y",300,"H","Y300H",-0.0257126754454613
"Y",300,"I","Y300I",-0.525790218461045
"Y",300,"K","Y300K",-0.959303699086846
"Y",300,"L","Y300L",-0.888087670311427
"Y",300,"M","Y300M",-0.809936145455051
"Y",300,"N","Y300N",-0.974119150479041
"Y",300,"P","Y300P",0.681122920595676
"Y",300,"Q","Y300Q",0.628759843269555
"Y",300,"R","Y300R",0.678409257515543
"Y",300,"S","Y300S",-1.49434374274654
"Y",300,"T","Y300T",-1.89178913752079
"Y",300,"V","Y300V",-0.193045591682207
"Y",300,"W","Y300W",0.225578594447175
"R",301,"A","R301A",0.603003017502075
"R",301,"C","R301C",-0.426437746075471
"R",301,"D","R301D",-0.36306459057756
"R",301,"E","R301E",0.438995758726292
"R",301,"F","R301F",2.12582671668381
"R",301,"G","R301G",-1.65223214860609
"R",301,"H","R301H",-0.230169239249127
"R",301,"I","R301I",0.230563978298308
"R",301,"K","R301K",0.652000886019796
"R",301,"L","R301L",-0.528569489160296
"R",301,"M","R301M",-0.233983155311924
"R",301,"N","R301N",-0.108612486114591
"R",301,"P","R301P",0.652520223055401
"R",301,"Q","R301Q",0.16260999681282
"R",301,"S","R301S",-2.29187688700082
"R",301,"T","R301T",-1.58676520468609
"R",301,"V","R301V",0.719024178205507
"R",301,"W","R301W",0.0695763603236216
"R",301,"Y","R301Y",1.27710765738466
"V",302,"A","V302A",0.795361045693594
"V",302,"C","V302C",1.83226726623974
"V",302,"D","V302D",3.35281276798236
"V",302,"E","V302E",1.40807310704013
"V",302,"F","V302F",-1.16267587199689
"V",302,"G","V302G",0.772221070727167
"V",302,"H","V302H",-1.09569240709582
"V",302,"I","V302I",-0.650778953509037
"V",302,"K","V302K",5.30232232699935
"V",302,"L","V302L",-0.310648298492418
"V",302,"M","V302M",-2.00475701541349
"V",302,"N","V302N",-0.593826708341807
"V",302,"P","V302P",-0.816263849214521
"V",302,"Q","V302Q",0.250072783968205
"V",302,"R","V302R",5.26584874822999
"V",302,"S","V302S",1.56660022175099
"V",302,"T","V302T",0.169174375447267
"V",302,"W","V302W",-0.764950323382083
"V",302,"Y","V302Y",-1.51491678136143
"V",303,"A","V303A",-0.30429147427227
"V",303,"C","V303C",0.274823660404405
"V",303,"D","V303D",0.838996214375419
"V",303,"E","V303E",0.407467743122202
"V",303,"F","V303F",0.218804211363335
"V",303,"G","V303G",0.105580155109558
"V",303,"H","V303H",0.0268894934084078
"V",303,"I","V303I",-0.924360170708343
"V",303,"K","V303K",0.0222051497125969
"V",303,"L","V303L",0.154706162044036
"V",303,"M","V303M",0.228623680597561
"V",303,"N","V303N",-0.364463987853713
"V",303,"P","V303P",-0.775930170708892
"V",303,"Q","V303Q",0.0253409927555048
"V",303,"R","V303R",0.215577983133231
"V",303,"S","V303S",-0.367218632624637
"V",303,"T","V303T",-0.499111414716921
"V",303,"W","V303W",-0.456997577768165
"V",303,"Y","V303Y",0.678973643378828
"S",304,"A","S304A",-2.43933337077314
"S",304,"C","S304C",-1.43628582053099
"S",304,"D","S304D",-1.56303901709804
"S",304,"E","S304E",-1.77200127129037
"S",304,"F","S304F",0.368857616816497
"S",304,"G","S304G",-1.42111016309761
"S",304,"H","S304H",-1.58108212356853
"S",304,"I","S304I",-0.18154093610316
"S",304,"K","S304K",0.230217439506453
"S",304,"L","S304L",0.170483352443084
"S",304,"M","S304M",-1.93040745766045
"S",304,"N","S304N",-0.930588227202824
"S",304,"P","S304P",0.340401134912818
"S",304,"Q","S304Q",-3.07055344021773
"S",304,"R","S304R",-0.824733299040301
"S",304,"T","S304T",-0.709964293658969
"S",304,"V","S304V",-0.420239673882794
"S",304,"W","S304W",0.502479373217704
"S",304,"Y","S304Y",0.997467264008582
"V",305,"A","V305A",0.203021100788774
"V",305,"C","V305C",-0.354248873795636
"V",305,"D","V305D",0.241938137199039
"V",305,"E","V305E",0.110168272980089
"V",305,"F","V305F",0.0387980034009204
"V",305,"G","V305G",0.064243660175413
"V",305,"H","V305H",-0.203810071181971
"V",305,"I","V305I",-0.963062396628237
"V",305,"K","V305K",1.14693717036218
"V",305,"L","V305L",0.241980471321869
"V",305,"M","V305M",0.807403986286781
"V",305,"N","V305N",1.7243991060685
"V",305,"P","V305P",-1.0166071915751
"V",305,"Q","V305Q",0.128889780757264
"V",305,"R","V305R",0.984954753777358
"V",305,"S","V305S",0.036178025103441
"V",305,"T","V305T",-0.118995281796337
"V",305,"W","V305W",0.534627626565901
"V",305,"Y","V305Y",-0.402976360372667
"L",306,"A","L306A",0.242816498604335
"L",306,"C","L306C",-0.578344252140256
"L",306,"D","L306D",0.222443948797463
"L",306,"E","L306E",-0.544604497098718
"L",306,"F","L306F",-0.414775395083091
"L",306,"G","L306G",0.0683663439835138
"L",306,"H","L306H",0.146741533906491
"L",306,"I","L306I",0.38658459307016
"L",306,"K","L306K",0.130728316154424
"L",306,"M","L306M",0.0281759070321182
"L",306,"N","L306N",-0.331141148433929
"L",306,"P","L306P",-0.709458998537304
"L",306,"Q","L306Q",0.284452024205874
"L",306,"R","L306R",1.08563391040981
"L",306,"S","L306S",0.416987337819722
"L",306,"T","L306T",0.548815723441961
"L",306,"V","L306V",-0.0504895656018257
"L",306,"W","L306W",-0.890165219620296
"L",306,"Y","L306Y",-0.291275459734889
"T",307,"A","T307A",0.411448332641317
"T",307,"C","T307C",0.0676253308191759
"T",307,"D","T307D",-0.578279923815959
"T",307,"E","T307E",-0.235843925606347
"T",307,"F","T307F",-0.164390655266672
"T",307,"G","T307G",-0.184501094008276
"T",307,"H","T307H",0.231042670029496
"T",307,"I","T307I",-0.419782215822704
"T",307,"K","T307K",-0.587547288903238
"T",307,"L","T307L",-0.439646231274857
"T",307,"M","T307M",-0.235701908662526
"T",307,"N","T307N",-0.56922072947761
"T",307,"P","T307P",-0.0231966403333828
"T",307,"Q","T307Q",-0.305677381185269
"T",307,"R","T307R",-0.628905993005664
"T",307,"S","T307S",-0.26566630109163
"T",307,"V","T307V",-0.243634000687227
"T",307,"W","T307W",-0.547504551645155
"T",307,"Y","T307Y",0.385765275735516
"V",308,"A","V308A",-0.543483853039534
"V",308,"C","V308C",0.274485754257039
"V",308,"D","V308D",-0.307582151312251
"V",308,"E","V308E",0.519730675988378
"V",308,"F","V308F",-0.324985123288532
"V",308,"G","V308G",0.306427784569069
"V",308,"H","V308H",-0.337026572624852
"V",308,"I","V308I",0.296763354081352
"V",308,"K","V308K",0.121422387473298
"V",308,"L","V308L",-0.0674565517293162
"V",308,"M","V308M",-0.978864491063846
"V",308,"N","V308N",-0.417708723113454
"V",308,"P","V308P",-1.85073951016303
"V",308,"Q","V308Q",-0.198834993979066
"V",308,"R","V308R",0.363381160797819
"V",308,"S","V308S",0.32838027587155
"V",308,"T","V308T",-0.201076794220213
"V",308,"W","V308W",0.981882670254062
"V",308,"Y","V308Y",0.592078179045955
"L",309,"A","L309A",-0.326186905072264
"L",309,"C","L309C",-0.650660743780127
"L",309,"D","L309D",-0.510862765826356
"L",309,"E","L309E",-0.62206006130976
"L",309,"F","L309F",-0.0627982979653215
"L",309,"G","L309G",0.137795391631444
"L",309,"H","L309H",0.850051715221828
"L",309,"I","L309I",0.0179326410478153
"L",309,"K","L309K",0.190003626823893
"L",309,"M","L309M",-0.0998733748467243
"L",309,"N","L309N",0.0759631772903717
"L",309,"P","L309P",-1.38456096895381
"L",309,"Q","L309Q",0.0208468424451712
"L",309,"R","L309R",-0.291791208483648
"L",309,"S","L309S",-1.16029971918874
"L",309,"T","L309T",-0.408115860262034
"L",309,"V","L309V",-0.566185808788021
"L",309,"W","L309W",-0.436185640748886
"L",309,"Y","L309Y",-0.447000089161919
"H",310,"A","H310A",0.113463539900295
"H",310,"C","H310C",0.295876288803489
"H",310,"D","H310D",-0.0523058712826858
"H",310,"E","H310E",-0.0170624053525489
"H",310,"F","H310F",0.564682266069318
"H",310,"G","H310G",-0.30198483506673
"H",310,"I","H310I",-0.260814044640171
"H",310,"K","H310K",-0.696158549887536
"H",310,"L","H310L",0.157493807027054
"H",310,"M","H310M",0.230770301923703
"H",310,"N","H310N",-0.638115335870152
"H",310,"P","H310P",0.581339030430083
"H",310,"Q","H310Q",-0.7773490861767
"H",310,"R","H310R",0.388852267715317
"H",310,"S","H310S",0.227170252914763
"H",310,"T","H310T",-0.17109948161858
"H",310,"V","H310V",0.165842474062456
"H",310,"W","H310W",0.239703587585092
"H",310,"Y","H310Y",0.171029195283954
"Q",311,"A","Q311A",-0.637745707467265
"Q",311,"C","Q311C",-0.00526393439609967
"Q",311,"D","Q311D",-0.148973455365497
"Q",311,"E","Q311E",-0.24985013800131
"Q",311,"F","Q311F",-0.413420399018571
"Q",311,"G","Q311G",-0.690400433016644
"Q",311,"H","Q311H",-0.396608907345217
"Q",311,"I","Q311I",-0.972190627959238
"Q",311,"K","Q311K",0.0349508195688462
"Q",311,"L","Q311L",-0.277875734177103
"Q",311,"M","Q311M",-0.0342937859939209
"Q",311,"N","Q311N",0.517279536248083
"Q",311,"P","Q311P",0.462307387766891
"Q",311,"R","Q311R",-0.426641335741211
"Q",311,"S","Q311S",-0.0833623417507326
"Q",311,"T","Q311T",0.447490275771027
"Q",311,"V","Q311V",0.363068652696332
"Q",311,"W","Q311W",0.557949127765936
"Q",311,"Y","Q311Y",0.077219245429278
"D",312,"A","D312A",-0.28335642217027
"D",312,"C","D312C",0.291700470834896
"D",312,"E","D312E",-0.207937359480809
"D",312,"F","D312F",-0.711109540029188
"D",312,"G","D312G",0.0806386742489568
"D",312,"H","D312H",-0.304467483032298
"D",312,"I","D312I",-0.98324748577603
"D",312,"K","D312K",-0.289221931655533
"D",312,"L","D312L",0.113750194219458
"D",312,"M","D312M",-0.510529663403839
"D",312,"N","D312N",-0.143932489939454
"D",312,"P","D312P",-0.34393070659385
"D",312,"Q","D312Q",0.381523943775225
"D",312,"R","D312R",-0.234064479439983
"D",312,"S","D312S",-0.233317885285614
"D",312,"T","D312T",-1.3588289704403
"D",312,"V","D312V",-1.17452556391944
"D",312,"W","D312W",-0.577426257702758
"D",312,"Y","D312Y",-0.276555495863291
"W",313,"A","W313A",0.957523137736426
"W",313,"C","W313C",0.203961272443694
"W",313,"D","W313D",0.395844400536126
"W",313,"E","W313E",0.301234665915984
"W",313,"F","W313F",-1.05384965383278
"W",313,"H","W313H",0.189466998209969
"W",313,"I","W313I",-1.0718316201508
"W",313,"K","W313K",0.66602362697664
"W",313,"L","W313L",-0.34743613580965
"W",313,"M","W313M",0.0294493818263949
"W",313,"N","W313N",0.224502954082929
"W",313,"P","W313P",0.215383827385192
"W",313,"Q","W313Q",-0.127296829645358
"W",313,"R","W313R",0.0764218019954558
"W",313,"S","W313S",0.142182632898845
"W",313,"T","W313T",0.51765244892375
"W",313,"V","W313V",-1.02747988897789
"W",313,"Y","W313Y",-0.670517619055435
"L",314,"A","L314A",-0.428210182843267
"L",314,"C","L314C",-0.375344398654277
"L",314,"D","L314D",0.214351636385189
"L",314,"E","L314E",-0.362813548511631
"L",314,"F","L314F",0.207876402799143
"L",314,"G","L314G",-0.0261770191687939
"L",314,"H","L314H",-0.761600812419352
"L",314,"I","L314I",0.516496066933409
"L",314,"K","L314K",-0.358961235455665
"L",314,"M","L314M",-0.516802093022231
"L",314,"N","L314N",0.312490772566125
"L",314,"P","L314P",-0.284336401764408
"L",314,"Q","L314Q",0.214049552700156
"L",314,"R","L314R",-0.538056792049816
"L",314,"S","L314S",-0.0523299170939442
"L",314,"T","L314T",-0.575571244973518
"L",314,"V","L314V",-0.360623199592724
"L",314,"W","L314W",0.170746428665503
"L",314,"Y","L314Y",-0.255720298389604
"N",315,"A","N315A",-0.452681588787686
"N",315,"C","N315C",0.329002087751743
"N",315,"D","N315D",-0.327156978739645
"N",315,"E","N315E",-0.78649249097725
"N",315,"F","N315F",0.180448015253167
"N",315,"G","N315G",-0.0318268660331557
"N",315,"H","N315H",-0.180117970605702
"N",315,"I","N315I",0.232765449578539
"N",315,"K","N315K",0.747823150818955
"N",315,"L","N315L",0.177962975728133
"N",315,"M","N315M",-0.563938099536546
"N",315,"P","N315P",0.449040496017992
"N",315,"Q","N315Q",-0.0912461500764731
"N",315,"R","N315R",-0.57934490436918
"N",315,"S","N315S",-0.293363137213311
"N",315,"T","N315T",-0.323976005614511
"N",315,"V","N315V",0.410279243261323
"N",315,"W","N315W",0.174844063092699
"N",315,"Y","N315Y",0.0901959134380371
"G",316,"A","G316A",-0.328873845597388
"G",316,"C","G316C",-0.010049942709427
"G",316,"D","G316D",0.43442904174097
"G",316,"E","G316E",0.0748628403183285
"G",316,"F","G316F",0.285257089160565
"G",316,"H","G316H",0.648669901580252
"G",316,"I","G316I",0.181491751075827
"G",316,"K","G316K",-0.010084663701685
"G",316,"L","G316L",0.0528059602738619
"G",316,"M","G316M",0.0178234831448803
"G",316,"N","G316N",0.302965655563164
"G",316,"P","G316P",0.157087153130138
"G",316,"Q","G316Q",-0.367255158977085
"G",316,"R","G316R",0.34847121761625
"G",316,"S","G316S",-0.249799630240061
"G",316,"T","G316T",-1.97585833742965
"G",316,"V","G316V",-0.181139802649289
"G",316,"W","G316W",0.121086080143979
"G",316,"Y","G316Y",0.254544004497578
"K",317,"A","K317A",-0.640855245632881
"K",317,"C","K317C",-0.505602920965985
"K",317,"D","K317D",-0.78876744596833
"K",317,"E","K317E",0.184575717044333
"K",317,"F","K317F",-0.51093970194037
"K",317,"G","K317G",-0.284413606711504
"K",317,"H","K317H",0.0507146501121789
"K",317,"I","K317I",0.0118975246182425
"K",317,"L","K317L",-0.786148477631254
"K",317,"M","K317M",-0.804087225466599
"K",317,"N","K317N",-0.429254696204567
"K",317,"P","K317P",-0.106999463488882
"K",317,"Q","K317Q",-0.246681552075494
"K",317,"R","K317R",-0.141318250110321
"K",317,"S","K317S",0.319316225224653
"K",317,"T","K317T",0.00713928993282753
"K",317,"V","K317V",-0.148553703257266
"K",317,"W","K317W",-0.996510015599516
"K",317,"Y","K317Y",-0.327376718951387
"E",318,"A","E318A",-0.513165257839624
"E",318,"C","E318C",0.546676214868884
"E",318,"D","E318D",-1.01570978724602
"E",318,"F","E318F",-0.149768464607607
"E",318,"G","E318G",-0.676770687718954
"E",318,"H","E318H",0.359748606283783
"E",318,"I","E318I",0.32409466661819
"E",318,"K","E318K",0.540913072095339
"E",318,"L","E318L",-0.282612455072528
"E",318,"M","E318M",-0.439340748616842
"E",318,"N","E318N",-1.117731586275
"E",318,"P","E318P",-0.473204457870243
"E",318,"Q","E318Q",0.24078837322579
"E",318,"R","E318R",0.340284529730379
"E",318,"S","E318S",-0.713623681456804
"E",318,"T","E318T",0.147493249935075
"E",318,"V","E318V",-0.0490942829800565
"E",318,"W","E318W",-0.218916931495584
"E",318,"Y","E318Y",-0.536073898972326
"Y",319,"A","Y319A",-0.0885170763565446
"Y",319,"C","Y319C",0.322841975248949
"Y",319,"D","Y319D",0.637821943835877
"Y",319,"E","Y319E",0.487008958085497
"Y",319,"F","Y319F",0.355030562935605
"Y",319,"G","Y319G",0.39982210532905
"Y",319,"H","Y319H",0.456961855966163
"Y",319,"I","Y319I",0.199216859756407
"Y",319,"K","Y319K",0.374098746301695
"Y",319,"L","Y319L",-0.106408083063812
"Y",319,"M","Y319M",0.23047142968966
"Y",319,"N","Y319N",0.245563822772609
"Y",319,"P","Y319P",0.665007293993364
"Y",319,"Q","Y319Q",0.962999552937438
"Y",319,"R","Y319R",0.184030731550658
"Y",319,"S","Y319S",-0.173889085832334
"Y",319,"T","Y319T",-0.440578474426316
"Y",319,"V","Y319V",0.193477918280299
"Y",319,"W","Y319W",0.197626982269605
"K",320,"A","K320A",-0.473347749361572
"K",320,"C","K320C",-0.280206731012062
"K",320,"D","K320D",0.463059665850182
"K",320,"E","K320E",0.423801180534782
"K",320,"F","K320F",1.1216910128049
"K",320,"G","K320G",0.129392648452551
"K",320,"H","K320H",0.482654013572553
"K",320,"I","K320I",0.166952538768652
"K",320,"L","K320L",-0.183004632159478
"K",320,"M","K320M",-0.620916475699931
"K",320,"N","K320N",-0.103178875637663
"K",320,"P","K320P",0.127593597910508
"K",320,"Q","K320Q",0.373971611721853
"K",320,"R","K320R",0.369965531735516
"K",320,"S","K320S",-0.160786650201166
"K",320,"T","K320T",0.0949899324758171
"K",320,"V","K320V",0.376143374768663
"K",320,"W","K320W",-0.0792637029395713
"K",320,"Y","K320Y",0.558879233762511
"C",321,"A","C321A",-0.73772320592842
"C",321,"D","C321D",0.493033274705814
"C",321,"E","C321E",0.2477179952523
"C",321,"F","C321F",0.0826684291296266
"C",321,"G","C321G",0.616185098763693
"C",321,"H","C321H",0.555198790536778
"C",321,"I","C321I",-0.147005987054289
"C",321,"K","C321K",0.536942648110618
"C",321,"L","C321L",-0.52566634284261
"C",321,"M","C321M",0.191122940670817
"C",321,"N","C321N",0.762990714798285
"C",321,"P","C321P",0.0972626466026301
"C",321,"Q","C321Q",0.153052686369286
"C",321,"R","C321R",0.214888910655601
"C",321,"S","C321S",-0.633865650175541
"C",321,"T","C321T",-0.238482777402591
"C",321,"V","C321V",-0.546439851033042
"C",321,"W","C321W",0.584458847316241
"C",321,"Y","C321Y",0.326599055945455
"K",322,"A","K322A",0.260933741933917
"K",322,"C","K322C",1.1061841537044
"K",322,"D","K322D",0.450916597359146
"K",322,"E","K322E",0.128547584228842
"K",322,"F","K322F",0.545181732936373
"K",322,"G","K322G",-0.176172843224399
"K",322,"H","K322H",0.308943769917307
"K",322,"I","K322I",0.188430899424194
"K",322,"L","K322L",0.307487698946391
"K",322,"M","K322M",-0.311673245899514
"K",322,"N","K322N",1.45262213061079
"K",322,"P","K322P",0.146227949250147
"K",322,"Q","K322Q",0.325191860903012
"K",322,"R","K322R",-0.1065852946523
"K",322,"S","K322S",0.646717414947968
"K",322,"T","K322T",-0.144011931651836
"K",322,"V","K322V",0.210944012932288
"K",322,"W","K322W",-0.439223246325182
"K",322,"Y","K322Y",1.02053141551223
"V",323,"A","V323A",-1.4633147102243
"V",323,"C","V323C",-0.0392018758161501
"V",323,"D","V323D",0.546796074377625
"V",323,"E","V323E",0.701094578996513
"V",323,"F","V323F",1.57455809897246
"V",323,"G","V323G",-0.997710484313882
"V",323,"H","V323H",0.681489267539397
"V",323,"I","V323I",2.77449678072594
"V",323,"K","V323K",0.658498732264219
"V",323,"L","V323L",-1.31479055337068
"V",323,"M","V323M",2.02499453877812
"V",323,"N","V323N",0.880481712450014
"V",323,"P","V323P",0.220414918346784
"V",323,"Q","V323Q",0.410067615472209
"V",323,"R","V323R",0.336487486139141
"V",323,"S","V323S",-0.237555737294525
"V",323,"T","V323T",-0.429125429669839
"V",323,"W","V323W",0.76121300820358
"V",323,"Y","V323Y",1.93111595034646
"S",324,"A","S324A",-0.97138866899486
"S",324,"C","S324C",-0.233570499687943
"S",324,"D","S324D",-0.385165439273092
"S",324,"E","S324E",-0.173976451338622
"S",324,"F","S324F",-0.161097930194231
"S",324,"G","S324G",-0.946245187430416
"S",324,"H","S324H",-0.0607402575935571
"S",324,"I","S324I",0.354619874344835
"S",324,"K","S324K",-1.78400463972523
"S",324,"L","S324L",0.268185096811988
"S",324,"M","S324M",-0.503582783766031
"S",324,"N","S324N",-0.112824439360573
"S",324,"P","S324P",-0.896154424939873
"S",324,"Q","S324Q",-0.68978603390247
"S",324,"R","S324R",-1.71155662291937
"S",324,"T","S324T",0.160040993963064
"S",324,"V","S324V",0.218530874821832
"S",324,"W","S324W",-0.772266436083922
"S",324,"Y","S324Y",-0.402544253962544
"N",325,"A","N325A",1.53149767795597
"N",325,"C","N325C",7.31057438998342
"N",325,"D","N325D",3.64718937225597
"N",325,"E","N325E",2.00156784414041
"N",325,"F","N325F",3.30665114041344
"N",325,"G","N325G",1.23928997674043
"N",325,"H","N325H",-1.06548956286303
"N",325,"I","N325I",10.9745582548957
"N",325,"K","N325K",0.504270838555936
"N",325,"L","N325L",5.75829895986153
"N",325,"M","N325M",5.25584891018043
"N",325,"P","N325P",0.189917806406213
"N",325,"Q","N325Q",2.06063053666746
"N",325,"R","N325R",0.601785571477759
"N",325,"S","N325S",4.56987431491478
"N",325,"T","N325T",1.75251983988595
"N",325,"V","N325V",0.937000761017808
"N",325,"W","N325W",1.65049878307367
"N",325,"Y","N325Y",1.98019652331173
"K",326,"A","K326A",0.0997399370939802
"K",326,"C","K326C",0.617349789310658
"K",326,"D","K326D",1.80660151477412
"K",326,"E","K326E",1.05530257932895
"K",326,"F","K326F",1.49354834353062
"K",326,"G","K326G",-0.364718069469286
"K",326,"H","K326H",-0.0536202621847917
"K",326,"I","K326I",1.06709517449063
"K",326,"L","K326L",2.88544092067923
"K",326,"M","K326M",1.30773381158379
"K",326,"N","K326N",-3.3679002690055
"K",326,"P","K326P",0.577451495160449
"K",326,"Q","K326Q",1.15851044543592
"K",326,"R","K326R",-0.199938821725507
"K",326,"S","K326S",0.382380553201885
"K",326,"T","K326T",0.637868707411407
"K",326,"V","K326V",1.51989665738729
"K",326,"W","K326W",1.28190916010119
"K",326,"Y","K326Y",3.15715719027825
"A",327,"C","A327C",-0.801459610675652
"A",327,"D","A327D",4.08362499668062
"A",327,"E","A327E",3.83187624713377
"A",327,"F","A327F",0.72152966545869
"A",327,"G","A327G",2.13142501289106
"A",327,"H","A327H",0.826462058882979
"A",327,"I","A327I",1.59272156594493
"A",327,"K","A327K",-0.351734694514887
"A",327,"L","A327L",1.06534896627279
"A",327,"M","A327M",0.0541870041814793
"A",327,"N","A327N",2.86687018445446
"A",327,"P","A327P",0.296931577103687
"A",327,"Q","A327Q",0.661866353237349
"A",327,"R","A327R",0.456642138980832
"A",327,"S","A327S",0.256054566727835
"A",327,"T","A327T",0.868221527586882
"A",327,"V","A327V",1.70419453114932
"A",327,"W","A327W",0.602089937784589
"A",327,"Y","A327Y",0.023703033806954
"L",328,"A","L328A",1.50717064978182
"L",328,"C","L328C",0.941553133586509
"L",328,"D","L328D",8.59061323506697
"L",328,"E","L328E",6.73150205398626
"L",328,"F","L328F",4.77992510509037
"L",328,"G","L328G",2.30192504029555
"L",328,"H","L328H",1.73803726455951
"L",328,"I","L328I",4.75656838743607
"L",328,"K","L328K",-0.565488114011941
"L",328,"M","L328M",4.41135968497188
"L",328,"N","L328N",1.84197689510211
"L",328,"P","L328P",0.828562836174888
"L",328,"Q","L328Q",0.0467291908998872
"L",328,"R","L328R",-0.578670260165966
"L",328,"S","L328S",2.87433464404935
"L",328,"T","L328T",1.60659495402243
"L",328,"V","L328V",1.7807903740275
"L",328,"W","L328W",6.68389006142551
"L",328,"Y","L328Y",5.67389222917447
"P",329,"A","P329A",-0.996185796088256
"P",329,"C","P329C",0.16596324004043
"P",329,"D","P329D",-0.130685265778305
"P",329,"E","P329E",0.115498412016256
"P",329,"F","P329F",0.935399381812838
"P",329,"G","P329G",0.119019464863846
"P",329,"H","P329H",-0.29475389253059
"P",329,"I","P329I",-0.158894896037037
"P",329,"K","P329K",0.0870679005990955
"P",329,"L","P329L",-0.149007995162744
"P",329,"M","P329M",-0.187429014493377
"P",329,"N","P329N",1.0283034214717
"P",329,"Q","P329Q",0.115236030210597
"P",329,"R","P329R",0.371310784057846
"P",329,"S","P329S",0.0417071234783225
"P",329,"T","P329T",-0.266179443292906
"P",329,"V","P329V",-0.588751565993505
"P",329,"W","P329W",0.558663051768288
"P",329,"Y","P329Y",-0.162535910386382
"A",330,"C","A330C",-3.83176768879432
"A",330,"D","A330D",0.317427023283646
"A",330,"E","A330E",-0.675406244196135
"A",330,"F","A330F",-3.89180502442812
"A",330,"G","A330G",0.49239957217744
"A",330,"H","A330H",-0.494430356587828
"A",330,"I","A330I",-2.85034425755985
"A",330,"K","A330K",-0.133847125443399
"A",330,"L","A330L",-5.25103571081073
"A",330,"M","A330M",-4.52823519230713
"A",330,"N","A330N",-1.0315226281667
"A",330,"P","A330P",-0.297311891459286
"A",330,"Q","A330Q",0.525533217403367
"A",330,"R","A330R",0.540222163571794
"A",330,"S","A330S",-0.172036265141783
"A",330,"T","A330T",-1.82526552288706
"A",330,"V","A330V",-4.02632336796405
"A",330,"W","A330W",-3.3160394037935
"A",330,"Y","A330Y",-2.91471922921654
"P",331,"A","P331A",0.0487663539430429
"P",331,"C","P331C",1.18527711279826
"P",331,"D","P331D",0.565296582861728
"P",331,"E","P331E",1.66339372984395
"P",331,"F","P331F",0.386012063788378
"P",331,"G","P331G",0.471505052054205
"P",331,"H","P331H",1.46990199701956
"P",331,"I","P331I",2.44401162544203
"P",331,"K","P331K",0.950113717847
"P",331,"L","P331L",1.35598046707745
"P",331,"M","P331M",0.837547260905957
"P",331,"N","P331N",1.10381661895071
"P",331,"Q","P331Q",0.143996876649273
"P",331,"R","P331R",-0.523247282225828
"P",331,"S","P331S",0.399876909043002
"P",331,"T","P331T",0.650684895015172
"P",331,"V","P331V",2.23432070217612
"P",331,"W","P331W",1.04357973338516
"P",331,"Y","P331Y",1.44385250986808
"I",332,"C","I332C",-2.22168505774422
"I",332,"D","I332D",-0.894130124658625
"I",332,"E","I332E",-0.86682026360591
"I",332,"F","I332F",0.71669276982374
"I",332,"G","I332G",-1.87849000459271
"I",332,"H","I332H",0.311154368034718
"I",332,"K","I332K",0.852889694380159
"I",332,"L","I332L",0.218537995795764
"I",332,"M","I332M",0.575213451804565
"I",332,"N","I332N",0.140620384376022
"I",332,"P","I332P",0.86223079735046
"I",332,"Q","I332Q",-0.592427287403296
"I",332,"R","I332R",-0.659753042775849
"I",332,"S","I332S",-3.08760713671525
"I",332,"T","I332T",0.0510050267575766
"I",332,"V","I332V",-0.46362622149319
"I",332,"W","I332W",-0.999100749836033
"I",332,"Y","I332Y",1.40760312541329
"E",333,"A","E333A",-0.88721427589215
"E",333,"C","E333C",0.680941581417186
"E",333,"D","E333D",-0.511446782052358
"E",333,"F","E333F",0.0764161340260892
"E",333,"G","E333G",-0.216012635804469
"E",333,"H","E333H",-0.917208131492809
"E",333,"I","E333I",-0.0558782345794662
"E",333,"K","E333K",-0.102855080120684
"E",333,"L","E333L",0.738470765285232
"E",333,"M","E333M",-0.277400969967028
"E",333,"N","E333N",-0.817737919401904
"E",333,"P","E333P",-0.364010234485724
"E",333,"Q","E333Q",-0.434924693762485
"E",333,"R","E333R",-0.295740394516957
"E",333,"S","E333S",-1.65196812551653
"E",333,"T","E333T",-0.38064173852241
"E",333,"V","E333V",-0.0283754201750301
"E",333,"W","E333W",-0.126332340606754
"E",333,"Y","E333Y",-0.400519172854293
"K",334,"A","K334A",-3.28774143393403
"K",334,"C","K334C",-1.16239960838801
"K",334,"D","K334D",-3.12618753539141
"K",334,"E","K334E",-3.91204769352487
"K",334,"F","K334F",-2.70781577633437
"K",334,"G","K334G",-0.459875470642252
"K",334,"H","K334H",-2.08441683712291
"K",334,"I","K334I",-3.7016775206591
"K",334,"L","K334L",-2.55843178311937
"K",334,"M","K334M",-4.83338925593468
"K",334,"N","K334N",-1.78889008776912
"K",334,"P","K334P",-2.68026258046924
"K",334,"Q","K334Q",-2.04515984449056
"K",334,"R","K334R",0.60245951276818
"K",334,"S","K334S",-2.31340329260096
"K",334,"T","K334T",-1.70239112091892
"K",334,"V","K334V",-0.922098095331261
"K",334,"W","K334W",-3.22645964045752
"K",334,"Y","K334Y",-2.96789443454934
"T",335,"A","T335A",-0.503219132188716
"T",335,"C","T335C",-0.310882641611638
"T",335,"D","T335D",-0.265480427861525
"T",335,"E","T335E",-0.363214265573292
"T",335,"F","T335F",-0.132579712935835
"T",335,"G","T335G",-0.555118150516911
"T",335,"H","T335H",-0.110811387102794
"T",335,"I","T335I",0.0703921826702625
"T",335,"K","T335K",-0.527851959785388
"T",335,"L","T335L",0.201054963878438
"T",335,"M","T335M",-0.822909858820435
"T",335,"N","T335N",-0.203966246609838
"T",335,"P","T335P",-1.2248395361508
"T",335,"Q","T335Q",-0.0366557953001663
"T",335,"R","T335R",0.299065241760294
"T",335,"S","T335S",-0.15878023580097
"T",335,"V","T335V",0.131921561700957
"T",335,"W","T335W",-0.173301479634754
"T",335,"Y","T335Y",-0.138714252462077
"I",336,"A","I336A",-1.69279601442922
"I",336,"C","I336C",-1.84623877433064
"I",336,"D","I336D",0.510773726259999
"I",336,"E","I336E",-0.705014454688556
"I",336,"F","I336F",-0.831958511074984
"I",336,"G","I336G",-0.66099272977048
"I",336,"H","I336H",-0.608054392011256
"I",336,"K","I336K",-1.43166720755281
"I",336,"L","I336L",-0.99332194720753
"I",336,"M","I336M",-0.981465937306364
"I",336,"N","I336N",-0.892289979744096
"I",336,"P","I336P",0.233586137613066
"I",336,"Q","I336Q",-1.34387346695939
"I",336,"R","I336R",-0.754882000411095
"I",336,"S","I336S",-1.5438632116373
"I",336,"T","I336T",-0.805213823534966
"I",336,"V","I336V",-0.860830429494765
"I",336,"W","I336W",-3.95380777412521
"I",336,"Y","I336Y",-0.891933223414996
"S",337,"A","S337A",-0.085757942077723
"S",337,"C","S337C",0.200583996889588
"S",337,"D","S337D",0.160600486850234
"S",337,"E","S337E",-0.198362471734651
"S",337,"F","S337F",-0.360623956481902
"S",337,"G","S337G",-0.908275174923601
"S",337,"H","S337H",-0.778482240542927
"S",337,"I","S337I",-0.309039407826609
"S",337,"K","S337K",0.176543188154018
"S",337,"L","S337L",0.200173766224531
"S",337,"M","S337M",-0.21569927524293
"S",337,"N","S337N",-0.118629901365139
"S",337,"P","S337P",-0.169429767466
"S",337,"Q","S337Q",0.100155578474307
"S",337,"R","S337R",-0.0774398512764406
"S",337,"T","S337T",-0.130350060518521
"S",337,"V","S337V",0.148668121257369
"S",337,"W","S337W",-0.201095836103662
"S",337,"Y","S337Y",-0.552346384061592
"K",338,"A","K338A",-0.28588402019425
"K",338,"C","K338C",1.07735607329939
"K",338,"D","K338D",0.147458895834504
"K",338,"E","K338E",-0.930561297041399
"K",338,"F","K338F",0.232858304317308
"K",338,"G","K338G",-0.344379443817397
"K",338,"H","K338H",0.144501109703485
"K",338,"I","K338I",0.166408047316699
"K",338,"L","K338L",-0.021561698939732
"K",338,"M","K338M",0.0814423436040105
"K",338,"N","K338N",-0.0310427148282627
"K",338,"P","K338P",-0.576537559806013
"K",338,"Q","K338Q",0.064805208601131
"K",338,"R","K338R",-0.104952968386302
"K",338,"S","K338S",0.102992494599045
"K",338,"T","K338T",0.189038828251134
"K",338,"V","K338V",0.101909484063081
"K",338,"W","K338W",0.703913629829753
"K",338,"Y","K338Y",0.129521047898067
"A",339,"C","A339C",-0.415275262209388
"A",339,"D","A339D",0.18592353541031
"A",339,"E","A339E",-1.02940780116856
"A",339,"F","A339F",0.373514757097114
"A",339,"G","A339G",-0.0175433167616911
"A",339,"H","A339H",0.471543689577383
"A",339,"I","A339I",1.2387700838283
"A",339,"K","A339K",0.551108333829846
"A",339,"L","A339L",-0.335444226588861
"A",339,"M","A339M",-1.38682393418949
"A",339,"N","A339N",0.148427793618539
"A",339,"P","A339P",-0.0272172857791545
"A",339,"Q","A339Q",0.000414287689469606
"A",339,"R","A339R",0.26653404436502
"A",339,"S","A339S",-0.210083216236749
"A",339,"T","A339T",1.03794282198434
"A",339,"V","A339V",1.77243199256685
"A",339,"W","A339W",2.77178981318461
"A",339,"Y","A339Y",1.75239662693724
"K",340,"A","K340A",-0.135169768684135
"K",340,"C","K340C",0.250240853832615
"K",340,"D","K340D",0.24176740843173
"K",340,"E","K340E",-0.0718914193572811
"K",340,"F","K340F",-0.169951810966813
"K",340,"G","K340G",0.0228896350114794
"K",340,"H","K340H",-0.1536831424338
"K",340,"I","K340I",-0.39909642783821
"K",340,"L","K340L",-0.400910906065224
"K",340,"M","K340M",0.286350923800679
"K",340,"N","K340N",-0.146659457895813
"K",340,"P","K340P",-0.0135426811906133
"K",340,"Q","K340Q",0.200865243240999
"K",340,"R","K340R",-0.83146392760766
"K",340,"S","K340S",0.580198093419784
"K",340,"T","K340T",-0.624368037549717
"K",340,"V","K340V",-0.233489221284808
"K",340,"W","K340W",-0.506857058257656
"K",340,"Y","K340Y",0.375008158078494
"G",341,"A","G341A",1.05877167549544
"G",341,"C","G341C",1.20942899969284
"G",341,"D","G341D",0.948950983537884
"G",341,"E","G341E",1.7218954670303
"G",341,"F","G341F",1.36575985785037
"G",341,"H","G341H",1.46686151009929
"G",341,"I","G341I",2.51351068453539
"G",341,"K","G341K",1.48349152888653
"G",341,"L","G341L",2.04959220333373
"G",341,"M","G341M",1.07116067523649
"G",341,"N","G341N",1.30899471541643
"G",341,"P","G341P",1.10571157344121
"G",341,"Q","G341Q",1.0976250466069
"G",341,"R","G341R",1.0257931957776
"G",341,"S","G341S",1.25663261892427
"G",341,"T","G341T",1.7951348831372
"G",341,"V","G341V",2.69872469809632
"G",341,"W","G341W",0.819160783508324
"G",341,"Y","G341Y",1.99839385065972
"Q",342,"A","Q342A",-1.18859689702761
"Q",342,"C","Q342C",0.0866260696454608
"Q",342,"D","Q342D",-0.225733451328031
"Q",342,"E","Q342E",-0.0591301539837606
"Q",342,"F","Q342F",-0.530524917633662
"Q",342,"G","Q342G",-0.704377609131775
"Q",342,"H","Q342H",-0.061596404125171
"Q",342,"I","Q342I",0.520399474434119
"Q",342,"K","Q342K",0.510887805253297
"Q",342,"L","Q342L",-0.552250416476822
"Q",342,"M","Q342M",-0.0276396740801715
"Q",342,"N","Q342N",0.0971055624525313
"Q",342,"P","Q342P",-1.55633655947832
"Q",342,"R","Q342R",-0.0147633000119498
"Q",342,"S","Q342S",0.0523514144364807
"Q",342,"T","Q342T",-0.16609190262572
"Q",342,"V","Q342V",-0.291875779248475
"Q",342,"W","Q342W",0.251535290977056
"Q",342,"Y","Q342Y",-0.544383027651528
"P",343,"A","P343A",-0.207010554649781
"P",343,"C","P343C",-0.0394337827425986
"P",343,"D","P343D",0.958722266268745
"P",343,"E","P343E",-0.00814541021726233
"P",343,"F","P343F",0.183126226419164
"P",343,"G","P343G",0.742505226619599
"P",343,"H","P343H",0.366785799307614
"P",343,"I","P343I",0.128274340603775
"P",343,"K","P343K",0.281629329957164
"P",343,"L","P343L",-0.354121406637542
"P",343,"M","P343M",-0.45160752545286
"P",343,"N","P343N",0.303808918447344
"P",343,"Q","P343Q",0.262133673186029
"P",343,"R","P343R",0.690315875405046
"P",343,"S","P343S",0.361125280131745
"P",343,"T","P343T",0.472896943297753
"P",343,"V","P343V",-0.415583201268305
"P",343,"W","P343W",0.498670700008206
"P",343,"Y","P343Y",1.00825632331958
"R",344,"A","R344A",-0.0421927758719375
"R",344,"C","R344C",-0.0664258532843759
"R",344,"D","R344D",-0.578282794341897
"R",344,"E","R344E",-0.089833549014401
"R",344,"F","R344F",-0.00457883683540275
"R",344,"G","R344G",0.0834461272468561
"R",344,"H","R344H",-0.179762627050609
"R",344,"I","R344I",-1.13394498593079
"R",344,"K","R344K",-0.308504725114366
"R",344,"L","R344L",-0.301587458121458
"R",344,"M","R344M",-0.273560387983822
"R",344,"N","R344N",0.0895311137976588
"R",344,"P","R344P",0.118603755928269
"R",344,"Q","R344Q",0.112161093544632
"R",344,"S","R344S",-0.323749304771255
"R",344,"T","R344T",-0.208241371922309
"R",344,"V","R344V",-0.231326387404345
"R",344,"Y","R344Y",-0.0846116493223933
"E",345,"A","E345A",0.166055783393249
"E",345,"C","E345C",-0.479186954176198
"E",345,"D","E345D",0.0236179726349256
"E",345,"F","E345F",-0.297498208599525
"E",345,"G","E345G",-0.36402613921565
"E",345,"H","E345H",0.866597042489181
"E",345,"I","E345I",-0.0249075854146937
"E",345,"K","E345K",0.199059857858333
"E",345,"L","E345L",0.109762928373109
"E",345,"M","E345M",0.0971324248384139
"E",345,"N","E345N",0.419288244241468
"E",345,"P","E345P",0.160097976097999
"E",345,"Q","E345Q",-0.363339780309239
"E",345,"R","E345R",0.0442947210386941
"E",345,"S","E345S",0.180526741907759
"E",345,"T","E345T",-1.34002864043246
"E",345,"V","E345V",0.079643017773841
"E",345,"W","E345W",0.0778255306873222
"E",345,"Y","E345Y",0.0086702230785658
"P",346,"A","P346A",-0.293980670936245
"P",346,"C","P346C",-0.379845684292205
"P",346,"D","P346D",-0.461749015709241
"P",346,"E","P346E",1.10357895650042
"P",346,"F","P346F",0.327383028378584
"P",346,"G","P346G",0.067374224109014
"P",346,"H","P346H",0.0537189761507075
"P",346,"I","P346I",0.466070415204816
"P",346,"K","P346K",0.751838201311897
"P",346,"L","P346L",-0.419872996483067
"P",346,"M","P346M",-0.020591078096341
"P",346,"N","P346N",-0.356140733156961
"P",346,"Q","P346Q",-0.332012795584543
"P",346,"R","P346R",0.0327969324769367
"P",346,"S","P346S",0.249196873701687
"P",346,"T","P346T",0.11567280299257
"P",346,"V","P346V",0.567725730301457
"P",346,"W","P346W",1.23503671093267
"P",346,"Y","P346Y",1.0050258939656
"Q",347,"A","Q347A",0.112304264796379
"Q",347,"C","Q347C",-0.13813014903106
"Q",347,"D","Q347D",0.272783041468695
"Q",347,"E","Q347E",0.261895202209331
"Q",347,"F","Q347F",-0.47806506966272
"Q",347,"G","Q347G",-0.390704757362041
"Q",347,"H","Q347H",-0.270357733824178
"Q",347,"I","Q347I",-0.699065904499846
"Q",347,"K","Q347K",0.051903932241983
"Q",347,"L","Q347L",-0.519333520372277
"Q",347,"M","Q347M",-0.744081330578482
"Q",347,"N","Q347N",-0.415741443656764
"Q",347,"P","Q347P",-0.845913463837352
"Q",347,"R","Q347R",-0.169731919704307
"Q",347,"S","Q347S",0.0648535135591245
"Q",347,"T","Q347T",-0.70055693971918
"Q",347,"V","Q347V",-0.524809960067322
"Q",347,"W","Q347W",0.105845591895011
"Q",347,"Y","Q347Y",-0.201659453486487
"V",348,"A","V348A",0.426596943939187
"V",348,"C","V348C",-0.146632020944339
"V",348,"D","V348D",0.59813454327905
"V",348,"E","V348E",0.121676440576376
"V",348,"F","V348F",-0.41761885245141
"V",348,"G","V348G",-0.037373042590082
"V",348,"H","V348H",-0.173472001595895
"V",348,"I","V348I",0.293624747342539
"V",348,"K","V348K",-1.54662102668847
"V",348,"L","V348L",-0.374335125445118
"V",348,"M","V348M",-0.229482159472172
"V",348,"N","V348N",0.978275326010131
"V",348,"P","V348P",-0.0486853967352077
"V",348,"Q","V348Q",-0.0937496447991164
"V",348,"R","V348R",-0.97044588169374
"V",348,"S","V348S",0.104023697332948
"V",348,"T","V348T",-0.3071165128443
"V",348,"W","V348W",0.210298582942938
"V",348,"Y","V348Y",-0.683177431244284
"Y",349,"A","Y349A",-0.14709268090513
"Y",349,"C","Y349C",0.00984191901628207
"Y",349,"D","Y349D",0.051492876096733
"Y",349,"E","Y349E",-0.78741374878221
"Y",349,"F","Y349F",0.43363753403433
"Y",349,"G","Y349G",-0.593882080151684
"Y",349,"H","Y349H",0.496280754902248
"Y",349,"I","Y349I",-0.481481864912859
"Y",349,"K","Y349K",-0.493649474006007
"Y",349,"L","Y349L",0.179012278657859
"Y",349,"M","Y349M",-0.843295917662183
"Y",349,"N","Y349N",0.245758085582063
"Y",349,"P","Y349P",-1.02958955357133
"Y",349,"Q","Y349Q",-0.306749311794944
"Y",349,"R","Y349R",-0.108070599121877
"Y",349,"S","Y349S",-0.255972771760426
"Y",349,"T","Y349T",-0.134605632648215
"Y",349,"V","Y349V",0.125883139229419
"Y",349,"W","Y349W",-0.475624041207154
"T",350,"A","T350A",-0.377333167091704
"T",350,"C","T350C",-0.728915416293522
"T",350,"D","T350D",-0.695504024874081
"T",350,"E","T350E",-0.251881173620634
"T",350,"F","T350F",0.453347109863631
"T",350,"G","T350G",-0.802763901563161
"T",350,"H","T350H",0.0901725006663606
"T",350,"I","T350I",-0.562189387872168
"T",350,"K","T350K",-0.44877416268269
"T",350,"L","T350L",-0.437667001155496
"T",350,"M","T350M",-0.435687446445676
"T",350,"N","T350N",-0.606618723392833
"T",350,"P","T350P",0.116603861706273
"T",350,"Q","T350Q",-0.269352904852294
"T",350,"R","T350R",-0.032755384802861
"T",350,"S","T350S",-0.372262431997317
"T",350,"V","T350V",-0.179300074513496
"T",350,"W","T350W",0.00928386057515303
"T",350,"Y","T350Y",-1.00808056464585
"L",351,"A","L351A",-0.573546199704087
"L",351,"C","L351C",-0.560095909869584
"L",351,"D","L351D",-0.673935558590147
"L",351,"E","L351E",-0.351740899688446
"L",351,"F","L351F",-0.563376235010879
"L",351,"G","L351G",-1.50121726189804
"L",351,"H","L351H",0.234951637469438
"L",351,"I","L351I",0.142123533981629
"L",351,"K","L351K",-0.714409965397477
"L",351,"M","L351M",-0.430792523713327
"L",351,"N","L351N",-0.477597549916411
"L",351,"P","L351P",-0.432567888987916
"L",351,"Q","L351Q",0.158543049288701
"L",351,"R","L351R",1.22890369489678
"L",351,"S","L351S",-0.59447891413057
"L",351,"T","L351T",-0.43728028687946
"L",351,"V","L351V",0.00878479742117558
"L",351,"W","L351W",-0.129196903855573
"L",351,"Y","L351Y",0.187290326384288
"P",352,"A","P352A",0.244797875987382
"P",352,"C","P352C",-0.428081758849186
"P",352,"D","P352D",-1.11292934991838
"P",352,"E","P352E",-0.746680901820183
"P",352,"F","P352F",0.0696537708462768
"P",352,"G","P352G",0.297312453751416
"P",352,"H","P352H",-0.308560066700082
"P",352,"I","P352I",-0.110862711740445
"P",352,"K","P352K",0.430479924012104
"P",352,"L","P352L",-0.356618706731134
"P",352,"M","P352M",-0.042333078185522
"P",352,"N","P352N",-0.474858126620491
"P",352,"Q","P352Q",0.339826884864629
"P",352,"R","P352R",0.235694154054249
"P",352,"S","P352S",-0.469473036803723
"P",352,"T","P352T",0.124201678462456
"P",352,"V","P352V",0.358601139217494
"P",352,"W","P352W",0.291194980660203
"P",352,"Y","P352Y",-0.554335353351433
"P",353,"A","P353A",0.256972583726981
"P",353,"C","P353C",-0.0679605052731754
"P",353,"D","P353D",-0.576506922822956
"P",353,"E","P353E",0.0721030703511355
"P",353,"F","P353F",-0.380289478202451
"P",353,"G","P353G",-0.403811424485339
"P",353,"H","P353H",0.0671744405742462
"P",353,"I","P353I",-0.370749949771447
"P",353,"K","P353K",-0.0186907656506568
"P",353,"L","P353L",-0.472563202675188
"P",353,"M","P353M",-0.654586212113022
"P",353,"N","P353N",-0.44758535215272
"P",353,"Q","P353Q",-0.679699515165834
"P",353,"R","P353R",0.265964393766828
"P",353,"S","P353S",-0.284387165437907
"P",353,"T","P353T",-0.328280664949706
"P",353,"V","P353V",-0.427845970708048
"P",353,"W","P353W",-0.464235674747043
"P",353,"Y","P353Y",-0.721864688076021
"S",354,"A","S354A",1.02292445371661
"S",354,"C","S354C",0.0380748696405934
"S",354,"D","S354D",0.0389818419258387
"S",354,"E","S354E",-0.215112143294369
"S",354,"F","S354F",-0.0794217287634751
"S",354,"G","S354G",-0.3054454514512
"S",354,"H","S354H",-0.182261821120211
"S",354,"I","S354I",-0.0044563574012245
"S",354,"K","S354K",0.200251629707589
"S",354,"L","S354L",0.388984597573109
"S",354,"M","S354M",0.424383087784858
"S",354,"N","S354N",-0.486510543945575
"S",354,"P","S354P",-0.772801807105581
"S",354,"Q","S354Q",-0.0444546542540023
"S",354,"R","S354R",1.80739753570825
"S",354,"T","S354T",-0.165828373991006
"S",354,"V","S354V",0.110365372719309
"S",354,"W","S354W",-0.106713432694179
"S",354,"Y","S354Y",0.073584968472173
"R",355,"A","R355A",-0.229063394346281
"R",355,"C","R355C",-0.557227415407606
"R",355,"D","R355D",-0.409171578206667
"R",355,"E","R355E",0.0292854234460102
"R",355,"F","R355F",-0.470458171525042
"R",355,"G","R355G",0.0140507439533802
"R",355,"H","R355H",0.169079195942273
"R",355,"I","R355I",-0.761610698894076
"R",355,"K","R355K",-0.374825668690181
"R",355,"L","R355L",-0.0483863363844362
"R",355,"M","R355M",-0.657373547318884
"R",355,"N","R355N",-0.0820501919463552
"R",355,"P","R355P",-0.321422841031799
"R",355,"Q","R355Q",0.29374728046637
"R",355,"S","R355S",0.141164288833997
"R",355,"T","R355T",0.0997911357908279
"R",355,"V","R355V",-0.0947319520797918
"R",355,"W","R355W",-0.179863941174569
"R",355,"Y","R355Y",-0.223319170268379
"D",356,"A","D356A",0.482666876863151
"D",356,"C","D356C",-0.655158103885626
"D",356,"E","D356E",-0.0684488220227952
"D",356,"F","D356F",-0.549962498404777
"D",356,"G","D356G",-0.327256169032299
"D",356,"H","D356H",-1.0057538943634
"D",356,"I","D356I",-0.596675614423361
"D",356,"K","D356K",-0.100647415668271
"D",356,"L","D356L",-0.0619401980318093
"D",356,"M","D356M",0.443686697409618
"D",356,"N","D356N",0.220685904152457
"D",356,"P","D356P",0.263865086489385
"D",356,"Q","D356Q",0.415590598354184
"D",356,"R","D356R",0.17307328657309
"D",356,"S","D356S",-0.625797415083766
"D",356,"T","D356T",-0.596295316828819
"D",356,"V","D356V",-0.0649358961769171
"D",356,"W","D356W",0.548335857582542
"D",356,"Y","D356Y",-0.426519633512367
"E",357,"A","E357A",0.167352060806905
"E",357,"C","E357C",0.246080452449026
"E",357,"D","E357D",-0.471090272954656
"E",357,"F","E357F",-0.0929000664177392
"E",357,"G","E357G",0.164188245004566
"E",357,"H","E357H",0.00507230512688239
"E",357,"I","E357I",0.127763319262207
"E",357,"K","E357K",0.293161650630867
"E",357,"L","E357L",-0.394854081254908
"E",357,"M","E357M",-0.299435375488013
"E",357,"N","E357N",0.132910855510848
"E",357,"Q","E357Q",-0.040686384565489
"E",357,"R","E357R",-0.293193477428581
"E",357,"S","E357S",-0.172749658349683
"E",357,"T","E357T",0.481923642835822
"E",357,"V","E357V",-0.0185521560769667
"E",357,"W","E357W",-0.266016563438634
"E",357,"Y","E357Y",-0.178462472359161
"L",358,"A","L358A",0.282428759604375
"L",358,"C","L358C",-0.304131324301404
"L",358,"D","L358D",-0.623942757031431
"L",358,"E","L358E",-0.279150721770485
"L",358,"F","L358F",-0.0826758769395294
"L",358,"G","L358G",0.275073346211827
"L",358,"H","L358H",-0.368404429379157
"L",358,"I","L358I",0.319844434777047
"L",358,"K","L358K",-0.117511593965126
"L",358,"M","L358M",0.247330184810016
"L",358,"N","L358N",-0.00345176693020992
"L",358,"P","L358P",-0.310177692889317
"L",358,"Q","L358Q",-0.577137296208441
"L",358,"R","L358R",0.16052629146522
"L",358,"S","L358S",-0.0889703512478227
"L",358,"T","L358T",0.150549617687184
"L",358,"V","L358V",-0.388146117011634
"L",358,"W","L358W",-1.08214226284068
"L",358,"Y","L358Y",0.464187343778802
"T",359,"A","T359A",-0.405485660498902
"T",359,"C","T359C",-0.367650456452064
"T",359,"D","T359D",-0.180858507403681
"T",359,"E","T359E",-0.107921844703705
"T",359,"F","T359F",-0.0185201416978683
"T",359,"G","T359G",0.142792800345076
"T",359,"H","T359H",-0.201591476756238
"T",359,"I","T359I",-0.258209442793864
"T",359,"K","T359K",-0.169064716908709
"T",359,"L","T359L",-0.521800265745965
"T",359,"M","T359M",-0.144842610174999
"T",359,"N","T359N",-0.447541921528819
"T",359,"P","T359P",0.152199487231724
"T",359,"Q","T359Q",-0.406675043518918
"T",359,"R","T359R",-0.197471179718452
"T",359,"S","T359S",-0.443811517240573
"T",359,"V","T359V",-0.351751557457717
"T",359,"W","T359W",-0.2400105572905
"T",359,"Y","T359Y",-0.139781407392078
"K",360,"A","K360A",0.0373149123881324
"K",360,"C","K360C",-0.0540509627345271
"K",360,"D","K360D",0.21181144716403
"K",360,"E","K360E",-0.807873072970479
"K",360,"F","K360F",-0.347610871364144
"K",360,"G","K360G",-0.281927435755014
"K",360,"H","K360H",-0.897072760064427
"K",360,"I","K360I",-0.325680086391172
"K",360,"L","K360L",-0.547582783504007
"K",360,"M","K360M",0.0852228564252654
"K",360,"N","K360N",-0.447909233954765
"K",360,"P","K360P",0.130606966077504
"K",360,"Q","K360Q",-0.230457483672022
"K",360,"R","K360R",-0.0230090047846554
"K",360,"S","K360S",-0.254051147779085
"K",360,"T","K360T",-0.512369763487874
"K",360,"V","K360V",-0.331998487863887
"K",360,"W","K360W",0.00236522341246543
"K",360,"Y","K360Y",-0.0278404525764987
"N",361,"A","N361A",-0.209377070302505
"N",361,"C","N361C",-0.140238150421879
"N",361,"D","N361D",0.0253840599349257
"N",361,"E","N361E",-0.772730112085523
"N",361,"F","N361F",0.160881614033592
"N",361,"G","N361G",-0.0698513620912143
"N",361,"H","N361H",-0.18716038975577
"N",361,"I","N361I",0.671694494372662
"N",361,"K","N361K",-0.246430758865413
"N",361,"L","N361L",0.164319737330492
"N",361,"M","N361M",0.526599680499876
"N",361,"P","N361P",0.179733700017436
"N",361,"Q","N361Q",-0.832173361731427
"N",361,"R","N361R",0.136810448949198
"N",361,"S","N361S",-0.749178383809162
"N",361,"T","N361T",-0.141619042055867
"N",361,"V","N361V",0.125614392865885
"N",361,"W","N361W",0.564182449440558
"N",361,"Y","N361Y",-0.371520001775904
"Q",362,"A","Q362A",0.0926188870218621
"Q",362,"C","Q362C",-0.108226616187601
"Q",362,"D","Q362D",0.453165205226856
"Q",362,"E","Q362E",-0.111600054055432
"Q",362,"F","Q362F",-0.134169252693511
"Q",362,"G","Q362G",-0.572491420202338
"Q",362,"H","Q362H",0.31881421171268
"Q",362,"I","Q362I",-0.200590917041073
"Q",362,"K","Q362K",0.38616633933911
"Q",362,"L","Q362L",0.0366451569108232
"Q",362,"M","Q362M",-0.325170640542192
"Q",362,"N","Q362N",0.28234410795189
"Q",362,"P","Q362P",-0.275879432131899
"Q",362,"R","Q362R",0.297202195095122
"Q",362,"S","Q362S",-1.23711894684501
"Q",362,"T","Q362T",-0.398716596439821
"Q",362,"V","Q362V",-0.545474438404625
"Q",362,"W","Q362W",-0.529354226269536
"Q",362,"Y","Q362Y",-0.475587869686345
"V",363,"A","V363A",-0.0997166581917836
"V",363,"C","V363C",-0.465391144757507
"V",363,"D","V363D",-0.379451235343351
"V",363,"E","V363E",0.14175232160667
"V",363,"F","V363F",0.224213238176734
"V",363,"G","V363G",-0.0251189445190274
"V",363,"H","V363H",0.0240312052728429
"V",363,"I","V363I",-0.190944307683742
"V",363,"K","V363K",0.0740233806729148
"V",363,"L","V363L",0.205144670911248
"V",363,"M","V363M",-0.929474547432713
"V",363,"N","V363N",-0.416366195095777
"V",363,"P","V363P",0.287273365947222
"V",363,"Q","V363Q",-0.488715083837095
"V",363,"R","V363R",-0.460990486567714
"V",363,"S","V363S",-0.121703198271372
"V",363,"T","V363T",-0.131441291224322
"V",363,"W","V363W",-0.662730262012315
"V",363,"Y","V363Y",0.307959796452007
"S",364,"A","S364A",-0.555349760225115
"S",364,"C","S364C",-0.356916524619267
"S",364,"D","S364D",-0.7620328899699
"S",364,"E","S364E",0.199032186363025
"S",364,"F","S364F",-0.0465573479246912
"S",364,"G","S364G",0.0525670673327228
"S",364,"H","S364H",0.419701616530168
"S",364,"I","S364I",-0.170576369934421
"S",364,"K","S364K",-1.43579005185281
"S",364,"L","S364L",-0.109319667346443
"S",364,"M","S364M",0.0863635034569073
"S",364,"N","S364N",0.931131986758138
"S",364,"P","S364P",0.0740108339437026
"S",364,"Q","S364Q",-0.175601312553673
"S",364,"R","S364R",-0.741328358007379
"S",364,"T","S364T",-0.137592673660338
"S",364,"V","S364V",0.0343393427943622
"S",364,"W","S364W",-0.434051370723349
"S",364,"Y","S364Y",-0.28221310611571
"L",365,"A","L365A",-0.25029092933499
"L",365,"C","L365C",-0.336070497526756
"L",365,"D","L365D",0.0334858156896492
"L",365,"E","L365E",-0.789186132006645
"L",365,"F","L365F",-0.0683249353770724
"L",365,"G","L365G",-0.3672237323627
"L",365,"H","L365H",0.0193906651889298
"L",365,"I","L365I",-0.039498726683295
"L",365,"K","L365K",0.147949353313974
"L",365,"M","L365M",0.368114278751893
"L",365,"N","L365N",-0.085689721536536
"L",365,"P","L365P",0.260319235632097
"L",365,"Q","L365Q",-0.731471202220017
"L",365,"R","L365R",-0.639409899190931
"L",365,"S","L365S",-0.050450895072108
"L",365,"T","L365T",-0.426217704837467
"L",365,"V","L365V",0.652283257430055
"L",365,"W","L365W",-0.256869827582753
"L",365,"Y","L365Y",-0.0512676350951216
"T",366,"A","T366A",-0.299396947696836
"T",366,"C","T366C",-0.654162721148799
"T",366,"D","T366D",-0.667637220490414
"T",366,"E","T366E",-0.190438995184687
"T",366,"F","T366F",0.971226115349465
"T",366,"G","T366G",-0.446260986010079
"T",366,"H","T366H",-0.0771395134191591
"T",366,"I","T366I",1.00804272121669
"T",366,"K","T366K",-0.688835317419945
"T",366,"L","T366L",0.686471976794118
"T",366,"M","T366M",0.450765849542348
"T",366,"N","T366N",-0.530494234324502
"T",366,"P","T366P",0.141097111654771
"T",366,"Q","T366Q",0.306311159049473
"T",366,"R","T366R",-1.41202542579002
"T",366,"S","T366S",0.247015978693857
"T",366,"V","T366V",0.679956067102018
"T",366,"W","T366W",-0.523064881384574
"T",366,"Y","T366Y",-0.473316391576851
"C",367,"A","C367A",0.0319584253645085
"C",367,"D","C367D",0.751923379266255
"C",367,"E","C367E",-0.234973082902746
"C",367,"F","C367F",0.0193951432287206
"C",367,"G","C367G",-0.437674152848232
"C",367,"H","C367H",-0.990883830979515
"C",367,"I","C367I",-0.72117176074623
"C",367,"K","C367K",-0.677869286724023
"C",367,"L","C367L",-0.993765175687015
"C",367,"M","C367M",-0.847399110623745
"C",367,"N","C367N",0.458432170177754
"C",367,"P","C367P",0.229706748248045
"C",367,"Q","C367Q",-0.0496513066242495
"C",367,"R","C367R",0.471379063898659
"C",367,"S","C367S",0.200225196961543
"C",367,"T","C367T",-0.0971888652787732
"C",367,"V","C367V",-0.569359074641096
"C",367,"W","C367W",0.075600525507965
"C",367,"Y","C367Y",-0.0358950158774816
"L",368,"A","L368A",-0.0458854967273241
"L",368,"C","L368C",-0.617959750829434
"L",368,"D","L368D",0.0431267607131358
"L",368,"E","L368E",0.00968022308446762
"L",368,"F","L368F",-0.57600145689655
"L",368,"G","L368G",-0.89401975324716
"L",368,"H","L368H",0.140794707319974
"L",368,"I","L368I",-0.278303814261563
"L",368,"K","L368K",0.158922508553378
"L",368,"M","L368M",-0.0374699707340478
"L",368,"N","L368N",-0.53584118639484
"L",368,"P","L368P",0.41645816616975
"L",368,"Q","L368Q",-0.311092076209942
"L",368,"R","L368R",0.178580690437788
"L",368,"S","L368S",0.166535426736694
"L",368,"T","L368T",0.148255317581342
"L",368,"V","L368V",-0.819397056380972
"L",368,"W","L368W",-0.200816182209316
"L",368,"Y","L368Y",-0.0114421300295172
"V",369,"A","V369A",0.403821504194569
"V",369,"C","V369C",0.139976288605289
"V",369,"D","V369D",0.760282866822313
"V",369,"E","V369E",-0.738102208138072
"V",369,"F","V369F",-0.266615806652566
"V",369,"G","V369G",-0.12919033115544
"V",369,"H","V369H",-1.02167363399162
"V",369,"I","V369I",0.183126655577495
"V",369,"K","V369K",0.414946601702974
"V",369,"L","V369L",0.0695386064695628
"V",369,"M","V369M",-0.175826166523633
"V",369,"N","V369N",0.230325258450945
"V",369,"P","V369P",-0.316361556790972
"V",369,"Q","V369Q",-0.357066543723803
"V",369,"R","V369R",1.17111486591692
"V",369,"S","V369S",0.202191735687884
"V",369,"T","V369T",0.645590921249847
"V",369,"W","V369W",-0.256631975624352
"V",369,"Y","V369Y",-0.611571823528665
"K",370,"C","K370C",-0.94202226935066
"K",370,"D","K370D",-0.160441050544427
"K",370,"E","K370E",-1.13922066021845
"K",370,"F","K370F",-0.416294141273847
"K",370,"G","K370G",0.181305206057867
"K",370,"H","K370H",-0.0501843075938164
"K",370,"I","K370I",-0.255377356485921
"K",370,"L","K370L",-0.359530480319825
"K",370,"M","K370M",0.27779125048286
"K",370,"N","K370N",-1.09442429529082
"K",370,"P","K370P",-0.458967341266594
"K",370,"Q","K370Q",0.148100105863908
"K",370,"R","K370R",0.69746646423651
"K",370,"S","K370S",-0.00212897978205758
"K",370,"T","K370T",-0.442869510795688
"K",370,"V","K370V",-0.263118195402139
"K",370,"W","K370W",-0.0762420187355879
"K",370,"Y","K370Y",0.0115993340795263
"G",371,"A","G371A",-0.482712116374817
"G",371,"C","G371C",-0.0750724451535374
"G",371,"D","G371D",-0.157735236756866
"G",371,"E","G371E",-0.133589726325473
"G",371,"F","G371F",-0.109675412462515
"G",371,"H","G371H",-0.222699843076003
"G",371,"I","G371I",-0.779765942767096
"G",371,"K","G371K",-0.00130530676236257
"G",371,"L","G371L",-0.540326178299128
"G",371,"M","G371M",-0.572611511644149
"G",371,"N","G371N",0.0287497354534162
"G",371,"P","G371P",-1.78578502615852
"G",371,"Q","G371Q",0.0234463224028133
"G",371,"R","G371R",-0.440344449367883
"G",371,"S","G371S",0.0545904523422858
"G",371,"T","G371T",-0.567292283911672
"G",371,"V","G371V",-0.502769135065512
"G",371,"W","G371W",-0.00227733349274789
"G",371,"Y","G371Y",-0.0707848139253609
"F",372,"A","F372A",-0.495555143167526
"F",372,"C","F372C",-0.0806286795965301
"F",372,"D","F372D",5.37718163000873
"F",372,"E","F372E",2.63998919161234
"F",372,"G","F372G",0.0467578545009709
"F",372,"H","F372H",0.0996331878182106
"F",372,"I","F372I",0.809701355901246
"F",372,"K","F372K",1.08126942098878
"F",372,"L","F372L",-0.473294220879411
"F",372,"M","F372M",-1.23160940435653
"F",372,"N","F372N",0.0345385957257512
"F",372,"P","F372P",-0.0818506717806565
"F",372,"Q","F372Q",0.320196989751022
"F",372,"R","F372R",3.12991645125972
"F",372,"S","F372S",0.560598405952845
"F",372,"T","F372T",0.158890553208509
"F",372,"V","F372V",0.866474408422293
"F",372,"W","F372W",0.855082973054822
"F",372,"Y","F372Y",0.694344504495342
"Y",373,"A","Y373A",0.227513163782241
"Y",373,"C","Y373C",-1.21603015517771
"Y",373,"D","Y373D",0.709074717956508
"Y",373,"E","Y373E",0.397187435536309
"Y",373,"F","Y373F",-0.383052209762897
"Y",373,"G","Y373G",-1.39839785427155
"Y",373,"H","Y373H",0.847763322004608
"Y",373,"I","Y373I",-0.509589559095991
"Y",373,"K","Y373K",1.30259962306032
"Y",373,"L","Y373L",0.237602629617253
"Y",373,"M","Y373M",-1.37306731087038
"Y",373,"N","Y373N",-0.35291568240364
"Y",373,"P","Y373P",1.36841257420195
"Y",373,"Q","Y373Q",-0.0906573802799873
"Y",373,"R","Y373R",-0.0556652730274593
"Y",373,"S","Y373S",-0.582339100194385
"Y",373,"T","Y373T",0.305492435465309
"Y",373,"V","Y373V",-0.46034498100362
"Y",373,"W","Y373W",1.82559332387144
"P",374,"A","P374A",0.285282128100723
"P",374,"C","P374C",1.12965006672376
"P",374,"D","P374D",-0.15061950668871
"P",374,"E","P374E",3.20047635879898
"P",374,"F","P374F",1.56505655166805
"P",374,"G","P374G",0.53234297338712
"P",374,"H","P374H",1.48740129558981
"P",374,"I","P374I",0.204452242642341
"P",374,"K","P374K",1.151559440708
"P",374,"L","P374L",1.63142858230826
"P",374,"M","P374M",0.734728334496699
"P",374,"N","P374N",-0.269085656363182
"P",374,"Q","P374Q",0.638966724904946
"P",374,"R","P374R",1.49852834722175
"P",374,"S","P374S",0.208512446043537
"P",374,"T","P374T",-0.203465715696221
"P",374,"V","P374V",-0.039855777036273
"P",374,"W","P374W",1.32474800359331
"P",374,"Y","P374Y",1.33789863828975
"S",375,"A","S375A",-0.381060767023957
"S",375,"C","S375C",0.400341680737239
"S",375,"D","S375D",-1.22358390949557
"S",375,"E","S375E",-0.99366574201782
"S",375,"F","S375F",0.406424101626576
"S",375,"G","S375G",0.118682127134221
"S",375,"H","S375H",0.130045831077905
"S",375,"I","S375I",2.04800696202351
"S",375,"K","S375K",0.499106754707075
"S",375,"L","S375L",0.432313822250095
"S",375,"M","S375M",0.610166726547264
"S",375,"N","S375N",-1.67931833525687
"S",375,"P","S375P",0.0151615208302835
"S",375,"Q","S375Q",-0.0626708940174374
"S",375,"R","S375R",-0.616292925822249
"S",375,"T","S375T",1.31025825970487
"S",375,"V","S375V",0.807023463203028
"S",375,"W","S375W",-0.0845340240564351
"S",375,"Y","S375Y",-0.0253845329666023
"D",376,"A","D376A",0.472099235501272
"D",376,"C","D376C",0.22935562916166
"D",376,"E","D376E",0.0296815655434696
"D",376,"F","D376F",1.07486166575035
"D",376,"G","D376G",-0.971342630511136
"D",376,"H","D376H",-0.193875347317496
"D",376,"I","D376I",0.210878104028616
"D",376,"K","D376K",-0.269267441804133
"D",376,"L","D376L",0.078645605443357
"D",376,"M","D376M",-0.359957997132177
"D",376,"N","D376N",-0.622730875732268
"D",376,"P","D376P",0.536922651380246
"D",376,"Q","D376Q",0.390435890396002
"D",376,"R","D376R",0.122764021527973
"D",376,"S","D376S",-1.81155356780065
"D",376,"T","D376T",-0.622571527491765
"D",376,"V","D376V",0.757522110007545
"D",376,"W","D376W",-2.17710489193927
"D",376,"Y","D376Y",0.044297891281781
"I",377,"A","I377A",0.306875856553086
"I",377,"C","I377C",-0.826112455320561
"I",377,"D","I377D",0.21776003085505
"I",377,"E","I377E",-1.01293111707095
"I",377,"F","I377F",-0.0982647920069497
"I",377,"G","I377G",-0.0981472812680532
"I",377,"H","I377H",0.120768187073935
"I",377,"K","I377K",-0.130966212708977
"I",377,"L","I377L",-0.13410678332461
"I",377,"M","I377M",-0.648808761292702
"I",377,"N","I377N",0.335872806181678
"I",377,"P","I377P",0.345826020396539
"I",377,"Q","I377Q",-1.21191139113431
"I",377,"R","I377R",-0.205583999263785
"I",377,"S","I377S",0.0093141389498934
"I",377,"T","I377T",-0.190948406185137
"I",377,"V","I377V",-0.341586788089342
"I",377,"W","I377W",0.0326265729014814
"I",377,"Y","I377Y",-0.0714514430714313
"A",378,"C","A378C",-0.989220590399279
"A",378,"D","A378D",0.0650906922547712
"A",378,"E","A378E",-0.306529826921691
"A",378,"F","A378F",0.180937061963751
"A",378,"G","A378G",0.323131586035474
"A",378,"H","A378H",-0.410627100745375
"A",378,"I","A378I",-1.15397946493525
"A",378,"K","A378K",-0.303865002006276
"A",378,"L","A378L",-0.881083790089904
"A",378,"M","A378M",-0.211355856491222
"A",378,"N","A378N",0.275967600063473
"A",378,"P","A378P",-0.825175762113006
"A",378,"Q","A378Q",-1.06539350653092
"A",378,"R","A378R",-0.605524253387497
"A",378,"S","A378S",0.0837233760400098
"A",378,"T","A378T",-0.688887178380102
"A",378,"V","A378V",-0.673285401809167
"A",378,"W","A378W",-0.838513864372272
"A",378,"Y","A378Y",0.108932447724254
"V",379,"A","V379A",-0.243077005668158
"V",379,"C","V379C",0.0886044113952988
"V",379,"D","V379D",-0.411270183918042
"V",379,"E","V379E",-1.19620952426673
"V",379,"F","V379F",0.830514803410106
"V",379,"G","V379G",0.565469206713916
"V",379,"H","V379H",0.628301050378823
"V",379,"I","V379I",-0.401956159601224
"V",379,"K","V379K",-0.604578036968785
"V",379,"L","V379L",0.730664726566918
"V",379,"M","V379M",-0.326462254689368
"V",379,"N","V379N",-0.00215191385004372
"V",379,"P","V379P",0.15456132748447
"V",379,"Q","V379Q",0.260466123661388
"V",379,"R","V379R",-0.700382251336653
"V",379,"S","V379S",-0.13555534114868
"V",379,"T","V379T",-0.326151600824573
"V",379,"W","V379W",0.990378365490288
"V",379,"Y","V379Y",1.03166057217924
"E",380,"A","E380A",-0.0564952007125531
"E",380,"C","E380C",0.341005273530494
"E",380,"D","E380D",-0.254755732506616
"E",380,"F","E380F",-1.0339596350777
"E",380,"G","E380G",0.214500579046526
"E",380,"H","E380H",-0.234168759484662
"E",380,"I","E380I",0.0997596931633714
"E",380,"K","E380K",0.0467360300885487
"E",380,"L","E380L",-0.0289165192080236
"E",380,"M","E380M",-0.48002576127618
"E",380,"N","E380N",-0.218744563623784
"E",380,"P","E380P",-0.237184187523078
"E",380,"Q","E380Q",-0.0695850102416249
"E",380,"R","E380R",-0.27701280488224
"E",380,"S","E380S",-0.0899607078037922
"E",380,"T","E380T",-0.494326930559191
"E",380,"V","E380V",-0.672285267151734
"E",380,"W","E380W",0.31643103037537
"E",380,"Y","E380Y",0.135652219670454
"W",381,"A","W381A",0.47951868472555
"W",381,"C","W381C",-0.0531044251654412
"W",381,"D","W381D",0.46677118499463
"W",381,"E","W381E",0.420647833651235
"W",381,"F","W381F",-0.0252984058184436
"W",381,"G","W381G",0.977707540560246
"W",381,"H","W381H",-0.0637681402478655
"W",381,"I","W381I",-0.62426246130908
"W",381,"K","W381K",0.750494220313901
"W",381,"L","W381L",-0.211805163004901
"W",381,"M","W381M",0.535273868720451
"W",381,"N","W381N",0.149737244583142
"W",381,"P","W381P",0.920804022489769
"W",381,"Q","W381Q",0.0538849319823103
"W",381,"R","W381R",0.879006531703203
"W",381,"S","W381S",0.810217309114494
"W",381,"T","W381T",0.490977990988459
"W",381,"V","W381V",0.149440810167795
"W",381,"Y","W381Y",-0.251052117264966
"E",382,"A","E382A",0.126880938456165
"E",382,"C","E382C",0.30037420655474
"E",382,"D","E382D",-0.716418710280243
"E",382,"F","E382F",-0.196231023977824
"E",382,"G","E382G",-0.0993525772143131
"E",382,"H","E382H",-0.518765520703206
"E",382,"I","E382I",-0.00357603642061908
"E",382,"K","E382K",-0.558350109917234
"E",382,"L","E382L",0.044280671679444
"E",382,"M","E382M",0.292145742434382
"E",382,"N","E382N",-1.33019181619299
"E",382,"P","E382P",-0.582392180675909
"E",382,"Q","E382Q",-0.286724105456541
"E",382,"R","E382R",-0.167782290389625
"E",382,"S","E382S",-0.149333682711339
"E",382,"T","E382T",0.0969196591190409
"E",382,"V","E382V",-0.44601849543567
"E",382,"W","E382W",0.202667261580002
"E",382,"Y","E382Y",-0.382648496462699
"S",383,"A","S383A",0.0472955574453245
"S",383,"C","S383C",-0.156576705009108
"S",383,"D","S383D",-0.610574438692425
"S",383,"E","S383E",-0.0194866592568698
"S",383,"F","S383F",-0.516081899946748
"S",383,"G","S383G",-0.258471014533194
"S",383,"H","S383H",-0.385903083185925
"S",383,"I","S383I",0.0934808116871274
"S",383,"K","S383K",-0.260393587839022
"S",383,"L","S383L",-0.0642900743790172
"S",383,"M","S383M",-0.179073558939559
"S",383,"N","S383N",-1.07101726121755
"S",383,"P","S383P",-0.229485201744082
"S",383,"Q","S383Q",0.0343259802902936
"S",383,"R","S383R",-0.156053109037594
"S",383,"T","S383T",-0.786598044429298
"S",383,"V","S383V",-0.130899472589777
"S",383,"W","S383W",-0.0640258852885362
"S",383,"Y","S383Y",-0.297106965170384
"N",384,"A","N384A",0.156028316027587
"N",384,"C","N384C",-0.650559114924401
"N",384,"D","N384D",-0.00254154344720833
"N",384,"E","N384E",-0.0456317854150361
"N",384,"F","N384F",-0.591028430352821
"N",384,"G","N384G",-0.125691363305207
"N",384,"H","N384H",0.379733089484696
"N",384,"I","N384I",-0.292398176121587
"N",384,"K","N384K",-0.346455985721469
"N",384,"L","N384L",-0.254844447427312
"N",384,"M","N384M",-0.248041833524137
"N",384,"P","N384P",-0.652202300706495
"N",384,"Q","N384Q",-0.533377683829939
"N",384,"R","N384R",-0.611952181006019
"N",384,"S","N384S",-0.205498038175673
"N",384,"T","N384T",-0.126439841029571
"N",384,"V","N384V",-0.792823632538145
"N",384,"W","N384W",-0.179643101122656
"N",384,"Y","N384Y",-0.718713873705166
"G",385,"A","G385A",0.288206657967786
"G",385,"C","G385C",0.0276474870769514
"G",385,"D","G385D",0.785203414059839
"G",385,"E","G385E",0.608782071540992
"G",385,"F","G385F",-0.390901362833429
"G",385,"H","G385H",-0.483238265610235
"G",385,"I","G385I",-0.678814010358107
"G",385,"K","G385K",-0.692726299175236
"G",385,"L","G385L",-0.0434354956638045
"G",385,"M","G385M",-0.0292256983647882
"G",385,"N","G385N",0.331962431584035
"G",385,"P","G385P",-0.306632372312858
"G",385,"Q","G385Q",-1.34484199231899
"G",385,"R","G385R",-0.085877512816865
"G",385,"S","G385S",-0.184387356293562
"G",385,"T","G385T",-0.769030437871863
"G",385,"V","G385V",-0.127128090603489
"G",385,"W","G385W",-0.137644712983084
"G",385,"Y","G385Y",0.198605484077068
"Q",386,"A","Q386A",-0.242240558891102
"Q",386,"C","Q386C",-0.052609945717315
"Q",386,"D","Q386D",-0.395294244961495
"Q",386,"E","Q386E",-0.271173130569424
"Q",386,"F","Q386F",-0.0598274880834722
"Q",386,"G","Q386G",-0.139939730146253
"Q",386,"H","Q386H",-0.505856947095225
"Q",386,"I","Q386I",-0.0344684059039461
"Q",386,"K","Q386K",0.0350459296518874
"Q",386,"L","Q386L",0.025233490995727
"Q",386,"M","Q386M",0.0608579510411671
"Q",386,"N","Q386N",-0.295590420440089
"Q",386,"P","Q386P",-0.0580215976346664
"Q",386,"R","Q386R",0.113171122128168
"Q",386,"S","Q386S",0.0155814011662031
"Q",386,"V","Q386V",0.129885272386277
"Q",386,"W","Q386W",-0.164009185542037
"Q",386,"Y","Q386Y",-1.18033968127436
"P",387,"A","P387A",0.445045831301431
"P",387,"C","P387C",-0.733290318399837
"P",387,"D","P387D",-0.479960846664752
"P",387,"E","P387E",0.187465351305027
"P",387,"F","P387F",-0.620128327056364
"P",387,"G","P387G",-0.516632734476361
"P",387,"H","P387H",-0.659928429247833
"P",387,"I","P387I",-0.381534862239016
"P",387,"K","P387K",-0.132753777033627
"P",387,"L","P387L",1.0816716346178
"P",387,"M","P387M",-0.404688372360199
"P",387,"N","P387N",-0.697299578698278
"P",387,"Q","P387Q",0.00990602502033786
"P",387,"R","P387R",-0.490284400269232
"P",387,"S","P387S",-0.792978382029433
"P",387,"T","P387T",-0.405376217506562
"P",387,"V","P387V",-0.132471205921873
"P",387,"W","P387W",-0.142326110251758
"P",387,"Y","P387Y",-0.534339910410025
"E",388,"A","E388A",-0.0129853678811515
"E",388,"C","E388C",0.0801887511920663
"E",388,"D","E388D",0.228258211656163
"E",388,"F","E388F",-0.283446137378515
"E",388,"G","E388G",-0.18342757650365
"E",388,"H","E388H",-0.122022065067094
"E",388,"I","E388I",-0.671579323112424
"E",388,"K","E388K",-0.804723543162793
"E",388,"L","E388L",0.734859112733223
"E",388,"M","E388M",-0.0883712848369616
"E",388,"N","E388N",0.0651149522982147
"E",388,"P","E388P",-0.194853311134314
"E",388,"Q","E388Q",-0.334985980299996
"E",388,"R","E388R",1.36624032720898
"E",388,"S","E388S",0.0460410752195768
"E",388,"T","E388T",0.301506880900818
"E",388,"V","E388V",0.518636037705755
"E",388,"W","E388W",0.79889762766836
"E",388,"Y","E388Y",-0.253991018712819
"N",389,"A","N389A",-0.0268390534117984
"N",389,"C","N389C",0.0200113195377771
"N",389,"D","N389D",-0.279882707243594
"N",389,"E","N389E",-0.20069018386562
"N",389,"F","N389F",0.0207425661466896
"N",389,"G","N389G",0.623704089861695
"N",389,"H","N389H",-0.926377534127301
"N",389,"I","N389I",-0.543423095352229
"N",389,"K","N389K",0.0142206483855959
"N",389,"L","N389L",-0.259386342745856
"N",389,"M","N389M",0.101748378559687
"N",389,"P","N389P",-0.530638271957377
"N",389,"Q","N389Q",0.2706705668755
"N",389,"R","N389R",-0.301140301007723
"N",389,"S","N389S",-0.0143699404734571
"N",389,"T","N389T",-0.781909436031158
"N",389,"V","N389V",0.102882641707917
"N",389,"W","N389W",-0.425581886479919
"N",389,"Y","N389Y",0.227247916860781
"N",390,"A","N390A",-0.428246655609113
"N",390,"C","N390C",0.633375943970457
"N",390,"D","N390D",-0.2132522247964
"N",390,"E","N390E",0.0726395442641567
"N",390,"F","N390F",-0.0326379026079887
"N",390,"G","N390G",0.171417186894712
"N",390,"H","N390H",-0.0873375869669912
"N",390,"I","N390I",-0.277662011605748
"N",390,"K","N390K",-0.686137107644062
"N",390,"L","N390L",0.584796807071784
"N",390,"M","N390M",0.0858441537296813
"N",390,"P","N390P",-0.323765934552544
"N",390,"Q","N390Q",0.0327486413449257
"N",390,"R","N390R",0.142355857196018
"N",390,"S","N390S",-0.0451468506311084
"N",390,"T","N390T",-0.43865016448752
"N",390,"V","N390V",-0.101137411147285
"N",390,"W","N390W",0.207713070675048
"N",390,"Y","N390Y",0.22149246827385
"Y",391,"A","Y391A",0.315874192624795
"Y",391,"C","Y391C",-0.209471391395351
"Y",391,"D","Y391D",-0.207998054092295
"Y",391,"E","Y391E",-0.990045676712936
"Y",391,"F","Y391F",-0.212452822811065
"Y",391,"G","Y391G",-0.0608428572273387
"Y",391,"H","Y391H",0.507930336111337
"Y",391,"I","Y391I",0.00914516532917468
"Y",391,"K","Y391K",-0.00589855316918529
"Y",391,"L","Y391L",-0.119940101834427
"Y",391,"M","Y391M",-0.0238565842150177
"Y",391,"N","Y391N",-0.21199931777848
"Y",391,"P","Y391P",-0.47839397776004
"Y",391,"Q","Y391Q",0.0265776902119102
"Y",391,"R","Y391R",0.494238513713497
"Y",391,"S","Y391S",-0.280811070760555
"Y",391,"T","Y391T",0.812955788530378
"Y",391,"V","Y391V",0.318732141071279
"Y",391,"W","Y391W",0.306556135408136
"K",392,"A","K392A",0.235842157298687
"K",392,"C","K392C",0.300511566182586
"K",392,"D","K392D",-1.01921977683688
"K",392,"E","K392E",-0.394228710502175
"K",392,"F","K392F",0.410210488018722
"K",392,"G","K392G",-0.386484741710197
"K",392,"H","K392H",-0.27275875959322
"K",392,"I","K392I",-0.161979516985307
"K",392,"L","K392L",-0.202767401745982
"K",392,"M","K392M",-0.423229207489665
"K",392,"N","K392N",0.117402184092089
"K",392,"P","K392P",0.654200681140893
"K",392,"Q","K392Q",0.101733788856333
"K",392,"R","K392R",0.441806248150048
"K",392,"S","K392S",0.16891807336316
"K",392,"T","K392T",-0.261193005767986
"K",392,"V","K392V",0.0342697448616809
"K",392,"W","K392W",0.0932858082703012
"K",392,"Y","K392Y",-0.964682710048651
"T",393,"A","T393A",-0.34130701459632
"T",393,"C","T393C",0.303688244102305
"T",393,"D","T393D",-0.785375604437309
"T",393,"E","T393E",0.927418301124965
"T",393,"F","T393F",-0.434629543726069
"T",393,"G","T393G",-0.241695417868252
"T",393,"H","T393H",-0.00700259688296745
"T",393,"I","T393I",0.057664680250703
"T",393,"K","T393K",-0.728654315090201
"T",393,"L","T393L",0.211953552044003
"T",393,"M","T393M",-0.0981464732973827
"T",393,"N","T393N",-0.195049481952952
"T",393,"P","T393P",0.292386160079398
"T",393,"Q","T393Q",-0.265236971934459
"T",393,"R","T393R",-0.261746157650739
"T",393,"S","T393S",-0.204571004530667
"T",393,"V","T393V",0.353660035400431
"T",393,"W","T393W",-0.532660643561293
"T",393,"Y","T393Y",-0.173746068981909
"T",394,"A","T394A",0.380677440278115
"T",394,"C","T394C",0.656236481547042
"T",394,"D","T394D",1.35252831222894
"T",394,"E","T394E",0.413808746438768
"T",394,"F","T394F",0.552332305620862
"T",394,"G","T394G",-0.246264631836948
"T",394,"H","T394H",0.89434549291913
"T",394,"I","T394I",1.24856128675563
"T",394,"K","T394K",1.14922724839427
"T",394,"L","T394L",1.37796618133134
"T",394,"M","T394M",0.183675943825263
"T",394,"N","T394N",1.60383944415038
"T",394,"P","T394P",1.24411339933241
"T",394,"Q","T394Q",0.9033139117178
"T",394,"R","T394R",0.658015976512288
"T",394,"S","T394S",-0.290803198736944
"T",394,"V","T394V",0.208648219110738
"T",394,"W","T394W",0.571696492536339
"T",394,"Y","T394Y",0.4134660758244
"P",395,"A","P395A",-0.094754358391271
"P",395,"C","P395C",-0.191907007419522
"P",395,"D","P395D",0.444072634952586
"P",395,"E","P395E",-0.713110360621319
"P",395,"F","P395F",0.0309643745783189
"P",395,"G","P395G",-0.217271264177412
"P",395,"H","P395H",-0.466497927152807
"P",395,"I","P395I",-0.820542188079714
"P",395,"K","P395K",-0.470268106597877
"P",395,"L","P395L",-0.0973797237386756
"P",395,"M","P395M",-0.199236481298648
"P",395,"N","P395N",-0.440394387393292
"P",395,"Q","P395Q",0.136681512184727
"P",395,"R","P395R",-0.763302870640369
"P",395,"S","P395S",-0.117180975593216
"P",395,"T","P395T",-0.217131825545519
"P",395,"V","P395V",0.940834992276505
"P",395,"W","P395W",-0.803841918289061
"P",395,"Y","P395Y",-0.113281866443875
"P",396,"A","P396A",-0.423538788474308
"P",396,"C","P396C",1.36505750149335
"P",396,"D","P396D",1.04431189896712
"P",396,"E","P396E",0.104115200381683
"P",396,"F","P396F",1.94397455397503
"P",396,"G","P396G",0.177804391316623
"P",396,"H","P396H",1.33869507308058
"P",396,"I","P396I",-0.136153201415567
"P",396,"K","P396K",0.397238964893452
"P",396,"L","P396L",0.841658525959627
"P",396,"M","P396M",0.311925906829245
"P",396,"N","P396N",0.335606450657823
"P",396,"Q","P396Q",0.90712370408476
"P",396,"R","P396R",0.745396676753349
"P",396,"S","P396S",-0.513166089240314
"P",396,"T","P396T",0.79647459963197
"P",396,"V","P396V",0.656006627924605
"P",396,"W","P396W",1.41748591949291
"P",396,"Y","P396Y",1.23066741193909
"V",397,"A","V397A",0.339493812751715
"V",397,"C","V397C",-0.84709260559691
"V",397,"D","V397D",0.745392563370573
"V",397,"E","V397E",-0.246384390111663
"V",397,"F","V397F",1.51348480447438
"V",397,"G","V397G",0.639076038982472
"V",397,"H","V397H",0.660179480685783
"V",397,"I","V397I",0.532827795023234
"V",397,"K","V397K",0.268236810959729
"V",397,"L","V397L",1.19133615400374
"V",397,"M","V397M",1.54214809157786
"V",397,"N","V397N",0.650601884171075
"V",397,"P","V397P",0.112633538692092
"V",397,"Q","V397Q",1.38578962292189
"V",397,"R","V397R",0.0460515526118074
"V",397,"S","V397S",-0.236698173597726
"V",397,"T","V397T",-0.57061548263643
"V",397,"W","V397W",0.122729687385805
"V",397,"Y","V397Y",0.45458426456964
"L",398,"A","L398A",-0.438166963512427
"L",398,"C","L398C",0.18971070937171
"L",398,"D","L398D",0.528036636023128
"L",398,"E","L398E",-0.821472257178545
"L",398,"F","L398F",-0.0577238695745612
"L",398,"G","L398G",-0.116634935487418
"L",398,"H","L398H",0.410501159671587
"L",398,"I","L398I",0.18914491483046
"L",398,"K","L398K",-0.510492305908983
"L",398,"M","L398M",0.0647183833313282
"L",398,"N","L398N",-0.00956772954867529
"L",398,"P","L398P",0.21367519014513
"L",398,"Q","L398Q",-0.224136074660691
"L",398,"R","L398R",-0.122732903911806
"L",398,"S","L398S",-0.351929916845556
"L",398,"T","L398T",-0.662501335216855
"L",398,"V","L398V",0.47223636408001
"L",398,"W","L398W",0.3591385242009
"L",398,"Y","L398Y",-0.107812606025452
"D",399,"A","D399A",0.0758956636627701
"D",399,"C","D399C",-0.274777126769634
"D",399,"E","D399E",-1.10519243644873
"D",399,"F","D399F",-0.0396008061515437
"D",399,"G","D399G",0.578807863896476
"D",399,"H","D399H",0.621939952073575
"D",399,"I","D399I",0.443708999306741
"D",399,"K","D399K",0.526132776676002
"D",399,"L","D399L",-0.245374062295478
"D",399,"M","D399M",0.8853682406518
"D",399,"N","D399N",-0.370527568901173
"D",399,"P","D399P",0.364411100180086
"D",399,"Q","D399Q",0.312246236621521
"D",399,"R","D399R",0.425210166356772
"D",399,"S","D399S",0.224345357362382
"D",399,"T","D399T",-0.273105621462812
"D",399,"V","D399V",-0.234563761123344
"D",399,"W","D399W",-0.0279834772912369
"D",399,"Y","D399Y",0.272324373135972
"S",400,"A","S400A",0.206671301410001
"S",400,"C","S400C",-0.333337584363819
"S",400,"D","S400D",-0.149436981681934
"S",400,"E","S400E",-0.152527931180791
"S",400,"F","S400F",-0.428665766171127
"S",400,"G","S400G",-0.437508606814692
"S",400,"H","S400H",0.607630076917638
"S",400,"I","S400I",0.221507601160076
"S",400,"K","S400K",0.182826362821953
"S",400,"L","S400L",-0.178571601229764
"S",400,"M","S400M",-0.793084624870662
"S",400,"N","S400N",0.223410076104192
"S",400,"P","S400P",-0.254268728086654
"S",400,"Q","S400Q",0.192963491774427
"S",400,"R","S400R",0.202126315298224
"S",400,"T","S400T",0.0577811028031354
"S",400,"V","S400V",0.240789228928813
"S",400,"W","S400W",-0.212792520864235
"S",400,"Y","S400Y",0.023298799754904
"D",401,"A","D401A",0.358864294265505
"D",401,"C","D401C",0.47652461047783
"D",401,"E","D401E",-0.127471429935313
"D",401,"F","D401F",0.13004250288238
"D",401,"G","D401G",0.330732515974373
"D",401,"H","D401H",-0.654420300175859
"D",401,"I","D401I",0.0790061870315949
"D",401,"K","D401K",-0.202199183349264
"D",401,"L","D401L",-0.346940437625825
"D",401,"M","D401M",-0.35135875496002
"D",401,"N","D401N",-0.322389118421871
"D",401,"P","D401P",-0.337132262540209
"D",401,"Q","D401Q",-0.111074053008521
"D",401,"R","D401R",0.501349770757583
"D",401,"S","D401S",-0.14206186366298
"D",401,"T","D401T",0.0282426933274086
"D",401,"V","D401V",-0.0912529255687174
"D",401,"W","D401W",0.241158963292862
"D",401,"Y","D401Y",0.598202638427875
"G",402,"A","G402A",-0.137411026659495
"G",402,"C","G402C",0.198963053120347
"G",402,"D","G402D",0.37120108637614
"G",402,"E","G402E",-0.426066866562007
"G",402,"F","G402F",0.0558823181087299
"G",402,"H","G402H",0.274042769730088
"G",402,"I","G402I",0.135027063018605
"G",402,"K","G402K",0.301805605022243
"G",402,"L","G402L",0.539908279485297
"G",402,"M","G402M",-0.399884885310061
"G",402,"N","G402N",-0.394545379265467
"G",402,"P","G402P",0.280108878379092
"G",402,"Q","G402Q",0.137058027665917
"G",402,"R","G402R",-0.365212892651771
"G",402,"S","G402S",0.039805971662235
"G",402,"T","G402T",-0.0805818866677893
"G",402,"V","G402V",-0.104540531597232
"G",402,"W","G402W",-0.186975060999197
"G",402,"Y","G402Y",-0.307470073137393
"S",403,"A","S403A",0.0980884963347973
"S",403,"C","S403C",0.313313211719001
"S",403,"D","S403D",-0.543958438345427
"S",403,"E","S403E",0.142503264926278
"S",403,"F","S403F",-0.269205660450289
"S",403,"G","S403G",-0.354900202032169
"S",403,"H","S403H",-0.155819492963949
"S",403,"I","S403I",0.00778827607670134
"S",403,"K","S403K",0.898454521770725
"S",403,"L","S403L",0.283364109756409
"S",403,"M","S403M",-0.0696009140447778
"S",403,"N","S403N",-0.148647648309613
"S",403,"P","S403P",-0.473681142779589
"S",403,"Q","S403Q",-0.449912241659682
"S",403,"R","S403R",0.0869127777910907
"S",403,"T","S403T",-0.297642708548936
"S",403,"V","S403V",0.160944995736846
"S",403,"W","S403W",0.179960158099763
"S",403,"Y","S403Y",0.134980955174365
"F",404,"A","F404A",0.332561042855328
"F",404,"C","F404C",0.172294727727026
"F",404,"D","F404D",0.807898650493959
"F",404,"E","F404E",0.382161714182822
"F",404,"G","F404G",0.483672302506357
"F",404,"H","F404H",-0.0253094162465634
"F",404,"I","F404I",0.997848037811261
"F",404,"K","F404K",0.19817866249707
"F",404,"L","F404L",-0.545384717474257
"F",404,"M","F404M",-0.178402423124652
"F",404,"N","F404N",-0.686121665680186
"F",404,"P","F404P",2.18841897064806
"F",404,"Q","F404Q",0.90803181110782
"F",404,"R","F404R",0.938424763376948
"F",404,"S","F404S",0.140715896122447
"F",404,"T","F404T",1.59668342259377
"F",404,"V","F404V",0.397559130555435
"F",404,"W","F404W",-0.0709322880956142
"F",404,"Y","F404Y",-0.429203212739932
"F",405,"A","F405A",-0.890952699617748
"F",405,"C","F405C",-0.160059991801097
"F",405,"D","F405D",2.05144557247398
"F",405,"E","F405E",0.549509184241396
"F",405,"G","F405G",0.900290336585035
"F",405,"H","F405H",-0.164264034623437
"F",405,"I","F405I",-0.49640501777228
"F",405,"K","F405K",0.529986886342588
"F",405,"L","F405L",-0.0331918083355916
"F",405,"M","F405M",-0.13242397561056
"F",405,"N","F405N",1.62881078297198
"F",405,"P","F405P",-0.0635474918348313
"F",405,"Q","F405Q",1.59151422921419
"F",405,"R","F405R",0.791182642721578
"F",405,"S","F405S",1.37841060677453
"F",405,"T","F405T",0.754269271266513
"F",405,"V","F405V",-0.378299532445957
"F",405,"W","F405W",1.65407316223144
"F",405,"Y","F405Y",0.39426854941083
"L",406,"A","L406A",-0.388654921790697
"L",406,"C","L406C",-0.313660834868142
"L",406,"D","L406D",-0.324400748912296
"L",406,"E","L406E",0.0443582166309239
"L",406,"F","L406F",1.82371208896377
"L",406,"G","L406G",-0.774600948521254
"L",406,"H","L406H",1.56750217101466
"L",406,"I","L406I",-0.114581249317318
"L",406,"K","L406K",-0.50976072182926
"L",406,"M","L406M",-0.35821734416018
"L",406,"N","L406N",0.477674666781176
"L",406,"P","L406P",0.639437947359693
"L",406,"Q","L406Q",0.0995349346471712
"L",406,"R","L406R",0.0132222306339134
"L",406,"S","L406S",-0.665056762678184
"L",406,"T","L406T",-0.193789793249913
"L",406,"V","L406V",0.040351340058498
"L",406,"W","L406W",1.53454067398313
"L",406,"Y","L406Y",1.07985628570426
"Y",407,"A","Y407A",-0.124938930435402
"Y",407,"C","Y407C",-0.17496822114703
"Y",407,"D","Y407D",-0.699961898341842
"Y",407,"E","Y407E",0.403202124928817
"Y",407,"F","Y407F",-0.112513986745802
"Y",407,"G","Y407G",-0.432860037023087
"Y",407,"H","Y407H",-0.490636399806753
"Y",407,"I","Y407I",-0.0193171744993857
"Y",407,"K","Y407K",0.0103450952931459
"Y",407,"L","Y407L",-0.0239890105105361
"Y",407,"M","Y407M",-0.42052271438599
"Y",407,"N","Y407N",-0.0303009506205929
"Y",407,"P","Y407P",1.1379941397624
"Y",407,"Q","Y407Q",-0.380003754880931
"Y",407,"R","Y407R",0.746195762342762
"Y",407,"S","Y407S",-0.200281384825607
"Y",407,"T","Y407T",-0.139502355712921
"Y",407,"V","Y407V",-0.661187403986461
"Y",407,"W","Y407W",2.321520833923
"S",408,"A","S408A",0.132440526748763
"S",408,"C","S408C",0.404490357395752
"S",408,"D","S408D",0.454463332695934
"S",408,"E","S408E",-0.208243259447482
"S",408,"F","S408F",1.22389928350071
"S",408,"G","S408G",-0.430632555054993
"S",408,"H","S408H",1.53071828502815
"S",408,"I","S408I",-0.220563414612665
"S",408,"K","S408K",1.42899807024517
"S",408,"L","S408L",-0.137964254617859
"S",408,"M","S408M",0.413940212210756
"S",408,"N","S408N",-0.190874973689917
"S",408,"P","S408P",0.374998036597109
"S",408,"Q","S408Q",0.838078513831408
"S",408,"R","S408R",1.20909640356654
"S",408,"T","S408T",0.249043142715751
"S",408,"V","S408V",-0.64800706592151
"S",408,"W","S408W",-0.20405589192707
"S",408,"Y","S408Y",0.907758408107777
"K",409,"A","K409A",-0.162717619326409
"K",409,"C","K409C",-0.217607492660522
"K",409,"D","K409D",0.031583400074834
"K",409,"E","K409E",-0.0432395096795071
"K",409,"F","K409F",-0.23585988392878
"K",409,"G","K409G",0.652300790962666
"K",409,"H","K409H",0.0903977696434905
"K",409,"I","K409I",0.0558655445416677
"K",409,"L","K409L",-0.186557940172619
"K",409,"M","K409M",-0.780114071441166
"K",409,"N","K409N",1.04343684190585
"K",409,"P","K409P",-0.466756911002044
"K",409,"Q","K409Q",-0.304712775208462
"K",409,"R","K409R",-0.0247321584956213
"K",409,"S","K409S",0.150123603349452
"K",409,"T","K409T",0.425058347002036
"K",409,"V","K409V",-0.809438005888108
"K",409,"W","K409W",0.0408034336548298
"K",409,"Y","K409Y",-0.007718034582266
"L",410,"A","L410A",-0.153371503750331
"L",410,"C","L410C",-0.435466000314867
"L",410,"D","L410D",-0.117338835969767
"L",410,"E","L410E",-0.0738875910948766
"L",410,"F","L410F",0.424371593888269
"L",410,"G","L410G",-0.676407447560699
"L",410,"H","L410H",-0.337463494865208
"L",410,"I","L410I",0.134247536226453
"L",410,"K","L410K",0.204969523849501
"L",410,"M","L410M",-0.0902863478889038
"L",410,"N","L410N",0.420385686332117
"L",410,"P","L410P",0.340683503751054
"L",410,"Q","L410Q",-0.272818024428938
"L",410,"R","L410R",0.0186725484826334
"L",410,"S","L410S",-0.0236787359211458
"L",410,"T","L410T",-1.0036392839724
"L",410,"V","L410V",0.155057879211422
"L",410,"W","L410W",-0.446318407233974
"L",410,"Y","L410Y",-0.342862214036012
"T",411,"A","T411A",0.111666746737041
"T",411,"C","T411C",-0.202954470882675
"T",411,"D","T411D",-0.622393299107156
"T",411,"E","T411E",-0.734587405522511
"T",411,"F","T411F",-0.558123882998432
"T",411,"G","T411G",0.0884424545595791
"T",411,"H","T411H",-0.270585486791571
"T",411,"I","T411I",-0.476382888811597
"T",411,"K","T411K",-0.0335832863935945
"T",411,"L","T411L",-0.091577891972074
"T",411,"M","T411M",-0.285738512184738
"T",411,"N","T411N",-0.49130323468566
"T",411,"P","T411P",-0.423694636955452
"T",411,"Q","T411Q",-1.64943449199163
"T",411,"R","T411R",-0.242128589901022
"T",411,"S","T411S",-0.145713899569085
"T",411,"V","T411V",0.266530175027041
"T",411,"W","T411W",-0.971882663571394
"T",411,"Y","T411Y",-0.49935962297043
"V",412,"A","V412A",0.343753424254985
"V",412,"C","V412C",0.271859942151548
"V",412,"D","V412D",-0.593189632148646
"V",412,"E","V412E",-0.431170622174201
"V",412,"F","V412F",-0.172543617623563
"V",412,"G","V412G",-0.366467518822207
"V",412,"H","V412H",-0.755237559326759
"V",412,"I","V412I",-0.234806077466203
"V",412,"K","V412K",0.160596702129171
"V",412,"L","V412L",-0.270536713379867
"V",412,"M","V412M",0.46698291244649
"V",412,"N","V412N",-0.575456434051967
"V",412,"P","V412P",-0.324608010760933
"V",412,"Q","V412Q",0.315494491735812
"V",412,"R","V412R",-0.912612522191959
"V",412,"S","V412S",0.405088803384726
"V",412,"T","V412T",-0.184244467608178
"V",412,"W","V412W",0.0855403295054079
"V",412,"Y","V412Y",-0.470056312469455
"D",413,"A","D413A",-0.164583416250543
"D",413,"C","D413C",0.650865585648101
"D",413,"E","D413E",-0.642154094156908
"D",413,"F","D413F",-0.247746726081289
"D",413,"G","D413G",-0.386346757192755
"D",413,"H","D413H",-0.0795584056495918
"D",413,"I","D413I",-0.861641037464555
"D",413,"K","D413K",0.155795057867247
"D",413,"L","D413L",0.212614297955785
"D",413,"M","D413M",-0.753242534332022
"D",413,"N","D413N",-0.568243245738086
"D",413,"P","D413P",-0.0108626065112144
"D",413,"Q","D413Q",-0.209045350971743
"D",413,"R","D413R",-0.138172734351905
"D",413,"S","D413S",-0.0616751984564725
"D",413,"T","D413T",-0.176169017700983
"D",413,"V","D413V",0.2013225380525
"D",413,"W","D413W",0.546542558955257
"D",413,"Y","D413Y",0.025787852603922
"K",414,"A","K414A",-0.18149155761918
"K",414,"C","K414C",-0.000961952463416318
"K",414,"D","K414D",-0.421757469062104
"K",414,"E","K414E",-0.338929342579508
"K",414,"F","K414F",-0.3272733945975
"K",414,"G","K414G",-0.271513219499051
"K",414,"H","K414H",-0.36747967825614
"K",414,"I","K414I",0.186911910774069
"K",414,"L","K414L",-0.357415644465899
"K",414,"M","K414M",-0.100473915741918
"K",414,"N","K414N",-0.154302885042156
"K",414,"P","K414P",-0.264409225829274
"K",414,"Q","K414Q",-0.383805250389343
"K",414,"R","K414R",-0.480450759375605
"K",414,"S","K414S",-0.330883610921657
"K",414,"T","K414T",-0.00493422796936796
"K",414,"V","K414V",0.0776490748909745
"K",414,"W","K414W",-0.157640774527884
"K",414,"Y","K414Y",-0.35649018536263
"S",415,"A","S415A",0.044352564133094
"S",415,"C","S415C",0.0131333193009573
"S",415,"D","S415D",-0.276715359462677
"S",415,"E","S415E",-0.358695453115624
"S",415,"F","S415F",-0.206291910003611
"S",415,"G","S415G",-0.62737363670477
"S",415,"H","S415H",-0.469738507692569
"S",415,"I","S415I",0.144495293441845
"S",415,"K","S415K",-0.198032648096709
"S",415,"L","S415L",0.251678870782035
"S",415,"M","S415M",-0.658386727311995
"S",415,"N","S415N",-0.200756684871243
"S",415,"P","S415P",0.742686781055303
"S",415,"Q","S415Q",0.361480628546978
"S",415,"R","S415R",0.0975881235634581
"S",415,"T","S415T",-0.133852074258859
"S",415,"V","S415V",0.0304656927389386
"S",415,"W","S415W",-0.522548591198225
"S",415,"Y","S415Y",-0.0176569056812756
"R",416,"A","R416A",-0.845062515381263
"R",416,"C","R416C",-0.116830905248994
"R",416,"D","R416D",-0.365393970870802
"R",416,"E","R416E",-0.643147211032234
"R",416,"F","R416F",-0.280282823782639
"R",416,"G","R416G",-0.105270897448331
"R",416,"H","R416H",0.141560570301807
"R",416,"I","R416I",-0.261580043527424
"R",416,"K","R416K",0.244342625987889
"R",416,"L","R416L",0.604298521432941
"R",416,"M","R416M",0.00142438664177429
"R",416,"N","R416N",-0.26322651133229
"R",416,"P","R416P",-0.193976312866935
"R",416,"Q","R416Q",-0.0554827038172396
"R",416,"S","R416S",0.12640236814544
"R",416,"T","R416T",-0.265273170977042
"R",416,"V","R416V",-0.535491744980134
"R",416,"W","R416W",0.164567139711363
"R",416,"Y","R416Y",0.0767668324511128
"W",417,"A","W417A",-1.09903536740884
"W",417,"C","W417C",-0.168794582303996
"W",417,"D","W417D",-0.608183298165306
"W",417,"E","W417E",-0.189953541682644
"W",417,"F","W417F",-0.243413517468383
"W",417,"G","W417G",-0.107301627185055
"W",417,"H","W417H",0.244364173711646
"W",417,"I","W417I",0.49956423269607
"W",417,"K","W417K",-0.743467480678819
"W",417,"L","W417L",0.186621846698563
"W",417,"M","W417M",-0.619699089744995
"W",417,"N","W417N",-0.729744891583165
"W",417,"P","W417P",-0.477815978555078
"W",417,"Q","W417Q",0.0460289567422319
"W",417,"R","W417R",-0.400324173974619
"W",417,"S","W417S",0.0371276942426428
"W",417,"T","W417T",-0.365505780336164
"W",417,"V","W417V",-0.406315988315711
"W",417,"Y","W417Y",-0.0281507703031903
"Q",418,"A","Q418A",-0.231270285317794
"Q",418,"C","Q418C",-0.570305448994761
"Q",418,"D","Q418D",-0.121326299644964
"Q",418,"E","Q418E",-0.314199218677576
"Q",418,"F","Q418F",0.223811779484517
"Q",418,"G","Q418G",-0.648065868727908
"Q",418,"H","Q418H",0.099673600951364
"Q",418,"I","Q418I",-1.01743979807907
"Q",418,"K","Q418K",-0.158545611300632
"Q",418,"L","Q418L",0.427102395447104
"Q",418,"M","Q418M",-0.529017975685963
"Q",418,"N","Q418N",0.245304545120259
"Q",418,"P","Q418P",-0.309632603494333
"Q",418,"R","Q418R",0.282362742028349
"Q",418,"S","Q418S",0.28766303444592
"Q",418,"T","Q418T",-0.510040812888006
"Q",418,"V","Q418V",-0.0582103540484536
"Q",418,"W","Q418W",-0.317976079315443
"Q",418,"Y","Q418Y",0.0850357529804713
"Q",419,"A","Q419A",-0.333979547308638
"Q",419,"C","Q419C",0.163870552422805
"Q",419,"D","Q419D",-0.61239901188493
"Q",419,"E","Q419E",-0.282945241170559
"Q",419,"F","Q419F",0.196334181074465
"Q",419,"G","Q419G",-0.427682644574342
"Q",419,"H","Q419H",-0.0689368578727429
"Q",419,"I","Q419I",-0.128166778576745
"Q",419,"K","Q419K",-0.12049832460706
"Q",419,"L","Q419L",0.0203032921388282
"Q",419,"M","Q419M",-0.460389911806793
"Q",419,"N","Q419N",-0.419005463778708
"Q",419,"P","Q419P",-0.113195472635183
"Q",419,"R","Q419R",-0.104796023714902
"Q",419,"S","Q419S",-0.932705461571352
"Q",419,"T","Q419T",-0.0796414172507524
"Q",419,"V","Q419V",-0.0788222420651178
"Q",419,"W","Q419W",-0.0502348285964048
"Q",419,"Y","Q419Y",-0.397826183250515
"G",420,"A","G420A",-0.0529476452617286
"G",420,"C","G420C",-0.102164477512991
"G",420,"D","G420D",-0.225154396255997
"G",420,"E","G420E",-0.0952737092050872
"G",420,"F","G420F",0.206446812317662
"G",420,"H","G420H",-0.670740265002569
"G",420,"I","G420I",-0.139118521221669
"G",420,"K","G420K",0.0694589467060408
"G",420,"L","G420L",-0.330826740255063
"G",420,"M","G420M",-0.0194681156094186
"G",420,"N","G420N",-0.461944809594665
"G",420,"P","G420P",-0.0547232787279145
"G",420,"Q","G420Q",-0.262628642069046
"G",420,"R","G420R",-0.409755237000372
"G",420,"S","G420S",-0.517525420165829
"G",420,"T","G420T",-0.471928768931036
"G",420,"V","G420V",-0.241873564095038
"G",420,"W","G420W",-0.14935557983803
"G",420,"Y","G420Y",-0.971911813241549
"N",421,"A","N421A",-0.0911939873042568
"N",421,"C","N421C",0.248843011172602
"N",421,"D","N421D",-0.691997808719001
"N",421,"E","N421E",-0.233076283555371
"N",421,"F","N421F",0.199688568965122
"N",421,"G","N421G",-0.479638434867678
"N",421,"H","N421H",-0.0914270155220268
"N",421,"I","N421I",-0.876425590919276
"N",421,"K","N421K",-0.105918520691099
"N",421,"L","N421L",-0.494220264760883
"N",421,"M","N421M",-0.320214353322689
"N",421,"P","N421P",0.0415713844891996
"N",421,"Q","N421Q",0.0119943130126968
"N",421,"R","N421R",0.0355006549534824
"N",421,"S","N421S",0.353351936628066
"N",421,"T","N421T",0.178843300349463
"N",421,"V","N421V",-0.00811240602208893
"N",421,"W","N421W",-0.128058431636523
"N",421,"Y","N421Y",-0.530130816365517
"V",422,"A","V422A",-0.157250606916513
"V",422,"C","V422C",-0.476296173414948
"V",422,"D","V422D",-0.131385681477662
"V",422,"E","V422E",-0.169575475603017
"V",422,"F","V422F",-0.348109410022212
"V",422,"G","V422G",-0.40581622373571
"V",422,"H","V422H",-0.198561213127908
"V",422,"I","V422I",0.0425535469391668
"V",422,"K","V422K",0.0424826431062301
"V",422,"L","V422L",-0.247708963769967
"V",422,"M","V422M",-0.222652344288504
"V",422,"N","V422N",-2.26076598354887
"V",422,"P","V422P",-0.841027042206437
"V",422,"Q","V422Q",0.498174954336159
"V",422,"R","V422R",-0.00423640001176163
"V",422,"S","V422S",0.334623361409574
"V",422,"T","V422T",0.0105689970064312
"V",422,"W","V422W",-0.289770876934571
"V",422,"Y","V422Y",0.0024004067637404
"F",423,"A","F423A",-0.271074915019599
"F",423,"C","F423C",0.325406664487158
"F",423,"D","F423D",-0.849511569895172
"F",423,"E","F423E",0.0262999286418471
"F",423,"G","F423G",-0.333553696791544
"F",423,"H","F423H",-1.32158166556498
"F",423,"I","F423I",-0.482899916661362
"F",423,"K","F423K",-0.910741225447624
"F",423,"L","F423L",-0.183443531896036
"F",423,"M","F423M",-0.146617468688481
"F",423,"N","F423N",-0.578595851344906
"F",423,"P","F423P",-0.371147463030238
"F",423,"Q","F423Q",-0.0865132289007688
"F",423,"R","F423R",0.188506590669219
"F",423,"S","F423S",-0.200022553998301
"F",423,"T","F423T",-0.536112077644209
"F",423,"V","F423V",-0.169703023318355
"F",423,"W","F423W",-0.524033036251383
"F",423,"Y","F423Y",0.0465014861988366
"S",424,"A","S424A",-0.60021798518865
"S",424,"C","S424C",0.716309806471173
"S",424,"D","S424D",-1.01608693338214
"S",424,"E","S424E",0.174533978482754
"S",424,"F","S424F",-0.122868472248924
"S",424,"G","S424G",-0.572952932776831
"S",424,"H","S424H",-0.284660017950528
"S",424,"I","S424I",-0.166485330385763
"S",424,"K","S424K",-0.430100443046132
"S",424,"L","S424L",-0.834307315270922
"S",424,"M","S424M",-0.391101265244568
"S",424,"N","S424N",-0.702663813347768
"S",424,"P","S424P",0.140072608852304
"S",424,"Q","S424Q",0.116570169271979
"S",424,"R","S424R",-0.804060063419957
"S",424,"T","S424T",0.135053518997944
"S",424,"V","S424V",-0.663587868393245
"S",424,"W","S424W",-0.826117597702642
"S",424,"Y","S424Y",-0.824388393507909
"C",425,"A","C425A",-0.216047978735019
"C",425,"D","C425D",0.561380397301269
"C",425,"E","C425E",1.21308146607319
"C",425,"F","C425F",-0.156832065669086
"C",425,"G","C425G",-0.983491594224825
"C",425,"H","C425H",-0.66850705542016
"C",425,"I","C425I",-0.394682019960122
"C",425,"K","C425K",0.762189814893923
"C",425,"L","C425L",-0.357370100682102
"C",425,"M","C425M",-0.331769524232148
"C",425,"N","C425N",-0.210416053515957
"C",425,"P","C425P",-0.172661506609932
"C",425,"Q","C425Q",0.0646339133665254
"C",425,"R","C425R",0.807840388596425
"C",425,"S","C425S",-0.232067461221028
"C",425,"T","C425T",0.407448863003642
"C",425,"V","C425V",-0.660581493911132
"C",425,"W","C425W",0.194709650477873
"C",425,"Y","C425Y",-0.785198990646765
"S",426,"A","S426A",-0.190890734203344
"S",426,"C","S426C",-0.139320588485816
"S",426,"D","S426D",-0.528128628589368
"S",426,"E","S426E",-0.0113357458140425
"S",426,"F","S426F",-0.449661398301587
"S",426,"G","S426G",-0.314571373738409
"S",426,"H","S426H",-0.102321454378112
"S",426,"I","S426I",-0.156024340601924
"S",426,"K","S426K",-0.342187009258311
"S",426,"L","S426L",0.195716624359779
"S",426,"M","S426M",-1.86390250396449
"S",426,"N","S426N",-0.477275197640834
"S",426,"P","S426P",-0.344917403761448
"S",426,"Q","S426Q",0.0308982206223162
"S",426,"R","S426R",-0.337084580105481
"S",426,"T","S426T",-0.298659369282684
"S",426,"V","S426V",-0.0853542719635826
"S",426,"W","S426W",0.368404719950408
"S",426,"Y","S426Y",-0.037580272504566
"V",427,"A","V427A",-0.443027426868239
"V",427,"C","V427C",0.0831754438634811
"V",427,"D","V427D",-0.323858724824433
"V",427,"E","V427E",-0.215366993152345
"V",427,"F","V427F",-0.835353876360573
"V",427,"G","V427G",-0.228443256429537
"V",427,"H","V427H",0.463179877775049
"V",427,"I","V427I",-0.375811794670738
"V",427,"K","V427K",-0.359485433897065
"V",427,"L","V427L",-0.0928269212014602
"V",427,"M","V427M",-0.141136160288958
"V",427,"N","V427N",0.257406199252955
"V",427,"P","V427P",0.373029696390816
"V",427,"Q","V427Q",-0.095673720813183
"V",427,"R","V427R",0.326042649066968
"V",427,"S","V427S",-0.137840362873854
"V",427,"T","V427T",0.371215498592456
"V",427,"W","V427W",-0.470908831365701
"V",427,"Y","V427Y",-0.625458326094927
"M",428,"A","M428A",0.205365430019278
"M",428,"C","M428C",0.521988116876281
"M",428,"D","M428D",-0.251676374047436
"M",428,"E","M428E",0.196387380897385
"M",428,"F","M428F",-0.431174910128247
"M",428,"G","M428G",-0.294991385847815
"M",428,"H","M428H",-0.347034690173206
"M",428,"I","M428I",0.297532788182433
"M",428,"K","M428K",-0.00436967495903061
"M",428,"L","M428L",-0.358065933496069
"M",428,"N","M428N",0.0675077089531833
"M",428,"P","M428P",0.494042170241908
"M",428,"Q","M428Q",-0.349818863036862
"M",428,"R","M428R",-0.37388152714674
"M",428,"S","M428S",-0.151541826966311
"M",428,"T","M428T",0.455173042316503
"M",428,"V","M428V",0.69294677602811
"M",428,"W","M428W",-0.57505369597277
"M",428,"Y","M428Y",0.309274023319516
"H",429,"A","H429A",0.45747736107416
"H",429,"C","H429C",0.446971839848008
"H",429,"D","H429D",-0.256421292750589
"H",429,"E","H429E",-1.34398340838456
"H",429,"F","H429F",0.779838732200592
"H",429,"G","H429G",0.394113717616993
"H",429,"I","H429I",1.24996503222989
"H",429,"K","H429K",0.252447502649388
"H",429,"L","H429L",0.900338701714302
"H",429,"M","H429M",0.415511466767333
"H",429,"N","H429N",-0.378099387082231
"H",429,"P","H429P",1.35189131798231
"H",429,"Q","H429Q",-0.211046619867959
"H",429,"R","H429R",0.431104340456721
"H",429,"S","H429S",0.234215556773148
"H",429,"T","H429T",-0.488974281305906
"H",429,"V","H429V",-0.0472607782240321
"H",429,"W","H429W",0.648824135101323
"H",429,"Y","H429Y",0.0342250192599104
"E",430,"A","E430A",0.255945138387935
"E",430,"C","E430C",-1.02209499713105
"E",430,"D","E430D",-0.113272085322683
"E",430,"F","E430F",0.0218220892992784
"E",430,"G","E430G",-0.306723513127978
"E",430,"H","E430H",0.369441470501836
"E",430,"I","E430I",0.204576968064676
"E",430,"K","E430K",-0.29378623309527
"E",430,"L","E430L",0.885762845884758
"E",430,"M","E430M",-0.670975121377934
"E",430,"N","E430N",-0.12500749294218
"E",430,"P","E430P",-0.117821967922037
"E",430,"Q","E430Q",-0.384897219355197
"E",430,"R","E430R",0.887475892992366
"E",430,"S","E430S",-1.55109432841498
"E",430,"T","E430T",0.900153680134427
"E",430,"V","E430V",0.418639808693755
"E",430,"W","E430W",0.163965870553747
"E",430,"Y","E430Y",0.230154439656859
"L",432,"A","L432A",-0.420459879209378
"L",432,"C","L432C",-0.542178738506961
"L",432,"D","L432D",0.28495054134703
"L",432,"E","L432E",-0.383551174666527
"L",432,"F","L432F",0.782493018434181
"L",432,"G","L432G",-0.299460279988663
"L",432,"H","L432H",0.47000849179256
"L",432,"I","L432I",-0.154126518527176
"L",432,"K","L432K",0.266843810784315
"L",432,"M","L432M",-0.158773638306949
"L",432,"N","L432N",-0.340107288807045
"L",432,"P","L432P",-0.113913919174591
"L",432,"Q","L432Q",0.271358464391893
"L",432,"R","L432R",0.0285639855915266
"L",432,"S","L432S",0.105857021780749
"L",432,"T","L432T",-0.306244319448522
"L",432,"V","L432V",-0.037284730108596
"L",432,"W","L432W",-0.120631153457672
"L",432,"Y","L432Y",0.354920198785896
"H",433,"A","H433A",0.299757135206002
"H",433,"C","H433C",-1.2750924828496
"H",433,"D","H433D",-0.278152019443003
"H",433,"E","H433E",-0.107335526750044
"H",433,"F","H433F",0.573430412353727
"H",433,"G","H433G",0.00891256242705821
"H",433,"I","H433I",-0.183517444157724
"H",433,"K","H433K",-0.709074106542323
"H",433,"L","H433L",0.145180975236829
"H",433,"M","H433M",0.468754571500697
"H",433,"N","H433N",-0.737536815895815
"H",433,"P","H433P",-0.714756351715217
"H",433,"Q","H433Q",-0.024095771337185
"H",433,"R","H433R",0.171021029215975
"H",433,"S","H433S",-0.314403650624779
"H",433,"T","H433T",0.00182361553337883
"H",433,"V","H433V",-0.22609068721432
"H",433,"W","H433W",-0.488192191714608
"H",433,"Y","H433Y",0.313891044924055
"N",434,"A","N434A",-0.309619804750713
"N",434,"C","N434C",-0.259610448068883
"N",434,"D","N434D",-1.28312641106773
"N",434,"E","N434E",-1.49056195648549
"N",434,"F","N434F",-0.562563478889527
"N",434,"G","N434G",-0.336672627757302
"N",434,"H","N434H",-0.327202577624253
"N",434,"I","N434I",0.154304766060132
"N",434,"K","N434K",-0.172205306314415
"N",434,"L","N434L",0.0670179964249815
"N",434,"P","N434P",0.407346074428955
"N",434,"Q","N434Q",-0.38312226016707
"N",434,"R","N434R",-0.0619803314303824
"N",434,"S","N434S",-0.696942123855763
"N",434,"T","N434T",0.0834899954526463
"N",434,"W","N434W",0.030207701434289
"N",434,"Y","N434Y",-0.818774658770837
"H",435,"A","H435A",-0.42107886744707
"H",435,"C","H435C",-0.00826407307240755
"H",435,"D","H435D",0.0974051725754344
"H",435,"E","H435E",-0.223950330173172
"H",435,"F","H435F",0.213354982384313
"H",435,"G","H435G",-0.214026040093004
"H",435,"I","H435I",-0.962482406429957
"H",435,"K","H435K",0.212070428839518
"H",435,"L","H435L",-0.561054628856907
"H",435,"M","H435M",0.190485171961878
"H",435,"N","H435N",-0.839255449122157
"H",435,"P","H435P",-0.157416275598975
"H",435,"Q","H435Q",0.1444137683783
"H",435,"R","H435R",-0.948032475156994
"H",435,"S","H435S",0.179052682848992
"H",435,"T","H435T",-0.402206426908515
"H",435,"V","H435V",-0.477606907607054
"H",435,"W","H435W",0.545459330355851
"H",435,"Y","H435Y",0.00244495496510623
"Y",436,"A","Y436A",-0.036238300487128
"Y",436,"C","Y436C",-0.0511068824168154
"Y",436,"D","Y436D",-0.447586881566045
"Y",436,"E","Y436E",-0.401255283019828
"Y",436,"F","Y436F",-0.100068916334704
"Y",436,"G","Y436G",0.208457683372857
"Y",436,"H","Y436H",0.150904288868073
"Y",436,"I","Y436I",-0.223376138811304
"Y",436,"K","Y436K",-0.703067319292614
"Y",436,"L","Y436L",-0.590921337907576
"Y",436,"M","Y436M",-1.07615285418202
"Y",436,"N","Y436N",-0.30071619824345
"Y",436,"P","Y436P",-0.0348062236563155
"Y",436,"Q","Y436Q",-0.613661054976593
"Y",436,"R","Y436R",-0.546145720354145
"Y",436,"S","Y436S",-0.0611196520502759
"Y",436,"T","Y436T",-0.378178360206156
"Y",436,"V","Y436V",-0.175535409505022
"Y",436,"W","Y436W",-0.92327214056642
"T",437,"A","T437A",0.227342319648947
"T",437,"C","T437C",0.0236672309021666
"T",437,"D","T437D",-0.491200676094174
"T",437,"E","T437E",-1.07896884810444
"T",437,"F","T437F",-0.431510926140041
"T",437,"G","T437G",0.192481604529184
"T",437,"H","T437H",0.00277676218192381
"T",437,"I","T437I",0.194132376532346
"T",437,"K","T437K",0.302310813888039
"T",437,"L","T437L",-0.477907933441345
"T",437,"M","T437M",-0.536363386957776
"T",437,"N","T437N",0.98090527690747
"T",437,"P","T437P",0.326023066078903
"T",437,"Q","T437Q",-0.429434300831917
"T",437,"R","T437R",0.0256829789931954
"T",437,"S","T437S",-0.319070866270519
"T",437,"V","T437V",-1.26280458789309
"T",437,"W","T437W",-0.413276209643582
"T",437,"Y","T437Y",-0.276140799334244
"Q",438,"A","Q438A",-1.00358905705893
"Q",438,"C","Q438C",-0.0294093387629687
"Q",438,"D","Q438D",-0.0692442576302298
"Q",438,"E","Q438E",-0.966952171425741
"Q",438,"F","Q438F",-0.0859475028856282
"Q",438,"G","Q438G",0.26646389869245
"Q",438,"H","Q438H",0.344170139551826
"Q",438,"I","Q438I",-0.486082152139295
"Q",438,"K","Q438K",-0.483407135151227
"Q",438,"L","Q438L",0.680711049068134
"Q",438,"M","Q438M",0.223800088088676
"Q",438,"N","Q438N",-0.866296765317128
"Q",438,"P","Q438P",-0.17868844036684
"Q",438,"R","Q438R",-0.443033416587715
"Q",438,"S","Q438S",-0.367681794088482
"Q",438,"T","Q438T",-0.653572336255097
"Q",438,"V","Q438V",-0.547080906136982
"Q",438,"W","Q438W",-0.0674137937476749
"Q",438,"Y","Q438Y",-0.556126181650001
"K",439,"A","K439A",-0.441445941387259
"K",439,"C","K439C",-0.199862751363446
"K",439,"D","K439D",-0.393718078289586
"K",439,"E","K439E",-0.121229874524084
"K",439,"F","K439F",-0.285119552188237
"K",439,"G","K439G",-0.346732638792383
"K",439,"H","K439H",-0.0140863744764002
"K",439,"I","K439I",-0.563791580808117
"K",439,"L","K439L",-0.217253431634802
"K",439,"M","K439M",-0.797709810430288
"K",439,"N","K439N",0.517539357876372
"K",439,"P","K439P",0.371912636242075
"K",439,"Q","K439Q",-0.286202810426883
"K",439,"R","K439R",-0.213035431945558
"K",439,"S","K439S",0.585685090881448
"K",439,"T","K439T",-0.50274279392647
"K",439,"V","K439V",-0.18170853481998
"K",439,"W","K439W",-0.181201151710244
"K",439,"Y","K439Y",-0.233652904392288
"S",440,"A","S440A",-0.404383410017508
"S",440,"C","S440C",0.0635264281016948
"S",440,"D","S440D",0.0578702696123196
"S",440,"E","S440E",0.414288165194211
"S",440,"F","S440F",-0.102880210927814
"S",440,"G","S440G",0.486245916898574
"S",440,"H","S440H",-0.188142530294209
"S",440,"I","S440I",-0.141485807836641
"S",440,"K","S440K",-0.455679347481942
"S",440,"L","S440L",0.0920238454191292
"S",440,"M","S440M",-0.200294360107017
"S",440,"N","S440N",0.616612991235908
"S",440,"P","S440P",-0.0525632788293716
"S",440,"Q","S440Q",-1.27624389190584
"S",440,"R","S440R",0.105496035915975
"S",440,"T","S440T",0.0405652222325863
"S",440,"V","S440V",0.3929950541456
"S",440,"W","S440W",-0.66135071266263
"S",440,"Y","S440Y",-0.402459537267075
"L",441,"A","L441A",-1.39097989389462
"L",441,"C","L441C",-0.468162772210531
"L",441,"D","L441D",-0.206052910699532
"L",441,"E","L441E",-0.245347472532639
"L",441,"F","L441F",-0.138474218383213
"L",441,"G","L441G",0.121767985927309
"L",441,"H","L441H",-0.92966301601607
"L",441,"I","L441I",0.256631107753777
"L",441,"K","L441K",0.261346113714479
"L",441,"M","L441M",-0.161980062932078
"L",441,"N","L441N",-0.109229316280474
"L",441,"P","L441P",-0.596188241836816
"L",441,"Q","L441Q",0.269241570125817
"L",441,"R","L441R",0.257409134512663
"L",441,"S","L441S",-0.206403910099875
"L",441,"T","L441T",-0.790315103400122
"L",441,"V","L441V",-0.0366455374176521
"L",441,"W","L441W",-0.198774223689953
"L",441,"Y","L441Y",-0.265278260870805
"S",442,"A","S442A",-1.72174247880149
"S",442,"C","S442C",1.07061164999324
"S",442,"D","S442D",-0.164119727386369
"S",442,"E","S442E",0.67176413698611
"S",442,"F","S442F",0.193541400733883
"S",442,"G","S442G",-0.723760033024025
"S",442,"H","S442H",-1.15080534734908
"S",442,"I","S442I",0.0681111141759647
"S",442,"K","S442K",-0.775467852255938
"S",442,"L","S442L",-0.0956331530348672
"S",442,"M","S442M",-0.0254211052528482
"S",442,"N","S442N",-0.446469840040995
"S",442,"P","S442P",-1.37826956546288
"S",442,"Q","S442Q",-0.529043138593703
"S",442,"R","S442R",0.0292515603466286
"S",442,"T","S442T",-0.00645416174162336
"S",442,"V","S442V",-0.685136654123754
"S",442,"W","S442W",-0.293060698080402
"S",442,"Y","S442Y",-0.015227480768499
"L",443,"A","L443A",0.0814578109353927
"L",443,"C","L443C",-0.873216124010563
"L",443,"D","L443D",-0.694055720129066
"L",443,"E","L443E",-0.592037570066054
"L",443,"F","L443F",-0.435248841673646
"L",443,"G","L443G",-0.828917825577704
"L",443,"H","L443H",0.391535061547595
"L",443,"I","L443I",-0.840217575617582
"L",443,"K","L443K",-0.0877040059535566
"L",443,"M","L443M",-0.133319475129947
"L",443,"N","L443N",0.124173471022594
"L",443,"P","L443P",0.386282644099001
"L",443,"Q","L443Q",-0.361744207973819
"L",443,"R","L443R",0.0859242246694253
"L",443,"S","L443S",0.398991564478103
"L",443,"T","L443T",0.187846845174136
"L",443,"V","L443V",-0.592114740169381
"L",443,"W","L443W",-0.225103269539667
"L",443,"Y","L443Y",0.128668509366489
"S",444,"A","S444A",-0.0287229215051649
"S",444,"C","S444C",-0.205706963182902
"S",444,"D","S444D",-0.701262931619676
"S",444,"E","S444E",-0.0989780096042367
"S",444,"F","S444F",-0.486295175277098
"S",444,"G","S444G",-0.370078453281637
"S",444,"H","S444H",-0.0643874468259385
"S",444,"I","S444I",0.0141193714059944
"S",444,"K","S444K",-0.328584092766983
"S",444,"L","S444L",-0.515074608237226
"S",444,"M","S444M",-0.0649028265766784
"S",444,"N","S444N",0.0617630320410884
"S",444,"P","S444P",-0.140222829789766
"S",444,"Q","S444Q",-0.102471226391002
"S",444,"R","S444R",0.0629793158293559
"S",444,"T","S444T",0.0601902128995359
"S",444,"V","S444V",-0.11066102644622
"S",444,"W","S444W",0.196669206672038
"S",444,"Y","S444Y",-0.48029881869691
"P",445,"A","P445A",-0.172727163311458
"P",445,"C","P445C",0.647115317106182
"P",445,"D","P445D",-0.294383382971607
"P",445,"E","P445E",-0.126153745376198
"P",445,"F","P445F",0.528292437275178
"P",445,"G","P445G",-6.94152626465148e-05
"P",445,"H","P445H",0.403288294171201
"P",445,"I","P445I",0.00510887070388517
"P",445,"K","P445K",-0.245995350918034
"P",445,"L","P445L",0.131734183579409
"P",445,"M","P445M",0.20473662156928
"P",445,"N","P445N",-0.786090069725007
"P",445,"Q","P445Q",-0.132997395608411
"P",445,"R","P445R",0.345244405867003
"P",445,"S","P445S",-0.755885109796981
"P",445,"V","P445V",-0.0486083315530688
"P",445,"W","P445W",-0.274999097679647
"P",445,"Y","P445Y",-0.14918627016953
"G",446,"A","G446A",0.20610060408594
"G",446,"C","G446C",0.206194669168631
"G",446,"D","G446D",0.205496032434163
"G",446,"E","G446E",-0.345052492271375
"G",446,"F","G446F",0.137961896962822
"G",446,"H","G446H",-0.517887971193878
"G",446,"I","G446I",0.251211546927722
"G",446,"K","G446K",-0.63825871250073
"G",446,"L","G446L",0.649403825095114
"G",446,"M","G446M",-0.690382343443415
"G",446,"N","G446N",0.36627947876001
"G",446,"P","G446P",0.324156600985384
"G",446,"Q","G446Q",-0.762677850305741
"G",446,"R","G446R",-0.147483472039747
"G",446,"S","G446S",-0.116391557642846
"G",446,"T","G446T",-0.560163312131962
"G",446,"V","G446V",-1.5660353576431
"G",446,"W","G446W",0.0305400911169813
"G",446,"Y","G446Y",0.454332911117465
"K",447,"A","K447A",-0.35393868952714
"K",447,"C","K447C",-0.0765352647539252
"K",447,"D","K447D",-0.20842879640754
"K",447,"E","K447E",-0.306579778197247
"K",447,"F","K447F",-0.0382168750483494
"K",447,"G","K447G",-0.188337430105743
"K",447,"H","K447H",-0.00839290343061495
"K",447,"I","K447I",-0.324491079161191
"K",447,"L","K447L",0.342508290566002
"K",447,"M","K447M",0.147979724565006
"K",447,"N","K447N",0.341170789995167
"K",447,"P","K447P",-0.397649479333174
"K",447,"Q","K447Q",-0.07748209170405
"K",447,"R","K447R",-0.213207132717545
"K",447,"S","K447S",-0.528446202415844
"K",447,"T","K447T",-0.41054907769648
"K",447,"V","K447V",-0.258257660619553
"K",447,"W","K447W",-0.272154284062197
"K",447,"Y","K447Y",-0.165502130389453
